snapshot,NL,BE,DE
2013-01-01 00:00:00,3.420177569100561e-07,1.3325984345395701e-06,7.881388120025822e-07
2013-01-01 01:00:00,3.6277160149602164e-07,1.3510327058582701e-06,7.980125043793334e-07
2013-01-01 02:00:00,3.789762437777577e-07,1.3055281995275342e-06,8.422932338529443e-07
2013-01-01 03:00:00,3.9482842666826675e-07,1.1355988677201288e-06,8.688158654047664e-07
2013-01-01 04:00:00,4.7239937705025016e-07,1.206236149295624e-06,9.050619424024374e-07
2013-01-01 05:00:00,5.228824724828445e-07,1.2385837639860378e-06,9.459296860408719e-07
2013-01-01 06:00:00,5.56527427139046e-07,1.3083698775503964e-06,9.836899508871772e-07
2013-01-01 07:00:00,5.4231868048432e-07,1.271328042031957e-06,1.0636122756828206e-06
2013-01-01 08:00:00,5.321037444300911e-07,1.1978555969768177e-06,9.85849706957446e-07
2013-01-01 09:00:00,4.851764165813302e-07,8.770194440057349e-07,8.609490898554339e-07
2013-01-01 10:00:00,4.950895697100927e-07,8.447111428323673e-07,8.502355195082055e-07
2013-01-01 11:00:00,4.7323076908779554e-07,7.440581630343658e-07,8.942462956668488e-07
2013-01-01 12:00:00,4.349646350782982e-07,7.115628725433687e-07,9.9508252784397e-07
2013-01-01 13:00:00,4.257027214520232e-07,6.941066215803212e-07,1.2249350841278824e-06
2013-01-01 14:00:00,5.036421579986118e-07,8.038166020415551e-07,1.2427215708516206e-06
2013-01-01 15:00:00,4.496683305979709e-07,1.6432764720487126e-06,1.5300711453689172e-06
2013-01-01 16:00:00,4.3238551220317726e-07,1.7175782093141947e-06,1.6276402079844337e-06
2013-01-01 17:00:00,4.3048407815361413e-07,1.668135946250806e-06,1.6195150126659015e-06
2013-01-01 18:00:00,4.3389889622040057e-07,1.6939451254093307e-06,1.5730325817208406e-06
2013-01-01 19:00:00,4.423081760052693e-07,1.761846188240054e-06,1.5458678251995141e-06
2013-01-01 20:00:00,4.542055191831278e-07,1.827710973939715e-06,1.581531027168883e-06
2013-01-01 21:00:00,4.6604901535352397e-07,1.9639097947873642e-06,1.5108814588129169e-06
2013-01-01 22:00:00,4.7377425996401575e-07,2.1073834222899654e-06,1.4245012731440506e-06
2013-01-01 23:00:00,4.830430499745148e-07,2.2412079925671313e-06,1.436471584043947e-06
2013-01-02 00:00:00,4.923397679290105e-07,2.225031608448878e-06,1.4359217839953974e-06
2013-01-02 01:00:00,4.931682106580394e-07,2.2658206186654795e-06,1.4206075475022926e-06
2013-01-02 02:00:00,4.91451774534702e-07,2.2202808361520904e-06,1.4458605824732176e-06
2013-01-02 03:00:00,4.805297402862326e-07,2.029636811997325e-06,1.6741825630197155e-06
2013-01-02 04:00:00,4.804832209366129e-07,1.9728718387890886e-06,1.6694833449528155e-06
2013-01-02 05:00:00,4.6002396513242984e-07,1.7807030888560917e-06,1.6170259315886425e-06
2013-01-02 06:00:00,4.565687154263316e-07,1.7444685041745827e-06,1.6236309278487821e-06
2013-01-02 07:00:00,4.438772271917311e-07,1.7019549047306609e-06,1.6572679794248501e-06
2013-01-02 08:00:00,4.7678339801963973e-07,1.7839276131858999e-06,1.5079775071418431e-06
2013-01-02 09:00:00,5.274012983896836e-07,2.0465643482856444e-06,1.3248708706692505e-06
2013-01-02 10:00:00,5.302591638002227e-07,1.535209340479834e-06,1.0800069186108555e-06
2013-01-02 11:00:00,5.617666209299215e-07,1.5420965854591704e-06,1.0682104718187073e-06
2013-01-02 12:00:00,5.366229521237588e-07,1.7641706249172345e-06,1.2699923011521602e-06
2013-01-02 13:00:00,5.06774315555365e-07,1.884185505676662e-06,1.3897369164128092e-06
2013-01-02 14:00:00,4.775172264635978e-07,1.6909776360203055e-06,1.6614550789918182e-06
2013-01-02 15:00:00,4.7063273613677846e-07,1.5913826708939445e-06,1.748219979185384e-06
2013-01-02 16:00:00,4.3662630446126127e-07,1.6598709484606763e-06,1.7483129332682685e-06
2013-01-02 17:00:00,4.358256705342114e-07,1.696190456685589e-06,1.726533803636229e-06
2013-01-02 18:00:00,4.395094759311556e-07,1.8353085762535513e-06,1.6813233168977063e-06
2013-01-02 19:00:00,4.504601051239999e-07,1.973618519486284e-06,1.65893231699917e-06
2013-01-02 20:00:00,4.698702947862352e-07,1.92780631162942e-06,1.6190986315290791e-06
2013-01-02 21:00:00,4.7364389200779893e-07,1.3274804534789807e-06,1.6305684085355115e-06
2013-01-02 22:00:00,4.2902716518635674e-07,1.1933226728807738e-06,1.2484663385787264e-06
2013-01-02 23:00:00,4.288028876776576e-07,1.2074684344663212e-06,1.1765683892420783e-06
2013-01-03 00:00:00,4.292554925069128e-07,1.2169942173215098e-06,1.1151680853859193e-06
2013-01-03 01:00:00,4.3008668942656136e-07,1.222318851532719e-06,1.065183636398299e-06
2013-01-03 02:00:00,4.32293171854644e-07,1.2181714454422004e-06,1.0613503205777064e-06
2013-01-03 03:00:00,4.3475979069458305e-07,1.2106464559684373e-06,1.0828040784206448e-06
2013-01-03 04:00:00,4.396392891894131e-07,1.2172399307033916e-06,1.1570679591441413e-06
2013-01-03 05:00:00,4.4155979028758333e-07,1.2253876249229772e-06,1.121847046314104e-06
2013-01-03 06:00:00,4.416300458063613e-07,1.237754895855736e-06,1.1004796135797423e-06
2013-01-03 07:00:00,4.4434849352332614e-07,1.265427110023008e-06,1.0876231307137862e-06
2013-01-03 08:00:00,4.52323004398952e-07,1.3601518650594286e-06,9.098565710865339e-07
2013-01-03 09:00:00,4.3203981110762655e-07,1.1765771926044177e-06,9.054612957411167e-07
2013-01-03 10:00:00,4.3573517342552153e-07,2.133359134553535e-06,1.024569598900947e-06
2013-01-03 11:00:00,4.3318461645572165e-07,1.927911836625181e-06,1.022380439798102e-06
2013-01-03 12:00:00,4.347238676527417e-07,1.6182651204240826e-06,1.0263032556549166e-06
2013-01-03 13:00:00,4.416963679015499e-07,1.9872804833996806e-06,1.028587681152937e-06
2013-01-03 14:00:00,4.478968989674974e-07,1.9028675355752568e-06,1.0886541011208048e-06
2013-01-03 15:00:00,4.542587130890389e-07,1.6408496604837295e-06,1.0907414080120379e-06
2013-01-03 16:00:00,4.7183532718978447e-07,1.6080825532939217e-06,1.0845468470388226e-06
2013-01-03 17:00:00,4.941875567493336e-07,1.6513420167559074e-06,1.1210707295064803e-06
2013-01-03 18:00:00,5.120279209157044e-07,1.6949739720477234e-06,1.152942221773909e-06
2013-01-03 19:00:00,5.22632537799592e-07,1.7901666191458565e-06,1.1867492104637978e-06
2013-01-03 20:00:00,5.372585506478459e-07,1.9242295916556666e-06,1.1970363872069883e-06
2013-01-03 21:00:00,5.398706438724171e-07,2.117568314928891e-06,1.187498570336868e-06
2013-01-03 22:00:00,5.396732768867175e-07,2.2729074749869968e-06,1.1980215018917954e-06
2013-01-03 23:00:00,5.338423903670538e-07,2.379470025884355e-06,1.1828770692724366e-06
2013-01-04 00:00:00,5.382067969092965e-07,2.4279737831591517e-06,1.1598558615521496e-06
2013-01-04 01:00:00,5.315243277763849e-07,2.4676603335618383e-06,1.1726360118875193e-06
2013-01-04 02:00:00,5.088030213104927e-07,2.4475807431003452e-06,1.207860394394889e-06
2013-01-04 03:00:00,4.965210055823209e-07,2.2735601047377516e-06,1.2092291058221022e-06
2013-01-04 04:00:00,5.089888093210711e-07,1.9891771869277187e-06,1.24228798875177e-06
2013-01-04 05:00:00,4.968235403636943e-07,1.8425987638764557e-06,1.203110661212289e-06
2013-01-04 06:00:00,4.838645294314462e-07,1.8962150149399082e-06,1.1667207819280816e-06
2013-01-04 07:00:00,4.837679656526101e-07,1.829320522804955e-06,1.14908036272998e-06
2013-01-04 08:00:00,4.855720450712701e-07,1.8352381008469014e-06,1.098373642716215e-06
2013-01-04 09:00:00,4.877758782181785e-07,1.929182301768962e-06,1.0661101808078337e-06
2013-01-04 10:00:00,4.938370574897809e-07,1.946339886926245e-06,1.1047691864387785e-06
2013-01-04 11:00:00,4.839600262763881e-07,1.934006138578227e-06,1.0263329553250546e-06
2013-01-04 12:00:00,4.822965702917162e-07,1.8960366249587695e-06,9.871318548554687e-07
2013-01-04 13:00:00,4.831727366212032e-07,1.8690423350602301e-06,9.645383436124547e-07
2013-01-04 14:00:00,4.817060313119815e-07,1.9687385856185077e-06,9.79624249292105e-07
2013-01-04 15:00:00,5.037220274255133e-07,1.924416296548561e-06,9.92707665035535e-07
2013-01-04 16:00:00,4.980726760609065e-07,1.8954665663665323e-06,9.728877094794236e-07
2013-01-04 17:00:00,4.898826535704765e-07,1.9101614831482253e-06,9.661610688101105e-07
2013-01-04 18:00:00,4.915622594993818e-07,1.9705976639634817e-06,9.78008827338165e-07
2013-01-04 19:00:00,5.001872964255236e-07,2.08253592687888e-06,9.835396886092786e-07
2013-01-04 20:00:00,5.178313052456546e-07,2.261557451541705e-06,9.94441282521523e-07
2013-01-04 21:00:00,5.31157445511124e-07,2.4749302024553745e-06,1.0096945997773821e-06
2013-01-04 22:00:00,5.826339056903617e-07,4.215470113403568e-06,1.1128655732620332e-06
2013-01-04 23:00:00,6.308917941539201e-07,3.506153986579071e-06,1.091153385417829e-06
2013-01-05 00:00:00,6.475759532727452e-07,2.7821331510355323e-06,1.094092099159184e-06
2013-01-05 01:00:00,6.299518274791214e-07,2.5057664470206326e-06,1.1148243520587804e-06
2013-01-05 02:00:00,6.463514027903083e-07,2.4528846195976466e-06,1.2229745160907376e-06
2013-01-05 03:00:00,7.105825065791146e-07,2.3487704898784137e-06,1.266090170073632e-06
2013-01-05 04:00:00,8.425509689986563e-07,2.2692716913484066e-06,1.4921916394136635e-06
2013-01-05 05:00:00,1.0450954149124134e-06,2.3757625076078226e-06,1.676927616301669e-06
2013-01-05 06:00:00,1.238041876606255e-06,2.385838618053999e-06,2.0159673355072864e-06
2013-01-05 07:00:00,1.3250877783739262e-06,2.4442948453445047e-06,2.302386806295546e-06
2013-01-05 08:00:00,1.2704954247819227e-06,2.4488519664712125e-06,2.1298128896384354e-06
2013-01-05 09:00:00,1.2676770412246632e-06,2.3358740375848895e-06,2.164907016420475e-06
2013-01-05 10:00:00,1.219060677147931e-06,2.3798243465804247e-06,2.518247957734195e-06
2013-01-05 11:00:00,1.2426652785693256e-06,2.3426305502570587e-06,2.393908260360281e-06
2013-01-05 12:00:00,1.232257535781316e-06,2.3124526499037214e-06,2.3254848855146756e-06
2013-01-05 13:00:00,1.1224672904788338e-06,2.3321949641423217e-06,2.54357756817354e-06
2013-01-05 14:00:00,1.128690334236786e-06,3.0196883362578628e-06,3.0030836898279223e-06
2013-01-05 15:00:00,1.1222129472701272e-06,3.67488463587934e-06,2.842692991691759e-06
2013-01-05 16:00:00,1.1318346403787444e-06,3.7357723256903494e-06,2.8636744228827214e-06
2013-01-05 17:00:00,1.119376437024176e-06,3.7532230153558e-06,9.57750456744802e-06
2013-01-05 18:00:00,1.0946609339327473e-06,3.7203792441668838e-06,1.1016928277309294e-05
2013-01-05 19:00:00,1.1264439437457439e-06,3.5423494971623235e-06,4.086084865223382e-06
2013-01-05 20:00:00,9.876237262529162e-07,3.4540649668862174e-06,3.4785688794478868e-06
2013-01-05 21:00:00,9.554759168800385e-07,3.3474080411446624e-06,3.2026403444500924e-06
2013-01-05 22:00:00,8.897942964340189e-07,3.0824128566145207e-06,3.0979320634546428e-06
2013-01-05 23:00:00,8.938219388792594e-07,3.14336801286322e-06,2.916031760628775e-06
2013-01-06 00:00:00,8.572036049601915e-07,3.3144120009901975e-06,2.7647162557509817e-06
2013-01-06 01:00:00,7.924766246617345e-07,3.142888141490661e-06,2.6778884138266318e-06
2013-01-06 02:00:00,7.753611891950502e-07,3.0779110165875956e-06,2.6171114462699233e-06
2013-01-06 03:00:00,8.467849627564284e-07,2.6372774929066304e-06,2.3400193381052397e-06
2013-01-06 04:00:00,8.269792025696106e-07,2.6061213227386855e-06,5.268002213538462e-06
2013-01-06 05:00:00,7.994197217561091e-07,2.540329817841115e-06,6.210023162108816e-06
2013-01-06 06:00:00,7.591536952412096e-07,2.4429276203574875e-06,5.464497969551588e-06
2013-01-06 07:00:00,7.4778459945908e-07,2.8452106486149336e-06,5.161383654495428e-06
2013-01-06 08:00:00,7.641907062148589e-07,3.0130805592303734e-06,2.2010431261944997e-06
2013-01-06 09:00:00,7.12572412691326e-07,2.1177896023888682e-06,1.983346898518607e-06
2013-01-06 10:00:00,7.388864373357557e-07,3.3548593370302057e-06,1.9924936084210657e-06
2013-01-06 11:00:00,7.915825706204711e-07,0.0008566922843856304,1.8337097577555107e-06
2013-01-06 12:00:00,9.171372562901338e-07,0.0009634262705035338,1.7654436968203389e-06
2013-01-06 13:00:00,1.1823411614902174e-06,0.0009457796542939841,1.8749726153188803e-06
2013-01-06 14:00:00,1.3578488627665063e-06,0.0009363814011968231,0.012776410179425749
2013-01-06 15:00:00,0.00019641758700487518,0.0008924163568579847,0.05370327461974574
2013-01-06 16:00:00,0.00017585299019001705,0.000857350676570327,0.17404111227443225
2013-01-06 17:00:00,0.00016854303254365676,0.0008323066219079807,0.18358016055037732
2013-01-06 18:00:00,0.0001635510229893799,0.0008258074862434692,0.19414290627408187
2013-01-06 19:00:00,0.00017191259887739275,0.0009574935812962713,0.21025129611586235
2013-01-06 20:00:00,0.00018330726811012819,0.0010460517185934743,0.2381023375963906
2013-01-06 21:00:00,0.00016854557410404748,0.0009607485617362915,0.30718049099744404
2013-01-06 22:00:00,0.00015785144901099815,0.0010335692784521392,0.38970345355264024
2013-01-06 23:00:00,0.00019542006435995145,0.0010436849541759494,0.4140696237100956
2013-01-07 00:00:00,0.00019830736441502813,0.0010499966036165657,0.4182243231770622
2013-01-07 01:00:00,0.00018663728937273893,0.0010448850820127605,0.4573418283252852
2013-01-07 02:00:00,0.00015923614278881326,0.001041386657004493,0.49678624865545307
2013-01-07 03:00:00,0.00015262980786308206,0.0010494012388910933,0.45629845541366637
2013-01-07 04:00:00,0.0001407017583003059,0.001044043021698255,19.225228622320888
2013-01-07 05:00:00,0.0001317316248201104,0.0008225482718449581,71.282958248237
2013-01-07 06:00:00,0.0001212941375176015,0.0008162092666848907,116.883186450456
2013-01-07 07:00:00,0.00011772824668941652,0.0007951849715988453,120.8483555445944
2013-01-07 08:00:00,0.00011809265219870461,0.0009730530362153604,110.15086082839676
2013-01-07 09:00:00,0.00012267938860444604,0.0007042781783240794,9.991361196167558
2013-01-07 10:00:00,0.0001274346560980374,0.0006719307591667133,1.7037746228705455
2013-01-07 11:00:00,0.00012823347216557745,0.0006911254274327205,0.5879950437515341
2013-01-07 12:00:00,0.00012915053528696592,0.0007579476352180379,0.2779347322271066
2013-01-07 13:00:00,0.00012984680530795566,0.0008258833597810338,0.2781397095286018
2013-01-07 14:00:00,0.00013355347544697906,0.0008128336789564438,0.2746270931087852
2013-01-07 15:00:00,0.00012687217070575746,0.0007160597786602226,1.752184372442919
2013-01-07 16:00:00,2.92602469432376e-06,0.0007073678272149044,6.846256070133142
2013-01-07 17:00:00,2.7641690847453503e-06,0.0007009593828540204,47.62718710250725
2013-01-07 18:00:00,2.663708823226687e-06,0.0007329178875924292,77.05588750971178
2013-01-07 19:00:00,2.6207788121059217e-06,0.0007767504325019265,92.39377374786329
2013-01-07 20:00:00,2.617099024310821e-06,0.0007928895114948638,53.096128893814274
2013-01-07 21:00:00,2.5849897289868724e-06,0.0008376640608576374,6.763975924606612
2013-01-07 22:00:00,2.5158570050794412e-06,0.0008953862291145737,0.2723984303920699
2013-01-07 23:00:00,2.473370960996396e-06,0.0009400200044894943,0.27021239826922255
2013-01-08 00:00:00,2.373617645191214e-06,0.0009287939522911828,0.2569723725230037
2013-01-08 01:00:00,2.359240924911233e-06,0.0009371078576443626,0.252930753166713
2013-01-08 02:00:00,2.368638756205879e-06,0.000921610320708986,0.24250023514643762
2013-01-08 03:00:00,2.4342394898713423e-06,0.0008519389521764758,0.2309092903582232
2013-01-08 04:00:00,2.662398692186892e-06,22.836761867121613,27.92899778321648
2013-01-08 05:00:00,2.755415926036565e-06,39.76303935182756,47.80713146738604
2013-01-08 06:00:00,2.7276618152191476e-06,23.088652997418635,67.62712420089332
2013-01-08 07:00:00,2.7341488722892834e-06,10.094929188997412,82.73466258945079
2013-01-08 08:00:00,3.011249875013399e-06,0.0006962997048652765,28.474910801028212
2013-01-08 09:00:00,3.125812862859009e-06,0.0006576642674585256,9.013612375536736
2013-01-08 10:00:00,6.146398444881872e-06,0.0008065393306907337,17.972993367762
2013-01-08 11:00:00,2.879550289438782e-06,0.000817508642143238,5.064983589435044
2013-01-08 12:00:00,2.812310807560408e-06,0.0007994197846461476,15.874227726729766
2013-01-08 13:00:00,3.0245226825676564e-06,0.000768519263934708,39.81177691874134
2013-01-08 14:00:00,4.744659191787068e-06,0.0007067467459874291,68.18833953056036
2013-01-08 15:00:00,4.82718473560655e-06,0.0006821890880841255,111.90092835252571
2013-01-08 16:00:00,4.842940895950903e-06,0.0007020371369316888,114.6109265176099
2013-01-08 17:00:00,5.0256790528708945e-06,0.00070733029036087,118.68878199947332
2013-01-08 18:00:00,5.202899109514772e-06,0.0008037474280901836,121.6669656224465
2013-01-08 19:00:00,5.4326159942097614e-06,0.0008625037387581255,108.60448592366907
2013-01-08 20:00:00,5.934761877681603e-06,0.0009604506854368903,120.69037328952146
2013-01-08 21:00:00,6.435150864735602e-06,0.0009629927327938104,101.84723234294668
2013-01-08 22:00:00,7.458249879025529e-06,0.0009768032194348527,69.08503347312245
2013-01-08 23:00:00,8.497243023884897e-06,0.0009358517862913571,22.032024231789492
2013-01-09 00:00:00,4.051484864739332e-06,0.0009082424724603941,23.451940459697294
2013-01-09 01:00:00,3.581080407946692e-06,0.0009006185676971166,18.960750439734607
2013-01-09 02:00:00,3.4048339372619997e-06,0.0008961027845467979,15.402845818867611
2013-01-09 03:00:00,3.5122860024777927e-06,0.0008606612395301933,53.877716863143824
2013-01-09 04:00:00,3.538323090876273e-06,63.80020602796381,100.16534124752741
2013-01-09 05:00:00,3.880842234471834,80.79970075776758,116.56768776305307
2013-01-09 06:00:00,3.1967569185756485e-06,96.21779518606223,107.8091617066759
2013-01-09 07:00:00,2.79651079582416e-06,149.84513433914043,98.7043445125972
2013-01-09 08:00:00,2.7139443708394962e-06,217.93222642614228,64.31687480312684
2013-01-09 09:00:00,2.652251340520759e-06,15.14165268821375,17.63520603012947
2013-01-09 10:00:00,2.9958152759212337e-06,4.8797328542301335,13.610096456047197
2013-01-09 11:00:00,3.159356877086246e-06,0.0005518741464827797,10.689635337860853
2013-01-09 12:00:00,3.988475981542593e-06,0.0005682457462996356,8.70979971236468
2013-01-09 13:00:00,3.963613583265382e-06,0.0007245357315062696,8.711493613731093
2013-01-09 14:00:00,1.9071242577423667e-05,63.08898584972481,9.913825977751381
2013-01-09 15:00:00,0.0001256286320906063,102.66585533915803,52.09612503929101
2013-01-09 16:00:00,0.00013689790317318094,8.240709141385851,42.55469804779366
2013-01-09 17:00:00,0.0001406776366958586,300.97217312525345,51.80632620658385
2013-01-09 18:00:00,0.00014662000953264545,278.74861358615163,48.674576366839716
2013-01-09 19:00:00,0.00016202994306341057,271.4767500798046,43.354022820549886
2013-01-09 20:00:00,0.0001615966652149016,256.65884726209123,31.296953382263524
2013-01-09 21:00:00,4.764229636483245e-06,250.55293936718368,17.821771211248443
2013-01-09 22:00:00,4.101838681140081e-06,239.21153761383968,12.34641192811739
2013-01-09 23:00:00,3.961429930773042e-06,225.9900690812663,0.19655267872276877
2013-01-10 00:00:00,3.4635901687775505e-06,224.72397312027238,0.1926544241186543
2013-01-10 01:00:00,3.1127245592973777e-06,221.86828434987527,0.19231549747468213
2013-01-10 02:00:00,2.991810873259732e-06,228.3946288285146,2.117597185936491
2013-01-10 03:00:00,3.4488980144744735e-06,305.95487868164173,13.557883313932518
2013-01-10 04:00:00,29.253947665636097,338.62369226610383,51.594141350209604
2013-01-10 05:00:00,41.7935545756193,341.09637707046477,68.05142691199582
2013-01-10 06:00:00,35.49083712876427,323.78294078733103,63.259106008710965
2013-01-10 07:00:00,28.269256880586283,323.39569634674024,56.66439624707291
2013-01-10 08:00:00,19.566047088174443,294.431895925316,38.80849419356816
2013-01-10 09:00:00,6.861949539401352,32.19158420862619,20.92590431110618
2013-01-10 10:00:00,3.0034453570577706e-06,12.003822726986163,14.494953379906692
2013-01-10 11:00:00,2.4755112218189515e-06,4.075473578350024,10.688947673372295
2013-01-10 12:00:00,2.5584799453131287e-06,0.0005413424922859843,8.989736545515258
2013-01-10 13:00:00,2.6745173012104067e-06,0.000711060775859095,12.989095888644433
2013-01-10 14:00:00,2.9829788203391756e-06,0.0008259540476422277,27.162593581997555
2013-01-10 15:00:00,0.00012916975168250503,14.18778577836112,52.62410104390485
2013-01-10 16:00:00,6.19715437387545,407.19602744738364,58.807317731267986
2013-01-10 17:00:00,12.950370122288295,406.440850300286,66.33743816729319
2013-01-10 18:00:00,14.786145613639722,410.98117801270035,73.03004962911798
2013-01-10 19:00:00,12.476630569882044,418.09739970268845,74.78609536244954
2013-01-10 20:00:00,1.4791984553240969,449.53414679235084,57.58071953898598
2013-01-10 21:00:00,0.00012958007479033204,430.19943969875203,41.48735262524541
2013-01-10 22:00:00,0.0001573641333180392,392.38240460168896,44.18093036979137
2013-01-10 23:00:00,0.00018015495565955748,437.32727247414095,34.87004843044425
2013-01-11 00:00:00,0.00018878634422792126,421.22404614409135,56.75502698617462
2013-01-11 01:00:00,0.0001917497270690402,403.04680929562744,51.355619049413185
2013-01-11 02:00:00,16.52056845303284,400.97898166863735,63.666461105322895
2013-01-11 03:00:00,72.89863985767224,415.12761038670317,125.32320825519835
2013-01-11 04:00:00,153.18773244003927,417.5183733929309,176.7654335533665
2013-01-11 05:00:00,154.93606104000057,390.39597520050944,193.448357326181
2013-01-11 06:00:00,128.07799049313005,372.5346285403561,190.82677048135096
2013-01-11 07:00:00,112.61114218836907,367.6402996031509,182.69466190206506
2013-01-11 08:00:00,107.72142915460988,360.0373795789068,151.65596223903862
2013-01-11 09:00:00,107.95558665176617,190.1133482984351,113.28063169597657
2013-01-11 10:00:00,93.58895789818271,147.33091268431457,102.63425133335338
2013-01-11 11:00:00,79.66362095923975,149.06664351497548,94.34543174018746
2013-01-11 12:00:00,77.27017898300814,148.16201107713908,102.68651247481021
2013-01-11 13:00:00,80.70830265304757,193.11233301873312,127.56651277575958
2013-01-11 14:00:00,71.80939882955627,261.50147973167907,162.13492791650484
2013-01-11 15:00:00,79.21753784001875,385.36785357282434,203.31748607555144
2013-01-11 16:00:00,87.20622748012062,322.38728130599094,201.08272448659093
2013-01-11 17:00:00,95.8260311184974,319.15321874890736,207.71565155182583
2013-01-11 18:00:00,100.82643379808604,345.90477071637304,215.9680362136592
2013-01-11 19:00:00,99.23878366453367,380.41356945417203,216.69134002986453
2013-01-11 20:00:00,81.66754147982233,398.7702932145037,215.58737599706203
2013-01-11 21:00:00,46.67709507405247,364.1223234081919,198.36026829548936
2013-01-11 22:00:00,6.503700150603765,419.1203175865165,170.0333724558936
2013-01-11 23:00:00,0.00018428793776921392,418.4234437028912,156.58317768884504
2013-01-12 00:00:00,16.87129954542084,384.9484268588705,177.35582232553674
2013-01-12 01:00:00,27.546917963627806,264.5023421216651,184.64287150016273
2013-01-12 02:00:00,57.705520751355934,210.1970734091007,198.58227909342025
2013-01-12 03:00:00,120.918688898549,149.26132446465147,198.6643398168473
2013-01-12 04:00:00,170.0309966294694,187.0359206882916,206.75512200903054
2013-01-12 05:00:00,173.0521159548351,197.97553839839716,216.537450032469
2013-01-12 06:00:00,158.1224766768085,184.78650824877514,212.93468037809794
2013-01-12 07:00:00,139.80731614562714,170.92423006177378,214.91318816166498
2013-01-12 08:00:00,118.02905077105112,140.41051489361192,158.51346639226372
2013-01-12 09:00:00,82.56864602816049,81.18639600021747,115.51188863435996
2013-01-12 10:00:00,74.74030267372355,62.788223707774385,107.29681765334804
2013-01-12 11:00:00,64.54006304752266,51.33626969634612,100.49912217716904
2013-01-12 12:00:00,62.360415378251425,48.41511168067337,105.26815590501299
2013-01-12 13:00:00,66.04921425758425,53.99689388149066,118.52280220588943
2013-01-12 14:00:00,78.11562092016712,71.21745027699039,146.2943485750736
2013-01-12 15:00:00,103.71483256631733,112.00413066921217,165.83593221838083
2013-01-12 16:00:00,109.88583419349864,126.46743115370114,173.09443290015466
2013-01-12 17:00:00,112.15947651241261,129.88822727485334,166.4088585834051
2013-01-12 18:00:00,113.68773283960913,133.5089111050172,167.02318672070209
2013-01-12 19:00:00,108.45963370257435,132.56334109089875,167.4544442276081
2013-01-12 20:00:00,92.1324818735053,113.4948026916906,154.7256815029636
2013-01-12 21:00:00,66.02349251080898,74.37770793770419,144.5810699568115
2013-01-12 22:00:00,30.4142135634659,27.190067507915387,112.73143686800277
2013-01-12 23:00:00,16.736551853684414,2.676933256055019,94.46943458393095
2013-01-13 00:00:00,34.939750032806785,26.41162342688318,100.3590424653562
2013-01-13 01:00:00,43.559993214606244,38.429363274455895,107.60980567700142
2013-01-13 02:00:00,68.06594212418764,70.23979445994726,119.99969333219099
2013-01-13 03:00:00,117.19728440998014,128.68574701775617,160.63604403518138
2013-01-13 04:00:00,162.2897938705655,183.95295054497055,189.3256465898575
2013-01-13 05:00:00,160.02894453560967,191.93408132838536,191.33342977364862
2013-01-13 06:00:00,155.92008351527156,187.26045750408502,187.64521500201658
2013-01-13 07:00:00,155.7829252723271,177.82912474697756,184.6297522211469
2013-01-13 08:00:00,148.29354828030625,153.78872602822577,155.17557364717825
2013-01-13 09:00:00,107.57549080198365,120.51526273178936,129.44304212407437
2013-01-13 10:00:00,98.35062691610517,99.53684400044399,116.02415725882891
2013-01-13 11:00:00,91.53798929331171,79.26101051846243,108.14508735084854
2013-01-13 12:00:00,93.93994007636233,74.72377200530467,112.95432937836138
2013-01-13 13:00:00,103.84613252754008,78.9112650549967,123.86119321938304
2013-01-13 14:00:00,132.24603559170023,92.08636170126775,149.7130561761734
2013-01-13 15:00:00,140.31553386573893,216.3108130741676,229.9502154216532
2013-01-13 16:00:00,141.9490501415222,218.87563418908587,214.72417937911405
2013-01-13 17:00:00,147.49936233850747,227.65759979042636,204.00160067631757
2013-01-13 18:00:00,153.3778316418245,234.3181281086893,200.18107472161626
2013-01-13 19:00:00,153.7644153306746,234.65766391721863,200.05237650982676
2013-01-13 20:00:00,134.6660513984209,196.834988074778,202.84016649745024
2013-01-13 21:00:00,96.95617750984519,140.39750471890164,201.36765888953565
2013-01-13 22:00:00,56.463892113232355,77.78411965887818,190.56508892533796
2013-01-13 23:00:00,33.70608465335581,39.60088051643297,160.99228131864538
2013-01-14 00:00:00,60.152646751541745,75.67151958559216,191.04246760870478
2013-01-14 01:00:00,67.23892889612652,161.7136704366262,204.9193369232324
2013-01-14 02:00:00,90.5829975270019,436.8305369394375,215.38092235690414
2013-01-14 03:00:00,152.77796511022342,403.96518199695186,225.83835820904613
2013-01-14 04:00:00,165.57677393376403,221.49885713790124,212.94567674988187
2013-01-14 05:00:00,160.45272079190022,200.34392205912349,193.37826243610274
2013-01-14 06:00:00,155.6449951377787,194.6692839740779,191.55227841967192
2013-01-14 07:00:00,156.1262939401975,195.78035753094161,192.97065597980426
2013-01-14 08:00:00,165.46323847171462,241.87392191472438,182.52824135738598
2013-01-14 09:00:00,157.3261447430353,143.1706957909182,172.13188515745594
2013-01-14 10:00:00,132.52436500444483,128.30271499574235,169.74533212213797
2013-01-14 11:00:00,122.43309711309311,114.10049075299219,154.45626005049385
2013-01-14 12:00:00,116.54744602263243,103.56633542847388,157.69358934827855
2013-01-14 13:00:00,121.29391770895417,101.90725565412362,163.14094629397343
2013-01-14 14:00:00,129.80513366251884,118.01597125609737,199.12269984563744
2013-01-14 15:00:00,145.47632770788277,159.82166879133848,217.31508625559164
2013-01-14 16:00:00,141.49001343501376,177.62098773110378,214.37406128229347
2013-01-14 17:00:00,129.15881674580552,176.8429743784648,212.04584946448722
2013-01-14 18:00:00,117.94085742820194,171.69854972771887,206.21727738746904
2013-01-14 19:00:00,109.24491717669041,159.10750947727536,217.18628689248877
2013-01-14 20:00:00,92.59797886587899,132.96863267896865,217.19199210505377
2013-01-14 21:00:00,67.85147111785167,95.44036369561158,212.19438393023793
2013-01-14 22:00:00,44.30606498944205,54.66350817033122,209.34166391163146
2013-01-14 23:00:00,31.48844919244863,36.300767924163566,201.2149740282543
2013-01-15 00:00:00,34.2224395524355,29.784152745490257,204.3162009618998
2013-01-15 01:00:00,38.31275348226158,34.063372571077956,171.82215856339226
2013-01-15 02:00:00,55.143291417797016,54.753832502084165,183.3580787714703
2013-01-15 03:00:00,97.35426263786184,106.83951962107277,196.7261729278474
2013-01-15 04:00:00,143.97934307095258,177.53010475258634,190.34979648469283
2013-01-15 05:00:00,152.78169002859678,185.82445140805663,187.75711180302565
2013-01-15 06:00:00,163.7467158252509,192.76262684026,190.37484015845726
2013-01-15 07:00:00,174.34064789389814,188.5068327894567,189.89731048910699
2013-01-15 08:00:00,171.68268962394225,161.70865757068233,184.5330623550636
2013-01-15 09:00:00,171.6788045252558,133.00035897250305,164.49440381789165
2013-01-15 10:00:00,158.37782026262326,124.61272381331199,159.73028996190587
2013-01-15 11:00:00,159.17671352364746,126.82513858306916,160.6784332532819
2013-01-15 12:00:00,161.78469779757944,131.4393227943338,167.66694790023416
2013-01-15 13:00:00,162.56014527281866,133.7325206025501,186.02794914093022
2013-01-15 14:00:00,193.8270524110709,176.62523107225036,214.36372554759959
2013-01-15 15:00:00,220.98323003978103,208.26723749342088,236.74102313237123
2013-01-15 16:00:00,219.17653405411875,390.45780933881076,243.087622168854
2013-01-15 17:00:00,221.13331149495397,386.6851019342311,236.26252289719247
2013-01-15 18:00:00,216.4583095408416,381.54011229240524,233.3121148629282
2013-01-15 19:00:00,209.30568388035212,378.9392715335254,232.52637919825455
2013-01-15 20:00:00,196.15598790161974,376.1862878589059,244.06374939217451
2013-01-15 21:00:00,182.74523454481167,373.29471410918995,247.90990443951938
2013-01-15 22:00:00,210.36773704438156,369.96238691386753,268.50922936054667
2013-01-15 23:00:00,215.43882839431768,364.1809019542437,264.45257324242186
2013-01-16 00:00:00,215.42043895645153,363.9228012350225,270.34402167318217
2013-01-16 01:00:00,220.67419866972685,376.3047713417433,275.1087153378951
2013-01-16 02:00:00,229.7718307312407,370.7510905984826,277.314152198109
2013-01-16 03:00:00,219.97669139644833,258.0021574987448,294.46617218524045
2013-01-16 04:00:00,176.54719691413572,246.92609107111224,237.48047865430448
2013-01-16 05:00:00,171.52025769077707,213.7757261513139,229.10189064255457
2013-01-16 06:00:00,171.5149537493437,216.45395524911373,229.68128332488877
2013-01-16 07:00:00,171.51495402626395,227.95077630807006,230.80628619859837
2013-01-16 08:00:00,171.51540997040468,238.27605759450918,205.86260832052594
2013-01-16 09:00:00,187.4538881486665,230.3481370873808,225.6600696587129
2013-01-16 10:00:00,176.68104703926022,210.70692277541417,232.470017848601
2013-01-16 11:00:00,176.50636809694362,193.29740051635838,229.48875014234255
2013-01-16 12:00:00,190.43449729492028,180.86642971664136,231.79028765226656
2013-01-16 13:00:00,204.02116731535796,194.37314960535397,240.7285052527958
2013-01-16 14:00:00,185.94132130990434,259.4774435801477,242.2337744687756
2013-01-16 15:00:00,176.5060004633625,255.63737767413753,237.58908612719074
2013-01-16 16:00:00,171.5149550381087,219.48154768529918,228.25346085435788
2013-01-16 17:00:00,171.51495477720587,227.7438754536971,232.4640967239198
2013-01-16 18:00:00,171.5384730008327,236.67149973909855,224.74486726582535
2013-01-16 19:00:00,171.5538513230266,221.19924963163223,223.0660131184098
2013-01-16 20:00:00,184.33112624214306,268.3689324797544,233.76940635118368
2013-01-16 21:00:00,234.557966123154,305.21840022427153,241.92788211158816
2013-01-16 22:00:00,229.6995358455114,293.65577179084545,232.45124780703543
2013-01-16 23:00:00,222.5164354911977,290.8128745931882,220.27375705267144
2013-01-17 00:00:00,220.61327297452578,279.03272941714545,221.4702447287929
2013-01-17 01:00:00,222.16107547434456,284.3604102731479,223.540139451342
2013-01-17 02:00:00,228.0887523195463,275.53336534995077,222.5861854712176
2013-01-17 03:00:00,241.87984611249962,286.62952557998995,219.8790569242237
2013-01-17 04:00:00,186.12908194753157,201.18356482446643,218.44243291231038
2013-01-17 05:00:00,176.47527250957222,205.1379428528987,199.63527937015644
2013-01-17 06:00:00,175.57615053437186,161.79766911501304,198.67364259693892
2013-01-17 07:00:00,175.63280638873485,159.16401185352314,203.65288234180696
2013-01-17 08:00:00,176.35695471949546,198.66771442204305,185.31918155867285
2013-01-17 09:00:00,203.64471375924725,222.82106923775538,170.41295598622204
2013-01-17 10:00:00,204.96863767681438,218.596414710698,173.02166736937775
2013-01-17 11:00:00,196.09352650846262,194.06799014611138,173.28860559577788
2013-01-17 12:00:00,197.5992387095033,190.65998918229334,181.13138562500757
2013-01-17 13:00:00,209.36916463564881,232.0472393863281,192.78194230148839
2013-01-17 14:00:00,219.22860861884237,225.8647667793758,210.2976714406763
2013-01-17 15:00:00,193.2367677000374,236.41394651033627,212.30965951484745
2013-01-17 16:00:00,201.06528658066995,187.1772274513008,200.85661152544864
2013-01-17 17:00:00,189.17228340097935,214.64081940563003,193.07588113576887
2013-01-17 18:00:00,184.62360050396563,245.7752168736631,193.79363489252296
2013-01-17 19:00:00,198.50016097293135,216.1254082322091,200.16051470036086
2013-01-17 20:00:00,188.13102683506233,219.47490738206562,187.03004128309962
2013-01-17 21:00:00,133.80792701775002,212.91289363203,142.52396866893287
2013-01-17 22:00:00,117.1226900990946,172.17548082732543,137.78225488668824
2013-01-17 23:00:00,73.15684581182369,173.68091186996028,99.04943457867735
2013-01-18 00:00:00,46.49772229766542,168.07761600747173,88.15334706584478
2013-01-18 01:00:00,43.188506419195626,160.05147535026202,85.38152109708138
2013-01-18 02:00:00,50.05278028390224,107.59724469556193,87.96059200131667
2013-01-18 03:00:00,55.92416483143822,162.79199185296966,118.20895757464919
2013-01-18 04:00:00,66.901540425043,191.57667724715498,155.36010795290838
2013-01-18 05:00:00,72.3620263513103,191.57866321633438,153.80917900780673
2013-01-18 06:00:00,72.66330584375058,192.1081413211129,154.34568789792547
2013-01-18 07:00:00,72.77839927074967,201.96134148320016,157.5108816711865
2013-01-18 08:00:00,63.348317872845485,179.8069906435641,129.86540858411053
2013-01-18 09:00:00,42.37589592978559,125.52233819850125,123.43014012687108
2013-01-18 10:00:00,28.703106499659995,100.20994614336772,109.24569638850843
2013-01-18 11:00:00,19.574443401845443,74.80784848141586,102.35208626400885
2013-01-18 12:00:00,15.931744734514858,62.90869620559263,99.8543226199446
2013-01-18 13:00:00,20.232312641639577,77.37680046452971,100.31266250527791
2013-01-18 14:00:00,33.52319762618145,111.82158869151336,108.16310958938533
2013-01-18 15:00:00,59.39711958088224,133.62465770357406,120.93682650057927
2013-01-18 16:00:00,66.27526389718842,160.13723857769355,133.98057006008585
2013-01-18 17:00:00,60.77749727379145,150.37460370857497,124.22989315774771
2013-01-18 18:00:00,53.15029388341494,121.86443276134392,114.2459127288547
2013-01-18 19:00:00,37.52245787148092,101.09258343356204,102.9503533904964
2013-01-18 20:00:00,16.370500427753957,62.912622991006714,82.07993283178814
2013-01-18 21:00:00,8.692990465537197e-05,3.2826233044669992,63.717153249799296
2013-01-18 22:00:00,9.219045116517962e-05,0.0005709017496108933,36.052648759455096
2013-01-18 23:00:00,8.777812824189623e-05,0.0005643696970740732,23.064827515515297
2013-01-19 00:00:00,8.499091038420635e-05,0.0005569535682550347,34.230296490988415
2013-01-19 01:00:00,8.631053197853245e-05,0.0005561204408803848,38.880200572749125
2013-01-19 02:00:00,8.794894052513868e-05,0.0005521940253226364,46.46538328965849
2013-01-19 03:00:00,10.738696010343167,20.176213100562173,76.4096886592327
2013-01-19 04:00:00,53.15752557239124,89.97126290636034,113.91407951134823
2013-01-19 05:00:00,65.67760756744043,111.66614682611979,117.69210184210957
2013-01-19 06:00:00,56.09925837384848,99.47839718695694,121.5070194872751
2013-01-19 07:00:00,60.964214537591076,94.25236304193983,125.108831420878
2013-01-19 08:00:00,58.68853687755023,76.33311985270372,105.61490064721806
2013-01-19 09:00:00,50.477893055329695,61.07065092257598,96.38196338728292
2013-01-19 10:00:00,47.79890433865064,50.694946250397166,94.31386014765174
2013-01-19 11:00:00,51.17561990248613,45.124516345983075,88.10698239556214
2013-01-19 12:00:00,44.78976835232749,44.049245515459894,87.5644210983508
2013-01-19 13:00:00,41.22598908666085,47.18215285655421,89.54284748511581
2013-01-19 14:00:00,44.778636862898104,58.245357532926946,98.76779102038178
2013-01-19 15:00:00,55.16619753875757,68.84691371606854,113.2357842440093
2013-01-19 16:00:00,66.7028554335393,96.28981467850441,121.31013039569564
2013-01-19 17:00:00,70.32437950129112,101.87267897908454,122.5930150375703
2013-01-19 18:00:00,66.32831022307718,96.6802547920779,123.65601757516994
2013-01-19 19:00:00,60.27085253028304,84.90219294165291,119.4421363380744
2013-01-19 20:00:00,50.72294940550523,54.42643275430872,103.12124633281775
2013-01-19 21:00:00,12.705606725838837,13.414714914004868,63.94667447117588
2013-01-19 22:00:00,8.380343959022473e-05,0.0005564377317531382,45.817892721419604
2013-01-19 23:00:00,8.316645077464035e-05,0.0005626314409711669,30.863188942866994
2013-01-20 00:00:00,8.331440835893977e-05,0.0005808007539543817,31.243818843130764
2013-01-20 01:00:00,8.200500434069154e-05,0.0005651136261429849,36.95877583888813
2013-01-20 02:00:00,8.217911153014624e-05,0.0005736713787640059,47.43447100901657
2013-01-20 03:00:00,22.574575278766904,32.45474364749164,72.25529084545472
2013-01-20 04:00:00,67.68558873320531,104.10315916424871,126.0328800255375
2013-01-20 05:00:00,73.97285354046912,118.44237341069278,129.2104876676317
2013-01-20 06:00:00,69.88166642925286,106.2537455490568,121.36318378311171
2013-01-20 07:00:00,63.39550412999957,95.41585958286275,112.84701671378875
2013-01-20 08:00:00,55.12321437607815,78.3360525859335,92.25437583472394
2013-01-20 09:00:00,44.409353852127545,63.49118811104342,84.05665652955705
2013-01-20 10:00:00,35.50971751289477,59.59748588530108,78.13579597223013
2013-01-20 11:00:00,30.028648602898315,56.32912063945085,71.54365484419374
2013-01-20 12:00:00,30.885629821618863,56.06028186184724,73.25095432638514
2013-01-20 13:00:00,37.74267314773674,57.91033188329003,82.43997687281637
2013-01-20 14:00:00,45.77601994007935,68.68790101919511,88.30154833479627
2013-01-20 15:00:00,57.308303937329796,93.22881501711183,96.30501827413974
2013-01-20 16:00:00,65.57898021849178,111.50420351874504,98.32726613244617
2013-01-20 17:00:00,64.50940619894533,118.27704884897035,90.75090783792912
2013-01-20 18:00:00,63.33299619289416,121.93690368578433,87.65331673769442
2013-01-20 19:00:00,57.472483242045165,115.29390489006072,87.33063732188855
2013-01-20 20:00:00,34.562338603457164,88.47059551533705,77.72742972691009
2013-01-20 21:00:00,11.257436029383005,75.44992860082185,49.286888151665856
2013-01-20 22:00:00,7.418085789171319e-07,46.14777878555419,32.512701466473196
2013-01-20 23:00:00,7.43021260346656e-07,28.025067340029544,15.757613629766665
2013-01-21 00:00:00,7.492244133438445e-07,13.224751034870392,11.575343139699248
2013-01-21 01:00:00,7.557285491274411e-07,14.935510797668902,13.888206970432922
2013-01-21 02:00:00,7.642324266023931e-07,27.609211331898763,26.15605958533857
2013-01-21 03:00:00,7.849571209130937e-07,62.137192294543134,53.56915539134499
2013-01-21 04:00:00,39.38529656057849,96.1049239512337,95.74445810681193
2013-01-21 05:00:00,58.24538127681319,133.09082298285983,104.32887757497554
2013-01-21 06:00:00,59.45322246631925,127.26616761988602,106.54487284572639
2013-01-21 07:00:00,58.303906864957085,124.0423794022845,104.19936863930258
2013-01-21 08:00:00,57.31001492603845,110.69669958517525,99.39322035391051
2013-01-21 09:00:00,52.453622926318,83.92981971317148,94.07513638855997
2013-01-21 10:00:00,41.11158965457441,57.52404683521204,74.65142015393666
2013-01-21 11:00:00,37.08668331748592,44.70656495678672,70.79257563943813
2013-01-21 12:00:00,33.13235753566767,105.57654413486783,69.79378296658471
2013-01-21 13:00:00,37.28850849061825,123.56926591502092,72.78457772998262
2013-01-21 14:00:00,41.252363743861224,129.39472032681937,79.08589042864868
2013-01-21 15:00:00,52.18443835997951,129.5653867312327,92.1866971921381
2013-01-21 16:00:00,57.2311512794098,130.44485043770672,100.04565606538581
2013-01-21 17:00:00,55.991828189426876,138.90341998034958,102.30321929702558
2013-01-21 18:00:00,52.66206931447408,148.01579356210726,103.32709351268903
2013-01-21 19:00:00,39.181701828610265,150.35864544165435,97.99985418167518
2013-01-21 20:00:00,9.406604178478249,124.99595853470005,77.90967583772357
2013-01-21 21:00:00,1.0145225951966877e-06,83.01073743263737,51.171239066715806
2013-01-21 22:00:00,1.0631274196436375e-06,29.093611938761534,25.37900581392124
2013-01-21 23:00:00,1.0508976490722833e-06,9.184722044415087,11.912708226419214
2013-01-22 00:00:00,1.064135610118073e-06,37.055644951819446,20.269659358194264
2013-01-22 01:00:00,1.0639043236744671e-06,46.61641216433592,23.20623115852595
2013-01-22 02:00:00,1.0634792694280891e-06,75.94645876049769,36.77487280964286
2013-01-22 03:00:00,2.065027135290427,149.36737310966365,82.50267521421067
2013-01-22 04:00:00,67.30364606542948,260.1988154105676,140.97575983997734
2013-01-22 05:00:00,75.48325338422596,217.18771035241858,146.3924395753314
2013-01-22 06:00:00,72.78991979679986,213.27221246561217,142.914085395092
2013-01-22 07:00:00,76.75477762429986,218.81986779429386,141.17661553917776
2013-01-22 08:00:00,80.09396660577788,147.78005606289534,127.78264432108448
2013-01-22 09:00:00,86.47626894641883,113.69409525328284,123.0457727784999
2013-01-22 10:00:00,84.04065427969483,96.18206283591381,117.82256351520971
2013-01-22 11:00:00,68.44980002539678,86.78226138081094,114.31290666703408
2013-01-22 12:00:00,64.74001187229617,89.69747680771376,115.7500983611679
2013-01-22 13:00:00,75.61337970686616,100.29828420912926,118.12979155623773
2013-01-22 14:00:00,102.7684646820641,115.40775057971845,123.25565494181672
2013-01-22 15:00:00,122.06654033555553,144.33170606640573,137.8644991104988
2013-01-22 16:00:00,128.15446232115468,173.50071914200453,153.51565095978506
2013-01-22 17:00:00,128.01229235999332,178.10592376933477,152.48196819367243
2013-01-22 18:00:00,128.66076942082915,179.11110609569178,152.39630197767488
2013-01-22 19:00:00,114.53473821604318,173.19799569133968,150.70366751793526
2013-01-22 20:00:00,108.2956348213462,152.76796915622717,150.295865822809
2013-01-22 21:00:00,85.92719536221263,114.35855330791216,120.29711734037251
2013-01-22 22:00:00,58.48506150664739,66.25178668701379,92.79181011451668
2013-01-22 23:00:00,47.500970841082875,44.513220480037525,111.80020788479536
2013-01-23 00:00:00,67.86732459895411,72.0988317356436,98.28132085703224
2013-01-23 01:00:00,77.21677118548801,76.6889079163121,153.42240054074225
2013-01-23 02:00:00,92.59414384650326,100.92415123192093,146.86916722931866
2013-01-23 03:00:00,131.22319132199272,160.28660782725603,158.35150303987774
2013-01-23 04:00:00,137.00200538265773,205.94101894112524,190.20039983066505
2013-01-23 05:00:00,143.8992241628422,206.11556190348082,196.45793778832152
2013-01-23 06:00:00,138.16716232740472,256.8568588248336,209.56670803269972
2013-01-23 07:00:00,144.3367904721175,292.58514716112273,209.05058115839014
2013-01-23 08:00:00,146.40327495430026,264.0705725872348,196.81206576291765
2013-01-23 09:00:00,150.33592977826393,196.29775469909237,191.48704157403543
2013-01-23 10:00:00,152.0382450289662,182.69454354731292,183.82591240564344
2013-01-23 11:00:00,159.06044058894733,251.97608526349734,187.0496106721856
2013-01-23 12:00:00,161.27455296123344,227.76288494399552,191.2756528840578
2013-01-23 13:00:00,164.27304134944956,216.71491515166673,201.1424747162941
2013-01-23 14:00:00,166.9007250490742,247.1341727735487,207.8499552913659
2013-01-23 15:00:00,165.0302598565118,220.430462905957,216.75423938076884
2013-01-23 16:00:00,160.92733725448718,258.91949315703636,215.108412853128
2013-01-23 17:00:00,145.33050718076584,235.6202494533503,209.68281195296612
2013-01-23 18:00:00,137.79110747476162,209.58657910338528,208.1438665758699
2013-01-23 19:00:00,138.5857176791593,217.44750716739432,206.08585940118394
2013-01-23 20:00:00,151.04875971114905,236.34877622782489,209.95209756363738
2013-01-23 21:00:00,163.84029060763064,205.2000457298008,208.42525568787457
2013-01-23 22:00:00,165.65369265912972,233.77944910083139,214.0576437778102
2013-01-23 23:00:00,172.6052855897508,302.76242017244925,214.94276430917708
2013-01-24 00:00:00,182.03999147752444,405.0251242538,233.78573424921925
2013-01-24 01:00:00,196.2145467193237,399.69087915423484,232.53300150599406
2013-01-24 02:00:00,203.881476797762,395.3311008372271,242.7257077175694
2013-01-24 03:00:00,206.87634001943502,357.45169182143496,238.10152753344198
2013-01-24 04:00:00,165.9321034270866,207.0252430186739,207.89876918015295
2013-01-24 05:00:00,158.595986012124,202.5566748226976,201.48594661724206
2013-01-24 06:00:00,158.59598509783075,203.89382142695857,199.57187295548445
2013-01-24 07:00:00,158.59598517912406,202.87327629669062,196.9725799893707
2013-01-24 08:00:00,168.57974507029195,195.17877037383417,193.40021234346747
2013-01-24 09:00:00,190.81896281012445,211.7789938408708,195.25059077991665
2013-01-24 10:00:00,209.69013806790863,238.8627191120606,208.04508931322212
2013-01-24 11:00:00,221.40480184008482,224.50301304827784,211.78048980614622
2013-01-24 12:00:00,214.1156238787363,235.81446914737833,211.22878215393382
2013-01-24 13:00:00,207.3993033940227,239.38664159259838,212.78600032632292
2013-01-24 14:00:00,182.52390601650285,221.28606984067386,213.38356197473553
2013-01-24 15:00:00,172.53024929982814,212.73342128258173,205.4244415727729
2013-01-24 16:00:00,159.3087662703235,214.76487106131182,198.12274946091713
2013-01-24 17:00:00,159.68031978649438,208.8745766451363,195.20288309939127
2013-01-24 18:00:00,162.74277924113343,202.723368196769,196.05473259500866
2013-01-24 19:00:00,166.09527960268497,223.71896107022863,203.16890361509476
2013-01-24 20:00:00,182.76902525795006,239.7723450103556,235.59498879608887
2013-01-24 21:00:00,235.78073735334692,404.8508134910952,262.8037242273233
2013-01-24 22:00:00,320.0271969011035,370.3074046418078,272.12102534415436
2013-01-24 23:00:00,319.2495485535972,255.52845208102548,257.59664273749144
2013-01-25 00:00:00,308.05332965665485,228.83520755052763,261.66083773719487
2013-01-25 01:00:00,307.62116489759245,220.71010118459435,263.51188776626225
2013-01-25 02:00:00,302.6225072833934,222.48586485598622,262.03644039714715
2013-01-25 03:00:00,250.78828149731407,222.2693982786752,267.3390882710612
2013-01-25 04:00:00,171.74387556448528,152.1957843062219,208.24482752589955
2013-01-25 05:00:00,173.46440578773306,154.093831687878,203.97708830597233
2013-01-25 06:00:00,173.52722795196053,162.6972896734418,199.93036301310312
2013-01-25 07:00:00,178.5154983913672,155.03875592636797,198.8624302343141
2013-01-25 08:00:00,156.61362575530944,198.55261178965992,194.70411802423564
2013-01-25 09:00:00,130.0911173551998,185.79080565854827,179.96349186130007
2013-01-25 10:00:00,118.59575659084948,178.06940821892798,171.94440601215976
2013-01-25 11:00:00,114.71372343686721,166.39948093999152,170.8769482085282
2013-01-25 12:00:00,113.94237510863714,165.9345924048975,179.27292413846223
2013-01-25 13:00:00,115.19679524723037,170.85558179094102,179.76583627613638
2013-01-25 14:00:00,119.39312736358865,179.54225965167032,186.54561733966898
2013-01-25 15:00:00,122.64098210671779,185.98337166329298,176.45247467784228
2013-01-25 16:00:00,113.54757470769005,197.32620269591072,177.4825032004324
2013-01-25 17:00:00,103.6535124821749,195.0024520390834,161.19352344970227
2013-01-25 18:00:00,98.3412676985651,177.12391096753953,155.18696043769808
2013-01-25 19:00:00,91.95886232935881,132.68839289402368,148.04382766189465
2013-01-25 20:00:00,60.947274667005196,106.0770388757399,128.59268288567748
2013-01-25 21:00:00,17.20374230629435,64.24083085491792,90.2251819391875
2013-01-25 22:00:00,0.00010518151857686829,40.83936335137635,59.676326976246436
2013-01-25 23:00:00,9.608813051594398e-05,16.538570004808133,47.505859565398325
2013-01-26 00:00:00,8.865572224091204e-05,4.661495812785077,53.060096003986885
2013-01-26 01:00:00,8.583115925389853e-05,4.860064843495963,65.53214569627809
2013-01-26 02:00:00,8.649257790133066e-05,8.188277688828974,76.1002680655062
2013-01-26 03:00:00,8.784726285744789e-05,9.364185638353291,102.73272010865085
2013-01-26 04:00:00,39.54235533965046,82.34479092323863,130.06410253397283
2013-01-26 05:00:00,34.97526687562274,95.99004146774718,119.5513103896301
2013-01-26 06:00:00,26.33445213208243,78.05848974418224,113.9294836497026
2013-01-26 07:00:00,21.609438662238095,64.3221734868719,112.53662886970032
2013-01-26 08:00:00,16.003158997318188,46.87947127088918,97.97867226392043
2013-01-26 09:00:00,1.1433610596115307,26.97406935519459,87.92400558985656
2013-01-26 10:00:00,15.095533567406921,21.994046775355308,80.21542068039305
2013-01-26 11:00:00,11.275248850377144,16.10132999891132,70.70624392819235
2013-01-26 12:00:00,14.465730596486042,20.572493772372198,63.88122319938966
2013-01-26 13:00:00,21.891669403195404,37.37079546060087,65.11134399884378
2013-01-26 14:00:00,29.855667937694953,59.185825403745085,86.42371952347878
2013-01-26 15:00:00,34.61650675261934,71.8555932187744,100.0244301282221
2013-01-26 16:00:00,45.04323018342444,85.99666531467714,107.38219304719134
2013-01-26 17:00:00,46.05809220523388,88.39963100244596,105.94812344667916
2013-01-26 18:00:00,46.459387553286774,89.93158024145082,98.28217817858699
2013-01-26 19:00:00,38.40636487981123,78.82593468581567,91.70399371347563
2013-01-26 20:00:00,12.242063431956328,34.223323391206335,75.5434755446453
2013-01-26 21:00:00,7.68021476888768e-07,2.236018251698995e-06,32.88506209521823
2013-01-26 22:00:00,7.029308772379166e-07,2.662561110606643e-06,9.079919310788279
2013-01-26 23:00:00,4.833333020807383e-07,1.5013614756026953e-06,6.364907159971368
2013-01-27 00:00:00,3.825510519246669e-07,1.1120257945423932e-06,0.13488631870381937
2013-01-27 01:00:00,3.750562846469058e-07,1.0654350013844767e-06,0.22267837472855082
2013-01-27 02:00:00,3.677141374817523e-07,1.0497812953443554e-06,3.9167471271441348
2013-01-27 03:00:00,3.6789753767523287e-07,1.0523467937145016e-06,12.91833871307937
2013-01-27 04:00:00,3.617655512846089e-07,1.0479401706936624e-06,29.80357022182941
2013-01-27 05:00:00,3.5383250080707073e-07,1.0021124663792804e-06,33.65596802898379
2013-01-27 06:00:00,3.583557621516283e-07,1.0326462800451854e-06,26.35762049572415
2013-01-27 07:00:00,3.423815797194869e-07,9.667619288621126e-07,20.340099149611156
2013-01-27 08:00:00,3.4202690960678053e-07,9.154447200409067e-07,5.768575659258408
2013-01-27 09:00:00,3.3565565690088746e-07,8.583969971029998e-07,3.598369986402212
2013-01-27 10:00:00,3.3302897703424555e-07,8.460967456849723e-07,5.192843138695055
2013-01-27 11:00:00,3.320537818444786e-07,8.045150372812946e-07,3.8481416636658956
2013-01-27 12:00:00,3.299280192280721e-07,7.342456029553829e-07,4.813227992739927
2013-01-27 13:00:00,3.2568581457955483e-07,6.522635789223583e-07,4.839075588449551
2013-01-27 14:00:00,3.2023441256946445e-07,6.577624989748307e-07,5.124029223227686
2013-01-27 15:00:00,3.383453893828904e-07,8.005564253766153e-07,7.590266257567184
2013-01-27 16:00:00,3.5477908264136425e-07,9.226057978078926e-07,11.069255121191599
2013-01-27 17:00:00,3.6006581795560615e-07,1.0638673791875899e-06,12.94985496252505
2013-01-27 18:00:00,3.587885779128247e-07,1.1601251200004256e-06,15.579067092047467
2013-01-27 19:00:00,3.5990742163912226e-07,1.0155367222255563e-06,16.399622017488507
2013-01-27 20:00:00,3.5430428939629753e-07,1.155367608329335e-06,12.231891668975175
2013-01-27 21:00:00,3.586288942205568e-07,1.2026304087739062e-06,5.4375031897469945
2013-01-27 22:00:00,3.590847128619824e-07,1.1828887854109067e-06,0.1362523650978525
2013-01-27 23:00:00,3.6746543781632203e-07,1.2353993777952795e-06,0.09095222302943193
2013-01-28 00:00:00,3.729047320153464e-07,1.2304130050527038e-06,1.8423049977805524e-06
2013-01-28 01:00:00,3.862968081906909e-07,1.263063191550162e-06,1.9214224196060907e-06
2013-01-28 02:00:00,3.839782484652525e-07,1.2536827084591532e-06,0.067949706121523
2013-01-28 03:00:00,3.8019574002792533e-07,1.2663190324996479e-06,2.011809450514542
2013-01-28 04:00:00,3.491398090610554e-07,1.1211253779085288e-06,20.578420472380273
2013-01-28 05:00:00,3.324925924282726e-07,9.802625740455144e-07,25.207521404299204
2013-01-28 06:00:00,3.301236736391693e-07,9.493795791501224e-07,22.992976856833533
2013-01-28 07:00:00,3.199758769047283e-07,9.554746915392053e-07,20.155213044693383
2013-01-28 08:00:00,3.370772948394352e-07,9.077947432475156e-07,5.054039712347307
2013-01-28 09:00:00,3.3220091672108345e-07,9.131022373976268e-07,2.8530305867102124
2013-01-28 10:00:00,3.1474524006430396e-07,7.074810348273295e-07,0.33536974796949026
2013-01-28 11:00:00,3.1154956529977795e-07,6.640726983707209e-07,0.21474753294888102
2013-01-28 12:00:00,3.0789966642892367e-07,6.464879457393752e-07,0.22597984872748117
2013-01-28 13:00:00,3.2091590956145693e-07,7.273989169882275e-07,0.2710377649668856
2013-01-28 14:00:00,3.463145655884515e-07,9.33082969965079e-07,1.7812383383737842
2013-01-28 15:00:00,3.719231169333476e-07,1.023942937475652e-06,2.7150408428117947
2013-01-28 16:00:00,3.484805046326948e-07,1.1236038612065827e-06,3.517396784983701
2013-01-28 17:00:00,3.5115326978191233e-07,1.029657813508643e-06,4.117019472673637
2013-01-28 18:00:00,3.3933078373524756e-07,9.811596637265378e-07,4.351484339661644
2013-01-28 19:00:00,3.42330816205466e-07,1.0343202460440952e-06,3.979391952980898
2013-01-28 20:00:00,3.482651703337857e-07,1.255675501800343e-06,0.9249605695739441
2013-01-28 21:00:00,3.68909147890639e-07,1.967693182448448e-06,0.06636994543791798
2013-01-28 22:00:00,3.812547104369338e-07,1.9676578169078572e-06,9.718156501667998e-07
2013-01-28 23:00:00,3.8998054336289804e-07,1.967640700355695e-06,9.560805767940124e-07
2013-01-29 00:00:00,4.0943776166584066e-07,1.967501141886355e-06,9.810679077257346e-07
2013-01-29 01:00:00,4.141929292364174e-07,1.967734689518841e-06,9.713117935501568e-07
2013-01-29 02:00:00,4.1597789642513334e-07,1.9681113569034724e-06,9.457650961842693e-07
2013-01-29 03:00:00,4.127784121255629e-07,1.968760786759732e-06,9.039022618423398e-07
2013-01-29 04:00:00,4.0222822655691833e-07,1.9711748695800897e-06,8.490623599910659e-07
2013-01-29 05:00:00,3.863456790772954e-07,1.971960951532316e-06,8.14344041944729e-07
2013-01-29 06:00:00,3.7270635241884864e-07,1.971285505553826e-06,8.062050210645636e-07
2013-01-29 07:00:00,3.68660192625793e-07,1.864299330089369e-06,7.940994201096112e-07
2013-01-29 08:00:00,3.722915442542692e-07,1.8525024852070308e-06,7.86301159958062e-07
2013-01-29 09:00:00,3.851979191721953e-07,1.7043292836223483e-06,8.031018840814491e-07
2013-01-29 10:00:00,3.997266528346675e-07,1.690765471776245e-06,8.182731398809407e-07
2013-01-29 11:00:00,4.089774936310307e-07,1.6463257968982698e-06,8.232379388803943e-07
2013-01-29 12:00:00,4.208959453513254e-07,1.5707606300835168e-06,8.265712621358276e-07
2013-01-29 13:00:00,4.23989705287708e-07,1.5928574446519638e-06,8.309611723386354e-07
2013-01-29 14:00:00,4.3205160954015214e-07,1.7093589662593154e-06,8.193448225045589e-07
2013-01-29 15:00:00,4.068222517488083e-07,1.7556438489826954e-06,8.199406737460741e-07
2013-01-29 16:00:00,3.969351374271369e-07,1.6957236828157595e-06,8.043014894700657e-07
2013-01-29 17:00:00,3.7165315740711573e-07,1.7611777852527116e-06,8.129557881242766e-07
2013-01-29 18:00:00,3.6075396756541814e-07,1.970610758480385e-06,8.733174634933378e-07
2013-01-29 19:00:00,3.6520475548571797e-07,1.9700724116493295e-06,8.926657154979618e-07
2013-01-29 20:00:00,3.780867908617046e-07,1.970541302897088e-06,8.951803449443995e-07
2013-01-29 21:00:00,3.8792951299020405e-07,1.9688817481588807e-06,9.169193874160215e-07
2013-01-29 22:00:00,4.2146314487703473e-07,1.9751338736947312e-06,9.695397320166441e-07
2013-01-29 23:00:00,4.291257907243298e-07,1.9709819959761477e-06,9.953069620777632e-07
2013-01-30 00:00:00,4.3453018370402074e-07,1.9689858203797477e-06,1.0737267114010866e-06
2013-01-30 01:00:00,4.3462222251648387e-07,1.9689109304638826e-06,1.1266207644604847e-06
2013-01-30 02:00:00,4.352414840007501e-07,1.9679749581060465e-06,1.1472399432760353e-06
2013-01-30 03:00:00,4.302658432141329e-07,1.9676256837989614e-06,1.0781145777565471e-06
2013-01-30 04:00:00,4.1640810990929996e-07,1.9676474365129824e-06,9.632716868780013e-07
2013-01-30 05:00:00,3.9828123182199996e-07,1.9675726876927977e-06,9.299146026606941e-07
2013-01-30 06:00:00,3.8270920366946656e-07,1.967368120112018e-06,9.034946165773313e-07
2013-01-30 07:00:00,3.7339830176410564e-07,1.9673201297680194e-06,9.138138671513031e-07
2013-01-30 08:00:00,3.720672380746501e-07,1.6660495458533015e-06,9.957783311049092e-07
2013-01-30 09:00:00,3.956144163003144e-07,1.316080624127216e-06,9.64475585189124e-07
2013-01-30 10:00:00,4.141985973232017e-07,1.3115267638020716e-06,9.783330557721573e-07
2013-01-30 11:00:00,4.1048097012328197e-07,1.2101766292750103e-06,9.695581292561784e-07
2013-01-30 12:00:00,4.0896139274327845e-07,9.490221939195347e-07,9.792696212682743e-07
2013-01-30 13:00:00,3.990667045944416e-07,8.705937019560481e-07,9.53056420323614e-07
2013-01-30 14:00:00,4.006682174403564e-07,9.757245506191814e-07,9.323085739895508e-07
2013-01-30 15:00:00,3.88271808702625e-07,1.1253639454401476e-06,9.485307435101264e-07
2013-01-30 16:00:00,3.666364455401581e-07,1.9286941856658656e-06,9.479374035597809e-07
2013-01-30 17:00:00,3.6610658838682745e-07,1.8867362603482757e-06,9.395163815834559e-07
2013-01-30 18:00:00,3.710764215197347e-07,1.968378585177639e-06,9.600018322650286e-07
2013-01-30 19:00:00,3.7865738182498945e-07,1.9683065305524104e-06,9.780107911903036e-07
2013-01-30 20:00:00,3.890848430160381e-07,1.96783773409646e-06,9.914703353881474e-07
2013-01-30 21:00:00,4.0169527524426886e-07,1.967755580274748e-06,1.0687971737218233e-06
2013-01-30 22:00:00,4.587711156439527e-07,1.9706168194205954e-06,1.12377338051575e-06
2013-01-30 23:00:00,4.377489728251945e-07,1.9872319659312263e-06,1.1883857354988884e-06
2013-01-31 00:00:00,3.9304225937851654e-07,1.811345602273012e-06,1.2305120911812136e-06
2013-01-31 01:00:00,3.8295637203280903e-07,1.8172503822232243e-06,1.2309839443357458e-06
2013-01-31 02:00:00,3.761761173335905e-07,1.7827460351901982e-06,1.211414702305989e-06
2013-01-31 03:00:00,3.695257420604199e-07,1.6481525371484339e-06,1.1338915759394507e-06
2013-01-31 04:00:00,3.619063587141274e-07,1.4244749279459663e-06,9.955778020839583e-07
2013-01-31 05:00:00,3.570687127749466e-07,1.2845550476148149e-06,9.307785777003018e-07
2013-01-31 06:00:00,3.462190847011955e-07,1.1991255333276756e-06,8.998381281168974e-07
2013-01-31 07:00:00,3.43629959062621e-07,1.150631855716544e-06,8.897595839582467e-07
2013-01-31 08:00:00,3.4338482277470996e-07,1.3479670521193107e-06,8.979081733166273e-07
2013-01-31 09:00:00,3.6646384539411303e-07,1.200428243032866e-06,8.585919117035255e-07
2013-01-31 10:00:00,3.587740838347696e-07,1.1895757005381956e-06,8.377733066924446e-07
2013-01-31 11:00:00,3.5156952566954163e-07,1.0621339132703164e-06,8.751851845240045e-07
2013-01-31 12:00:00,3.4491375624038345e-07,1.1265041886353296e-06,8.8341402513067e-07
2013-01-31 13:00:00,3.514392412298743e-07,1.0069678499469866e-06,8.506946269449242e-07
2013-01-31 14:00:00,3.3639846541124965e-07,9.165010341575848e-07,8.38797027924976e-07
2013-01-31 15:00:00,3.362475240608233e-07,1.0796478952616987e-06,8.293997332305659e-07
2013-01-31 16:00:00,3.417205723476142e-07,1.4144538681367028e-06,8.016172932184494e-07
2013-01-31 17:00:00,3.417496677257421e-07,1.1140331355057442e-06,7.974056602739952e-07
2013-01-31 18:00:00,3.4184414310840295e-07,1.2018100193758363e-06,8.072841112553296e-07
2013-01-31 19:00:00,3.41884982426717e-07,1.3008252854946912e-06,8.331884977395116e-07
2013-01-31 20:00:00,3.418906747294681e-07,1.6642226666439362e-06,8.913365590357196e-07
2013-01-31 21:00:00,3.492687033387684e-07,1.5024622401134942e-06,9.328414089675795e-07
2013-01-31 22:00:00,3.553180786941848e-07,1.702314779996242e-06,9.883518598588752e-07
2013-01-31 23:00:00,3.57643785492116e-07,1.7316219976272359e-06,1.016354042765455e-06
2013-02-01 00:00:00,3.622693709164281e-07,1.7173141260571462e-06,9.97269112052909e-07
2013-02-01 01:00:00,3.649272372747833e-07,1.7365510752575093e-06,9.94010990244754e-07
2013-02-01 02:00:00,3.635620301758524e-07,1.6823690397739363e-06,9.611004274166218e-07
2013-02-01 03:00:00,3.7557752706719005e-07,1.5356367546879827e-06,8.60033755668977e-07
2013-02-01 04:00:00,3.970660397720003e-07,1.1812791144496306e-06,9.977255819717595e-07
2013-02-01 05:00:00,6.834654040384884e-07,2.5210587839766806e-06,1.2624958240637025e-06
2013-02-01 06:00:00,7.284447982831332e-07,2.8866179322084763e-06,1.4656931827458613e-06
2013-02-01 07:00:00,7.531046032952614e-07,2.1187951142580755e-06,1.4896256843495373e-06
2013-02-01 08:00:00,7.734647395797871e-07,1.711144553362015e-06,1.4472705395489018e-06
2013-02-01 09:00:00,6.641896981446319e-07,1.7258468252802832e-06,1.3151750066432458e-06
2013-02-01 10:00:00,6.576384663778206e-07,1.7508639065950997e-06,1.3924051483269332e-06
2013-02-01 11:00:00,6.899724202616595e-07,1.9311709179409144e-06,1.3919890052302132e-06
2013-02-01 12:00:00,6.743213806136471e-07,1.8447190674218244e-06,1.538644772646851e-06
2013-02-01 13:00:00,6.594553422216294e-07,1.7606951577293719e-06,1.753046847645154e-06
2013-02-01 14:00:00,7.388299050502233e-07,1.4095398583398552e-06,2.025282108969744e-06
2013-02-01 15:00:00,7.954441176677773e-07,1.300910699993212e-06,2.555056844178869e-06
2013-02-01 16:00:00,1.0198177176578689e-06,1.2613034093287384e-06,3.1378019111937678e-06
2013-02-01 17:00:00,9.633911741256778e-07,1.2602286236076614e-06,3.7318275301412454e-06
2013-02-01 18:00:00,9.314610065824309e-07,1.339363470926903e-06,3.7502171127922586e-06
2013-02-01 19:00:00,8.983791157227801e-07,1.4201595075281512e-06,3.436006256346035e-06
2013-02-01 20:00:00,7.010843610777104e-07,1.5639997085936413e-06,2.7458278235196364e-06
2013-02-01 21:00:00,6.660825158557914e-07,1.6447989174171918e-06,2.303865676372906e-06
2013-02-01 22:00:00,7.415922336195114e-07,1.562998535067126e-06,2.2531385307552263e-06
2013-02-01 23:00:00,7.319055174626771e-07,1.898302074031524e-06,2.203071296141369e-06
2013-02-02 00:00:00,7.589563102228502e-07,1.576535245102154e-06,2.0429574191638314e-06
2013-02-02 01:00:00,7.627338033823271e-07,1.5854684490850596e-06,1.970809472557357e-06
2013-02-02 02:00:00,7.54692257211812e-07,1.5546392650289903e-06,1.9075117407710284e-06
2013-02-02 03:00:00,8.621557303494394e-07,1.7189335571411702e-06,2.4027385393974385e-06
2013-02-02 04:00:00,7.737210793427414e-07,1.5099903238242203e-06,2.2353535243916293e-06
2013-02-02 05:00:00,7.365595264446128e-07,1.4660609388967978e-06,2.2398788068997408e-06
2013-02-02 06:00:00,7.105686522235457e-07,1.5749780089028975e-06,2.2254356375894463e-06
2013-02-02 07:00:00,7.004570777001159e-07,1.789302685237377e-06,2.1969088668695258e-06
2013-02-02 08:00:00,5.205768367942469e-07,1.725174275348054e-06,1.5916413670320693e-06
2013-02-02 09:00:00,4.4404901237960536e-07,1.302003287927352e-06,1.3625763610622095e-06
2013-02-02 10:00:00,4.410911139560337e-07,1.0929297791716782e-06,1.4111283171168965e-06
2013-02-02 11:00:00,4.1862322157383037e-07,9.831750111756715e-07,1.3360574410529386e-06
2013-02-02 12:00:00,4.1966040688782746e-07,7.744188580011205e-07,1.2865375527257805e-06
2013-02-02 13:00:00,4.4064752704322213e-07,7.720610629753945e-07,1.3168453174818097e-06
2013-02-02 14:00:00,4.876568733447705e-07,9.93100051550703e-07,1.4475335044138646e-06
2013-02-02 15:00:00,5.562043373502106e-07,1.3265372594237152e-06,1.6971283042541402e-06
2013-02-02 16:00:00,5.383679299598015e-07,2.7033353214549005e-06,1.8592135891099673e-06
2013-02-02 17:00:00,5.575492625220622e-07,2.142477474820859e-06,1.8243712639816626e-06
2013-02-02 18:00:00,5.625407221256692e-07,1.94604680309557e-06,1.7839751003665443e-06
2013-02-02 19:00:00,5.30424103846601e-07,2.033419568722938e-06,1.8614722581740333e-06
2013-02-02 20:00:00,5.754779572819145e-07,2.404009284796561e-06,1.930976046727617e-06
2013-02-02 21:00:00,5.119197389981026e-07,2.606966803184697e-06,1.9989885592169386e-06
2013-02-02 22:00:00,5.438937663481219e-07,2.42102261090426e-06,1.837680379958613e-06
2013-02-02 23:00:00,5.715219022372541e-07,2.603613829218052e-06,1.7940702536569864e-06
2013-02-03 00:00:00,5.841563934844106e-07,2.6514187347011338e-06,1.8562399826595129e-06
2013-02-03 01:00:00,5.852039152509125e-07,2.7009360566963443e-06,1.893291857807106e-06
2013-02-03 02:00:00,6.028298042623844e-07,2.656387067598924e-06,1.787839421084145e-06
2013-02-03 03:00:00,6.435348714521286e-07,2.26397645487881e-06,1.9223620031046348e-06
2013-02-03 04:00:00,5.96326784650117e-07,1.7438341216817463e-06,0.1337118819410197
2013-02-03 05:00:00,5.942476153770359e-07,1.6776104609466596e-06,3.7743570940678284
2013-02-03 06:00:00,6.106867928473142e-07,1.684463391114042e-06,0.16833945498648847
2013-02-03 07:00:00,6.140438051805463e-07,1.7279470188202895e-06,0.07641089567092019
2013-02-03 08:00:00,5.857774607317975e-07,1.8165983452733686e-06,0.005476481509408834
2013-02-03 09:00:00,3.412042293880139e-07,8.312291221402669e-07,1.6262112922695925e-06
2013-02-03 10:00:00,3.402957592564108e-07,7.23781048579547e-07,1.279054058915238e-06
2013-02-03 11:00:00,3.195312447817777e-07,7.550368662853916e-07,1.0265581414194115e-06
2013-02-03 12:00:00,3.245652626697692e-07,6.836144519021418e-07,9.979439320257408e-07
2013-02-03 13:00:00,3.2801744111389383e-07,7.618308257682814e-07,1.0270749855353658e-06
2013-02-03 14:00:00,3.334393293484688e-07,8.420379766807763e-07,9.624096061752892e-07
2013-02-03 15:00:00,3.3800445824764587e-07,1.0182384569001076e-06,9.531423501823581e-07
2013-02-03 16:00:00,3.42412424912708e-07,1.1271605981366387e-06,9.031981993118969e-07
2013-02-03 17:00:00,3.4336388176974444e-07,1.1770445399212159e-06,8.975924264108399e-07
2013-02-03 18:00:00,3.4638249818475564e-07,1.1876200828273355e-06,9.114352401715702e-07
2013-02-03 19:00:00,3.524694923737077e-07,1.2496849596442417e-06,9.348644677587239e-07
2013-02-03 20:00:00,3.5850404093689386e-07,1.0476230174870995e-06,9.894872588422626e-07
2013-02-03 21:00:00,3.654972214874236e-07,1.0333572941765092e-06,1.006211589072778e-06
2013-02-03 22:00:00,3.957158671657585e-07,1.0330458094825523e-06,1.0521856248288874e-06
2013-02-03 23:00:00,3.972437412093389e-07,1.118722479248952e-06,1.0088393421277478e-06
2013-02-04 00:00:00,4.094433979493675e-07,1.2050406892012171e-06,9.797107469602621e-07
2013-02-04 01:00:00,4.1525652648975855e-07,1.261929265388297e-06,1.0682375286135997e-06
2013-02-04 02:00:00,4.2011125333190934e-07,1.3294060604631753e-06,1.2342775017867462e-06
2013-02-04 03:00:00,4.0860199111865774e-07,1.2942287392390933e-06,1.2850385694873589e-06
2013-02-04 04:00:00,3.9086184919152943e-07,1.1756957532273436e-06,1.1675929564744775e-06
2013-02-04 05:00:00,3.7247828379577e-07,1.1083353951221962e-06,0.030500726609710035
2013-02-04 06:00:00,3.5690604449464133e-07,1.0700117754263343e-06,1.074238490244927e-06
2013-02-04 07:00:00,3.4866489304203434e-07,1.020839769871038e-06,1.0430992181544632e-06
2013-02-04 08:00:00,3.3182792285432554e-07,1.0429895453139e-06,9.722520744187862e-07
2013-02-04 09:00:00,3.128588617858021e-07,1.0348265023914796e-06,7.29642755009098e-07
2013-02-04 10:00:00,2.7910154448680883e-07,1.0209664840699397e-06,7.22069512905781e-07
2013-02-04 11:00:00,2.6969548991867355e-07,1.0320120893595227e-06,7.47210475879473e-07
2013-02-04 12:00:00,2.753345561973978e-07,9.954718532447556e-07,7.474551002541692e-07
2013-02-04 13:00:00,2.8156870915630275e-07,8.57591192824424e-07,7.026834561136266e-07
2013-02-04 14:00:00,2.829598731942342e-07,8.366551962621569e-07,7.325904853797285e-07
2013-02-04 15:00:00,3.2252167853753505e-07,1.0279608790506587e-06,7.304233930017235e-07
2013-02-04 16:00:00,3.5473138661960275e-07,1.0507899512738272e-06,7.110998531425161e-07
2013-02-04 17:00:00,3.518952456122648e-07,1.0414325812957911e-06,7.051586656505298e-07
2013-02-04 18:00:00,3.50761767945928e-07,1.0701506115305016e-06,7.17614717688224e-07
2013-02-04 19:00:00,3.505394774633392e-07,1.120883818658024e-06,7.408720735905599e-07
2013-02-04 20:00:00,3.487389104055142e-07,1.1827739735264306e-06,7.751108721681621e-07
2013-02-04 21:00:00,3.471095866733456e-07,1.2264872475738115e-06,8.146314155022125e-07
2013-02-04 22:00:00,3.4689789909076013e-07,1.2896041910447286e-06,8.456545733688597e-07
2013-02-04 23:00:00,3.4550039854750826e-07,1.3073614040501193e-06,8.788475587153542e-07
2013-02-05 00:00:00,3.450233426419735e-07,1.2317479298203092e-06,8.699362574929926e-07
2013-02-05 01:00:00,3.460999246957619e-07,1.2186680168204034e-06,8.74068796221939e-07
2013-02-05 02:00:00,3.444347181930035e-07,1.1924218920484473e-06,8.484823744370562e-07
2013-02-05 03:00:00,3.434415382104305e-07,1.1273855159677128e-06,7.950130574976609e-07
2013-02-05 04:00:00,3.441600245529837e-07,9.190098261393189e-07,7.014236451058776e-07
2013-02-05 05:00:00,3.487137373136529e-07,8.260858050193344e-07,6.698730406314705e-07
2013-02-05 06:00:00,3.546001605149901e-07,8.23562459706727e-07,6.975551425893533e-07
2013-02-05 07:00:00,3.479102534015614e-07,8.017490744728964e-07,7.019635581863406e-07
2013-02-05 08:00:00,3.226904221109023e-07,8.034700214351604e-07,6.755328062707835e-07
2013-02-05 09:00:00,3.031388240180454e-07,6.101679844200861e-07,6.485851148407465e-07
2013-02-05 10:00:00,3.383612608759493e-07,5.774329855556707e-07,6.650935288288478e-07
2013-02-05 11:00:00,3.1669715600739844e-07,5.717464698888979e-07,6.449789491879208e-07
2013-02-05 12:00:00,3.234255308801853e-07,6.513534749802466e-07,6.406684891559271e-07
2013-02-05 13:00:00,3.2548847829314764e-07,7.660451234143773e-07,6.773924612024104e-07
2013-02-05 14:00:00,3.3250457708003935e-07,7.497688477812911e-07,7.17702759653737e-07
2013-02-05 15:00:00,4.89974436639347e-07,1.0817741022442469e-06,1.1938574154167045e-06
2013-02-05 16:00:00,8.551600850641285e-07,1.4781044433304663e-06,0.12816985377903697
2013-02-05 17:00:00,9.038663370077629e-07,1.4509707895203251e-06,0.13390678279712814
2013-02-05 18:00:00,9.912927464983591e-07,1.4801500295588759e-06,0.13908828493814623
2013-02-05 19:00:00,1.0570396858820358e-06,1.5712307476674325e-06,0.1429443438859976
2013-02-05 20:00:00,1.1565690239191104e-06,1.6770161892034789e-06,0.15059825051458597
2013-02-05 21:00:00,1.4705037365149352e-06,1.5264802419828362e-06,0.1233920866948372
2013-02-05 22:00:00,1.4166284209623902e-06,1.4445065963142697e-06,2.1191077026302916e-06
2013-02-05 23:00:00,1.5069898197350786e-06,1.4709020480176051e-06,2.107987572223716e-06
2013-02-06 00:00:00,1.4972882680289273e-06,1.4870288932274637e-06,0.08489231497203195
2013-02-06 01:00:00,1.4727013250262361e-06,1.472744320227878e-06,0.10610471535129873
2013-02-06 02:00:00,1.4227627405144077e-06,1.468092258101141e-06,0.1611073600499917
2013-02-06 03:00:00,1.2860015667430103e-06,1.6012162576806986e-06,0.1581206351388696
2013-02-06 04:00:00,1.1909519481584196e-06,1.3444252665412925e-06,12.031278585476077
2013-02-06 05:00:00,1.1274225800064632e-06,1.5954330386306448e-06,29.809998022975165
2013-02-06 06:00:00,1.1258423460148743e-06,1.2751592002534383e-06,25.33881280530161
2013-02-06 07:00:00,1.1169609634695724e-06,1.2462374713075485e-06,22.94407880811538
2013-02-06 08:00:00,9.96532013721213e-07,1.312156789571004e-06,0.13208062563784434
2013-02-06 09:00:00,8.193794033125629e-07,1.3039069016121876e-06,0.11934426388124908
2013-02-06 10:00:00,7.386792956775184e-07,9.979660145846503e-07,0.11767197094320885
2013-02-06 11:00:00,6.954178295790935e-07,7.81095151445924e-07,0.11774654566924964
2013-02-06 12:00:00,7.198216723645517e-07,7.287300871768594e-07,0.12164883530249193
2013-02-06 13:00:00,8.008817223020354e-07,7.979676653168714e-07,0.13213491084740114
2013-02-06 14:00:00,8.810877965440429e-07,9.361347704159437e-07,20.967605545561113
2013-02-06 15:00:00,9.3033803879892e-07,1.170015532795885e-06,47.671318637142065
2013-02-06 16:00:00,1.0131318812305592e-06,0.000534417611335015,75.86326329698994
2013-02-06 17:00:00,9.612899104436139e-07,0.0005518012530553743,78.62230251114724
2013-02-06 18:00:00,9.013964876543498e-07,0.0006125439555343373,76.27745706721727
2013-02-06 19:00:00,8.672813012599121e-07,0.0006037145064160164,59.44180496075121
2013-02-06 20:00:00,8.507293540423842e-07,0.0006873657019548599,40.28233610222591
2013-02-06 21:00:00,8.497284479903389e-07,0.0007609124426953949,18.275276694184164
2013-02-06 22:00:00,6.886127410546962e-07,4.018470603802895e-06,0.3932197889788496
2013-02-06 23:00:00,6.88628820387849e-07,3.833047507048216e-06,0.09046424541934174
2013-02-07 00:00:00,6.910615815065194e-07,3.774800755439799e-06,0.18524692470966583
2013-02-07 01:00:00,6.700050750118661e-07,3.6952278456248184e-06,0.39637134603108004
2013-02-07 02:00:00,6.554013924640822e-07,3.667096793122199e-06,6.860329389628828
2013-02-07 03:00:00,8.108370022415432e-07,0.0007082920816417527,35.613037160661136
2013-02-07 04:00:00,8.497302516264652e-07,0.0006619360959541123,94.83031035351475
2013-02-07 05:00:00,9.273261397484553e-07,5.538226030280474,122.24742317185444
2013-02-07 06:00:00,9.65529571188035e-07,0.0006479076550459857,127.3212129568316
2013-02-07 07:00:00,9.948258634747312e-07,0.0005615816658040608,121.27828006401536
2013-02-07 08:00:00,9.1989611032446e-07,0.0005048820211467342,74.01299270417685
2013-02-07 09:00:00,8.637830511137597e-07,0.00044029422697062907,58.19866870342826
2013-02-07 10:00:00,9.194394832512243e-07,0.0004190863086362843,71.09330254407504
2013-02-07 11:00:00,9.124885727907932e-07,0.0003916457227044769,63.82297700693767
2013-02-07 12:00:00,8.970578250772764e-07,0.00039013726032700863,61.72847790073174
2013-02-07 13:00:00,9.27656128530729e-07,0.000408109999111684,69.29323244649734
2013-02-07 14:00:00,1.1516123192119046e-06,0.0004431644056674433,84.25449305312576
2013-02-07 15:00:00,23.767734558505346,0.0008051143749775135,103.15589879212617
2013-02-07 16:00:00,49.61259505527038,73.41843823757921,118.35534869285044
2013-02-07 17:00:00,59.50514734753076,84.52020895836151,128.37077212863454
2013-02-07 18:00:00,64.01772691148278,89.54893325923577,134.397833485284
2013-02-07 19:00:00,62.091346034782326,87.53283147750841,133.98606765363704
2013-02-07 20:00:00,46.17562155235964,66.10514763683317,111.59445598613813
2013-02-07 21:00:00,18.54369944079904,21.292815922667568,80.85979549052698
2013-02-07 22:00:00,3.2950334303784964e-06,5.1423716505660784e-06,37.36454230858407
2013-02-07 23:00:00,3.088131473466536e-06,4.9304848997411e-06,20.944576219629884
2013-02-08 00:00:00,3.0057683609850363e-06,4.7100330369247344e-06,21.35620806580739
2013-02-08 01:00:00,3.1877473368298587e-06,4.833110873640054e-06,29.630179586596853
2013-02-08 02:00:00,15.22217372018727,16.39484160522603,49.13556832522743
2013-02-08 03:00:00,68.79510553866078,78.94840819739977,98.99812215791823
2013-02-08 04:00:00,134.53029930914533,153.48515489266597,170.40738657360342
2013-02-08 05:00:00,139.9743404812001,167.46975731111036,180.46172730176986
2013-02-08 06:00:00,133.46228658743271,157.02976186645046,177.24487851689386
2013-02-08 07:00:00,124.95274219644978,147.55627618319696,164.08218237229877
2013-02-08 08:00:00,101.33224638434153,110.21482653257402,128.70173392814445
2013-02-08 09:00:00,79.91078392045793,84.85242049252882,115.78006901697054
2013-02-08 10:00:00,66.84060147513271,65.18756337445873,108.03562078082236
2013-02-08 11:00:00,59.486529844485986,53.18031686046156,97.53928077937555
2013-02-08 12:00:00,57.534743243014454,50.33528646101151,92.71002784506923
2013-02-08 13:00:00,58.87826109918537,51.36618231077914,94.28218357324802
2013-02-08 14:00:00,66.84905626286879,68.64226021911941,100.16044722675285
2013-02-08 15:00:00,74.66845631417164,80.56456486900841,112.44596988484335
2013-02-08 16:00:00,91.65779941447973,122.64045941774206,145.96496376945896
2013-02-08 17:00:00,96.33295370592064,167.11809200844513,176.54047394325923
2013-02-08 18:00:00,102.49675781162748,172.15353639317652,179.0347895595254
2013-02-08 19:00:00,101.3814275787034,165.39324034283416,176.45445073923807
2013-02-08 20:00:00,82.89133723365512,150.57646907583944,167.2136479754256
2013-02-08 21:00:00,48.34672326276506,85.39146446784991,194.5153748868287
2013-02-08 22:00:00,8.675533963984071,13.953029734556589,183.97069129115863
2013-02-08 23:00:00,0.0001906709716064938,0.001273341200412461,157.81589006526622
2013-02-09 00:00:00,16.67548116386998,44.94942014388629,184.91676947243877
2013-02-09 01:00:00,27.359320624372828,61.66918998152249,206.82847840167437
2013-02-09 02:00:00,54.325255384670264,95.41184532840457,223.2351959978956
2013-02-09 03:00:00,113.62139115421198,218.43539170634284,248.24407922374394
2013-02-09 04:00:00,187.81784842931447,327.6177186311022,245.65569354374355
2013-02-09 05:00:00,196.3163918997406,358.6693309851355,231.87576103074645
2013-02-09 06:00:00,176.82527428389065,376.9147360204721,239.84910458428436
2013-02-09 07:00:00,169.93038884123857,321.87395832961215,246.3464710826272
2013-02-09 08:00:00,149.93429983504865,221.41681183520902,194.62055557632064
2013-02-09 09:00:00,149.34534533400625,145.3424138160843,162.63505023987233
2013-02-09 10:00:00,126.52636783920586,107.71510063966885,149.52795543858144
2013-02-09 11:00:00,114.24527537356207,88.22332856696539,142.00546136975123
2013-02-09 12:00:00,113.25157443461038,90.24076026091207,145.37936797273196
2013-02-09 13:00:00,115.05195807137362,103.36829626582313,145.52270249717844
2013-02-09 14:00:00,104.13827127540382,138.9619108589909,196.45383139267483
2013-02-09 15:00:00,111.80561642958345,173.46541622819979,220.17127690550748
2013-02-09 16:00:00,118.6746733824546,145.170040343265,255.55693733633166
2013-02-09 17:00:00,123.45979772260115,149.7265926780815,265.2992034708638
2013-02-09 18:00:00,129.72771004158363,176.4294470686726,268.4212283737346
2013-02-09 19:00:00,129.6381522508348,155.70680850840114,276.19005048772334
2013-02-09 20:00:00,108.9675584838527,157.06727460701583,277.18443182035156
2013-02-09 21:00:00,69.62177715430728,133.15139600662334,313.6225249843168
2013-02-09 22:00:00,28.558367136341182,77.11524914818213,314.5474587565585
2013-02-09 23:00:00,8.740775560895933,31.456331256977535,305.170494073678
2013-02-10 00:00:00,14.50617052212818,32.769297991933,275.08849513086346
2013-02-10 01:00:00,20.221217837465606,40.75387242841755,254.0017625155995
2013-02-10 02:00:00,39.18284909825753,69.46079504585975,221.98749389124112
2013-02-10 03:00:00,81.84062595867871,123.24606343592517,226.16444614824127
2013-02-10 04:00:00,105.95739704869628,138.41218563356628,206.61750494980623
2013-02-10 05:00:00,95.00139224283501,146.5000912298167,191.92692468999093
2013-02-10 06:00:00,58.50677531788838,123.65582025873732,188.6321700309426
2013-02-10 07:00:00,23.205497581159385,112.12998362109244,174.76933456212825
2013-02-10 08:00:00,9.669367082505542e-07,20.287647447813853,101.0859017254415
2013-02-10 09:00:00,8.49362375477319e-07,5.671687118170026,74.51028573019033
2013-02-10 10:00:00,8.524080273032613e-07,1.0279610169419265e-06,50.42596016313704
2013-02-10 11:00:00,7.863090821762298e-07,1.080593279060359e-06,39.13683097611973
2013-02-10 12:00:00,7.077192700302899e-07,1.0021859692945038e-06,34.55771512325587
2013-02-10 13:00:00,6.89667767532091e-07,9.345867880131157e-07,33.00572178687519
2013-02-10 14:00:00,7.069965913937853e-07,1.1499281050256814e-06,44.266511057499734
2013-02-10 15:00:00,7.728217411947604e-07,1.4641305303190181e-06,78.95578862668376
2013-02-10 16:00:00,8.313146952884717e-07,0.8706616993676486,102.15959223060808
2013-02-10 17:00:00,8.072280821730265e-07,11.29079033076051,101.84953597508797
2013-02-10 18:00:00,7.946374096832753e-07,18.32228778300785,87.31455810481727
2013-02-10 19:00:00,7.828147893588758e-07,14.623338975355859,80.37826207437573
2013-02-10 20:00:00,7.762780081344317e-07,1.8753525088548102e-06,66.77824932269941
2013-02-10 21:00:00,7.131111587976587e-07,1.8229431157950437e-06,39.24473817287752
2013-02-10 22:00:00,7.076685690598693e-07,1.8340997870584877e-06,21.936484049724125
2013-02-10 23:00:00,7.00342621727024e-07,1.7583781281047867e-06,12.266082284979838
2013-02-11 00:00:00,7.007077606606385e-07,1.7014859610770856e-06,9.285001992974149
2013-02-11 01:00:00,7.033205020091742e-07,1.7090559510753282e-06,9.35721143294005
2013-02-11 02:00:00,7.017227613983277e-07,1.7138662642062284e-06,15.048541931800893
2013-02-11 03:00:00,6.907045763809217e-07,1.6854635827514237e-06,30.059308507583705
2013-02-11 04:00:00,23.05391968328062,47.69035136172011,80.92236227473563
2013-02-11 05:00:00,36.74183321987609,66.39583082382359,90.05217358867053
2013-02-11 06:00:00,33.84248186660164,55.31634347250663,88.40805313130896
2013-02-11 07:00:00,31.11124263713564,44.56489059545477,88.40525982317135
2013-02-11 08:00:00,16.685903689459707,26.16776365718312,52.2775636501865
2013-02-11 09:00:00,5.708801342932621,14.346016691002378,21.680261306179755
2013-02-11 10:00:00,6.616694555892486e-05,4.396978582357994,9.791552383156997
2013-02-11 11:00:00,6.497152761090017e-05,2.269549910829784,5.687826557938201
2013-02-11 12:00:00,6.459537568929707e-05,1.5314672702147816,3.7271817796143054
2013-02-11 13:00:00,6.585114798224907e-05,24.08489024549629,7.790882757579315
2013-02-11 14:00:00,6.855835011826303e-05,36.409632856263634,38.79971337779553
2013-02-11 15:00:00,5.257412431348054,56.99308211942169,64.5709539299642
2013-02-11 16:00:00,19.385311868058118,88.61810933622145,89.9575835224011
2013-02-11 17:00:00,21.659158405531453,124.88344757810371,93.33202733989262
2013-02-11 18:00:00,20.800966799708434,107.98144207585128,92.18183317990113
2013-02-11 19:00:00,19.852084120078885,127.66325285748515,85.37262051998894
2013-02-11 20:00:00,2.1689995282665055,116.4639784719378,70.0725981902666
2013-02-11 21:00:00,7.82875559201854e-07,75.93129394261906,55.82693550961708
2013-02-11 22:00:00,8.407522359079356e-07,25.418924015239025,27.31685090767485
2013-02-11 23:00:00,8.60160670790336e-07,4.853887082319196,14.504889200994263
2013-02-12 00:00:00,8.657566992654785e-07,28.27877711263844,16.50420146869804
2013-02-12 01:00:00,8.9295017784992e-07,36.406221814626775,22.740920052166103
2013-02-12 02:00:00,9.099144804528273e-07,65.37650275621247,41.93227215434844
2013-02-12 03:00:00,9.138551277623619e-07,129.0692255658878,89.35598121678301
2013-02-12 04:00:00,13.232290389779898,232.87597803705185,131.70204777388196
2013-02-12 05:00:00,26.642157347465382,208.9954114353089,140.05963363101728
2013-02-12 06:00:00,16.881119439403886,206.8064840498973,143.90094807618195
2013-02-12 07:00:00,7.388150331648894,203.2049608307691,139.73845770035993
2013-02-12 08:00:00,9.314226059251619e-05,161.41820493773037,113.15220086574871
2013-02-12 09:00:00,9.2127629160018e-05,151.40540911263628,97.15939138633561
2013-02-12 10:00:00,8.796340703512317e-05,141.25144789759517,81.34014223107901
2013-02-12 11:00:00,9.900333842469125e-05,158.1547175822211,78.10788996586146
2013-02-12 12:00:00,67.98484737298766,155.39334469820258,101.2780603235598
2013-02-12 13:00:00,82.09094315043413,175.29323539541664,122.92403759781978
2013-02-12 14:00:00,90.46600031089389,178.02180653354165,134.4196735609243
2013-02-12 15:00:00,102.50316879914826,203.66292673725277,161.6933155298781
2013-02-12 16:00:00,105.94432012986607,177.31179435541668,169.75864748696554
2013-02-12 17:00:00,113.46830323325467,182.55334336876896,176.61891005638327
2013-02-12 18:00:00,120.54863375634923,203.7550977918419,193.01621284553158
2013-02-12 19:00:00,116.599203521235,193.9707136366773,197.95668287019245
2013-02-12 20:00:00,99.33604296671835,171.211226943938,208.0666741676175
2013-02-12 21:00:00,65.83963619619148,126.60355028466198,210.25405770227752
2013-02-12 22:00:00,27.42333295339239,52.55043957664519,269.2273598196737
2013-02-12 23:00:00,10.354080443241516,32.64570960649712,255.11446279746878
2013-02-13 00:00:00,16.962568625264055,36.76974733373236,274.86474379056983
2013-02-13 01:00:00,23.04826349423432,48.405139967825335,278.9948271841413
2013-02-13 02:00:00,43.03667095738236,80.50760477342979,295.30219177856355
2013-02-13 03:00:00,95.9363369662115,156.88229810511496,299.8042828322481
2013-02-13 04:00:00,166.6961432146006,266.69622038816243,245.0040499799868
2013-02-13 05:00:00,166.5827179123506,245.6094453556965,243.34143167234654
2013-02-13 06:00:00,164.37748117060312,253.25609214861112,245.7884464296973
2013-02-13 07:00:00,151.45921885521494,239.70078539437785,235.28586195759547
2013-02-13 08:00:00,157.0150765193327,165.8961346541248,186.12279068428893
2013-02-13 09:00:00,156.7385452571323,13.588491940520473,143.8722776459474
2013-02-13 10:00:00,121.25665798029966,0.2837756360778633,121.97687632943712
2013-02-13 11:00:00,100.57721710046486,0.00029111916248561063,120.07587420419226
2013-02-13 12:00:00,91.5844726525034,0.00028890473236963096,130.9326681483675
2013-02-13 13:00:00,85.8981924888089,0.00030357300206651755,133.06444899094694
2013-02-13 14:00:00,86.98637308263044,0.00035834705682392015,153.23164541301767
2013-02-13 15:00:00,90.98737005554574,83.5139919414514,179.51356311615046
2013-02-13 16:00:00,97.16819994771889,102.9250594346597,196.02220478860593
2013-02-13 17:00:00,99.03689821303298,110.24650570062643,202.76820289410819
2013-02-13 18:00:00,94.24011263741961,146.56188420760546,200.94267744923172
2013-02-13 19:00:00,0.00010956143152900321,148.71160281972433,195.14308738474855
2013-02-13 20:00:00,0.00010587960126130777,130.51927087223683,176.13120531669324
2013-02-13 21:00:00,9.644447855629736e-07,89.99509893467123,135.53867102192135
2013-02-13 22:00:00,9.221901532086544e-07,42.2574618373304,90.87571670689276
2013-02-13 23:00:00,8.858365939279092e-07,22.72343286071993,68.96573387897334
2013-02-14 00:00:00,8.526034364834443e-07,26.94644037620172,80.32403340385702
2013-02-14 01:00:00,8.159983662871315e-07,27.16827450622891,76.8713731995442
2013-02-14 02:00:00,8.185069479973346e-07,43.422388994886134,87.2070322433272
2013-02-14 03:00:00,7.870592684514939e-07,79.35595405143981,118.6621488258058
2013-02-14 04:00:00,18.700864133862403,79.1482675070443,156.1124965511999
2013-02-14 05:00:00,35.782693416237464,107.65150425338221,146.76603725219832
2013-02-14 06:00:00,39.01586810315559,106.28014033952509,140.39587347653546
2013-02-14 07:00:00,40.650426545523004,101.57832732249739,123.88141395163699
2013-02-14 08:00:00,26.25252811002449,78.64812113914083,77.99474958964319
2013-02-14 09:00:00,17.6148260182647,56.74946063807039,56.81269991107786
2013-02-14 10:00:00,10.16629319189432,43.1164833508616,34.13170695367965
2013-02-14 11:00:00,6.301151542087141,33.83467227461318,23.246465600102432
2013-02-14 12:00:00,5.417090496892751,29.857403236096033,24.605961151048092
2013-02-14 13:00:00,6.739253511252036,33.943220679118035,48.33933408910441
2013-02-14 14:00:00,11.765685890120977,43.43359670583574,58.96525972967528
2013-02-14 15:00:00,21.126561729091463,58.89092746139507,76.51444522301871
2013-02-14 16:00:00,31.77112279001638,81.48758938430049,93.7449485413629
2013-02-14 17:00:00,36.43285559539507,92.62906380249956,94.5584099484827
2013-02-14 18:00:00,32.86015624260341,89.99299841662365,94.73016225358144
2013-02-14 19:00:00,18.072572205288314,70.23660246885238,93.96122784014426
2013-02-14 20:00:00,9.333905999225417,19.252617505436927,85.21545295983533
2013-02-14 21:00:00,46.61388240627074,72.91783823207454,65.86733494567216
2013-02-14 22:00:00,17.601981341644734,24.72814763016609,53.70718840980989
2013-02-14 23:00:00,0.9657435561639168,0.30702873436055506,36.487192605333796
2013-02-15 00:00:00,0.00021616105753188193,0.0009042283642340635,23.56509713973888
2013-02-15 01:00:00,0.00024341160716739583,0.0009735546208965613,26.532590747835865
2013-02-15 02:00:00,0.00028835224400537425,0.0010021126278729434,52.75555545094053
2013-02-15 03:00:00,37.11600798589225,31.310919024081077,96.64719201063632
2013-02-15 04:00:00,119.96544487305613,118.22973991789752,154.45098189242538
2013-02-15 05:00:00,127.23092928049122,134.41036041025652,173.13473801150144
2013-02-15 06:00:00,111.34890460609289,121.38990833409376,192.90237421986373
2013-02-15 07:00:00,101.66406975128723,101.06104878186991,172.4180085463944
2013-02-15 08:00:00,78.5002277016925,67.6818503981783,120.19053699453946
2013-02-15 09:00:00,62.90002823176479,45.72247763570475,101.3441045427249
2013-02-15 10:00:00,45.145383648786776,29.00639318121713,92.07599461102164
2013-02-15 11:00:00,33.662413444142324,22.42495087781336,84.35503025795096
2013-02-15 12:00:00,29.634096170461685,17.899695535775287,86.89683618720136
2013-02-15 13:00:00,27.124794253602676,15.685965389832468,121.73955683710571
2013-02-15 14:00:00,30.688971504425297,17.790574825876668,194.87226333492583
2013-02-15 15:00:00,35.5755590166813,29.998801663864164,262.5950361849653
2013-02-15 16:00:00,41.17423921071391,33.51138950371903,270.5466648869812
2013-02-15 17:00:00,46.80918358746846,44.96820178985261,265.23801511424585
2013-02-15 18:00:00,52.84953920650959,51.55517220545137,265.5036305966749
2013-02-15 19:00:00,53.25202880950107,48.496068049166084,269.81789609513834
2013-02-15 20:00:00,38.828307743519325,113.78503643523338,286.2079020345491
2013-02-15 21:00:00,0.0003358712408794028,266.4334015460641,320.59021895338424
2013-02-15 22:00:00,0.00031376944454097834,430.4673609801913,332.79233075828927
2013-02-15 23:00:00,0.0003516792012285554,427.90953032215054,327.87063753388725
2013-02-16 00:00:00,0.0003858134221655284,431.41644238278553,314.35175902991
2013-02-16 01:00:00,0.0003804522350426283,432.39872625548617,305.9624516762511
2013-02-16 02:00:00,0.00038353471316058505,435.6625544272727,304.75397461789834
2013-02-16 03:00:00,11.665999699434492,439.46608208030284,306.8727440888539
2013-02-16 04:00:00,89.96700899549185,444.77200619813493,307.2303684591227
2013-02-16 05:00:00,112.94806094100682,419.9294989796312,287.40935671180034
2013-02-16 06:00:00,94.69922906512947,392.29385397831106,296.4208875830793
2013-02-16 07:00:00,329.89386598883124,364.0530942506618,291.07630047398925
2013-02-16 08:00:00,60.06300638802069,255.623784377236,208.4054778924052
2013-02-16 09:00:00,44.62436772429617,42.01102794698383,225.60156147891595
2013-02-16 10:00:00,27.935987494203342,21.957819649381783,210.56922726468494
2013-02-16 11:00:00,7.481369146450572,9.728420459263976,180.442244084919
2013-02-16 12:00:00,2.9128777263968773,1.1229907295626902,179.357116037161
2013-02-16 13:00:00,1.4468655824213956,0.000834356133488425,181.4311401886956
2013-02-16 14:00:00,4.62744465956204,0.25639855218981866,212.66887863845685
2013-02-16 15:00:00,14.58561245086236,17.308738661275143,217.41521884124472
2013-02-16 16:00:00,27.42231092118522,34.75118120219222,247.25025855755655
2013-02-16 17:00:00,40.145794610827906,44.6390284533417,282.2284529512932
2013-02-16 18:00:00,49.0124283881306,59.04636385202652,283.77135981029124
2013-02-16 19:00:00,49.18353074323032,72.2042120283022,294.5744959807182
2013-02-16 20:00:00,43.724969582368836,459.81416347667533,319.61731852458627
2013-02-16 21:00:00,209.82076324538912,459.1474725128532,324.82442380247727
2013-02-16 22:00:00,140.39328084063092,457.53536628446113,305.05589606975104
2013-02-16 23:00:00,97.8548024563918,59.86588003537176,293.4820141328307
2013-02-17 00:00:00,61.69603725047723,62.91039120256569,301.74807524837115
2013-02-17 01:00:00,12.144486378915058,113.89834635711499,308.01554294798564
2013-02-17 02:00:00,73.23990320074597,92.56213085533479,317.7849182860357
2013-02-17 03:00:00,82.31835637681277,194.6950143482962,330.6011554852305
2013-02-17 04:00:00,147.97865276943307,149.62987069419208,313.3418918190949
2013-02-17 05:00:00,161.0292910553885,148.8011311544453,293.994076641475
2013-02-17 06:00:00,147.09093624469466,133.88087211257715,302.77074435954563
2013-02-17 07:00:00,127.34184200939417,123.32417224677245,257.6038896624934
2013-02-17 08:00:00,93.10449550991358,65.56516306852421,122.11077776989093
2013-02-17 09:00:00,75.83587029710971,49.035347694287324,111.49987657747745
2013-02-17 10:00:00,61.49223408879643,36.11494019695349,95.73904183892665
2013-02-17 11:00:00,47.366753615931,25.735201008053327,93.22536232778998
2013-02-17 12:00:00,41.74739918123936,20.3070532284497,123.25298308992956
2013-02-17 13:00:00,41.323925308943565,17.47153314170712,127.05146835966714
2013-02-17 14:00:00,52.53319470391703,19.117900535107903,160.58117430395984
2013-02-17 15:00:00,74.39366155889728,29.334100523862137,204.5377243747493
2013-02-17 16:00:00,94.41038154527037,51.40583230679796,250.10406449126367
2013-02-17 17:00:00,109.56046987513186,60.5051085392188,260.14798977996946
2013-02-17 18:00:00,123.62805462788701,69.93283522635672,252.20559991637606
2013-02-17 19:00:00,118.30731160337163,69.85950346514406,234.5527512108581
2013-02-17 20:00:00,151.30973980060938,65.01004666412149,258.1974595739968
2013-02-17 21:00:00,106.60131621068713,19.291820642308533,243.18752121442955
2013-02-17 22:00:00,112.80927641160449,0.0008914936089724418,206.3049684820792
2013-02-17 23:00:00,112.77804023194942,0.0009424048134500632,169.4801574234521
2013-02-18 00:00:00,117.8181562241589,0.0009418650355843398,161.78002023028364
2013-02-18 01:00:00,131.90692884585584,0.0009779368776468103,158.1555945387699
2013-02-18 02:00:00,143.84608787112847,17.177843343102555,170.25665757491512
2013-02-18 03:00:00,176.44420122768437,86.37776311640928,212.32334197890106
2013-02-18 04:00:00,244.9421421666063,164.62347035545116,251.48321508176295
2013-02-18 05:00:00,269.1364090380176,204.78796996841118,239.80950897895514
2013-02-18 06:00:00,260.04840455968343,204.86787588591253,236.9734013648594
2013-02-18 07:00:00,254.00584772879614,207.34090675619527,226.50313128980218
2013-02-18 08:00:00,126.80830218136947,68.42391333240079,117.81478687046028
2013-02-18 09:00:00,87.62854555466609,0.0002816599912867645,91.89825692142954
2013-02-18 10:00:00,63.59473827043512,0.0002578032877297246,74.00367637323204
2013-02-18 11:00:00,50.269672574294425,9.49242350316216e-07,61.420010102831284
2013-02-18 12:00:00,44.565757099779425,1.0056781054579122e-06,60.953577657395726
2013-02-18 13:00:00,47.27078364308086,1.2740684058017727e-06,60.39042618653335
2013-02-18 14:00:00,59.345025687614424,0.00029415532234025544,68.79372033183238
2013-02-18 15:00:00,85.14674329640748,37.15392539115745,84.43079158063576
2013-02-18 16:00:00,90.75299627762953,82.20486376612264,139.90317441906996
2013-02-18 17:00:00,98.79667297079388,90.70616091123334,152.98562973188686
2013-02-18 18:00:00,118.71699217613832,109.39914143668153,153.059717478047
2013-02-18 19:00:00,120.32057808516231,113.75995113541609,143.8825429874087
2013-02-18 20:00:00,90.32403478496026,90.48069262422331,116.56101961769876
2013-02-18 21:00:00,36.944395187615925,42.418537992416425,61.74109334137056
2013-02-18 22:00:00,0.00031919806170390124,0.0008740210302856257,41.52091226317119
2013-02-18 23:00:00,0.00032071243939526216,0.0008871099365864388,9.757471362067639
2013-02-19 00:00:00,0.00024190988233984488,0.0010516804420976982,2.6913539156037776
2013-02-19 01:00:00,0.0001700710230137857,0.001064574065221422,11.461354778872797
2013-02-19 02:00:00,0.00014717888944897365,79.0733829460033,8.389719935958121
2013-02-19 03:00:00,23.5505517429655,283.14964028159835,39.419337941820054
2013-02-19 04:00:00,66.69077695540646,301.61372897577485,94.80036255117926
2013-02-19 05:00:00,82.34558526624645,269.53064239494245,115.84861450526061
2013-02-19 06:00:00,83.64798023441685,263.5731418321623,110.35944108034195
2013-02-19 07:00:00,76.74574986339202,264.59976616651267,88.46043720406152
2013-02-19 08:00:00,67.8168557198548,131.66006006196054,77.79445750773591
2013-02-19 09:00:00,19.891387148824286,0.0008891065403645043,35.12178663431885
2013-02-19 10:00:00,0.00021812886366138064,0.00043463700420749723,36.937856375967755
2013-02-19 11:00:00,0.000157032039531434,0.00035389820251701483,20.96881104100608
2013-02-19 12:00:00,0.00014312540216552608,0.00037972596293488436,22.845596859245045
2013-02-19 13:00:00,0.00013003171126141645,0.000396606230326794,34.56193124202022
2013-02-19 14:00:00,0.00012312786181043086,0.0004938846761100331,42.328263818004096
2013-02-19 15:00:00,0.00011059056963075683,14.902571925485988,64.8410051111717
2013-02-19 16:00:00,0.00010646208211774984,95.21481229712847,71.86817657329948
2013-02-19 17:00:00,0.00010078800320140955,66.2308179973922,75.97627863958357
2013-02-19 18:00:00,9.570055160787068e-05,109.08430009988474,80.71648177358091
2013-02-19 19:00:00,9.429656053233336e-05,106.20202610579359,76.02526586013835
2013-02-19 20:00:00,9.404544905678503e-05,77.60242148752103,55.69622630497916
2013-02-19 21:00:00,9.588299138055224e-05,12.128332594612365,21.074006256599997
2013-02-19 22:00:00,1.2815785558099528e-06,7.348576711693673e-06,0.21020189788135743
2013-02-19 23:00:00,1.3112705576497919e-06,6.158297747312384e-06,0.12456302593971288
2013-02-20 00:00:00,1.3217034293775423e-06,5.870776963329526e-06,0.19603183234325391
2013-02-20 01:00:00,0.00010232623836169145,5.51644918870778e-06,0.1969894045294422
2013-02-20 02:00:00,0.00010104465978154512,7.1733554482665,11.562035959566561
2013-02-20 03:00:00,0.00010531786969132894,48.93480330638778,49.45925226114943
2013-02-20 04:00:00,0.00010837405143046201,107.61051526733308,106.81080375601739
2013-02-20 05:00:00,15.310463412910895,130.4259017705095,122.74476964608571
2013-02-20 06:00:00,4.956144966263231,136.93439718756915,121.17874115851922
2013-02-20 07:00:00,0.00010925885971959829,122.22231565144386,96.99731121524053
2013-02-20 08:00:00,8.02811560892418e-05,0.0003418723617961294,31.346647659952467
2013-02-20 09:00:00,1.0312882021961751e-06,1.07807599578807e-06,2.366553433839174
2013-02-20 10:00:00,8.166585634185456e-07,9.770384236996925e-07,7.872255489533567
2013-02-20 11:00:00,3.0329119262991916e-06,8.597229243966901e-07,8.88697790458263
2013-02-20 12:00:00,9.575555652303135e-05,8.864695358191499e-07,28.606493788843768
2013-02-20 13:00:00,0.00010368838295672278,1.2327200650872852e-06,31.401332278500988
2013-02-20 14:00:00,0.0001034393729775172,0.0003145459386580159,39.14410829015173
2013-02-20 15:00:00,0.00010198415415933136,0.0004299203375093475,62.78394781494537
2013-02-20 16:00:00,0.00011075729844059268,0.0005010219912275021,93.03954542582358
2013-02-20 17:00:00,0.00011128632290627413,0.0004999151586860033,100.74517983402575
2013-02-20 18:00:00,0.0001113353616002553,0.0005001832767526357,99.43954329897934
2013-02-20 19:00:00,0.00011147903566029771,0.0005000060965771177,90.47236521890804
2013-02-20 20:00:00,0.00011269215260479098,0.0004983611152060659,72.17037487935275
2013-02-20 21:00:00,0.00011481846012751711,0.000550972170819366,42.85318754292408
2013-02-20 22:00:00,0.00012443074680247143,0.0006224327725282113,14.692999727988823
2013-02-20 23:00:00,0.00011761238698750936,3.793993078301295e-06,3.5098147582302115
2013-02-21 00:00:00,0.00011827705017632495,0.0006059139621589061,20.571833247463843
2013-02-21 01:00:00,0.00012893788951914901,0.0005862418694815073,23.996643660949285
2013-02-21 02:00:00,0.00013940501185826955,0.0005383790026626494,40.47903023773333
2013-02-21 03:00:00,0.00011173482779888007,0.0004932774738745358,87.33530287258992
2013-02-21 04:00:00,28.76097251181124,125.40879428719431,136.45988440995092
2013-02-21 05:00:00,50.95697202965325,155.78740640494124,145.05867944732535
2013-02-21 06:00:00,44.77929887389279,145.5243119324684,144.57508886416855
2013-02-21 07:00:00,40.61693760915876,86.59754875038439,136.60192909465596
2013-02-21 08:00:00,2.0677441119532696,28.648934031056232,69.585368900036
2013-02-21 09:00:00,0.00010441939630358808,13.567911380127947,42.95535721229213
2013-02-21 10:00:00,9.773280232835378e-05,5.979324995155355,41.18178346685008
2013-02-21 11:00:00,9.544915032390991e-05,1.0511376602819067,33.81757707252352
2013-02-21 12:00:00,0.0001110054555453997,0.0004231990233523402,55.27227190522425
2013-02-21 13:00:00,0.00012341523887976315,0.0004276346334587851,61.81519136823817
2013-02-21 14:00:00,1.5177516021919448,0.00045971776796185584,78.47336175879624
2013-02-21 15:00:00,5.646072204823911,4.53863645959954,98.08724190348332
2013-02-21 16:00:00,16.90152359608583,40.81867704981211,125.84245460008873
2013-02-21 17:00:00,24.826339773795436,109.9183215646295,133.43638939155701
2013-02-21 18:00:00,21.37014221521659,93.97496041672005,137.24938374737755
2013-02-21 19:00:00,12.166219380510563,99.7253619844268,132.79576219346265
2013-02-21 20:00:00,2.5055892215031927,41.76151567129333,107.24141251760973
2013-02-21 21:00:00,0.00010167920638834641,0.0004925671849180301,80.73792574001146
2013-02-21 22:00:00,0.00010359430482363088,0.0004962920871391246,42.993635311331936
2013-02-21 23:00:00,0.00010694482747885303,0.0004989595301874803,25.10927034784238
2013-02-22 00:00:00,0.00010586480833298056,0.0004973436255923532,47.56375319766601
2013-02-22 01:00:00,0.00010574195946691418,0.0004974090004539628,52.87316261409294
2013-02-22 02:00:00,0.00010364029190034538,0.0004959821185793427,72.4922909343137
2013-02-22 03:00:00,0.00010140460589923647,5.642090236570934,118.56665824665525
2013-02-22 04:00:00,68.42988395212592,141.39425966069896,151.83187381832974
2013-02-22 05:00:00,121.12827099418361,167.13998299701942,147.0421854429407
2013-02-22 06:00:00,118.75182910001435,161.09738134681533,148.0537986036535
2013-02-22 07:00:00,54.09553644871495,105.70766512159207,153.94452211610476
2013-02-22 08:00:00,17.5627455784744,46.67905312102115,87.30599259869933
2013-02-22 09:00:00,1.2159282025743618,28.441092768070416,70.75042656651333
2013-02-22 10:00:00,9.650936642637525e-05,25.44036532611522,86.06336959823471
2013-02-22 11:00:00,1.1900175284453496,23.01529149646139,93.10389515660187
2013-02-22 12:00:00,6.964276336007868,24.810839440899745,101.35370749340014
2013-02-22 13:00:00,19.420991451810355,24.72834131079624,80.12703772984761
2013-02-22 14:00:00,13.814190889428529,32.05446598936712,92.85554604045997
2013-02-22 15:00:00,20.1773231559243,46.23186613463644,120.41687457397315
2013-02-22 16:00:00,47.17747255088816,91.39732053812604,138.73648092936767
2013-02-22 17:00:00,42.629617974253755,142.99812018979154,139.34099455314015
2013-02-22 18:00:00,37.98606098768244,146.043757848842,139.26917366674755
2013-02-22 19:00:00,25.060209971412654,129.05237591765692,138.4347017400375
2013-02-22 20:00:00,32.107925297087775,87.55276578245392,122.49417425262413
2013-02-22 21:00:00,0.00010624141491204855,28.590514989626744,89.76763127159577
2013-02-22 22:00:00,9.716879309886778e-05,2.9468324786815185,64.74332966102925
2013-02-22 23:00:00,9.812172065627527e-05,2.996347607969875,45.12403727035543
2013-02-23 00:00:00,9.877793982020447e-05,3.2045625393246473,44.9033897297533
2013-02-23 01:00:00,9.843719520630753e-05,2.949578028263845,49.51563481331693
2013-02-23 02:00:00,9.737792484492651e-05,2.3438852956400544,67.00182652773273
2013-02-23 03:00:00,0.00010845631735951025,56.27896955163525,102.6465620812766
2013-02-23 04:00:00,62.26196652923042,197.938768392384,124.95917895605686
2013-02-23 05:00:00,78.83646499740769,213.51583538390844,125.33031753479992
2013-02-23 06:00:00,58.828026459220055,186.84755713089532,117.52406669769866
2013-02-23 07:00:00,20.85775769632018,171.38816527421244,90.50594210607012
2013-02-23 08:00:00,4.47975892016946,68.94190439157484,41.80193191059138
2013-02-23 09:00:00,0.05437595126447893,35.627643518485684,25.942250661083534
2013-02-23 10:00:00,7.233273920465111e-05,43.14526243791459,20.478122199156388
2013-02-23 11:00:00,7.593932196028433e-05,40.077476473708636,21.393073984110302
2013-02-23 12:00:00,0.04785356861637536,45.56819914433383,24.349206399649912
2013-02-23 13:00:00,0.019553738478910215,44.751710055934744,26.66729865718472
2013-02-23 14:00:00,0.04854911023889778,60.725362085155204,35.053171196226664
2013-02-23 15:00:00,0.053956828662033704,91.50547064508693,59.60785661591719
2013-02-23 16:00:00,0.07535581269851736,137.23460407688498,80.64849367754506
2013-02-23 17:00:00,0.09419986021826156,160.2869878488018,87.84517488185251
2013-02-23 18:00:00,0.0836900939374306,150.167298632738,86.62224366244055
2013-02-23 19:00:00,0.07662281882656542,138.21305249156904,82.32527662487676
2013-02-23 20:00:00,0.06330620866860377,99.9434656552569,62.096124484757155
2013-02-23 21:00:00,8.038877947942857e-07,57.84613180478959,44.04850428974103
2013-02-23 22:00:00,8.258415265930913e-07,20.959712255624993,23.75691490524063
2013-02-23 23:00:00,8.244171759949643e-07,13.532259700537075,15.976306212962832
2013-02-24 00:00:00,8.113712623371245e-07,8.500647698827825,12.172077986143952
2013-02-24 01:00:00,7.883846261738074e-07,10.892692641412015,14.372934737115157
2013-02-24 02:00:00,7.698767063484767e-07,15.329009035862743,22.68799941567625
2013-02-24 03:00:00,7.632497836304443e-07,36.35199707158735,42.84945394209857
2013-02-24 04:00:00,8.262810627966271e-07,71.71711611606642,79.83647793137057
2013-02-24 05:00:00,6.976256907183651,84.29674074505488,84.69882556198536
2013-02-24 06:00:00,8.307205959368443e-07,90.28586192467591,80.77340235723265
2013-02-24 07:00:00,7.722513145957864e-07,55.126903763183584,68.52885562499826
2013-02-24 08:00:00,7.531722995472366e-07,25.452899396952258,24.008933402097203
2013-02-24 09:00:00,7.290900739424797e-07,13.89899988088488,14.391348081035785
2013-02-24 10:00:00,7.069754240295344e-07,9.180513802804512,7.151559894569585
2013-02-24 11:00:00,7.221582162161392e-07,6.669962314867671,5.120787229878595
2013-02-24 12:00:00,7.033147134064402e-07,9.127978783000247,13.695136196431868
2013-02-24 13:00:00,7.129844164353035e-07,6.231811686251224,11.81670300122038
2013-02-24 14:00:00,7.362290530828409e-07,16.15017199243702,15.331260038327864
2013-02-24 15:00:00,7.902013135116257e-07,35.56541357530613,35.36728105727339
2013-02-24 16:00:00,8.559161765523419e-07,66.03680870737044,57.049231826098655
2013-02-24 17:00:00,8.842571410380294e-07,102.7824178037366,89.76699171988444
2013-02-24 18:00:00,8.900639827645085e-07,109.24300561373141,91.1921014440281
2013-02-24 19:00:00,9.096744397880374e-07,99.45194536169342,86.83835489795935
2013-02-24 20:00:00,9.400098072727571e-07,67.89122592610681,65.86512364991866
2013-02-24 21:00:00,9.18902103547909e-07,29.580197752253078,39.621463267264666
2013-02-24 22:00:00,9.543299154507663e-07,6.1865987873528505,19.64109202696964
2013-02-24 23:00:00,8.033006525515293e-07,0.0008544406606152341,9.01894654872956
2013-02-25 00:00:00,8.03220804772727e-07,5.160068799748126e-06,6.483693234464677
2013-02-25 01:00:00,7.93733545284765e-07,5.110643905881899e-06,7.914154546317624
2013-02-25 02:00:00,9.408555455712947e-07,2.0946053087999785,13.957328109716313
2013-02-25 03:00:00,9.170926489356948e-07,18.357010733153512,36.34285411814026
2013-02-25 04:00:00,9.829797619321262e-07,95.77461588706676,79.7129231727098
2013-02-25 05:00:00,9.85069082741918e-07,115.50685813569032,90.06963075793543
2013-02-25 06:00:00,1.0120633212722451e-06,117.59233627819215,91.00538794370499
2013-02-25 07:00:00,1.014017533130101e-06,119.2694943720657,78.09799743345155
2013-02-25 08:00:00,9.55160865184389e-07,51.031582251569056,43.98405819559918
2013-02-25 09:00:00,9.364262382247754e-07,20.750216709381206,29.270404903569435
2013-02-25 10:00:00,9.558718417906524e-07,0.0005824600551916148,24.951034126743224
2013-02-25 11:00:00,9.386346596202821e-07,0.0005659460447276899,17.83830400641513
2013-02-25 12:00:00,9.299476462973526e-07,0.0005917769218035352,16.60761534408941
2013-02-25 13:00:00,8.72822779240408e-07,0.000581860157863916,15.02751377342309
2013-02-25 14:00:00,8.803487907124425e-07,0.000618573717040272,20.700378507871864
2013-02-25 15:00:00,8.606651096538422e-07,11.292545340400189,41.37510581724396
2013-02-25 16:00:00,8.812884195067566e-07,76.29065449482503,62.38986819532059
2013-02-25 17:00:00,8.971345885124043e-07,115.05613462093837,73.31652065388356
2013-02-25 18:00:00,9.067019244729263e-07,118.88889434947382,75.08105589197687
2013-02-25 19:00:00,9.149892898872723e-07,115.38666170030267,74.94015209703561
2013-02-25 20:00:00,8.637621158029414e-07,90.60966957515976,61.64773448127229
2013-02-25 21:00:00,8.958282690094899e-07,46.71376792766436,34.02931033049128
2013-02-25 22:00:00,7.60894071891118e-07,5.4850456801307655e-06,8.195631881126447
2013-02-25 23:00:00,7.619230762078874e-07,5.362097081347993e-06,2.668964458076604
2013-02-26 00:00:00,7.599510669182258e-07,5.367395604134136e-06,0.21669913906185362
2013-02-26 01:00:00,7.643838507730183e-07,5.498496410867789e-06,0.2996940449343608
2013-02-26 02:00:00,7.801809414932404e-07,5.931893415341735e-06,6.27310066860153
2013-02-26 03:00:00,9.928103787654916e-07,52.71136339156594,51.98214037253646
2013-02-26 04:00:00,1.1573663646151696e-06,113.4454621576463,132.01850744200215
2013-02-26 05:00:00,0.19383416996530836,148.7395555640606,147.8856555400277
2013-02-26 06:00:00,27.116651247027825,138.13146944505576,142.6085206278949
2013-02-26 07:00:00,50.14049221531257,120.97474922582158,121.61732163122933
2013-02-26 08:00:00,0.00013889406290477338,81.2276702976451,100.57316215934635
2013-02-26 09:00:00,0.0001518747079231235,61.65278843750462,87.24485617161321
2013-02-26 10:00:00,0.17004453514163145,48.25802088700922,75.18993702915049
2013-02-26 11:00:00,7.039141923400085,45.52124924420084,66.89148041736162
2013-02-26 12:00:00,40.53109363821037,50.32743644507666,64.43193748097417
2013-02-26 13:00:00,38.43942946554668,52.53264395323895,62.38111620924387
2013-02-26 14:00:00,38.93985200281203,42.84116831908266,67.33632348955967
2013-02-26 15:00:00,42.70658972712311,55.26560272528364,77.92605830069539
2013-02-26 16:00:00,40.2547512460926,64.29227386803056,93.10052804407385
2013-02-26 17:00:00,44.900418633735896,73.29055731196145,101.85385684047198
2013-02-26 18:00:00,48.12630781696638,79.11231626015385,114.39140615606485
2013-02-26 19:00:00,49.05841782593527,77.74751244842909,115.17591353132848
2013-02-26 20:00:00,32.94039285608414,51.94799642498896,99.86659554582522
2013-02-26 21:00:00,8.110892320699168,7.5568880091422015,63.46952605262838
2013-02-26 22:00:00,4.580305683389198e-06,0.0007098463634305208,33.49653813152462
2013-02-26 23:00:00,5.133081710569208e-06,0.0007903471504561724,31.077483790461
2013-02-27 00:00:00,5.188914388787368e-06,0.0007958964622008225,28.91656237668003
2013-02-27 01:00:00,5.850945995139889e-06,0.0008021753912930674,28.493290999252103
2013-02-27 02:00:00,6.764937849967019,0.000779644004394561,34.63727460319573
2013-02-27 03:00:00,48.053681045716026,67.12472338774195,110.30784976698872
2013-02-27 04:00:00,112.04908195049367,161.3673735216171,199.62769066019695
2013-02-27 05:00:00,124.84535159567827,166.11102523662495,206.84593905713447
2013-02-27 06:00:00,102.91903831740117,152.20761515313578,197.48195442556985
2013-02-27 07:00:00,91.68226330975959,136.22049209986108,179.53578482857122
2013-02-27 08:00:00,87.43025243592601,117.96495471196076,124.60641264454097
2013-02-27 09:00:00,80.54055640010765,101.6616902750041,108.70887109577232
2013-02-27 10:00:00,74.67943465406539,92.15233004620455,95.53118013496454
2013-02-27 11:00:00,74.49949050168505,85.33366217922129,85.39401706573804
2013-02-27 12:00:00,66.16327239568213,84.21088572706874,81.3020874779633
2013-02-27 13:00:00,64.12930128922093,81.78537855705763,78.68222710952739
2013-02-27 14:00:00,62.069762445536476,83.30911754002405,85.12589377277274
2013-02-27 15:00:00,65.2042414184721,90.69783741705142,92.11078554515376
2013-02-27 16:00:00,66.11388036002143,97.64904942623508,117.90249167521338
2013-02-27 17:00:00,75.12833579638396,99.54065832615386,127.73339198743788
2013-02-27 18:00:00,80.39741359342268,103.78714108027417,129.2753850264034
2013-02-27 19:00:00,75.03578572778892,109.97820158768015,140.0330104055515
2013-02-27 20:00:00,58.76129787618998,86.10746352641772,136.19986250994876
2013-02-27 21:00:00,31.878193447223172,39.86377213612827,125.84125068068741
2013-02-27 22:00:00,3.1731828738781965e-06,0.0007483522498642329,83.50605898155212
2013-02-27 23:00:00,3.3928302608153904e-06,0.0008010203813701829,76.0284147630314
2013-02-28 00:00:00,0.00014362040930662924,0.0007915419341789349,75.65085109759556
2013-02-28 01:00:00,0.0001545316806981162,0.0008099098046845131,77.28422633392807
2013-02-28 02:00:00,3.3233035704161833,3.909660987286889,56.32691285097693
2013-02-28 03:00:00,48.34812524820668,71.47753064054318,117.09975224876959
2013-02-28 04:00:00,121.5738216275947,162.15632020698197,156.60728579749997
2013-02-28 05:00:00,127.58649424870056,176.55563009950905,171.78004549984215
2013-02-28 06:00:00,105.52337336157389,162.61469958113653,174.34473451793838
2013-02-28 07:00:00,95.40779223040592,155.4483697477774,118.79378506994028
2013-02-28 08:00:00,87.39032641014364,119.52713837091916,86.86325188737385
2013-02-28 09:00:00,77.39070874057845,101.52078550062191,75.29432474169911
2013-02-28 10:00:00,73.4947779509883,84.29546588094802,62.245423872905995
2013-02-28 11:00:00,63.300607234197855,73.74115965439952,53.65125507144058
2013-02-28 12:00:00,59.255261072018804,71.8528627294482,51.16412119302637
2013-02-28 13:00:00,54.01841994727704,65.60856598764613,47.723649664363954
2013-02-28 14:00:00,55.287747190674224,70.49531097430126,51.29795031607546
2013-02-28 15:00:00,61.39425335873253,76.07871693724776,62.50393769785093
2013-02-28 16:00:00,61.60072297323319,95.52722308202686,73.63833734267686
2013-02-28 17:00:00,67.68829396445439,120.19090354692297,82.19023190157002
2013-02-28 18:00:00,69.67133148377172,122.786498718245,85.01824687044545
2013-02-28 19:00:00,63.746988094324074,114.71588793862843,75.93730753420807
2013-02-28 20:00:00,46.5090163323961,85.82218546874763,53.42643681200752
2013-02-28 21:00:00,18.412929846546838,34.735800285987594,15.984473507317755
2013-02-28 22:00:00,2.43039991304691e-06,0.0008836194378976584,0.22186464681256451
2013-02-28 23:00:00,2.456234749174514e-06,0.0009299699843816428,0.2137217396303844
2013-03-01 00:00:00,2.3319661580698448e-06,0.0009371304666473773,0.208867956397183
2013-03-01 01:00:00,2.207898126663504e-06,0.0009485832474251249,0.20687763554587865
2013-03-01 02:00:00,2.1164442465441576e-06,0.0009577243090449359,0.20493556561432494
2013-03-01 03:00:00,13.11969243574549,54.31992984994306,33.760841582011025
2013-03-01 04:00:00,56.57183349327167,134.67413914454846,101.73816155740315
2013-03-01 05:00:00,63.81166106974053,135.60286965713703,114.88009270421338
2013-03-01 06:00:00,54.742656550460225,141.85606494025626,110.04585519710571
2013-03-01 07:00:00,46.08167310174797,124.53072553621391,97.15969784810126
2013-03-01 08:00:00,36.03475364972057,92.45747937130258,80.17882417157594
2013-03-01 09:00:00,28.547557421934656,79.83371277361367,66.74816056192539
2013-03-01 10:00:00,23.10228931940549,63.85660798535023,57.586699803115856
2013-03-01 11:00:00,19.97776787482041,54.346857603013476,50.95979060613281
2013-03-01 12:00:00,17.71522789421734,51.695379742083915,47.393470336606164
2013-03-01 13:00:00,17.08987591378366,48.40061238190614,45.13659870295798
2013-03-01 14:00:00,18.01344362112115,52.84368886247325,48.50105431373035
2013-03-01 15:00:00,22.430448795756018,59.900175039187225,59.67865091238739
2013-03-01 16:00:00,29.51122382756554,72.12263949319953,82.73150880126069
2013-03-01 17:00:00,36.65327804956382,114.30928993694006,93.98243923147278
2013-03-01 18:00:00,39.549389437993604,119.06636034911733,103.19990378114957
2013-03-01 19:00:00,38.718196427392996,115.45084888594293,101.77296273975139
2013-03-01 20:00:00,26.07808682464054,81.07578927415193,77.64051521468724
2013-03-01 21:00:00,6.924653144429497e-06,14.97584053530184,26.138275808177593
2013-03-01 22:00:00,2.9412778918852134e-06,0.0010972691340150262,0.35620155250894625
2013-03-01 23:00:00,3.0555034087061674e-06,0.001038909783488201,0.37480243491333337
2013-03-02 00:00:00,3.0702609646696125e-06,0.0010514319245596912,0.3860411068599831
2013-03-02 01:00:00,3.0988847805694246e-06,0.001076853958643075,0.375755448666118
2013-03-02 02:00:00,3.0833346192298404e-06,3.461866406903769,14.813317315790764
2013-03-02 03:00:00,42.4200371595027,108.89911282696997,87.58341767283854
2013-03-02 04:00:00,97.073972067171,221.5992840712283,171.06089323906133
2013-03-02 05:00:00,111.88642021008995,243.86066211433712,186.06188155014505
2013-03-02 06:00:00,97.7499318783969,218.8646271575476,165.52145963164796
2013-03-02 07:00:00,101.48617779677166,161.89621492884305,120.20866748447376
2013-03-02 08:00:00,95.70048704717594,132.32742447298645,69.05326939432656
2013-03-02 09:00:00,85.27055232217417,110.12314777718605,45.14218074746167
2013-03-02 10:00:00,64.68653852778039,84.74276074122645,27.19093556376064
2013-03-02 11:00:00,48.78694191594461,73.34439419215076,7.508276129188606
2013-03-02 12:00:00,42.77594604443926,68.57943868462777,7.6707850299874085
2013-03-02 13:00:00,38.37499588405871,47.667363818001505,7.534359007365642
2013-03-02 14:00:00,40.103887381371635,48.566481817979835,22.240133395915052
2013-03-02 15:00:00,45.59895108840703,75.93275901233628,32.217848450116605
2013-03-02 16:00:00,50.975028012200596,96.62302648530634,42.51878828031292
2013-03-02 17:00:00,54.220986118150854,103.84106532444399,49.86194874181143
2013-03-02 18:00:00,54.43508510620039,113.81784933794695,53.837070735921316
2013-03-02 19:00:00,50.76305344406962,114.61958696830307,51.81060460204809
2013-03-02 20:00:00,35.19389373708193,88.89230817757974,38.26307817080673
2013-03-02 21:00:00,10.652937988478746,37.30324614687074,16.746454436586987
2013-03-02 22:00:00,2.0490033534865086e-06,0.0009414717561907267,1.125360379489296
2013-03-02 23:00:00,2.151537000114586e-06,0.0010339009375788318,0.15500295831058492
2013-03-03 00:00:00,2.3138226820647714e-06,0.0015508624080469403,0.3069943340359321
2013-03-03 01:00:00,2.5480707839168147e-06,0.003591348177188494,2.1087435005682638
2013-03-03 02:00:00,2.7483844611893018e-06,248.39279511888438,8.274061428720083
2013-03-03 03:00:00,16.892105796904083,269.63041162794036,34.85411846724993
2013-03-03 04:00:00,72.68181125980333,289.0741354530915,74.9980891817717
2013-03-03 05:00:00,92.40239183474355,290.37337897810227,86.27437552043294
2013-03-03 06:00:00,85.97002720639784,276.31848557086704,79.89685333308118
2013-03-03 07:00:00,75.36806707919393,174.26354345525357,55.00004423388029
2013-03-03 08:00:00,57.91033686768345,134.0577227662606,19.882392394544354
2013-03-03 09:00:00,47.218305521490784,97.2300359614315,13.750357229025981
2013-03-03 10:00:00,33.704966599628214,48.065645608125386,10.487492840246263
2013-03-03 11:00:00,21.697401739754664,34.12884533837011,8.094018870154985
2013-03-03 12:00:00,15.653263811855817,37.49332052188681,7.24559280400378
2013-03-03 13:00:00,14.243715168317706,27.573008470770713,8.224612841081692
2013-03-03 14:00:00,17.808335758877888,43.9395052568045,23.48964124576503
2013-03-03 15:00:00,25.401133593083475,52.33153326394739,42.98694844140844
2013-03-03 16:00:00,32.491829463462025,94.40267959426617,92.95330731598358
2013-03-03 17:00:00,38.08853742594906,100.16628941912269,110.26267561463796
2013-03-03 18:00:00,44.91410934819841,118.2743561981011,118.91767251444678
2013-03-03 19:00:00,45.326362213810185,114.64144415537021,121.96531327931716
2013-03-03 20:00:00,27.836109099203373,74.10205557940218,93.28631360706791
2013-03-03 21:00:00,3.923733746512516e-06,18.06373515565674,44.38873010972501
2013-03-03 22:00:00,4.5160719760034794e-06,6.13353441106825e-06,6.145972368193751
2013-03-03 23:00:00,4.7886935179620554e-06,6.347755889288102e-06,0.2706171105681057
2013-03-04 00:00:00,4.551205153979202e-06,5.165885977501707e-06,0.16967328037352586
2013-03-04 01:00:00,4.5335038990071555e-06,4.897406642324336e-06,0.22607842054487617
2013-03-04 02:00:00,4.44325022327292e-06,4.840319667411635e-06,0.9365454255200883
2013-03-04 03:00:00,19.58543035662085,5.292801021563173e-06,54.92332176927046
2013-03-04 04:00:00,89.42513673030683,63.68798696277588,153.5616893964336
2013-03-04 05:00:00,97.07406924019162,81.60941326370946,158.95913044839605
2013-03-04 06:00:00,81.05844856360414,72.27322248376231,142.02528721366744
2013-03-04 07:00:00,34.394163101851056,12.165143802413988,82.47509809886795
2013-03-04 08:00:00,1.0194944211939027e-06,1.4052244059479893e-06,2.0728684135539436e-06
2013-03-04 09:00:00,8.957627051818564e-07,1.0202970559935076e-06,1.63447651275324e-06
2013-03-04 10:00:00,8.13078829321552e-07,7.369841504888207e-07,1.3896978691461066e-06
2013-03-04 11:00:00,7.484644018123644e-07,6.825576904588227e-07,1.257398487424272e-06
2013-03-04 12:00:00,6.302861125091519e-07,7.110268622712427e-07,1.3239920235746014e-06
2013-03-04 13:00:00,6.356798887460343e-07,7.389018249168627e-07,1.4120800966094228e-06
2013-03-04 14:00:00,6.819429023871313e-07,8.929365641193694e-07,1.8457535117341046e-06
2013-03-04 15:00:00,7.828628923794855e-07,1.2695288306269135e-06,2.2400639105104616e-06
2013-03-04 16:00:00,8.651204123012642e-07,2.3917643597876976e-06,2.293361217234771e-06
2013-03-04 17:00:00,9.954704208796269e-07,2.0851744585794064e-06,2.2388399991410848e-06
2013-03-04 18:00:00,8.580817271213365e-07,1.9172386169992193e-06,2.0077783234627145e-06
2013-03-04 19:00:00,8.114715581787089e-07,2.0497558021249647e-06,1.888548407351662e-06
2013-03-04 20:00:00,6.636598329371673e-07,3.3378439758588884e-06,1.9517649482075023e-06
2013-03-04 21:00:00,6.700056920737348e-07,3.696330613203481e-06,1.9818320101236106e-06
2013-03-04 22:00:00,7.134091085154068e-07,4.099755446445595e-06,1.8302657652538595e-06
2013-03-04 23:00:00,7.358724305017086e-07,4.409161671376242e-06,1.755694391226909e-06
2013-03-05 00:00:00,7.647874865383661e-07,5.231090412996831e-06,1.8375072011603842e-06
2013-03-05 01:00:00,7.880980578892842e-07,5.116913463243457e-06,1.9297027719251213e-06
2013-03-05 02:00:00,8.325613192258837e-07,3.592024067989967e-06,1.977138590557307e-06
2013-03-05 03:00:00,8.63776830049943e-07,2.932349613949086e-06,2.311892388121588e-06
2013-03-05 04:00:00,9.035452146696037e-07,2.5970161673385817e-06,2.4459124744301736e-06
2013-03-05 05:00:00,1.0690320711922198e-06,2.097067273691351e-06,2.437821603847169e-06
2013-03-05 06:00:00,8.920973215933054e-07,1.4300282948303034e-06,2.5986740265894386e-06
2013-03-05 07:00:00,8.028825734049647e-07,1.8428716990673816e-06,2.2386462643981548e-06
2013-03-05 08:00:00,6.44456168536814e-07,1.179446655177362e-06,1.6977078362698606e-06
2013-03-05 09:00:00,5.677734958205382e-07,8.476921748438813e-07,1.3284892520511217e-06
2013-03-05 10:00:00,5.593787725540678e-07,7.44881011417318e-07,1.1269181572222414e-06
2013-03-05 11:00:00,4.991565607835906e-07,6.721219119874211e-07,1.020526926964669e-06
2013-03-05 12:00:00,5.33468019238752e-07,7.628821808302355e-07,1.1321467793076084e-06
2013-03-05 13:00:00,5.718058677421667e-07,8.85704919351062e-07,1.2936342997742586e-06
2013-03-05 14:00:00,6.653180017133946e-07,1.3486027173515376e-06,1.8387413284515605e-06
2013-03-05 15:00:00,8.00258556615299e-07,2.277713522916758e-06,2.308416262454602e-06
2013-03-05 16:00:00,1.157820834999898e-06,2.3636853984693343e-06,0.17535903509460812
2013-03-05 17:00:00,1.1444273226112177e-06,1.7655013624368201e-06,0.25040750125095296
2013-03-05 18:00:00,1.1700719330380567e-06,1.7879009761495793e-06,0.2442155061051756
2013-03-05 19:00:00,1.2124855541520434e-06,2.289546963937356e-06,0.20606856437531584
2013-03-05 20:00:00,1.2898884798023225e-06,2.4423858311417595e-06,0.2212962474838039
2013-03-05 21:00:00,1.5027518467114753e-06,2.755161523773073e-06,0.03359248260595013
2013-03-05 22:00:00,1.6610326407075945e-06,2.7444486391198584e-06,3.689205260008809e-06
2013-03-05 23:00:00,1.6948507732919213e-06,2.876619087323361e-06,4.154680984566075e-06
2013-03-06 00:00:00,1.5280011841518951e-06,3.1564425903374436e-06,4.423294297159709e-06
2013-03-06 01:00:00,1.550199149787584e-06,3.142994778897193e-06,4.582705393186006e-06
2013-03-06 02:00:00,1.527979106987215e-06,3.148039227778411e-06,4.490190672887413e-06
2013-03-06 03:00:00,1.5304116369202406e-06,2.9135508662755646e-06,4.683486947570352e-06
2013-03-06 04:00:00,1.5630064489146905e-06,2.790295005656902e-06,0.32556570182560746
2013-03-06 05:00:00,1.5773311338679675e-06,1.8903020417230924e-06,0.33190142165840697
2013-03-06 06:00:00,1.5374689900495837e-06,1.8132581061982685e-06,0.3294134225386305
2013-03-06 07:00:00,1.390575048235464e-06,2.4707460145110414e-06,0.23091825656388776
2013-03-06 08:00:00,1.3612917060911896e-06,2.377590221490541e-06,0.18420221420182217
2013-03-06 09:00:00,1.5599358607925776e-06,1.8787723283197207e-06,0.06801224871958868
2013-03-06 10:00:00,1.7823890045790154e-06,2.497373334570106e-06,2.3365489149284034e-06
2013-03-06 11:00:00,1.2173998986941423e-06,1.009296941477549e-06,1.2576392449379337e-06
2013-03-06 12:00:00,1.292499205926661e-06,8.615764226110748e-07,1.3315715932754194e-06
2013-03-06 13:00:00,1.3548537489020936e-06,8.426350299893982e-07,1.5522378298702904e-06
2013-03-06 14:00:00,1.6239297968188269e-06,1.1131727749304853e-06,1.950974798408831e-06
2013-03-06 15:00:00,1.9139942548298517e-06,1.880701550185381e-06,2.4635092646043728e-06
2013-03-06 16:00:00,1.755165540916402e-06,2.2608443033523694e-06,2.721725315507547e-06
2013-03-06 17:00:00,1.608735311019957e-06,2.0564825477788506e-06,2.227276749558173e-06
2013-03-06 18:00:00,1.0807535989926988e-06,2.234533528569618e-06,1.8532798401011824e-06
2013-03-06 19:00:00,8.005873207125439e-07,3.2486606709867893e-06,1.6853113509152535e-06
2013-03-06 20:00:00,5.947775739699751e-07,2.614599466207096e-06,1.620230023066106e-06
2013-03-06 21:00:00,5.739650588132734e-07,2.6652843119228687e-06,1.6733842297208172e-06
2013-03-06 22:00:00,5.18693130939382e-07,2.8186316435669866e-06,1.5526610874898023e-06
2013-03-06 23:00:00,5.038370875942905e-07,2.958797334586723e-06,1.5808109117882328e-06
2013-03-07 00:00:00,5.178847804806433e-07,2.9454607667795166e-06,1.5974247200160227e-06
2013-03-07 01:00:00,5.338576228727892e-07,2.9713012379749336e-06,1.5873501883697866e-06
2013-03-07 02:00:00,5.479224591645855e-07,2.9649482701171707e-06,1.5883065543837556e-06
2013-03-07 03:00:00,5.546861464326014e-07,2.9137991818423402e-06,1.5941890028733543e-06
2013-03-07 04:00:00,5.575365449447103e-07,3.1826528350883173e-06,1.660456367194394e-06
2013-03-07 05:00:00,5.528547197033455e-07,2.8655774087557977e-06,1.6138506923410087e-06
2013-03-07 06:00:00,5.474052686552314e-07,2.7139181492977465e-06,1.5478910247786127e-06
2013-03-07 07:00:00,5.170481265549945e-07,2.416542346682922e-06,1.2445987277375381e-06
2013-03-07 08:00:00,4.682050002841187e-07,1.9681814000454344e-06,1.084419965474464e-06
2013-03-07 09:00:00,4.578220565025369e-07,1.6765156442186905e-06,1.018457013117485e-06
2013-03-07 10:00:00,4.5479363240700553e-07,1.5785373524582636e-06,9.054001463861811e-07
2013-03-07 11:00:00,4.450500856983095e-07,1.4070149877157777e-06,8.239431710520742e-07
2013-03-07 12:00:00,4.6743906348875797e-07,1.4979832567812487e-06,8.626332745005249e-07
2013-03-07 13:00:00,4.972895314683574e-07,1.6626097114283799e-06,9.177099904117791e-07
2013-03-07 14:00:00,5.163671262876326e-07,2.2550141565301182e-06,9.863178660135271e-07
2013-03-07 15:00:00,5.313994083182839e-07,2.1888610649855094e-06,1.093106513154595e-06
2013-03-07 16:00:00,5.220435526855799e-07,2.2429274942548343e-06,1.1448353266354285e-06
2013-03-07 17:00:00,5.086892444258977e-07,2.2259469696720454e-06,1.1125709952038256e-06
2013-03-07 18:00:00,4.876935392784424e-07,2.21836719824397e-06,1.0926685546048658e-06
2013-03-07 19:00:00,4.7558425435090225e-07,2.0938843192375592e-06,1.0806962780818714e-06
2013-03-07 20:00:00,4.753646247917534e-07,2.5369023558780775e-06,1.0656125242247023e-06
2013-03-07 21:00:00,4.77013822279725e-07,3.110406641244744e-06,1.0965237286523984e-06
2013-03-07 22:00:00,4.7666847152724186e-07,3.5732879144750895e-06,1.1417024750323029e-06
2013-03-07 23:00:00,4.828187133234237e-07,3.983777848493024e-06,1.149408866276238e-06
2013-03-08 00:00:00,4.838582560610386e-07,4.103224853043265e-06,1.1418600801763695e-06
2013-03-08 01:00:00,4.907821756201143e-07,4.037678664668705e-06,1.133994870472223e-06
2013-03-08 02:00:00,4.995494204253445e-07,3.980002660962485e-06,1.1367240893993518e-06
2013-03-08 03:00:00,5.062737429340131e-07,3.952221382053712e-06,1.149081508070506e-06
2013-03-08 04:00:00,5.127679821457073e-07,2.9666688564897214e-06,1.1188929242790012e-06
2013-03-08 05:00:00,5.167706792569025e-07,2.5522635564087676e-06,1.1414473444837568e-06
2013-03-08 06:00:00,5.23707889119429e-07,2.351075726577916e-06,1.1105010628137014e-06
2013-03-08 07:00:00,4.923481006054149e-07,2.126887622820644e-06,9.716636696844096e-07
2013-03-08 08:00:00,4.609264281767151e-07,1.1452265980173563e-06,8.447391739518321e-07
2013-03-08 09:00:00,4.438148040446795e-07,9.639008730201845e-07,7.797989325678167e-07
2013-03-08 10:00:00,4.246169278359495e-07,9.85197836386048e-07,7.490308680902987e-07
2013-03-08 11:00:00,4.2661683469779214e-07,1.1218703713582109e-06,6.851682257695913e-07
2013-03-08 12:00:00,4.150070662794967e-07,1.2853009541328394e-06,7.529623628826835e-07
2013-03-08 13:00:00,4.2225584294240566e-07,1.5115501026330511e-06,8.137674780836129e-07
2013-03-08 14:00:00,4.4492291657861486e-07,2.0908378503583625e-06,8.900325396373974e-07
2013-03-08 15:00:00,4.786544185937614e-07,2.2969005146979013e-06,1.0153811104969944e-06
2013-03-08 16:00:00,5.417526098191538e-07,2.693040561501035e-06,1.1552329469042727e-06
2013-03-08 17:00:00,5.309452296367927e-07,2.6193381458511456e-06,1.14816007553388e-06
2013-03-08 18:00:00,5.112626248420633e-07,2.7221141067155733e-06,1.1332523735871225e-06
2013-03-08 19:00:00,5.103305552126593e-07,2.95954397523015e-06,1.1386448208340462e-06
2013-03-08 20:00:00,4.994129907968109e-07,3.154741857950813e-06,1.1554561769032677e-06
2013-03-08 21:00:00,4.919141506211155e-07,3.622296215663894e-06,1.1719952025053874e-06
2013-03-08 22:00:00,5.225540429470001e-07,3.577734082502953e-06,1.199367469722186e-06
2013-03-08 23:00:00,5.056921645428761e-07,3.4189069595179284e-06,1.2104979514703923e-06
2013-03-09 00:00:00,5.102082429908644e-07,3.2288742997024213e-06,1.2153764771016786e-06
2013-03-09 01:00:00,5.196144460700847e-07,2.8987128241427664e-06,1.2160977441236797e-06
2013-03-09 02:00:00,5.227824064966683e-07,2.6101989730743737e-06,1.2338262869113272e-06
2013-03-09 03:00:00,5.956536436368676e-07,2.335218607849185e-06,1.1815999948192033e-06
2013-03-09 04:00:00,5.707845292703186e-07,2.245174893950933e-06,1.1700074661814965e-06
2013-03-09 05:00:00,5.689688273850144e-07,2.326590824574484e-06,0.8040644882439762
2013-03-09 06:00:00,5.727775546424146e-07,2.5395192589971257e-06,1.1637798238392946e-06
2013-03-09 07:00:00,5.606381122315537e-07,2.2285027751538944e-06,1.0478094694141818e-06
2013-03-09 08:00:00,5.136179490209225e-07,2.007729369089095e-06,9.78354290743993e-07
2013-03-09 09:00:00,5.027236548035787e-07,1.8064960702256103e-06,9.015832491546867e-07
2013-03-09 10:00:00,5.238650047347672e-07,1.9543503100859953e-06,9.345058892804288e-07
2013-03-09 11:00:00,5.358459384840829e-07,1.7919864611879052e-06,9.360205991619911e-07
2013-03-09 12:00:00,5.57692022472766e-07,1.7222146379756113e-06,1.0284703832880859e-06
2013-03-09 13:00:00,5.713885681790294e-07,1.6744180583676164e-06,1.080809508269607e-06
2013-03-09 14:00:00,5.976700195376843e-07,1.769903647182013e-06,1.1723015235685521e-06
2013-03-09 15:00:00,6.119712477860311e-07,2.398639737218655e-06,1.1926197549454363e-06
2013-03-09 16:00:00,5.673012117609977e-07,2.5178625474453825e-06,1.2318663175601777e-06
2013-03-09 17:00:00,5.946520422833481e-07,2.722076333943394e-06,1.246627912398866e-06
2013-03-09 18:00:00,6.063788700870054e-07,2.5471694148940443e-06,1.253410776816728e-06
2013-03-09 19:00:00,6.117045675811868e-07,2.6230391966503854e-06,1.2592756099965583e-06
2013-03-09 20:00:00,6.212498747666285e-07,2.853930944200623e-06,1.2776292423111159e-06
2013-03-09 21:00:00,5.851269940189514e-07,2.590993486740398e-06,1.2837468069607986e-06
2013-03-09 22:00:00,6.008929031927084e-07,2.1978498238102937e-06,1.331051054369071e-06
2013-03-09 23:00:00,6.078124738339415e-07,2.1736477987276477e-06,1.2832268603027085e-06
2013-03-10 00:00:00,5.908512328220624e-07,2.154110641084413e-06,1.2856515915423953e-06
2013-03-10 01:00:00,6.212569296522192e-07,2.1081076102286545e-06,1.29683242534934e-06
2013-03-10 02:00:00,6.058624501671332e-07,2.068216415110914e-06,1.279016395885948e-06
2013-03-10 03:00:00,5.968926695779198e-07,2.3135807206412722e-06,1.316236542203971e-06
2013-03-10 04:00:00,7.841550567195732e-07,2.223950376725799e-06,2.883119498412174
2013-03-10 05:00:00,5.695846451252362,2.1722703408807427e-06,8.401980526999933
2013-03-10 06:00:00,7.3941662001611e-07,2.185145368043316e-06,3.6821752369585683
2013-03-10 07:00:00,7.044645842479848e-07,1.8829812858045062e-06,1.1416417566376442
2013-03-10 08:00:00,6.5994972880564e-07,1.7147594307046466e-06,1.0269524102755153e-06
2013-03-10 09:00:00,6.453986038755583e-07,1.5315904277285392e-06,9.914601671944758e-07
2013-03-10 10:00:00,6.412022549895763e-07,1.4530846579200883e-06,1.01847845280337e-06
2013-03-10 11:00:00,6.321693523502665e-07,1.4055837513071462e-06,1.0174594650048302e-06
2013-03-10 12:00:00,6.384074010551658e-07,1.6226624606575253e-06,1.0338981868750318e-06
2013-03-10 13:00:00,6.440568369880799e-07,1.7518031635373154e-06,1.002038528909328e-06
2013-03-10 14:00:00,6.522305353931562e-07,1.7556031726826624e-06,1.0390909378715901e-06
2013-03-10 15:00:00,6.590856620328974e-07,1.771937076179015e-06,1.105747762416512e-06
2013-03-10 16:00:00,6.859285451217955e-07,1.3252346241420759e-06,8.456266202609441e-05
2013-03-10 17:00:00,7.848401379089158e-07,1.218784789943605e-06,9.009018690370048e-05
2013-03-10 18:00:00,7.771509886485428e-07,1.2311085245854952e-06,0.5660299185620788
2013-03-10 19:00:00,7.688345665878283e-07,1.221072710268031e-06,0.31147793988492756
2013-03-10 20:00:00,7.629292194752554e-07,1.3427971960510537e-06,9.097500105415106e-05
2013-03-10 21:00:00,5.781131991252699e-07,1.657206683876803e-06,2.4604217991133277e-06
2013-03-10 22:00:00,6.106529319288979e-07,1.5897658070705724e-06,2.6068512219051012e-06
2013-03-10 23:00:00,5.965455107477627e-07,1.6998445171459489e-06,2.670885522836453e-06
2013-03-11 00:00:00,5.908169254587034e-07,1.7102791459195756e-06,2.5879548061844594e-06
2013-03-11 01:00:00,5.81489712542585e-07,1.7355878484433835e-06,2.5902680867529073e-06
2013-03-11 02:00:00,5.678417545387457e-07,1.5898575443204516e-06,9.905386778558643e-05
2013-03-11 03:00:00,5.724262234734325e-07,1.2506703342936893e-06,6.723627848828861
2013-03-11 04:00:00,54.55143129514914,127.66172674713573,82.8065587963154
2013-03-11 05:00:00,69.29277950556543,137.69860315928017,80.1327595953901
2013-03-11 06:00:00,71.24186118718691,135.7652257531659,78.99290586352873
2013-03-11 07:00:00,58.9771738793517,117.39795686893049,62.649738208046
2013-03-11 08:00:00,12.680272099805652,88.38897150370234,53.03289785683836
2013-03-11 09:00:00,4.846649714666497,63.30428889301902,49.54180886132655
2013-03-11 10:00:00,6.175904263582284,48.020796172649945,53.96449483583161
2013-03-11 11:00:00,11.233867174627779,43.13630504686181,46.92231043418099
2013-03-11 12:00:00,13.327533681507798,39.56842586303205,46.667212683944065
2013-03-11 13:00:00,11.691251418468521,39.20733981909949,40.31831611669653
2013-03-11 14:00:00,12.6666200641795,49.07477927809132,48.9163070795953
2013-03-11 15:00:00,8.037305279727045,63.151055716685114,57.52442912161813
2013-03-11 16:00:00,37.47644818915924,81.8031257432474,77.31414159165472
2013-03-11 17:00:00,65.0666881152043,108.19907498485588,90.69986389335085
2013-03-11 18:00:00,60.99689901769573,101.97351583702512,91.57559036289386
2013-03-11 19:00:00,50.05928749481362,78.77930077794956,86.33135176662041
2013-03-11 20:00:00,28.27885988128314,48.914717694577824,56.42243115402912
2013-03-11 21:00:00,6.392981142749139e-07,0.0004946794321197791,24.546477959689145
2013-03-11 22:00:00,6.857733163346489e-07,0.000500558948797819,20.88818144374357
2013-03-11 23:00:00,6.693022375945699e-07,0.0005003775895930807,12.781962933025353
2013-03-12 00:00:00,6.693620773997255e-07,0.000500591431283274,20.090624984205512
2013-03-12 01:00:00,6.814585027782834e-07,0.0005030683084313384,22.045886154921778
2013-03-12 02:00:00,6.877810576155848e-07,0.0004798514240813415,31.12620769798074
2013-03-12 03:00:00,6.724272560165719e-07,20.761335522663934,44.10726326845113
2013-03-12 04:00:00,36.40984581581424,116.58877466560435,113.57114808175453
2013-03-12 05:00:00,49.488811079789144,134.87323094816261,118.18503353610538
2013-03-12 06:00:00,42.966192826582656,131.69837327655932,111.70711469588953
2013-03-12 07:00:00,33.30571999207905,116.73685224549348,95.07245360399854
2013-03-12 08:00:00,20.95479377066679,101.02646266715644,75.56453422366388
2013-03-12 09:00:00,10.222002155009775,82.45023744978307,61.67924495392357
2013-03-12 10:00:00,2.960696065346871,64.26741747142418,65.1903049456497
2013-03-12 11:00:00,9.647502961155353e-07,52.54770635502395,59.932730178716476
2013-03-12 12:00:00,9.792775163648894e-07,44.54797928699634,55.02599011989655
2013-03-12 13:00:00,1.0355627172509266e-06,41.277483978765204,58.81643869105718
2013-03-12 14:00:00,1.1753163572797546e-06,44.75711109883873,71.18165370172757
2013-03-12 15:00:00,2.676310264298238e-06,73.31701890373891,106.46908858322122
2013-03-12 16:00:00,81.30332528925301,114.12283836865954,138.1968673796016
2013-03-12 17:00:00,159.75378888371404,148.97127812275357,141.29348758126218
2013-03-12 18:00:00,155.2231072643125,151.3700307811954,143.81375995442576
2013-03-12 19:00:00,140.09507191932263,135.84728895758226,149.00635085024265
2013-03-12 20:00:00,123.92090248838399,141.60083002555683,141.77320802341475
2013-03-12 21:00:00,91.96450887683336,110.14155006251455,101.71776365888422
2013-03-12 22:00:00,57.27725415066486,75.15593242390361,59.38258486370633
2013-03-12 23:00:00,42.472767409495354,60.70572587552206,43.41005269285454
2013-03-13 00:00:00,41.40369128842195,79.34453457083376,64.70485783826831
2013-03-13 01:00:00,40.47439205225993,81.57044126148121,77.56670166914773
2013-03-13 02:00:00,57.8757063315358,107.81659046922807,101.21448987683372
2013-03-13 03:00:00,119.38039525504527,131.66360000321657,157.55732556710927
2013-03-13 04:00:00,154.42913776629536,179.54456379136224,185.51392793169947
2013-03-13 05:00:00,135.21913198473234,181.04862182998542,184.4070656104899
2013-03-13 06:00:00,129.8442758640587,181.29623703522932,184.5634656343249
2013-03-13 07:00:00,126.90165561300316,167.51387472560037,170.31708681982644
2013-03-13 08:00:00,51.50656362989503,132.58499530330928,155.49467616286776
2013-03-13 09:00:00,0.00016013302305821196,96.85718679406565,147.49337367385883
2013-03-13 10:00:00,0.00013756729988220634,63.320000809888896,138.64453724423277
2013-03-13 11:00:00,0.00013233576789592935,48.48750507831055,130.800811981177
2013-03-13 12:00:00,0.00012759533659884685,41.072339835999905,127.31186796568706
2013-03-13 13:00:00,0.00010859400625770217,32.40907349323483,125.98374402873465
2013-03-13 14:00:00,9.97232027024785e-05,45.96657066919744,133.97701387864012
2013-03-13 15:00:00,9.952991104435296e-05,63.52454456560373,152.55931086685257
2013-03-13 16:00:00,0.7110416369701069,123.29015925263795,174.04637169401062
2013-03-13 17:00:00,36.87387806041428,170.72363677451548,183.42234985318512
2013-03-13 18:00:00,41.1571487549801,178.92536607891185,185.94624853292004
2013-03-13 19:00:00,52.036420347813035,179.95172259177144,184.03303728533515
2013-03-13 20:00:00,40.27002104229932,160.37448452582723,176.9825161930086
2013-03-13 21:00:00,15.359907641317388,112.91043365785038,134.16829531572498
2013-03-13 22:00:00,16.54097447449156,64.50504041194316,88.3754850695454
2013-03-13 23:00:00,0.00023021140365222367,45.0464968704165,61.817232053440016
2013-03-14 00:00:00,4.65527783979709,29.611009684843207,68.5568525167283
2013-03-14 01:00:00,4.239919648367365,36.96412213952635,72.99972060943554
2013-03-14 02:00:00,21.00192374032239,61.80128083111365,97.17295430074144
2013-03-14 03:00:00,51.0731703829874,128.14685519665957,162.79506729407228
2013-03-14 04:00:00,121.40847038899594,213.28925482885754,186.79896579824697
2013-03-14 05:00:00,148.51812073409448,191.92767087634036,184.9031011044083
2013-03-14 06:00:00,149.2400609394514,163.92297422249894,189.83053307184534
2013-03-14 07:00:00,111.75521913888049,230.92817605880276,178.92999419641242
2013-03-14 08:00:00,9.020949725383934,172.49467933948196,159.18124907255722
2013-03-14 09:00:00,0.00013549368646356485,56.11777019208795,132.1609954374705
2013-03-14 10:00:00,0.00016762182780341708,32.58202088112602,125.49480257967787
2013-03-14 11:00:00,0.00017898928872284024,24.855230500541634,122.68189733309431
2013-03-14 12:00:00,15.349412494866895,19.59232153330299,123.54928400306929
2013-03-14 13:00:00,0.0002880126248612224,16.298044041899853,120.98781349544495
2013-03-14 14:00:00,24.10416933837732,20.5885204028701,129.09050808307936
2013-03-14 15:00:00,84.18129741339581,72.62158538409403,148.76630608004643
2013-03-14 16:00:00,95.70019747840166,133.44800656251562,161.86446096097566
2013-03-14 17:00:00,110.7784782385554,144.6514998394102,173.71946482875921
2013-03-14 18:00:00,117.90732537721877,153.1670593982174,181.71140666091438
2013-03-14 19:00:00,114.08016887656765,155.83813955564858,186.78532915047765
2013-03-14 20:00:00,93.46074537855982,143.00554048911843,171.77099757209197
2013-03-14 21:00:00,58.87918040959334,89.35899317161687,135.82097937230478
2013-03-14 22:00:00,25.275683826555223,46.87260162153615,76.29151362363838
2013-03-14 23:00:00,15.748705901980056,30.65654004150087,52.41179113140423
2013-03-15 00:00:00,14.91865161462136,25.418305289604213,62.39980613159641
2013-03-15 01:00:00,0.00015345927723368994,33.57149559491314,73.87575589898049
2013-03-15 02:00:00,0.00013200028705572902,52.93559111776511,104.28308552378596
2013-03-15 03:00:00,1.2139294052096188e-06,112.94424067058493,166.69766204465805
2013-03-15 04:00:00,4.716592344891039,183.44613802549742,183.01080985296684
2013-03-15 05:00:00,18.53369744208696,188.97968605282455,181.66438952776826
2013-03-15 06:00:00,6.698380802655536,163.325061510118,178.09214763546544
2013-03-15 07:00:00,1.0357333509702309e-06,32.2564806815901,138.14036842066577
2013-03-15 08:00:00,9.830738199715573e-07,8.929216131140304,54.26383902093405
2013-03-15 09:00:00,7.656441208191986e-07,1.890557502290762e-06,28.881850410534994
2013-03-15 10:00:00,7.090927161469931e-07,1.5161468978790228e-06,14.672256310327455
2013-03-15 11:00:00,6.836101741895838e-07,1.468993511806473e-06,7.608393288211882
2013-03-15 12:00:00,6.797285537463451e-07,1.4698111780826077e-06,4.242972715251907
2013-03-15 13:00:00,6.811554376676957e-07,1.5096279516348291e-06,3.088827340454612
2013-03-15 14:00:00,7.379074738286041e-07,1.6861172467624695e-06,4.454419991782121
2013-03-15 15:00:00,8.144014519153553e-07,2.071082350978493e-06,21.167665242042975
2013-03-15 16:00:00,8.208497750647467e-07,2.1093974228798197e-06,88.59637111792459
2013-03-15 17:00:00,8.449970021565817e-07,1.8646659407216308e-06,129.71182401617716
2013-03-15 18:00:00,8.32732860847682e-07,1.812529535983775e-06,105.34854729195754
2013-03-15 19:00:00,8.200531711430152e-07,1.8061838097941846e-06,81.43760048363252
2013-03-15 20:00:00,7.790486860488468e-07,1.294565502849748e-06,43.294213499702586
2013-03-15 21:00:00,5.346353251900528e-07,1.4664571961981392e-06,12.632153233872494
2013-03-15 22:00:00,5.205951383498315e-07,1.5028026363335348e-06,0.42963940441268955
2013-03-15 23:00:00,4.777099978644915e-07,1.5273782757751061e-06,0.4037347758310596
2013-03-16 00:00:00,4.6885026270478707e-07,1.7595972886815962e-06,0.1618348547934115
2013-03-16 01:00:00,4.651116173627219e-07,1.8040338187456074e-06,0.3379371681168281
2013-03-16 02:00:00,4.6059030982295654e-07,1.7440419110408073e-06,0.3862881424708257
2013-03-16 03:00:00,4.937085436790332e-07,1.7024302122115282e-06,0.8425983624070683
2013-03-16 04:00:00,5.002958446983289e-07,1.5039740039050856e-06,16.948995979876237
2013-03-16 05:00:00,4.960917221140743e-07,1.5257059456046218e-06,27.683651104069757
2013-03-16 06:00:00,4.894295339566443e-07,1.536053378979383e-06,17.386359743894506
2013-03-16 07:00:00,4.171110811062549e-07,9.589177681337523e-07,6.604103710839521
2013-03-16 08:00:00,3.0042263576765613e-07,6.417785377019752e-07,2.792323703676441
2013-03-16 09:00:00,2.966998680713418e-07,5.684088528035004e-07,0.8826732288546119
2013-03-16 10:00:00,2.939339653222357e-07,6.026100467344637e-07,6.032194040625002e-07
2013-03-16 11:00:00,2.814504182922052e-07,5.436833378623338e-07,6.381275363083731e-07
2013-03-16 12:00:00,2.871255495345623e-07,5.974536919635647e-07,6.255393326603111e-07
2013-03-16 13:00:00,2.965335512403739e-07,6.383294048773639e-07,5.951151115955565e-07
2013-03-16 14:00:00,3.10547096401162e-07,9.130878326733629e-07,6.806448823366879e-07
2013-03-16 15:00:00,3.8226078080896544e-07,1.2151418461474847e-06,8.757060119311348e-07
2013-03-16 16:00:00,4.220673863358155e-07,1.9087556656959386e-06,1.0678770882517662e-06
2013-03-16 17:00:00,4.34121433861255e-07,1.975508171453554e-06,0.9538626582819307
2013-03-16 18:00:00,4.285567631393598e-07,1.9965190907671906e-06,1.7328493358115542
2013-03-16 19:00:00,4.26883230490339e-07,1.9928718930604502e-06,1.5324599140287507
2013-03-16 20:00:00,4.289980888738757e-07,1.8162064097582617e-06,7.960514706410165e-07
2013-03-16 21:00:00,4.0795122733042835e-07,1.8356404081829272e-06,8.033354150980875e-07
2013-03-16 22:00:00,4.148020520631789e-07,1.8947813747946243e-06,8.442027714626193e-07
2013-03-16 23:00:00,4.2253218071493353e-07,1.977659654602425e-06,8.740753754309001e-07
2013-03-17 00:00:00,4.3410718604893725e-07,2.089610549629082e-06,8.898070136244048e-07
2013-03-17 01:00:00,4.423858098947141e-07,2.231398482459769e-06,8.931071655748786e-07
2013-03-17 02:00:00,4.4826289931047357e-07,2.3692132868779978e-06,8.940435862577044e-07
2013-03-17 03:00:00,4.480026562721293e-07,2.5116009807022458e-06,8.99096829007714e-07
2013-03-17 04:00:00,4.959321336952678e-07,2.9303764867964147e-06,1.1676738404227198
2013-03-17 05:00:00,5.113634931565486e-07,3.057253415195751e-06,3.129760695848489
2013-03-17 06:00:00,5.144956060405398e-07,3.0416641302249056e-06,1.4041932662774443
2013-03-17 07:00:00,5.068780734559018e-07,1.8083005961679695e-06,8.268854529296064e-07
2013-03-17 08:00:00,4.877625463417434e-07,1.1628343154540374e-06,7.793875583324873e-07
2013-03-17 09:00:00,4.682194538752709e-07,9.549962418269868e-07,7.752324233388794e-07
2013-03-17 10:00:00,4.901352422700308e-07,1.0291983482411678e-06,7.906053267093565e-07
2013-03-17 11:00:00,4.840523182465249e-07,1.1943751020537816e-06,7.566344598950932e-07
2013-03-17 12:00:00,5.125781659248218e-07,1.303804216807512e-06,7.408604645479317e-07
2013-03-17 13:00:00,5.054083470797225e-07,9.920240768112476e-07,7.816327377934411e-07
2013-03-17 14:00:00,4.981863996371851e-07,1.175709565509103e-06,8.80351106173068e-07
2013-03-17 15:00:00,4.848442263041975e-07,2.0324554530917664e-06,1.001665217626448e-06
2013-03-17 16:00:00,5.028377852883469e-07,2.0462980676539468e-06,1.0247521444620844e-06
2013-03-17 17:00:00,4.960750459393405e-07,2.102992030859387e-06,9.845553749150234e-07
2013-03-17 18:00:00,4.911068017858239e-07,2.5239200609931517e-06,9.868680254758165e-07
2013-03-17 19:00:00,4.890239416596476e-07,2.569137940405945e-06,9.86941874490106e-07
2013-03-17 20:00:00,4.809566300013075e-07,2.3074387133681873e-06,1.0156965973085446e-06
2013-03-17 21:00:00,4.560848982547867e-07,2.278428432268729e-06,1.0131401052506707e-06
2013-03-17 22:00:00,4.6244142750356113e-07,2.365318025288281e-06,9.535991916480058e-07
2013-03-17 23:00:00,4.7554254577335543e-07,2.2691386732869926e-06,9.847431753171644e-07
2013-03-18 00:00:00,4.964280313722605e-07,2.406331326342595e-06,1.0040233668153904e-06
2013-03-18 01:00:00,5.234230535659027e-07,2.590734222162792e-06,1.032590534202996e-06
2013-03-18 02:00:00,5.360131403466595e-07,2.6779102872268443e-06,1.1028503852213646e-06
2013-03-18 03:00:00,5.417024280993012e-07,2.059841612091693e-06,1.1711816271090503e-06
2013-03-18 04:00:00,6.017390091450841e-07,1.391322970586805e-06,0.6970174382313151
2013-03-18 05:00:00,6.089589888776389e-07,1.3560232171997254e-06,2.9682612706341036
2013-03-18 06:00:00,5.461901909490411e-07,1.1762666346796882e-06,1.365959037556586
2013-03-18 07:00:00,5.797082331997011e-07,1.2844939145993322e-06,1.2108542423640577e-06
2013-03-18 08:00:00,5.304329932672251e-07,1.218350763831372e-06,1.2509194866430066e-06
2013-03-18 09:00:00,4.830380600804524e-07,8.555970015240838e-07,1.21052715459063e-06
2013-03-18 10:00:00,4.650993132712924e-07,7.955560746260937e-07,1.1757061405818192e-06
2013-03-18 11:00:00,4.899721740985163e-07,7.991686870382184e-07,1.2572490935674402e-06
2013-03-18 12:00:00,5.59470868095498e-07,8.50876740084142e-07,1.3309268560725954e-06
2013-03-18 13:00:00,6.606292819685947e-07,9.60552318404228e-07,1.3745801439580764e-06
2013-03-18 14:00:00,7.936606501515504e-07,1.2784766671399937e-06,1.452470744793922e-06
2013-03-18 15:00:00,8.941026916948195e-07,2.4566049056250457e-06,2.4692964874529656e-06
2013-03-18 16:00:00,8.919459526713438e-07,4.51909926954803e-06,2.9335966931903727e-06
2013-03-18 17:00:00,8.510788807016991e-07,4.31131175271577e-06,2.816168355047552e-06
2013-03-18 18:00:00,9.25158914688287e-07,4.1052571766195665e-06,2.6493836541923017e-06
2013-03-18 19:00:00,9.548127453413061e-07,4.325920248257536e-06,2.660709894723833e-06
2013-03-18 20:00:00,8.840174501325231e-07,4.700659833147586e-06,3.043311430180068e-06
2013-03-18 21:00:00,8.413012839295536e-07,5.118855746392859e-06,2.9952566264164894e-06
2013-03-18 22:00:00,7.821939637042123e-07,5.726522293863909e-06,2.6477746235461417e-06
2013-03-18 23:00:00,7.961625415970575e-07,8.033314929615036e-06,2.3529769582109186e-06
2013-03-19 00:00:00,7.825782326721699e-07,7.425059554099925e-06,2.5006833131450527e-06
2013-03-19 01:00:00,7.57727191741471e-07,7.424082767189537e-06,2.674169013019818e-06
2013-03-19 02:00:00,7.487477492066355e-07,6.615662017506693e-06,2.974888366162934e-06
2013-03-19 03:00:00,8.188855712000995e-07,6.79735595553555e-06,3.2558784828003836e-06
2013-03-19 04:00:00,7.7005752243343e-07,105.27684634040608,4.721284144369172
2013-03-19 05:00:00,7.614218077010039e-07,121.37457466763863,11.095325343606653
2013-03-19 06:00:00,7.456850373880122e-07,101.96143511254576,5.8379809019051505
2013-03-19 07:00:00,6.382546071779241e-07,63.43623563008029,3.028917768400066
2013-03-19 08:00:00,5.907044177449892e-07,0.0007398413810217914,0.8753364322346814
2013-03-19 09:00:00,6.029866727277743e-07,0.0006323060324654925,9.227146021670896e-05
2013-03-19 10:00:00,6.588803810045489e-07,0.0005466455415956637,9.415244941391503e-05
2013-03-19 11:00:00,6.726179470449955e-07,0.00045793159173185147,9.481230831963123e-05
2013-03-19 12:00:00,7.096657054062955e-07,2.1941095593439804e-06,9.274588889150637e-05
2013-03-19 13:00:00,7.34656520385366e-07,1.934984902862283e-06,9.095806094021776e-05
2013-03-19 14:00:00,7.604931712933295e-07,1.986809609378557e-06,9.969588756972487e-05
2013-03-19 15:00:00,7.424424673240395e-07,0.00041947125886300615,0.00010835600755491612
2013-03-19 16:00:00,7.245855520975706e-07,13.455874918601948,10.45439850415171
2013-03-19 17:00:00,7.473961284836008e-07,28.143869076071095,26.239105459607917
2013-03-19 18:00:00,7.14675164470207e-07,43.59202217105724,28.374432999031587
2013-03-19 19:00:00,7.081576766354442e-07,46.96829861874701,25.610120520058523
2013-03-19 20:00:00,7.085945917583965e-07,11.858908688793937,14.652273486144539
2013-03-19 21:00:00,6.923565460632424e-07,4.608212098247517e-06,1.5220061967480634
2013-03-19 22:00:00,6.696910457022903e-07,4.882564936421512e-06,0.00025457604146316885
2013-03-19 23:00:00,6.778880935857077e-07,5.285943208191275e-06,0.00016723666209692687
2013-03-20 00:00:00,6.8095513706609e-07,5.147635873818292e-06,0.0002905256511236291
2013-03-20 01:00:00,6.59436392553261e-07,5.28673681728902e-06,0.00029517004173947747
2013-03-20 02:00:00,7.005087443822315e-07,5.158535403478144e-06,0.00029144129694037656
2013-03-20 03:00:00,6.872549445804654e-07,0.001043169094928146,4.054015074311636
2013-03-20 04:00:00,1.0753721462346142e-06,87.92025654834531,60.74647386444876
2013-03-20 05:00:00,3.3132462508941836,58.62785191667306,95.55630008379508
2013-03-20 06:00:00,1.0181119116892101e-06,67.05642595192477,82.52434191487433
2013-03-20 07:00:00,9.587151793194967e-07,0.0008808956893972956,38.38516437422065
2013-03-20 08:00:00,9.340868300252451e-07,0.0005875350071859564,0.17472548826349174
2013-03-20 09:00:00,8.809816868862505e-07,0.0005613845667897212,0.1539975588771124
2013-03-20 10:00:00,9.069475750697674e-07,0.0005395291317308398,0.05659596964213569
2013-03-20 11:00:00,9.144654357971274e-07,0.0004887596131678533,0.00046963330913360945
2013-03-20 12:00:00,9.428442655825423e-07,0.0004653607509381112,0.00024878595466913916
2013-03-20 13:00:00,1.0355754799347002e-06,0.00047966155625250243,0.0002545920824135202
2013-03-20 14:00:00,0.0001061818421081844,0.0005664138229926217,0.000271374915241161
2013-03-20 15:00:00,0.00012506936590253335,0.0006906059380447465,16.524875891965895
2013-03-20 16:00:00,0.0001375771849236315,83.0486796812605,43.2475914979084
2013-03-20 17:00:00,0.00013665358700451534,103.29227511344878,66.27167935256671
2013-03-20 18:00:00,0.0001352948094606888,104.8275901711411,73.03586885053181
2013-03-20 19:00:00,0.00013217255488181577,103.34152018679303,70.58959238939798
2013-03-20 20:00:00,0.0001356676078439887,61.68776732602791,54.90518737873601
2013-03-20 21:00:00,0.00015974918709765984,7.684272590828083,29.96662350840461
2013-03-20 22:00:00,0.0001918184360896582,5.961378332798772e-06,4.63369862292406
2013-03-20 23:00:00,2.98575434824048e-06,6.475167838820568e-06,6.0494679519450615e-06
2013-03-21 00:00:00,3.0147415339360035e-06,6.15494398582335e-06,2.8080261048494477
2013-03-21 01:00:00,3.06978988192205e-06,6.195031165803047e-06,4.736646458545744
2013-03-21 02:00:00,0.00019591116862477257,5.738134087005617e-06,14.62258202018794
2013-03-21 03:00:00,0.00016880795929919516,63.905554882938155,70.58663244280294
2013-03-21 04:00:00,1.5252898919907243,134.7329664839091,162.8160547851169
2013-03-21 05:00:00,12.644649580178523,151.98321660689223,172.0552846377987
2013-03-21 06:00:00,4.750637977544972,142.8471965465714,156.7840723807014
2013-03-21 07:00:00,0.00013219271726417289,165.23098278206038,125.0416019237293
2013-03-21 08:00:00,0.00015096089550054403,0.0006673755972867027,86.6351324871008
2013-03-21 09:00:00,0.0001442153206420111,0.00034831911068303016,42.911204441763836
2013-03-21 10:00:00,0.0001495849962329257,0.00032677619821599703,33.999561954417196
2013-03-21 11:00:00,0.00016184287886979775,0.0003695662835567368,38.26662798649275
2013-03-21 12:00:00,0.00017375979432977925,0.00037384277748704706,38.23578862086262
2013-03-21 13:00:00,0.0001654226324661832,0.00034971718834087397,27.99982744051516
2013-03-21 14:00:00,0.00016541511311683708,0.0003420046714663544,42.243465518469314
2013-03-21 15:00:00,0.00016197001643754078,0.0003839104630987203,46.897826560010344
2013-03-21 16:00:00,0.00015490650204134378,0.0005149058949838203,89.6730567206859
2013-03-21 17:00:00,0.00015000667710697547,0.0005013226385939206,105.97030319531815
2013-03-21 18:00:00,0.0001516204936572257,0.0005113063030385079,109.54819137435364
2013-03-21 19:00:00,0.00011517128166726853,0.0005418535780064042,98.54358628455029
2013-03-21 20:00:00,9.801865965390584e-07,0.000592777195897621,66.14378655585898
2013-03-21 21:00:00,7.743329787933307e-07,0.0006757714541673282,24.489920892331778
2013-03-21 22:00:00,7.616318986324281e-07,3.8055587567806115e-06,7.63973159946713
2013-03-21 23:00:00,7.013948674441654e-07,3.920119491103249e-06,2.2392818502589282
2013-03-22 00:00:00,7.645043304949274e-07,3.611500856339447e-06,6.848908646533711
2013-03-22 01:00:00,7.237932047204587e-07,3.5988468650360483e-06,7.546799446620813
2013-03-22 02:00:00,6.822242270343818e-07,3.589916994353968e-06,10.882874453204519
2013-03-22 03:00:00,6.650620716415966e-07,0.0006697181146694238,28.425512306403576
2013-03-22 04:00:00,1.6202620832175156,0.0005392321644111383,95.07460095490511
2013-03-22 05:00:00,14.608858100765085,0.0005194950453559857,99.52705245408356
2013-03-22 06:00:00,4.82204181912606,0.0005282532251103635,70.27765995723762
2013-03-22 07:00:00,4.951151332385389e-07,7.094354773294468e-07,35.649252954135285
2013-03-22 08:00:00,3.5804884301883107e-07,6.101559216403416e-07,12.316066449493208
2013-03-22 09:00:00,3.0249969430451064e-07,5.482969186147806e-07,1.78330408293241
2013-03-22 10:00:00,2.877709390349189e-07,5.029307423701577e-07,0.5668266562139835
2013-03-22 11:00:00,2.7645086136628803e-07,5.183588370658892e-07,0.0009144938462926679
2013-03-22 12:00:00,2.7079588961917746e-07,5.157939785669423e-07,0.0005601482423264847
2013-03-22 13:00:00,2.854527209855531e-07,5.583112763763238e-07,0.00047694513322511914
2013-03-22 14:00:00,3.007760117893835e-07,6.754638401994217e-07,0.0004994529628513347
2013-03-22 15:00:00,3.1615674154087435e-07,7.093539104297277e-07,0.48087244593655804
2013-03-22 16:00:00,3.170633915223374e-07,8.758744781500875e-07,3.9389536748857292
2013-03-22 17:00:00,2.9803408421955207e-07,1.0300736609445597e-06,9.23486837546827
2013-03-22 18:00:00,3.0228734469159794e-07,1.0005830466456916e-06,5.679705326746083
2013-03-22 19:00:00,3.349671229193934e-07,8.891369559795533e-07,3.510737101354355
2013-03-22 20:00:00,3.43474759837893e-07,9.050952503038554e-07,1.713146642232013
2013-03-22 21:00:00,3.4331509583191137e-07,9.948927927010207e-07,6.734220655925621e-05
2013-03-22 22:00:00,3.477935582969773e-07,1.0338476853950562e-06,7.380801461301591e-05
2013-03-22 23:00:00,3.4561047419951465e-07,1.0227214774357142e-06,7.232523106682244e-05
2013-03-23 00:00:00,3.4513124700918363e-07,1.0125269551359732e-06,7.178655344500098e-05
2013-03-23 01:00:00,3.4588757003240246e-07,1.0049694790420489e-06,7.157632079762885e-05
2013-03-23 02:00:00,3.4599159312024146e-07,9.973298132719022e-07,7.019119690056994e-05
2013-03-23 03:00:00,4.0418391295179373e-07,9.959100619596932e-07,5.698895938483964
2013-03-23 04:00:00,9.78750628865999,1.574462615507377e-06,41.989468832865676
2013-03-23 05:00:00,19.40361384247397,18.950365704925396,49.90946338391079
2013-03-23 06:00:00,10.917118747033728,1.5436619661050355,39.09926118220312
2013-03-23 07:00:00,3.453806480883098,8.766226473073359e-07,26.830127407149245
2013-03-23 08:00:00,3.5133209208787567e-07,8.361163363916152e-07,16.764442628646375
2013-03-23 09:00:00,3.2099997033330924e-07,8.560437046331837e-07,11.204593894817407
2013-03-23 10:00:00,3.0862952538544065e-07,8.987615945404709e-07,7.3937543818610925
2013-03-23 11:00:00,3.0886772256399756e-07,7.647318262097037e-07,5.044187500447552
2013-03-23 12:00:00,3.0616684439799646e-07,7.465262324980063e-07,4.145569160749979
2013-03-23 13:00:00,3.216414244114297e-07,8.02618087028728e-07,5.358338057558368
2013-03-23 14:00:00,3.4423748317961116e-07,9.095605259315556e-07,15.159717276233437
2013-03-23 15:00:00,3.6626007800833434e-07,8.924907250411771e-07,20.01138163979568
2013-03-23 16:00:00,3.774050191256153e-07,8.646498456301983e-07,24.38663206418928
2013-03-23 17:00:00,4.037936798944083e-07,8.316732753674434e-07,29.23878550826572
2013-03-23 18:00:00,4.014248722693823e-07,8.380903062936229e-07,29.587389284708237
2013-03-23 19:00:00,4.0142511818350094e-07,8.388267567330601e-07,27.519527738977715
2013-03-23 20:00:00,4.0237012451612253e-07,8.881485179215987e-07,16.299659655744804
2013-03-23 21:00:00,3.234007548120484e-07,1.054049253987327e-06,1.794705209351437
2013-03-23 22:00:00,3.255752077612182e-07,1.106855113366489e-06,6.863905726204662e-05
2013-03-23 23:00:00,3.2257728627418003e-07,1.2962438638398943e-06,7.10815047386876e-05
2013-03-24 00:00:00,3.225735187232362e-07,1.2379844523427442e-06,7.200413298542738e-05
2013-03-24 01:00:00,3.2256555409126534e-07,1.2173507629413305e-06,7.171172511580661e-05
2013-03-24 02:00:00,3.2254056834628425e-07,1.122927602357242e-06,7.077868602103625e-05
2013-03-24 03:00:00,3.2277768965807765e-07,9.390112892917879e-07,4.363108202493488
2013-03-24 04:00:00,17.039084585213914,39.2562652299994,38.86504608570844
2013-03-24 05:00:00,26.389278098517035,60.75002118339132,49.71622934242136
2013-03-24 06:00:00,17.912806368017954,42.81024699773883,39.27111857452639
2013-03-24 07:00:00,9.04252763963783,28.70808422617032,28.864983675064085
2013-03-24 08:00:00,1.3793126091259433,13.429700296019599,17.54743233143814
2013-03-24 09:00:00,2.7160503192801513e-07,0.6025510109879474,9.157291174117914
2013-03-24 10:00:00,2.660165813336858e-07,8.115003890344826e-07,3.6792362371800107
2013-03-24 11:00:00,2.610572298959069e-07,6.968494798126297e-07,2.645584313984727
2013-03-24 12:00:00,2.597994917128759e-07,6.453313184468558e-07,2.1225050145142945
2013-03-24 13:00:00,2.6751033975230004e-07,6.354787459144882e-07,1.8801030499498201
2013-03-24 14:00:00,2.856999619760963e-07,8.164001435206506e-07,2.2127899385749297
2013-03-24 15:00:00,3.031837360411863e-07,8.446286568966621e-07,3.2672143341804354
2013-03-24 16:00:00,3.2006096513618143e-07,7.936291757463729e-07,10.152744050142703
2013-03-24 17:00:00,3.231976279627936e-07,8.060096930000344e-07,15.42238652180541
2013-03-24 18:00:00,3.391349508076969e-07,7.735978561773768e-07,17.87266750249742
2013-03-24 19:00:00,3.427772116481827e-07,7.661996284881168e-07,15.96242934613237
2013-03-24 20:00:00,3.3762817313231e-07,7.677142152684046e-07,5.290428753921745
2013-03-24 21:00:00,3.3862040911426273e-07,8.697555419947143e-07,8.68852049429687e-07
2013-03-24 22:00:00,3.229070000757936e-07,1.0802418067224074e-06,9.356491890635746e-07
2013-03-24 23:00:00,3.2569170102298866e-07,1.1849316185868945e-06,9.4227804060106e-07
2013-03-25 00:00:00,3.2724925600548726e-07,1.0635494780609196e-06,9.592648491617722e-07
2013-03-25 01:00:00,3.237095084371896e-07,1.1853749420978156e-06,9.757778230940795e-07
2013-03-25 02:00:00,3.210557639285768e-07,1.130087905722766e-06,9.71728159492913e-07
2013-03-25 03:00:00,3.0282456770214945e-07,9.50801003874909e-07,9.81901728610304e-07
2013-03-25 04:00:00,5.5293303815627235,26.63453290427038,39.174829703406914
2013-03-25 05:00:00,15.570126973653219,49.046898361849216,56.76550036543707
2013-03-25 06:00:00,8.81408756113694,34.61771518890703,48.5858808268214
2013-03-25 07:00:00,1.5471045959305556,14.66028027044599,27.247194611037113
2013-03-25 08:00:00,2.726686100358169e-07,2.078449234585346,14.84173467062445
2013-03-25 09:00:00,2.5513319667830667e-07,5.191501574872572e-07,5.050495192468082
2013-03-25 10:00:00,2.489180260118352e-07,4.807556346371531e-07,4.2803946101220385
2013-03-25 11:00:00,2.691489533407231e-07,4.87517919435259e-07,0.26419696805075427
2013-03-25 12:00:00,2.6186932298323783e-07,4.850662753845099e-07,0.005046288076622195
2013-03-25 13:00:00,2.484592930956996e-07,4.810405905683417e-07,0.0014034819070621145
2013-03-25 14:00:00,2.5441054833259446e-07,4.780265612273477e-07,0.010822043994250926
2013-03-25 15:00:00,2.7748365877382876e-07,5.518150371040365e-07,1.9823422003936817
2013-03-25 16:00:00,3.396987363568802e-07,8.836940755587857e-07,15.99173973841967
2013-03-25 17:00:00,4.234301659360676e-07,1.3619986088256418e-06,28.524887925011488
2013-03-25 18:00:00,4.191352110949343e-07,1.3610148098677795e-06,30.857641969238212
2013-03-25 19:00:00,4.1114735370614226e-07,1.3893219776642856e-06,24.03805744664594
2013-03-25 20:00:00,4.123232150507455e-07,1.4247111652855393e-06,6.521961080781571
2013-03-25 21:00:00,4.1986491726147806e-07,1.6013183366831173e-06,0.11316948352110283
2013-03-25 22:00:00,4.3628991067350765e-07,1.8224820971986435e-06,0.11422874933643869
2013-03-25 23:00:00,4.502844667899635e-07,1.8296150605624619e-06,0.10117694642426946
2013-03-26 00:00:00,4.5493607480897954e-07,1.8240757355494497e-06,0.12261042964532096
2013-03-26 01:00:00,4.5457379483729283e-07,1.976104141117006e-06,0.12544042420518117
2013-03-26 02:00:00,4.4822997588016406e-07,1.8214415186009695e-06,0.1252851977142386
2013-03-26 03:00:00,4.190002502723813e-07,1.5453097937810615e-06,0.12602098590653163
2013-03-26 04:00:00,2.459881807790936,28.438129030515743,55.697938244695194
2013-03-26 05:00:00,11.776237525217947,51.43541801756047,72.3134512972716
2013-03-26 06:00:00,5.351808421903591,36.7958428381368,55.36413931106753
2013-03-26 07:00:00,4.314802890677807e-07,19.4494995518376,29.423081260315023
2013-03-26 08:00:00,3.4511891134972146e-07,1.3752062056617317e-06,15.73757025821065
2013-03-26 09:00:00,2.4512569173082517e-07,4.832927123033934e-07,6.440080075057641
2013-03-26 10:00:00,2.5946837044640335e-07,4.906559195958692e-07,2.411446144589649
2013-03-26 11:00:00,2.7924955085978876e-07,4.216449376850998e-07,0.5842745883649262
2013-03-26 12:00:00,2.767755456558497e-07,4.07385444615371e-07,0.08923042077061892
2013-03-26 13:00:00,2.5022887765206654e-07,5.089927776470536e-07,0.5763022839862437
2013-03-26 14:00:00,2.622185301440398e-07,7.750257080294135e-07,1.901273991704494
2013-03-26 15:00:00,3.7703078723766366e-07,1.2347600198652464e-06,12.235019717628653
2013-03-26 16:00:00,4.421851932622391e-07,1.2997837958319655e-06,29.300899285589768
2013-03-26 17:00:00,4.916798525511109e-07,1.1981863504266866e-06,41.438057006009
2013-03-26 18:00:00,4.972041766397334e-07,1.1993696543309423e-06,43.604564224326175
2013-03-26 19:00:00,4.966160380328996e-07,1.206507437973398e-06,38.567047387858494
2013-03-26 20:00:00,4.975128750604205e-07,1.1998341870664347e-06,23.521944559327192
2013-03-26 21:00:00,5.140361391089893e-07,1.3227894136297958e-06,7.795965604959513
2013-03-26 22:00:00,5.443879090826806e-07,1.5032030153760275e-06,2.8466277997248786
2013-03-26 23:00:00,5.675414700147127e-07,1.4134394923589327e-06,0.8733955348165532
2013-03-27 00:00:00,5.58847757052557e-07,1.4387717440123208e-06,0.8320444687511783
2013-03-27 01:00:00,5.454085911074846e-07,1.4454080406754892e-06,1.3026506164657874
2013-03-27 02:00:00,5.351359214015234e-07,1.510735981042811e-06,3.4650841403192416
2013-03-27 03:00:00,5.150953386375213e-07,1.3281907250682698e-06,9.725595802991302
2013-03-27 04:00:00,7.153647152111119e-07,13.151296581568399,51.45733650247797
2013-03-27 05:00:00,10.020192348198282,31.681364408426333,63.5620114445502
2013-03-27 06:00:00,2.589950810335828,20.128802857723507,51.27912939267807
2013-03-27 07:00:00,5.083349891113709e-07,2.903788716510914,29.370877868128655
2013-03-27 08:00:00,4.082628594559066e-07,7.672608998923372e-07,10.270513195062136
2013-03-27 09:00:00,3.1338845857770066e-07,6.556203450263941e-07,3.1421342844301767
2013-03-27 10:00:00,3.0808179822136883e-07,5.804622353985178e-07,0.4322349142259061
2013-03-27 11:00:00,2.539666769654195e-07,5.593616064324596e-07,0.023851832571425386
2013-03-27 12:00:00,2.558036126464321e-07,6.098150193140514e-07,0.0953646422508904
2013-03-27 13:00:00,2.96310166604576e-07,7.260200123471601e-07,0.0986200224659549
2013-03-27 14:00:00,3.627900234769413e-07,8.504329922296826e-07,0.10676974690790185
2013-03-27 15:00:00,4.3997590722843666e-07,9.77382506113066e-07,0.1119925095383888
2013-03-27 16:00:00,5.393021947945688e-07,1.963710671644364e-06,23.996622764272345
2013-03-27 17:00:00,6.717827807812423e-07,0.000545756074238633,40.82048093563376
2013-03-27 18:00:00,6.787376315468805e-07,0.0005345191457179043,41.767832070431616
2013-03-27 19:00:00,6.436539221391984e-07,0.0005394078930843445,39.877138141236756
2013-03-27 20:00:00,6.332231016894497e-07,0.0005801267196671949,35.35429002909628
2013-03-27 21:00:00,6.366817879633945e-07,0.0006718876938865621,23.352319573716066
2013-03-27 22:00:00,6.148035884781948e-07,4.305329298966131e-06,7.117075289408602
2013-03-27 23:00:00,5.845055690112499e-07,4.824389315890931e-06,1.405030770707062
2013-03-28 00:00:00,6.551199995625927e-07,4.96473334595275e-06,0.00021200733528724564
2013-03-28 01:00:00,6.731094359166155e-07,5.036072420288938e-06,0.008822229362442402
2013-03-28 02:00:00,6.863939760226962e-07,0.0008600773119544494,2.295828163264562
2013-03-28 03:00:00,6.758584630452987e-07,0.0007012597737422345,20.984067651328917
2013-03-28 04:00:00,7.026847430134296,0.0005662479702128869,61.42236956444604
2013-03-28 05:00:00,21.04568890588133,21.259126827961705,77.59379508304302
2013-03-28 06:00:00,10.847790155160446,4.710675322369436,60.61390546573897
2013-03-28 07:00:00,5.85783522512819e-07,0.0004615433913981871,14.981346179055905
2013-03-28 08:00:00,4.78077802232974e-07,0.00032195138259196045,0.13062094064952234
2013-03-28 09:00:00,4.743322897255273e-07,0.00027956100592409504,0.1170488961659662
2013-03-28 10:00:00,4.921814542092823e-07,1.2942818205231531e-06,0.11206371076486836
2013-03-28 11:00:00,5.346985483802105e-07,1.7841542090485208e-06,0.1207842154389108
2013-03-28 12:00:00,6.013971304224465e-07,0.0002956826552900771,0.1370126327720303
2013-03-28 13:00:00,6.567808887196516e-07,0.0003392742263804212,0.15159724312126016
2013-03-28 14:00:00,9.693553858807375e-07,0.0003939677841324014,1.311024081891847
2013-03-28 15:00:00,9.627567450284519e-07,0.00045088297636618066,18.30749723800908
2013-03-28 16:00:00,1.1125695631295615e-06,0.0006017096571088306,57.957307750260846
2013-03-28 17:00:00,1.1761656357324644e-06,97.50724721596501,97.31508302497353
2013-03-28 18:00:00,0.00010958441790484903,110.73875397523007,106.42112887226433
2013-03-28 19:00:00,0.00011242232162543123,112.07143581984894,101.56503832310322
2013-03-28 20:00:00,0.00011200533342481657,89.55745191520369,83.58495456550217
2013-03-28 21:00:00,0.00011855694940347093,39.92687716668498,45.29149573216359
2013-03-28 22:00:00,0.00012775427884467218,5.241985453539293e-06,6.47745007871149
2013-03-28 23:00:00,0.00013391816129013824,5.8045538529330095e-06,5.835121573630879e-06
2013-03-29 00:00:00,0.00013349117629034185,2.2680738493169934,0.028117206642388964
2013-03-29 01:00:00,0.0001290683822569108,10.440833275685403,1.820436588188053
2013-03-29 02:00:00,0.0001239395326136991,41.100213716705035,18.416385837927464
2013-03-29 03:00:00,0.00011821260516980474,110.56670743513045,75.47866686596237
2013-03-29 04:00:00,14.666894230327747,155.6032145789857,163.8484851025374
2013-03-29 05:00:00,31.8390279685612,211.4892965093231,180.20605362137246
2013-03-29 06:00:00,18.948838477080443,226.29780056199118,153.2125854709492
2013-03-29 07:00:00,3.9640187156036557,77.26475368051612,78.95398403620433
2013-03-29 08:00:00,0.00010176329678124672,4.325074581711964,23.68291914477466
2013-03-29 09:00:00,0.00011137741436043676,0.0003950734916158637,13.027480517988076
2013-03-29 10:00:00,0.0001386705081532107,0.0004387912141099575,16.722707895263714
2013-03-29 11:00:00,0.0001479817347606761,0.0005136563535496202,29.595051263889562
2013-03-29 12:00:00,0.00018708782900368903,0.0005544568684761471,30.244949110940258
2013-03-29 13:00:00,0.000144762018632349,0.0005324453859231494,34.26451083754857
2013-03-29 14:00:00,0.0001659228238066358,0.0005885301726355977,45.9168369793121
2013-03-29 15:00:00,1.4813546506984225,0.0008642305794146683,82.52683842102725
2013-03-29 16:00:00,6.0384843838396325,103.57824138278819,100.9641170143021
2013-03-29 17:00:00,30.264142492398463,112.25586463007852,124.44327273028298
2013-03-29 18:00:00,43.51835979547471,125.16975417185287,128.53112930232982
2013-03-29 19:00:00,35.90212285746734,134.99432799901817,123.128151036605
2013-03-29 20:00:00,7.827855460811948,101.06063770516634,100.54174121157592
2013-03-29 21:00:00,2.8659075921145027,57.06814393351156,57.5257980748351
2013-03-29 22:00:00,3.5585892272066557,18.019083895188523,9.870305406477149
2013-03-29 23:00:00,3.4346618126820396,6.469278685529667,7.629025083504153e-06
2013-03-30 00:00:00,3.3189924261398276,9.619324792013211,0.8774782322498105
2013-03-30 01:00:00,4.140500776830705,19.853996129149007,5.992786369929472
2013-03-30 02:00:00,4.428584861985058,47.605960857406934,28.902826170490897
2013-03-30 03:00:00,4.309791300693508,110.35884353147021,100.45636406714254
2013-03-30 04:00:00,23.261312280468083,208.10844204309407,177.4764563006034
2013-03-30 05:00:00,38.50401377108482,236.98502616598483,198.40203472281718
2013-03-30 06:00:00,18.529328479509346,231.06646443346838,174.42481712513558
2013-03-30 07:00:00,0.00013348255877353778,11.412846171984883,130.23967392065953
2013-03-30 08:00:00,0.00011118210625487231,0.0003145804223209698,90.58314669110216
2013-03-30 09:00:00,0.00010911463601487466,0.000296087044899561,71.84666882736704
2013-03-30 10:00:00,0.0001238415683271001,0.0003450653493929269,62.13952541975434
2013-03-30 11:00:00,0.00012862012131485418,0.0004162400967234555,56.2795214094615
2013-03-30 12:00:00,0.0001350092718398324,0.0004632170576055715,49.44012493715141
2013-03-30 13:00:00,0.0001357026537111804,0.00045720325653892605,56.57667313281121
2013-03-30 14:00:00,0.00013002291457332678,0.000488767651459966,73.09847203366643
2013-03-30 15:00:00,0.00011931105253143879,0.0004854974142967808,88.44806535868527
2013-03-30 16:00:00,0.00012240228563162046,8.132807875803657,109.62954816357461
2013-03-30 17:00:00,2.5292172138061333,135.62015246777665,126.27160154483806
2013-03-30 18:00:00,3.7254945516809874,135.71958547534447,129.1734449070936
2013-03-30 19:00:00,4.091699409967666,136.22375304605947,123.83938622434026
2013-03-30 20:00:00,4.395347239356963,113.15171343547675,103.15704894289425
2013-03-30 21:00:00,4.261081994774878,73.37176064743478,58.92873954848501
2013-03-30 22:00:00,2.8000534500851724,20.509270628092032,10.616014207697466
2013-03-30 23:00:00,1.1096878433598436,5.206527702063131e-06,0.04054095528456409
2013-03-31 00:00:00,1.5034760522395907,3.074620105916419,2.6878566202601712
2013-03-31 01:00:00,5.390216050473696,45.22455078781369,35.844736802117936
2013-03-31 02:00:00,6.3533899085696355,118.53971835794653,124.74852175385504
2013-03-31 03:00:00,15.914800095913584,224.6973272568817,211.92278191052625
2013-03-31 04:00:00,29.462185877617273,245.00998555570473,228.0694682462187
2013-03-31 05:00:00,17.040918020407005,229.83870424654543,214.51165109964853
2013-03-31 06:00:00,10.158381256849031,259.50118694233197,185.8686067482895
2013-03-31 07:00:00,0.0001561495019057787,36.766158583252654,105.34493404837508
2013-03-31 08:00:00,0.0001330589633812158,0.00036265247389031646,32.933790030031865
2013-03-31 09:00:00,0.00013200819543213716,0.0003778889899297076,20.698003695540976
2013-03-31 10:00:00,0.00015457941940526744,0.00043731746819670016,23.042199812095298
2013-03-31 11:00:00,0.00015830074138275252,0.00048523000386235403,24.246493011085875
2013-03-31 12:00:00,0.00016471365667390382,0.0005119637910652727,26.15010900061271
2013-03-31 13:00:00,0.00016888427661095498,0.0005252007788496257,35.71435966100832
2013-03-31 14:00:00,0.0001956976390692936,0.000565218614472953,62.218909460789774
2013-03-31 15:00:00,0.00020035530252564602,0.0005527188017976582,81.54453456482759
2013-03-31 16:00:00,7.283511203789272,26.022621709858,128.55968506819366
2013-03-31 17:00:00,12.91097434767918,124.63418006933237,147.4865005586622
2013-03-31 18:00:00,12.921193616937408,136.3206130352402,142.03726301067226
2013-03-31 19:00:00,7.435480785413094,100.71843209718891,122.64597137630874
2013-03-31 20:00:00,5.941222110706919,58.889408336308605,70.56819296555898
2013-03-31 21:00:00,0.0003293898661306988,6.974995229021401,10.943331893911806
2013-03-31 22:00:00,2.4117381536467884e-06,5.1642305977633575e-06,0.05885357575883285
2013-03-31 23:00:00,2.911125459630521e-06,4.888810124343102e-06,3.349823830793631
2013-04-01 00:00:00,3.423444647253849e-06,5.020951813567125e-06,5.05558467046172
2013-04-01 01:00:00,3.2035739068299485,0.9240291620573143,23.641836521549102
2013-04-01 02:00:00,7.576904564968664,61.25272978794728,99.60386315868135
2013-04-01 03:00:00,13.041126351955901,120.37755359984565,198.73894227480176
2013-04-01 04:00:00,24.07367529208242,122.38927516852695,211.35878435404655
2013-04-01 05:00:00,18.595007995671104,142.74505101136396,185.20851947093195
2013-04-01 06:00:00,10.562651484723268,90.57181297252626,159.37068727702282
2013-04-01 07:00:00,0.0001452490433271554,1.0256329317023768e-06,0.6198538702209527
2013-04-01 08:00:00,7.65854899714767e-07,8.71238922876663e-07,0.0834601182792758
2013-04-01 09:00:00,6.051374688002113e-07,4.836300245682546e-07,2.6943808445250024e-06
2013-04-01 10:00:00,5.35589061420225e-07,4.1160468846613405e-07,0.12633059143346292
2013-04-01 11:00:00,4.953060839743389e-07,4.133674057530506e-07,0.12062349436611065
2013-04-01 12:00:00,5.006280660896242e-07,4.1688832963917254e-07,0.12016156755326748
2013-04-01 13:00:00,5.127599026570785e-07,4.505452590071988e-07,0.12540190396349998
2013-04-01 14:00:00,5.560167648403945e-07,4.7365421179326397e-07,0.14243112806241598
2013-04-01 15:00:00,6.240495420504623e-07,4.919274117089133e-07,0.15382465687951646
2013-04-01 16:00:00,7.559338167678781e-07,9.284259194208659e-07,26.477412313963637
2013-04-01 17:00:00,8.271463780082536e-07,1.0921610192948296e-06,32.633941400541886
2013-04-01 18:00:00,7.890464877144534e-07,1.0337236143293502e-06,29.968244155769668
2013-04-01 19:00:00,7.656103527124368e-07,1.1043519389431495e-06,23.72945436268318
2013-04-01 20:00:00,7.666855174931074e-07,1.2297447769497885e-06,13.388997297946636
2013-04-01 21:00:00,7.407466869066865e-07,1.2244235231297586e-06,3.9593751898459244
2013-04-01 22:00:00,7.617249645766869e-07,1.2566231295241951e-06,0.8935611888278125
2013-04-01 23:00:00,8.304405763555627e-07,1.2441311334411606e-06,2.6584298396300166
2013-04-02 00:00:00,8.739352552319914e-07,1.2508744499325101e-06,3.2879078794354184
2013-04-02 01:00:00,8.633207576233036e-07,1.2179404036630298e-06,7.394082419470945
2013-04-02 02:00:00,8.618745427058921e-07,1.1495627277372316e-06,21.61112789992431
2013-04-02 03:00:00,7.62310074827541e-07,9.587877756309837e-07,53.628032480688894
2013-04-02 04:00:00,7.865375944265021e-07,9.511728017084972e-07,72.55065161163616
2013-04-02 05:00:00,7.772305630666401e-07,1.0512699884540111e-06,57.292298215726255
2013-04-02 06:00:00,7.502122877095202e-07,1.0654214135419866e-06,38.59604347876526
2013-04-02 07:00:00,7.757571145112893e-07,1.0588813811993207e-06,2.427145050893475
2013-04-02 08:00:00,7.059030203381428e-07,7.911421661200468e-07,0.14465438769139796
2013-04-02 09:00:00,5.60374204013513e-07,4.581830452672012e-07,0.12974139961305778
2013-04-02 10:00:00,4.929172623111047e-07,4.213849405925785e-07,0.1265577098989859
2013-04-02 11:00:00,4.409089401332597e-07,4.089397335150432e-07,0.1172155273068695
2013-04-02 12:00:00,4.1689261191471333e-07,4.133068995354174e-07,0.11391177968263565
2013-04-02 13:00:00,4.349010463908363e-07,4.4751266414894983e-07,0.11582734593110854
2013-04-02 14:00:00,4.561109109272302e-07,4.914082244911827e-07,0.12516047500380773
2013-04-02 15:00:00,5.029892080000282e-07,8.211024892374482e-07,3.0195870323006573
2013-04-02 16:00:00,5.785499904952343e-07,1.4544637021249952e-06,4.939160572267665
2013-04-02 17:00:00,6.692204396742773e-07,1.380087356650642e-06,6.293885507215359
2013-04-02 18:00:00,6.746239475635549e-07,1.2195194004804212e-06,5.755696261021934
2013-04-02 19:00:00,6.241580601136805e-07,1.3600136338723915e-06,3.1426904840730407
2013-04-02 20:00:00,6.021774514370822e-07,1.502506782784434e-06,0.15586432774722134
2013-04-02 21:00:00,5.553220689656229e-07,1.6821884874577089e-06,0.00011441578724462415
2013-04-02 22:00:00,5.248093094158713e-07,1.9589389165170396e-06,2.1594942982579526e-06
2013-04-02 23:00:00,5.706759111746291e-07,1.775711423288821e-06,0.0001223517004099643
2013-04-03 00:00:00,6.129667570769081e-07,1.794102756788576e-06,2.5020266623764294e-06
2013-04-03 01:00:00,6.524005529698357e-07,1.4981531567413675e-06,0.00012933424067640173
2013-04-03 02:00:00,7.350852937761239e-07,1.1738254067812536e-06,0.6447364448227808
2013-04-03 03:00:00,7.284324889290749e-07,9.983154360978642e-07,9.679113154003227
2013-04-03 04:00:00,7.146881313867206e-07,4.21391382803543,16.776373603675957
2013-04-03 05:00:00,7.101811415534249e-07,9.798001866370719e-07,10.956586047524231
2013-04-03 06:00:00,6.925091204726049e-07,1.0062736438690672e-06,2.341297839082784
2013-04-03 07:00:00,5.862242281946643e-07,1.0533887981999565e-06,0.1453420399318274
2013-04-03 08:00:00,4.804834650171225e-07,1.09030036196769e-06,0.13001835952851534
2013-04-03 09:00:00,4.1356936586542943e-07,6.924183571300792e-07,0.1215380348249396
2013-04-03 10:00:00,4.1759027013837786e-07,6.324577373399304e-07,0.12208100257831318
2013-04-03 11:00:00,4.0048961184471433e-07,7.133568885144256e-07,0.11906178423770357
2013-04-03 12:00:00,3.845960088466379e-07,8.021852932969037e-07,0.03559408244487084
2013-04-03 13:00:00,3.97724562202988e-07,8.341574919181022e-07,0.11640748928363062
2013-04-03 14:00:00,4.229195711583337e-07,9.249961982661514e-07,0.11719817484452541
2013-04-03 15:00:00,4.4762636731040597e-07,1.0044858759029835e-06,0.12090098009721524
2013-04-03 16:00:00,5.134133793732803e-07,1.3631759233700021e-06,0.12475930544628641
2013-04-03 17:00:00,5.901520830402637e-07,1.338748236757454e-06,0.14240833326770938
2013-04-03 18:00:00,6.251361367456121e-07,1.3272964117305945e-06,0.14384955777033462
2013-04-03 19:00:00,6.11485047308291e-07,1.5662820971773298e-06,0.141568012996396
2013-04-03 20:00:00,6.046469338977821e-07,1.8646512467841838e-06,0.13365805005688847
2013-04-03 21:00:00,5.594728244674988e-07,1.846651112773467e-06,2.192590215554786e-06
2013-04-03 22:00:00,5.362491031397302e-07,1.803390425684929e-06,1.7991007498549744e-06
2013-04-03 23:00:00,5.498809516498601e-07,1.8220448145795478e-06,1.8721933090244579e-06
2013-04-04 00:00:00,5.603692753660429e-07,1.915843435769348e-06,1.9271968847682835e-06
2013-04-04 01:00:00,5.691638216690032e-07,1.899876328102542e-06,2.282385025773842e-06
2013-04-04 02:00:00,6.148082224185558e-07,1.915957443077134e-06,0.16640023644564264
2013-04-04 03:00:00,6.184725605670283e-07,1.4996514106727093e-06,0.14988448372531504
2013-04-04 04:00:00,6.039052990070741e-07,1.3235543528372062e-06,1.0946657966038702
2013-04-04 05:00:00,5.99494266863322e-07,1.3092021292256903e-06,0.15013287328698702
2013-04-04 06:00:00,5.772669005418667e-07,1.474088190117503e-06,0.13966095454055705
2013-04-04 07:00:00,5.56376299899538e-07,1.4173241045319904e-06,0.1467381496908181
2013-04-04 08:00:00,4.769879530973992e-07,7.544256736393301e-07,0.13169187931415274
2013-04-04 09:00:00,4.445319318657322e-07,4.82726590519352e-07,0.11997022304482767
2013-04-04 10:00:00,4.5035578194536147e-07,4.392746045317171e-07,7.043796372827129e-05
2013-04-04 11:00:00,4.5372007208248207e-07,4.3700564773052685e-07,1.0512945371324111e-06
2013-04-04 12:00:00,4.665207989918644e-07,4.475625779325655e-07,1.0448678592529443e-06
2013-04-04 13:00:00,4.848676352839805e-07,4.3186803647089355e-07,1.1443755870601743e-06
2013-04-04 14:00:00,5.173018212223848e-07,4.824822289331654e-07,0.11719415994426106
2013-04-04 15:00:00,5.435100276463128e-07,8.507707821183477e-07,0.1347720344821075
2013-04-04 16:00:00,5.842579699380937e-07,1.2173610686275131e-06,13.63843201699217
2013-04-04 17:00:00,6.505289357137233e-07,1.6778881432959933e-06,15.729695293770295
2013-04-04 18:00:00,6.856676516357597e-07,1.8428387730011961e-06,14.86536131862856
2013-04-04 19:00:00,6.590050812784339e-07,1.8280168814796638e-06,10.331341767036673
2013-04-04 20:00:00,5.829419395984345e-07,1.6625056122061144e-06,3.864481579368914
2013-04-04 21:00:00,5.721605825053299e-07,1.6494714854985838e-06,2.646617687912736e-06
2013-04-04 22:00:00,5.445425755304677e-07,1.6648633051839105e-06,2.7095087095640585e-06
2013-04-04 23:00:00,5.633591769288903e-07,1.6349915857838135e-06,2.913514180152758e-06
2013-04-05 00:00:00,5.895077996126568e-07,1.627652341850931e-06,3.101434726174204e-06
2013-04-05 01:00:00,6.08144277536163e-07,1.7647458990730195e-06,3.003024067272307e-06
2013-04-05 02:00:00,6.821930859099799e-07,0.0006603343367510166,8.123217399687466
2013-04-05 03:00:00,6.899154619886297e-07,0.0006721310674362025,63.412741923260526
2013-04-05 04:00:00,7.137514794725741e-07,0.0006004410674934439,89.5908398632746
2013-04-05 05:00:00,7.353835486963143e-07,0.000600789626783887,86.17312773556598
2013-04-05 06:00:00,7.256017660658908e-07,0.0006070021277228766,60.43389794364908
2013-04-05 07:00:00,6.505116059527445e-07,0.0005295355830939228,32.375158831223295
2013-04-05 08:00:00,5.439582543165181e-07,0.00047259985827005017,19.38511764868894
2013-04-05 09:00:00,5.286865018280234e-07,0.0004543634595223478,15.033875979473624
2013-04-05 10:00:00,5.769680968269701e-07,0.00044984361310410986,23.552939885746436
2013-04-05 11:00:00,5.58345457142433e-07,0.00045336407523037666,23.671329550386137
2013-04-05 12:00:00,5.518081196896391e-07,0.0004761493285262835,22.5745658207526
2013-04-05 13:00:00,5.703034501851511e-07,0.0005091264795487594,20.948425924990605
2013-04-05 14:00:00,6.212828718726726e-07,0.0005448119739732907,23.08301983846818
2013-04-05 15:00:00,6.633582284405144e-07,0.0005850184016154134,31.09014057608082
2013-04-05 16:00:00,7.474703568083685e-07,0.0006564585877483061,57.46164873002633
2013-04-05 17:00:00,7.645998863004007e-07,7.689162960526092,76.97442794063211
2013-04-05 18:00:00,1.4077965194756665e-06,12.754984082009438,77.34976740759629
2013-04-05 19:00:00,1.4366167836588228e-06,11.979401006368505,55.41938716857364
2013-04-05 20:00:00,1.1961574225973425e-06,4.228657662182099e-06,10.143438929857155
2013-04-05 21:00:00,1.717054999265579e-06,4.645874114700186e-06,6.744860290578401e-06
2013-04-05 22:00:00,1.7835378533237658e-06,4.929560341499135e-06,6.77124618620297e-06
2013-04-05 23:00:00,1.7794922032667083e-06,5.007966852607388e-06,6.924013292320936e-06
2013-04-06 00:00:00,1.8110591301934563e-06,5.112100144885088e-06,7.034042043735428e-06
2013-04-06 01:00:00,1.786598719101317e-06,5.067270916668372e-06,6.988517598062392e-06
2013-04-06 02:00:00,0.00013633722735616937,12.48157062435307,34.9762799045925
2013-04-06 03:00:00,0.00012244125726020862,51.45180888911132,119.75755419610965
2013-04-06 04:00:00,0.00012509258138543897,66.44742313097129,138.15173136152134
2013-04-06 05:00:00,0.00012954003450138914,83.8275135475212,119.95111561130967
2013-04-06 06:00:00,0.0001288733981980214,69.16850489276993,99.67748747188331
2013-04-06 07:00:00,0.00013973206370118522,5.901775988318969,78.0156553287132
2013-04-06 08:00:00,0.00015157470735937086,0.0006078927328263121,39.12552339577909
2013-04-06 09:00:00,0.00011196080838232963,0.0005979379809781961,22.62848547534314
2013-04-06 10:00:00,0.0001025059813092947,0.0005573760418393104,16.41777000508059
2013-04-06 11:00:00,0.00010071825128749974,0.000524258735741398,13.835759228912172
2013-04-06 12:00:00,1.2227468653214785e-06,0.0004832549890376834,13.104035608215536
2013-04-06 13:00:00,1.2744581742712572e-06,0.0004531212100732714,14.575065706707878
2013-04-06 14:00:00,0.00012520706955972135,0.0004576685583716402,20.29931781439319
2013-04-06 15:00:00,0.00013511707286851043,0.00044631028987619824,27.770885733624368
2013-04-06 16:00:00,0.00015108334057407522,0.0004952930323842326,50.92142984113559
2013-04-06 17:00:00,0.00013446372307508183,55.857991448063494,71.69774795427894
2013-04-06 18:00:00,0.00012996891290661627,41.816184022273816,72.79197447444635
2013-04-06 19:00:00,0.0001340736170753901,25.565426957835818,48.629949888393774
2013-04-06 20:00:00,1.7553106123832944e-06,4.048212938697591e-06,7.076794289313615
2013-04-06 21:00:00,1.8824911393260976e-06,4.509435164121351e-06,7.868829382852415e-06
2013-04-06 22:00:00,1.971722708463237e-06,5.162803284895905e-06,8.40576107090912e-06
2013-04-06 23:00:00,1.9985930835548674e-06,5.441480184211167e-06,8.602381764910795e-06
2013-04-07 00:00:00,1.973947223476006e-06,5.8502626235036316e-06,8.613476938348702e-06
2013-04-07 01:00:00,1.916270354101796e-06,5.844483483736109e-06,8.548581896878703e-06
2013-04-07 02:00:00,0.00013891195830215012,24.49689657428065,42.076556695752274
2013-04-07 03:00:00,0.00013280215074048876,110.94825829317436,126.07921907087156
2013-04-07 04:00:00,0.00012938905952296297,139.51137347648344,146.67186547679015
2013-04-07 05:00:00,0.00013180834556709972,123.71087916732127,134.02784952596298
2013-04-07 06:00:00,0.00012888959569124235,114.46389363848287,68.38754685018668
2013-04-07 07:00:00,0.00017615532810135175,0.0006067746121669388,0.1847343562627124
2013-04-07 08:00:00,9.569775309369816e-07,7.922740157766067e-07,0.038045094626964766
2013-04-07 09:00:00,7.415440300093035e-07,6.335229801093375e-07,0.06790354804057272
2013-04-07 10:00:00,6.417271514261605e-07,5.7651172653551e-07,0.0806980369708104
2013-04-07 11:00:00,5.906485013176241e-07,5.481652539335347e-07,0.07687788354369363
2013-04-07 12:00:00,5.967450144029522e-07,5.506481291230316e-07,0.08294187001731755
2013-04-07 13:00:00,6.549959881177764e-07,5.938493571047675e-07,0.10819292366790709
2013-04-07 14:00:00,7.9322368841151e-07,7.06797664382411e-07,0.126230032730241
2013-04-07 15:00:00,9.412352128285134e-07,8.105589454432133e-07,0.16360957766115652
2013-04-07 16:00:00,2.627816645457417e-06,1.074838532731034e-06,3.874785038454026
2013-04-07 17:00:00,2.5433298755716802e-06,1.220799020908717e-06,16.089808314081992
2013-04-07 18:00:00,2.4526219099579864e-06,1.5460407757518475e-06,17.826224906522235
2013-04-07 19:00:00,2.456205158728328e-06,1.1584888921070776e-06,12.22838403104592
2013-04-07 20:00:00,2.6404870354522606e-06,1.2279673435542454e-06,1.5860477678861837
2013-04-07 21:00:00,1.955685924576381e-06,1.2792541574127922e-06,6.336797427961848e-06
2013-04-07 22:00:00,2.1417434325564907e-06,1.3302245208893818e-06,6.78201779569606e-06
2013-04-07 23:00:00,1.8500381454947704e-06,1.3453431405087922e-06,6.74136434276301e-06
2013-04-08 00:00:00,1.9706715790102973e-06,1.366443722191237e-06,7.018525159986027e-06
2013-04-08 01:00:00,1.9341525513477964e-06,1.328924046951086e-06,7.07112870717092e-06
2013-04-08 02:00:00,1.768357283206216e-06,1.2375977653505408e-06,5.1782595243003655
2013-04-08 03:00:00,1.9755206473898067e-06,1.2541072340987282e-06,32.601118133560426
2013-04-08 04:00:00,1.8316828553296942e-06,1.1692298201117132e-06,45.02372930987071
2013-04-08 05:00:00,1.7831959552375737e-06,1.183606962512089e-06,58.747137753903715
2013-04-08 06:00:00,1.8603730223366335e-06,1.2240057918964514e-06,31.215288002665645
2013-04-08 07:00:00,1.2923996439532767e-06,1.1460341181345559e-06,0.20994721626030965
2013-04-08 08:00:00,6.592868992416651e-07,8.980507954838837e-07,1.7637571666207716e-06
2013-04-08 09:00:00,5.084517990308824e-07,7.397943339486867e-07,1.4115443646270553e-06
2013-04-08 10:00:00,4.459434037354885e-07,6.007995369627961e-07,1.1950789304608232e-06
2013-04-08 11:00:00,4.2082431131783096e-07,6.969620045660829e-07,1.1846126801772913e-06
2013-04-08 12:00:00,4.3072765918860975e-07,8.407565377176728e-07,1.2003007529003058e-06
2013-04-08 13:00:00,4.5612836040459813e-07,9.72467902831588e-07,1.3532389417148117e-06
2013-04-08 14:00:00,5.040211876570522e-07,1.0829993271688048e-06,1.4993871313862034e-06
2013-04-08 15:00:00,5.659623525429715e-07,1.3592676647308838e-06,1.562951190135753e-06
2013-04-08 16:00:00,6.387620130874995e-07,1.4408933233928038e-06,1.7151825070454351e-06
2013-04-08 17:00:00,6.988253384937551e-07,1.6591234314463416e-06,1.9399384755291683e-06
2013-04-08 18:00:00,6.901946862013617e-07,1.5544387635063023e-06,1.8145190013664738e-06
2013-04-08 19:00:00,6.373454940570757e-07,1.6111931084607481e-06,1.632526767966764e-06
2013-04-08 20:00:00,6.085620740236017e-07,1.7892915519170374e-06,1.472020638685245e-06
2013-04-08 21:00:00,5.93102309817023e-07,2.406543028928139e-06,1.500165774831316e-06
2013-04-08 22:00:00,5.949255857821817e-07,2.4364326745145274e-06,1.4427774875162434e-06
2013-04-08 23:00:00,6.145740445373742e-07,2.4511889802287046e-06,1.4711954059339696e-06
2013-04-09 00:00:00,6.344189013509403e-07,2.406570010011487e-06,1.540701048651995e-06
2013-04-09 01:00:00,6.489740769055779e-07,2.3459651559984354e-06,1.5580739171447925e-06
2013-04-09 02:00:00,6.627436524658217e-07,2.205632732506181e-06,1.5302409358567384e-06
2013-04-09 03:00:00,7.267452293549406e-07,1.6989727545463538e-06,1.5668576286943388e-06
2013-04-09 04:00:00,7.401003067681724e-07,1.5490600940538747e-06,1.521518012501681e-06
2013-04-09 05:00:00,7.501788335202489e-07,1.5328059556039615e-06,1.5032648834374195e-06
2013-04-09 06:00:00,7.02220753647495e-07,1.5401802534189147e-06,1.3859858034111015e-06
2013-04-09 07:00:00,6.312147034649616e-07,1.641491732967772e-06,1.655419211392266e-06
2013-04-09 08:00:00,5.291533443427405e-07,1.339747179110495e-06,1.286766712104802e-06
2013-04-09 09:00:00,4.5808641127878263e-07,1.179255928903645e-06,1.0339256177876231e-06
2013-04-09 10:00:00,4.5953784460190787e-07,1.119602270195328e-06,1.0157744869224454e-06
2013-04-09 11:00:00,4.943305457520068e-07,1.170099411434983e-06,1.0199126881494575e-06
2013-04-09 12:00:00,5.35234504404687e-07,1.1348083398334107e-06,1.021906267137798e-06
2013-04-09 13:00:00,5.656623108337001e-07,1.0399211988163706e-06,1.0975249758077015e-06
2013-04-09 14:00:00,6.050329770551487e-07,1.4334110693333601e-06,1.2782217739970437e-06
2013-04-09 15:00:00,6.342196441500388e-07,1.6355211917899761e-06,1.4372804099061863e-06
2013-04-09 16:00:00,7.175827272942205e-07,2.4463253217752186e-06,1.6565135542963211e-06
2013-04-09 17:00:00,7.472975846081434e-07,2.194349795106257e-06,1.7762313338111786e-06
2013-04-09 18:00:00,7.417204146022956e-07,2.90511544927075e-06,1.7023598602456166e-06
2013-04-09 19:00:00,7.263144815279115e-07,3.1574888104883777e-06,1.5653304265644794e-06
2013-04-09 20:00:00,7.492035912754723e-07,3.4405321527134483e-06,1.5271887378892248e-06
2013-04-09 21:00:00,7.812700299561995e-07,3.864148241008537e-06,1.5620703519865958e-06
2013-04-09 22:00:00,8.172271345977047e-07,4.268479646915118e-06,1.7342552405341294e-06
2013-04-09 23:00:00,8.636640187803411e-07,4.451664441614878e-06,1.7329600622460367e-06
2013-04-10 00:00:00,9.088363928697116e-07,5.215397496766419e-06,1.7679391760617035e-06
2013-04-10 01:00:00,1.0182604539719153e-06,5.164879370160667e-06,1.7435064550661113e-06
2013-04-10 02:00:00,1.0943313671582575e-06,4.33400338970699e-06,1.7100800223928428e-06
2013-04-10 03:00:00,1.0985799513837743e-06,3.4092118182880448e-06,1.7599115376028728e-06
2013-04-10 04:00:00,1.0748571504708428e-06,2.923844830686832e-06,1.8387737506586752e-06
2013-04-10 05:00:00,1.0482355953738478e-06,2.6999057278386743e-06,1.8572282623960915e-06
2013-04-10 06:00:00,9.190410516521916e-07,2.6653305958790904e-06,1.7237909974540948e-06
2013-04-10 07:00:00,9.203492889170513e-07,2.1741415929685336e-06,1.5723043757762064e-06
2013-04-10 08:00:00,9.30283635444135e-07,2.241754243389291e-06,1.350775634725168e-06
2013-04-10 09:00:00,9.82430014549497e-07,2.475175154389365e-06,1.2898222735528941e-06
2013-04-10 10:00:00,9.825534871130258e-07,2.3944947623581966e-06,1.398212816707022e-06
2013-04-10 11:00:00,9.762268234143826e-07,2.196755630964411e-06,1.3133349479232274e-06
2013-04-10 12:00:00,9.42053548223118e-07,2.223199791594772e-06,1.2775449122608746e-06
2013-04-10 13:00:00,9.278053730246461e-07,2.1139289252767706e-06,1.3374101389888305e-06
2013-04-10 14:00:00,9.281645520596539e-07,2.261664996648834e-06,1.5480481038848762e-06
2013-04-10 15:00:00,1.0743067973483137e-06,2.3461806386099268e-06,1.6856879712311382e-06
2013-04-10 16:00:00,1.0675915451993804e-06,2.718810017476637e-06,2.1156836378047607e-06
2013-04-10 17:00:00,1.0468785437389984e-06,2.6797441691332954e-06,2.426833078918336e-06
2013-04-10 18:00:00,1.0886749865594366e-06,2.5619343488700105e-06,2.6859798243491418e-06
2013-04-10 19:00:00,1.143159383552644e-06,2.899011104769239e-06,2.8939983824484214e-06
2013-04-10 20:00:00,1.2537190744216861e-06,2.0952515712341083e-06,3.089362193398141e-06
2013-04-10 21:00:00,1.3832812275734838e-06,1.8641727774585103e-06,3.184252314095051e-06
2013-04-10 22:00:00,1.4617895841484928e-06,1.737146352906311e-06,3.095934099612699e-06
2013-04-10 23:00:00,1.4928431299594789e-06,1.6468540083077962e-06,3.0371425439551025e-06
2013-04-11 00:00:00,1.5449744158501958e-06,2.3832570615375408e-06,3.2058346478238334e-06
2013-04-11 01:00:00,1.5459105078970909e-06,2.656076311295323e-06,3.0646795251509894e-06
2013-04-11 02:00:00,1.5480435775276014e-06,2.552248917643193e-06,2.5329217149740503e-06
2013-04-11 03:00:00,1.3975454991280067e-06,2.297959423138778e-06,2.2028857613890575e-06
2013-04-11 04:00:00,1.2614089002383557e-06,2.093047444077913e-06,1.9952770861586576e-06
2013-04-11 05:00:00,1.162118475188058e-06,1.953228098864977e-06,1.8604275887761248e-06
2013-04-11 06:00:00,1.0797691325219932e-06,2.0085593297746513e-06,1.768658395720603e-06
2013-04-11 07:00:00,9.250638062286094e-07,1.6766001672716687e-06,1.481465628647344e-06
2013-04-11 08:00:00,8.734944890229025e-07,1.5409608532964407e-06,1.2399015073766119e-06
2013-04-11 09:00:00,9.163440155076114e-07,1.4764835423724105e-06,1.1416915258389235e-06
2013-04-11 10:00:00,1.0189803636239136e-06,1.2551372141961177e-06,1.2456043678767768e-06
2013-04-11 11:00:00,1.0237990432715874e-06,1.0901313863055928e-06,1.1526026439651078e-06
2013-04-11 12:00:00,9.79043758006192e-07,9.397604249640936e-07,1.084770546746582e-06
2013-04-11 13:00:00,1.0115910161162146e-06,1.2115942511968794e-06,1.1917356617844186e-06
2013-04-11 14:00:00,1.1939611861257145e-06,1.4218437594052798e-06,1.451066290333659e-06
2013-04-11 15:00:00,1.2487318341710755e-06,1.9243338552205916e-06,1.7924957350822641e-06
2013-04-11 16:00:00,1.1986507975169724e-06,3.19378585460915e-06,2.471743248385154e-06
2013-04-11 17:00:00,1.3359384895070326e-06,2.8839937459517215e-06,3.152533731911234e-06
2013-04-11 18:00:00,1.4187556203481657e-06,2.7820882690665333e-06,3.271712224349002e-06
2013-04-11 19:00:00,1.5493827708803985e-06,2.9794381315491447e-06,3.554853289166368e-06
2013-04-11 20:00:00,1.7318649709317954e-06,3.2148859169608264e-06,3.693419995856219e-06
2013-04-11 21:00:00,1.9258007539521395e-06,3.518852149500674e-06,3.9453548774082056e-06
2013-04-11 22:00:00,2.081541835070302e-06,3.2179408418856106e-06,4.093454503028967e-06
2013-04-11 23:00:00,2.0917801370944796e-06,2.9541023053002546e-06,4.2729578232987015e-06
2013-04-12 00:00:00,2.213505801199183e-06,2.919932566231717e-06,4.24224020474387e-06
2013-04-12 01:00:00,1.8146676014672448e-06,2.672092621422961e-06,3.919674442759221e-06
2013-04-12 02:00:00,1.5179533462287591e-06,2.396104629833685e-06,3.5778266157478936e-06
2013-04-12 03:00:00,1.3644675758444538e-06,2.1149809416285953e-06,2.9464814125313743e-06
2013-04-12 04:00:00,1.262311732980252e-06,1.9232337907784203e-06,2.597089872325985e-06
2013-04-12 05:00:00,1.1925143068400102e-06,2.213243249786648e-06,2.463553535755242e-06
2013-04-12 06:00:00,1.2332504141123566e-06,1.954705384780652e-06,1.915620937709938e-06
2013-04-12 07:00:00,1.2629890535866228e-06,1.3462003041782578e-06,1.3542667911349804e-06
2013-04-12 08:00:00,9.167449000888848e-07,1.1629263699145698e-06,1.1680898093609276e-06
2013-04-12 09:00:00,8.066208215545665e-07,1.137556850031342e-06,1.0684009658365854e-06
2013-04-12 10:00:00,8.273954940974272e-07,9.62501234130415e-07,1.1214095063196e-06
2013-04-12 11:00:00,6.6905058410664e-07,9.61988722813574e-07,1.047532169148366e-06
2013-04-12 12:00:00,6.622118552364796e-07,8.797358957604585e-07,1.0112439561028094e-06
2013-04-12 13:00:00,7.197378044789891e-07,8.924318568932012e-07,1.0324530319160734e-06
2013-04-12 14:00:00,7.887843899314388e-07,9.776684559704605e-07,1.06624650462991e-06
2013-04-12 15:00:00,9.197080416095783e-07,1.1685482585909334e-06,1.2159869184602102e-06
2013-04-12 16:00:00,9.859766894769452e-07,1.4576531556052938e-06,1.4689869536226675e-06
2013-04-12 17:00:00,1.0642309599717025e-06,2.0959300991891155e-06,1.6725807359147314e-06
2013-04-12 18:00:00,1.050554725634753e-06,2.4325182988168338e-06,1.8132789308006144e-06
2013-04-12 19:00:00,9.870231128515136e-07,2.522331070346148e-06,1.7812795629266324e-06
2013-04-12 20:00:00,9.561047193563786e-07,2.4816121507155704e-06,1.6915971247399445e-06
2013-04-12 21:00:00,8.95666436801239e-07,2.302630370109219e-06,1.719392784008205e-06
2013-04-12 22:00:00,8.707297927344809e-07,2.0694167192339533e-06,1.6312324396751886e-06
2013-04-12 23:00:00,8.076434840540604e-07,2.1881762002857196e-06,1.62181471531835e-06
2013-04-13 00:00:00,7.858722737295829e-07,2.2796198343839138e-06,1.6272953831591481e-06
2013-04-13 01:00:00,7.790556861136447e-07,2.192185899339263e-06,1.5875478862140271e-06
2013-04-13 02:00:00,7.942486544418573e-07,2.280806428877977e-06,1.5952475536954397e-06
2013-04-13 03:00:00,8.391429473379737e-07,2.3883265965173715e-06,1.543743328084874e-06
2013-04-13 04:00:00,9.44218480776607e-07,2.4407712619544996e-06,1.58056504587508e-06
2013-04-13 05:00:00,1.0719949135509985e-06,2.4649603238571345e-06,1.6673056467938575e-06
2013-04-13 06:00:00,1.0744263833051588e-06,1.7888445654383583e-06,1.3198452479044495e-06
2013-04-13 07:00:00,1.0010084342573732e-06,1.137827795639505e-06,7.914284982769883e-07
2013-04-13 08:00:00,9.490610644510006e-07,8.398232739508866e-07,6.653820558775734e-07
2013-04-13 09:00:00,9.879328801047381e-07,7.836363746594077e-07,6.937488626540845e-07
2013-04-13 10:00:00,8.998215557264346e-07,6.785725368389467e-07,8.028322016471742e-07
2013-04-13 11:00:00,7.576550693227068e-07,7.431280179682084e-07,8.240713961751821e-07
2013-04-13 12:00:00,6.750018485778674e-07,7.642601265393076e-07,8.180859914121815e-07
2013-04-13 13:00:00,6.245239097279418e-07,8.163654826885696e-07,8.050104123075661e-07
2013-04-13 14:00:00,6.149005374677711e-07,1.09965822129473e-06,8.743104747343238e-07
2013-04-13 15:00:00,6.395555791332444e-07,1.3410339087502644e-06,9.890356770401262e-07
2013-04-13 16:00:00,7.308861420102715e-07,1.2015534880499585e-06,1.2695260223351329e-06
2013-04-13 17:00:00,7.213719475137944e-07,1.1279681883040557e-06,2.0177605498284506e-06
2013-04-13 18:00:00,6.877685271808163e-07,1.2204754507237718e-06,2.4534223652177012e-06
2013-04-13 19:00:00,7.21867043852913e-07,1.2062967852835696e-06,2.597695692825645e-06
2013-04-13 20:00:00,6.206410159763552e-07,1.2166237145997709e-06,2.5487637947412163e-06
2013-04-13 21:00:00,5.285787171612579e-07,1.1541281653425423e-06,2.195337581164867e-06
2013-04-13 22:00:00,4.287208253824265e-07,1.1331405450930663e-06,1.6021277010945552e-06
2013-04-13 23:00:00,4.210189926571927e-07,1.1879222863189196e-06,1.533575566500484e-06
2013-04-14 00:00:00,4.1836749246875615e-07,1.5919055908239135e-06,1.6122967385899333e-06
2013-04-14 01:00:00,4.2504427371280527e-07,1.5472839598962072e-06,1.5918165093330233e-06
2013-04-14 02:00:00,4.356164984547887e-07,1.3789119775136151e-06,1.5513202451767533e-06
2013-04-14 03:00:00,4.362700437424176e-07,1.3868697858575656e-06,1.5103213490782148e-06
2013-04-14 04:00:00,4.3782469988215854e-07,1.3667019167261354e-06,1.5070640009390176e-06
2013-04-14 05:00:00,4.3329876561707956e-07,1.3323558463991241e-06,1.5331225952345859e-06
2013-04-14 06:00:00,4.5553868855168925e-07,1.8963368578273015e-06,1.3169614246921819e-06
2013-04-14 07:00:00,4.6168514370446175e-07,2.5710234349362947e-06,1.5018812077104382e-06
2013-04-14 08:00:00,4.639020583767033e-07,1.6499331021369274e-06,1.2262606607319934e-06
2013-04-14 09:00:00,4.648246347395236e-07,1.046648112124491e-06,1.1575648810916008e-06
2013-04-14 10:00:00,4.785876222118006e-07,1.0497989556929348e-06,1.1734850623131226e-06
2013-04-14 11:00:00,4.948698972441931e-07,1.1476926301351513e-06,1.1573432832662516e-06
2013-04-14 12:00:00,5.210836646287561e-07,1.1570568339927261e-06,1.1611916793379854e-06
2013-04-14 13:00:00,5.195044105397918e-07,1.1035778230685945e-06,1.201951523420777e-06
2013-04-14 14:00:00,4.933035154948121e-07,1.0414855105048948e-06,1.2097344517507854e-06
2013-04-14 15:00:00,4.808528007848706e-07,9.213287444412232e-07,1.3747433348356406e-06
2013-04-14 16:00:00,4.326668509682586e-07,1.4325828993580302e-06,1.6770395536710009e-06
2013-04-14 17:00:00,4.426447431751826e-07,1.6831097317304008e-06,1.4919569437249713e-06
2013-04-14 18:00:00,4.259607326834912e-07,1.8969691014176455e-06,1.3246087745888468e-06
2013-04-14 19:00:00,4.283209195887456e-07,1.9592596284430445e-06,1.1762742414240443e-06
2013-04-14 20:00:00,4.258244530434277e-07,2.015772209487609e-06,1.1091740615090782e-06
2013-04-14 21:00:00,4.229109703560732e-07,2.1440751816050195e-06,1.0847494591971826e-06
2013-04-14 22:00:00,4.1641967915409305e-07,2.198337986680119e-06,1.1323304622186564e-06
2013-04-14 23:00:00,4.26152744586392e-07,2.4184598510127503e-06,1.0885146311218998e-06
2013-04-15 00:00:00,4.434651647592939e-07,2.4954893924985824e-06,1.136692028210237e-06
2013-04-15 01:00:00,4.5744876063783536e-07,2.479279419060575e-06,1.1358369649455986e-06
2013-04-15 02:00:00,4.836858838302274e-07,2.3848717711404842e-06,1.1669971099103315e-06
2013-04-15 03:00:00,4.991037858159841e-07,2.1501506904839216e-06,1.1607839903334736e-06
2013-04-15 04:00:00,5.184372013170395e-07,1.9806306085743402e-06,1.1254814976325195e-06
2013-04-15 05:00:00,4.826831918255787e-07,1.5434694532246649e-06,1.1496068088189495e-06
2013-04-15 06:00:00,4.874788670669514e-07,1.731402232137602e-06,1.1812951103368492e-06
2013-04-15 07:00:00,4.845572839966585e-07,1.634300700612917e-06,1.2685241050435418e-06
2013-04-15 08:00:00,4.818214387752166e-07,1.6006491558316352e-06,1.2750178118928259e-06
2013-04-15 09:00:00,4.808707558874207e-07,1.535547622113155e-06,1.2358945720576064e-06
2013-04-15 10:00:00,4.90652167332378e-07,1.3877733157398083e-06,1.22117895691705e-06
2013-04-15 11:00:00,4.608870373094201e-07,1.0858542435109131e-06,1.217705777696577e-06
2013-04-15 12:00:00,4.359669339506341e-07,9.943238605799898e-07,1.243346365470537e-06
2013-04-15 13:00:00,4.321447192042433e-07,9.02750666978405e-07,1.2809118346198105e-06
2013-04-15 14:00:00,4.1550101283286293e-07,9.045867994982961e-07,1.2230779038300709e-06
2013-04-15 15:00:00,4.2556749588239116e-07,1.1333167548454918e-06,1.3420783973851388e-06
2013-04-15 16:00:00,4.0422216798019164e-07,1.0947940104153271e-06,1.6690202236463323e-06
2013-04-15 17:00:00,3.9784209358995426e-07,1.426667361681437e-06,1.9329765940693898e-06
2013-04-15 18:00:00,4.246740972160296e-07,1.3602317850975478e-06,2.021699131967124e-06
2013-04-15 19:00:00,4.272030413368746e-07,1.3991650657410603e-06,1.9810211536543123e-06
2013-04-15 20:00:00,4.2136837417360125e-07,1.3778828880297797e-06,2.0013841669091878e-06
2013-04-15 21:00:00,4.208129251736897e-07,1.373573370911818e-06,2.0635152173394314e-06
2013-04-15 22:00:00,4.037928427391243e-07,1.4587119700116852e-06,2.163223247333093e-06
2013-04-15 23:00:00,4.209110588785312e-07,1.20956413678806e-06,2.244021519953905e-06
2013-04-16 00:00:00,4.189067453305456e-07,1.209606982809784e-06,2.2431745308289443e-06
2013-04-16 01:00:00,4.169806557683529e-07,1.2221525664204807e-06,2.2054580028303957e-06
2013-04-16 02:00:00,4.12438380921181e-07,1.2102036768408145e-06,2.1899455467426605e-06
2013-04-16 03:00:00,4.034037913851579e-07,1.1655577033075338e-06,2.1415057840607496e-06
2013-04-16 04:00:00,3.913540296150156e-07,1.1250702477123752e-06,2.0490476902719854e-06
2013-04-16 05:00:00,3.7919634329653636e-07,1.1368153258461987e-06,1.9501794132067257e-06
2013-04-16 06:00:00,3.7443398919976776e-07,1.0930652201822754e-06,1.6087799577719557e-06
2013-04-16 07:00:00,3.882223297384004e-07,1.3490768833662217e-06,1.1767212300611255e-06
2013-04-16 08:00:00,3.727603716705707e-07,9.014052476177605e-07,1.15539373252679e-06
2013-04-16 09:00:00,3.7708627964149214e-07,8.00772897982918e-07,1.0870436949302533e-06
2013-04-16 10:00:00,3.9323132952016286e-07,7.625568322547942e-07,1.1063041969478293e-06
2013-04-16 11:00:00,3.9519582908356393e-07,7.76784830289866e-07,1.0529355421530039e-06
2013-04-16 12:00:00,3.781634454535224e-07,8.203868770970494e-07,1.0476303702520787e-06
2013-04-16 13:00:00,3.599437077470182e-07,1.0520995403056587e-06,1.06218169887374e-06
2013-04-16 14:00:00,3.5749909221116934e-07,1.600026586083697e-06,1.1677350186627788e-06
2013-04-16 15:00:00,3.846240621839113e-07,1.7555119138683113e-06,1.1783531089452377e-06
2013-04-16 16:00:00,3.915886807565627e-07,1.1317833440903302e-06,1.0308415554631765e-06
2013-04-16 17:00:00,3.936134865981233e-07,1.3167865659507154e-06,1.1339792468437638e-06
2013-04-16 18:00:00,3.7767670328098585e-07,1.6393812334643406e-06,1.177306165074236e-06
2013-04-16 19:00:00,3.786701637942701e-07,1.0792079210366928e-06,1.170797681151641e-06
2013-04-16 20:00:00,3.845856114091022e-07,1.062564951366149e-06,1.233101839961825e-06
2013-04-16 21:00:00,3.9315534430127274e-07,1.079459971700931e-06,1.2674508344424067e-06
2013-04-16 22:00:00,3.998788927460201e-07,1.1034376918798268e-06,1.2801480975761145e-06
2013-04-16 23:00:00,4.070272174181473e-07,1.1197625888573067e-06,1.2898746346737605e-06
2013-04-17 00:00:00,4.131937462557553e-07,1.1585873282204507e-06,1.313869492215217e-06
2013-04-17 01:00:00,3.9156127608708686e-07,1.1786475508244275e-06,1.3328922167070052e-06
2013-04-17 02:00:00,4.269163243889115e-07,1.2137155988820018e-06,1.3909152158531281e-06
2013-04-17 03:00:00,4.517004451575342e-07,1.1952122975434708e-06,1.5292260911429167e-06
2013-04-17 04:00:00,4.985158432360698e-07,1.175406858507837e-06,1.974125934877008e-06
2013-04-17 05:00:00,5.274348555744025e-07,1.0716272845743359e-06,2.293789705936673e-06
2013-04-17 06:00:00,4.872049915073919e-07,1.5755836865322909e-06,1.7280930827293715e-06
2013-04-17 07:00:00,5.310526393031524e-07,1.5855760298308348e-06,1.2256356415002718e-06
2013-04-17 08:00:00,5.258042740574222e-07,1.0914886261329207e-06,1.3320666496914196e-06
2013-04-17 09:00:00,6.089998616631995e-07,8.90607246161358e-07,1.2257849239951498e-06
2013-04-17 10:00:00,6.739581873110723e-07,1.0712306674715525e-06,1.1763206982674845e-06
2013-04-17 11:00:00,6.103448548336169e-07,1.1247560048221762e-06,1.1871640804713437e-06
2013-04-17 12:00:00,5.655451681924071e-07,1.0998088558752422e-06,1.2053958823517057e-06
2013-04-17 13:00:00,5.657969486698153e-07,1.0165059311015704e-06,1.223560922685355e-06
2013-04-17 14:00:00,6.259251835870264e-07,9.410560443141538e-07,1.282762508589085e-06
2013-04-17 15:00:00,5.736911882269127e-07,1.0985799876841935e-06,1.4885232355959922e-06
2013-04-17 16:00:00,4.399585689222774e-07,1.4874858149733192e-06,1.6560517672380838e-06
2013-04-17 17:00:00,4.5380984011919825e-07,1.5476866073620408e-06,1.5414181729863917e-06
2013-04-17 18:00:00,4.6146567495541393e-07,1.5336862095993509e-06,1.6252347678918117e-06
2013-04-17 19:00:00,4.249649530493141e-07,1.672914017772107e-06,1.5248728630658605e-06
2013-04-17 20:00:00,4.309092674109775e-07,1.7429866999867017e-06,1.3501315085452592e-06
2013-04-17 21:00:00,4.2225520260436217e-07,2.038747176381308e-06,1.3162027002076699e-06
2013-04-17 22:00:00,4.853866735815948e-07,2.2283073267628925e-06,1.1459722704053412e-06
2013-04-17 23:00:00,4.954195544960499e-07,2.203273913364343e-06,1.2255250749435554e-06
2013-04-18 00:00:00,4.886980275285396e-07,2.247621666881106e-06,1.2554902177605404e-06
2013-04-18 01:00:00,4.884210263705068e-07,2.2460461814591053e-06,1.2829098660048006e-06
2013-04-18 02:00:00,4.841219551187286e-07,2.175856364301144e-06,1.2682189052473642e-06
2013-04-18 03:00:00,4.724782118972773e-07,1.998022118732391e-06,1.1919045445008073e-06
2013-04-18 04:00:00,4.560682420551927e-07,1.7805119362734642e-06,1.0574259730966383e-06
2013-04-18 05:00:00,4.4479817700677824e-07,1.6079732992211384e-06,9.60451403159434e-07
2013-04-18 06:00:00,4.4922209771754086e-07,1.647336531388576e-06,1.2964151002588807e-06
2013-04-18 07:00:00,4.650888118869703e-07,1.101054619302675e-06,1.3724968162515399e-06
2013-04-18 08:00:00,4.040491635513904e-07,8.597146834199952e-07,1.2985054374595449e-06
2013-04-18 09:00:00,4.258760595317847e-07,8.422276587771121e-07,1.2052059642614705e-06
2013-04-18 10:00:00,4.3383298870009666e-07,8.507414578155086e-07,1.1575242294700148e-06
2013-04-18 11:00:00,4.319788379432976e-07,8.57282094791858e-07,1.1230903139869505e-06
2013-04-18 12:00:00,4.1007761967402104e-07,8.413653442197205e-07,1.1647201473323465e-06
2013-04-18 13:00:00,3.903974442422311e-07,7.91512397391136e-07,1.2541539596837825e-06
2013-04-18 14:00:00,4.1143229836622994e-07,7.621707251647774e-07,1.4785964855718607e-06
2013-04-18 15:00:00,4.479353623644764e-07,9.157290596377708e-07,1.6202503923909006e-06
2013-04-18 16:00:00,5.004320900178853e-07,1.4045518950120323e-06,1.387720351808875e-06
2013-04-18 17:00:00,4.6644005979099853e-07,1.718630094472552e-06,9.858173012054429e-07
2013-04-18 18:00:00,4.1999135144959796e-07,1.8946378758250907e-06,1.0054154616976117e-06
2013-04-18 19:00:00,4.203607549862323e-07,1.9969316481842084e-06,1.0391440095041966e-06
2013-04-18 20:00:00,4.2799455291490734e-07,2.1063142128988853e-06,1.07586668555068e-06
2013-04-18 21:00:00,4.259723068433905e-07,2.2316699175906117e-06,1.113159203665119e-06
2013-04-18 22:00:00,4.226824032196424e-07,2.3699757602699785e-06,1.1579993094117632e-06
2013-04-18 23:00:00,4.0935139170471205e-07,2.4621486752777474e-06,1.1719267039532085e-06
2013-04-19 00:00:00,4.0554379302271505e-07,2.005058087679225e-06,1.0760394538462048e-06
2013-04-19 01:00:00,4.127152604139851e-07,1.8512651486987672e-06,1.0474726133799908e-06
2013-04-19 02:00:00,4.056027972188205e-07,1.9905381961883474e-06,1.1593231737831423e-06
2013-04-19 03:00:00,4.075391097522431e-07,1.8937561597991613e-06,1.0709752770924371e-06
2013-04-19 04:00:00,4.0010095857942996e-07,2.3981384551620868e-06,1.0729799434020841e-06
2013-04-19 05:00:00,4.414767971458753e-07,2.353310130269232e-06,1.0774164220999987e-06
2013-04-19 06:00:00,4.095577045534276e-07,1.6996024514787772e-06,9.709642786796788e-07
2013-04-19 07:00:00,3.7687004088507357e-07,1.0487946170663825e-06,8.547312391154279e-07
2013-04-19 08:00:00,3.9671352325285895e-07,9.243524976935778e-07,8.061564533455652e-07
2013-04-19 09:00:00,4.6468573606403506e-07,1.0900261541237606e-06,8.087906457962235e-07
2013-04-19 10:00:00,5.461261788656711e-07,1.3193332973966507e-06,9.849993308218445e-07
2013-04-19 11:00:00,5.168537260751271e-07,1.2502547976007862e-06,9.72919604768621e-07
2013-04-19 12:00:00,4.970188908593064e-07,1.1171415649813735e-06,1.0028131211591382e-06
2013-04-19 13:00:00,4.5857414034464483e-07,1.0604530973789467e-06,1.0684810272983541e-06
2013-04-19 14:00:00,4.5022271890826393e-07,1.032881279636097e-06,1.1918174538709808e-06
2013-04-19 15:00:00,4.829920853760592e-07,1.2397246216823302e-06,1.5533310110904118e-06
2013-04-19 16:00:00,5.280291871385092e-07,1.8118624322274178e-06,1.732328823922204e-06
2013-04-19 17:00:00,6.161262011269698e-07,2.700427421379061e-06,1.9120555323675262e-06
2013-04-19 18:00:00,6.644342505222092e-07,1.5143103123454302e-06,1.957770853833345e-06
2013-04-19 19:00:00,6.956354584064393e-07,1.4545945515599994e-06,1.990739888114898e-06
2013-04-19 20:00:00,7.305047071827198e-07,1.5381031499945599e-06,1.983412028950315e-06
2013-04-19 21:00:00,7.721648920832238e-07,1.6512646148616681e-06,2.0650686136093452e-06
2013-04-19 22:00:00,8.041369594824953e-07,1.799683905642867e-06,2.234933925423639e-06
2013-04-19 23:00:00,8.460319118657551e-07,1.961774596424888e-06,2.21351982016169e-06
2013-04-20 00:00:00,8.948517916152204e-07,2.0163754295329137e-06,2.1623835328368514e-06
2013-04-20 01:00:00,1.0871298072094693e-06,1.9122687816372064e-06,2.2135694057600432e-06
2013-04-20 02:00:00,1.128506944532377e-06,1.7119624075565125e-06,2.3107276437683717e-06
2013-04-20 03:00:00,1.2131002707677138e-06,1.5105276980149182e-06,2.338674960550073e-06
2013-04-20 04:00:00,1.2405955387469953e-06,1.3801620111531244e-06,2.3902831223467234e-06
2013-04-20 05:00:00,1.314116045508048e-06,1.3709709077541409e-06,2.447947719021764e-06
2013-04-20 06:00:00,1.2526234809793644e-06,1.673474858706159e-06,1.7450312775201548e-06
2013-04-20 07:00:00,9.244604647167594e-07,1.0075993331027484e-06,1.4655048820686926e-06
2013-04-20 08:00:00,7.594159889349507e-07,6.722380987748974e-07,1.2831166421633112e-06
2013-04-20 09:00:00,6.21482441725477e-07,4.800213421697887e-07,1.0018495100377422e-06
2013-04-20 10:00:00,5.79694128742941e-07,4.343235482486176e-07,1.0229524696927932e-06
2013-04-20 11:00:00,5.232296128782423e-07,4.5481590255302596e-07,9.731999385056698e-07
2013-04-20 12:00:00,5.280268507181279e-07,4.829045490535343e-07,9.81012632184566e-07
2013-04-20 13:00:00,5.660115020085483e-07,4.5255481391358734e-07,1.0548135856620489e-06
2013-04-20 14:00:00,6.295036093051306e-07,5.42834987963524e-07,1.1932816263612722e-06
2013-04-20 15:00:00,7.61287210324058e-07,7.512011570240664e-07,1.450027529494989e-06
2013-04-20 16:00:00,1.061238816515725e-06,1.2055657620479893e-06,1.8499316780514143e-06
2013-04-20 17:00:00,1.4642347710255102e-06,2.5145290831428982e-06,2.2215966117300163e-06
2013-04-20 18:00:00,1.1499158736011061e-06,2.9003807356195223e-06,2.5530499354870917e-06
2013-04-20 19:00:00,1.2128853322734945e-06,2.9752423310942263e-06,2.408758194157937e-06
2013-04-20 20:00:00,1.3120558163608025e-06,3.6828751189289958e-06,2.3928885440646527e-06
2013-04-20 21:00:00,1.4157650269074794e-06,4.064402500276012e-06,2.479296824630857e-06
2013-04-20 22:00:00,1.4676578299657338e-06,4.373584169851769e-06,2.6317098882563655e-06
2013-04-20 23:00:00,1.4907496126144764e-06,4.413309408704717e-06,2.77335965827227e-06
2013-04-21 00:00:00,1.5559429556272985e-06,5.009697677033049e-06,2.995684400501599e-06
2013-04-21 01:00:00,1.5335336161926913e-06,4.314497657271581e-06,3.080355366166876e-06
2013-04-21 02:00:00,1.5142468966091104e-06,2.527211739845556e-06,3.046322987487543e-06
2013-04-21 03:00:00,1.2199423676747126e-06,2.1580371847301726e-06,2.9474160098247224e-06
2013-04-21 04:00:00,1.1509463201237477e-06,2.0611528351398904e-06,2.9995935954434385e-06
2013-04-21 05:00:00,1.1730127591567492e-06,2.1056453827264327e-06,3.0860941961852708e-06
2013-04-21 06:00:00,1.6997680604104643e-06,2.597283580781717e-06,2.408054807443224e-06
2013-04-21 07:00:00,1.4372257267101951e-06,1.692019762168198e-06,1.9888948920245295e-06
2013-04-21 08:00:00,1.060290364805501e-06,1.2307738679347596e-06,1.4995112224132556e-06
2013-04-21 09:00:00,8.69684431777532e-07,1.1306209793706652e-06,1.3638839775040869e-06
2013-04-21 10:00:00,8.209065830492501e-07,9.792531595926055e-07,1.20416347012873e-06
2013-04-21 11:00:00,8.428299027357524e-07,9.016805873091977e-07,1.1626592288762912e-06
2013-04-21 12:00:00,9.652648751196297e-07,8.925960709490986e-07,1.2439728066011707e-06
2013-04-21 13:00:00,1.1704350469113095e-06,8.956077870367769e-07,1.4007948260376846e-06
2013-04-21 14:00:00,1.3938672548917767e-06,9.945156784480468e-07,1.7410493306987708e-06
2013-04-21 15:00:00,1.5713280352254861e-06,1.2090008004035167e-06,2.3662832247096622e-06
2013-04-21 16:00:00,1.1729913206819726e-06,1.960314036068087e-06,3.2458260381982287e-06
2013-04-21 17:00:00,1.1070931334996414e-06,1.8808661136984456e-06,3.4817345910886135e-06
2013-04-21 18:00:00,1.1746719237434542e-06,1.7336289321660743e-06,3.5796804301873812e-06
2013-04-21 19:00:00,1.0823786032500289e-06,1.7644729096068594e-06,3.5376785796464593e-06
2013-04-21 20:00:00,1.0889413322640757e-06,1.897529485627693e-06,3.5875151393927085e-06
2013-04-21 21:00:00,1.1536044961717417e-06,2.11918110120959e-06,3.7151162347135884e-06
2013-04-21 22:00:00,1.2033261696532942e-06,2.0424052924998967e-06,4.0418734679997045e-06
2013-04-21 23:00:00,1.2161852835893375e-06,2.2422206099206134e-06,4.100863314404432e-06
2013-04-22 00:00:00,1.2468222787024366e-06,2.769703101266237e-06,4.395947170157691e-06
2013-04-22 01:00:00,1.2227071281805523e-06,2.776226302610754e-06,4.533002620643176e-06
2013-04-22 02:00:00,1.1730726956758696e-06,2.6448017842041644e-06,4.329638185665789e-06
2013-04-22 03:00:00,1.0711798839302787e-06,1.9468350829789403e-06,3.950234022856503e-06
2013-04-22 04:00:00,1.0006625361603294e-06,1.696403337477206e-06,3.820358313440415e-06
2013-04-22 05:00:00,9.946154094877947e-07,1.5443841596470345e-06,3.565283586330317e-06
2013-04-22 06:00:00,1.056180042798658e-06,2.1443454535654178e-06,2.9101788044379074e-06
2013-04-22 07:00:00,8.204018446478282e-07,1.2903443686594958e-06,2.5271165586223266e-06
2013-04-22 08:00:00,5.558310279792269e-07,6.889945041045321e-07,1.4465904775436434e-06
2013-04-22 09:00:00,4.056522082121721e-07,4.844665453892101e-07,1.1637018010182862e-06
2013-04-22 10:00:00,3.556965557723758e-07,5.274480113293499e-07,1.0847256644865803e-06
2013-04-22 11:00:00,3.228556647367653e-07,5.657003838846953e-07,1.0456658935548803e-06
2013-04-22 12:00:00,3.1809918174664807e-07,5.600604116240486e-07,1.039617987139278e-06
2013-04-22 13:00:00,3.3359331455679977e-07,5.119642855203147e-07,1.0028828015335905e-06
2013-04-22 14:00:00,3.4762758265807124e-07,5.99343363251862e-07,1.0574025966645155e-06
2013-04-22 15:00:00,3.8424169448268756e-07,6.197244676515471e-07,1.2295190988622983e-06
2013-04-22 16:00:00,4.2198124981159685e-07,7.730410404794129e-07,1.3515331160234287e-06
2013-04-22 17:00:00,4.0820377701619025e-07,1.2297125018988872e-06,1.6570284532083658e-06
2013-04-22 18:00:00,4.0548083987691894e-07,1.3430678430633513e-06,1.7311650308960288e-06
2013-04-22 19:00:00,4.2700277877554587e-07,1.3080467287899092e-06,1.5339893373361031e-06
2013-04-22 20:00:00,4.555586551923697e-07,1.3376074215714167e-06,1.444147170591656e-06
2013-04-22 21:00:00,4.231654609337817e-07,1.3944365927916733e-06,1.3653387362512507e-06
2013-04-22 22:00:00,4.0894518848120554e-07,1.47207556633687e-06,1.1747046850128867e-06
2013-04-22 23:00:00,3.998387162718891e-07,2.1115621846500074e-06,1.1766248667257273e-06
2013-04-23 00:00:00,3.9385329522899894e-07,2.547065938281667e-06,1.1195774600834522e-06
2013-04-23 01:00:00,3.9150329870875517e-07,2.3966553037891023e-06,1.0773533653108647e-06
2013-04-23 02:00:00,3.9563064056822215e-07,2.235728165818106e-06,1.0628160470183024e-06
2013-04-23 03:00:00,4.036367964311592e-07,1.843844326898775e-06,1.0228574499730703e-06
2013-04-23 04:00:00,4.0840319792453406e-07,1.351429007789235e-06,9.799432513442607e-07
2013-04-23 05:00:00,4.259918711617379e-07,1.031763073554725e-06,9.399513949730211e-07
2013-04-23 06:00:00,4.179582046423192e-07,9.71186581363531e-07,8.515868962854643e-07
2013-04-23 07:00:00,4.0746144681942235e-07,1.1186797148758603e-06,1.0059036133062567e-06
2013-04-23 08:00:00,4.036036667763734e-07,6.53240349869542e-07,9.002903986028052e-07
2013-04-23 09:00:00,4.1679564397440023e-07,6.70336591689233e-07,8.920472652670465e-07
2013-04-23 10:00:00,4.584039633737822e-07,6.630353910060281e-07,9.972406340191116e-07
2013-04-23 11:00:00,4.342539029493553e-07,5.805672837657253e-07,9.441694631254112e-07
2013-04-23 12:00:00,4.008765811379197e-07,5.406631546997582e-07,9.267885785133315e-07
2013-04-23 13:00:00,3.94561534566099e-07,5.449149292775107e-07,9.73917853167849e-07
2013-04-23 14:00:00,3.9099187088763626e-07,5.454303351711877e-07,1.0203323142022e-06
2013-04-23 15:00:00,4.125169971706653e-07,5.464770936613738e-07,1.0558536113610013e-06
2013-04-23 16:00:00,4.5576866989839554e-07,1.019058239388299e-06,9.861022413121748e-07
2013-04-23 17:00:00,6.174419632944094e-07,2.515843792468064e-06,1.5997404558293e-06
2013-04-23 18:00:00,5.667478278786204e-07,1.7191642799459364e-06,1.9104096104554546e-06
2013-04-23 19:00:00,5.69436009712079e-07,1.7637622874396322e-06,1.9591895996216852e-06
2013-04-23 20:00:00,5.838597950754887e-07,1.7846989762188053e-06,2.0403814960423307e-06
2013-04-23 21:00:00,5.972546201277383e-07,1.8060366868104405e-06,2.1342068635371775e-06
2013-04-23 22:00:00,6.093781740928878e-07,1.8504704000273724e-06,2.2611964526975125e-06
2013-04-23 23:00:00,6.18882639868705e-07,1.873104932075469e-06,2.305513107792569e-06
2013-04-24 00:00:00,6.365243061679203e-07,1.9354431199040158e-06,2.427347338778134e-06
2013-04-24 01:00:00,6.383879196162455e-07,1.935765958515786e-06,2.466731881431735e-06
2013-04-24 02:00:00,6.358695867441623e-07,1.9278980623962926e-06,2.5422597918246185e-06
2013-04-24 03:00:00,6.423977859445287e-07,1.8903118572609195e-06,2.646776385601816e-06
2013-04-24 04:00:00,6.53655842425525e-07,1.8374633945081638e-06,2.6780932951226535e-06
2013-04-24 05:00:00,6.490177647547857e-07,1.8808697951139072e-06,2.482185132902669e-06
2013-04-24 06:00:00,5.856774368245283e-07,2.238094697988658e-06,1.7752145762142783e-06
2013-04-24 07:00:00,4.56477809214777e-07,8.392342177701073e-07,9.920041699149074e-07
2013-04-24 08:00:00,4.875016054654945e-07,6.281519496358749e-07,1.2175713527952784e-06
2013-04-24 09:00:00,5.239787537877159e-07,7.195225331243938e-07,1.2289119594377512e-06
2013-04-24 10:00:00,4.995505803827047e-07,7.702406505156993e-07,1.1755812920991902e-06
2013-04-24 11:00:00,4.809622144254877e-07,8.069073387774355e-07,1.129659714093098e-06
2013-04-24 12:00:00,4.5815204928065116e-07,7.770479977608239e-07,1.1191053178301312e-06
2013-04-24 13:00:00,4.7608497643764256e-07,7.383206364263833e-07,1.1899645815022622e-06
2013-04-24 14:00:00,4.861168470784196e-07,6.568986493735605e-07,1.1656019577319893e-06
2013-04-24 15:00:00,4.378119076238893e-07,6.882540996870767e-07,1.0942519741180718e-06
2013-04-24 16:00:00,3.783597971115267e-07,9.751809519163484e-07,9.844504787933651e-07
2013-04-24 17:00:00,5.118918628239367e-07,2.3519473347978846e-06,1.8033183653995204e-06
2013-04-24 18:00:00,5.691224342764359e-07,3.121819681961535e-06,2.022910399713716e-06
2013-04-24 19:00:00,6.795809905652328e-07,3.1917553124743255e-06,1.929966326436178e-06
2013-04-24 20:00:00,8.713606889279886e-07,3.0012926802360046e-06,2.0605938696646387e-06
2013-04-24 21:00:00,1.2385854234376927e-06,2.1195253629480786e-06,2.4408506795647577e-06
2013-04-24 22:00:00,1.4135672138918262e-06,1.804266713614301e-06,2.9732264171983478e-06
2013-04-24 23:00:00,1.4833609537570382e-06,1.7574712645486593e-06,3.3895850335371527e-06
2013-04-25 00:00:00,1.5826717581975257e-06,1.8058450994254784e-06,3.778262958558984e-06
2013-04-25 01:00:00,1.6206253032913505e-06,1.852187239271937e-06,4.053217836812197e-06
2013-04-25 02:00:00,1.5878306043614875e-06,1.8876064700403225e-06,4.350305361302481e-06
2013-04-25 03:00:00,1.515575453056499e-06,1.8823165289078565e-06,4.453448858344943e-06
2013-04-25 04:00:00,1.3926229133863281e-06,1.766913520374162e-06,4.3529951345655165e-06
2013-04-25 05:00:00,1.2727519187257768e-06,1.694017003575201e-06,4.087300323777329e-06
2013-04-25 06:00:00,1.249164610297194e-06,2.4313134704849995e-06,2.916432236240941e-06
2013-04-25 07:00:00,1.0000825241494917e-06,1.2503630857535306e-06,1.5081794413334875e-06
2013-04-25 08:00:00,7.979820162250226e-07,7.837772619741096e-07,1.1820641587937837e-06
2013-04-25 09:00:00,6.495958354338058e-07,5.144151553964856e-07,9.975079628125315e-07
2013-04-25 10:00:00,6.2181318918623e-07,4.366275379943463e-07,9.567851728050297e-07
2013-04-25 11:00:00,5.111349965318762e-07,5.255652126367693e-07,9.08661323252467e-07
2013-04-25 12:00:00,3.6443996426224037e-07,5.061862486217676e-07,9.186580026676573e-07
2013-04-25 13:00:00,3.6238231952748997e-07,5.017635426012099e-07,9.458435891842111e-07
2013-04-25 14:00:00,4.222126489645286e-07,6.072842534575134e-07,9.502580429523569e-07
2013-04-25 15:00:00,5.078844351289302e-07,8.93862075801627e-07,1.273463279945789e-06
2013-04-25 16:00:00,5.797116382948436e-07,1.4421183038203386e-06,2.3753214426976515e-06
2013-04-25 17:00:00,6.819131832885382e-07,3.1436859974139505e-06,4.1111958387603654e-06
2013-04-25 18:00:00,7.946169115410351e-07,3.477061819033401e-06,4.4066273110754486e-06
2013-04-25 19:00:00,8.574571688122724e-07,3.300847691224121e-06,3.6029646560952346e-06
2013-04-25 20:00:00,1.0576631729277906e-06,3.882787585686139e-06,3.00148326073733e-06
2013-04-25 21:00:00,1.3153072918459515e-06,3.960798000924648e-06,2.7845016111304573e-06
2013-04-25 22:00:00,1.1415094050192845e-06,3.93971555881952e-06,2.6785561341254832e-06
2013-04-25 23:00:00,1.2580423490959179e-06,3.797585105281085e-06,3.1864990598674934e-06
2013-04-26 00:00:00,1.33237701179094e-06,4.992660051218956e-06,3.5522324211035623e-06
2013-04-26 01:00:00,1.336443011162941e-06,5.003514210928732e-06,3.771445770215706e-06
2013-04-26 02:00:00,1.1971202994654147e-06,4.048097459452099e-06,4.081374461996638e-06
2013-04-26 03:00:00,1.2559277272125617e-06,4.141022767192277e-06,3.4366504336076586e-06
2013-04-26 04:00:00,1.2152523000205912e-06,3.5025191038528024e-06,3.4071063714879734e-06
2013-04-26 05:00:00,9.856444914848307e-07,2.451665911866298e-06,3.6789248838449833e-06
2013-04-26 06:00:00,1.1902850104945011e-06,3.1129786694116937e-06,2.2501522017149036e-06
2013-04-26 07:00:00,1.2038505186130574e-06,3.104835468509318e-06,1.6961852075783454e-06
2013-04-26 08:00:00,1.2644259289911833e-06,2.427712257239021e-06,1.3296869948119363e-06
2013-04-26 09:00:00,1.2576943834522272e-06,2.339115648141618e-06,1.2385246112063062e-06
2013-04-26 10:00:00,1.234226723507963e-06,2.185852198745127e-06,1.3166977738217735e-06
2013-04-26 11:00:00,1.2684818384530785e-06,1.7953877217024913e-06,1.3287297266230926e-06
2013-04-26 12:00:00,1.2610629705723954e-06,1.4845167604836731e-06,1.3727055382349008e-06
2013-04-26 13:00:00,1.1657632818046913e-06,1.6721417499382198e-06,1.4584149296534598e-06
2013-04-26 14:00:00,1.0616692288918542e-06,2.4488974346738454e-06,1.7057224295220702e-06
2013-04-26 15:00:00,1.0411817331841678e-06,2.727937280793508e-06,2.1906419976385184e-06
2013-04-26 16:00:00,9.121075614629707e-07,2.6675893878253335e-06,2.565100650016183e-06
2013-04-26 17:00:00,9.171612955249916e-07,2.771839844335847e-06,2.731760813762102e-06
2013-04-26 18:00:00,9.379371162758853e-07,2.635051798841774e-06,2.835159186472226e-06
2013-04-26 19:00:00,9.845531216302522e-07,3.1973686767684338e-06,3.1014892078916976e-06
2013-04-26 20:00:00,1.0484563366278702e-06,3.189112156323956e-06,3.4026494400107938e-06
2013-04-26 21:00:00,1.1157613241779047e-06,3.131848619191673e-06,3.588454632898972e-06
2013-04-26 22:00:00,1.1837340613736305e-06,4.216741037768731e-06,3.670590242617625e-06
2013-04-26 23:00:00,1.1858572959582492e-06,3.464638684754205e-06,4.030621284650345e-06
2013-04-27 00:00:00,1.1596950690601208e-06,3.0133443698711233e-06,3.556430400079404e-06
2013-04-27 01:00:00,1.1422236270302517e-06,2.816083495300275e-06,3.5512905732750187e-06
2013-04-27 02:00:00,1.0848459828732915e-06,2.5356225468131294e-06,3.3860160224131693e-06
2013-04-27 03:00:00,1.0766666100645465e-06,2.357535346603166e-06,3.223134381051243e-06
2013-04-27 04:00:00,1.050813151984764e-06,2.437914855526745e-06,3.0704185000870378e-06
2013-04-27 05:00:00,1.06123610376869e-06,2.619043413828581e-06,2.9111162293342094e-06
2013-04-27 06:00:00,1.0519355680181573e-06,2.647952237287233e-06,2.5587844113807145e-06
2013-04-27 07:00:00,1.3494264683972098e-06,1.3876341137525723e-06,2.1370761867295483e-06
2013-04-27 08:00:00,1.0274606361348644e-06,8.863755538882014e-07,1.9479591376551865e-06
2013-04-27 09:00:00,8.651152213829562e-07,7.398772875302476e-07,1.9205499501732464e-06
2013-04-27 10:00:00,9.002616168223146e-07,7.40689842186609e-07,1.9211479944026743e-06
2013-04-27 11:00:00,8.310260600188622e-07,8.177554297568026e-07,1.8861754066246114e-06
2013-04-27 12:00:00,7.681214275311141e-07,7.889137279346563e-07,1.825793681698672e-06
2013-04-27 13:00:00,7.075065275508713e-07,8.791723176959005e-07,1.7752287970618011e-06
2013-04-27 14:00:00,6.809023592309935e-07,1.0319476053572963e-06,1.762323883413897e-06
2013-04-27 15:00:00,6.951821147291444e-07,1.2232742840686072e-06,1.7942448630449543e-06
2013-04-27 16:00:00,7.492305752680013e-07,1.5905453503518872e-06,1.9078705852547717e-06
2013-04-27 17:00:00,8.695023518812812e-07,2.6413481749955043e-06,2.125048551728417e-06
2013-04-27 18:00:00,9.237324207789474e-07,2.645981940660887e-06,2.192265249166579e-06
2013-04-27 19:00:00,9.485686665205939e-07,2.3848233025540854e-06,2.3213113489122593e-06
2013-04-27 20:00:00,1.0155825100472582e-06,2.4785275041917724e-06,2.4010424222929467e-06
2013-04-27 21:00:00,1.206872587839689e-06,2.625724480473153e-06,2.6157982433829856e-06
2013-04-27 22:00:00,1.4507902176473802e-06,2.142204371700085e-06,2.9179421010393068e-06
2013-04-27 23:00:00,1.6321057742089476e-06,2.814421704556929e-06,2.8128480158634283e-06
2013-04-28 00:00:00,1.632139719400076e-06,3.3048481091771324e-06,2.863073927236469e-06
2013-04-28 01:00:00,1.5988165051631497e-06,2.5461878917089607e-06,2.8246208988181515e-06
2013-04-28 02:00:00,1.252384823418844e-06,1.8976534361642491e-06,2.759182421145086e-06
2013-04-28 03:00:00,1.2464275765018811e-06,1.6403213976678444e-06,2.9926056886994678e-06
2013-04-28 04:00:00,1.2094220214700075e-06,1.709343430376168e-06,3.0499250516099532e-06
2013-04-28 05:00:00,1.274043045306796e-06,1.6905049372702403e-06,2.7085885398064654e-06
2013-04-28 06:00:00,1.1308734331360093e-06,2.5430496496812902e-06,2.7017397866093725e-06
2013-04-28 07:00:00,8.300105441991921e-07,1.8059659720031103e-06,2.2972801070625224e-06
2013-04-28 08:00:00,6.368402921981599e-07,1.182375966917221e-06,1.7122506229579078e-06
2013-04-28 09:00:00,4.6761155982646665e-07,5.697384820146024e-07,1.3831764041692163e-06
2013-04-28 10:00:00,4.12515409463933e-07,4.706194261267409e-07,1.3524512679227913e-06
2013-04-28 11:00:00,3.691002214325501e-07,4.7509147884278107e-07,1.1735272031093506e-06
2013-04-28 12:00:00,3.5824908795251554e-07,4.81204532698115e-07,1.1727122812022496e-06
2013-04-28 13:00:00,3.7697097397605e-07,4.780328218684413e-07,1.2565468322704758e-06
2013-04-28 14:00:00,4.185616931585143e-07,5.727027471490344e-07,1.4256755461784378e-06
2013-04-28 15:00:00,4.6356533865531714e-07,6.721055857368806e-07,1.6707167319325763e-06
2013-04-28 16:00:00,4.78132121008843e-07,8.898722377929992e-07,1.7907785608269657e-06
2013-04-28 17:00:00,4.4456383050366175e-07,1.0344480818906613e-06,2.0926217600002306e-06
2013-04-28 18:00:00,4.5940134825545684e-07,9.227767007950095e-07,2.3120148282840394e-06
2013-04-28 19:00:00,4.499793099812122e-07,1.0184062295414687e-06,2.1391808871016795e-06
2013-04-28 20:00:00,4.4960791018324674e-07,1.0472769018655356e-06,1.989336383997935e-06
2013-04-28 21:00:00,4.5931596753151333e-07,1.0913030649549622e-06,1.920123760213492e-06
2013-04-28 22:00:00,5.219107448164311e-07,1.0337532404185939e-06,1.9208187832158227e-06
2013-04-28 23:00:00,4.987529835777862e-07,1.1270216254239425e-06,1.8795805173810305e-06
2013-04-29 00:00:00,4.6943539846587345e-07,1.1141257837654843e-06,1.6304755258108642e-06
2013-04-29 01:00:00,4.3971906951050896e-07,1.1002259026624857e-06,1.4925936939992289e-06
2013-04-29 02:00:00,4.2836178256092746e-07,1.053541993232192e-06,1.439553784951509e-06
2013-04-29 03:00:00,4.1804978156345205e-07,9.843733844991483e-07,1.4036582287937864e-06
2013-04-29 04:00:00,4.1314428314365666e-07,9.832714357865264e-07,1.3525991575278434e-06
2013-04-29 05:00:00,3.992842233009298e-07,9.741620675347546e-07,1.2912587886643407e-06
2013-04-29 06:00:00,3.620255684610666e-07,9.639409361798033e-07,1.0827801898529836e-06
2013-04-29 07:00:00,3.4553613679243566e-07,7.489243746268186e-07,8.338532784386122e-07
2013-04-29 08:00:00,3.4605502753220565e-07,6.373129518033072e-07,7.599304808420133e-07
2013-04-29 09:00:00,3.434484521013371e-07,6.219646770277676e-07,7.164838204724873e-07
2013-04-29 10:00:00,3.4546541316457476e-07,6.227133030217203e-07,7.634189778191651e-07
2013-04-29 11:00:00,3.3006049011541275e-07,6.047782066184269e-07,7.194475567186804e-07
2013-04-29 12:00:00,3.220363703599205e-07,6.281871062687304e-07,7.05000654552219e-07
2013-04-29 13:00:00,3.2374038114399594e-07,6.264253731709401e-07,7.050043022840474e-07
2013-04-29 14:00:00,3.154179021109154e-07,6.175104733099388e-07,7.250295938425403e-07
2013-04-29 15:00:00,3.241779888069859e-07,6.349948127548978e-07,7.990502061503982e-07
2013-04-29 16:00:00,3.378113802470094e-07,8.067560957932848e-07,8.89737596299222e-07
2013-04-29 17:00:00,4.862560081459773e-07,1.8423259064654112e-06,1.429100378169646e-06
2013-04-29 18:00:00,5.903156517682825e-07,2.1539850392558684e-06,1.7699973621596506e-06
2013-04-29 19:00:00,6.060341541494185e-07,2.0603687179848432e-06,1.8759146906813815e-06
2013-04-29 20:00:00,6.014016283902259e-07,2.2495335019131215e-06,2.0635505167590606e-06
2013-04-29 21:00:00,5.99262784374771e-07,2.4294579559082576e-06,2.1516751080089137e-06
2013-04-29 22:00:00,5.816215058074808e-07,2.5620528957118727e-06,2.106668700359288e-06
2013-04-29 23:00:00,5.817442237611738e-07,2.6328396175925796e-06,2.0400582881469336e-06
2013-04-30 00:00:00,5.994856358169204e-07,2.7214473343031835e-06,2.0100682107660737e-06
2013-04-30 01:00:00,6.121004528878111e-07,2.656533611389823e-06,2.0048025573129695e-06
2013-04-30 02:00:00,6.3987511826481e-07,2.335733958559609e-06,2.0338836941824535e-06
2013-04-30 03:00:00,6.598186399232769e-07,1.9624148467659023e-06,2.040103741389218e-06
2013-04-30 04:00:00,6.65581360957413e-07,1.6895015902124061e-06,2.0870513172332604e-06
2013-04-30 05:00:00,6.502974093289601e-07,1.6753129791232893e-06,2.063014486805832e-06
2013-04-30 06:00:00,6.707912265413863e-07,1.8894626925705096e-06,1.8071461374477325e-06
2013-04-30 07:00:00,7.761953595478721e-07,1.769441889623589e-06,1.588235472756522e-06
2013-04-30 08:00:00,7.152370973058757e-07,1.20188862259947e-06,1.3572851651914775e-06
2013-04-30 09:00:00,6.537202795561513e-07,9.392844851765542e-07,1.2885774115052005e-06
2013-04-30 10:00:00,6.451013321219609e-07,7.344825873253609e-07,1.3328116556236257e-06
2013-04-30 11:00:00,6.090966587101782e-07,6.579093649859385e-07,1.29255791127689e-06
2013-04-30 12:00:00,5.878665313534889e-07,6.385476139960387e-07,1.330809488583131e-06
2013-04-30 13:00:00,5.771995597004214e-07,6.839866813353706e-07,1.5370954267049112e-06
2013-04-30 14:00:00,5.85011295287951e-07,9.314376234563787e-07,1.7246631298574474e-06
2013-04-30 15:00:00,6.843168408259511e-07,1.3372397439212177e-06,2.039289001652443e-06
2013-04-30 16:00:00,7.316933402561967e-07,2.0480479701177993e-06,2.426232167256484e-06
2013-04-30 17:00:00,8.40248836746854e-07,2.30221527417456e-06,2.722021296728183e-06
2013-04-30 18:00:00,9.307102625875372e-07,2.1222702738096145e-06,2.8852634078609964e-06
2013-04-30 19:00:00,9.500975180133902e-07,2.2252144345740808e-06,2.8907290075226574e-06
2013-04-30 20:00:00,9.815296310954969e-07,2.4085158980870574e-06,2.997499836018697e-06
2013-04-30 21:00:00,1.0394506672552354e-06,2.7499884472420715e-06,3.2597530134133964e-06
2013-04-30 22:00:00,1.1163047389710822e-06,2.694332234237556e-06,3.540683353624821e-06
2013-04-30 23:00:00,1.1529815950246947e-06,2.726733349778295e-06,3.6660643262279534e-06
2013-05-01 00:00:00,1.2041380604601753e-06,3.0790908308700213e-06,3.978678218029268e-06
2013-05-01 01:00:00,1.1922276114252405e-06,3.5057828068898916e-06,3.9664796874227446e-06
2013-05-01 02:00:00,1.1732587537656583e-06,3.189133562199292e-06,3.832238959290761e-06
2013-05-01 03:00:00,1.1103448612019413e-06,2.808199621926447e-06,3.6760797539436476e-06
2013-05-01 04:00:00,1.0620037493650281e-06,2.4896929339268986e-06,3.5845355153687506e-06
2013-05-01 05:00:00,1.0146448322510635e-06,2.5407496818224675e-06,3.244903080721331e-06
2013-05-01 06:00:00,1.068789368018477e-06,2.0196348265444508e-06,2.767675487917754e-06
2013-05-01 07:00:00,8.747239961116597e-07,1.0787788858066317e-06,1.8590199163792604e-06
2013-05-01 08:00:00,7.10691447047951e-07,7.004720378201888e-07,1.3948884071247018e-06
2013-05-01 09:00:00,6.324673230079268e-07,6.857704724590074e-07,1.2492474210358668e-06
2013-05-01 10:00:00,6.029159902849236e-07,5.929395138656064e-07,1.1942317792477246e-06
2013-05-01 11:00:00,5.901049014186852e-07,5.230193215663614e-07,1.1087152307580086e-06
2013-05-01 12:00:00,5.947333416081865e-07,5.360121353897569e-07,1.1363626997738556e-06
2013-05-01 13:00:00,6.344411899886664e-07,6.47563389669198e-07,1.2745930134127905e-06
2013-05-01 14:00:00,7.209318609945936e-07,9.300000978943496e-07,1.4308956845881652e-06
2013-05-01 15:00:00,8.816612845007961e-07,1.320378917040332e-06,1.9688956338487033e-06
2013-05-01 16:00:00,1.001013151697621e-06,1.5415397486611951e-06,3.238587291475167e-06
2013-05-01 17:00:00,1.0716223072501938e-06,1.890244346676661e-06,3.5821196470935076e-06
2013-05-01 18:00:00,1.0293912663022636e-06,1.8527188203588247e-06,3.7107437476483227e-06
2013-05-01 19:00:00,1.0147734830167415e-06,2.0429198469202367e-06,3.6425346992087517e-06
2013-05-01 20:00:00,1.0367314043611934e-06,2.1552629441156007e-06,3.887542623914984e-06
2013-05-01 21:00:00,1.0801238431557906e-06,2.3547440323964963e-06,4.0622470502847895e-06
2013-05-01 22:00:00,1.1409156552267625e-06,2.584399790641674e-06,4.7157185092724665e-06
2013-05-01 23:00:00,1.1792034007303568e-06,2.6650123032726232e-06,5.0579527110699156e-06
2013-05-02 00:00:00,1.2283019750100302e-06,2.946484492900912e-06,5.466638185041378e-06
2013-05-02 01:00:00,1.2152816185570295e-06,2.9832062728273314e-06,5.459039154530967e-06
2013-05-02 02:00:00,1.2171686283997643e-06,2.684831541518649e-06,4.942488602129092e-06
2013-05-02 03:00:00,1.155215667220141e-06,2.406044651076601e-06,4.511036047912369e-06
2013-05-02 04:00:00,1.0804001623971289e-06,2.1830655548234716e-06,4.149920431175601e-06
2013-05-02 05:00:00,1.0175349696894345e-06,1.9376864042674997e-06,3.587353669576228e-06
2013-05-02 06:00:00,9.048213922013355e-07,2.423999917596929e-06,3.1223676058512525e-06
2013-05-02 07:00:00,7.663704892885042e-07,1.979205469535687e-06,2.6906929240986235e-06
2013-05-02 08:00:00,6.532040904561383e-07,1.5245747405513463e-06,2.112557273478518e-06
2013-05-02 09:00:00,5.833883503179227e-07,1.2422774559562267e-06,1.772019602831385e-06
2013-05-02 10:00:00,6.62166221566121e-07,1.9252887847433747e-06,2.6214699249702995e-06
2013-05-02 11:00:00,5.289108133105093e-07,9.823534695268198e-07,1.549532462876512e-06
2013-05-02 12:00:00,5.358542478583615e-07,9.7562193268262e-07,1.5122350330285592e-06
2013-05-02 13:00:00,5.483730753308963e-07,9.899868683788165e-07,1.6066747824092298e-06
2013-05-02 14:00:00,5.625609692643838e-07,1.0096389222677441e-06,1.6910137988422223e-06
2013-05-02 15:00:00,5.79547493445626e-07,1.1630885749404573e-06,2.067245235136944e-06
2013-05-02 16:00:00,6.432469489107997e-07,1.7025754654178069e-06,2.4589674299420857e-06
2013-05-02 17:00:00,6.827445742098819e-07,2.7778428424455885e-06,3.1331986856324263e-06
2013-05-02 18:00:00,7.309065173712867e-07,2.5809514052503e-06,3.2090953273771003e-06
2013-05-02 19:00:00,7.222101138463425e-07,2.676003267051593e-06,2.9692562848817926e-06
2013-05-02 20:00:00,7.383168181847916e-07,2.754998670164252e-06,2.912840811033653e-06
2013-05-02 21:00:00,8.001110723381417e-07,2.9328448543682717e-06,3.042596006805448e-06
2013-05-02 22:00:00,9.412349576186865e-07,3.0030507262774942e-06,3.2058026381727235e-06
2013-05-02 23:00:00,1.136125244909207e-06,2.7625763050204808e-06,3.1820132072948364e-06
2013-05-03 00:00:00,1.3984529270522317e-06,2.8112995999353044e-06,3.293672107331414e-06
2013-05-03 01:00:00,1.5076477349736783e-06,3.1317444191022126e-06,3.4008064001428636e-06
2013-05-03 02:00:00,1.5203855650860305e-06,2.9195295547115848e-06,3.4171408134714056e-06
2013-05-03 03:00:00,1.350223354154494e-06,2.974565939559819e-06,3.6391098874599202e-06
2013-05-03 04:00:00,1.2551477809213164e-06,2.6987509466318917e-06,3.884357287071913e-06
2013-05-03 05:00:00,1.204400987963476e-06,2.552870620232412e-06,3.700331393734135e-06
2013-05-03 06:00:00,1.5550646918729893e-06,1.939055114400179e-06,2.781399865793941e-06
2013-05-03 07:00:00,1.0484074549588662e-06,1.4672454982724403e-06,1.9854130227867662e-06
2013-05-03 08:00:00,8.374052304227e-07,9.295726966998645e-07,1.6416844622053859e-06
2013-05-03 09:00:00,6.966932815145432e-07,6.651473618527616e-07,1.417519961576768e-06
2013-05-03 10:00:00,6.692907097450879e-07,5.993789331194372e-07,1.3869209441243033e-06
2013-05-03 11:00:00,6.636543695340086e-07,5.788903024654099e-07,1.4111097436675295e-06
2013-05-03 12:00:00,7.176479852717633e-07,6.222831324963565e-07,1.4916669100797448e-06
2013-05-03 13:00:00,7.679579575355299e-07,6.556745010383358e-07,1.6252579165555246e-06
2013-05-03 14:00:00,8.062359384722318e-07,7.350919933222136e-07,1.8180669321425445e-06
2013-05-03 15:00:00,8.644894848574375e-07,8.740729743192257e-07,2.060715778421621e-06
2013-05-03 16:00:00,1.0010393471967674e-06,1.359342073487659e-06,3.1208706340866985e-06
2013-05-03 17:00:00,1.2409583674920113e-06,1.3261270582081533e-06,3.197295071731626e-06
2013-05-03 18:00:00,1.367860209144685e-06,1.4297817513095245e-06,3.62335371314048e-06
2013-05-03 19:00:00,1.2145877360329222e-06,1.4118401644007006e-06,3.463755278697371e-06
2013-05-03 20:00:00,1.0556201252012054e-06,1.3316646682050752e-06,3.401212720892568e-06
2013-05-03 21:00:00,9.382185503611045e-07,1.3542758217209849e-06,3.49308328485859e-06
2013-05-03 22:00:00,8.604724020636638e-07,1.3875390724694916e-06,3.891148615939871e-06
2013-05-03 23:00:00,8.23946130820975e-07,1.4177013021808662e-06,3.957341574094831e-06
2013-05-04 00:00:00,7.832352055059777e-07,1.4082426037489092e-06,3.921027929955789e-06
2013-05-04 01:00:00,7.39497488769694e-07,1.3947840536609856e-06,3.6811868523138924e-06
2013-05-04 02:00:00,7.092735406940417e-07,1.3739673898991277e-06,3.799324903782445e-06
2013-05-04 03:00:00,6.820082815810461e-07,1.3362015663838181e-06,3.6135172396729933e-06
2013-05-04 04:00:00,6.558208700307024e-07,1.3188384860570932e-06,3.430725044425503e-06
2013-05-04 05:00:00,6.536231623648592e-07,1.378723545997889e-06,2.8372072692590914e-06
2013-05-04 06:00:00,5.444080842783804e-07,1.0557308728440866e-06,2.0053410344947715e-06
2013-05-04 07:00:00,3.676280526524515e-07,7.687006697895263e-07,1.30434470388487e-06
2013-05-04 08:00:00,3.884684853560448e-07,6.112563181984486e-07,1.1919708018176577e-06
2013-05-04 09:00:00,4.0744727643836944e-07,6.085762730210235e-07,1.0543308496078925e-06
2013-05-04 10:00:00,4.2170375858640435e-07,6.14864914521112e-07,1.021577178418848e-06
2013-05-04 11:00:00,4.2236343576928035e-07,6.288851678759063e-07,9.811793631302826e-07
2013-05-04 12:00:00,4.116520404576021e-07,6.219540008015235e-07,9.652556835249573e-07
2013-05-04 13:00:00,3.9259099086889634e-07,6.191330294882211e-07,1.00828693276543e-06
2013-05-04 14:00:00,3.825384693823504e-07,7.353887352255368e-07,1.1350736429257838e-06
2013-05-04 15:00:00,3.5133939188972344e-07,8.28811894033364e-07,1.2208596361295534e-06
2013-05-04 16:00:00,3.623373830919002e-07,1.1027551729053167e-06,1.3090341460384473e-06
2013-05-04 17:00:00,5.092179881693699e-07,2.1309266296366343e-06,2.2405562212876195e-06
2013-05-04 18:00:00,5.890099445846237e-07,1.7194621426124657e-06,2.7340826561181247e-06
2013-05-04 19:00:00,5.910760873206109e-07,1.61985813512244e-06,2.749384348423047e-06
2013-05-04 20:00:00,6.082188759796361e-07,1.642529664724631e-06,2.7412825198797853e-06
2013-05-04 21:00:00,6.22825779772571e-07,1.704177893087342e-06,2.815792908169714e-06
2013-05-04 22:00:00,6.619052048677265e-07,1.73469672924015e-06,2.8813634118758253e-06
2013-05-04 23:00:00,6.620784590203953e-07,1.776224962746851e-06,3.111084166448954e-06
2013-05-05 00:00:00,6.730905107465034e-07,1.8260399550447485e-06,3.192504434530349e-06
2013-05-05 01:00:00,6.756245067544387e-07,1.8382399540860885e-06,3.249483861019173e-06
2013-05-05 02:00:00,6.854482323025484e-07,1.8253461037277336e-06,3.427072276318145e-06
2013-05-05 03:00:00,7.214765796956158e-07,1.8075412466636823e-06,3.529412084541022e-06
2013-05-05 04:00:00,7.665768004402667e-07,1.8049551631794917e-06,3.6838563025390023e-06
2013-05-05 05:00:00,8.103669359484771e-07,1.7878125654954518e-06,3.485983412233592e-06
2013-05-05 06:00:00,8.628145517157326e-07,1.980729928585605e-06,1.9810356144534802e-06
2013-05-05 07:00:00,8.043130191517897e-07,8.777960452380072e-07,1.1692976198666734e-06
2013-05-05 08:00:00,5.210355233009283e-07,5.351083840555698e-07,8.640811762025775e-07
2013-05-05 09:00:00,4.302313768339248e-07,5.009518809980456e-07,8.014224456680679e-07
2013-05-05 10:00:00,4.49148318021543e-07,4.752942367554685e-07,8.343316819941456e-07
2013-05-05 11:00:00,4.298464495340292e-07,5.375874859792572e-07,8.344273408961773e-07
2013-05-05 12:00:00,4.3745912066853106e-07,5.633362698105393e-07,8.422494718129839e-07
2013-05-05 13:00:00,4.6920969911282714e-07,4.928373628860687e-07,8.537146003784951e-07
2013-05-05 14:00:00,5.200649611189887e-07,5.342131496087872e-07,9.878327759051327e-07
2013-05-05 15:00:00,6.772084987042156e-07,7.070322026279003e-07,1.2409221536613615e-06
2013-05-05 16:00:00,9.266915823835384e-07,1.4100573066333725e-06,2.418782005216988e-06
2013-05-05 17:00:00,8.938571853237523e-07,2.4213708189699057e-06,3.3086080061220032e-06
2013-05-05 18:00:00,9.812693787564755e-07,2.1867947165271826e-06,4.297707339971456e-06
2013-05-05 19:00:00,1.051101402728901e-06,2.1697661059638423e-06,3.950602575980035e-06
2013-05-05 20:00:00,1.0889093503381365e-06,2.2441641337754344e-06,3.6650653050332936e-06
2013-05-05 21:00:00,1.1194102578836742e-06,2.3901826389327153e-06,3.5865871085537647e-06
2013-05-05 22:00:00,1.039496328818054e-06,2.8969874025060185e-06,3.7105773101818713e-06
2013-05-05 23:00:00,1.0143036921011891e-06,3.5955777133053497e-06,3.7374099342246647e-06
2013-05-06 00:00:00,9.91406435814756e-07,3.9840795102787205e-06,3.8792666801004925e-06
2013-05-06 01:00:00,9.860819980433322e-07,3.4302429708173915e-06,3.86078424574226e-06
2013-05-06 02:00:00,1.0099743554206716e-06,2.789621540092372e-06,3.7912143557484365e-06
2013-05-06 03:00:00,1.0125825145357584e-06,2.5739152558933657e-06,3.587861370022926e-06
2013-05-06 04:00:00,1.0158116591938752e-06,2.3490120017744152e-06,3.383321015723552e-06
2013-05-06 05:00:00,1.0433192240024872e-06,2.2558282950168673e-06,3.1844741980587023e-06
2013-05-06 06:00:00,9.719743600672522e-07,2.336008811369179e-06,2.0492029153130925e-06
2013-05-06 07:00:00,8.414984473903858e-07,1.085135181668161e-06,1.3667262315660687e-06
2013-05-06 08:00:00,7.079245403209992e-07,6.686112468008814e-07,1.106140493308127e-06
2013-05-06 09:00:00,6.410786206276264e-07,5.823350005373027e-07,9.72492184676496e-07
2013-05-06 10:00:00,6.311754603406317e-07,5.80150391475768e-07,9.718165989848463e-07
2013-05-06 11:00:00,6.496524835342336e-07,5.754813984368786e-07,9.978519799402968e-07
2013-05-06 12:00:00,7.515538467458481e-07,6.139833304677328e-07,1.087947388872915e-06
2013-05-06 13:00:00,8.11472526632927e-07,6.961828736027311e-07,1.247655733868026e-06
2013-05-06 14:00:00,9.423884796548774e-07,1.075822588760951e-06,1.5452230255011382e-06
2013-05-06 15:00:00,1.1035927642358624e-06,1.689663828712337e-06,1.923389541213462e-06
2013-05-06 16:00:00,1.151237594517739e-06,2.964278284377912e-06,3.0105455006678225e-06
2013-05-06 17:00:00,1.2100594527030604e-06,3.3120985175467594e-06,3.7689198690532436e-06
2013-05-06 18:00:00,1.2313151551366266e-06,1.5900460002504503e-06,3.954247781694391e-06
2013-05-06 19:00:00,1.2204652883446408e-06,1.5528226229854181e-06,3.5360290504210514e-06
2013-05-06 20:00:00,1.248504405201067e-06,1.8078619447388045e-06,3.293496659143011e-06
2013-05-06 21:00:00,1.3934062036925577e-06,2.432971897520962e-06,3.301464641698881e-06
2013-05-06 22:00:00,1.3284112810180416e-06,3.621835436098263e-06,3.2642408015225796e-06
2013-05-06 23:00:00,1.4006349306780476e-06,3.72702001088983e-06,3.837098971896288e-06
2013-05-07 00:00:00,1.43090484304886e-06,3.0284485803444927e-06,4.496421305099547e-06
2013-05-07 01:00:00,1.4318597701667132e-06,1.9834814098675307e-06,4.836105052528593e-06
2013-05-07 02:00:00,1.390359937030527e-06,1.7302868915691407e-06,4.8123633429866546e-06
2013-05-07 03:00:00,1.3049586606122947e-06,1.6115034666119561e-06,4.555001683225605e-06
2013-05-07 04:00:00,1.1718049239780727e-06,1.5113027958628133e-06,4.208772415055489e-06
2013-05-07 05:00:00,9.81096755820324e-07,1.4033324293970708e-06,3.6288895142290445e-06
2013-05-07 06:00:00,8.248088993033681e-07,1.5320192025808415e-06,2.9808883467433544e-06
2013-05-07 07:00:00,7.939550940247155e-07,1.6923807379375697e-06,2.6006193837795954e-06
2013-05-07 08:00:00,6.490239620242687e-07,1.1359882304838778e-06,1.992544864619867e-06
2013-05-07 09:00:00,5.603002357376212e-07,8.886906322161481e-07,1.755046737472262e-06
2013-05-07 10:00:00,4.5903932964761515e-07,7.888199537015082e-07,1.6805830930436163e-06
2013-05-07 11:00:00,4.508807643898813e-07,6.536541571751877e-07,1.4311505299855302e-06
2013-05-07 12:00:00,4.7639765194660713e-07,6.44325548480732e-07,1.3337554869967112e-06
2013-05-07 13:00:00,5.418388292581441e-07,1.177948483172275e-06,1.4207630005322487e-06
2013-05-07 14:00:00,5.932934806414954e-07,1.7660127794255352e-06,1.5895122344840987e-06
2013-05-07 15:00:00,6.349811103789809e-07,2.8833409576911046e-06,1.8051487510234006e-06
2013-05-07 16:00:00,6.485381059310811e-07,2.4957551034278857e-06,2.272914677737937e-06
2013-05-07 17:00:00,6.57136527474163e-07,2.0723447922915122e-06,2.5418047523132724e-06
2013-05-07 18:00:00,6.5118290452034e-07,2.090595201561486e-06,2.613219478013929e-06
2013-05-07 19:00:00,6.417591559675003e-07,2.450092058265725e-06,2.520814812377792e-06
2013-05-07 20:00:00,6.522217354669566e-07,2.7438276986116118e-06,2.559486015664305e-06
2013-05-07 21:00:00,6.701869662004237e-07,3.489723259921906e-06,2.6213027315011e-06
2013-05-07 22:00:00,7.426356416057894e-07,7.22201703215079e-06,2.50046867442267e-06
2013-05-07 23:00:00,7.515610548154649e-07,7.1280341125464636e-06,2.688326065255061e-06
2013-05-08 00:00:00,7.309069178998671e-07,6.278100345320544e-06,2.9459765904300694e-06
2013-05-08 01:00:00,7.214989357942456e-07,5.915526961483747e-06,3.1758564890445078e-06
2013-05-08 02:00:00,7.249545521944837e-07,5.876233413249699e-06,3.409454658760484e-06
2013-05-08 03:00:00,7.351121135123144e-07,5.660123037592126e-06,3.52623323667924e-06
2013-05-08 04:00:00,7.255197470253043e-07,4.899807160227605e-06,3.3466933723607354e-06
2013-05-08 05:00:00,7.116260443699953e-07,4.20472888610568e-06,2.9006698618547908e-06
2013-05-08 06:00:00,7.750221493809101e-07,1.79687714175107e-06,1.7935167666918558e-06
2013-05-08 07:00:00,5.724459144810564e-07,8.843419374817102e-07,9.857179915372149e-07
2013-05-08 08:00:00,5.125180714295389e-07,7.476127971535971e-07,9.110124908289899e-07
2013-05-08 09:00:00,4.6577962544254475e-07,7.55817932415092e-07,8.223229325794937e-07
2013-05-08 10:00:00,4.4735786308668634e-07,7.33957294505702e-07,8.305942475149053e-07
2013-05-08 11:00:00,4.31081648212619e-07,7.504874883329486e-07,8.306157576664568e-07
2013-05-08 12:00:00,4.314770316819067e-07,7.896671031994934e-07,8.054696784246052e-07
2013-05-08 13:00:00,4.2935886958029814e-07,8.012455875074988e-07,8.495149487553048e-07
2013-05-08 14:00:00,4.3983816595745376e-07,7.76881575418473e-07,8.525614168508728e-07
2013-05-08 15:00:00,4.845561876726017e-07,7.755783768115651e-07,1.0219179849758289e-06
2013-05-08 16:00:00,4.694121454643591e-07,8.721217464545267e-07,1.3792926857387467e-06
2013-05-08 17:00:00,4.1422883004813684e-07,1.28396961079845e-06,1.6198517719036884e-06
2013-05-08 18:00:00,4.131096399068044e-07,1.460514837099763e-06,1.7987125707316447e-06
2013-05-08 19:00:00,4.1169412394162845e-07,1.4547890760766143e-06,1.797234612640791e-06
2013-05-08 20:00:00,4.1065361413423113e-07,1.426459371434515e-06,1.7418015214151026e-06
2013-05-08 21:00:00,4.1650220957718744e-07,1.4644830256192383e-06,1.6840753166706137e-06
2013-05-08 22:00:00,4.1975122311597054e-07,1.4625426310775977e-06,1.683043787954048e-06
2013-05-08 23:00:00,4.372233178379335e-07,1.3173855287587578e-06,1.7302609366533757e-06
2013-05-09 00:00:00,4.2406101573740897e-07,1.481922860154324e-06,1.6681196429526222e-06
2013-05-09 01:00:00,4.2531302756847966e-07,1.501770045695135e-06,1.6649876247434261e-06
2013-05-09 02:00:00,4.227390652241514e-07,1.4900329919778693e-06,1.6422992827308694e-06
2013-05-09 03:00:00,4.1670138771249565e-07,1.4368650044083693e-06,1.6283331292726327e-06
2013-05-09 04:00:00,4.1286266111396815e-07,1.3902545362869196e-06,1.5959687276324312e-06
2013-05-09 05:00:00,4.450220654116898e-07,1.4426965319449506e-06,1.5114775957907758e-06
2013-05-09 06:00:00,4.556649698174714e-07,1.1194690766307385e-06,1.3496317267150803e-06
2013-05-09 07:00:00,4.2008520653456564e-07,9.34183403232079e-07,1.1917647504377924e-06
2013-05-09 08:00:00,3.725859805671592e-07,6.167944870138252e-07,1.0950301412576639e-06
2013-05-09 09:00:00,3.4112274787808924e-07,6.037642217531169e-07,1.0282029242953254e-06
2013-05-09 10:00:00,3.4875900373549003e-07,5.780482739776203e-07,1.026519963785877e-06
2013-05-09 11:00:00,3.2549777694529854e-07,6.655221806080768e-07,9.845878528999425e-07
2013-05-09 12:00:00,3.261162488676134e-07,6.906509995931828e-07,9.738189420038697e-07
2013-05-09 13:00:00,3.2889140158465224e-07,8.013390136039546e-07,1.0385961585231268e-06
2013-05-09 14:00:00,3.4298762840798665e-07,8.673702878824479e-07,1.156461177918196e-06
2013-05-09 15:00:00,3.719059582008213e-07,1.025269119833325e-06,1.3738651694620553e-06
2013-05-09 16:00:00,4.174218444436101e-07,1.1666500632028957e-06,1.5374674266649116e-06
2013-05-09 17:00:00,4.53861291527538e-07,1.1930442619285114e-06,2.2922278485318385e-06
2013-05-09 18:00:00,4.424800515048378e-07,1.593787477688678e-06,3.213541475781283e-06
2013-05-09 19:00:00,4.449132629951397e-07,1.6807507699328216e-06,3.1716499824318277e-06
2013-05-09 20:00:00,4.4901665326432284e-07,1.7223191898919554e-06,3.0647150260135357e-06
2013-05-09 21:00:00,4.560767381583577e-07,1.4819398765336496e-06,3.079399097064516e-06
2013-05-09 22:00:00,4.6112958438109476e-07,1.4292175865087657e-06,3.0157225251017287e-06
2013-05-09 23:00:00,4.4944324049244974e-07,1.4665131092848213e-06,3.0138723001886516e-06
2013-05-10 00:00:00,4.226174685382597e-07,1.4282899947420249e-06,2.857967808642227e-06
2013-05-10 01:00:00,4.092266682833271e-07,1.3243223132116089e-06,2.64734825159761e-06
2013-05-10 02:00:00,4.008066046172551e-07,1.2307564056668075e-06,2.4584993309095717e-06
2013-05-10 03:00:00,3.9222098823555127e-07,1.2202732463605475e-06,2.2739461138542533e-06
2013-05-10 04:00:00,3.834776067620823e-07,1.2166436605545596e-06,2.0927481713910842e-06
2013-05-10 05:00:00,3.64120915940006e-07,1.0940188646057747e-06,1.9021258111071623e-06
2013-05-10 06:00:00,3.474456570853314e-07,1.0368536933208724e-06,1.3643695367346307e-06
2013-05-10 07:00:00,3.0753099533653483e-07,1.1081562110864144e-06,9.66264727922773e-07
2013-05-10 08:00:00,3.1028041752730985e-07,9.844646132729893e-07,7.775886397535663e-07
2013-05-10 09:00:00,3.2126762636123576e-07,1.0410095912307185e-06,7.440710461927231e-07
2013-05-10 10:00:00,3.14355691136167e-07,1.1847231324773165e-06,8.097122350928949e-07
2013-05-10 11:00:00,3.0111162393189775e-07,1.0709094749095974e-06,7.408898424620327e-07
2013-05-10 12:00:00,3.033590161548445e-07,1.0555683206717591e-06,7.603209790950726e-07
2013-05-10 13:00:00,3.153631920649549e-07,1.2315394792919358e-06,8.030125573358794e-07
2013-05-10 14:00:00,3.265075833330963e-07,1.1522229954748567e-06,7.864924636901066e-07
2013-05-10 15:00:00,3.4128795723306647e-07,1.0362431893031503e-06,8.663969491204003e-07
2013-05-10 16:00:00,3.693723863168715e-07,1.147432045759511e-06,9.787010010756241e-07
2013-05-10 17:00:00,3.9764136946151294e-07,1.0645216111346667e-06,1.536505220653753e-06
2013-05-10 18:00:00,3.8636445992987473e-07,1.5347909585307544e-06,1.8044636632264492e-06
2013-05-10 19:00:00,3.770414732604595e-07,1.787190464609282e-06,1.8401456813462505e-06
2013-05-10 20:00:00,3.810954678509987e-07,1.6005524479800302e-06,1.8983846724264334e-06
2013-05-10 21:00:00,3.863075091999998e-07,1.3999670922236178e-06,2.0536841638487102e-06
2013-05-10 22:00:00,3.906958752058715e-07,1.4257532019314334e-06,2.145191068638535e-06
2013-05-10 23:00:00,3.94460360332941e-07,1.2824086970414086e-06,2.1909741589278182e-06
2013-05-11 00:00:00,3.933365323752246e-07,1.2058626302814307e-06,2.184597414006302e-06
2013-05-11 01:00:00,3.9387363155439583e-07,1.1876387189717112e-06,2.1948353322339158e-06
2013-05-11 02:00:00,3.916773689433768e-07,1.2195284347758997e-06,2.2250551177759265e-06
2013-05-11 03:00:00,3.881623434725498e-07,1.2406439826107598e-06,2.1696074293912912e-06
2013-05-11 04:00:00,3.8865720720829125e-07,1.1810853997328399e-06,2.1052267993651717e-06
2013-05-11 05:00:00,3.9368216727776846e-07,1.1126602126992073e-06,1.9451686342805377e-06
2013-05-11 06:00:00,4.005903775397024e-07,1.8443171470937332e-06,1.6696961717452965e-06
2013-05-11 07:00:00,4.2235078807199014e-07,1.5875181092436926e-06,1.2776804382196965e-06
2013-05-11 08:00:00,4.461751995200961e-07,1.538352170923487e-06,1.1623659629936616e-06
2013-05-11 09:00:00,4.679859118667771e-07,1.001816312077086e-06,1.1210649998317414e-06
2013-05-11 10:00:00,4.6455843812743597e-07,8.08107191208929e-07,1.2236774588685844e-06
2013-05-11 11:00:00,4.1249481704012523e-07,6.680961584001544e-07,1.226275969088496e-06
2013-05-11 12:00:00,3.7666305938064397e-07,7.299714787253214e-07,1.1829191017798229e-06
2013-05-11 13:00:00,3.5255405200075756e-07,9.275641216234867e-07,1.1701381537583412e-06
2013-05-11 14:00:00,3.596088988952765e-07,9.199784098331106e-07,1.092849771823362e-06
2013-05-11 15:00:00,3.545702143361889e-07,9.694768623484737e-07,1.1145882845294574e-06
2013-05-11 16:00:00,3.815123179038129e-07,1.1751682115086198e-06,1.189883206860404e-06
2013-05-11 17:00:00,4.266178482198699e-07,1.1934669025247493e-06,1.3402635552021213e-06
2013-05-11 18:00:00,4.509446450177127e-07,1.0652119385180545e-06,1.5366610919170813e-06
2013-05-11 19:00:00,4.034181039486038e-07,1.3615777931732447e-06,1.5928830193433176e-06
2013-05-11 20:00:00,3.975885534961923e-07,1.5342090729032975e-06,1.5902136920202275e-06
2013-05-11 21:00:00,4.469368494189744e-07,1.4124441819718484e-06,1.5283780212869225e-06
2013-05-11 22:00:00,3.955367589872152e-07,1.71682272089322e-06,1.379214195561957e-06
2013-05-11 23:00:00,4.0533054637852236e-07,1.6092561472494847e-06,1.3800106398359782e-06
2013-05-12 00:00:00,4.426713255006961e-07,1.196550057489144e-06,1.4238160053128956e-06
2013-05-12 01:00:00,4.7308060855242566e-07,1.2393962134287463e-06,1.573095056183801e-06
2013-05-12 02:00:00,4.6670783058212614e-07,1.2288485565307531e-06,1.5817404155363178e-06
2013-05-12 03:00:00,3.9833092464873926e-07,1.653885368827448e-06,1.5374135849460192e-06
2013-05-12 04:00:00,4.3909542226527883e-07,2.970621542852823e-06,1.6117287838127233e-06
2013-05-12 05:00:00,4.627227925604353e-07,1.3267786652478636e-06,1.492617018278911e-06
2013-05-12 06:00:00,4.7588230028949466e-07,1.5228419572490325e-06,1.3572542872644026e-06
2013-05-12 07:00:00,5.000067139436612e-07,1.0425717448774615e-06,1.2406181738567791e-06
2013-05-12 08:00:00,4.415472062290371e-07,1.1048725230995433e-06,1.0849054857108947e-06
2013-05-12 09:00:00,4.2005547348744343e-07,1.163690615650738e-06,1.0816856304725018e-06
2013-05-12 10:00:00,4.0861608524294795e-07,1.2182721738581115e-06,1.1100600238242451e-06
2013-05-12 11:00:00,3.9239954288502394e-07,1.0045538410667583e-06,9.92997638711557e-07
2013-05-12 12:00:00,4.0225579588929025e-07,9.377949190380181e-07,9.513391047013316e-07
2013-05-12 13:00:00,4.0917861696006793e-07,1.0550544919687258e-06,9.444453010508098e-07
2013-05-12 14:00:00,4.1695854375450683e-07,9.94213036242036e-07,9.376399583435284e-07
2013-05-12 15:00:00,4.778592911092126e-07,9.809677296797263e-07,1.0235093170866037e-06
2013-05-12 16:00:00,4.996168837661703e-07,1.2259744382133047e-06,1.1324396128387702e-06
2013-05-12 17:00:00,5.096402376141837e-07,1.0066851129877084e-06,1.3245837863717224e-06
2013-05-12 18:00:00,5.09091123824872e-07,1.3262689797733635e-06,1.5962325005059745e-06
2013-05-12 19:00:00,5.148620265501826e-07,1.4287135040316685e-06,1.649778257985908e-06
2013-05-12 20:00:00,5.226722077738752e-07,1.4318282343438542e-06,1.6520689723020379e-06
2013-05-12 21:00:00,4.986242619918109e-07,1.36149091774829e-06,1.6319601624858116e-06
2013-05-12 22:00:00,4.7278107260100995e-07,1.2958802228654572e-06,1.510082431667019e-06
2013-05-12 23:00:00,4.476745448459824e-07,1.4126946365735788e-06,1.5209364023837936e-06
2013-05-13 00:00:00,4.311324757233234e-07,1.7218540262410032e-06,1.4826025142862184e-06
2013-05-13 01:00:00,4.2033184982006616e-07,2.1699042468705005e-06,1.479506249218542e-06
2013-05-13 02:00:00,4.1612173818481523e-07,2.2434784903051706e-06,1.4293994737726026e-06
2013-05-13 03:00:00,4.1583217110999636e-07,1.1704620024830835e-06,1.2809757879271513e-06
2013-05-13 04:00:00,4.163786962904873e-07,1.1324259579155388e-06,1.2349893025347977e-06
2013-05-13 05:00:00,4.1204502182091075e-07,1.1559281700059533e-06,1.2101586005198695e-06
2013-05-13 06:00:00,3.7393402905675027e-07,1.3768121660666295e-06,9.74373590508798e-07
2013-05-13 07:00:00,3.5674771410246646e-07,1.5138548769167237e-06,9.233724347314916e-07
2013-05-13 08:00:00,3.518187525229529e-07,1.176223854789472e-06,8.581875447173677e-07
2013-05-13 09:00:00,3.492680202673774e-07,9.708376591673045e-07,8.02244676384224e-07
2013-05-13 10:00:00,3.515730962455075e-07,9.147279100847895e-07,9.123494034272712e-07
2013-05-13 11:00:00,3.496527436944894e-07,8.188920767004817e-07,8.83483295433894e-07
2013-05-13 12:00:00,3.9683418876873554e-07,7.628958900207584e-07,9.103834008495751e-07
2013-05-13 13:00:00,4.271532584600229e-07,8.01765727220278e-07,9.544689021260948e-07
2013-05-13 14:00:00,4.267756635606554e-07,9.076911667571481e-07,9.615212541639522e-07
2013-05-13 15:00:00,4.0545760647589983e-07,1.0884679194090168e-06,1.0232266062739817e-06
2013-05-13 16:00:00,4.216535415728263e-07,1.3736455762196077e-06,1.1092049689299218e-06
2013-05-13 17:00:00,4.4424842848885843e-07,9.596712227121308e-07,1.1150333196118114e-06
2013-05-13 18:00:00,4.065626918389978e-07,1.201577171868421e-06,1.2210009713495305e-06
2013-05-13 19:00:00,4.102936379070789e-07,1.7181185276293483e-06,1.3020977692831242e-06
2013-05-13 20:00:00,4.1584761009904724e-07,2.2507416264875953e-06,1.344923384186193e-06
2013-05-13 21:00:00,4.3612287646310157e-07,3.2095052780854345e-06,1.3097774164934926e-06
2013-05-13 22:00:00,4.1419795949791143e-07,1.1952303664165103e-06,1.2752562049454936e-06
2013-05-13 23:00:00,4.0373048891340957e-07,1.2047988680443642e-06,1.2053269898286768e-06
2013-05-14 00:00:00,4.2844460133507756e-07,1.4029333715162215e-06,1.2245530255240733e-06
2013-05-14 01:00:00,4.3911836116519013e-07,2.143145656789506e-06,1.2272142877104194e-06
2013-05-14 02:00:00,4.3744580882740675e-07,2.0069578282662114e-06,1.2024483417422152e-06
2013-05-14 03:00:00,4.357889987348113e-07,1.1510701733634335e-06,1.1635948079140162e-06
2013-05-14 04:00:00,4.2859482770167986e-07,1.0920939882506797e-06,1.1691119691962553e-06
2013-05-14 05:00:00,4.26904926607982e-07,1.0547707226470357e-06,1.1450854952906645e-06
2013-05-14 06:00:00,4.4485520470012524e-07,1.0532442460801832e-06,1.0578932972655137e-06
2013-05-14 07:00:00,4.257489575791071e-07,1.14952425336816e-06,8.181439726425074e-07
2013-05-14 08:00:00,3.8596853470270233e-07,9.807406919569394e-07,7.701331716171777e-07
2013-05-14 09:00:00,3.5336578251037324e-07,8.045419044011914e-07,7.421114552448872e-07
2013-05-14 10:00:00,3.880359103658372e-07,7.469151092738559e-07,8.439195567911751e-07
2013-05-14 11:00:00,4.023379725649315e-07,7.782826038439357e-07,8.266997605084882e-07
2013-05-14 12:00:00,4.254703936402679e-07,7.781073494633336e-07,8.51777355972168e-07
2013-05-14 13:00:00,4.1548920025062994e-07,9.5015079832489e-07,9.366496918533849e-07
2013-05-14 14:00:00,3.68909115436053e-07,9.192766630365408e-07,1.0825493858697492e-06
2013-05-14 15:00:00,3.8456764164656574e-07,7.758920042755792e-07,1.178593839598167e-06
2013-05-14 16:00:00,4.4982101003773193e-07,8.45953624616898e-07,1.5779008075082298e-06
2013-05-14 17:00:00,4.881898886947283e-07,1.0339824684989123e-06,2.195147371461219e-06
2013-05-14 18:00:00,5.19626939527512e-07,1.165059288755837e-06,3.0870138448964006e-06
2013-05-14 19:00:00,5.233213722736847e-07,1.1047812166411241e-06,2.760719499417637e-06
2013-05-14 20:00:00,4.997771731862725e-07,1.0376528357391435e-06,2.3271274705872162e-06
2013-05-14 21:00:00,3.943397763782349e-07,9.267635916852442e-07,1.9474110905091472e-06
2013-05-14 22:00:00,3.950072859068121e-07,1.6969839116659523e-06,1.7554701016267803e-06
2013-05-14 23:00:00,4.2288078780608937e-07,1.2308917832239639e-06,1.7633557492358782e-06
2013-05-15 00:00:00,4.3265234862168327e-07,1.164460658638839e-06,1.9689638158264524e-06
2013-05-15 01:00:00,4.221804635755717e-07,1.143730271295074e-06,1.6018222287606858e-06
2013-05-15 02:00:00,4.209595377654811e-07,1.1704519603210143e-06,1.2475430964323914e-06
2013-05-15 03:00:00,4.171244970225086e-07,1.3351148423093127e-06,1.1665606614390274e-06
2013-05-15 04:00:00,4.139581491748262e-07,1.3679358987065043e-06,1.1212917562787314e-06
2013-05-15 05:00:00,4.029258567366648e-07,1.2364976887107862e-06,9.806018915129322e-07
2013-05-15 06:00:00,3.6083413382825284e-07,8.509362177005025e-07,9.443804591264372e-07
2013-05-15 07:00:00,3.6173157566645e-07,7.505166093923728e-07,9.51471590745671e-07
2013-05-15 08:00:00,3.813415900841139e-07,6.306795019472134e-07,8.805431916660036e-07
2013-05-15 09:00:00,3.74763137040094e-07,6.535789655716306e-07,8.991841585528292e-07
2013-05-15 10:00:00,3.7076638610523585e-07,6.048209409864302e-07,8.452073176192819e-07
2013-05-15 11:00:00,3.473545698613418e-07,5.79208083866276e-07,8.256235020830575e-07
2013-05-15 12:00:00,3.349991706047327e-07,5.955279506428478e-07,8.799329257088876e-07
2013-05-15 13:00:00,3.4801748444762075e-07,5.928611620127536e-07,1.0064084431588304e-06
2013-05-15 14:00:00,3.349872728868653e-07,6.317786903322989e-07,1.0731917619725537e-06
2013-05-15 15:00:00,3.3350878128892834e-07,6.222465007048475e-07,1.2176161221591133e-06
2013-05-15 16:00:00,3.774746083496498e-07,1.0861046897971197e-06,1.3821116388910043e-06
2013-05-15 17:00:00,5.605966868875437e-07,2.6732730154424925e-06,2.8177660816956614e-06
2013-05-15 18:00:00,6.552627914635266e-07,2.7246215041533754e-06,3.3278455642870796e-06
2013-05-15 19:00:00,6.995733250612867e-07,3.2458798905473915e-06,3.376016360221497e-06
2013-05-15 20:00:00,7.351299745308905e-07,3.50272268565678e-06,3.452583509861764e-06
2013-05-15 21:00:00,7.781268271916634e-07,3.655146415508615e-06,3.623486964029052e-06
2013-05-15 22:00:00,8.689000890460293e-07,3.90459876094799e-06,3.926541139969125e-06
2013-05-15 23:00:00,1.0601848827463377e-06,4.063196390106826e-06,4.09135652193544e-06
2013-05-16 00:00:00,1.2366194287827293e-06,3.7098861272475153e-06,4.2969752928354695e-06
2013-05-16 01:00:00,1.3376883498379872e-06,3.6658898425069837e-06,4.52593991276246e-06
2013-05-16 02:00:00,1.2598925939675803e-06,3.37904381781973e-06,4.680076750262343e-06
2013-05-16 03:00:00,1.1369908275651291e-06,2.865585692102257e-06,4.618151967374823e-06
2013-05-16 04:00:00,1.0764646830969479e-06,1.702114395083537e-06,4.1706008261206604e-06
2013-05-16 05:00:00,1.0105101342177082e-06,1.4648709776714047e-06,3.4446483653576855e-06
2013-05-16 06:00:00,1.002334181413058e-06,2.3970600250962768e-06,2.589384533575978e-06
2013-05-16 07:00:00,1.068724056950603e-06,2.558571934571168e-06,1.979234808223604e-06
2013-05-16 08:00:00,1.4672421437488017e-06,2.416196723577461e-06,1.3982837877977422e-06
2013-05-16 09:00:00,1.4290827568467398e-06,1.6865569547806923e-06,1.2106649605688939e-06
2013-05-16 10:00:00,1.4506060510782461e-06,1.4250009052675348e-06,1.163096020655531e-06
2013-05-16 11:00:00,1.2767624339791637e-06,1.527004327188697e-06,1.1550267050681588e-06
2013-05-16 12:00:00,1.1910884622223042e-06,1.753853768324108e-06,1.2245179310963036e-06
2013-05-16 13:00:00,1.059303632136661e-06,1.8206095016894605e-06,1.2892930247351848e-06
2013-05-16 14:00:00,9.082594796042937e-07,1.6794409503951303e-06,1.3232389184133402e-06
2013-05-16 15:00:00,8.074948685432598e-07,1.8281291185223467e-06,1.4395453673387912e-06
2013-05-16 16:00:00,6.797173100169448e-07,1.732122370749411e-06,1.706916537487467e-06
2013-05-16 17:00:00,6.180564065808014e-07,2.0853697967781616e-06,2.0055963096994882e-06
2013-05-16 18:00:00,5.777660299999666e-07,2.055890126727458e-06,2.16436792236119e-06
2013-05-16 19:00:00,5.826713209187162e-07,2.201115291143309e-06,2.0382119674890515e-06
2013-05-16 20:00:00,6.105262834558294e-07,2.3331011322572647e-06,2.0133044337370882e-06
2013-05-16 21:00:00,6.466919894067968e-07,2.511472989699587e-06,2.088393791952097e-06
2013-05-16 22:00:00,6.615609958020763e-07,2.662276408307611e-06,2.367161284829773e-06
2013-05-16 23:00:00,6.990839091631924e-07,2.7647689531522217e-06,2.4809864166591935e-06
2013-05-17 00:00:00,7.772564561211814e-07,2.799516479869904e-06,2.7491805557252175e-06
2013-05-17 01:00:00,8.411479594769723e-07,2.9064291033807286e-06,3.3529368561948065e-06
2013-05-17 02:00:00,9.135828717387524e-07,2.6823253827964334e-06,3.2156237891634926e-06
2013-05-17 03:00:00,9.500247459166924e-07,2.3326362629377234e-06,2.935280331301961e-06
2013-05-17 04:00:00,9.225016409245833e-07,2.135297395403951e-06,2.793382410462732e-06
2013-05-17 05:00:00,8.581733485460922e-07,2.0783744329625685e-06,2.5410943440414787e-06
2013-05-17 06:00:00,8.196613495257131e-07,2.0662424702622324e-06,2.114345793808525e-06
2013-05-17 07:00:00,8.145438263611963e-07,2.102869298847484e-06,1.7416557545023306e-06
2013-05-17 08:00:00,8.449918203942225e-07,2.0966083325634346e-06,1.584570129848803e-06
2013-05-17 09:00:00,9.463944249761363e-07,2.1363307657463176e-06,1.584776969479879e-06
2013-05-17 10:00:00,1.0761899820196836e-06,2.243247348570147e-06,1.5079177375048228e-06
2013-05-17 11:00:00,1.0737260795197145e-06,2.2687460367164053e-06,1.4956625641800024e-06
2013-05-17 12:00:00,1.0764238987113131e-06,2.3090708126713e-06,1.5356070583132342e-06
2013-05-17 13:00:00,1.1798776003283565e-06,2.5209763351962604e-06,1.680985218031297e-06
2013-05-17 14:00:00,1.1990965753592697e-06,2.4523957279029933e-06,1.9350108622119885e-06
2013-05-17 15:00:00,9.742478974732779e-07,1.9398000815682437e-06,2.23659529208438e-06
2013-05-17 16:00:00,9.7627295944299e-07,1.9751767315048995e-06,2.333884161321095e-06
2013-05-17 17:00:00,9.847297434756372e-07,1.9667790996559623e-06,2.6378199755564855e-06
2013-05-17 18:00:00,1.0356653465479297e-06,2.1205152168739847e-06,2.7563349580536665e-06
2013-05-17 19:00:00,1.0516148329554142e-06,2.196742126301494e-06,2.7235280924077906e-06
2013-05-17 20:00:00,1.109534520880444e-06,2.3746961639725934e-06,2.9157218893231918e-06
2013-05-17 21:00:00,1.1690480010852396e-06,2.6028787899436787e-06,2.9577537145997238e-06
2013-05-17 22:00:00,1.4256781371726168e-06,2.8291329102363555e-06,2.704346960509704e-06
2013-05-17 23:00:00,1.5897962633179147e-06,3.1716995438848896e-06,2.6203733937880336e-06
2013-05-18 00:00:00,1.6325424112483745e-06,3.885543020157699e-06,2.5444289801730245e-06
2013-05-18 01:00:00,1.5283623988880433e-06,3.3756679790834905e-06,2.5383402036869252e-06
2013-05-18 02:00:00,1.396195179865204e-06,3.0509449711776296e-06,2.5619687169951496e-06
2013-05-18 03:00:00,1.1944030840129119e-06,3.1646455821143204e-06,2.829843379301893e-06
2013-05-18 04:00:00,1.0334359113103767e-06,2.849992859036695e-06,2.870359589044228e-06
2013-05-18 05:00:00,9.533383269786263e-07,3.576520295787141e-06,2.458749158673144e-06
2013-05-18 06:00:00,8.474232840483363e-07,3.2375059440481588e-06,1.954373030436842e-06
2013-05-18 07:00:00,8.108714596292949e-07,3.2109574194548246e-06,1.4306280416306174e-06
2013-05-18 08:00:00,8.02251909678131e-07,2.1363045647018403e-06,1.1994917976802745e-06
2013-05-18 09:00:00,8.18588977213238e-07,1.927343492351876e-06,1.0806718464027684e-06
2013-05-18 10:00:00,9.760562210488249e-07,1.927633242369789e-06,1.0875440390370523e-06
2013-05-18 11:00:00,1.0678412452578027e-06,1.5156125772540052e-06,1.0944483366993302e-06
2013-05-18 12:00:00,1.0462320497949156e-06,1.111227109502421e-06,1.0972850046741839e-06
2013-05-18 13:00:00,1.1364653083260922e-06,1.075697230863779e-06,1.1021476211666817e-06
2013-05-18 14:00:00,1.1270505257550083e-06,1.0884279085308746e-06,1.1193673690886872e-06
2013-05-18 15:00:00,1.2706463631952808e-06,1.144419532019366e-06,1.2870256972673766e-06
2013-05-18 16:00:00,1.3291347622639535e-06,1.4341700834448337e-06,2.067338406087579e-06
2013-05-18 17:00:00,1.3797320069756436e-06,2.8694807929146194e-06,2.9167693647690572e-06
2013-05-18 18:00:00,1.1414689663576024e-06,6.577217627531546e-06,3.28970218087259e-06
2013-05-18 19:00:00,1.1925979498426122e-06,5.940025777078175e-06,3.1257578507845583e-06
2013-05-18 20:00:00,1.3281897713000268e-06,5.773738318581402e-06,3.091599337306374e-06
2013-05-18 21:00:00,1.6107688499652773e-06,5.2933670375959865e-06,3.150892872937432e-06
2013-05-18 22:00:00,1.6320715699584151e-06,5.847189502401433e-06,3.3364205034332123e-06
2013-05-18 23:00:00,1.6220943097619088e-06,6.495946365776624e-06,3.482633441776866e-06
2013-05-19 00:00:00,1.861262004441025e-06,7.075720917410725e-06,3.501806295272072e-06
2013-05-19 01:00:00,1.8048785940542664e-06,7.429541701192069e-06,3.6201818018309953e-06
2013-05-19 02:00:00,1.6211024955214084e-06,7.712721038622926e-06,3.853740955031295e-06
2013-05-19 03:00:00,1.4818437905096542e-06,7.613452203571917e-06,3.905490504757146e-06
2013-05-19 04:00:00,1.4432869299473415e-06,8.523936648731054e-06,3.88409686300287e-06
2013-05-19 05:00:00,1.8399479559967443e-06,5.741963688872684e-06,3.5813484673049747e-06
2013-05-19 06:00:00,2.18416298644792e-06,2.2119427552417133e-06,2.685848283301979e-06
2013-05-19 07:00:00,1.4632852234867675e-06,1.5088927673156756e-06,1.8675419803130786e-06
2013-05-19 08:00:00,1.1896939076871526e-06,1.1703723031341273e-06,1.4385454662471346e-06
2013-05-19 09:00:00,9.99791796613125e-07,8.796692924641419e-07,1.2580044355936557e-06
2013-05-19 10:00:00,8.463077005112732e-07,7.93808757364972e-07,1.3546932849280522e-06
2013-05-19 11:00:00,7.575827941261812e-07,8.272382379097389e-07,1.430570031380023e-06
2013-05-19 12:00:00,7.425841559654379e-07,8.72328573102004e-07,1.5521579439224212e-06
2013-05-19 13:00:00,7.650508885486971e-07,1.0298673514874638e-06,1.6268086299874292e-06
2013-05-19 14:00:00,7.650436418004674e-07,1.1636459820709207e-06,1.8436583869132136e-06
2013-05-19 15:00:00,8.889160051534104e-07,1.4360312525706634e-06,2.1044413599731883e-06
2013-05-19 16:00:00,1.1368662571781691e-06,1.8667217814996592e-06,2.5487659641881318e-06
2013-05-19 17:00:00,1.392739928861104e-06,2.895471992809233e-06,2.8829409994322847e-06
2013-05-19 18:00:00,1.5879759677398573e-06,4.955983005279835e-06,2.737485298236573e-06
2013-05-19 19:00:00,1.5924532013586572e-06,4.7150820144009585e-06,2.7211560628415213e-06
2013-05-19 20:00:00,1.697234613720079e-06,4.916795209505484e-06,2.94744702054833e-06
2013-05-19 21:00:00,1.7121457797924868e-06,5.242852214836393e-06,2.990345179793187e-06
2013-05-19 22:00:00,2.084731949767896e-06,5.490003642708003e-06,3.0818765760732525e-06
2013-05-19 23:00:00,2.12068194390417e-06,5.4702017070099985e-06,3.0555988281288955e-06
2013-05-20 00:00:00,2.1480896352018497e-06,5.380490332955588e-06,3.014619983053287e-06
2013-05-20 01:00:00,2.0328963001269984e-06,5.529126553923645e-06,2.9800427002866187e-06
2013-05-20 02:00:00,1.7694332106578688e-06,4.74311624318653e-06,2.9404909570662746e-06
2013-05-20 03:00:00,1.5696971059590238e-06,3.676473976806579e-06,2.6210908890547485e-06
2013-05-20 04:00:00,1.4915027625802537e-06,3.276938700957721e-06,2.53505149520058e-06
2013-05-20 05:00:00,1.4389165376085102e-06,2.975806964228317e-06,2.2874618296736957e-06
2013-05-20 06:00:00,1.4152551174244179e-06,2.9353797030157193e-06,1.940178743772961e-06
2013-05-20 07:00:00,1.3863368307934166e-06,2.70409860716181e-06,1.476289749498495e-06
2013-05-20 08:00:00,1.3796052561131159e-06,3.0514607328361644e-06,1.3373219903837907e-06
2013-05-20 09:00:00,1.4438320322888012e-06,3.0564646851298243e-06,1.2775369580285216e-06
2013-05-20 10:00:00,1.700408941793381e-06,2.8555497629637214e-06,1.396772658164006e-06
2013-05-20 11:00:00,1.6380048797276484e-06,2.8301434877356076e-06,1.35254845189172e-06
2013-05-20 12:00:00,1.596045994133156e-06,3.033597762635525e-06,1.4361632268478083e-06
2013-05-20 13:00:00,1.590637057323714e-06,2.8998132475580076e-06,1.548322369906804e-06
2013-05-20 14:00:00,1.4108342768261332e-06,2.976799343502589e-06,1.6784843938035886e-06
2013-05-20 15:00:00,1.333595530090023e-06,2.8258476196708304e-06,1.867243521662487e-06
2013-05-20 16:00:00,1.357919723714305e-06,3.0277244373355054e-06,2.5170334300564875e-06
2013-05-20 17:00:00,1.477057299622595e-06,3.1634346283495344e-06,2.6640883571481605e-06
2013-05-20 18:00:00,1.6185776920608276e-06,3.367040652151524e-06,3.5785100948543036e-06
2013-05-20 19:00:00,1.5709663514109119e-06,3.7018768721902475e-06,3.77094067416662e-06
2013-05-20 20:00:00,1.5026399723670418e-06,4.074773896988601e-06,3.7314521703926494e-06
2013-05-20 21:00:00,1.3395316194832372e-06,4.587177131413473e-06,3.5776219045639534e-06
2013-05-20 22:00:00,1.2642135179962583e-06,4.6910872420468875e-06,4.060894075815196e-06
2013-05-20 23:00:00,1.1120132325095192e-06,5.034264067474335e-06,4.213338583625425e-06
2013-05-21 00:00:00,1.0379223344718234e-06,5.133755712875773e-06,4.282218778598095e-06
2013-05-21 01:00:00,1.0037437237229967e-06,4.803842325141459e-06,4.193448436380781e-06
2013-05-21 02:00:00,9.972836561044406e-07,3.984707192603346e-06,3.89651517680625e-06
2013-05-21 03:00:00,9.860665269025457e-07,3.075484538188511e-06,3.4504947411556975e-06
2013-05-21 04:00:00,9.367954411230904e-07,2.5051559786405775e-06,3.4582720296205605e-06
2013-05-21 05:00:00,8.531865144725125e-07,2.3140197938483945e-06,2.845080921748481e-06
2013-05-21 06:00:00,7.748345790216962e-07,2.7265278169690673e-06,2.277265323013921e-06
2013-05-21 07:00:00,7.0390965264464e-07,2.8805793081286418e-06,1.7344845883274725e-06
2013-05-21 08:00:00,6.697626679228558e-07,2.835049835138189e-06,1.4754808133057072e-06
2013-05-21 09:00:00,6.708548237853277e-07,2.782472415665999e-06,1.4911379267048868e-06
2013-05-21 10:00:00,6.792986110990942e-07,2.694611173696459e-06,1.6259342258253738e-06
2013-05-21 11:00:00,6.436850939174698e-07,2.690614743599595e-06,1.613664844583724e-06
2013-05-21 12:00:00,6.19409805404021e-07,2.7689739037288735e-06,1.6235263839398685e-06
2013-05-21 13:00:00,6.202555625332781e-07,2.8608416701761748e-06,1.6785772224021417e-06
2013-05-21 14:00:00,6.078411655823239e-07,2.7337200411148805e-06,1.6790159069944368e-06
2013-05-21 15:00:00,6.113565111230447e-07,2.6776902240554136e-06,2.001206472579133e-06
2013-05-21 16:00:00,6.00081851509509e-07,2.9580082141841774e-06,2.565803735289028e-06
2013-05-21 17:00:00,5.879979097482485e-07,3.0370121760801734e-06,3.0756700830404853e-06
2013-05-21 18:00:00,5.787423975489143e-07,2.9584372621868036e-06,3.421717850492098e-06
2013-05-21 19:00:00,5.436984262648188e-07,2.594682979615721e-06,3.175491645610803e-06
2013-05-21 20:00:00,5.337409224484678e-07,2.8671625622951636e-06,2.907907311258493e-06
2013-05-21 21:00:00,5.174609723794861e-07,3.1652292602746585e-06,2.5667999653659037e-06
2013-05-21 22:00:00,4.964328248858866e-07,3.161895738401445e-06,2.341739504520795e-06
2013-05-21 23:00:00,4.883481073118486e-07,2.3927989055901257e-06,2.0629469591465015e-06
2013-05-22 00:00:00,4.940656080312752e-07,2.3157326074093515e-06,1.97878846423095e-06
2013-05-22 01:00:00,4.796690671182297e-07,2.2315745472053488e-06,1.7371987375546076e-06
2013-05-22 02:00:00,4.6914477918159444e-07,2.187937552443325e-06,1.549405297044504e-06
2013-05-22 03:00:00,4.656626819557955e-07,2.2122825121848896e-06,1.3979867244871893e-06
2013-05-22 04:00:00,4.653364459909187e-07,2.2200593162937425e-06,1.296882558974268e-06
2013-05-22 05:00:00,4.473628566662441e-07,1.9783067767344235e-06,1.187332943491723e-06
2013-05-22 06:00:00,4.3944410179856813e-07,1.6436122644374134e-06,1.0614341223825919e-06
2013-05-22 07:00:00,3.339198550033002e-07,1.2799559086690169e-06,7.761006555085302e-07
2013-05-22 08:00:00,3.1773735767033174e-07,1.1493808497693823e-06,7.066215160749587e-07
2013-05-22 09:00:00,3.1166174641636223e-07,9.983580204612048e-07,7.000881455324816e-07
2013-05-22 10:00:00,3.252155133398998e-07,9.562970439679736e-07,7.198610712687275e-07
2013-05-22 11:00:00,3.234881540693779e-07,9.745272966096273e-07,7.176177184675926e-07
2013-05-22 12:00:00,3.1363103234738025e-07,1.015909759058364e-06,6.980334806673599e-07
2013-05-22 13:00:00,3.1829006996689204e-07,1.1908711484758894e-06,6.850844986717972e-07
2013-05-22 14:00:00,3.13585535972101e-07,1.0313653250738095e-06,6.860207648780678e-07
2013-05-22 15:00:00,3.236226092688749e-07,1.1748859769188227e-06,7.031877993124237e-07
2013-05-22 16:00:00,3.3292316531663424e-07,1.6050803582978007e-06,7.190066728029133e-07
2013-05-22 17:00:00,3.709752847247557e-07,2.2513310545002104e-06,7.39993129989209e-07
2013-05-22 18:00:00,4.995469150696949e-07,2.3573964676560974e-06,8.797887049362037e-07
2013-05-22 19:00:00,6.006258826975408e-07,2.369525726145013e-06,9.243758415380275e-07
2013-05-22 20:00:00,6.686361874657088e-07,2.7415629736256973e-06,1.0019624869432413e-06
2013-05-22 21:00:00,6.648786197017008e-07,2.9603164600637187e-06,1.0915903796293743e-06
2013-05-22 22:00:00,6.45195632022399e-07,3.6097144921652417e-06,1.271836683065315e-06
2013-05-22 23:00:00,5.888713286132263e-07,3.614195272961544e-06,1.3199736379865749e-06
2013-05-23 00:00:00,5.606368123409697e-07,2.932180785128854e-06,1.3020156781409756e-06
2013-05-23 01:00:00,5.941039813996117e-07,2.5487426815501746e-06,1.6502126714843076e-06
2013-05-23 02:00:00,6.075334449742334e-07,2.8064168299744647e-06,1.8314115039471589e-06
2013-05-23 03:00:00,6.228899974141676e-07,2.685349316222744e-06,1.808488655558821e-06
2013-05-23 04:00:00,6.752861883454717e-07,1.818367356660887e-06,2.0227011894882667e-06
2013-05-23 05:00:00,6.196621670120872e-07,1.6252089658050245e-06,1.9163831939400544e-06
2013-05-23 06:00:00,5.866118178633158e-07,1.2749608127346736e-06,1.4945731355498261e-06
2013-05-23 07:00:00,5.847999299336108e-07,1.0322368480784716e-06,1.369271095984213e-06
2013-05-23 08:00:00,5.953847742183964e-07,9.486550011039713e-07,1.3213278765503078e-06
2013-05-23 09:00:00,6.135720591825467e-07,9.055454559218076e-07,1.3216655218381897e-06
2013-05-23 10:00:00,5.337745878759546e-07,8.096144988963898e-07,1.4150135332864401e-06
2013-05-23 11:00:00,5.18075435044253e-07,7.573408068344359e-07,1.4239672473827775e-06
2013-05-23 12:00:00,5.215719456219328e-07,7.401069855213271e-07,1.5243110733191764e-06
2013-05-23 13:00:00,5.273110525246241e-07,7.474823523958472e-07,1.7473722619487634e-06
2013-05-23 14:00:00,5.107112240716006e-07,7.864170518187961e-07,1.9759276756658256e-06
2013-05-23 15:00:00,5.236914565887349e-07,8.118652173028835e-07,2.082839676476364e-06
2013-05-23 16:00:00,5.789611242764627e-07,1.4559602096155987e-06,2.3207086507023876e-06
2013-05-23 17:00:00,5.792640773523734e-07,1.7927591586971775e-06,2.5863259651370963e-06
2013-05-23 18:00:00,5.830126491707242e-07,1.4070602679582077e-06,2.8774649060348596e-06
2013-05-23 19:00:00,6.282248705930724e-07,1.359054147640427e-06,2.8048014728008075e-06
2013-05-23 20:00:00,6.375707820608797e-07,1.3972042376313152e-06,2.873784255072494e-06
2013-05-23 21:00:00,6.584712381788497e-07,1.4239286740810529e-06,3.088969827533253e-06
2013-05-23 22:00:00,6.767635164186393e-07,1.4223853558718814e-06,3.3182458633300505e-06
2013-05-23 23:00:00,6.911648913281169e-07,1.3154517173217148e-06,3.460669935955418e-06
2013-05-24 00:00:00,6.966678550294391e-07,1.3120758340293174e-06,3.5764139920526487e-06
2013-05-24 01:00:00,6.481549335436333e-07,2.1398535599106157e-06,3.491503933671622e-06
2013-05-24 02:00:00,6.457749484003697e-07,1.7582733383889967e-06,3.0437539461441248e-06
2013-05-24 03:00:00,6.533553070422333e-07,1.1524987766350384e-06,2.961687402660435e-06
2013-05-24 04:00:00,6.374998018525914e-07,1.102171549628758e-06,2.965022084320184e-06
2013-05-24 05:00:00,6.351450242960981e-07,1.0936387346094708e-06,2.6643317567711554e-06
2013-05-24 06:00:00,6.398690137090029e-07,1.1494253927002455e-06,2.449995381607794e-06
2013-05-24 07:00:00,5.666138015752243e-07,8.959071712939508e-07,2.2557631556766975e-06
2013-05-24 08:00:00,5.336292378194032e-07,8.110163556893976e-07,1.9762646735786507e-06
2013-05-24 09:00:00,5.270880177723972e-07,7.614650002412427e-07,1.9259569181517032e-06
2013-05-24 10:00:00,5.217479297979152e-07,7.345305253591757e-07,1.9379642004443934e-06
2013-05-24 11:00:00,5.737173118629301e-07,7.43000393011885e-07,1.8860002182005924e-06
2013-05-24 12:00:00,6.544244500616486e-07,7.496848553156618e-07,1.9189394374014163e-06
2013-05-24 13:00:00,7.503408578645808e-07,7.548907116278538e-07,2.1853570982761457e-06
2013-05-24 14:00:00,7.875255227883315e-07,8.247954547411274e-07,2.2920088482739145e-06
2013-05-24 15:00:00,8.180552747911953e-07,9.628938976523777e-07,2.593558756283859e-06
2013-05-24 16:00:00,8.658346607714948e-07,1.2298636094671144e-06,2.897760566865095e-06
2013-05-24 17:00:00,8.616123341266381e-07,1.5790907120841517e-06,2.883960599558131e-06
2013-05-24 18:00:00,8.604247198154553e-07,1.8862455343639184e-06,3.3446021002428292e-06
2013-05-24 19:00:00,8.365822075813044e-07,2.048586528043324e-06,3.737177847345629e-06
2013-05-24 20:00:00,8.181648587977104e-07,2.162761464113107e-06,3.7032707807045917e-06
2013-05-24 21:00:00,8.376181196998944e-07,2.3289185643672564e-06,3.7895396409978104e-06
2013-05-24 22:00:00,9.0833065204793e-07,2.2694102634300046e-06,4.088050941831425e-06
2013-05-24 23:00:00,8.967157280524161e-07,2.3706483830671817e-06,4.058787901262119e-06
2013-05-25 00:00:00,8.586332599207309e-07,2.6221253935140947e-06,4.2462784176354275e-06
2013-05-25 01:00:00,8.293996661167561e-07,2.511871099688902e-06,4.08903687018354e-06
2013-05-25 02:00:00,7.802098784292846e-07,2.3368789129270523e-06,3.5903740525755304e-06
2013-05-25 03:00:00,7.355709872131247e-07,2.206527681178551e-06,3.3285188581370245e-06
2013-05-25 04:00:00,7.055914960645771e-07,2.168665725963886e-06,3.2200420613924415e-06
2013-05-25 05:00:00,6.837295634716791e-07,2.195646470962971e-06,2.825802013516137e-06
2013-05-25 06:00:00,6.853018249375032e-07,1.7754748085270528e-06,2.0221600913138935e-06
2013-05-25 07:00:00,4.7361080412845304e-07,8.304589004154654e-07,1.2965397415432895e-06
2013-05-25 08:00:00,3.9525349511276806e-07,6.225728809382502e-07,1.0901955267496994e-06
2013-05-25 09:00:00,3.559447742447823e-07,5.566663052999422e-07,1.0956181051283237e-06
2013-05-25 10:00:00,3.441539835385573e-07,5.75857754117188e-07,1.098040855554397e-06
2013-05-25 11:00:00,3.452181198891739e-07,5.773933189175359e-07,1.0604890165414862e-06
2013-05-25 12:00:00,3.5053653086101463e-07,6.233602385504504e-07,1.0640089085295718e-06
2013-05-25 13:00:00,3.525559507455678e-07,7.336919661351519e-07,1.1382535689904397e-06
2013-05-25 14:00:00,3.665592579827652e-07,8.399046688332712e-07,1.2454737189959095e-06
2013-05-25 15:00:00,3.97671880364569e-07,9.035776568913506e-07,1.4172043539434064e-06
2013-05-25 16:00:00,4.0753267782833996e-07,1.2238375183980637e-06,1.4763210605709317e-06
2013-05-25 17:00:00,4.286164485562137e-07,1.216497500294272e-06,1.5481305948920098e-06
2013-05-25 18:00:00,4.27259736599496e-07,1.0750076502381462e-06,1.7186296013542184e-06
2013-05-25 19:00:00,4.3251037253415197e-07,1.0735290327168699e-06,1.7325930926069659e-06
2013-05-25 20:00:00,4.406807876129293e-07,1.097569263898383e-06,1.76214447927307e-06
2013-05-25 21:00:00,4.500760301105354e-07,1.1319166538969277e-06,1.765076717111811e-06
2013-05-25 22:00:00,4.597266644672437e-07,1.1608951100837684e-06,1.592765241649826e-06
2013-05-25 23:00:00,4.646959082570733e-07,1.1744257527655583e-06,1.5809135915608582e-06
2013-05-26 00:00:00,4.7185650364180736e-07,1.2027550651149094e-06,1.5537942275218735e-06
2013-05-26 01:00:00,4.7332383210000255e-07,1.1979640081651688e-06,1.4942765979184867e-06
2013-05-26 02:00:00,4.798314649671079e-07,1.1746694023955721e-06,1.3651568964576718e-06
2013-05-26 03:00:00,4.638541568938574e-07,1.1227654771648518e-06,1.2395233954221045e-06
2013-05-26 04:00:00,4.599195827985248e-07,1.1166508728727177e-06,1.2017398990195822e-06
2013-05-26 05:00:00,4.034737759566376e-07,1.1542573377524198e-06,1.1339502633246935e-06
2013-05-26 06:00:00,3.7701378804366263e-07,1.3405574678139484e-06,9.197136710808908e-07
2013-05-26 07:00:00,3.5301798137005975e-07,1.6175660007553614e-06,8.616893096561493e-07
2013-05-26 08:00:00,3.334288439799233e-07,9.707672583799475e-07,8.003464423617934e-07
2013-05-26 09:00:00,3.272714964662188e-07,8.365737259336469e-07,7.870627757287258e-07
2013-05-26 10:00:00,3.2280820340937643e-07,7.55577467561585e-07,7.433528706498745e-07
2013-05-26 11:00:00,3.2160290361735776e-07,5.761540254741304e-07,7.60051358838618e-07
2013-05-26 12:00:00,3.2617515206501985e-07,5.865665999710857e-07,7.811073758978312e-07
2013-05-26 13:00:00,3.263556470460216e-07,5.801679926212135e-07,8.086741805187745e-07
2013-05-26 14:00:00,3.2419964161509216e-07,7.233027117144629e-07,8.436527168087489e-07
2013-05-26 15:00:00,3.3530330840212257e-07,9.012058212123461e-07,8.507667179301192e-07
2013-05-26 16:00:00,3.745067092657563e-07,1.172385918628024e-06,1.0284690903664375e-06
2013-05-26 17:00:00,4.4091072732472055e-07,1.1737444143571418e-06,1.2438145668856786e-06
2013-05-26 18:00:00,4.7670023413721577e-07,1.1345617791961744e-06,1.3215116990819633e-06
2013-05-26 19:00:00,4.790915702949603e-07,1.1429874901600812e-06,1.3177913580404495e-06
2013-05-26 20:00:00,4.953381537970242e-07,1.1708041849692924e-06,1.3836421682102955e-06
2013-05-26 21:00:00,5.219326880988738e-07,1.2121908305152398e-06,1.4371079468616885e-06
2013-05-26 22:00:00,5.703900799707847e-07,1.1933094672192704e-06,1.3517513802105147e-06
2013-05-26 23:00:00,5.456235237379594e-07,1.2326056479190599e-06,1.3880332879878444e-06
2013-05-27 00:00:00,5.806593925219778e-07,1.2404064229985329e-06,1.463740306966365e-06
2013-05-27 01:00:00,6.004678012865251e-07,1.2151929467203732e-06,1.5595777090183995e-06
2013-05-27 02:00:00,6.237486989942748e-07,1.2077556741925175e-06,1.5741978544821976e-06
2013-05-27 03:00:00,6.476476707626661e-07,1.1485588402403376e-06,1.6299686634293864e-06
2013-05-27 04:00:00,6.619605132104454e-07,1.0878474999525909e-06,1.7772875902630783e-06
2013-05-27 05:00:00,6.400495644553753e-07,1.07111208105924e-06,1.7204365318278533e-06
2013-05-27 06:00:00,5.758803442005113e-07,1.1581170115762439e-06,1.6453476616625766e-06
2013-05-27 07:00:00,6.939474478346134e-07,8.036509707999998e-07,1.3280269727913459e-06
2013-05-27 08:00:00,5.870861546372929e-07,5.971254632459277e-07,1.1696497546018538e-06
2013-05-27 09:00:00,5.186334766537102e-07,6.644531346598131e-07,1.1593244709893138e-06
2013-05-27 10:00:00,5.13062642396176e-07,6.955550404740183e-07,1.2289832789112037e-06
2013-05-27 11:00:00,4.7231757349003754e-07,6.974675496415861e-07,1.1894635906436545e-06
2013-05-27 12:00:00,5.080239644330572e-07,6.785846872803511e-07,1.2130550533736792e-06
2013-05-27 13:00:00,5.308420258779634e-07,6.62029605180706e-07,1.3236062166438768e-06
2013-05-27 14:00:00,5.902799264620727e-07,6.172874098125605e-07,1.379464130642727e-06
2013-05-27 15:00:00,6.683415554682435e-07,6.74664958905919e-07,1.7641680189518133e-06
2013-05-27 16:00:00,7.984521663673227e-07,7.072632411972446e-07,2.2882026505747805e-06
2013-05-27 17:00:00,7.735843343586536e-07,1.0348854078121017e-06,3.351053413527445e-06
2013-05-27 18:00:00,7.845649388058885e-07,1.781546496402907e-06,4.434310972027615e-06
2013-05-27 19:00:00,8.449739104081197e-07,1.8354425723344335e-06,4.25212541446314e-06
2013-05-27 20:00:00,8.237584891690929e-07,1.8072885546146427e-06,4.358970665132394e-06
2013-05-27 21:00:00,8.107017749257686e-07,1.8065955153505204e-06,4.459747985078924e-06
2013-05-27 22:00:00,8.737241549665325e-07,1.8446331286980303e-06,4.310812492922278e-06
2013-05-27 23:00:00,8.309254791651758e-07,1.9352121399544022e-06,4.379362622442894e-06
2013-05-28 00:00:00,8.050493001448608e-07,3.0438629853392313e-06,4.865621080086973e-06
2013-05-28 01:00:00,7.910451959861405e-07,3.145975240877999e-06,4.755645387252235e-06
2013-05-28 02:00:00,7.793391608979884e-07,3.0581013002435614e-06,4.454797233617675e-06
2013-05-28 03:00:00,7.658967723158398e-07,2.867130399152978e-06,4.1799468265951785e-06
2013-05-28 04:00:00,7.084222044965764e-07,1.6651177037422263e-06,3.864953147104284e-06
2013-05-28 05:00:00,7.358775492226562e-07,1.8192618111697907e-06,3.1679326813521307e-06
2013-05-28 06:00:00,7.083894578961189e-07,1.6423108341119943e-06,2.339278212301815e-06
2013-05-28 07:00:00,6.03785375474785e-07,9.90779246462341e-07,1.4352224760439375e-06
2013-05-28 08:00:00,5.082610275237587e-07,6.671012132963459e-07,1.0312309857813301e-06
2013-05-28 09:00:00,3.8680770262374636e-07,4.791607116711473e-07,9.13087736587895e-07
2013-05-28 10:00:00,3.389041131395689e-07,4.881907239599917e-07,1.0041166748347505e-06
2013-05-28 11:00:00,3.221859886693871e-07,4.932744999281349e-07,1.020250679343789e-06
2013-05-28 12:00:00,3.3877119000886535e-07,7.052437730988268e-07,9.193930479201863e-07
2013-05-28 13:00:00,3.540879756475263e-07,9.070595317005634e-07,9.715110705339955e-07
2013-05-28 14:00:00,4.4718278911492386e-07,1.250735258892439e-06,1.1009647202929432e-06
2013-05-28 15:00:00,5.444213076314463e-07,3.0229842276099067e-06,1.4146725580541844e-06
2013-05-28 16:00:00,5.894269002959227e-07,2.552626200600182e-06,2.125528471617739e-06
2013-05-28 17:00:00,6.823751517065857e-07,4.033011629345739e-06,2.84315637457587e-06
2013-05-28 18:00:00,6.834529893607428e-07,3.0011979584685775e-06,3.3842617314385743e-06
2013-05-28 19:00:00,6.451808794226892e-07,2.8303480876162252e-06,3.287100898813624e-06
2013-05-28 20:00:00,6.568633033023587e-07,3.5373434298772202e-06,3.0884259429705852e-06
2013-05-28 21:00:00,6.66213978195879e-07,4.072959087883349e-06,3.0035869211851743e-06
2013-05-28 22:00:00,7.533658512578886e-07,6.133315039085102e-06,2.830497274130621e-06
2013-05-28 23:00:00,7.846173101293767e-07,5.907540340480672e-06,2.4763194136663468e-06
2013-05-29 00:00:00,8.176915646772857e-07,4.823660296589366e-06,2.554762713153015e-06
2013-05-29 01:00:00,8.768736115364037e-07,4.355412011373877e-06,2.540609978539203e-06
2013-05-29 02:00:00,9.713983811660306e-07,3.7179811213256205e-06,2.527003465161769e-06
2013-05-29 03:00:00,9.607400916775629e-07,2.739114391891228e-06,2.576308529017045e-06
2013-05-29 04:00:00,8.825695854678962e-07,2.493174239624986e-06,2.4226120403464068e-06
2013-05-29 05:00:00,8.096995002992254e-07,2.7605685554383042e-06,2.2570063335366603e-06
2013-05-29 06:00:00,7.406032789272991e-07,2.5449132516505652e-06,2.156413390240858e-06
2013-05-29 07:00:00,7.23724588709811e-07,2.5303533328256696e-06,2.003808054370783e-06
2013-05-29 08:00:00,7.253673853116803e-07,1.8743488388310117e-06,1.8333316409597863e-06
2013-05-29 09:00:00,6.818142175485619e-07,1.8599484082159477e-06,1.7957801131146467e-06
2013-05-29 10:00:00,8.275214550350198e-07,2.177852692404489e-06,1.874667100140184e-06
2013-05-29 11:00:00,7.705723316048821e-07,2.292667801180272e-06,1.7123238475813281e-06
2013-05-29 12:00:00,6.891216191215388e-07,2.405212104220148e-06,1.7062169229880102e-06
2013-05-29 13:00:00,6.578527066860216e-07,2.644658105118293e-06,1.7743515938403348e-06
2013-05-29 14:00:00,6.198741088688918e-07,2.894684271320636e-06,1.742919644775359e-06
2013-05-29 15:00:00,6.48415869521451e-07,2.6353064617686613e-06,1.9824932128232767e-06
2013-05-29 16:00:00,6.884618631485479e-07,2.759498406958743e-06,2.4629754701008335e-06
2013-05-29 17:00:00,7.791739769299803e-07,2.92273108065199e-06,2.795388570392853e-06
2013-05-29 18:00:00,9.36011477696383e-07,2.1764191414674524e-06,3.3312625011412466e-06
2013-05-29 19:00:00,1.0360569337607756e-06,2.3576195391973667e-06,3.599403198636516e-06
2013-05-29 20:00:00,1.0818898125061992e-06,2.535037655201058e-06,3.7043838140059424e-06
2013-05-29 21:00:00,1.1324847877980426e-06,2.8431102333398047e-06,3.908876320185926e-06
2013-05-29 22:00:00,1.1919479278201251e-06,3.3375884725691876e-06,4.082681533607776e-06
2013-05-29 23:00:00,1.230549549234189e-06,3.6388764994675156e-06,4.3654937570839495e-06
2013-05-30 00:00:00,1.2796897441494135e-06,4.128173790735707e-06,4.596469029776057e-06
2013-05-30 01:00:00,1.2867144489423072e-06,4.1637831668659014e-06,4.503332965115757e-06
2013-05-30 02:00:00,1.273377350498256e-06,3.80248677599861e-06,4.37753443238594e-06
2013-05-30 03:00:00,1.2371444371840382e-06,3.093229345728719e-06,4.2850260925929415e-06
2013-05-30 04:00:00,1.214254545615015e-06,2.492747913379201e-06,4.278053802574534e-06
2013-05-30 05:00:00,1.1416314003579614e-06,2.3914174335871625e-06,3.543571378534962e-06
2013-05-30 06:00:00,1.0812861827187534e-06,2.4350559535455133e-06,2.908048331451209e-06
2013-05-30 07:00:00,1.1043298670770342e-06,2.285774044180071e-06,2.0379187476975176e-06
2013-05-30 08:00:00,1.621333044242965e-06,1.8678580261227295e-06,1.715400888174488e-06
2013-05-30 09:00:00,1.4764520743326323e-06,1.674380014017796e-06,1.6890734834304968e-06
2013-05-30 10:00:00,1.6105533079393062e-06,2.153376622667488e-06,1.773720259858684e-06
2013-05-30 11:00:00,1.2875579854289025e-06,2.2764175010176693e-06,1.6377301529386403e-06
2013-05-30 12:00:00,1.1431793956175413e-06,2.530897215580194e-06,1.6356750797885847e-06
2013-05-30 13:00:00,1.0981787480932434e-06,2.621089189904277e-06,1.74165953719713e-06
2013-05-30 14:00:00,1.0543163972955413e-06,1.9226720461539345e-06,1.801108094439822e-06
2013-05-30 15:00:00,1.0640303372313585e-06,1.8471047459438952e-06,2.242085117197388e-06
2013-05-30 16:00:00,1.0310595692253372e-06,2.3847584943986552e-06,2.9926745875886066e-06
2013-05-30 17:00:00,9.790452006098433e-07,2.737339391046981e-06,3.102247832360322e-06
2013-05-30 18:00:00,9.85834411458586e-07,2.8587710468546654e-06,2.937116740333348e-06
2013-05-30 19:00:00,9.916244808524938e-07,3.1697942240071463e-06,2.492965030140945e-06
2013-05-30 20:00:00,9.409118298766105e-07,3.1906894058726013e-06,2.0526378818033215e-06
2013-05-30 21:00:00,8.79906884608278e-07,4.1140641146750634e-06,1.7420275380690264e-06
2013-05-30 22:00:00,7.95370967817078e-07,3.5809342226934758e-06,1.4099558068551853e-06
2013-05-30 23:00:00,6.761341509647163e-07,3.4397604623665463e-06,1.1019460258616605e-06
2013-05-31 00:00:00,6.127195550816902e-07,3.4609072855061084e-06,1.021745915112224e-06
2013-05-31 01:00:00,5.874144640818174e-07,3.265871731712451e-06,9.992382958951385e-07
2013-05-31 02:00:00,5.660752276815236e-07,2.9686017852727614e-06,8.800853465948394e-07
2013-05-31 03:00:00,5.080269658633049e-07,2.726348714619764e-06,8.138110292294797e-07
2013-05-31 04:00:00,4.777676817596469e-07,2.469734048301717e-06,8.034977484357394e-07
2013-05-31 05:00:00,4.5238567726259364e-07,1.9150639027726514e-06,8.313816415994744e-07
2013-05-31 06:00:00,4.5594981119194164e-07,1.5766417560285653e-06,8.557703240844518e-07
2013-05-31 07:00:00,4.642596717254766e-07,1.138328137813541e-06,8.98852496455746e-07
2013-05-31 08:00:00,4.6961437542092574e-07,1.2162907736233436e-06,9.78681506575552e-07
2013-05-31 09:00:00,4.7392294475678406e-07,8.941210190697997e-07,9.473939185252048e-07
2013-05-31 10:00:00,4.356400693288852e-07,7.320382176858544e-07,9.428057569250378e-07
2013-05-31 11:00:00,3.819259803831724e-07,6.748979430980327e-07,9.566056932019594e-07
2013-05-31 12:00:00,3.586328701154462e-07,6.381655670266989e-07,9.739313150116887e-07
2013-05-31 13:00:00,3.6926314888343466e-07,6.183054236817683e-07,9.632314492999202e-07
2013-05-31 14:00:00,4.0433207980833444e-07,5.787081263149606e-07,9.84172451930783e-07
2013-05-31 15:00:00,4.496648829781152e-07,6.378267507633643e-07,1.06608936165998e-06
2013-05-31 16:00:00,4.265021958808138e-07,8.437194238356758e-07,1.2518110700846916e-06
2013-05-31 17:00:00,3.983862134422241e-07,1.2260780216186131e-06,1.2455844727589337e-06
2013-05-31 18:00:00,3.717423932553147e-07,1.0639277306031852e-06,1.2532825197946564e-06
2013-05-31 19:00:00,3.990501682050099e-07,1.0043998688608964e-06,1.2396193471737766e-06
2013-05-31 20:00:00,4.130503399697328e-07,9.848962386330394e-07,1.2607083482845578e-06
2013-05-31 21:00:00,4.279794182668595e-07,9.644817904806216e-07,1.288007247226022e-06
2013-05-31 22:00:00,4.6733748330216665e-07,8.936957537904315e-07,1.3303652347215898e-06
2013-05-31 23:00:00,4.6014889840502143e-07,9.072114740009952e-07,1.3868381103181887e-06
2013-06-01 00:00:00,4.462810899484477e-07,8.715970581833149e-07,1.4885723771026389e-06
2013-06-01 01:00:00,4.527513627883583e-07,8.708603034228216e-07,1.552499454440527e-06
2013-06-01 02:00:00,4.565490239664317e-07,8.614614784526933e-07,1.559333216803457e-06
2013-06-01 03:00:00,4.624576933827074e-07,8.427369896346194e-07,1.5401657182840504e-06
2013-06-01 04:00:00,4.7022592544364773e-07,8.386157496762784e-07,1.478792265437443e-06
2013-06-01 05:00:00,4.504691309494673e-07,8.534872954019088e-07,1.3139024944021134e-06
2013-06-01 06:00:00,4.3441265960833117e-07,1.089664079080745e-06,1.1576785969148966e-06
2013-06-01 07:00:00,4.4365597676567904e-07,1.420864324638064e-06,1.0894829279249557e-06
2013-06-01 08:00:00,4.27298013424835e-07,1.0379158368797664e-06,1.0814477077414673e-06
2013-06-01 09:00:00,4.723817668336025e-07,8.030164341631776e-07,1.0356872538456977e-06
2013-06-01 10:00:00,4.765733098815268e-07,6.198657153692518e-07,1.0809686789875057e-06
2013-06-01 11:00:00,5.025131313433757e-07,5.101414295731843e-07,1.0558959829048071e-06
2013-06-01 12:00:00,5.035379419212094e-07,4.933730757975537e-07,1.0814228471176102e-06
2013-06-01 13:00:00,4.906642568669491e-07,5.165524137242722e-07,1.105038089473718e-06
2013-06-01 14:00:00,5.064432076904725e-07,6.111708786385008e-07,1.138466292272308e-06
2013-06-01 15:00:00,4.323960614350417e-07,8.147299872726782e-07,1.137683742684686e-06
2013-06-01 16:00:00,4.3738877678126246e-07,1.1637408179117813e-06,1.0675337521897491e-06
2013-06-01 17:00:00,4.233738906618623e-07,1.2105133210518937e-06,9.650850829642676e-07
2013-06-01 18:00:00,4.1431625830290523e-07,1.0367823434392465e-06,9.362441606130359e-07
2013-06-01 19:00:00,4.349595332836508e-07,1.0195784255549873e-06,9.638844564623738e-07
2013-06-01 20:00:00,4.3907723420183483e-07,1.02958762104515e-06,9.676834405313068e-07
2013-06-01 21:00:00,4.572043061829996e-07,1.038540106766547e-06,9.962481033398618e-07
2013-06-01 22:00:00,4.977086331461297e-07,1.0634688328310603e-06,1.0645966826097625e-06
2013-06-01 23:00:00,5.034844115246706e-07,1.051008109543256e-06,1.0714818417202456e-06
2013-06-02 00:00:00,5.151024030777751e-07,1.044516655371264e-06,1.0901255588821887e-06
2013-06-02 01:00:00,5.124638986010007e-07,1.0691962952606264e-06,1.0601583435090001e-06
2013-06-02 02:00:00,5.261268646151511e-07,1.030231930435733e-06,1.0568516312807726e-06
2013-06-02 03:00:00,5.450131629464653e-07,9.671530336183072e-07,1.050526159237346e-06
2013-06-02 04:00:00,6.228100704586876e-07,9.065769964581407e-07,1.0116358707534475e-06
2013-06-02 05:00:00,7.185360343997797e-07,9.42309079770774e-07,9.546216525523054e-07
2013-06-02 06:00:00,6.343838471434166e-07,1.0309487485220554e-06,1.1427646713498707e-06
2013-06-02 07:00:00,5.553944547639954e-07,7.310684602185128e-07,1.369579256298634e-06
2013-06-02 08:00:00,5.46008673142588e-07,5.416279029871411e-07,1.30504845328323e-06
2013-06-02 09:00:00,4.942232165501878e-07,4.769082768583157e-07,1.2085597090666192e-06
2013-06-02 10:00:00,5.041517689656272e-07,4.638542944939732e-07,1.1981284791365462e-06
2013-06-02 11:00:00,4.857899576635232e-07,4.6240040106703507e-07,1.1835574528009542e-06
2013-06-02 12:00:00,5.065173024710548e-07,4.903858148762115e-07,1.1849790707778884e-06
2013-06-02 13:00:00,5.24504138941592e-07,5.717182746899161e-07,1.2029394736348272e-06
2013-06-02 14:00:00,5.089430732859985e-07,6.258798927473876e-07,1.2456495252602119e-06
2013-06-02 15:00:00,5.078232857979078e-07,7.195089027009271e-07,1.2676967659064942e-06
2013-06-02 16:00:00,5.435014704889898e-07,9.360944976236458e-07,1.2083181968678463e-06
2013-06-02 17:00:00,5.18816285505896e-07,1.0163389587805076e-06,1.0239678074999856e-06
2013-06-02 18:00:00,4.925489664866972e-07,1.0570209797720957e-06,1.030621211535094e-06
2013-06-02 19:00:00,4.900411890437105e-07,1.023589221861076e-06,1.0490353766003988e-06
2013-06-02 20:00:00,4.829293482220075e-07,1.0312515186325363e-06,1.0961970733812415e-06
2013-06-02 21:00:00,4.903184507374917e-07,1.0577012323902292e-06,1.1812257487929434e-06
2013-06-02 22:00:00,4.801205814350363e-07,1.0918956983190313e-06,1.3021585577050913e-06
2013-06-02 23:00:00,5.213103592339928e-07,1.115096194558576e-06,1.3447872648677556e-06
2013-06-03 00:00:00,5.230506492457014e-07,1.1057857416515717e-06,1.351041034787317e-06
2013-06-03 01:00:00,5.252470876642845e-07,1.1028202443835613e-06,1.330300826652175e-06
2013-06-03 02:00:00,5.462359581940715e-07,1.0706409909018036e-06,1.3305763127807798e-06
2013-06-03 03:00:00,4.924578059598438e-07,1.0096838162643912e-06,1.3684245654515661e-06
2013-06-03 04:00:00,4.796209895097617e-07,9.633767166481157e-07,1.3486668337099629e-06
2013-06-03 05:00:00,4.7216272220700314e-07,9.434250510943368e-07,1.1888513282607318e-06
2013-06-03 06:00:00,4.807366874619403e-07,9.97583956063044e-07,1.0291276422066798e-06
2013-06-03 07:00:00,4.5629544639863967e-07,9.727922348924295e-07,1.1055166654013636e-06
2013-06-03 08:00:00,4.268840339830906e-07,9.018266454116738e-07,1.161930584623703e-06
2013-06-03 09:00:00,4.043274187695432e-07,7.992747061352373e-07,1.1097863217873188e-06
2013-06-03 10:00:00,4.3105395915756375e-07,6.981627171052151e-07,1.1151026063447162e-06
2013-06-03 11:00:00,4.088520986021701e-07,6.414041663518322e-07,1.1238633410681216e-06
2013-06-03 12:00:00,3.886159562839283e-07,6.051308839370457e-07,1.16591289400742e-06
2013-06-03 13:00:00,3.7887276102944277e-07,5.742800275712857e-07,1.1606209936215892e-06
2013-06-03 14:00:00,3.768223030039623e-07,5.314505504794057e-07,1.070799818838529e-06
2013-06-03 15:00:00,3.835663277092232e-07,5.957999645409369e-07,1.0298952859806147e-06
2013-06-03 16:00:00,4.0417810365072635e-07,7.3189842748177e-07,1.1027502410730499e-06
2013-06-03 17:00:00,4.3174259563357674e-07,1.1489521221685228e-06,1.2694208734208772e-06
2013-06-03 18:00:00,4.259202533509716e-07,1.0226216799231703e-06,1.51025536098494e-06
2013-06-03 19:00:00,4.140141358478018e-07,9.906731048901138e-07,1.590123977112754e-06
2013-06-03 20:00:00,4.197532989430142e-07,9.978668657760234e-07,1.6203117259609994e-06
2013-06-03 21:00:00,4.3131602923662683e-07,1.0218121213651044e-06,1.6770862968980413e-06
2013-06-03 22:00:00,4.3103753524825983e-07,1.0483079974100214e-06,1.7772187315226642e-06
2013-06-03 23:00:00,4.326280981932244e-07,1.0610327436836259e-06,1.8555338933058584e-06
2013-06-04 00:00:00,4.3431401871639087e-07,1.0955878824194514e-06,1.9780553172524694e-06
2013-06-04 01:00:00,4.312021183336442e-07,1.093877166272902e-06,1.998128390686211e-06
2013-06-04 02:00:00,4.2546916688624015e-07,1.0760115510869035e-06,1.942900110944768e-06
2013-06-04 03:00:00,4.175996947148003e-07,1.0408200894680524e-06,1.9117584642330803e-06
2013-06-04 04:00:00,4.142985555558025e-07,1.016778800167197e-06,1.922150252775074e-06
2013-06-04 05:00:00,4.0648471135619966e-07,9.772233782782449e-07,1.7799352664702273e-06
2013-06-04 06:00:00,4.3090667492952394e-07,1.0331337419122195e-06,1.6523758498704485e-06
2013-06-04 07:00:00,4.6052051543102697e-07,1.1463790780777801e-06,1.1831571340625558e-06
2013-06-04 08:00:00,3.988336559872334e-07,8.859275676774497e-07,1.014955310051699e-06
2013-06-04 09:00:00,3.9661283366646263e-07,8.447732587278518e-07,9.174039682511266e-07
2013-06-04 10:00:00,4.372762747686483e-07,6.453004595424856e-07,9.436459101700143e-07
2013-06-04 11:00:00,4.4598999961028357e-07,6.086350484997119e-07,9.287522516664443e-07
2013-06-04 12:00:00,4.4051657849669245e-07,6.106489083889614e-07,9.22497239846119e-07
2013-06-04 13:00:00,4.2547715479303197e-07,5.933572839967196e-07,9.70913748567389e-07
2013-06-04 14:00:00,3.9108079181147587e-07,5.786884122262083e-07,1.0630227177588953e-06
2013-06-04 15:00:00,4.046345680462952e-07,6.654286559271365e-07,1.222870272525632e-06
2013-06-04 16:00:00,4.4399141175683853e-07,7.770745743411754e-07,1.3951698896418243e-06
2013-06-04 17:00:00,6.006637666962705e-07,1.8424434123688336e-06,2.2932005935417714e-06
2013-06-04 18:00:00,6.563982775089113e-07,2.6400646676636323e-06,2.6334137464081527e-06
2013-06-04 19:00:00,6.826689019824047e-07,2.445324238356519e-06,2.714067492706676e-06
2013-06-04 20:00:00,7.352777743073526e-07,2.0057591056468055e-06,2.7612399814223217e-06
2013-06-04 21:00:00,8.151065781007496e-07,1.724573463539161e-06,2.9452486613473894e-06
2013-06-04 22:00:00,8.949060268158932e-07,1.7258141361533544e-06,3.108117814693507e-06
2013-06-04 23:00:00,9.051621395802188e-07,1.7253706334437008e-06,3.274134659575233e-06
2013-06-05 00:00:00,9.210459949006198e-07,1.7874065102135183e-06,3.4996576789171285e-06
2013-06-05 01:00:00,9.317166596561645e-07,1.7242263375412294e-06,3.654577389109993e-06
2013-06-05 02:00:00,9.506000574533665e-07,1.6651409593489746e-06,3.7635647407293583e-06
2013-06-05 03:00:00,9.853405785109721e-07,1.6029201994665051e-06,3.8068952961867913e-06
2013-06-05 04:00:00,1.0102561272098392e-06,1.5271073974394153e-06,3.732944005811964e-06
2013-06-05 05:00:00,1.018863494601599e-06,1.4300208242451957e-06,2.9822780578353584e-06
2013-06-05 06:00:00,9.620744202602158e-07,1.3360701624265941e-06,2.0120036087091067e-06
2013-06-05 07:00:00,9.883620752989805e-07,1.0068990852202229e-06,1.2595698828874434e-06
2013-06-05 08:00:00,7.894329162618456e-07,7.234013793241264e-07,9.88220096843727e-07
2013-06-05 09:00:00,6.87480999342327e-07,6.041140644713537e-07,9.03695147464327e-07
2013-06-05 10:00:00,6.725141467573043e-07,4.6514828658045213e-07,8.999908643464737e-07
2013-06-05 11:00:00,6.51868491730093e-07,4.602937481629291e-07,8.894126561554919e-07
2013-06-05 12:00:00,6.75636395180619e-07,5.751946940776437e-07,8.928593411235858e-07
2013-06-05 13:00:00,7.197612253853616e-07,6.163498945007521e-07,9.331194343760375e-07
2013-06-05 14:00:00,7.889757980094913e-07,6.836307933237845e-07,1.0491107137674483e-06
2013-06-05 15:00:00,9.135252302329913e-07,8.358008850006343e-07,1.3118247136096662e-06
2013-06-05 16:00:00,9.942376448029999e-07,1.1504536016992763e-06,1.9583159503980466e-06
2013-06-05 17:00:00,9.199304849917624e-07,1.565683904250103e-06,2.7396041904723006e-06
2013-06-05 18:00:00,8.90176197769739e-07,1.3815256264876619e-06,3.4787739915801907e-06
2013-06-05 19:00:00,8.69167946907519e-07,1.4570667324099542e-06,3.3154578631064174e-06
2013-06-05 20:00:00,8.610401427346329e-07,1.5941497854752246e-06,3.0022070973607836e-06
2013-06-05 21:00:00,8.7567297885636e-07,1.6767079245787716e-06,2.970798357678417e-06
2013-06-05 22:00:00,8.980352333763385e-07,1.7247978303049352e-06,3.013016048681444e-06
2013-06-05 23:00:00,9.196331053056384e-07,1.7621416497688338e-06,3.1390339793989174e-06
2013-06-06 00:00:00,9.412199191363112e-07,1.7923859358076575e-06,3.311873499692213e-06
2013-06-06 01:00:00,9.654766890645659e-07,1.7897952890827627e-06,3.522614292638808e-06
2013-06-06 02:00:00,9.762989507133613e-07,1.7234000614728403e-06,3.7522471870884836e-06
2013-06-06 03:00:00,9.807190346577656e-07,1.6292747943851904e-06,3.984666463042319e-06
2013-06-06 04:00:00,1.0037888874809238e-06,1.5517640948480914e-06,4.089850970159224e-06
2013-06-06 05:00:00,9.259108755390783e-07,1.4574892738532023e-06,3.1817875111771543e-06
2013-06-06 06:00:00,9.536903800164548e-07,1.3089152758594307e-06,1.9201247504251507e-06
2013-06-06 07:00:00,9.200817667977641e-07,9.78175364423427e-07,1.2258797995033736e-06
2013-06-06 08:00:00,7.058778825762952e-07,6.216772010611752e-07,9.527039967493022e-07
2013-06-06 09:00:00,5.006064502842852e-07,4.969311564787733e-07,8.370083051138986e-07
2013-06-06 10:00:00,4.492674327531473e-07,4.5282352477753863e-07,7.881108113046817e-07
2013-06-06 11:00:00,4.373077020987014e-07,6.242961704203149e-07,7.896910055874417e-07
2013-06-06 12:00:00,4.5813820968801894e-07,5.901803542636104e-07,7.957578327357772e-07
2013-06-06 13:00:00,4.770845277271667e-07,5.395491723875458e-07,8.404058403311569e-07
2013-06-06 14:00:00,4.988632849901902e-07,5.643964559431424e-07,9.094188841926186e-07
2013-06-06 15:00:00,6.269540184136578e-07,7.366424580460835e-07,1.1734840626593193e-06
2013-06-06 16:00:00,7.004351536782984e-07,1.1151448989449749e-06,1.8079858314129134e-06
2013-06-06 17:00:00,7.106962526350987e-07,1.5153993522691434e-06,2.8409221286991524e-06
2013-06-06 18:00:00,6.584914031897368e-07,1.4886452308909105e-06,3.5925840314110637e-06
2013-06-06 19:00:00,6.47892547473466e-07,1.4974644830254346e-06,3.4763826556684976e-06
2013-06-06 20:00:00,6.51233474001555e-07,1.5232788459627284e-06,3.180317886062206e-06
2013-06-06 21:00:00,6.603024185071301e-07,1.5632391175677391e-06,3.2431309745377307e-06
2013-06-06 22:00:00,6.757892854494764e-07,1.6170541475669307e-06,3.3538070986782965e-06
2013-06-06 23:00:00,6.846709608593154e-07,1.6450485458783917e-06,3.541464389591847e-06
2013-06-07 00:00:00,6.886526605099891e-07,1.6605394194097962e-06,3.778260747356999e-06
2013-06-07 01:00:00,6.910535167470298e-07,1.6786135978219642e-06,4.008153876497082e-06
2013-06-07 02:00:00,6.921228894682844e-07,1.6787384749913025e-06,4.3440263558386704e-06
2013-06-07 03:00:00,6.9314677568042e-07,1.6503010740848483e-06,4.773793356533137e-06
2013-06-07 04:00:00,6.977886313642509e-07,1.575046403496659e-06,4.848003029456409e-06
2013-06-07 05:00:00,6.925245290476148e-07,1.5031016454190846e-06,3.5325190100344063e-06
2013-06-07 06:00:00,8.203162590794887e-07,1.5033962612276759e-06,1.9471961905975704e-06
2013-06-07 07:00:00,6.412268287204935e-07,8.753795523678243e-07,1.188074974782359e-06
2013-06-07 08:00:00,4.500848937076366e-07,5.438872299180691e-07,9.541251946754535e-07
2013-06-07 09:00:00,3.7226818433407696e-07,5.021696446045479e-07,9.227236570555643e-07
2013-06-07 10:00:00,3.6661810418703487e-07,4.506842763379015e-07,9.117769757935021e-07
2013-06-07 11:00:00,3.5893772981874795e-07,4.7539472412124684e-07,9.030458188466392e-07
2013-06-07 12:00:00,3.642295064004003e-07,4.608363098717995e-07,9.05659232370799e-07
2013-06-07 13:00:00,3.821558146572389e-07,4.774855025761929e-07,9.632676791989792e-07
2013-06-07 14:00:00,4.085756906977046e-07,5.297804325304179e-07,1.0356613804277287e-06
2013-06-07 15:00:00,4.4119216965689944e-07,6.551609166254208e-07,1.187813205617526e-06
2013-06-07 16:00:00,5.632124763303063e-07,1.0551317960152195e-06,1.7590308698576974e-06
2013-06-07 17:00:00,6.154761723951178e-07,1.7671147548574243e-06,2.270735979191235e-06
2013-06-07 18:00:00,6.23945321661224e-07,1.4075431497761776e-06,2.551290549750318e-06
2013-06-07 19:00:00,6.079603683975357e-07,1.4153339378022389e-06,2.502436493258271e-06
2013-06-07 20:00:00,6.045597473598109e-07,1.4521522505382298e-06,2.4109783683905688e-06
2013-06-07 21:00:00,6.185316366707151e-07,1.467508505506984e-06,2.4737612624699278e-06
2013-06-07 22:00:00,6.423869730580363e-07,1.4814198280260914e-06,2.5388928666188166e-06
2013-06-07 23:00:00,6.581140270884942e-07,1.455183272953426e-06,2.6920636248109834e-06
2013-06-08 00:00:00,6.608611995837025e-07,1.4552662700811442e-06,2.820870211121132e-06
2013-06-08 01:00:00,6.676002019652352e-07,1.4525088255406662e-06,2.925922112579426e-06
2013-06-08 02:00:00,6.685363578435471e-07,1.4588858627207127e-06,2.907565302396148e-06
2013-06-08 03:00:00,6.759091509710972e-07,1.4564480063853583e-06,2.880649140217879e-06
2013-06-08 04:00:00,6.885849287856881e-07,1.459009541944235e-06,2.790757561099036e-06
2013-06-08 05:00:00,7.531292816596743e-07,1.6382812875410106e-06,2.4635049919869228e-06
2013-06-08 06:00:00,8.576411885977715e-07,1.6745649369701618e-06,1.7338822020954812e-06
2013-06-08 07:00:00,5.848858267189328e-07,7.493346460781124e-07,1.118188901361833e-06
2013-06-08 08:00:00,4.6619267807838945e-07,5.980299425155631e-07,9.216517978859155e-07
2013-06-08 09:00:00,4.0672769978504883e-07,5.24246570162231e-07,9.50855404184849e-07
2013-06-08 10:00:00,4.0471085274589414e-07,5.340727152577122e-07,9.349461644805043e-07
2013-06-08 11:00:00,3.83884560953928e-07,5.400181553053179e-07,9.410537847212037e-07
2013-06-08 12:00:00,3.8034776312430486e-07,5.457569508799458e-07,9.80649308759735e-07
2013-06-08 13:00:00,3.876255641128907e-07,5.374723019082934e-07,1.0181449184297379e-06
2013-06-08 14:00:00,3.986423387476429e-07,5.618861566764865e-07,1.0732477205397853e-06
2013-06-08 15:00:00,4.0683183540284663e-07,6.353626573719064e-07,1.1172088021892596e-06
2013-06-08 16:00:00,4.7667451193157303e-07,9.980276538241157e-07,1.6157455500726294e-06
2013-06-08 17:00:00,5.555547471681356e-07,1.8069544994047592e-06,2.4605880781730488e-06
2013-06-08 18:00:00,6.211546116826455e-07,2.6330307102063388e-06,2.7092194580426535e-06
2013-06-08 19:00:00,6.562141747099422e-07,2.1774196677308327e-06,2.7218211094618445e-06
2013-06-08 20:00:00,6.783274977835813e-07,2.175546403478053e-06,2.689265269525079e-06
2013-06-08 21:00:00,7.442275595415649e-07,2.1018410385234455e-06,2.636016265407e-06
2013-06-08 22:00:00,8.821525580158971e-07,1.945687977806855e-06,2.6538295476554053e-06
2013-06-08 23:00:00,9.185433222471025e-07,1.985615622203616e-06,2.7587744118491507e-06
2013-06-09 00:00:00,9.406159776407141e-07,1.942013578455368e-06,2.9498954729749553e-06
2013-06-09 01:00:00,9.587539897633631e-07,1.9080943480334182e-06,3.1338717599030353e-06
2013-06-09 02:00:00,9.74271510048093e-07,1.8557735898418263e-06,3.2261662795769e-06
2013-06-09 03:00:00,9.942084497627314e-07,1.8026428394650446e-06,3.300010132914736e-06
2013-06-09 04:00:00,9.90945837669221e-07,1.7814418182441425e-06,3.192005917643745e-06
2013-06-09 05:00:00,9.026008449145191e-07,1.812208489133342e-06,2.7496591469029053e-06
2013-06-09 06:00:00,8.654100040260756e-07,2.129903794720867e-06,2.18054351062321e-06
2013-06-09 07:00:00,8.252132489719738e-07,1.8022173642748562e-06,1.677288554406281e-06
2013-06-09 08:00:00,7.468556342690237e-07,1.3389374295292742e-06,1.3910042844286306e-06
2013-06-09 09:00:00,7.019273172419644e-07,1.1073506027226677e-06,1.2369840999049632e-06
2013-06-09 10:00:00,7.097535737787934e-07,1.0444513188770674e-06,1.1833889258632696e-06
2013-06-09 11:00:00,6.51932410570243e-07,9.261345513070925e-07,1.1427702724000344e-06
2013-06-09 12:00:00,6.244508277847357e-07,8.633827979235808e-07,1.173937580534691e-06
2013-06-09 13:00:00,6.101829813927252e-07,8.831156935425426e-07,1.2941409514033645e-06
2013-06-09 14:00:00,6.096269727383592e-07,1.010288233055331e-06,1.4759931883380746e-06
2013-06-09 15:00:00,6.547949567769595e-07,1.2827774955696756e-06,1.8179804128226732e-06
2013-06-09 16:00:00,7.883374285706519e-07,1.8046303827324952e-06,2.495821697512749e-06
2013-06-09 17:00:00,9.44346176717141e-07,2.8196852842520824e-06,3.4920808516762623e-06
2013-06-09 18:00:00,1.0479515777029962e-06,4.08870987681455e-06,3.838071426904077e-06
2013-06-09 19:00:00,1.0115596686118598e-06,4.670070823651712e-06,3.826657157216918e-06
2013-06-09 20:00:00,9.476060451043347e-07,5.778443093844496e-06,3.678903294681803e-06
2013-06-09 21:00:00,9.884339999876033e-07,6.585233517534977e-06,3.821989878599117e-06
2013-06-09 22:00:00,9.695523927362911e-07,7.079245120838029e-06,3.995156129410781e-06
2013-06-09 23:00:00,1.1167576959052728e-06,7.703864810162065e-06,4.1799302351049864e-06
2013-06-10 00:00:00,1.3154634211125558e-06,5.77002991218832e-06,4.465546828350572e-06
2013-06-10 01:00:00,1.4235606485963233e-06,4.821364567991965e-06,4.686455760290186e-06
2013-06-10 02:00:00,1.340672766258422e-06,4.181380567153143e-06,4.59951393717652e-06
2013-06-10 03:00:00,1.2269652781895223e-06,3.5550138756641216e-06,4.712773692384861e-06
2013-06-10 04:00:00,1.1381659855831694e-06,3.186079145272209e-06,4.616185350109735e-06
2013-06-10 05:00:00,1.0962285095664094e-06,2.9845650331565968e-06,3.929930784752991e-06
2013-06-10 06:00:00,1.1077112978322465e-06,2.691923588950505e-06,3.0718388396391985e-06
2013-06-10 07:00:00,1.5386184506200152e-06,2.0896046151247423e-06,2.8759606936704474e-06
2013-06-10 08:00:00,1.790767366506289e-06,1.7343855494751112e-06,2.2160025114528856e-06
2013-06-10 09:00:00,1.6228255656100762e-06,1.5801256931758729e-06,2.011883724597146e-06
2013-06-10 10:00:00,1.3979327480980898e-06,1.5021650390074068e-06,1.922358388231513e-06
2013-06-10 11:00:00,1.118062332233465e-06,1.1421801061888618e-06,1.772278058789961e-06
2013-06-10 12:00:00,1.0073342553544e-06,1.0014726535722138e-06,1.765621775325983e-06
2013-06-10 13:00:00,9.96829444829295e-07,9.725632368032725e-07,1.8910729416030262e-06
2013-06-10 14:00:00,1.0386937106850607e-06,9.623703325084085e-07,2.0506245627293244e-06
2013-06-10 15:00:00,1.2062291836352547e-06,1.0859000938275864e-06,2.397832628708611e-06
2013-06-10 16:00:00,1.5803678665379234e-06,1.4475249000509944e-06,2.988777661583508e-06
2013-06-10 17:00:00,1.4475173410807672e-06,1.9969261292064593e-06,3.679618083955492e-06
2013-06-10 18:00:00,1.3438929994855134e-06,1.9493730455871292e-06,4.358038085538818e-06
2013-06-10 19:00:00,1.3469786090331427e-06,1.98466874852148e-06,4.539137757163038e-06
2013-06-10 20:00:00,1.3888629413275636e-06,2.0433028837020276e-06,4.626743256886316e-06
2013-06-10 21:00:00,1.4559702733325087e-06,2.1217719952433144e-06,5.020982943731464e-06
2013-06-10 22:00:00,1.5312576367811896e-06,2.192381512335282e-06,5.3186559384971055e-06
2013-06-10 23:00:00,1.5787740285190961e-06,2.226126723757591e-06,5.65300160805097e-06
2013-06-11 00:00:00,1.779748799952872e-06,2.381978872029921e-06,6.1195537018676306e-06
2013-06-11 01:00:00,1.7897666567447151e-06,2.3880873859982456e-06,6.216829991908165e-06
2013-06-11 02:00:00,1.5178118876835866e-06,6.776618874336185e-06,6.019313747898374e-06
2013-06-11 03:00:00,1.5070304145038761e-06,5.464641614712236e-06,5.830032904345124e-06
2013-06-11 04:00:00,1.5359688172606675e-06,2.6273028464968303e-06,5.31428562622732e-06
2013-06-11 05:00:00,1.4553479944316775e-06,2.717972924290942e-06,3.879329868856537e-06
2013-06-11 06:00:00,1.5061093862956025e-06,2.407308997675798e-06,3.091699556733762e-06
2013-06-11 07:00:00,1.5000803740716855e-06,1.3629817419443876e-06,1.915747114309856e-06
2013-06-11 08:00:00,1.1251189450548732e-06,9.69458831560215e-07,1.5286073109766338e-06
2013-06-11 09:00:00,1.3752692197329893e-06,4.497065680445287e-06,7.396250281249581e-06
2013-06-11 10:00:00,1.5929795040578102e-06,1.6716574667898105e-06,2.32303276495483e-06
2013-06-11 11:00:00,8.766726456703119e-07,8.595302061202335e-07,1.3704774878906143e-06
2013-06-11 12:00:00,8.299562742117795e-07,1.025423464287363e-06,1.46649870477844e-06
2013-06-11 13:00:00,8.509515227954248e-07,1.4174128040852336e-06,1.5722881516807247e-06
2013-06-11 14:00:00,9.018870402938948e-07,1.719988372945862e-06,1.6053946914627869e-06
2013-06-11 15:00:00,9.82041464600912e-07,2.162788898207187e-06,1.848101053567147e-06
2013-06-11 16:00:00,1.16023941181203e-06,3.0583771815763068e-06,2.7378815367229736e-06
2013-06-11 17:00:00,1.50326694764085e-06,2.9779753253467455e-06,4.211662047340535e-06
2013-06-11 18:00:00,1.6746415190919511e-06,2.919211555807536e-06,6.084038671976208e-06
2013-06-11 19:00:00,1.4813016851908024e-06,2.923863265563901e-06,6.78487045346754e-06
2013-06-11 20:00:00,1.177210316931296e-06,2.6924083515036777e-06,6.196754525349046e-06
2013-06-11 21:00:00,9.459071669864558e-07,2.9094270471637145e-06,5.846721815142098e-06
2013-06-11 22:00:00,7.68239883575927e-07,6.370132978320441e-06,5.870249019273041e-06
2013-06-11 23:00:00,7.010113723556742e-07,7.39849960692948e-06,4.92078584123991e-06
2013-06-12 00:00:00,6.845659472411696e-07,3.36103408408492e-06,4.2215412453829145e-06
2013-06-12 01:00:00,6.640788574822402e-07,2.0250159923475237e-06,3.922902530806472e-06
2013-06-12 02:00:00,6.460785215665942e-07,1.784336275732967e-06,3.3993189722710717e-06
2013-06-12 03:00:00,6.528556802725371e-07,1.7609178305534435e-06,3.260391266495427e-06
2013-06-12 04:00:00,6.45286222567897e-07,1.7512688256946697e-06,3.1011274276921935e-06
2013-06-12 05:00:00,5.939576252917574e-07,1.2872511161470806e-06,2.567528066147461e-06
2013-06-12 06:00:00,4.5876306239016164e-07,1.1953640016123379e-06,1.452222097472079e-06
2013-06-12 07:00:00,4.380389047285256e-07,1.9368175983495924e-06,1.1983901417527003e-06
2013-06-12 08:00:00,4.586574210159998e-07,1.7191853784956484e-06,1.0919734527644334e-06
2013-06-12 09:00:00,4.779483415804953e-07,1.6194187143009784e-06,1.0166097225647188e-06
2013-06-12 10:00:00,4.883139806516227e-07,1.6156353664151516e-06,1.0122326030108086e-06
2013-06-12 11:00:00,4.782946036124672e-07,1.2929515034675799e-06,9.415775715467022e-07
2013-06-12 12:00:00,5.185112756851422e-07,9.882583048061753e-07,9.333268330493374e-07
2013-06-12 13:00:00,5.478286416552282e-07,9.499363819113217e-07,9.824941885331725e-07
2013-06-12 14:00:00,5.626133414965576e-07,9.066833597627057e-07,1.0630544670861781e-06
2013-06-12 15:00:00,5.708916721366209e-07,1.2183819036469353e-06,1.2487371213803522e-06
2013-06-12 16:00:00,4.596981478339462e-07,1.6637063260955226e-06,1.5357396933130177e-06
2013-06-12 17:00:00,4.754575456807255e-07,1.7490933436375147e-06,1.8283149992813842e-06
2013-06-12 18:00:00,5.016066868639112e-07,3.341617189182866e-06,2.2039753210229615e-06
2013-06-12 19:00:00,5.044917394149333e-07,3.870115021283424e-06,2.297603305567905e-06
2013-06-12 20:00:00,4.740050303511827e-07,2.0997628589271935e-06,2.1280204464539314e-06
2013-06-12 21:00:00,4.549619288980175e-07,2.1039355220868075e-06,1.921944854338232e-06
2013-06-12 22:00:00,4.40803052220688e-07,2.618839760819754e-06,1.678263413153839e-06
2013-06-12 23:00:00,4.3867494570699007e-07,3.056875494580878e-06,1.5050401136551433e-06
2013-06-13 00:00:00,4.390692914442722e-07,3.366551178729541e-06,1.4022485553792083e-06
2013-06-13 01:00:00,4.6185085226875677e-07,3.2762191145716017e-06,1.4432387122094613e-06
2013-06-13 02:00:00,4.593917068065685e-07,3.1559818871722615e-06,1.4704839633734432e-06
2013-06-13 03:00:00,4.5207680797431714e-07,3.2929756709791003e-06,1.388345043806381e-06
2013-06-13 04:00:00,4.4456081920234724e-07,2.7979123312552228e-06,1.3446151092267783e-06
2013-06-13 05:00:00,4.093120236999271e-07,2.214312296035146e-06,1.3270564404040404e-06
2013-06-13 06:00:00,4.630850815373669e-07,1.6791411912544158e-06,1.281801901454365e-06
2013-06-13 07:00:00,5.296822290982223e-07,1.4132208955711064e-06,1.2294606475334346e-06
2013-06-13 08:00:00,5.540739551097768e-07,1.2195819771073139e-06,1.2744028777213152e-06
2013-06-13 09:00:00,4.5424185096746204e-07,1.7702697575073743e-06,1.1171260695973326e-06
2013-06-13 10:00:00,5.877651131096651e-07,1.4103224453244493e-06,1.2278626426550709e-06
2013-06-13 11:00:00,5.912059199474741e-07,2.0979498651925473e-06,1.25843576467407e-06
2013-06-13 12:00:00,5.514925714528724e-07,2.8924988064593315e-06,1.2788125998656548e-06
2013-06-13 13:00:00,5.278429673911298e-07,2.743761131879463e-06,1.2322229783124543e-06
2013-06-13 14:00:00,5.163562626615391e-07,2.637032543528822e-06,1.2128861333880868e-06
2013-06-13 15:00:00,5.369974130643023e-07,1.7253319988246165e-06,1.2220497406231574e-06
2013-06-13 16:00:00,5.020370352422772e-07,1.844717210034621e-06,1.37701557600312e-06
2013-06-13 17:00:00,4.2808217777349573e-07,2.1594059477634127e-06,1.4836427344433331e-06
2013-06-13 18:00:00,3.929679491127533e-07,1.8993593549342404e-06,1.531835718264145e-06
2013-06-13 19:00:00,4.092330384507799e-07,1.9590936885788907e-06,1.430349973655078e-06
2013-06-13 20:00:00,4.4168724110614385e-07,1.9945540645332777e-06,1.2760696604021401e-06
2013-06-13 21:00:00,4.6205865007309235e-07,2.1406389008467343e-06,1.151923788997729e-06
2013-06-13 22:00:00,4.838223802545742e-07,2.2737499856929813e-06,1.1793448638197497e-06
2013-06-13 23:00:00,5.157400470912816e-07,2.449833661450478e-06,1.1964418300505526e-06
2013-06-14 00:00:00,5.073744242490729e-07,2.400966436254354e-06,1.1801388360566375e-06
2013-06-14 01:00:00,5.22750729280438e-07,2.448053338032789e-06,1.3415826966299798e-06
2013-06-14 02:00:00,5.015249815208204e-07,2.1494881024732705e-06,1.3286891622255305e-06
2013-06-14 03:00:00,5.206515465053736e-07,2.3344206203745523e-06,1.3183133030052264e-06
2013-06-14 04:00:00,4.832349021162021e-07,1.4056136649819396e-06,1.4138198258201074e-06
2013-06-14 05:00:00,4.855791223500718e-07,1.3598178356111405e-06,1.1693309477290018e-06
2013-06-14 06:00:00,4.2590373495659604e-07,1.19763018734693e-06,1.4752437318492539e-06
2013-06-14 07:00:00,6.127950988180664e-07,1.0040153078403202e-06,1.3665800753957088e-06
2013-06-14 08:00:00,6.545337722325421e-07,7.100778797131256e-07,1.3009260300817127e-06
2013-06-14 09:00:00,5.924560206191833e-07,6.631774330669053e-07,1.2142627917982663e-06
2013-06-14 10:00:00,6.51961448982998e-07,6.793971813230712e-07,1.1915390312855155e-06
2013-06-14 11:00:00,6.575373863058794e-07,7.635028333356905e-07,1.1810674002389884e-06
2013-06-14 12:00:00,6.690453803323946e-07,7.820023209411709e-07,1.2019768270673575e-06
2013-06-14 13:00:00,6.512953708887033e-07,7.397073933455208e-07,1.2008519246154312e-06
2013-06-14 14:00:00,6.411970404122845e-07,7.76420928829645e-07,1.2534441832791056e-06
2013-06-14 15:00:00,5.9419151811607e-07,7.508387646190545e-07,1.5364756416302834e-06
2013-06-14 16:00:00,4.887864751111181e-07,9.686848103251888e-07,1.3783851683649312e-06
2013-06-14 17:00:00,4.2900963958012213e-07,1.2663812010426644e-06,1.5409627330063891e-06
2013-06-14 18:00:00,4.6092098390491986e-07,1.2914700210469464e-06,1.9971167866990504e-06
2013-06-14 19:00:00,4.6859723609230217e-07,1.3632834037097297e-06,2.1414404477352727e-06
2013-06-14 20:00:00,4.7010595884420107e-07,1.107494003033653e-06,2.023949891246971e-06
2013-06-14 21:00:00,4.608156196559052e-07,1.2241893700195949e-06,2.0958019619404917e-06
2013-06-14 22:00:00,4.288662938513359e-07,1.2363750282474888e-06,1.8525488636183817e-06
2013-06-14 23:00:00,4.294922836614028e-07,1.2104038219078547e-06,1.7876700395039453e-06
2013-06-15 00:00:00,4.3325511017320304e-07,1.2878869420856696e-06,1.7704996214596514e-06
2013-06-15 01:00:00,4.4831964282031245e-07,1.2862128554093028e-06,1.7944305071543842e-06
2013-06-15 02:00:00,4.666956426738687e-07,1.288829890152617e-06,1.7645084436794587e-06
2013-06-15 03:00:00,4.7306979861237273e-07,1.4596676114451263e-06,1.7325764496289871e-06
2013-06-15 04:00:00,4.5989539021303195e-07,1.8297960649075934e-06,1.5884111187726372e-06
2013-06-15 05:00:00,4.274350234289215e-07,2.418251830731972e-06,1.3847385050941292e-06
2013-06-15 06:00:00,6.298097293167059e-07,1.8617355406852593e-06,1.5379950694812697e-06
2013-06-15 07:00:00,6.424056718488398e-07,1.5505449468847753e-06,1.2900424099798783e-06
2013-06-15 08:00:00,6.113260534708137e-07,1.0706809082078818e-06,1.2590642113115214e-06
2013-06-15 09:00:00,4.883270917422178e-07,9.079003137169889e-07,1.2818369885115235e-06
2013-06-15 10:00:00,4.868823966947068e-07,7.201437763921365e-07,1.2439976217597327e-06
2013-06-15 11:00:00,4.1323919349254357e-07,6.996663093033846e-07,1.3044676628936373e-06
2013-06-15 12:00:00,4.1662857076492813e-07,6.974226459174058e-07,1.3490950029852736e-06
2013-06-15 13:00:00,3.9334224278005184e-07,6.98149720551241e-07,1.4193326506914594e-06
2013-06-15 14:00:00,4.138332327054507e-07,7.544512296925559e-07,1.4595153638572061e-06
2013-06-15 15:00:00,4.3855808151792354e-07,9.513571306630667e-07,1.5684329187769038e-06
2013-06-15 16:00:00,4.959537486792062e-07,1.3406619092062092e-06,1.5843219808141894e-06
2013-06-15 17:00:00,6.282030317443031e-07,1.9528168904870544e-06,1.2943927219508347e-06
2013-06-15 18:00:00,4.335827821674848e-07,1.943438715215308e-06,1.4875238668934727e-06
2013-06-15 19:00:00,4.463875459846157e-07,2.094320452937116e-06,1.5254241851501167e-06
2013-06-15 20:00:00,4.7453525313093245e-07,3.579510794016323e-06,1.8269602503554053e-06
2013-06-15 21:00:00,4.986599646471873e-07,3.1293874294327467e-06,1.8107611611261733e-06
2013-06-15 22:00:00,4.79110200317016e-07,2.330724002387787e-06,1.65275967707159e-06
2013-06-15 23:00:00,4.910289609403804e-07,2.4165867680484166e-06,1.546603307194653e-06
2013-06-16 00:00:00,4.972219393185528e-07,2.590392073834584e-06,1.4222913984639005e-06
2013-06-16 01:00:00,4.869393277776159e-07,2.5996667926101272e-06,1.4034749445636135e-06
2013-06-16 02:00:00,4.5600545682711137e-07,3.5469998722457946e-06,1.4786233045447277e-06
2013-06-16 03:00:00,4.426491769644391e-07,5.679256580993386e-06,1.555594426807182e-06
2013-06-16 04:00:00,4.5544614306985656e-07,3.0062918700517942e-06,1.585555295793162e-06
2013-06-16 05:00:00,5.125073557094903e-07,2.0655249625757313e-06,1.3252253073272476e-06
2013-06-16 06:00:00,5.423902366372988e-07,1.1798033747007682e-06,1.446092277560817e-06
2013-06-16 07:00:00,5.665961489994361e-07,1.2550143400630675e-06,1.506259157018917e-06
2013-06-16 08:00:00,5.177473684463965e-07,8.432649046850495e-07,1.4919022050115121e-06
2013-06-16 09:00:00,4.996304267541358e-07,6.625234454024557e-07,1.544911941541149e-06
2013-06-16 10:00:00,5.48687366421537e-07,6.048584503034826e-07,1.4430825010147e-06
2013-06-16 11:00:00,4.976899689403139e-07,6.10436977858099e-07,1.4630335087028855e-06
2013-06-16 12:00:00,5.193664130441016e-07,8.422437058273461e-07,1.4216248383191925e-06
2013-06-16 13:00:00,6.252325859850968e-07,9.59297274735351e-07,1.3650385390610016e-06
2013-06-16 14:00:00,5.698377080272427e-07,1.0748117022573449e-06,1.3091763398118209e-06
2013-06-16 15:00:00,5.561540007248805e-07,1.0573321057769521e-06,1.1421856545264412e-06
2013-06-16 16:00:00,6.054515466828647e-07,1.6665195167995973e-06,1.1546535857446868e-06
2013-06-16 17:00:00,7.960997839813824e-07,3.2356063856104136e-06,1.5459828322844462e-06
2013-06-16 18:00:00,9.626967141434618e-07,1.5268230643241762e-06,2.6899516101961407e-06
2013-06-16 19:00:00,1.3737161069132636e-06,1.4099611789889646e-06,3.088017924394424e-06
2013-06-16 20:00:00,1.502402543825604e-06,1.4211562066939722e-06,3.1989671939594453e-06
2013-06-16 21:00:00,1.6330069367524999e-06,1.6209429873638087e-06,3.364120380718134e-06
2013-06-16 22:00:00,1.75232481464065e-06,2.3440902573380875e-06,3.6363200989807757e-06
2013-06-16 23:00:00,1.799953130572029e-06,2.9203618710736833e-06,3.6770476928020287e-06
2013-06-17 00:00:00,1.8694947394034028e-06,2.971919903251095e-06,3.8359595249403975e-06
2013-06-17 01:00:00,1.8745499496451607e-06,2.9473862119640904e-06,3.896859508803044e-06
2013-06-17 02:00:00,1.8349299844728349e-06,2.9093187532612347e-06,3.947141351060044e-06
2013-06-17 03:00:00,1.7400766967759764e-06,2.823265884326178e-06,3.989352649141542e-06
2013-06-17 04:00:00,1.5936898166219676e-06,2.6768477735031875e-06,3.784077363368073e-06
2013-06-17 05:00:00,1.4042086619396713e-06,2.6158184809927833e-06,2.8686936980343747e-06
2013-06-17 06:00:00,1.1425280678903167e-06,1.9353509447560697e-06,1.936871172979473e-06
2013-06-17 07:00:00,9.575755363441926e-07,1.521339247901855e-06,1.2090257715740679e-06
2013-06-17 08:00:00,8.091457494565519e-07,1.2431681259895887e-06,9.773594747313845e-07
2013-06-17 09:00:00,7.281521431600524e-07,1.1243950396630306e-06,9.54817651955024e-07
2013-06-17 10:00:00,7.150961255995289e-07,1.2960729575067997e-06,9.220984538364658e-07
2013-06-17 11:00:00,8.369111831340488e-07,1.3940342845113493e-06,9.297102168783888e-07
2013-06-17 12:00:00,9.84616645820214e-07,1.0160342539494347e-06,9.571123721203552e-07
2013-06-17 13:00:00,9.722559616305438e-07,8.531514832174806e-07,1.0153895639385775e-06
2013-06-17 14:00:00,7.35810087080264e-07,7.256451236700035e-07,1.0684087981388308e-06
2013-06-17 15:00:00,6.377335225463706e-07,8.360391785184171e-07,1.2745670847459142e-06
2013-06-17 16:00:00,6.47748833438031e-07,1.1969114012894e-06,1.8597462557695975e-06
2013-06-17 17:00:00,7.410208906508693e-07,2.3750667621816156e-06,2.6645704402367747e-06
2013-06-17 18:00:00,8.199514383054035e-07,2.5688986022924223e-06,2.8153241181539508e-06
2013-06-17 19:00:00,8.90318245822172e-07,2.460100998868383e-06,2.893778146170675e-06
2013-06-17 20:00:00,8.795260457631329e-07,2.479461293931136e-06,2.8639995364334124e-06
2013-06-17 21:00:00,8.515159302962399e-07,2.5550881037613425e-06,2.9458655196364483e-06
2013-06-17 22:00:00,8.268510084212525e-07,2.65078474118183e-06,2.768079550979757e-06
2013-06-17 23:00:00,8.866908035325473e-07,2.7401999898415657e-06,2.813397263424715e-06
2013-06-18 00:00:00,9.726869182775613e-07,2.754897589248692e-06,2.8063328148585657e-06
2013-06-18 01:00:00,1.0123532264720032e-06,2.813914452422004e-06,3.0872456420972343e-06
2013-06-18 02:00:00,1.0135067072407848e-06,2.814735167395526e-06,3.472761483868663e-06
2013-06-18 03:00:00,1.0434195143598398e-06,2.7616743348118955e-06,3.4855688939725487e-06
2013-06-18 04:00:00,1.0029548319992906e-06,2.608197336424931e-06,3.2778163952254794e-06
2013-06-18 05:00:00,9.177073311472715e-07,2.677789897325971e-06,2.7072814570774267e-06
2013-06-18 06:00:00,8.005305398346727e-07,2.035720013295332e-06,1.969605337921635e-06
2013-06-18 07:00:00,6.770259280399034e-07,9.209554200138979e-07,1.2117462691386362e-06
2013-06-18 08:00:00,6.098878717753629e-07,6.894164278586661e-07,9.699786968504628e-07
2013-06-18 09:00:00,5.424512325122994e-07,5.224471021757337e-07,8.976663659165359e-07
2013-06-18 10:00:00,4.839765492388718e-07,5.207056098001273e-07,8.525797291287091e-07
2013-06-18 11:00:00,4.3996447539416833e-07,5.29021166055134e-07,8.247007851524581e-07
2013-06-18 12:00:00,4.5952932160963826e-07,6.141069440934278e-07,8.260832666459097e-07
2013-06-18 13:00:00,5.690098295920966e-07,7.541624538448134e-07,8.541331441954387e-07
2013-06-18 14:00:00,6.812214140463202e-07,8.852246294716115e-07,9.398180861322346e-07
2013-06-18 15:00:00,8.189756046656806e-07,1.0464921950990872e-06,1.168386315611624e-06
2013-06-18 16:00:00,1.0831874981678062e-06,1.9084354297913434e-06,1.8208850968494825e-06
2013-06-18 17:00:00,1.4727106375616936e-06,2.336650980627589e-06,2.235227468157678e-06
2013-06-18 18:00:00,1.5116156119146656e-06,1.5295471106173906e-06,2.5356015003816424e-06
2013-06-18 19:00:00,1.5968335447473766e-06,1.5400939984382243e-06,2.4060563620993765e-06
2013-06-18 20:00:00,1.674556401904488e-06,1.5852550230243337e-06,2.1826557852802945e-06
2013-06-18 21:00:00,1.7294947344870203e-06,1.8169400774396191e-06,2.1653570256215777e-06
2013-06-18 22:00:00,1.7394595877020305e-06,2.0275934272367456e-06,2.1774131586669044e-06
2013-06-18 23:00:00,1.8155595883561828e-06,2.495696144405212e-06,2.241702414193514e-06
2013-06-19 00:00:00,1.8156156327492495e-06,2.987137723581253e-06,2.301261768907998e-06
2013-06-19 01:00:00,1.8243203868897443e-06,2.6948613535978487e-06,2.297820157324574e-06
2013-06-19 02:00:00,1.8946651013099082e-06,2.315364239369135e-06,2.3507921054671082e-06
2013-06-19 03:00:00,1.9004495064306284e-06,2.1814383457276484e-06,2.475446642371858e-06
2013-06-19 04:00:00,1.7465768813723004e-06,1.6917573076754566e-06,2.446685141436746e-06
2013-06-19 05:00:00,1.6226777599176605e-06,1.658564007670313e-06,2.253267638939755e-06
2013-06-19 06:00:00,1.5575168676074842e-06,2.6284015453316732e-06,1.6396223801046482e-06
2013-06-19 07:00:00,1.6377920300296016e-06,1.4288469853450046e-06,1.2205635110911455e-06
2013-06-19 08:00:00,1.5487117012222022e-06,1.154661954899996e-06,1.015769597570837e-06
2013-06-19 09:00:00,1.0774900177826332e-06,9.757725367446497e-07,9.454807590614391e-07
2013-06-19 10:00:00,9.498927614210626e-07,8.759391615011569e-07,8.947124455929721e-07
2013-06-19 11:00:00,7.462418441740076e-07,8.56087754820853e-07,8.633331101011447e-07
2013-06-19 12:00:00,6.863055373418045e-07,1.388938443829859e-06,8.629475089884401e-07
2013-06-19 13:00:00,7.709859019252049e-07,2.151596264488579e-06,8.740334195255394e-07
2013-06-19 14:00:00,9.74625245948306e-07,1.097915047559182e-06,1.0078744994725303e-06
2013-06-19 15:00:00,1.302148965840131e-06,1.0342996465899635e-06,1.274021879510235e-06
2013-06-19 16:00:00,1.5167658186998924e-06,1.4416447308076037e-06,1.9191008478472496e-06
2013-06-19 17:00:00,1.4843033262370916e-06,2.8755247585036645e-06,2.473400121620326e-06
2013-06-19 18:00:00,1.4408829547052407e-06,3.3698399700757415e-06,2.8000600207423447e-06
2013-06-19 19:00:00,1.3770699150045597e-06,3.2605925427669523e-06,2.8520514865330164e-06
2013-06-19 20:00:00,1.3445836734325382e-06,3.2760286097979524e-06,2.70194378292587e-06
2013-06-19 21:00:00,1.317520203811979e-06,6.235548244920497e-06,2.6236887661552405e-06
2013-06-19 22:00:00,1.6227456481126324e-06,7.933330127346816e-06,3.2801351737356326e-06
2013-06-19 23:00:00,1.4458544428584945e-06,7.395768146849971e-06,3.167070797095057e-06
2013-06-20 00:00:00,1.2249225173813073e-06,5.624709943595725e-06,3.0141684235739785e-06
2013-06-20 01:00:00,1.0060369538134353e-06,4.4610326177058285e-06,3.023338197861094e-06
2013-06-20 02:00:00,9.092759340567474e-07,3.96231859801853e-06,2.9972071528957348e-06
2013-06-20 03:00:00,9.477955267894946e-07,3.823425815596857e-06,3.2685773262439074e-06
2013-06-20 04:00:00,9.797294556516757e-07,3.2206198966336805e-06,3.2712813762707335e-06
2013-06-20 05:00:00,9.305377121622726e-07,3.2734329202086626e-06,2.8403875475667737e-06
2013-06-20 06:00:00,8.533372181162291e-07,4.400079177848782e-06,2.1610929305126217e-06
2013-06-20 07:00:00,8.122168232146502e-07,3.0084317874624894e-06,1.525810647813952e-06
2013-06-20 08:00:00,7.788979861519457e-07,2.5255747773066025e-06,1.1594305762545584e-06
2013-06-20 09:00:00,6.954326456603548e-07,2.723316203088576e-06,1.0567283091678826e-06
2013-06-20 10:00:00,7.007160681998064e-07,2.3177155802515667e-06,8.999631021861819e-07
2013-06-20 11:00:00,7.763380422981226e-07,1.6480441133262137e-06,8.705103132980562e-07
2013-06-20 12:00:00,9.156700181204253e-07,9.39229169633327e-07,9.298750488197009e-07
2013-06-20 13:00:00,9.61744143700393e-07,6.549880527112083e-07,1.0161725046268382e-06
2013-06-20 14:00:00,8.544823566100996e-07,7.071763661246806e-07,1.3380838105415131e-06
2013-06-20 15:00:00,7.363955531331162e-07,9.911868586117174e-07,1.9192843291129737e-06
2013-06-20 16:00:00,7.190066425609491e-07,1.7156596547623416e-06,2.6881401071312275e-06
2013-06-20 17:00:00,7.580401964316038e-07,3.283179697349243e-06,2.8290003859253127e-06
2013-06-20 18:00:00,8.170681742201222e-07,3.544008718608739e-06,2.9438813420105e-06
2013-06-20 19:00:00,9.327261591988163e-07,2.3972366490004375e-06,2.756930762528326e-06
2013-06-20 20:00:00,1.2362556587141362e-06,2.5296287788480666e-06,2.4474211494667783e-06
2013-06-20 21:00:00,1.499556591910887e-06,3.7995779496603083e-06,2.4335241852300635e-06
2013-06-20 22:00:00,1.3393475682023858e-06,4.2802607301004335e-06,2.5478763984566943e-06
2013-06-20 23:00:00,1.4794155594774036e-06,5.249783927298991e-06,2.9203615902513475e-06
2013-06-21 00:00:00,1.6407254908651628e-06,5.913912900772137e-06,3.111768853307802e-06
2013-06-21 01:00:00,1.7362600451405169e-06,5.302016394636305e-06,2.831260358808969e-06
2013-06-21 02:00:00,1.7209468585480691e-06,4.353150653323794e-06,2.735965452554414e-06
2013-06-21 03:00:00,1.6871842604225744e-06,3.839899782947045e-06,2.54497483621063e-06
2013-06-21 04:00:00,1.43339217969401e-06,4.2328590942338385e-06,2.2432379744233503e-06
2013-06-21 05:00:00,1.2955864468500682e-06,3.3415654620395283e-06,1.9141515272557174e-06
2013-06-21 06:00:00,1.1793000238545144e-06,1.7839139468587012e-06,1.1000799490250299e-06
2013-06-21 07:00:00,9.711840463866886e-07,1.4806990288942893e-06,1.0270859889531648e-06
2013-06-21 08:00:00,9.159662190251163e-07,1.0872601244558297e-06,1.0018323109478743e-06
2013-06-21 09:00:00,6.220092818572634e-07,9.258250040043952e-07,9.735893222911056e-07
2013-06-21 10:00:00,4.815756169313967e-07,9.585007217967446e-07,9.821051778262672e-07
2013-06-21 11:00:00,4.2079581004591713e-07,8.57421927634582e-07,9.696134655392155e-07
2013-06-21 12:00:00,4.119389706904578e-07,8.47257652988703e-07,9.831082656479203e-07
2013-06-21 13:00:00,4.0309677252368627e-07,8.754047787518761e-07,9.801879869143714e-07
2013-06-21 14:00:00,3.877607707977487e-07,7.986298668151031e-07,9.540011847844312e-07
2013-06-21 15:00:00,3.9062021896056674e-07,8.345646047365057e-07,1.0122930193618766e-06
2013-06-21 16:00:00,3.951388252732124e-07,9.97907305948973e-07,1.076173241678917e-06
2013-06-21 17:00:00,4.0982938472306036e-07,1.2173881008901607e-06,1.0381249868880658e-06
2013-06-21 18:00:00,4.646999715967734e-07,1.2833901414608048e-06,1.1213177741477362e-06
2013-06-21 19:00:00,5.427712894543474e-07,1.3019110734743086e-06,1.2020422803825867e-06
2013-06-21 20:00:00,5.739354128017319e-07,1.326804379834596e-06,1.3117192466233604e-06
2013-06-21 21:00:00,5.878542997371006e-07,1.3675869474466536e-06,1.402208470322863e-06
2013-06-21 22:00:00,5.326698585796827e-07,1.4196424861031994e-06,1.3473114435420629e-06
2013-06-21 23:00:00,4.82587466057527e-07,1.9831357863130677e-06,1.3324097958823294e-06
2013-06-22 00:00:00,4.81357116004963e-07,1.712653386646497e-06,1.475663839364768e-06
2013-06-22 01:00:00,4.932000795119981e-07,1.88815467640529e-06,1.5170152853706588e-06
2013-06-22 02:00:00,4.7335632756220437e-07,1.7906900151003526e-06,1.4985909706701458e-06
2013-06-22 03:00:00,4.692744036179753e-07,1.7694543271397503e-06,1.4743917310218939e-06
2013-06-22 04:00:00,4.683944092360494e-07,1.925190130911666e-06,1.4719510771488645e-06
2013-06-22 05:00:00,4.868256497795631e-07,2.5082670801674705e-06,1.402579552760905e-06
2013-06-22 06:00:00,5.918749600004841e-07,2.2156878127795702e-06,1.4159512091226322e-06
2013-06-22 07:00:00,5.37602618044943e-07,1.4822903255850888e-06,1.5739587867105203e-06
2013-06-22 08:00:00,4.914187315752691e-07,1.296443940730469e-06,1.4376176908363637e-06
2013-06-22 09:00:00,4.915571651924452e-07,1.1635608878662668e-06,1.3540118157470511e-06
2013-06-22 10:00:00,5.49637013705538e-07,1.3788291198759107e-06,1.3313503688594829e-06
2013-06-22 11:00:00,5.349815482716743e-07,1.3001175807160506e-06,1.2721218709108423e-06
2013-06-22 12:00:00,5.26487302138533e-07,1.379511164952095e-06,1.2764492797402374e-06
2013-06-22 13:00:00,5.198576415729998e-07,1.753307380131826e-06,1.2674763535448434e-06
2013-06-22 14:00:00,5.23615376574478e-07,1.6257013580105047e-06,1.2744205097531933e-06
2013-06-22 15:00:00,5.288470775725458e-07,2.004984955039569e-06,1.3275117181258534e-06
2013-06-22 16:00:00,5.426625017410994e-07,2.3492974716861707e-06,1.3983628194785331e-06
2013-06-22 17:00:00,4.903612787122069e-07,2.0928452902587413e-06,1.3372250186160604e-06
2013-06-22 18:00:00,4.7680517127584004e-07,2.0809961773526538e-06,1.4520212683679563e-06
2013-06-22 19:00:00,4.787445710477954e-07,2.209146980274097e-06,1.464000347911764e-06
2013-06-22 20:00:00,4.7481189750550905e-07,2.244824401722092e-06,1.4739539367808928e-06
2013-06-22 21:00:00,4.980306198906981e-07,2.292685070430373e-06,1.441735316728968e-06
2013-06-22 22:00:00,5.091813921764253e-07,2.244839271142857e-06,1.4658551882056813e-06
2013-06-22 23:00:00,5.149277535728938e-07,2.322223344862217e-06,1.5052674037717775e-06
2013-06-23 00:00:00,5.16562662169212e-07,2.3591577199701566e-06,1.5127615145816557e-06
2013-06-23 01:00:00,5.191135323139659e-07,2.3903200029940064e-06,1.5306895363425841e-06
2013-06-23 02:00:00,5.182384612695239e-07,2.3790166492051448e-06,1.5416680843261069e-06
2013-06-23 03:00:00,5.172191503148467e-07,2.3419254388030903e-06,1.5223143202370677e-06
2013-06-23 04:00:00,5.142605360820117e-07,2.317804963337181e-06,1.5053023352367223e-06
2013-06-23 05:00:00,5.190326059082908e-07,2.4234385042345496e-06,1.6484965595825252e-06
2013-06-23 06:00:00,5.750635465015852e-07,2.618688065672971e-06,1.7338126425449235e-06
2013-06-23 07:00:00,5.548986825509422e-07,2.2740895182966617e-06,1.8081311561946664e-06
2013-06-23 08:00:00,5.251450663827774e-07,1.9749868989313587e-06,1.6027655980792137e-06
2013-06-23 09:00:00,5.083895415492547e-07,1.624185007720728e-06,1.4637429147441372e-06
2013-06-23 10:00:00,4.988852548668192e-07,1.683972879879706e-06,1.4132289205942791e-06
2013-06-23 11:00:00,4.912051930295364e-07,1.2522177661276787e-06,1.2821789396848009e-06
2013-06-23 12:00:00,4.954040310696298e-07,9.599938986155037e-07,1.2545232801539688e-06
2013-06-23 13:00:00,4.85102224752695e-07,8.485269424702047e-07,1.2929219112167813e-06
2013-06-23 14:00:00,4.9151749418971e-07,8.292967517435509e-07,1.310874511231578e-06
2013-06-23 15:00:00,4.776328226276377e-07,9.714820378665063e-07,1.3807585679861222e-06
2013-06-23 16:00:00,4.4584439499886623e-07,1.3371519442597971e-06,1.3126497096708979e-06
2013-06-23 17:00:00,4.258627892157106e-07,2.0645973147782186e-06,1.5864894891478556e-06
2013-06-23 18:00:00,4.4015024453966927e-07,2.2176083869464876e-06,1.4534813979104134e-06
2013-06-23 19:00:00,4.4909561938320565e-07,2.540101957741658e-06,1.6702150216303743e-06
2013-06-23 20:00:00,4.549583350965736e-07,2.6372444316566558e-06,1.7482055550806494e-06
2013-06-23 21:00:00,4.57818921209617e-07,2.7685151520821696e-06,1.874131809207905e-06
2013-06-23 22:00:00,4.3759277158208055e-07,3.4891379269885636e-06,1.8028054161970845e-06
2013-06-23 23:00:00,4.4127260230621363e-07,3.740590106275006e-06,1.88877788543971e-06
2013-06-24 00:00:00,4.365375764950043e-07,3.7585804603475933e-06,1.7591843101588016e-06
2013-06-24 01:00:00,4.5396304204042925e-07,3.440917698874405e-06,1.665089465411265e-06
2013-06-24 02:00:00,4.747576840233304e-07,3.0630419815241197e-06,1.6996160467212767e-06
2013-06-24 03:00:00,5.013163678818454e-07,1.5380759814845055e-06,1.7111452828346037e-06
2013-06-24 04:00:00,5.334053642355521e-07,2.0786243972487602e-06,1.6627399475940601e-06
2013-06-24 05:00:00,5.183164617574198e-07,3.1688897196795363e-06,1.624827222699122e-06
2013-06-24 06:00:00,5.172431424185484e-07,2.1100786574086564e-06,1.3251646473514056e-06
2013-06-24 07:00:00,4.849823302953779e-07,1.5854617632955027e-06,1.2415966290275822e-06
2013-06-24 08:00:00,4.618875819496504e-07,1.3828366252734865e-06,1.2548995893257883e-06
2013-06-24 09:00:00,4.986498450969866e-07,2.3185828103718947e-06,1.653695931527467e-06
2013-06-24 10:00:00,4.486316014095469e-07,1.6952949675757395e-06,1.322699952608121e-06
2013-06-24 11:00:00,4.2391118082887233e-07,1.4920660849111407e-06,1.235449025903506e-06
2013-06-24 12:00:00,4.2449271908043804e-07,1.5394399837162328e-06,1.2101449562021864e-06
2013-06-24 13:00:00,4.3903460943866293e-07,2.002345272953134e-06,1.3001963956479842e-06
2013-06-24 14:00:00,4.330890827990311e-07,1.8569307275638986e-06,1.3257904270826355e-06
2013-06-24 15:00:00,4.989780014428249e-07,2.3005075213333167e-06,1.6199578503582057e-06
2013-06-24 16:00:00,5.451220251422369e-07,3.2173485947378872e-06,2.04007358234677e-06
2013-06-24 17:00:00,5.953097697394701e-07,3.75019536762672e-06,2.241499750506558e-06
2013-06-24 18:00:00,5.948735366441668e-07,3.045472484758859e-06,2.4990827100710234e-06
2013-06-24 19:00:00,5.945220810325261e-07,1.8587017691119005e-06,2.647839532076944e-06
2013-06-24 20:00:00,6.07689134537374e-07,1.5392979125684384e-06,2.697029986235726e-06
2013-06-24 21:00:00,6.226556254629914e-07,1.5618042539325709e-06,2.715552634185896e-06
2013-06-24 22:00:00,6.667183125707064e-07,1.6747586555409033e-06,2.8133483020585125e-06
2013-06-24 23:00:00,6.573016595301527e-07,1.9801665476976557e-06,2.890987512293522e-06
2013-06-25 00:00:00,6.380887911008997e-07,2.1574055870262e-06,2.8625167073791547e-06
2013-06-25 01:00:00,6.348081738028582e-07,2.4800750767913397e-06,2.8540436270496036e-06
2013-06-25 02:00:00,6.330945490703085e-07,2.6320033541020485e-06,2.7713134009646095e-06
2013-06-25 03:00:00,6.313150997748502e-07,2.333114710967169e-06,2.6308633768553176e-06
2013-06-25 04:00:00,6.247161651559872e-07,1.982679248756226e-06,2.514250519677637e-06
2013-06-25 05:00:00,6.059856739836725e-07,1.8056592051633252e-06,2.2591224091017117e-06
2013-06-25 06:00:00,6.145849451147101e-07,2.0776600011282252e-06,1.952194098391631e-06
2013-06-25 07:00:00,6.864082819319165e-07,1.6489703951146106e-06,1.8050719106748996e-06
2013-06-25 08:00:00,6.612386337952495e-07,1.1006838225529398e-06,1.6030857887597484e-06
2013-06-25 09:00:00,6.437743391524425e-07,8.683898876374486e-07,1.3338671815354753e-06
2013-06-25 10:00:00,6.580717722901437e-07,9.355322447309127e-07,1.2795238042406168e-06
2013-06-25 11:00:00,5.71115711694849e-07,9.59596665238097e-07,1.1843562810474702e-06
2013-06-25 12:00:00,5.510550755316291e-07,9.718677869429073e-07,1.0920674829058355e-06
2013-06-25 13:00:00,5.568858818412867e-07,9.540919627896113e-07,1.0466599787064883e-06
2013-06-25 14:00:00,5.468989791023424e-07,9.503154813817551e-07,1.0640757913933507e-06
2013-06-25 15:00:00,5.539103853633751e-07,1.044350472500745e-06,1.1000438125577152e-06
2013-06-25 16:00:00,5.926230493202416e-07,1.2425349577080304e-06,1.2352785178633834e-06
2013-06-25 17:00:00,6.529337369450128e-07,1.7009558596022093e-06,1.3709874135392784e-06
2013-06-25 18:00:00,7.147898097371424e-07,1.84712874166668e-06,1.3813829001813492e-06
2013-06-25 19:00:00,7.011971293422912e-07,1.7568864536660868e-06,1.4101539433477665e-06
2013-06-25 20:00:00,7.091932760394333e-07,1.7659270132176768e-06,1.4655011329901136e-06
2013-06-25 21:00:00,7.284043859548525e-07,1.834589303447962e-06,1.5174846087893781e-06
2013-06-25 22:00:00,7.74427062497575e-07,1.8931226540755868e-06,1.3340624342896918e-06
2013-06-25 23:00:00,7.768933927175303e-07,2.0659218096221087e-06,1.3680665914776661e-06
2013-06-26 00:00:00,7.561168514202757e-07,2.2511105179072496e-06,1.4420137390569057e-06
2013-06-26 01:00:00,7.649238601570788e-07,2.5959499767917293e-06,1.5204300116460106e-06
2013-06-26 02:00:00,7.478671540597938e-07,2.727099106735387e-06,1.5028969978677296e-06
2013-06-26 03:00:00,7.347608449869776e-07,2.9458929122782073e-06,1.4082436350959522e-06
2013-06-26 04:00:00,7.166735270917962e-07,2.877352376951247e-06,1.3498760289280877e-06
2013-06-26 05:00:00,7.306190762609436e-07,2.392768397388218e-06,1.2368970553347967e-06
2013-06-26 06:00:00,7.326977589514198e-07,1.4997000134553818e-06,9.31422732453402e-07
2013-06-26 07:00:00,6.243307689734974e-07,9.494805482384557e-07,8.103539365327698e-07
2013-06-26 08:00:00,5.664676285125716e-07,7.232004045041756e-07,8.248250891267977e-07
2013-06-26 09:00:00,5.411435816440916e-07,6.361758011035245e-07,7.986327928022968e-07
2013-06-26 10:00:00,6.582252242786935e-07,7.112585591205281e-07,8.56019590384e-07
2013-06-26 11:00:00,6.480333840590587e-07,9.036918105729965e-07,8.192932399866835e-07
2013-06-26 12:00:00,6.281705777402833e-07,1.076700785545564e-06,8.029546812573028e-07
2013-06-26 13:00:00,6.463573376257364e-07,1.0160621690892154e-06,8.193504253027806e-07
2013-06-26 14:00:00,6.336031271055134e-07,9.996643632264e-07,8.133627618834925e-07
2013-06-26 15:00:00,6.20761942379023e-07,1.1115601319813904e-06,8.115704850302199e-07
2013-06-26 16:00:00,6.32652286298663e-07,1.3798385890445923e-06,8.775207754967561e-07
2013-06-26 17:00:00,6.624373768864915e-07,1.985757391614665e-06,1.062878078373554e-06
2013-06-26 18:00:00,6.388390736635059e-07,3.0860756962958744e-06,1.4959035664478464e-06
2013-06-26 19:00:00,6.196862162575577e-07,2.7404916047287095e-06,1.8110104001141605e-06
2013-06-26 20:00:00,6.212764713187601e-07,2.711119446023093e-06,2.0264561572640876e-06
2013-06-26 21:00:00,6.35315286858006e-07,2.834612678245722e-06,2.201207319900455e-06
2013-06-26 22:00:00,6.425277754464127e-07,2.9763218357309758e-06,2.364611414056448e-06
2013-06-26 23:00:00,6.53860535314018e-07,3.072511760516972e-06,2.4115839306183195e-06
2013-06-27 00:00:00,6.56878476547427e-07,3.1339350222657167e-06,2.491950388327066e-06
2013-06-27 01:00:00,6.642646393442237e-07,2.9344809462133957e-06,2.5974311648512845e-06
2013-06-27 02:00:00,6.556922459656357e-07,2.8892391889620796e-06,2.6542564906440594e-06
2013-06-27 03:00:00,6.444586766922088e-07,2.700068719951868e-06,2.6955691986246245e-06
2013-06-27 04:00:00,6.23345536701124e-07,2.6433263710657147e-06,2.7638015762563273e-06
2013-06-27 05:00:00,6.218556420735056e-07,2.498631357297275e-06,2.4966851952096016e-06
2013-06-27 06:00:00,5.761484593332977e-07,2.0252204789252053e-06,2.0050626984655205e-06
2013-06-27 07:00:00,5.29107515553943e-07,1.3391772621842965e-06,1.7132696327862585e-06
2013-06-27 08:00:00,4.965045217790981e-07,1.1028520109807945e-06,1.4348627707511512e-06
2013-06-27 09:00:00,4.853956314803924e-07,1.0011564473798305e-06,1.378799286054988e-06
2013-06-27 10:00:00,5.029330092296091e-07,1.1272545536660764e-06,1.5518171263359633e-06
2013-06-27 11:00:00,4.727229961593716e-07,1.1773784635881456e-06,1.4929567045895741e-06
2013-06-27 12:00:00,4.782517556333648e-07,1.0827103868531314e-06,1.4886576125703005e-06
2013-06-27 13:00:00,4.90172369422072e-07,1.0330909689571243e-06,1.588428228404821e-06
2013-06-27 14:00:00,5.004623876677226e-07,1.0407984929432308e-06,1.6851421221854611e-06
2013-06-27 15:00:00,5.369567104564459e-07,1.2222370953512467e-06,1.7588694210204384e-06
2013-06-27 16:00:00,5.66070712352349e-07,1.7799340782371197e-06,2.022173624319657e-06
2013-06-27 17:00:00,5.741065684306476e-07,2.8563496665581376e-06,2.2503441988225654e-06
2013-06-27 18:00:00,5.727073422936263e-07,3.003911263503717e-06,2.738773327844707e-06
2013-06-27 19:00:00,5.741147581391986e-07,2.84958566645384e-06,2.9395426965064108e-06
2013-06-27 20:00:00,5.777611359076214e-07,2.8870360978435627e-06,2.98845095891544e-06
2013-06-27 21:00:00,5.794322676464622e-07,3.0228563359500927e-06,2.9203154205523708e-06
2013-06-27 22:00:00,5.839781915019503e-07,3.1636577399615353e-06,2.6195315189589657e-06
2013-06-27 23:00:00,5.943591192133157e-07,3.2936299687430956e-06,2.6750430730890643e-06
2013-06-28 00:00:00,6.075026013150865e-07,3.4831299953851664e-06,2.7452941398500423e-06
2013-06-28 01:00:00,6.087549675495744e-07,3.4979066502971207e-06,2.7368396311707496e-06
2013-06-28 02:00:00,6.134785764743897e-07,3.403560708047127e-06,2.6733881892110187e-06
2013-06-28 03:00:00,6.102383816777066e-07,3.1690413378600806e-06,2.542137307933964e-06
2013-06-28 04:00:00,6.022370587072042e-07,2.8835379479558586e-06,2.3845264527265544e-06
2013-06-28 05:00:00,6.063389126882162e-07,2.7330879417423773e-06,2.1452169341902407e-06
2013-06-28 06:00:00,6.051452867242488e-07,2.643482119971157e-06,1.708101470780313e-06
2013-06-28 07:00:00,5.797144257201154e-07,2.1002685244662368e-06,1.1209998115811891e-06
2013-06-28 08:00:00,6.031486980995906e-07,1.6088559668377646e-06,9.848671117654039e-07
2013-06-28 09:00:00,5.925573673621856e-07,1.402369197597675e-06,9.55200912898765e-07
2013-06-28 10:00:00,7.016353141384582e-07,1.649108099503581e-06,1.036107496310705e-06
2013-06-28 11:00:00,6.878692185292582e-07,1.7780767322796325e-06,1.0541732017857646e-06
2013-06-28 12:00:00,6.918468855190912e-07,1.7533954245994155e-06,1.0795814881783025e-06
2013-06-28 13:00:00,7.042270187957033e-07,1.5852639543706815e-06,1.1611107141642377e-06
2013-06-28 14:00:00,6.578415507151952e-07,1.2284162426811615e-06,1.1754190942335819e-06
2013-06-28 15:00:00,6.194843717126495e-07,1.1026983149375184e-06,1.2867704251334368e-06
2013-06-28 16:00:00,6.164357535811174e-07,1.2809674384181026e-06,1.4700550432258385e-06
2013-06-28 17:00:00,6.808480620448103e-07,1.5095919484728129e-06,1.6821143666612153e-06
2013-06-28 18:00:00,7.730065296141193e-07,1.7187797888338482e-06,1.9303362258076527e-06
2013-06-28 19:00:00,8.010177328527406e-07,1.8098718357270465e-06,2.0534905655575157e-06
2013-06-28 20:00:00,7.534732321769676e-07,1.7438754696648472e-06,2.0809432735455697e-06
2013-06-28 21:00:00,6.808555394527262e-07,1.6905709139953861e-06,2.013620610999039e-06
2013-06-28 22:00:00,5.695329815962836e-07,1.3932382101686997e-06,1.6530373818866864e-06
2013-06-28 23:00:00,4.980999678496944e-07,1.4285427467946175e-06,1.5758758843479169e-06
2013-06-29 00:00:00,4.830175434764788e-07,1.4216823027747466e-06,1.6247387204230361e-06
2013-06-29 01:00:00,4.7462423902173843e-07,1.6214407831949464e-06,1.6378388121463124e-06
2013-06-29 02:00:00,4.6683906346024303e-07,1.6834389528417505e-06,1.6538987721236752e-06
2013-06-29 03:00:00,4.6148879807740305e-07,2.281894051725464e-06,1.6340200601915706e-06
2013-06-29 04:00:00,4.5770611248498377e-07,2.42446328892744e-06,1.6246989012450329e-06
2013-06-29 05:00:00,4.469540253216555e-07,2.6306128519764507e-06,1.5507753791239758e-06
2013-06-29 06:00:00,4.279734023636243e-07,2.6782759060372384e-06,1.4107558967127875e-06
2013-06-29 07:00:00,3.799115017864853e-07,1.4747353139362295e-06,1.16723935742383e-06
2013-06-29 08:00:00,3.5958857439335524e-07,9.196619791961828e-07,9.586932591382708e-07
2013-06-29 09:00:00,3.727851763328731e-07,1.006011865891584e-06,8.387801372377289e-07
2013-06-29 10:00:00,3.834623786366828e-07,1.3141736351737072e-06,9.142365533665158e-07
2013-06-29 11:00:00,4.040631224351551e-07,9.866596865779915e-07,8.414662728070904e-07
2013-06-29 12:00:00,3.9921774781677405e-07,7.78665617623503e-07,7.880511835487933e-07
2013-06-29 13:00:00,3.926815472496216e-07,7.466443471293808e-07,7.524951817277763e-07
2013-06-29 14:00:00,4.070093874844893e-07,7.659985148706333e-07,7.509934322288407e-07
2013-06-29 15:00:00,3.9914353865900443e-07,8.255587966298325e-07,7.838175897322057e-07
2013-06-29 16:00:00,4.717581532386924e-07,9.708512866837392e-07,8.813396467126722e-07
2013-06-29 17:00:00,5.877226459119161e-07,1.112698299282134e-06,9.777418171281749e-07
2013-06-29 18:00:00,6.959469240914817e-07,1.1328829617269107e-06,1.0429805397112218e-06
2013-06-29 19:00:00,6.015206353893783e-07,1.1255660961423684e-06,1.2392422899524622e-06
2013-06-29 20:00:00,6.094902484603614e-07,1.1556456080088202e-06,1.3785696901182098e-06
2013-06-29 21:00:00,6.121040651427408e-07,1.1635682392446177e-06,1.466051834802171e-06
2013-06-29 22:00:00,5.967999612283257e-07,1.1871978786619452e-06,1.5293664621752598e-06
2013-06-29 23:00:00,5.814206566834183e-07,1.206065701246292e-06,1.540814302277008e-06
2013-06-30 00:00:00,5.699152713469772e-07,1.2321470080283043e-06,1.5592876732450802e-06
2013-06-30 01:00:00,5.7056202388251e-07,1.2456111139695283e-06,1.6108652806659163e-06
2013-06-30 02:00:00,5.745052817962915e-07,1.2515756211795201e-06,1.6733394664333655e-06
2013-06-30 03:00:00,5.961365029616964e-07,1.2599823398426152e-06,1.6688456217720329e-06
2013-06-30 04:00:00,6.287615410998277e-07,1.277460762824638e-06,1.649796090612345e-06
2013-06-30 05:00:00,6.239586764070313e-07,1.3350988909393165e-06,1.4888266825413102e-06
2013-06-30 06:00:00,6.219050493109326e-07,1.2835263810420441e-06,1.1814790594865535e-06
2013-06-30 07:00:00,5.676150851418284e-07,1.271404454886604e-06,1.105809643744121e-06
2013-06-30 08:00:00,5.389761122294187e-07,8.374529871754065e-07,1.0252108110885813e-06
2013-06-30 09:00:00,4.502108601498282e-07,6.566764713049709e-07,1.0044643659224018e-06
2013-06-30 10:00:00,4.96639727621748e-07,6.498762644012406e-07,1.013101485703446e-06
2013-06-30 11:00:00,4.796878288873717e-07,6.578380498596265e-07,9.508532812306711e-07
2013-06-30 12:00:00,4.905611776856457e-07,7.112922151060318e-07,9.477747714638944e-07
2013-06-30 13:00:00,4.986601248723554e-07,7.248428050248082e-07,1.0140157130623601e-06
2013-06-30 14:00:00,4.661041226487809e-07,7.269639973443436e-07,1.0436383008595033e-06
2013-06-30 15:00:00,4.6182493944796387e-07,7.897824979259955e-07,1.1075291592373227e-06
2013-06-30 16:00:00,5.456051673673891e-07,9.613202195672984e-07,1.2420836570915675e-06
2013-06-30 17:00:00,6.348242864568193e-07,1.0756357613463475e-06,1.9128240984358324e-06
2013-06-30 18:00:00,6.825357129324387e-07,1.454745627263329e-06,2.037200736674647e-06
2013-06-30 19:00:00,6.451182893702266e-07,1.8161104832777276e-06,2.1812978902418274e-06
2013-06-30 20:00:00,6.440199743642396e-07,1.7894368065368294e-06,2.1745910855824445e-06
2013-06-30 21:00:00,6.507266396935977e-07,1.8915879383644329e-06,2.1548833952987895e-06
2013-06-30 22:00:00,6.538096713028964e-07,1.8826074326315315e-06,2.214760950448637e-06
2013-06-30 23:00:00,6.613628065506644e-07,1.918584106613126e-06,2.212075175026337e-06
2013-07-01 00:00:00,6.64493667839996e-07,1.901041761846995e-06,2.2508392678666277e-06
2013-07-01 01:00:00,6.619079974501912e-07,1.6177884005239045e-06,2.2574101902075604e-06
2013-07-01 02:00:00,6.402216684135402e-07,1.2993085564140478e-06,2.2804938348902506e-06
2013-07-01 03:00:00,6.139783706711495e-07,1.2714115572972206e-06,2.2735896680436725e-06
2013-07-01 04:00:00,5.854957268730213e-07,1.2742532793685481e-06,2.1578681959052157e-06
2013-07-01 05:00:00,6.051356410039097e-07,1.1603175393270302e-06,1.9381416483388954e-06
2013-07-01 06:00:00,6.004184156462493e-07,1.1540947248382626e-06,1.41219317697109e-06
2013-07-01 07:00:00,5.950132711374256e-07,1.3255805985430618e-06,8.280883350132528e-07
2013-07-01 08:00:00,5.88915041494262e-07,9.94203944790839e-07,7.98619920267883e-07
2013-07-01 09:00:00,5.557699230506178e-07,7.231313109392306e-07,8.561726120701004e-07
2013-07-01 10:00:00,6.941562277941067e-07,6.408225587132547e-07,8.69910731847396e-07
2013-07-01 11:00:00,6.309641987618308e-07,5.638479135719321e-07,8.486460469740077e-07
2013-07-01 12:00:00,5.646242654940682e-07,6.031787369886274e-07,8.551480339836273e-07
2013-07-01 13:00:00,5.625167680210297e-07,6.099811269751883e-07,8.363198325608928e-07
2013-07-01 14:00:00,6.063746805553009e-07,7.030805075186398e-07,8.617636506457907e-07
2013-07-01 15:00:00,7.285244998782331e-07,8.170645711685877e-07,9.6405678516145e-07
2013-07-01 16:00:00,8.993897841178841e-07,1.718418160321476e-06,1.5558331458136838e-06
2013-07-01 17:00:00,9.630054211846896e-07,2.1372228903250754e-06,3.28203221687644e-06
2013-07-01 18:00:00,1.079097052848245e-06,1.96091658053393e-06,4.4049568052838925e-06
2013-07-01 19:00:00,1.2340948667046272e-06,1.7590004201477014e-06,5.042921336265323e-06
2013-07-01 20:00:00,1.2749271786832625e-06,1.71738023586339e-06,5.447136060141993e-06
2013-07-01 21:00:00,1.3309830016526083e-06,1.7435712362013238e-06,5.7495963421009795e-06
2013-07-01 22:00:00,1.4546977450578862e-06,1.7659304924257073e-06,5.847931682105011e-06
2013-07-01 23:00:00,1.3776054673109354e-06,1.827875869458273e-06,6.105145108806096e-06
2013-07-02 00:00:00,1.336509653800716e-06,1.8738164437386707e-06,6.0981918405151785e-06
2013-07-02 01:00:00,1.3460400170419138e-06,1.920985303604849e-06,5.941597716853866e-06
2013-07-02 02:00:00,1.3905525684524208e-06,1.9069336651820775e-06,5.827505281791335e-06
2013-07-02 03:00:00,1.4162777494833464e-06,1.8237766203905342e-06,5.687445434214803e-06
2013-07-02 04:00:00,1.4853989500141687e-06,1.7420358757754295e-06,5.312733263524012e-06
2013-07-02 05:00:00,1.372112123232743e-06,1.8891466310626503e-06,4.137697554120741e-06
2013-07-02 06:00:00,1.141348575826381e-06,2.244234316220164e-06,2.3060041910018636e-06
2013-07-02 07:00:00,1.0141708434190805e-06,1.2900402702331345e-06,1.2688401991338457e-06
2013-07-02 08:00:00,8.607333309919253e-07,7.947338802827778e-07,1.0587323691408236e-06
2013-07-02 09:00:00,7.152018638075021e-07,5.563043238551725e-07,9.659532670192623e-07
2013-07-02 10:00:00,6.998741081373061e-07,4.980192311856811e-07,9.104378633889631e-07
2013-07-02 11:00:00,6.961953044838645e-07,4.77829467212655e-07,8.687782977770996e-07
2013-07-02 12:00:00,6.835006840675634e-07,5.107947058798888e-07,8.513126433861566e-07
2013-07-02 13:00:00,6.715404930476107e-07,6.222556441257504e-07,8.876192341625957e-07
2013-07-02 14:00:00,6.667771080282655e-07,6.591381806064082e-07,9.373759661994711e-07
2013-07-02 15:00:00,7.365356880798833e-07,7.159869496506273e-07,1.1094338607326601e-06
2013-07-02 16:00:00,8.155489906311354e-07,1.007409056722032e-06,1.7654900362149259e-06
2013-07-02 17:00:00,8.723925612344641e-07,1.3814130002277718e-06,2.6981204157319484e-06
2013-07-02 18:00:00,9.012246467027044e-07,1.8144116506249359e-06,3.7259420983453762e-06
2013-07-02 19:00:00,8.920725608561011e-07,3.72298676813994e-06,4.478757301404621e-06
2013-07-02 20:00:00,8.109731652710875e-07,3.6910956679352618e-06,3.867576029764035e-06
2013-07-02 21:00:00,7.111616453666881e-07,3.612944531951327e-06,2.848460319858986e-06
2013-07-02 22:00:00,7.548386390158882e-07,3.7988051434957464e-06,2.4692301979657376e-06
2013-07-02 23:00:00,6.952197815902086e-07,4.686346243619171e-06,2.4392427461799536e-06
2013-07-03 00:00:00,6.604483712933324e-07,3.797527198871264e-06,2.1953999246378746e-06
2013-07-03 01:00:00,6.729144795398029e-07,3.99201400408797e-06,2.15161952550577e-06
2013-07-03 02:00:00,6.907044111851869e-07,6.717479168570881e-06,2.0871531330002764e-06
2013-07-03 03:00:00,7.04436412800209e-07,5.075916717898706e-06,2.07400856517422e-06
2013-07-03 04:00:00,7.356171655988721e-07,3.923582209155756e-06,2.10163033567041e-06
2013-07-03 05:00:00,7.675164601515168e-07,3.053319712432375e-06,1.792257019713136e-06
2013-07-03 06:00:00,7.656156966111327e-07,3.795959956543529e-06,1.7830237910519432e-06
2013-07-03 07:00:00,7.782962245653344e-07,2.5777326818531817e-06,1.5908065856206508e-06
2013-07-03 08:00:00,8.112874078963161e-07,1.9518977203573167e-06,1.42368003678409e-06
2013-07-03 09:00:00,8.648605186433457e-07,1.7722243968908016e-06,1.3966322906817183e-06
2013-07-03 10:00:00,9.671449399981393e-07,2.0800933716687363e-06,1.6503440001494298e-06
2013-07-03 11:00:00,9.94818387092926e-07,1.7256506284019263e-06,1.4852696687158812e-06
2013-07-03 12:00:00,1.022920745418992e-06,1.4840654604408832e-06,1.5218366306896395e-06
2013-07-03 13:00:00,1.1127244818659522e-06,1.4354325857954607e-06,1.6668964923519099e-06
2013-07-03 14:00:00,1.153202097337576e-06,1.309453893602154e-06,1.633405379852435e-06
2013-07-03 15:00:00,1.1897909088589584e-06,1.5679378378314583e-06,1.9275580237701895e-06
2013-07-03 16:00:00,1.3770169661106581e-06,2.0907627033425773e-06,2.517261489654231e-06
2013-07-03 17:00:00,1.4987519238019028e-06,2.4891662514377745e-06,2.8875294557619393e-06
2013-07-03 18:00:00,1.519555790226081e-06,1.9419950804900045e-06,3.5863806627722874e-06
2013-07-03 19:00:00,1.5078587143776587e-06,1.7586344936438266e-06,4.283826224124156e-06
2013-07-03 20:00:00,1.5694606802338307e-06,1.747754856085623e-06,4.280080544897657e-06
2013-07-03 21:00:00,1.6415430763090525e-06,1.8651122650378567e-06,4.37629910428915e-06
2013-07-03 22:00:00,1.7204375186132908e-06,2.1223491951964018e-06,4.433951010235637e-06
2013-07-03 23:00:00,1.6815695623855502e-06,2.174492722230135e-06,4.683616143934938e-06
2013-07-04 00:00:00,1.602289856464399e-06,2.1986313479478484e-06,4.92277268958869e-06
2013-07-04 01:00:00,1.5195454131193841e-06,2.1819418941565643e-06,5.063575185135677e-06
2013-07-04 02:00:00,1.460127151868712e-06,2.1335269563114493e-06,5.052704405527263e-06
2013-07-04 03:00:00,1.4797582243021029e-06,2.032725082980295e-06,4.928397896706939e-06
2013-07-04 04:00:00,1.49687219336696e-06,1.878784379920377e-06,4.7487615580233365e-06
2013-07-04 05:00:00,1.3346908760049944e-06,1.8417488128368943e-06,3.5480860197965233e-06
2013-07-04 06:00:00,1.0835492536635228e-06,2.1852818705686028e-06,2.8688627638562134e-06
2013-07-04 07:00:00,1.026054309337706e-06,9.674627665097413e-07,1.7710515329710928e-06
2013-07-04 08:00:00,7.62094152113197e-07,7.319006330144861e-07,1.4001838956830362e-06
2013-07-04 09:00:00,5.807163275246469e-07,6.885262611962957e-07,1.306934801342094e-06
2013-07-04 10:00:00,4.6138884667415567e-07,6.686307280772508e-07,1.2986552036810395e-06
2013-07-04 11:00:00,3.7877210688157263e-07,6.233496388895703e-07,1.1476545099934075e-06
2013-07-04 12:00:00,3.683134938263827e-07,6.440043415436106e-07,1.1307758053195057e-06
2013-07-04 13:00:00,3.918091628227292e-07,6.947366199038002e-07,1.1877156740861472e-06
2013-07-04 14:00:00,4.039628284945263e-07,7.171553689229565e-07,1.2265870712951048e-06
2013-07-04 15:00:00,4.254181199599298e-07,8.281054111282994e-07,1.3242471868699946e-06
2013-07-04 16:00:00,5.011964970755593e-07,1.031104344157507e-06,1.6475782444485128e-06
2013-07-04 17:00:00,5.577046762639838e-07,1.4694029908901894e-06,2.230941695072934e-06
2013-07-04 18:00:00,6.509656019673986e-07,3.0586740769340593e-06,3.273295544283629e-06
2013-07-04 19:00:00,7.290541691021625e-07,3.4811779951509575e-06,3.5564559571389663e-06
2013-07-04 20:00:00,7.715348659759082e-07,2.6176838220266006e-06,3.6161435154564957e-06
2013-07-04 21:00:00,7.977010655031659e-07,2.483832256283617e-06,3.7906279354986042e-06
2013-07-04 22:00:00,9.857071056647004e-07,2.425135551144246e-06,4.09455094053408e-06
2013-07-04 23:00:00,1.0418463617399107e-06,2.4977644335872345e-06,4.164454565569376e-06
2013-07-05 00:00:00,1.1838295586533109e-06,2.5715918021810205e-06,4.159352849795502e-06
2013-07-05 01:00:00,1.3265676258910555e-06,2.6331056684046637e-06,4.088286926963233e-06
2013-07-05 02:00:00,1.4490196785677444e-06,2.6568625608969453e-06,4.12199751824719e-06
2013-07-05 03:00:00,1.5516220273149924e-06,2.581451846939007e-06,4.017007668654939e-06
2013-07-05 04:00:00,1.6206853771421844e-06,2.3701987329786884e-06,3.866600549283884e-06
2013-07-05 05:00:00,1.550579361527955e-06,2.179233155011492e-06,3.138297095318856e-06
2013-07-05 06:00:00,1.48420896669151e-06,2.0807769564540104e-06,2.6061298552770665e-06
2013-07-05 07:00:00,1.3794397115081364e-06,2.4075188537027895e-06,1.8467775126108488e-06
2013-07-05 08:00:00,1.1875192100925744e-06,2.3716225055809796e-06,1.5396062654584058e-06
2013-07-05 09:00:00,1.0030622464004925e-06,1.7452589581645696e-06,1.44376332375658e-06
2013-07-05 10:00:00,9.685815609060438e-07,1.41422130285682e-06,1.5091559653434324e-06
2013-07-05 11:00:00,9.914843695955816e-07,1.0840975351323436e-06,1.4189688818951277e-06
2013-07-05 12:00:00,9.758189713973602e-07,9.761522195386493e-07,1.3505294584025172e-06
2013-07-05 13:00:00,9.308389773512189e-07,9.90004385656447e-07,1.3235166404592868e-06
2013-07-05 14:00:00,9.568107574125066e-07,9.72086639959297e-07,1.3244132291884968e-06
2013-07-05 15:00:00,1.04307918693728e-06,1.0566813779903618e-06,1.485503321784216e-06
2013-07-05 16:00:00,1.1861755906886017e-06,1.3258433011100005e-06,2.0140986479472545e-06
2013-07-05 17:00:00,1.5957477075117398e-06,2.2100566532432526e-06,2.79934904800946e-06
2013-07-05 18:00:00,1.8828685338680062e-06,2.360720302289703e-06,3.66728835709303e-06
2013-07-05 19:00:00,1.9278719612073147e-06,2.216227275230438e-06,3.950410472579911e-06
2013-07-05 20:00:00,1.9370507852816623e-06,2.204342063352312e-06,3.805642344408536e-06
2013-07-05 21:00:00,1.9216706397248015e-06,2.2440002548152234e-06,3.8119023250103323e-06
2013-07-05 22:00:00,1.9787894321456844e-06,2.3213549043597927e-06,3.912338029533012e-06
2013-07-05 23:00:00,1.97175372574623e-06,2.3924429042223516e-06,3.971783596948064e-06
2013-07-06 00:00:00,1.897726532078969e-06,2.451175415951591e-06,4.043975791481901e-06
2013-07-06 01:00:00,1.7713254997547184e-06,2.4882854708001827e-06,4.0798181257764775e-06
2013-07-06 02:00:00,1.6838651956623452e-06,2.519900682782963e-06,4.155653475365401e-06
2013-07-06 03:00:00,1.6476972132365654e-06,2.5376184572955336e-06,4.19613090622059e-06
2013-07-06 04:00:00,1.6357931943408426e-06,2.5656676505638203e-06,4.170598962020097e-06
2013-07-06 05:00:00,1.466498639969932e-06,2.8147022868759515e-06,3.7646465194050365e-06
2013-07-06 06:00:00,1.181094958355679e-06,2.1243332174055046e-06,2.086640476371101e-06
2013-07-06 07:00:00,1.09367181391439e-06,1.1396584887176208e-06,1.3130967224130458e-06
2013-07-06 08:00:00,8.346034231475256e-07,6.632951870393983e-07,9.8160556112143e-07
2013-07-06 09:00:00,7.091537303427229e-07,5.252566706759271e-07,9.172962960173311e-07
2013-07-06 10:00:00,6.573104331166308e-07,5.028870780559262e-07,9.088961861920548e-07
2013-07-06 11:00:00,6.23230529927844e-07,5.00539596233289e-07,8.766992534192007e-07
2013-07-06 12:00:00,6.194404218604776e-07,5.872811455724469e-07,8.65710189861716e-07
2013-07-06 13:00:00,6.288259766801213e-07,5.378918459815707e-07,9.025494232382934e-07
2013-07-06 14:00:00,6.694446336446927e-07,5.869758776879204e-07,1.0191956659143763e-06
2013-07-06 15:00:00,7.993819603178203e-07,6.775840827149124e-07,1.1754729298618852e-06
2013-07-06 16:00:00,1.0183742627976049e-06,1.1443952696854696e-06,1.7683261802084527e-06
2013-07-06 17:00:00,1.1262052397533492e-06,1.984996495980648e-06,2.337494286035451e-06
2013-07-06 18:00:00,1.108851197290589e-06,1.6795424941499178e-06,2.773882098650101e-06
2013-07-06 19:00:00,1.1148655365154422e-06,1.6114980571039182e-06,2.7829397709168498e-06
2013-07-06 20:00:00,1.0887300265857128e-06,1.575298554043287e-06,2.5324004413755777e-06
2013-07-06 21:00:00,1.1142973407085816e-06,1.5946557352185038e-06,2.473268381757134e-06
2013-07-06 22:00:00,1.0792689067827944e-06,1.6181433245029655e-06,2.399159701183384e-06
2013-07-06 23:00:00,1.1620969515958975e-06,1.6460119826597896e-06,2.628653803996588e-06
2013-07-07 00:00:00,1.2553768357261228e-06,1.6757975709752115e-06,2.822756863414386e-06
2013-07-07 01:00:00,1.3462304594384871e-06,1.700865161108897e-06,2.9631946384225543e-06
2013-07-07 02:00:00,1.400380882710211e-06,1.7238587714698942e-06,3.0850365174012873e-06
2013-07-07 03:00:00,1.4411936177295487e-06,1.7488644676280024e-06,3.24457372996348e-06
2013-07-07 04:00:00,1.4855499630821303e-06,1.7787679594843986e-06,3.310105426524154e-06
2013-07-07 05:00:00,1.4282219624459508e-06,1.9069828439510088e-06,2.802523916684007e-06
2013-07-07 06:00:00,1.1908764640687916e-06,2.1930880054158494e-06,1.9294433882254073e-06
2013-07-07 07:00:00,1.3271026104669262e-06,1.0928458302453145e-06,1.3076224312649874e-06
2013-07-07 08:00:00,9.049945763356889e-07,6.153125039828242e-07,9.510081648701073e-07
2013-07-07 09:00:00,7.219623549014025e-07,5.345822235730563e-07,9.001275569468756e-07
2013-07-07 10:00:00,6.373981277878173e-07,5.450020839604609e-07,8.856600672355973e-07
2013-07-07 11:00:00,5.260380813310412e-07,5.605853267687458e-07,8.936697192229184e-07
2013-07-07 12:00:00,5.23999348675732e-07,6.264998899581595e-07,8.887032669689491e-07
2013-07-07 13:00:00,6.239044847955281e-07,5.425566451392855e-07,9.214569701723688e-07
2013-07-07 14:00:00,6.774737344970036e-07,5.251117259116085e-07,9.775076528538636e-07
2013-07-07 15:00:00,7.756087687719287e-07,6.155452552280533e-07,1.0520757850016456e-06
2013-07-07 16:00:00,9.829068768409446e-07,9.428158642320303e-07,1.5177707317622792e-06
2013-07-07 17:00:00,1.0008858180585232e-06,1.4686739854389083e-06,2.0831798912921398e-06
2013-07-07 18:00:00,9.050032177268061e-07,1.5657428211602776e-06,2.2340030873951413e-06
2013-07-07 19:00:00,8.693017385253901e-07,1.6416024717927515e-06,2.1658191042422624e-06
2013-07-07 20:00:00,8.569503856642548e-07,1.6014435986359451e-06,2.038229400897736e-06
2013-07-07 21:00:00,8.692864412045347e-07,1.6199771213767785e-06,2.0771197396838916e-06
2013-07-07 22:00:00,8.868131308124994e-07,1.6203976843324196e-06,2.125643782031228e-06
2013-07-07 23:00:00,9.013041052463961e-07,1.5653810190717932e-06,2.202945050709653e-06
2013-07-08 00:00:00,9.089870306750886e-07,1.5267025210895831e-06,2.294824108658602e-06
2013-07-08 01:00:00,9.110250871018148e-07,1.5021801718135694e-06,2.3607077764722077e-06
2013-07-08 02:00:00,9.080785291110211e-07,1.463681308364554e-06,2.431608441157543e-06
2013-07-08 03:00:00,8.950281077781171e-07,1.411882292864453e-06,2.482116261198938e-06
2013-07-08 04:00:00,8.643703276370032e-07,1.3559584335928328e-06,2.3995289021160356e-06
2013-07-08 05:00:00,8.492248711021447e-07,1.2811276086657043e-06,2.130163630538511e-06
2013-07-08 06:00:00,8.520683451352274e-07,1.5237625107954957e-06,1.8169461402677933e-06
2013-07-08 07:00:00,6.69428648144009e-07,9.459197995958866e-07,1.1572529889048582e-06
2013-07-08 08:00:00,5.064077398335611e-07,5.862876003420014e-07,1.0808453173988403e-06
2013-07-08 09:00:00,4.572007639448162e-07,5.10614089407973e-07,1.0718219467133913e-06
2013-07-08 10:00:00,4.2675262709741856e-07,5.63909129024244e-07,1.0241492321353437e-06
2013-07-08 11:00:00,4.3593307822759967e-07,7.170490429988777e-07,1.0009828322198442e-06
2013-07-08 12:00:00,4.2502501400713065e-07,7.186995505046301e-07,9.915983539312124e-07
2013-07-08 13:00:00,4.1246634943314203e-07,6.423859251138648e-07,9.96402676228939e-07
2013-07-08 14:00:00,4.1978359652787727e-07,5.218949785529816e-07,1.0424707925124368e-06
2013-07-08 15:00:00,4.445725053735297e-07,6.359841940806421e-07,9.60941914644109e-07
2013-07-08 16:00:00,6.061252509938077e-07,8.971351538171614e-07,1.3125372457664088e-06
2013-07-08 17:00:00,7.494708253594101e-07,1.4476386898287273e-06,2.0440944156889633e-06
2013-07-08 18:00:00,7.305999588702986e-07,1.4658663408235927e-06,2.1482568473292537e-06
2013-07-08 19:00:00,7.050725859423968e-07,1.4341633256996547e-06,2.1547251338288165e-06
2013-07-08 20:00:00,7.238910200264094e-07,1.4244683830513965e-06,2.124678028737228e-06
2013-07-08 21:00:00,7.415528747236174e-07,1.44482292388175e-06,2.1632755695928e-06
2013-07-08 22:00:00,7.673580048821745e-07,1.4529651652365706e-06,2.146226602028122e-06
2013-07-08 23:00:00,7.635358070064612e-07,1.5086559041253407e-06,2.233231632838216e-06
2013-07-09 00:00:00,7.461280300360734e-07,1.5440668683941717e-06,2.3605625032648303e-06
2013-07-09 01:00:00,7.739626503958322e-07,1.5349917592385893e-06,2.5253616376537846e-06
2013-07-09 02:00:00,8.299589959202927e-07,1.5214696983311074e-06,2.699309647459384e-06
2013-07-09 03:00:00,8.566911620335667e-07,1.4921943039030744e-06,2.8299182183684026e-06
2013-07-09 04:00:00,8.919952235389992e-07,1.3977039987259077e-06,2.880582559327129e-06
2013-07-09 05:00:00,8.733238032841616e-07,1.3352456060185e-06,2.4015720935697172e-06
2013-07-09 06:00:00,7.690250761579059e-07,1.5111077467411555e-06,1.9391016438686657e-06
2013-07-09 07:00:00,1.0354870603491315e-06,9.785449005997009e-07,1.1843807335549323e-06
2013-07-09 08:00:00,7.524352509503973e-07,6.853495229998078e-07,9.496729008557193e-07
2013-07-09 09:00:00,1.0100578666072768e-06,1.00486074549975e-06,1.3608793946544612e-06
2013-07-09 10:00:00,5.343695628960727e-07,4.5521348451162854e-07,8.117850247599029e-07
2013-07-09 11:00:00,4.944668204701232e-07,5.58481445300657e-07,8.120939629070789e-07
2013-07-09 12:00:00,4.979664002927513e-07,5.691276493817688e-07,7.87305725101781e-07
2013-07-09 13:00:00,4.888679708423274e-07,5.05154924275351e-07,7.973146465004842e-07
2013-07-09 14:00:00,5.301990627580003e-07,5.235861864636266e-07,8.58799397756145e-07
2013-07-09 15:00:00,6.691827942373902e-07,6.67734968862418e-07,1.1232959483767402e-06
2013-07-09 16:00:00,8.218711909553181e-07,9.593743034139617e-07,1.5821191761345427e-06
2013-07-09 17:00:00,7.654097092439009e-07,1.5253036085059059e-06,1.9846358008614654e-06
2013-07-09 18:00:00,7.163048501284001e-07,1.5126577480764176e-06,2.4418954156087823e-06
2013-07-09 19:00:00,7.125705072172232e-07,1.481121343587504e-06,2.435390641947578e-06
2013-07-09 20:00:00,6.648328202118254e-07,1.511180805184716e-06,2.3292019192351744e-06
2013-07-09 21:00:00,6.728199018143549e-07,1.5336586421855372e-06,2.2853329352225093e-06
2013-07-09 22:00:00,6.966640315695107e-07,1.561117822739402e-06,2.16411063078711e-06
2013-07-09 23:00:00,6.999754376446781e-07,1.6051807436568753e-06,2.1999317337092394e-06
2013-07-10 00:00:00,7.041094875599655e-07,1.6243248878810236e-06,2.1942257925286846e-06
2013-07-10 01:00:00,6.753038914275658e-07,1.6712067934631427e-06,2.2557412828054393e-06
2013-07-10 02:00:00,6.545404721017216e-07,1.7037305552097896e-06,2.244705362396173e-06
2013-07-10 03:00:00,6.376634880616709e-07,1.7026410345998766e-06,2.20952357748315e-06
2013-07-10 04:00:00,5.97092507285319e-07,1.6706737127506265e-06,2.120283046396416e-06
2013-07-10 05:00:00,5.739861200940887e-07,1.6947379705564087e-06,1.8907413104040566e-06
2013-07-10 06:00:00,4.4701530693233336e-07,1.2870266450183521e-06,1.1513102834220609e-06
2013-07-10 07:00:00,4.041685781793084e-07,6.874949479738958e-07,1.022562498660666e-06
2013-07-10 08:00:00,4.11711146068173e-07,5.895701311485097e-07,1.0156729775303523e-06
2013-07-10 09:00:00,4.054112661271132e-07,5.052205733126547e-07,1.0328760799777969e-06
2013-07-10 10:00:00,4.7197162867003317e-07,4.848020666651776e-07,1.0365884244649782e-06
2013-07-10 11:00:00,4.5719989552145834e-07,5.373922163102615e-07,1.069497789374654e-06
2013-07-10 12:00:00,4.2496239898593373e-07,5.722195821258308e-07,1.053360059270363e-06
2013-07-10 13:00:00,4.115121865287062e-07,5.965082395369951e-07,1.0123416042629577e-06
2013-07-10 14:00:00,3.9819908021692906e-07,6.711789864366147e-07,1.016285199896296e-06
2013-07-10 15:00:00,3.903284617319288e-07,7.733165490202074e-07,9.902190421741442e-07
2013-07-10 16:00:00,3.7322953541151007e-07,9.170222752428618e-07,9.57725960692949e-07
2013-07-10 17:00:00,4.6067303813610297e-07,1.139556796909479e-06,1.3223362581333379e-06
2013-07-10 18:00:00,5.318498661473046e-07,1.6729660952098129e-06,1.7653110873744063e-06
2013-07-10 19:00:00,5.68141232752155e-07,1.7069646561589093e-06,1.8465904792114735e-06
2013-07-10 20:00:00,5.806867635769412e-07,1.662679840652913e-06,1.8396998188758673e-06
2013-07-10 21:00:00,6.232899168814141e-07,1.5994056447875583e-06,1.8485594611399163e-06
2013-07-10 22:00:00,7.262079111084554e-07,1.5271342293923028e-06,1.894165212680671e-06
2013-07-10 23:00:00,7.724260496653255e-07,1.5580423602496694e-06,1.9238120945216988e-06
2013-07-11 00:00:00,8.269415763634017e-07,1.5769676610618156e-06,1.9165096592189696e-06
2013-07-11 01:00:00,8.377654896012881e-07,1.5725998201843285e-06,1.9816633846081635e-06
2013-07-11 02:00:00,8.703218800221165e-07,1.5642994984284952e-06,2.0676436677518015e-06
2013-07-11 03:00:00,9.263846360773946e-07,1.5329450512092324e-06,2.121627745177648e-06
2013-07-11 04:00:00,1.0227139924243388e-06,1.4704912753200041e-06,2.1574496786847138e-06
2013-07-11 05:00:00,1.0427788422018767e-06,1.3942847326785156e-06,1.9282806335873095e-06
2013-07-11 06:00:00,9.444781188606556e-07,1.4043153076302516e-06,1.6285581672900285e-06
2013-07-11 07:00:00,8.406980252346517e-07,1.7036375963917922e-06,1.254820888333178e-06
2013-07-11 08:00:00,7.804269405050344e-07,1.4957489405049487e-06,1.0642667581315644e-06
2013-07-11 09:00:00,7.657025536281635e-07,1.0831235999046378e-06,1.0033144614898307e-06
2013-07-11 10:00:00,8.468165359141959e-07,8.321891174256857e-07,9.972344195226578e-07
2013-07-11 11:00:00,8.29298672521668e-07,5.709039915253139e-07,9.028771544148324e-07
2013-07-11 12:00:00,8.11893790811005e-07,5.216718859689101e-07,8.978530068082788e-07
2013-07-11 13:00:00,8.062038414381077e-07,5.266190468096441e-07,9.183826724316963e-07
2013-07-11 14:00:00,8.215340055515357e-07,6.909779695991839e-07,9.995917491494674e-07
2013-07-11 15:00:00,8.994110662722965e-07,8.321628383911522e-07,1.1397208607027582e-06
2013-07-11 16:00:00,1.0100977079764618e-06,1.1491031060795732e-06,1.5171052346965378e-06
2013-07-11 17:00:00,1.138191128795224e-06,1.8621707371270022e-06,2.071123598266195e-06
2013-07-11 18:00:00,1.186920063702982e-06,3.427299615248497e-06,2.4878328775697777e-06
2013-07-11 19:00:00,1.272293985634331e-06,3.317582042036286e-06,2.7326870310893715e-06
2013-07-11 20:00:00,1.209688723121044e-06,3.4423069302175795e-06,2.694244100510672e-06
2013-07-11 21:00:00,1.2568755993292179e-06,3.5399340683532857e-06,2.803190511988294e-06
2013-07-11 22:00:00,1.3368608864736653e-06,3.5088150693887035e-06,2.960684665818185e-06
2013-07-11 23:00:00,1.3466645751733985e-06,3.348444478698521e-06,3.0510767689205307e-06
2013-07-12 00:00:00,1.4735084860709596e-06,2.9928169064731273e-06,3.1478210556540564e-06
2013-07-12 01:00:00,1.6455510254704955e-06,2.712002731739139e-06,3.2086408240005005e-06
2013-07-12 02:00:00,1.7802616161471983e-06,2.504094100997433e-06,3.283425677148732e-06
2013-07-12 03:00:00,1.8120480061232652e-06,2.315698397137488e-06,3.324239529959591e-06
2013-07-12 04:00:00,1.660315940298829e-06,2.03810147459371e-06,3.3330814446408553e-06
2013-07-12 05:00:00,1.365592074532042e-06,1.5044925316975497e-06,2.9442104919991556e-06
2013-07-12 06:00:00,1.1072099845200867e-06,2.0054633208816245e-06,2.2972673026948887e-06
2013-07-12 07:00:00,9.661457077155383e-07,1.6433944688745048e-06,1.3500271604362286e-06
2013-07-12 08:00:00,9.522978225962447e-07,1.2937923049077633e-06,1.1501054507557398e-06
2013-07-12 09:00:00,9.7292183584669e-07,1.0671101062465134e-06,1.1021546325342633e-06
2013-07-12 10:00:00,1.224241272379753e-06,8.723914745146204e-07,1.0867870362062787e-06
2013-07-12 11:00:00,1.2417264591418902e-06,7.360270938719048e-07,1.0540289522563443e-06
2013-07-12 12:00:00,1.2348933420976038e-06,6.960340402669492e-07,1.043302669773576e-06
2013-07-12 13:00:00,1.1853089202497287e-06,7.497949117030088e-07,1.0703716474129115e-06
2013-07-12 14:00:00,1.0943870759621037e-06,8.692795058225652e-07,1.1282334690266496e-06
2013-07-12 15:00:00,1.0900798877713687e-06,1.0846289092206397e-06,1.2757381722536304e-06
2013-07-12 16:00:00,1.1679603950247138e-06,1.549147550169901e-06,1.8518636199175798e-06
2013-07-12 17:00:00,1.4422720963676124e-06,2.568250832735185e-06,3.206868750541984e-06
2013-07-12 18:00:00,1.6057206763216582e-06,1.981732643794521e-06,3.7976182325240313e-06
2013-07-12 19:00:00,1.621447968026374e-06,1.6468788713626315e-06,4.074123971407292e-06
2013-07-12 20:00:00,1.6904279879335721e-06,1.6769266463436306e-06,3.961300831199713e-06
2013-07-12 21:00:00,1.757479227845676e-06,1.776310285123638e-06,3.994614841001092e-06
2013-07-12 22:00:00,1.8490773372320344e-06,1.8825053195774413e-06,4.045383242019553e-06
2013-07-12 23:00:00,1.927621454585736e-06,1.9431128675014785e-06,4.199505362248469e-06
2013-07-13 00:00:00,2.0014241419177384e-06,1.983943739636834e-06,4.431136809491541e-06
2013-07-13 01:00:00,2.037358238915391e-06,2.005638344274878e-06,4.615616020335263e-06
2013-07-13 02:00:00,2.0589489100193226e-06,2.024922018910126e-06,4.7258137104647e-06
2013-07-13 03:00:00,2.080911482409255e-06,2.0317907876481347e-06,4.790232215812012e-06
2013-07-13 04:00:00,2.078275864313529e-06,2.0402845041987163e-06,4.862198011967368e-06
2013-07-13 05:00:00,2.193505088831419e-06,2.2687424633500825e-06,4.021525736274058e-06
2013-07-13 06:00:00,2.3227649461518808e-06,2.8028391179870996e-06,2.2106643258216236e-06
2013-07-13 07:00:00,1.418280545097614e-06,1.5322264582292198e-06,1.2629203021688528e-06
2013-07-13 08:00:00,1.078162589734304e-06,1.071620058601095e-06,1.0464575155220546e-06
2013-07-13 09:00:00,8.359490164844944e-07,7.934628482189851e-07,9.937848773912962e-07
2013-07-13 10:00:00,7.112995585555753e-07,6.757847388067231e-07,9.626721423252995e-07
2013-07-13 11:00:00,6.096170354575779e-07,5.711154553829447e-07,9.122582571814672e-07
2013-07-13 12:00:00,5.450381818179105e-07,4.571274103915633e-07,8.353853092225274e-07
2013-07-13 13:00:00,6.796886459849847e-07,4.663054518051417e-07,8.793836939245457e-07
2013-07-13 14:00:00,7.549461725175086e-07,6.055562067002532e-07,9.561899288760393e-07
2013-07-13 15:00:00,8.988198880996231e-07,7.09651937009226e-07,1.0764589490913498e-06
2013-07-13 16:00:00,1.0583991609100378e-06,1.1233087070057709e-06,1.4300159117288768e-06
2013-07-13 17:00:00,1.389748188773571e-06,2.260628542351457e-06,1.856816283372303e-06
2013-07-13 18:00:00,1.9033689843284696e-06,2.7589463310152394e-06,2.1131612612071245e-06
2013-07-13 19:00:00,2.0982780696625816e-06,2.002118626825722e-06,2.1560218876095428e-06
2013-07-13 20:00:00,1.942803586833662e-06,1.9052633526906104e-06,2.0620326992332378e-06
2013-07-13 21:00:00,1.7194706212226336e-06,1.9078906269343613e-06,2.049508084149672e-06
2013-07-13 22:00:00,1.912444179086378e-06,1.7932369847978967e-06,2.226384085590316e-06
2013-07-13 23:00:00,1.936113472126814e-06,1.8473234200284676e-06,2.3307687261905194e-06
2013-07-14 00:00:00,1.965771196795111e-06,1.7770460263182383e-06,2.422818955017062e-06
2013-07-14 01:00:00,1.8391356423945624e-06,1.7092666613222448e-06,2.262144465951289e-06
2013-07-14 02:00:00,1.6627564032663772e-06,1.681452923423759e-06,2.216515844842396e-06
2013-07-14 03:00:00,1.511249617249549e-06,1.7159401899319975e-06,2.1081451190984596e-06
2013-07-14 04:00:00,1.453241978540774e-06,1.8550363096973763e-06,2.0785324234735203e-06
2013-07-14 05:00:00,1.418658785885038e-06,2.2724573618042307e-06,1.952173285368476e-06
2013-07-14 06:00:00,1.3610533884901374e-06,1.688447328961778e-06,1.699011244127327e-06
2013-07-14 07:00:00,1.2998859233962574e-06,9.60186578148678e-07,1.3203615097974376e-06
2013-07-14 08:00:00,1.107732371758702e-06,5.785522355195462e-07,1.0775556350370888e-06
2013-07-14 09:00:00,9.265066436214353e-07,5.231943898566714e-07,9.94307606059815e-07
2013-07-14 10:00:00,8.81358204865179e-07,4.6485352827649566e-07,9.484350864055923e-07
2013-07-14 11:00:00,7.951342119247268e-07,4.4829746382649586e-07,9.504507281614548e-07
2013-07-14 12:00:00,6.907703323297724e-07,4.550341618875602e-07,9.483047598517725e-07
2013-07-14 13:00:00,7.333162551158344e-07,4.929969093912349e-07,9.591823537657746e-07
2013-07-14 14:00:00,8.767334616398297e-07,5.808189592959054e-07,1.041242622605782e-06
2013-07-14 15:00:00,1.0316011741614771e-06,8.047260293227422e-07,1.056877311259448e-06
2013-07-14 16:00:00,1.198875354501467e-06,1.2521859394526262e-06,1.3779790137735515e-06
2013-07-14 17:00:00,1.4862753637555675e-06,2.6573652385601595e-06,1.7845913257690189e-06
2013-07-14 18:00:00,1.9751453910248786e-06,2.292638856327365e-06,2.4671606886618334e-06
2013-07-14 19:00:00,1.933140920533134e-06,1.6036487195980334e-06,2.771079363888472e-06
2013-07-14 20:00:00,2.0112318936639462e-06,1.6804366180646044e-06,2.9227542190475413e-06
2013-07-14 21:00:00,2.1681434974622265e-06,1.8785859710469533e-06,3.1263603762577387e-06
2013-07-14 22:00:00,2.278473535553708e-06,2.026939091466684e-06,3.3280828003934187e-06
2013-07-14 23:00:00,2.408845776045993e-06,2.4225357384816402e-06,3.234340057488537e-06
2013-07-15 00:00:00,2.4667006793726658e-06,2.861768075184682e-06,3.3477785338547468e-06
2013-07-15 01:00:00,2.4891308847350097e-06,2.9121909977565873e-06,3.4006713333162575e-06
2013-07-15 02:00:00,2.4686500855492414e-06,2.925334147201557e-06,3.4152871726640363e-06
2013-07-15 03:00:00,2.3786542725030058e-06,2.663799856816284e-06,3.452618209265752e-06
2013-07-15 04:00:00,2.1960646016394348e-06,2.3228727071889388e-06,3.4396297758384307e-06
2013-07-15 05:00:00,2.154135982446262e-06,1.943727946694218e-06,2.6471471144916976e-06
2013-07-15 06:00:00,1.5688633742578955e-06,2.160451168103885e-06,1.8691441438083743e-06
2013-07-15 07:00:00,1.0117220920857306e-06,1.230705039459253e-06,1.239801462255287e-06
2013-07-15 08:00:00,7.99878619287595e-07,7.018639210237968e-07,9.576534642299414e-07
2013-07-15 09:00:00,6.81802215001234e-07,5.048578590415313e-07,8.923919617463272e-07
2013-07-15 10:00:00,6.365567864293372e-07,4.785550727564287e-07,9.283488257736943e-07
2013-07-15 11:00:00,5.255581675854093e-07,4.5227912188370446e-07,8.87122661442786e-07
2013-07-15 12:00:00,5.48082944795904e-07,4.556966114434593e-07,8.849076338557098e-07
2013-07-15 13:00:00,6.483548212828825e-07,4.796720804729244e-07,9.272718062895181e-07
2013-07-15 14:00:00,6.955508245204971e-07,5.316547595011749e-07,9.508792407048939e-07
2013-07-15 15:00:00,7.967688839626708e-07,7.136812410622888e-07,1.1151283280585827e-06
2013-07-15 16:00:00,1.0407840854184352e-06,1.1372265551008274e-06,1.52974754841327e-06
2013-07-15 17:00:00,1.7041615651432904e-06,2.1801654558433425e-06,2.9865704331835e-06
2013-07-15 18:00:00,2.037197517947875e-06,3.4620761970735434e-06,4.095148260235376e-06
2013-07-15 19:00:00,1.9455824334980814e-06,1.971439869520897e-06,4.481679015836116e-06
2013-07-15 20:00:00,1.968243204465559e-06,2.09730459706153e-06,4.498315734078233e-06
2013-07-15 21:00:00,2.012166829132391e-06,2.448767127063425e-06,4.607308294947591e-06
2013-07-15 22:00:00,2.089969369235353e-06,2.3830163294543173e-06,4.7047494697650535e-06
2013-07-15 23:00:00,2.177704476136044e-06,2.6452057873382076e-06,4.857270856446688e-06
2013-07-16 00:00:00,2.2253124662222697e-06,2.7509108494656124e-06,4.998067992636947e-06
2013-07-16 01:00:00,2.2391684405871886e-06,2.4106569286179703e-06,5.072034929243507e-06
2013-07-16 02:00:00,2.2335859556942855e-06,2.170971839586935e-06,5.063604141835299e-06
2013-07-16 03:00:00,2.1880091207191387e-06,1.941354787301159e-06,5.113000098436837e-06
2013-07-16 04:00:00,2.0399084160560547e-06,1.7370846187651962e-06,4.90751540197293e-06
2013-07-16 05:00:00,2.014921091860398e-06,1.5551111856908483e-06,3.891934552995283e-06
2013-07-16 06:00:00,1.6610205680106656e-06,1.6338412075276895e-06,2.360189039551598e-06
2013-07-16 07:00:00,1.1928556061899316e-06,1.2970699419070776e-06,1.2768117451827767e-06
2013-07-16 08:00:00,9.902664574834507e-07,8.742865478654115e-07,1.0750516360422258e-06
2013-07-16 09:00:00,8.565800876832757e-07,7.233474041502873e-07,9.841392799505636e-07
2013-07-16 10:00:00,8.273370774751094e-07,6.384632597575455e-07,9.82525292686682e-07
2013-07-16 11:00:00,8.074559089817239e-07,5.777672894311622e-07,9.67401912309181e-07
2013-07-16 12:00:00,8.381416375494917e-07,5.946906325153827e-07,9.798465004723084e-07
2013-07-16 13:00:00,9.211988833030538e-07,6.49215629418958e-07,1.0308567554690717e-06
2013-07-16 14:00:00,1.0938786665520202e-06,7.462042025199186e-07,1.0562801624740975e-06
2013-07-16 15:00:00,1.3372898803062427e-06,9.337329148252204e-07,1.2632153722561204e-06
2013-07-16 16:00:00,1.7927654991666793e-06,1.359490032340448e-06,2.0499458023151674e-06
2013-07-16 17:00:00,2.1736409235965066e-06,2.4147965803789816e-06,3.626996329485546e-06
2013-07-16 18:00:00,1.9556381263005853e-06,1.882303273909564e-06,4.469541342553146e-06
2013-07-16 19:00:00,1.920417818851545e-06,1.6789294716924037e-06,4.741182827946355e-06
2013-07-16 20:00:00,1.965856532704755e-06,1.7831309902683679e-06,4.579368524785054e-06
2013-07-16 21:00:00,2.0345648317950793e-06,1.902910216493876e-06,4.754114370190347e-06
2013-07-16 22:00:00,2.1203834857317325e-06,1.9470777563327143e-06,4.732365494328917e-06
2013-07-16 23:00:00,2.220976164053226e-06,1.9500221007353323e-06,4.966697394188725e-06
2013-07-17 00:00:00,2.277195693626536e-06,1.8393106877366296e-06,5.183420773661958e-06
2013-07-17 01:00:00,2.3044294940583898e-06,1.7894594821934807e-06,5.397669753213269e-06
2013-07-17 02:00:00,2.289824756901468e-06,1.7726706701048196e-06,5.461189601637164e-06
2013-07-17 03:00:00,2.254176979878425e-06,1.7395522322890188e-06,5.39106391876851e-06
2013-07-17 04:00:00,2.0722464302320357e-06,1.6703844223008449e-06,5.1083986586337815e-06
2013-07-17 05:00:00,1.9795523504889314e-06,1.5188214218941712e-06,4.00207280509481e-06
2013-07-17 06:00:00,2.0485113857248083e-06,1.7632144414522837e-06,2.452575199049998e-06
2013-07-17 07:00:00,1.9052955596418867e-06,1.7265601633497108e-06,1.3996827778513007e-06
2013-07-17 08:00:00,1.3708799059756624e-06,1.1179737256891996e-06,1.025862307130516e-06
2013-07-17 09:00:00,1.1001811121291536e-06,8.299011638073812e-07,9.087003627798653e-07
2013-07-17 10:00:00,1.021272937103022e-06,7.41979993308158e-07,8.97566604504511e-07
2013-07-17 11:00:00,8.940042595429262e-07,6.622719876188159e-07,8.840715650375193e-07
2013-07-17 12:00:00,8.751276131385463e-07,6.331423287546087e-07,8.899964151617227e-07
2013-07-17 13:00:00,9.264014726363197e-07,6.77128745975189e-07,9.531889762013683e-07
2013-07-17 14:00:00,9.57298813472177e-07,8.033814097034869e-07,1.0888205789811337e-06
2013-07-17 15:00:00,1.2436959632975831e-06,1.0340959259407433e-06,1.3851732684090954e-06
2013-07-17 16:00:00,1.5910727790154712e-06,1.5386010914967952e-06,2.056254580721314e-06
2013-07-17 17:00:00,2.1099352566348723e-06,2.476735888264725e-06,2.7761590674168245e-06
2013-07-17 18:00:00,2.178381973560965e-06,2.382534416991223e-06,3.3662848649358117e-06
2013-07-17 19:00:00,2.1735641038564936e-06,2.0014679741824737e-06,3.401681432792665e-06
2013-07-17 20:00:00,2.2267970269487896e-06,2.1086505307957296e-06,3.2968206063345957e-06
2013-07-17 21:00:00,2.3029772919269748e-06,2.2284537923841904e-06,3.351600434937736e-06
2013-07-17 22:00:00,2.3805432797853155e-06,2.0789599866940925e-06,3.3961612782740526e-06
2013-07-17 23:00:00,2.5489413059245785e-06,2.1210997764238353e-06,3.544889129613633e-06
2013-07-18 00:00:00,2.616035585893872e-06,2.2806766304352713e-06,3.616147186987959e-06
2013-07-18 01:00:00,2.6489545075376743e-06,2.316332547180182e-06,3.6460369262444476e-06
2013-07-18 02:00:00,2.6506948756879953e-06,2.258163003835994e-06,3.7101388620612015e-06
2013-07-18 03:00:00,2.5603190224270745e-06,2.129440072775453e-06,3.733667542161279e-06
2013-07-18 04:00:00,2.3235659181361283e-06,1.950533165385452e-06,3.670067708603579e-06
2013-07-18 05:00:00,2.1083125231227736e-06,1.8092869744294605e-06,3.099506389588308e-06
2013-07-18 06:00:00,1.7188986782208419e-06,2.0279518501228612e-06,2.1851985634579715e-06
2013-07-18 07:00:00,1.0662671576560942e-06,1.188954712288045e-06,1.2737406571501435e-06
2013-07-18 08:00:00,7.387926714540297e-07,5.870101542882526e-07,9.885934850230873e-07
2013-07-18 09:00:00,5.629528171127263e-07,5.471900978604505e-07,9.4415396545141e-07
2013-07-18 10:00:00,5.693583351568069e-07,4.953095441011195e-07,9.033698113611985e-07
2013-07-18 11:00:00,5.22225011547143e-07,5.2322349189334e-07,9.193664785534759e-07
2013-07-18 12:00:00,5.173267708380206e-07,4.944834924386903e-07,9.185349574358135e-07
2013-07-18 13:00:00,4.977731737330667e-07,4.924446339082449e-07,9.58957811235267e-07
2013-07-18 14:00:00,5.269448294291275e-07,5.557331875292274e-07,1.0192464335993918e-06
2013-07-18 15:00:00,5.614453934046572e-07,5.804004744142185e-07,9.827788512578366e-07
2013-07-18 16:00:00,7.613190687515589e-07,8.483410150382893e-07,1.2804112632133775e-06
2013-07-18 17:00:00,8.538374709901596e-07,1.381318880961979e-06,1.5642762050772824e-06
2013-07-18 18:00:00,8.765031164622394e-07,1.2505898510832283e-06,1.8315348955986774e-06
2013-07-18 19:00:00,8.440555974332311e-07,1.2337061835816978e-06,1.7671783940365632e-06
2013-07-18 20:00:00,8.486476208708236e-07,1.2340323669870556e-06,1.6868062390304387e-06
2013-07-18 21:00:00,8.694756980983699e-07,1.2605717037930443e-06,1.6861591103826553e-06
2013-07-18 22:00:00,9.10687303459612e-07,1.2891586451091255e-06,1.5568067874428958e-06
2013-07-18 23:00:00,9.281796413073546e-07,1.3136711417130057e-06,1.5795473615515818e-06
2013-07-19 00:00:00,9.414561620033442e-07,1.332734755259466e-06,1.61045936522776e-06
2013-07-19 01:00:00,9.504863356081658e-07,1.3405195624454812e-06,1.604616481783081e-06
2013-07-19 02:00:00,9.582485369141515e-07,1.3572979984585265e-06,1.584779383224466e-06
2013-07-19 03:00:00,9.575011702465822e-07,1.3424488775425521e-06,1.5557968534973207e-06
2013-07-19 04:00:00,9.384031219983607e-07,1.312159144946296e-06,1.510170453594999e-06
2013-07-19 05:00:00,9.325238030874971e-07,1.2078728133869614e-06,1.4315609881140243e-06
2013-07-19 06:00:00,9.557702649196293e-07,1.2764595512045456e-06,1.2670779085111224e-06
2013-07-19 07:00:00,7.019510104451854e-07,7.119260226228674e-07,1.0347698150104642e-06
2013-07-19 08:00:00,5.063169365711814e-07,5.893571527571348e-07,9.938209552259137e-07
2013-07-19 09:00:00,4.798346582102097e-07,5.164398309468673e-07,1.0175719694091634e-06
2013-07-19 10:00:00,5.003126816032768e-07,5.365223097387206e-07,1.0313630611313752e-06
2013-07-19 11:00:00,5.137715173921231e-07,6.339465583594214e-07,1.025897321011935e-06
2013-07-19 12:00:00,5.332429501420731e-07,6.445297608965079e-07,1.0127029169565724e-06
2013-07-19 13:00:00,5.30666935536993e-07,5.801676848605793e-07,1.0163048438474954e-06
2013-07-19 14:00:00,5.127131005866885e-07,5.541466898646983e-07,1.023307920895608e-06
2013-07-19 15:00:00,5.272071620046275e-07,6.900473220306756e-07,9.92008663289221e-07
2013-07-19 16:00:00,5.212229276535e-07,7.630124986750126e-07,9.981020121468604e-07
2013-07-19 17:00:00,7.017535301762121e-07,1.2623994653186826e-06,1.4448932594515068e-06
2013-07-19 18:00:00,7.541458030796483e-07,1.5095171620150015e-06,2.0784458225961374e-06
2013-07-19 19:00:00,7.036358473680756e-07,1.4889834614006878e-06,2.166814324372712e-06
2013-07-19 20:00:00,6.654218647255193e-07,1.5485191296365994e-06,2.2689767934245102e-06
2013-07-19 21:00:00,6.769866866172077e-07,1.5346884927569022e-06,2.266302363549222e-06
2013-07-19 22:00:00,8.030971779535831e-07,1.4255370454498433e-06,2.1295410352893566e-06
2013-07-19 23:00:00,8.316466556429298e-07,1.4497853424783297e-06,2.176265118438816e-06
2013-07-20 00:00:00,8.996674452386456e-07,1.501938112533358e-06,2.330967894116514e-06
2013-07-20 01:00:00,9.680735586224582e-07,1.5119055431483006e-06,2.568480992219036e-06
2013-07-20 02:00:00,1.025689537769958e-06,1.5210083661168723e-06,2.7815575001407178e-06
2013-07-20 03:00:00,1.042516493242453e-06,1.5220322648106122e-06,2.915127620786823e-06
2013-07-20 04:00:00,1.0186814147548465e-06,1.5106973041801003e-06,2.962630541788985e-06
2013-07-20 05:00:00,9.24673020133739e-07,1.4900193920994224e-06,2.8131573107886554e-06
2013-07-20 06:00:00,8.371396609283767e-07,1.6627736076479928e-06,2.0749769914665306e-06
2013-07-20 07:00:00,7.719355529335024e-07,1.333246425123868e-06,1.3530979699217482e-06
2013-07-20 08:00:00,7.608339424513185e-07,1.0479465803492723e-06,1.1391022746606239e-06
2013-07-20 09:00:00,7.316979734797266e-07,8.962497414028251e-07,1.068833207737488e-06
2013-07-20 10:00:00,8.045451906932787e-07,8.514230778520831e-07,1.0566518561441856e-06
2013-07-20 11:00:00,7.53258375598916e-07,7.633661272584863e-07,1.0058385915273687e-06
2013-07-20 12:00:00,7.247022902435128e-07,7.034477573766926e-07,9.896697690417472e-07
2013-07-20 13:00:00,7.152961869537001e-07,7.022240146552569e-07,9.834526173227343e-07
2013-07-20 14:00:00,6.75229321160437e-07,7.269527722771484e-07,1.0063563666833757e-06
2013-07-20 15:00:00,7.786802092586246e-07,8.525819822747995e-07,1.2084079616427308e-06
2013-07-20 16:00:00,8.911364390693003e-07,1.1557712587861954e-06,1.678528446674843e-06
2013-07-20 17:00:00,9.789939316155492e-07,1.8095364451503417e-06,2.491086661374788e-06
2013-07-20 18:00:00,8.970131714174144e-07,2.084002693675224e-06,3.135008031039576e-06
2013-07-20 19:00:00,8.741516913506003e-07,2.032467269007927e-06,3.0444847588173777e-06
2013-07-20 20:00:00,8.720289046983022e-07,2.0150476430913706e-06,2.7596588540632374e-06
2013-07-20 21:00:00,8.804493567106479e-07,1.975594555549952e-06,2.6894526724586214e-06
2013-07-20 22:00:00,8.960296511504725e-07,1.9118095375318543e-06,2.790023802473082e-06
2013-07-20 23:00:00,9.150357006444926e-07,1.8370354635139982e-06,2.9381774665548594e-06
2013-07-21 00:00:00,9.340804478761449e-07,1.7612109756402323e-06,3.0695441549670273e-06
2013-07-21 01:00:00,9.525635581846907e-07,1.6887759857853383e-06,3.2735855036536946e-06
2013-07-21 02:00:00,9.558021453263667e-07,1.6055241668274499e-06,3.4562080210522194e-06
2013-07-21 03:00:00,9.61677675861293e-07,1.5391911474838104e-06,3.5095022465027927e-06
2013-07-21 04:00:00,9.681819999162552e-07,1.4977892322570345e-06,3.538428144162999e-06
2013-07-21 05:00:00,9.84960463801177e-07,1.4776841999587e-06,3.408244652647206e-06
2013-07-21 06:00:00,1.0482743583732319e-06,1.5641143525107439e-06,1.980853962431694e-06
2013-07-21 07:00:00,8.389745053362708e-07,9.901039257174801e-07,1.2361610430234604e-06
2013-07-21 08:00:00,5.610157065096317e-07,5.693557804496659e-07,1.0567260586493594e-06
2013-07-21 09:00:00,5.156519454218698e-07,5.227395831181102e-07,9.749070741581504e-07
2013-07-21 10:00:00,5.179010436497963e-07,5.180396555193778e-07,9.27366885975121e-07
2013-07-21 11:00:00,5.16121951896134e-07,5.213536434584982e-07,9.32915574218092e-07
2013-07-21 12:00:00,5.172691456336273e-07,5.184011090209956e-07,9.213867809454928e-07
2013-07-21 13:00:00,5.320419308899746e-07,5.108095292103716e-07,9.661810274691388e-07
2013-07-21 14:00:00,5.700983762151822e-07,5.424160658858604e-07,1.0222574021606233e-06
2013-07-21 15:00:00,7.833423981625061e-07,7.688856521503241e-07,1.2533837858526607e-06
2013-07-21 16:00:00,9.620113772225498e-07,1.2064013876738306e-06,1.9313353753532777e-06
2013-07-21 17:00:00,9.747876931279478e-07,2.1246122045667724e-06,3.406281226601541e-06
2013-07-21 18:00:00,9.559892684700606e-07,2.296255673312333e-06,4.761099417721749e-06
2013-07-21 19:00:00,9.475712429493186e-07,2.1559354177198586e-06,4.515728340070688e-06
2013-07-21 20:00:00,9.219900187116513e-07,2.160785600630865e-06,4.26817796847922e-06
2013-07-21 21:00:00,9.512563750463652e-07,2.219501290704463e-06,4.3841674069338174e-06
2013-07-21 22:00:00,1.0515638574866752e-06,2.2994532857660664e-06,4.7052919852505554e-06
2013-07-21 23:00:00,1.1255376712500573e-06,2.34492035181265e-06,5.101082409060712e-06
2013-07-22 00:00:00,1.1389381518280205e-06,2.3746569533552316e-06,5.472902646570941e-06
2013-07-22 01:00:00,1.2263825410554585e-06,2.3852940360931955e-06,5.60905276637441e-06
2013-07-22 02:00:00,1.3860848284947833e-06,2.374168150773485e-06,5.609521508263471e-06
2013-07-22 03:00:00,1.4805567849019073e-06,2.3056480566439325e-06,5.50081383618407e-06
2013-07-22 04:00:00,1.4802764459426499e-06,2.1791122575708912e-06,5.327284913793214e-06
2013-07-22 05:00:00,1.4156830604595882e-06,2.1023260603512894e-06,4.866265028782912e-06
2013-07-22 06:00:00,1.2215327381339462e-06,2.386038319914004e-06,2.50298803051388e-06
2013-07-22 07:00:00,1.0506556634269433e-06,1.2640501586952994e-06,1.3273855028114685e-06
2013-07-22 08:00:00,8.562288643859434e-07,7.910699285263951e-07,1.0129134759553775e-06
2013-07-22 09:00:00,7.430003508910063e-07,6.599793291053115e-07,9.392284152108267e-07
2013-07-22 10:00:00,6.486203574531396e-07,5.666974157316393e-07,8.964528987130203e-07
2013-07-22 11:00:00,6.263491111489484e-07,4.87103672011575e-07,8.390399965994312e-07
2013-07-22 12:00:00,6.462196240349135e-07,5.962562990700502e-07,9.068481204961248e-07
2013-07-22 13:00:00,7.121061366731455e-07,6.542119083740776e-07,9.325686030598168e-07
2013-07-22 14:00:00,7.912498503739913e-07,7.5552010485395e-07,1.0240034186873666e-06
2013-07-22 15:00:00,9.240263779192225e-07,9.988632137333801e-07,1.2990704095259159e-06
2013-07-22 16:00:00,1.0390298820343166e-06,1.6711226949015265e-06,2.0373812821432695e-06
2013-07-22 17:00:00,1.121315080212743e-06,2.942296255421629e-06,3.1196416403395662e-06
2013-07-22 18:00:00,1.1701573494587897e-06,1.983547700677401e-06,4.192183423894039e-06
2013-07-22 19:00:00,1.1925931793495156e-06,1.6852960997572114e-06,4.398911117709722e-06
2013-07-22 20:00:00,1.1944704129372616e-06,2.1805246879290147e-06,4.36121397988013e-06
2013-07-22 21:00:00,1.2091209836929216e-06,4.063748695163308e-06,4.509059949178745e-06
2013-07-22 22:00:00,1.0234240852326967e-06,5.531729454493115e-06,4.091417015366738e-06
2013-07-22 23:00:00,1.0942895515042569e-06,5.7452661935546706e-06,4.641976180557736e-06
2013-07-23 00:00:00,1.1310348588512686e-06,5.808471078020105e-06,5.0174400504744586e-06
2013-07-23 01:00:00,1.1605596720069226e-06,4.108407903184224e-06,5.124511445321856e-06
2013-07-23 02:00:00,1.1673137053245477e-06,2.4750521827461422e-06,5.076923707511777e-06
2013-07-23 03:00:00,1.1922245003794413e-06,1.7096130851243601e-06,4.974282185162489e-06
2013-07-23 04:00:00,1.1888990295895639e-06,1.6513254161367042e-06,4.755264912161375e-06
2013-07-23 05:00:00,1.0834590432766474e-06,1.5903366570281814e-06,4.0308541176832415e-06
2013-07-23 06:00:00,9.537144805247226e-07,1.9172992085261772e-06,2.213594375541525e-06
2013-07-23 07:00:00,8.663421476552831e-07,1.2573870663998388e-06,1.4006211863141279e-06
2013-07-23 08:00:00,7.345652940725465e-07,7.417253310154314e-07,1.0694212122104823e-06
2013-07-23 09:00:00,6.846078232040314e-07,6.250619547603566e-07,9.608860699798305e-07
2013-07-23 10:00:00,5.631908743803833e-07,5.947777733608126e-07,8.941693919753889e-07
2013-07-23 11:00:00,5.902279454182309e-07,5.288645570719874e-07,8.688531595273056e-07
2013-07-23 12:00:00,6.136591766651546e-07,5.929592529089649e-07,9.321955961986638e-07
2013-07-23 13:00:00,6.335938511823749e-07,6.285462700910903e-07,1.0235652113103096e-06
2013-07-23 14:00:00,6.648868525639789e-07,8.981686348130947e-07,1.3306274551747871e-06
2013-07-23 15:00:00,7.256258903906307e-07,1.4028375580651678e-06,1.7769939827476985e-06
2013-07-23 16:00:00,8.357685495925943e-07,2.6303153301069095e-06,2.623013384418739e-06
2013-07-23 17:00:00,1.0314250229742803e-06,3.6062074779287075e-06,3.555058133735267e-06
2013-07-23 18:00:00,1.1556230930650318e-06,4.251305091507709e-06,4.116690861299133e-06
2013-07-23 19:00:00,1.237750602742014e-06,3.0220572247709517e-06,3.513407536135306e-06
2013-07-23 20:00:00,1.2313917759984692e-06,2.8141032298653658e-06,3.0063707572892595e-06
2013-07-23 21:00:00,1.2609641750450175e-06,2.502367569228371e-06,2.8905016239444707e-06
2013-07-23 22:00:00,1.1009101995024087e-06,3.950826913021967e-06,3.061803440606653e-06
2013-07-23 23:00:00,1.1553893772591833e-06,3.777895017041146e-06,3.2444290161943094e-06
2013-07-24 00:00:00,1.1702480854938518e-06,4.3850775462060105e-06,3.2227930102854646e-06
2013-07-24 01:00:00,1.2954905896779668e-06,6.774050401336387e-06,3.203991339952829e-06
2013-07-24 02:00:00,1.4350086052896374e-06,6.776193483284383e-06,3.346427156680327e-06
2013-07-24 03:00:00,1.5281360631336346e-06,7.318444680887073e-06,3.385973272631303e-06
2013-07-24 04:00:00,1.5636694214570851e-06,7.496655048811517e-06,3.411933284149274e-06
2013-07-24 05:00:00,1.5343153240695166e-06,4.7332379543833376e-06,2.9699218617094965e-06
2013-07-24 06:00:00,1.4309492973392216e-06,4.325830387323825e-06,2.2732026525467466e-06
2013-07-24 07:00:00,1.3863382617752115e-06,2.793390165902647e-06,1.6174261011331446e-06
2013-07-24 08:00:00,1.3003967778740892e-06,1.8471642382581082e-06,1.3737879059984083e-06
2013-07-24 09:00:00,1.0599947099975841e-06,1.26626351244083e-06,1.1995980243391166e-06
2013-07-24 10:00:00,9.793711461731001e-07,9.86735771889357e-07,1.199078855211558e-06
2013-07-24 11:00:00,9.225108015720198e-07,9.609467335918706e-07,1.2399866665984441e-06
2013-07-24 12:00:00,9.008107708741279e-07,8.27386052357363e-07,1.5007729189664022e-06
2013-07-24 13:00:00,8.306809275522074e-07,7.284634518289924e-07,1.698281855190452e-06
2013-07-24 14:00:00,8.473621019220438e-07,7.323104846289397e-07,1.926205088373967e-06
2013-07-24 15:00:00,9.247740413270202e-07,8.862174068586758e-07,2.47796031759955e-06
2013-07-24 16:00:00,1.1514113450827128e-06,1.2564661765748093e-06,3.4435435158190823e-06
2013-07-24 17:00:00,1.4384562788720233e-06,2.109109575068305e-06,4.285687576772477e-06
2013-07-24 18:00:00,1.5961432216354452e-06,2.022122450260186e-06,5.1705480408013276e-06
2013-07-24 19:00:00,1.6309195133402886e-06,1.906079883340241e-06,5.510590237337834e-06
2013-07-24 20:00:00,1.661560636082378e-06,1.915402529309027e-06,5.764741564630467e-06
2013-07-24 21:00:00,1.7108962435750371e-06,1.9594516516719234e-06,6.212748199864795e-06
2013-07-24 22:00:00,1.836436362313205e-06,2.039534963807757e-06,6.681124563573392e-06
2013-07-24 23:00:00,1.912166497755341e-06,2.1491578027298325e-06,7.0744709871873405e-06
2013-07-25 00:00:00,1.971484770689111e-06,2.24860664187262e-06,7.266235495593532e-06
2013-07-25 01:00:00,2.018186023156725e-06,2.1691181708962284e-06,7.491386768435222e-06
2013-07-25 02:00:00,2.0514902808490426e-06,2.03795257158976e-06,7.759164888831936e-06
2013-07-25 03:00:00,2.0391367963427033e-06,1.981211890167242e-06,7.447494736369268e-06
2013-07-25 04:00:00,1.961653523341217e-06,1.8818952971112465e-06,7.240688555316228e-06
2013-07-25 05:00:00,1.9768092356470536e-06,1.881905275985622e-06,5.661932770329838e-06
2013-07-25 06:00:00,2.185831355155568e-06,2.385354937520991e-06,3.3866137026226313e-06
2013-07-25 07:00:00,1.3580205308509485e-06,1.4671739041615585e-06,1.7253324687961384e-06
2013-07-25 08:00:00,1.0902069110976353e-06,9.762038157880806e-07,1.302437416030487e-06
2013-07-25 09:00:00,9.61642756449213e-07,7.434722616720698e-07,1.0884576745095598e-06
2013-07-25 10:00:00,9.30734224764113e-07,7.163060054730906e-07,1.0894245332130528e-06
2013-07-25 11:00:00,8.396455754822094e-07,6.782208865604346e-07,1.1214308328410404e-06
2013-07-25 12:00:00,8.704030061228247e-07,6.610904576526044e-07,1.1901068217087513e-06
2013-07-25 13:00:00,9.69637582931238e-07,7.265071684516557e-07,1.307990150176714e-06
2013-07-25 14:00:00,1.1011279284954048e-06,8.636199237439668e-07,1.525413907901969e-06
2013-07-25 15:00:00,1.3218033403577253e-06,1.0887047734269394e-06,1.8520555661994409e-06
2013-07-25 16:00:00,1.7820835319637186e-06,1.553610332376574e-06,3.0592290402183238e-06
2013-07-25 17:00:00,1.5141191224218272e-06,2.732405031964556e-06,4.379441469725528e-06
2013-07-25 18:00:00,1.4055023809277851e-06,2.4888387708326847e-06,5.451343750533004e-06
2013-07-25 19:00:00,1.4296501701399255e-06,2.2802077658029274e-06,5.722562180563399e-06
2013-07-25 20:00:00,1.4160866875578163e-06,2.3245294380812963e-06,5.720376879756401e-06
2013-07-25 21:00:00,1.4236561390239054e-06,2.4565444434185555e-06,5.735571098577247e-06
2013-07-25 22:00:00,1.4554155914088912e-06,2.915708213984982e-06,6.077867656733091e-06
2013-07-25 23:00:00,1.488561605587849e-06,3.6336757593779388e-06,6.501315260744114e-06
2013-07-26 00:00:00,1.5188205547418238e-06,3.726988364643111e-06,6.779555534485184e-06
2013-07-26 01:00:00,1.5409815130426683e-06,3.7489353719308446e-06,7.132855683910909e-06
2013-07-26 02:00:00,1.5537368110378677e-06,3.237907110891724e-06,7.1107669417195655e-06
2013-07-26 03:00:00,1.5295445087160508e-06,2.9212434848097786e-06,6.667182222155858e-06
2013-07-26 04:00:00,1.502477177508109e-06,2.608902789728812e-06,5.989173119371307e-06
2013-07-26 05:00:00,1.4493560699576792e-06,2.563883849365263e-06,4.951032043720601e-06
2013-07-26 06:00:00,1.302023672370826e-06,4.799244122172827e-06,2.673457460568214e-06
2013-07-26 07:00:00,1.3001522533191588e-06,4.701145146222583e-06,1.6456985858947387e-06
2013-07-26 08:00:00,1.3425508657603961e-06,4.637283687493008e-06,1.2373289221067366e-06
2013-07-26 09:00:00,1.4181044560643672e-06,2.8169884237418136e-06,1.117384700305288e-06
2013-07-26 10:00:00,1.2411050464711506e-06,1.5880941713384835e-06,1.052608388095926e-06
2013-07-26 11:00:00,1.2324084022172794e-06,8.556977879597498e-07,1.0388091443757009e-06
2013-07-26 12:00:00,1.1110285092072493e-06,6.828627279469928e-07,1.1284956727146074e-06
2013-07-26 13:00:00,1.0146267465432436e-06,6.910107658565732e-07,1.248897265503426e-06
2013-07-26 14:00:00,1.24835824442559e-06,7.942267869321891e-07,1.6033641602728365e-06
2013-07-26 15:00:00,1.5495548930787183e-06,1.0906760409915119e-06,1.967958950204976e-06
2013-07-26 16:00:00,2.051276536317712e-06,1.8542578290836557e-06,2.991560511500961e-06
2013-07-26 17:00:00,2.018070339245506e-06,2.2213326688958273e-06,4.354163466661365e-06
2013-07-26 18:00:00,1.7863882505703184e-06,1.702984478838722e-06,5.600109196029516e-06
2013-07-26 19:00:00,1.752165669819645e-06,1.7020479620951937e-06,5.942677448326931e-06
2013-07-26 20:00:00,1.7738178903596967e-06,1.7660572644628894e-06,5.993832357789002e-06
2013-07-26 21:00:00,1.8209066260736062e-06,1.8256322138272992e-06,6.214659080690667e-06
2013-07-26 22:00:00,1.902413839841483e-06,1.877725413784347e-06,6.612212011715446e-06
2013-07-26 23:00:00,1.967282907583134e-06,1.926318032588903e-06,6.879115203295132e-06
2013-07-27 00:00:00,2.021940641496869e-06,1.9895429268250662e-06,7.159852359160044e-06
2013-07-27 01:00:00,2.0689975095536247e-06,2.036213991024285e-06,7.434568548684517e-06
2013-07-27 02:00:00,2.0838270867100957e-06,2.092432973816447e-06,7.728709476341344e-06
2013-07-27 03:00:00,2.0997855240561327e-06,2.1061758206961957e-06,8.069717673163021e-06
2013-07-27 04:00:00,2.119797437655916e-06,2.1166767295367103e-06,8.524185917471585e-06
2013-07-27 05:00:00,2.2857468806398154e-06,2.118539143679763e-06,8.178204133849664e-06
2013-07-27 06:00:00,2.1741612905140794e-06,4.86011620757336e-06,2.5457252061841507e-06
2013-07-27 07:00:00,1.3742717007726516e-06,4.45567966436696e-06,1.3629352404360844e-06
2013-07-27 08:00:00,1.233662756019678e-06,4.075390340403184e-06,1.0941682337779245e-06
2013-07-27 09:00:00,1.2476901074032518e-06,2.4610630205662912e-06,1.0383837430689952e-06
2013-07-27 10:00:00,1.0264466674440062e-06,1.0598300770901024e-06,1.0308989784084425e-06
2013-07-27 11:00:00,8.421087185166554e-07,7.893633881935889e-07,1.0360579184689189e-06
2013-07-27 12:00:00,6.635336717145172e-07,7.385636928405305e-07,1.0553845403144893e-06
2013-07-27 13:00:00,6.145737416704591e-07,6.757357370055202e-07,1.0800518310004696e-06
2013-07-27 14:00:00,6.388084266525273e-07,6.644873438008508e-07,1.1023764732451238e-06
2013-07-27 15:00:00,7.249622095482276e-07,9.66680923835781e-07,1.298043067459271e-06
2013-07-27 16:00:00,8.664904181085051e-07,1.4812061429488492e-06,1.8373985493448512e-06
2013-07-27 17:00:00,1.1251767474439832e-06,1.7013177784983237e-06,2.861423821379381e-06
2013-07-27 18:00:00,1.4862640847378127e-06,1.4789070259275745e-06,3.443803500527821e-06
2013-07-27 19:00:00,1.4132078619990657e-06,1.5393844365380805e-06,3.323375999750899e-06
2013-07-27 20:00:00,1.1716245628157358e-06,1.5355626250066166e-06,2.8991789703871913e-06
2013-07-27 21:00:00,1.0078925320502307e-06,1.5297538436877483e-06,2.6605005414099596e-06
2013-07-27 22:00:00,1.0014391450919989e-06,1.7539723273970295e-06,2.380660801000207e-06
2013-07-27 23:00:00,9.483579682314635e-07,1.6173928093331781e-06,2.277082822217858e-06
2013-07-28 00:00:00,8.096067565014349e-07,2.003140652404156e-06,2.401865214313886e-06
2013-07-28 01:00:00,7.082587630060781e-07,3.778011924832275e-06,2.521819264014555e-06
2013-07-28 02:00:00,6.52943703139978e-07,4.342307339340404e-06,2.6391391707623007e-06
2013-07-28 03:00:00,5.887769090354672e-07,4.71966815579094e-06,2.5978408611359444e-06
2013-07-28 04:00:00,5.310225286117863e-07,5.001411336810788e-06,2.639419122442651e-06
2013-07-28 05:00:00,4.4533775652521766e-07,1.925921660546017e-06,2.095779563538276e-06
2013-07-28 06:00:00,3.5970437019479116e-07,1.2785337368294766e-06,1.221362400469356e-06
2013-07-28 07:00:00,3.494981229495786e-07,1.0716339912658457e-06,1.1864528609010627e-06
2013-07-28 08:00:00,3.404378164279395e-07,1.001077206495652e-06,1.090706605164107e-06
2013-07-28 09:00:00,3.4964741196185185e-07,8.932078280814705e-07,1.0521015598526103e-06
2013-07-28 10:00:00,3.6444058193605446e-07,6.932845236603556e-07,1.013383244520034e-06
2013-07-28 11:00:00,4.13166819128138e-07,6.331330241113553e-07,1.023993001943029e-06
2013-07-28 12:00:00,3.617875978462209e-07,7.448789032730929e-07,1.06187334357648e-06
2013-07-28 13:00:00,3.5892249130710135e-07,7.035715741077756e-07,1.1639699466270213e-06
2013-07-28 14:00:00,3.8462386411964367e-07,7.516494576820636e-07,1.286259233021916e-06
2013-07-28 15:00:00,3.9391429126812416e-07,8.590399994679492e-07,1.3435197014821402e-06
2013-07-28 16:00:00,5.210356258336683e-07,1.0007652690608683e-06,1.9567409461189043e-06
2013-07-28 17:00:00,5.033357674020815e-07,1.4894542669643352e-06,2.692917773163228e-06
2013-07-28 18:00:00,4.854237755315034e-07,1.1432675952198125e-06,3.165245795797317e-06
2013-07-28 19:00:00,5.095678757528889e-07,1.2860275537803305e-06,3.3547792663323524e-06
2013-07-28 20:00:00,5.226027204194619e-07,1.2678670823525173e-06,3.6658388637448924e-06
2013-07-28 21:00:00,5.173817530892963e-07,1.285594376332471e-06,3.7272321997899443e-06
2013-07-28 22:00:00,5.11424504341526e-07,1.5796383630648902e-06,4.560024867032408e-06
2013-07-28 23:00:00,5.03766935902744e-07,2.033113088804894e-06,4.542513795992498e-06
2013-07-29 00:00:00,4.929991680014894e-07,2.4445651998673617e-06,4.415703461874348e-06
2013-07-29 01:00:00,4.847129022481056e-07,2.4750784146305034e-06,4.188396884500741e-06
2013-07-29 02:00:00,4.811216602076165e-07,2.361923303285507e-06,3.887149568918444e-06
2013-07-29 03:00:00,4.904164723703398e-07,1.6609350236372597e-06,3.5931700795487344e-06
2013-07-29 04:00:00,4.814233184466959e-07,1.4745465641532354e-06,3.507926088850038e-06
2013-07-29 05:00:00,4.7338212232567193e-07,1.3740957587032783e-06,3.1861523925826085e-06
2013-07-29 06:00:00,4.909418387162224e-07,1.575476164027849e-06,2.6603831465482294e-06
2013-07-29 07:00:00,4.605803740437972e-07,6.642545876181507e-07,2.2605031699514634e-06
2013-07-29 08:00:00,4.1372964547188716e-07,5.6671105685922e-07,1.943310966062814e-06
2013-07-29 09:00:00,4.027722126069072e-07,5.534013341755756e-07,1.7862179442982401e-06
2013-07-29 10:00:00,4.3970473522492703e-07,5.828556305381396e-07,1.7481238375447606e-06
2013-07-29 11:00:00,4.171760093707829e-07,6.019420112107657e-07,1.6812153916606649e-06
2013-07-29 12:00:00,4.061652451668855e-07,5.702683488123804e-07,1.7518153822012684e-06
2013-07-29 13:00:00,4.17999717366655e-07,5.669621859968073e-07,1.8407167786919504e-06
2013-07-29 14:00:00,4.19952181117793e-07,5.64023662709815e-07,2.1244036647599005e-06
2013-07-29 15:00:00,4.330671835910196e-07,5.751138955068857e-07,2.4075250743028638e-06
2013-07-29 16:00:00,4.6542376382211026e-07,9.09127614885724e-07,2.506830180178752e-06
2013-07-29 17:00:00,5.191030156399439e-07,1.1565746049152484e-06,2.5289984952733155e-06
2013-07-29 18:00:00,4.738655931832346e-07,2.117288403364357e-06,2.9590973278912823e-06
2013-07-29 19:00:00,4.6597767416987106e-07,1.3131417399499734e-06,2.787689698909178e-06
2013-07-29 20:00:00,4.6297059166369854e-07,1.3356456265141197e-06,2.672333463803658e-06
2013-07-29 21:00:00,4.646662027612898e-07,1.3781870263453996e-06,2.6218774933068536e-06
2013-07-29 22:00:00,4.680485269691094e-07,1.4064311340398722e-06,2.5828703161165862e-06
2013-07-29 23:00:00,4.7168872293441655e-07,2.22239997349578e-06,2.5740967512312584e-06
2013-07-30 00:00:00,4.746171639299972e-07,1.6861036767984014e-06,2.4411402576392605e-06
2013-07-30 01:00:00,4.7618664685181645e-07,1.3818721688982493e-06,2.282058387532478e-06
2013-07-30 02:00:00,4.753522384070119e-07,1.25782031302825e-06,2.1396775664423305e-06
2013-07-30 03:00:00,4.7276887405241086e-07,1.2559407484246597e-06,1.9593214418761812e-06
2013-07-30 04:00:00,4.6740763673348556e-07,1.2255637971072134e-06,1.9392611217585037e-06
2013-07-30 05:00:00,4.6777517921424005e-07,1.1488385095065784e-06,1.8819952745263034e-06
2013-07-30 06:00:00,4.5305242807308535e-07,1.2774388334056297e-06,1.4404546001441539e-06
2013-07-30 07:00:00,3.7037746001832345e-07,8.982915076242693e-07,1.0123245224204255e-06
2013-07-30 08:00:00,3.4794782634042084e-07,8.085698898813994e-07,9.248826345670107e-07
2013-07-30 09:00:00,3.35198781407684e-07,7.513064879649177e-07,8.606113959048571e-07
2013-07-30 10:00:00,3.8881065804075976e-07,8.194850410993244e-07,8.349767813722598e-07
2013-07-30 11:00:00,3.8424525611909793e-07,9.886342701446372e-07,7.860617285505405e-07
2013-07-30 12:00:00,3.811682260596156e-07,1.0830782170194518e-06,7.782283736881007e-07
2013-07-30 13:00:00,3.996322377973884e-07,1.1905188077743364e-06,7.874264249258447e-07
2013-07-30 14:00:00,4.0738071768013786e-07,1.180086577822356e-06,8.491724749345055e-07
2013-07-30 15:00:00,3.9724907956697964e-07,1.1630513731531118e-06,9.565890712861135e-07
2013-07-30 16:00:00,4.16125874897684e-07,1.345458298065245e-06,9.92673737585488e-07
2013-07-30 17:00:00,5.698778585571482e-07,1.4329807694327092e-06,1.3845809857564032e-06
2013-07-30 18:00:00,6.220774152799548e-07,1.4869182898566833e-06,1.6505550271020526e-06
2013-07-30 19:00:00,6.050347646002026e-07,1.5040783005318886e-06,1.732607430408584e-06
2013-07-30 20:00:00,5.939836417998892e-07,1.508929483523076e-06,1.7424966569224392e-06
2013-07-30 21:00:00,6.165537300737447e-07,1.505802824469788e-06,1.6182373543525624e-06
2013-07-30 22:00:00,6.401221765297038e-07,1.510657364026785e-06,1.4049792721334558e-06
2013-07-30 23:00:00,6.598083654989625e-07,1.5283679660956776e-06,1.4429508634260446e-06
2013-07-31 00:00:00,6.685917672912016e-07,1.544882273272946e-06,1.4675975069266523e-06
2013-07-31 01:00:00,6.714052753337592e-07,1.5819763212028399e-06,1.5497422114649661e-06
2013-07-31 02:00:00,6.672699665306858e-07,1.5720270334127023e-06,1.5562734046023524e-06
2013-07-31 03:00:00,6.490204543397409e-07,1.5854206709160643e-06,1.5415206553533024e-06
2013-07-31 04:00:00,6.281796440647985e-07,1.524039657166694e-06,1.5673824736648845e-06
2013-07-31 05:00:00,6.234006267053756e-07,1.197578894074463e-06,1.4842290359215516e-06
2013-07-31 06:00:00,6.232555129646513e-07,1.308206622932759e-06,1.2989796562123186e-06
2013-07-31 07:00:00,5.19711253074284e-07,1.0009581471279519e-06,8.612837369704384e-07
2013-07-31 08:00:00,4.532581493933165e-07,7.986004202753175e-07,7.347422308389404e-07
2013-07-31 09:00:00,3.9104835509758895e-07,7.55973091514072e-07,7.397353174768118e-07
2013-07-31 10:00:00,4.90998877648277e-07,9.115883662376636e-07,8.611810568823603e-07
2013-07-31 11:00:00,4.7305329394995004e-07,8.25882213125392e-07,8.099460131900808e-07
2013-07-31 12:00:00,4.774174882358669e-07,6.970430301878912e-07,7.920933986880748e-07
2013-07-31 13:00:00,5.076044105270394e-07,6.422567173375256e-07,7.885965565046968e-07
2013-07-31 14:00:00,5.63810610235058e-07,6.914605543367275e-07,8.247835619617569e-07
2013-07-31 15:00:00,6.437843887572383e-07,7.926558531299473e-07,9.159397760085846e-07
2013-07-31 16:00:00,7.565962324377347e-07,1.1319414047696704e-06,1.4744911717942485e-06
2013-07-31 17:00:00,7.297000668081008e-07,1.4111100736460144e-06,2.5231568017459207e-06
2013-07-31 18:00:00,8.408086568402771e-07,1.6558046341818658e-06,3.330052031442702e-06
2013-07-31 19:00:00,9.234300004935529e-07,1.831647616146024e-06,4.0354024883573e-06
2013-07-31 20:00:00,9.309393153033757e-07,1.838305229927661e-06,4.43230801052917e-06
2013-07-31 21:00:00,8.475991593948024e-07,1.912472049702922e-06,4.78636305928023e-06
2013-07-31 22:00:00,7.454463896196686e-07,1.791390298014114e-06,4.791118271053257e-06
2013-07-31 23:00:00,6.877504853508352e-07,1.9025003738905577e-06,4.809274352979577e-06
2013-08-01 00:00:00,6.349731688417836e-07,2.4525051758504114e-06,4.701556923512227e-06
2013-08-01 01:00:00,6.037310096918196e-07,2.4266608794972165e-06,4.5668524401230405e-06
2013-08-01 02:00:00,5.889244296768102e-07,2.2889229225680675e-06,4.535034133311409e-06
2013-08-01 03:00:00,5.811161693699388e-07,1.873697761652784e-06,4.405687669892327e-06
2013-08-01 04:00:00,5.671052016891231e-07,1.6109544682848448e-06,4.041983681517471e-06
2013-08-01 05:00:00,5.507916706665702e-07,1.5121672397968403e-06,3.510063141723925e-06
2013-08-01 06:00:00,5.710509255460687e-07,1.626499517072759e-06,2.3040144556237325e-06
2013-08-01 07:00:00,5.728918754763331e-07,9.417321359553999e-07,1.1223490015819788e-06
2013-08-01 08:00:00,4.5348790203078386e-07,6.426607793740198e-07,9.936981501610449e-07
2013-08-01 09:00:00,4.24740290474386e-07,6.661702337666736e-07,9.387233284776774e-07
2013-08-01 10:00:00,4.40569259760774e-07,7.103641640112027e-07,9.761411084571309e-07
2013-08-01 11:00:00,4.280319307532028e-07,7.239580209529876e-07,9.923692184955996e-07
2013-08-01 12:00:00,4.2126968772645086e-07,7.092743068747306e-07,9.797307947611366e-07
2013-08-01 13:00:00,4.3703648475361835e-07,6.829409480185284e-07,9.625507446142945e-07
2013-08-01 14:00:00,4.6565729337011187e-07,6.492328801820043e-07,1.0441489835795683e-06
2013-08-01 15:00:00,5.49108551696751e-07,6.70807699921929e-07,1.1053545495583868e-06
2013-08-01 16:00:00,5.881474061570665e-07,6.057655592497445e-07,1.7298474797042352e-06
2013-08-01 17:00:00,4.913743150214439e-07,1.8530230997119074e-06,2.5171171590285527e-06
2013-08-01 18:00:00,4.965002388196856e-07,2.572324464266948e-06,3.470534914873306e-06
2013-08-01 19:00:00,4.638064309577808e-07,2.3518725538355063e-06,3.3542469350840647e-06
2013-08-01 20:00:00,4.4439713392931824e-07,1.9879365406429345e-06,2.774672524428528e-06
2013-08-01 21:00:00,4.487073674182929e-07,2.0108421233601418e-06,2.319544554057851e-06
2013-08-01 22:00:00,4.546326364428008e-07,1.5888574660437328e-06,2.1606283359982814e-06
2013-08-01 23:00:00,4.5951480743373014e-07,1.4280204819046591e-06,2.2111074507453462e-06
2013-08-02 00:00:00,4.625243727444752e-07,1.1288962299954821e-06,2.2058965840466895e-06
2013-08-02 01:00:00,4.6372441642839136e-07,1.0738058475418137e-06,2.2323521475473575e-06
2013-08-02 02:00:00,4.63723128869063e-07,1.083860811795256e-06,2.2385200016234106e-06
2013-08-02 03:00:00,4.6831243822094435e-07,1.1020911663659453e-06,2.190938258930561e-06
2013-08-02 04:00:00,4.534494377089506e-07,1.1383069279755096e-06,2.082007039053531e-06
2013-08-02 05:00:00,4.4496681882134375e-07,1.1408368131559629e-06,2.015506778787812e-06
2013-08-02 06:00:00,4.770382069139786e-07,1.2392657703381233e-06,1.5748266571480395e-06
2013-08-02 07:00:00,4.1817697223995404e-07,8.845401388873983e-07,1.0427680294229502e-06
2013-08-02 08:00:00,3.887857639001512e-07,6.650139803056093e-07,1.1245832255648907e-06
2013-08-02 09:00:00,3.9921514332937184e-07,6.359053224930693e-07,1.1380721299445908e-06
2013-08-02 10:00:00,4.360012840142058e-07,6.549236616425041e-07,1.1155365209685098e-06
2013-08-02 11:00:00,4.567484027709838e-07,6.796571773104559e-07,1.0876417947713092e-06
2013-08-02 12:00:00,5.123910746322185e-07,6.527102524451481e-07,1.0724666543424057e-06
2013-08-02 13:00:00,5.423693724847736e-07,6.376791340846164e-07,1.06817009164122e-06
2013-08-02 14:00:00,5.301687948373052e-07,6.788854951773851e-07,1.0777710859338944e-06
2013-08-02 15:00:00,7.58719544788413e-07,7.532247717139964e-07,1.075142074532876e-06
2013-08-02 16:00:00,8.182651401109609e-07,8.092935529477571e-07,1.2388735261957866e-06
2013-08-02 17:00:00,6.859329729989956e-07,8.03956469429996e-07,1.5272746192694832e-06
2013-08-02 18:00:00,6.348437476995034e-07,8.571501811662622e-07,1.9206791734589083e-06
2013-08-02 19:00:00,6.163292443710862e-07,9.301466861710555e-07,1.5089605659148624e-06
2013-08-02 20:00:00,6.096565369608004e-07,9.392994871197223e-07,1.2339166562968889e-06
2013-08-02 21:00:00,6.086448916807363e-07,9.44460443251992e-07,1.0976392818651624e-06
2013-08-02 22:00:00,6.188897102403301e-07,1.0133869729374148e-06,1.0607339374085604e-06
2013-08-02 23:00:00,6.414646798910453e-07,1.2147291904440744e-06,1.0891403586139383e-06
2013-08-03 00:00:00,6.763593449126309e-07,1.519266554238565e-06,1.1786109559227703e-06
2013-08-03 01:00:00,6.825418876385351e-07,1.3435561754701292e-06,1.1610446123192042e-06
2013-08-03 02:00:00,5.940155345052566e-07,1.3703999400611543e-06,1.2130237935596106e-06
2013-08-03 03:00:00,4.96565791525677e-07,1.780401357888243e-06,1.2008019625286594e-06
2013-08-03 04:00:00,4.809065301304962e-07,2.4015603541408484e-06,1.2157511013269958e-06
2013-08-03 05:00:00,4.792606235531015e-07,2.0716474905038303e-06,1.1452535942517868e-06
2013-08-03 06:00:00,4.198469570595064e-07,1.5758194419604895e-06,1.3141184860137778e-06
2013-08-03 07:00:00,4.263277650105575e-07,1.1006389620292404e-06,1.302086204964013e-06
2013-08-03 08:00:00,4.4839652754699113e-07,7.682890587754068e-07,1.2986380077759197e-06
2013-08-03 09:00:00,4.671343411094613e-07,6.661521980086182e-07,1.1808720795069632e-06
2013-08-03 10:00:00,4.798246825364805e-07,6.144891781927166e-07,1.1774969243929185e-06
2013-08-03 11:00:00,4.852525999629505e-07,6.20143391947923e-07,1.1456230790277893e-06
2013-08-03 12:00:00,4.721347536834733e-07,6.220778879106876e-07,1.16404829476955e-06
2013-08-03 13:00:00,4.7448075474621954e-07,6.155583542854601e-07,1.1732002772382584e-06
2013-08-03 14:00:00,4.726931045297032e-07,6.67676099665675e-07,1.2335041106267146e-06
2013-08-03 15:00:00,4.388381730995172e-07,7.618267315989802e-07,1.3621535795934795e-06
2013-08-03 16:00:00,3.93946283941377e-07,1.049198111106926e-06,1.7775902141521843e-06
2013-08-03 17:00:00,5.241590675193087e-07,1.7644436076152145e-06,1.66294569602083e-06
2013-08-03 18:00:00,6.132604191187027e-07,2.4905431247455583e-06,2.9676276440911607e-06
2013-08-03 19:00:00,5.917034915374754e-07,1.4271667670705095e-06,3.362340311809857e-06
2013-08-03 20:00:00,5.956904239104387e-07,1.4329880900639756e-06,3.962175446205342e-06
2013-08-03 21:00:00,6.031312624102708e-07,1.4782742265728662e-06,4.284718593704174e-06
2013-08-03 22:00:00,6.0623325991178e-07,1.6086115588709368e-06,4.610557863289988e-06
2013-08-03 23:00:00,6.084682507822488e-07,1.8450697426022157e-06,4.729817012766275e-06
2013-08-04 00:00:00,6.127606438848657e-07,2.103691705516761e-06,4.886080176543742e-06
2013-08-04 01:00:00,6.163572662938242e-07,2.1442199391934413e-06,5.1802895413027984e-06
2013-08-04 02:00:00,6.189979049238487e-07,1.9333148809996737e-06,5.319963126651058e-06
2013-08-04 03:00:00,6.237579832006934e-07,1.8348962805753408e-06,5.191558167173096e-06
2013-08-04 04:00:00,6.345090900761567e-07,1.8573349366086773e-06,5.025121325409291e-06
2013-08-04 05:00:00,6.555201576721331e-07,2.3224859311528946e-06,4.446289061641969e-06
2013-08-04 06:00:00,6.837656684161574e-07,3.2963434473326034e-06,2.423525638187534e-06
2013-08-04 07:00:00,6.494403301274347e-07,1.0608454053551164e-06,1.3153927701135318e-06
2013-08-04 08:00:00,4.474846794046104e-07,6.63572020813384e-07,1.024632671711153e-06
2013-08-04 09:00:00,3.8691085276848476e-07,6.501896607383647e-07,9.576625802774149e-07
2013-08-04 10:00:00,4.3343471576199353e-07,5.533197344750379e-07,1.0008787544823976e-06
2013-08-04 11:00:00,4.1627693118093593e-07,6.28237284142306e-07,9.413428717348873e-07
2013-08-04 12:00:00,4.1269728778527174e-07,6.814620131375589e-07,9.579187487723873e-07
2013-08-04 13:00:00,4.3386828513142646e-07,5.964411485931752e-07,1.0119384310043666e-06
2013-08-04 14:00:00,4.74479624894085e-07,6.493819830721478e-07,1.1659054750021216e-06
2013-08-04 15:00:00,6.592334392331065e-07,7.204654471281874e-07,1.37887920293185e-06
2013-08-04 16:00:00,7.449394889181735e-07,9.398451364304277e-07,2.2900001763433023e-06
2013-08-04 17:00:00,6.499560411004969e-07,2.416317934972072e-06,4.305033938592569e-06
2013-08-04 18:00:00,7.173155084087595e-07,1.6445642963809225e-06,6.579072892413839e-06
2013-08-04 19:00:00,7.067372937021638e-07,1.690373429364005e-06,6.406145899239888e-06
2013-08-04 20:00:00,6.754514355752674e-07,1.6824685114477346e-06,5.903676780394301e-06
2013-08-04 21:00:00,6.589401983614415e-07,1.7817439076920083e-06,5.649679032607184e-06
2013-08-04 22:00:00,6.334897425517284e-07,1.7794346857802842e-06,5.3253648964959145e-06
2013-08-04 23:00:00,6.330163404264225e-07,1.9837339054542102e-06,5.140902269481613e-06
2013-08-05 00:00:00,6.336127545842037e-07,1.9090032354277845e-06,4.879146903327376e-06
2013-08-05 01:00:00,6.35445215838387e-07,2.0417171839291935e-06,4.767699116449602e-06
2013-08-05 02:00:00,6.349565413899607e-07,2.2384269394852804e-06,4.601837435748349e-06
2013-08-05 03:00:00,6.463769748391528e-07,2.165875727271921e-06,4.182903679401042e-06
2013-08-05 04:00:00,6.6524348864438e-07,1.8773133738550507e-06,3.813324530509799e-06
2013-08-05 05:00:00,6.961793252597129e-07,1.782322369065852e-06,3.4972526006671405e-06
2013-08-05 06:00:00,6.346121151424237e-07,2.2220690859941683e-06,2.097724007742481e-06
2013-08-05 07:00:00,8.41483010334579e-07,9.447571134808514e-07,1.1814394909744578e-06
2013-08-05 08:00:00,6.908638212389191e-07,6.688882183775973e-07,1.0128648540945482e-06
2013-08-05 09:00:00,5.335621815128265e-07,6.805012113411449e-07,8.619023335587607e-07
2013-08-05 10:00:00,5.229396533961488e-07,7.106158209044301e-07,8.262706474830086e-07
2013-08-05 11:00:00,5.120999114141012e-07,7.086483601264335e-07,8.135547770205165e-07
2013-08-05 12:00:00,4.953067273653309e-07,6.862903765703273e-07,8.149313780731835e-07
2013-08-05 13:00:00,4.859518885384014e-07,6.521293758888644e-07,8.561602539549273e-07
2013-08-05 14:00:00,4.7584435638490694e-07,7.552235350552982e-07,9.239303100203674e-07
2013-08-05 15:00:00,5.12399796431875e-07,7.35089920396615e-07,1.0325177407585962e-06
2013-08-05 16:00:00,7.41048134237084e-07,2.092798313346648e-06,1.6909734056222657e-06
2013-08-05 17:00:00,7.886083915157708e-07,2.641036064563268e-06,1.886843062463773e-06
2013-08-05 18:00:00,7.56314705664337e-07,1.897587622700396e-06,2.2180173961304356e-06
2013-08-05 19:00:00,7.760913483022356e-07,1.920963665697655e-06,1.9759399394461777e-06
2013-08-05 20:00:00,8.01673768061182e-07,2.858942549818319e-06,1.5780039053035504e-06
2013-08-05 21:00:00,8.410427502967928e-07,2.5510736762139193e-06,1.5678577298858437e-06
2013-08-05 22:00:00,8.551677296346201e-07,2.2152028942685472e-06,1.5891122434111782e-06
2013-08-05 23:00:00,7.766751519995465e-07,2.321141157361278e-06,1.4988223042003794e-06
2013-08-06 00:00:00,7.363323090361552e-07,2.4634380094330474e-06,1.544785527095143e-06
2013-08-06 01:00:00,6.474785701015589e-07,2.3626662581824937e-06,1.853120466893524e-06
2013-08-06 02:00:00,5.39951421102131e-07,1.9084181048786695e-06,1.986880332604027e-06
2013-08-06 03:00:00,5.147576577744356e-07,1.5757310256208588e-06,1.8634223442896886e-06
2013-08-06 04:00:00,5.378461638393587e-07,1.5399618556119035e-06,1.7387904767125895e-06
2013-08-06 05:00:00,5.378589791326421e-07,1.479618411168851e-06,1.7062375432352592e-06
2013-08-06 06:00:00,4.810247495562344e-07,1.678410978827624e-06,1.4746266105046923e-06
2013-08-06 07:00:00,3.9222052141769104e-07,1.3357818556949043e-06,8.444098027196103e-07
2013-08-06 08:00:00,3.881351750643089e-07,9.826580220997516e-07,7.912372016629429e-07
2013-08-06 09:00:00,3.6311198819579075e-07,8.267807346240859e-07,8.723236907679615e-07
2013-08-06 10:00:00,4.453389819948789e-07,7.621668622980159e-07,8.583943710755464e-07
2013-08-06 11:00:00,4.779369133489709e-07,8.154882129472631e-07,8.721333150334422e-07
2013-08-06 12:00:00,5.155971589071024e-07,9.44320919232304e-07,9.000484929330192e-07
2013-08-06 13:00:00,6.735988334343749e-07,9.57173109903669e-07,9.157000506659185e-07
2013-08-06 14:00:00,8.398444221776953e-07,8.917986194289128e-07,1.1149392528852502e-06
2013-08-06 15:00:00,9.897971462645812e-07,9.384265587490279e-07,1.5088456289114894e-06
2013-08-06 16:00:00,1.4249808578454166e-06,1.503340741149779e-06,2.647083784432585e-06
2013-08-06 17:00:00,1.3695304577458337e-06,2.800990550049886e-06,3.640930772004532e-06
2013-08-06 18:00:00,1.2580700276876864e-06,2.219315006016417e-06,4.640962826857268e-06
2013-08-06 19:00:00,1.3088476400899889e-06,1.8861525389614074e-06,4.758864916128886e-06
2013-08-06 20:00:00,1.2970951158116437e-06,2.364084079437981e-06,5.03161032229166e-06
2013-08-06 21:00:00,1.3228069051090856e-06,3.5749442885013334e-06,5.328172009745124e-06
2013-08-06 22:00:00,1.4983241431613728e-06,4.460678693465417e-06,5.967351161699386e-06
2013-08-06 23:00:00,1.5758151169317775e-06,5.100214853482418e-06,5.991401656795995e-06
2013-08-07 00:00:00,1.4903758819215746e-06,5.397749198723427e-06,5.8876021562220556e-06
2013-08-07 01:00:00,1.5177505607890011e-06,5.740194852410116e-06,5.607595488638185e-06
2013-08-07 02:00:00,1.4808598547708205e-06,5.457381617540835e-06,5.528626772191347e-06
2013-08-07 03:00:00,1.3835169487834759e-06,4.625786997958994e-06,5.703999099900608e-06
2013-08-07 04:00:00,1.2619172758036892e-06,3.5746328585405667e-06,5.051748500172611e-06
2013-08-07 05:00:00,1.1860355793153245e-06,2.9973334894330493e-06,4.120251386438755e-06
2013-08-07 06:00:00,1.2542541445011406e-06,3.4258280987643125e-06,3.1133763894482633e-06
2013-08-07 07:00:00,1.1292339671408436e-06,3.475721782298756e-06,1.878642224180498e-06
2013-08-07 08:00:00,1.0430553138315579e-06,2.946009725695767e-06,1.4901593696387565e-06
2013-08-07 09:00:00,9.369881785483875e-07,1.9936753510452346e-06,1.2112292224463225e-06
2013-08-07 10:00:00,9.823529812887683e-07,2.3590359585067324e-06,1.078017190359978e-06
2013-08-07 11:00:00,9.385243318047247e-07,2.3778180967873746e-06,1.0600099328448074e-06
2013-08-07 12:00:00,9.250450579504672e-07,2.246452175754132e-06,1.0814390336546599e-06
2013-08-07 13:00:00,9.09321087824552e-07,2.243656351847925e-06,1.258526899934818e-06
2013-08-07 14:00:00,7.600088142380131e-07,2.597218888654634e-06,1.546469073894842e-06
2013-08-07 15:00:00,6.802572312991304e-07,2.749642854608361e-06,1.7382507211747541e-06
2013-08-07 16:00:00,6.568607508842437e-07,3.177200430643655e-06,2.3798199147733225e-06
2013-08-07 17:00:00,6.515924964601172e-07,4.388084123707486e-06,2.6524715324402124e-06
2013-08-07 18:00:00,7.002044459878365e-07,2.8340693792239776e-06,3.0458593581184848e-06
2013-08-07 19:00:00,7.886348309024659e-07,2.403300872135207e-06,3.086234158515727e-06
2013-08-07 20:00:00,8.188952435994456e-07,2.459624829234003e-06,3.034590400728786e-06
2013-08-07 21:00:00,8.340736205463618e-07,2.414660873115356e-06,3.0169315473683196e-06
2013-08-07 22:00:00,8.2287195065266e-07,2.7044213476618304e-06,3.1994269087274217e-06
2013-08-07 23:00:00,8.135552236240401e-07,3.11080705120742e-06,3.4345757806808797e-06
2013-08-08 00:00:00,8.716435960894708e-07,3.403429063612633e-06,3.7289654933878753e-06
2013-08-08 01:00:00,8.94748048844641e-07,3.856442679817015e-06,3.874258325676357e-06
2013-08-08 02:00:00,8.396478244570648e-07,4.328667647342966e-06,3.848668728502676e-06
2013-08-08 03:00:00,8.154945835720578e-07,3.740215325540812e-06,3.7236901597275636e-06
2013-08-08 04:00:00,8.672611576535857e-07,3.0082904368108016e-06,3.5085442297204775e-06
2013-08-08 05:00:00,1.043975469845177e-06,2.3756963012340725e-06,3.0572963284627033e-06
2013-08-08 06:00:00,1.0422424049233007e-06,2.612563318439531e-06,2.4875436446101426e-06
2013-08-08 07:00:00,8.429261016545393e-07,1.4346809439953258e-06,1.94046013573692e-06
2013-08-08 08:00:00,6.552468603545852e-07,1.068305934038757e-06,1.5476603758446131e-06
2013-08-08 09:00:00,6.103536701789395e-07,9.430500437641127e-07,1.4402279448656788e-06
2013-08-08 10:00:00,6.16271875791943e-07,9.736231057408014e-07,1.4116256370834966e-06
2013-08-08 11:00:00,5.866360656554495e-07,8.604856392614977e-07,1.270047573809812e-06
2013-08-08 12:00:00,5.922535515532526e-07,8.021621132455784e-07,1.2529436037156433e-06
2013-08-08 13:00:00,6.355181824749889e-07,8.482604257017553e-07,1.3310774735923278e-06
2013-08-08 14:00:00,7.527336580469421e-07,9.65277459713381e-07,1.3953509826640868e-06
2013-08-08 15:00:00,9.200790871913646e-07,1.1124609674938227e-06,1.5359682428015125e-06
2013-08-08 16:00:00,1.2148506451090172e-06,1.5671555697811896e-06,1.9917975983181046e-06
2013-08-08 17:00:00,1.4594383423675874e-06,3.1911093683119444e-06,2.691741843649209e-06
2013-08-08 18:00:00,1.3275611365124181e-06,3.531842993894865e-06,3.7827331666558776e-06
2013-08-08 19:00:00,1.4233172357350265e-06,3.128871626539383e-06,4.290661017195259e-06
2013-08-08 20:00:00,1.5015915244107774e-06,2.818825028208068e-06,4.546394951559928e-06
2013-08-08 21:00:00,1.5490981428403028e-06,2.8530570501644465e-06,5.038646988934155e-06
2013-08-08 22:00:00,1.6535541425881551e-06,2.858419517110657e-06,5.523540680237568e-06
2013-08-08 23:00:00,1.6626786089104066e-06,3.029896570080031e-06,5.8746744012274415e-06
2013-08-09 00:00:00,1.6467288352893915e-06,3.253419717545529e-06,6.110378260908268e-06
2013-08-09 01:00:00,1.5026445622469403e-06,3.6827355687422056e-06,5.984353731713242e-06
2013-08-09 02:00:00,1.2031033125893193e-06,4.293023795641112e-06,6.403090844610002e-06
2013-08-09 03:00:00,1.010519008440712e-06,4.360500023033284e-06,6.81057297337735e-06
2013-08-09 04:00:00,9.015114518053754e-07,4.703397844070076e-06,6.7689589028953326e-06
2013-08-09 05:00:00,8.519198297291306e-07,4.061659644624698e-06,5.535724655474673e-06
2013-08-09 06:00:00,7.323638163126601e-07,3.4378884358454382e-06,4.629157026648047e-06
2013-08-09 07:00:00,6.481846043697402e-07,1.8031940511638582e-06,2.5680914134250307e-06
2013-08-09 08:00:00,5.351794701469858e-07,8.922519066931202e-07,1.9516434705233893e-06
2013-08-09 09:00:00,4.708203928266361e-07,8.132646833910906e-07,1.761568097194873e-06
2013-08-09 10:00:00,4.671644943536995e-07,8.327673131243817e-07,1.7113891103789256e-06
2013-08-09 11:00:00,4.38740757423314e-07,7.207041566011155e-07,1.6180036585509839e-06
2013-08-09 12:00:00,4.6818690406107674e-07,6.866880212748976e-07,1.6835886485935733e-06
2013-08-09 13:00:00,5.647337371820867e-07,6.822813895242605e-07,1.8123862259059031e-06
2013-08-09 14:00:00,6.950976379911926e-07,6.798740415452309e-07,1.985798205851463e-06
2013-08-09 15:00:00,7.522444887749728e-07,7.329971264838779e-07,2.2821696915711024e-06
2013-08-09 16:00:00,8.539720765639156e-07,9.355763749846815e-07,3.3173342745904595e-06
2013-08-09 17:00:00,8.767403586509256e-07,2.5680096191485692e-06,5.739216966457966e-06
2013-08-09 18:00:00,1.0094308620050714e-06,2.051246130100008e-06,7.92881846845629e-06
2013-08-09 19:00:00,1.1040848376557853e-06,2.2672605942655845e-06,8.309871363684838e-06
2013-08-09 20:00:00,1.1790401310329886e-06,2.313690943259328e-06,8.349609294906586e-06
2013-08-09 21:00:00,1.1498108985320925e-06,2.394985383425411e-06,7.994426346444687e-06
2013-08-09 22:00:00,9.158546579282579e-07,2.4908764691478037e-06,7.0239675036344425e-06
2013-08-09 23:00:00,8.415662267910573e-07,2.570669399470638e-06,6.765560037032595e-06
2013-08-10 00:00:00,8.233166663005607e-07,2.6186194935783296e-06,6.48290730337737e-06
2013-08-10 01:00:00,8.140817363726896e-07,2.6624408326868175e-06,6.240580681675778e-06
2013-08-10 02:00:00,8.175745945824006e-07,2.680243351780622e-06,6.313054258399799e-06
2013-08-10 03:00:00,8.225293766375496e-07,2.6784378227333004e-06,6.263707782012574e-06
2013-08-10 04:00:00,8.186872176875154e-07,2.6653771475609236e-06,6.31750906891483e-06
2013-08-10 05:00:00,8.212301112435147e-07,2.6386844641710433e-06,5.039121988848022e-06
2013-08-10 06:00:00,8.493666708586702e-07,2.422675473601315e-06,2.2999605931719143e-06
2013-08-10 07:00:00,7.737189189128622e-07,1.4794708478509458e-06,1.473995679888043e-06
2013-08-10 08:00:00,6.162985648859357e-07,9.765466802450829e-07,1.0867707095736868e-06
2013-08-10 09:00:00,5.483929982425573e-07,8.451873097481051e-07,9.61953627099323e-07
2013-08-10 10:00:00,4.7632669934327235e-07,8.806267290697264e-07,9.02463181461651e-07
2013-08-10 11:00:00,4.3003833918947223e-07,9.217704762392292e-07,8.63964832632742e-07
2013-08-10 12:00:00,3.927653449513816e-07,9.316509236021577e-07,8.211669584461447e-07
2013-08-10 13:00:00,3.8355005480054725e-07,8.830043786792207e-07,8.341897343480512e-07
2013-08-10 14:00:00,3.7750274869671176e-07,8.83541753351858e-07,8.651075342686998e-07
2013-08-10 15:00:00,3.991930062977804e-07,9.530272678632558e-07,9.28026410584419e-07
2013-08-10 16:00:00,4.783813215407914e-07,1.230799590149641e-06,1.2622525148341653e-06
2013-08-10 17:00:00,5.880741625578643e-07,2.258240586603106e-06,2.027478016281038e-06
2013-08-10 18:00:00,6.507431046445399e-07,1.665819280235652e-06,2.441194500224443e-06
2013-08-10 19:00:00,6.451118460360477e-07,1.5449553202535618e-06,2.452491549148855e-06
2013-08-10 20:00:00,7.160619877907501e-07,1.56744293016136e-06,2.5186316636979785e-06
2013-08-10 21:00:00,7.576851907120782e-07,1.6604756956962779e-06,2.551906755787076e-06
2013-08-10 22:00:00,6.642700714207455e-07,1.9346145858721106e-06,2.562228934227884e-06
2013-08-10 23:00:00,6.625303162595092e-07,2.2540889780361113e-06,2.5845554033875166e-06
2013-08-11 00:00:00,6.760672233031447e-07,2.2897707532375993e-06,2.6494044701467577e-06
2013-08-11 01:00:00,6.665186224269008e-07,2.2968835144718136e-06,2.7131985859962335e-06
2013-08-11 02:00:00,6.702336611467878e-07,2.283479455938859e-06,2.8336850668253742e-06
2013-08-11 03:00:00,6.732030360021537e-07,2.2474345239329884e-06,2.9743503624531097e-06
2013-08-11 04:00:00,6.790994928733236e-07,2.198661098466715e-06,2.9678064982609775e-06
2013-08-11 05:00:00,7.037808765245275e-07,2.1062024406353253e-06,2.6986825906647458e-06
2013-08-11 06:00:00,8.553989928797287e-07,2.02912569352514e-06,1.9416124137021156e-06
2013-08-11 07:00:00,5.381559800000485e-07,9.835383766214959e-07,1.0941834896218662e-06
2013-08-11 08:00:00,4.6781997188683637e-07,7.021494742479987e-07,1.2390107124904126e-06
2013-08-11 09:00:00,4.276699382538416e-07,6.106860124809502e-07,1.142593935579644e-06
2013-08-11 10:00:00,4.2404760463533377e-07,6.102756437257949e-07,1.1286079945614419e-06
2013-08-11 11:00:00,4.041809194741615e-07,6.847546640291976e-07,1.0973444368032277e-06
2013-08-11 12:00:00,4.008354409513843e-07,6.994822537206301e-07,1.0852250730557034e-06
2013-08-11 13:00:00,3.9616935341400886e-07,7.387260977925592e-07,1.0989548484162569e-06
2013-08-11 14:00:00,3.972885349406213e-07,8.268142006719804e-07,1.137529221019083e-06
2013-08-11 15:00:00,4.09198009398413e-07,8.553404261807862e-07,1.1929412168724353e-06
2013-08-11 16:00:00,4.13553923407316e-07,8.150282296703999e-07,1.3301909631222247e-06
2013-08-11 17:00:00,5.651930287949995e-07,1.9075418755054812e-06,1.7803401578703367e-06
2013-08-11 18:00:00,5.5869818133041e-07,1.3865605989295755e-06,2.0051002571706776e-06
2013-08-11 19:00:00,5.450129040909403e-07,1.3167683427818925e-06,1.971593777285371e-06
2013-08-11 20:00:00,5.406557113040295e-07,1.3149311263877504e-06,1.983155413539459e-06
2013-08-11 21:00:00,5.625827960089783e-07,1.3382360978760842e-06,1.9379583276903747e-06
2013-08-11 22:00:00,5.836205496571554e-07,1.365066453616149e-06,1.8605850440229357e-06
2013-08-11 23:00:00,5.868805662192515e-07,1.3837332699913865e-06,1.946359911647278e-06
2013-08-12 00:00:00,5.800761767679035e-07,1.3992382410203409e-06,1.9395374701430914e-06
2013-08-12 01:00:00,5.606716196302082e-07,1.4036989724452688e-06,1.964125377319471e-06
2013-08-12 02:00:00,5.539626656050336e-07,1.3967103967509423e-06,1.9748040613216747e-06
2013-08-12 03:00:00,5.435012360833382e-07,1.3660280012498944e-06,1.9312059608639493e-06
2013-08-12 04:00:00,5.301796058357684e-07,1.311035597935887e-06,1.8979830296047746e-06
2013-08-12 05:00:00,5.2400207959584e-07,1.2634519787488903e-06,1.8883322883607418e-06
2013-08-12 06:00:00,5.644275373845763e-07,1.2765025782752332e-06,1.6964571336508807e-06
2013-08-12 07:00:00,5.00558701325082e-07,1.175334495949049e-06,9.611394689791021e-07
2013-08-12 08:00:00,4.364617798410004e-07,8.31373302076094e-07,9.346752119605095e-07
2013-08-12 09:00:00,4.18702190638965e-07,8.417165316098749e-07,9.189042685184701e-07
2013-08-12 10:00:00,4.2544236036848105e-07,8.261835603430733e-07,9.92938588436048e-07
2013-08-12 11:00:00,4.101533719152016e-07,7.196549171402098e-07,9.942380257952366e-07
2013-08-12 12:00:00,3.879189332940127e-07,6.742222228811049e-07,9.917447968854605e-07
2013-08-12 13:00:00,3.8248119082496043e-07,6.777468320414113e-07,1.043560356813118e-06
2013-08-12 14:00:00,3.8638088872541933e-07,6.87645186874131e-07,1.0769396474344855e-06
2013-08-12 15:00:00,3.9699898574222786e-07,7.253844707267775e-07,1.2810731474693422e-06
2013-08-12 16:00:00,4.597543937319985e-07,8.213938957357977e-07,1.382754857551299e-06
2013-08-12 17:00:00,5.272059473037895e-07,2.563449553930332e-06,2.1152222491423327e-06
2013-08-12 18:00:00,4.902374595615467e-07,1.4243464640477249e-06,2.793134285840745e-06
2013-08-12 19:00:00,5.071448317243602e-07,1.420345481554862e-06,2.9630723828525705e-06
2013-08-12 20:00:00,5.082393481597711e-07,1.4119105575194839e-06,3.091884569613519e-06
2013-08-12 21:00:00,4.970510376602971e-07,1.418709401946249e-06,3.026987905365273e-06
2013-08-12 22:00:00,4.910653907181415e-07,2.32714110376447e-06,3.0013765785686748e-06
2013-08-12 23:00:00,4.793193327651228e-07,2.1428241501302353e-06,3.0000064674093205e-06
2013-08-13 00:00:00,4.808565960553006e-07,1.7970506536437516e-06,2.922102578004938e-06
2013-08-13 01:00:00,4.820069300397537e-07,2.1943795201670806e-06,2.7466621339922822e-06
2013-08-13 02:00:00,4.813439632055718e-07,2.5302042175933295e-06,2.723436515256146e-06
2013-08-13 03:00:00,4.7669970671432625e-07,2.0299161803395713e-06,2.614604518444447e-06
2013-08-13 04:00:00,4.673574585813861e-07,1.4552234102745683e-06,2.4463503354658393e-06
2013-08-13 05:00:00,4.6156027675366827e-07,1.3678793097067087e-06,2.3869194865271854e-06
2013-08-13 06:00:00,5.414399512862523e-07,1.366541877697566e-06,1.7839333129684535e-06
2013-08-13 07:00:00,3.869312189972127e-07,9.167081042913779e-07,1.107376382034997e-06
2013-08-13 08:00:00,3.7452870213733036e-07,6.650004239079787e-07,1.0081615856841161e-06
2013-08-13 09:00:00,3.6879748336328576e-07,5.745289059827063e-07,9.54757840777485e-07
2013-08-13 10:00:00,3.338061056129457e-07,5.799049720509131e-07,9.673866824015824e-07
2013-08-13 11:00:00,3.266019854854846e-07,5.644721671696687e-07,9.24714814025242e-07
2013-08-13 12:00:00,3.297891594990987e-07,5.620203714748696e-07,9.097178724306829e-07
2013-08-13 13:00:00,3.449433445734262e-07,5.653145088858612e-07,9.149368989416838e-07
2013-08-13 14:00:00,3.7082793347442433e-07,5.94018817243513e-07,9.199042965970428e-07
2013-08-13 15:00:00,3.924451796196158e-07,8.024403456016792e-07,9.149673821271424e-07
2013-08-13 16:00:00,4.1020528175716693e-07,1.0753256897695197e-06,9.57521426143712e-07
2013-08-13 17:00:00,5.164320816855399e-07,1.6655014910650161e-06,1.340877658315286e-06
2013-08-13 18:00:00,6.066517996900419e-07,1.4295867483202198e-06,1.4006486749348609e-06
2013-08-13 19:00:00,6.653928594590354e-07,1.379825110003174e-06,1.4627772325243907e-06
2013-08-13 20:00:00,6.971469548353129e-07,1.388024662410248e-06,1.4980183626805709e-06
2013-08-13 21:00:00,7.391825404700243e-07,1.4179872317538608e-06,1.4946536565114765e-06
2013-08-13 22:00:00,6.479290140620935e-07,1.7992539803229843e-06,1.4824325191872653e-06
2013-08-13 23:00:00,6.638187876617597e-07,1.9652126633812734e-06,1.477261689938964e-06
2013-08-14 00:00:00,6.705941074527585e-07,2.0746777794358046e-06,1.4549980188985875e-06
2013-08-14 01:00:00,7.066940288110351e-07,2.045211242925505e-06,1.4603076383776657e-06
2013-08-14 02:00:00,7.647901884647365e-07,1.8516369844565276e-06,1.4849909646718454e-06
2013-08-14 03:00:00,7.904643848468189e-07,1.6161865587638389e-06,1.527692666490288e-06
2013-08-14 04:00:00,7.782945213836805e-07,1.417388751093786e-06,1.601996094638959e-06
2013-08-14 05:00:00,7.659534944933498e-07,1.3032083063907131e-06,1.6634109198803719e-06
2013-08-14 06:00:00,8.159911831843374e-07,1.363429007642615e-06,1.2617929236879013e-06
2013-08-14 07:00:00,8.735088793534492e-07,1.0962557689905039e-06,9.073714332751318e-07
2013-08-14 08:00:00,7.601077868729856e-07,8.099995541709256e-07,8.203485565405368e-07
2013-08-14 09:00:00,7.352128965475025e-07,7.36424267175558e-07,8.078763613606538e-07
2013-08-14 10:00:00,7.700617542840776e-07,7.239068417593171e-07,8.655167055651329e-07
2013-08-14 11:00:00,7.192148293128668e-07,6.982510389555009e-07,8.779317461536689e-07
2013-08-14 12:00:00,7.112181183082868e-07,6.923172752944245e-07,8.809523946838364e-07
2013-08-14 13:00:00,7.171237386326561e-07,7.498646842796624e-07,8.963205899147027e-07
2013-08-14 14:00:00,7.227446137760802e-07,8.447602643370409e-07,9.530551496225258e-07
2013-08-14 15:00:00,8.010561546162417e-07,9.63235583867801e-07,1.1349638518267336e-06
2013-08-14 16:00:00,6.389105747861418e-07,1.504185127636753e-06,1.474554019117489e-06
2013-08-14 17:00:00,8.438902781234882e-07,1.9514939815904785e-06,2.451247765139645e-06
2013-08-14 18:00:00,1.020147891329087e-06,1.9283493490422686e-06,3.2293973725233907e-06
2013-08-14 19:00:00,1.0273299803223994e-06,1.9507748133548298e-06,3.4773608487552262e-06
2013-08-14 20:00:00,9.984144398469792e-07,1.9655792884489746e-06,3.682662547235442e-06
2013-08-14 21:00:00,9.108510698188895e-07,1.994144671814857e-06,3.823318420771346e-06
2013-08-14 22:00:00,8.01045496875878e-07,2.0151239283040573e-06,3.6841066397256595e-06
2013-08-14 23:00:00,6.908008694229931e-07,2.006253092184237e-06,3.7443834105100157e-06
2013-08-15 00:00:00,6.281375181386272e-07,1.9869240814393094e-06,3.897223137618096e-06
2013-08-15 01:00:00,6.276751719687974e-07,1.936895426686095e-06,4.096912622815884e-06
2013-08-15 02:00:00,6.250962799767251e-07,1.8875990658110762e-06,3.99735992335454e-06
2013-08-15 03:00:00,6.140923965294098e-07,1.9231896192515626e-06,3.7187956337881383e-06
2013-08-15 04:00:00,5.823525466115758e-07,1.953922616369391e-06,3.4176573712579575e-06
2013-08-15 05:00:00,5.587778932709531e-07,1.8474400448025644e-06,3.2138221592650206e-06
2013-08-15 06:00:00,5.317637188237877e-07,2.3837896609429197e-06,2.182745167979448e-06
2013-08-15 07:00:00,5.810128324722737e-07,1.5246507049431158e-06,1.1686618754897845e-06
2013-08-15 08:00:00,5.435006911531662e-07,7.283790604935595e-07,8.607961369315453e-07
2013-08-15 09:00:00,4.4148836550732654e-07,7.248892421501686e-07,8.2573790362731e-07
2013-08-15 10:00:00,4.469291095405011e-07,7.73768290094408e-07,8.236125793634875e-07
2013-08-15 11:00:00,4.142935805459819e-07,6.661527013187431e-07,8.187782162082436e-07
2013-08-15 12:00:00,4.0379212836244056e-07,6.623943130408492e-07,8.371281614427239e-07
2013-08-15 13:00:00,4.0572227124122984e-07,6.537562838494515e-07,8.515098472877254e-07
2013-08-15 14:00:00,3.9942200486774944e-07,6.962706150466282e-07,9.682098791308588e-07
2013-08-15 15:00:00,3.877564634716477e-07,6.580975906770483e-07,1.2343659822386454e-06
2013-08-15 16:00:00,4.92833921865689e-07,8.939357980971893e-07,1.8513920755243972e-06
2013-08-15 17:00:00,5.393345604053267e-07,1.997837834380496e-06,2.8816153401910028e-06
2013-08-15 18:00:00,5.107941171177849e-07,1.4669239519816217e-06,3.4896388729895572e-06
2013-08-15 19:00:00,5.105538188323281e-07,1.3896648819695743e-06,3.254093858950745e-06
2013-08-15 20:00:00,5.155757280259742e-07,1.4289506571454341e-06,3.0329523256596644e-06
2013-08-15 21:00:00,5.252175247507008e-07,1.8386272890635595e-06,2.8333319186130257e-06
2013-08-15 22:00:00,5.373420742190375e-07,2.023900158350496e-06,2.690570531820707e-06
2013-08-15 23:00:00,5.457706973552181e-07,2.1092130918359137e-06,2.6399007271059203e-06
2013-08-16 00:00:00,5.517357628267417e-07,2.150767224011355e-06,2.6467438879936485e-06
2013-08-16 01:00:00,5.596416730132112e-07,2.175840377563898e-06,2.6518815407984102e-06
2013-08-16 02:00:00,5.603178566898123e-07,2.178058926241509e-06,2.66029979081855e-06
2013-08-16 03:00:00,5.507307305719022e-07,2.136247303723767e-06,2.6074469957561854e-06
2013-08-16 04:00:00,5.446253542231396e-07,2.0532639238991856e-06,2.5654341775577507e-06
2013-08-16 05:00:00,5.431231012271872e-07,1.991952925716877e-06,2.474143284833846e-06
2013-08-16 06:00:00,5.354167279187982e-07,3.01768548491611e-06,1.940043398764039e-06
2013-08-16 07:00:00,3.84057620983594e-07,9.414603383146187e-07,1.0225164416620918e-06
2013-08-16 08:00:00,3.567915269211763e-07,5.702235467635936e-07,1.051252301670285e-06
2013-08-16 09:00:00,3.27133487873672e-07,5.1557341681361e-07,1.0886087819461327e-06
2013-08-16 10:00:00,4.239362956344055e-07,4.731426588680035e-07,1.056828963950233e-06
2013-08-16 11:00:00,4.0256006002551933e-07,4.737462259706416e-07,1.0435059243687458e-06
2013-08-16 12:00:00,3.451285646823683e-07,5.08431749696771e-07,1.0689043127028203e-06
2013-08-16 13:00:00,3.6058005714263104e-07,5.571793190595708e-07,1.0074642007648932e-06
2013-08-16 14:00:00,3.8171033003458507e-07,7.543142571259048e-07,9.94808469767039e-07
2013-08-16 15:00:00,5.321970069352202e-07,9.771483912012159e-07,1.0089815313034542e-06
2013-08-16 16:00:00,7.000655346434891e-07,1.7842294290151328e-06,1.998638297097256e-06
2013-08-16 17:00:00,7.707475928101904e-07,2.1658619452974926e-06,3.107066761629865e-06
2013-08-16 18:00:00,7.25789975090156e-07,1.8465420475517356e-06,4.197110303327923e-06
2013-08-16 19:00:00,8.160087491794862e-07,1.676577345334971e-06,4.085276055527829e-06
2013-08-16 20:00:00,9.238800525406461e-07,1.6267481751443924e-06,4.017135937654806e-06
2013-08-16 21:00:00,9.978792856418203e-07,1.6528417023800262e-06,4.047626944396448e-06
2013-08-16 22:00:00,1.0592584894337857e-06,1.6360648957721344e-06,4.570679292058228e-06
2013-08-16 23:00:00,1.050854599723482e-06,1.617311748953165e-06,4.893540007555434e-06
2013-08-17 00:00:00,1.0508403489477748e-06,1.7211732458483467e-06,4.92971362775153e-06
2013-08-17 01:00:00,1.0875426240922978e-06,1.9682057149604433e-06,4.9216152498523745e-06
2013-08-17 02:00:00,1.0838223797335005e-06,2.145616738394424e-06,4.903631753461849e-06
2013-08-17 03:00:00,1.0411162286519664e-06,2.26298546848198e-06,4.778288211372281e-06
2013-08-17 04:00:00,1.0280422400608289e-06,2.3204066194865508e-06,4.76676691471112e-06
2013-08-17 05:00:00,1.036149176692248e-06,2.3724972214299435e-06,4.44206981459431e-06
2013-08-17 06:00:00,8.928639526744951e-07,2.593903222922052e-06,2.3237580568354214e-06
2013-08-17 07:00:00,1.1241872185481379e-06,1.4040289032703028e-06,1.2702195610462684e-06
2013-08-17 08:00:00,7.59128835939157e-07,1.0535487374434785e-06,1.117711509383708e-06
2013-08-17 09:00:00,5.325665662084118e-07,8.075361635545682e-07,1.0906908349577077e-06
2013-08-17 10:00:00,4.0500147635296175e-07,7.325402637333906e-07,1.058154935886247e-06
2013-08-17 11:00:00,3.7060047603093124e-07,6.113730443745152e-07,1.0026387891072123e-06
2013-08-17 12:00:00,3.690948195941089e-07,6.041233619142741e-07,9.890869653798037e-07
2013-08-17 13:00:00,3.68263620699745e-07,6.015063832177967e-07,1.0207877898317738e-06
2013-08-17 14:00:00,3.5559077286068364e-07,6.510252155070621e-07,1.012174572215068e-06
2013-08-17 15:00:00,3.754993776204584e-07,7.769501392665954e-07,1.15832660254054e-06
2013-08-17 16:00:00,4.2827331276404596e-07,1.2433248529610603e-06,1.302473783424386e-06
2013-08-17 17:00:00,4.79883789860644e-07,1.3797339635865133e-06,1.4207317803361252e-06
2013-08-17 18:00:00,4.5536125290388316e-07,1.4800194365854728e-06,1.8172055506960857e-06
2013-08-17 19:00:00,5.167861857414779e-07,1.4732735158775743e-06,1.7412198795615824e-06
2013-08-17 20:00:00,5.028836741213559e-07,1.4793330852569197e-06,1.6416375479525563e-06
2013-08-17 21:00:00,4.6963020123328213e-07,1.4848967655135425e-06,1.4862181048937577e-06
2013-08-17 22:00:00,4.300740878146801e-07,1.8945238211292375e-06,1.3171024366749758e-06
2013-08-17 23:00:00,4.272468144283659e-07,1.901119804595617e-06,1.272701056648649e-06
2013-08-18 00:00:00,4.275464279044913e-07,1.7799215176512137e-06,1.2705349921448742e-06
2013-08-18 01:00:00,4.2866418324765667e-07,2.2220978111575037e-06,1.2870731695197927e-06
2013-08-18 02:00:00,4.231320622810303e-07,2.5157482593191914e-06,1.293897491716067e-06
2013-08-18 03:00:00,4.179482754177608e-07,3.47235236860678e-06,1.2580772992169946e-06
2013-08-18 04:00:00,4.129039171241964e-07,3.135216593801485e-06,1.2384361711898352e-06
2013-08-18 05:00:00,3.9900043426946786e-07,2.935214785642492e-06,1.1935615694296256e-06
2013-08-18 06:00:00,3.770560089370599e-07,2.0480414693812077e-06,9.523481120887501e-07
2013-08-18 07:00:00,3.600333100075543e-07,1.6492151474815175e-06,8.519551473016619e-07
2013-08-18 08:00:00,3.855974173473386e-07,2.033967440259442e-06,1.1324181154831998e-06
2013-08-18 09:00:00,3.9207366301846525e-07,2.421434934485416e-06,1.055622425123042e-06
2013-08-18 10:00:00,4.266045817059446e-07,1.3319333718227453e-06,1.099337798413456e-06
2013-08-18 11:00:00,3.999231453581734e-07,1.3962787846032359e-06,8.79170332920726e-07
2013-08-18 12:00:00,4.044770543354861e-07,7.594053464793638e-07,9.670672543288394e-07
2013-08-18 13:00:00,3.9860969610951046e-07,7.180673703924188e-07,9.56833160332876e-07
2013-08-18 14:00:00,4.384933513237615e-07,7.512813089347582e-07,9.211034428306035e-07
2013-08-18 15:00:00,5.008167939911346e-07,9.031837722171431e-07,9.741707595711897e-07
2013-08-18 16:00:00,5.757270358393862e-07,1.3525122460834524e-06,1.0528545046655113e-06
2013-08-18 17:00:00,1.0203596586897785e-06,3.106570299571833e-06,2.354593370868766e-06
2013-08-18 18:00:00,1.1433551713379495e-06,2.1736257977914533e-06,3.1504492267972604e-06
2013-08-18 19:00:00,1.376371017819478e-06,2.1027283752365788e-06,3.600143989645549e-06
2013-08-18 20:00:00,1.6008563823256636e-06,2.112183455531966e-06,4.085009022289577e-06
2013-08-18 21:00:00,1.877524032029655e-06,2.1673723677560303e-06,4.729663786342428e-06
2013-08-18 22:00:00,1.9988521415014113e-06,2.1555464816115204e-06,5.164567361030532e-06
2013-08-18 23:00:00,2.1476774227422357e-06,2.1949354080012554e-06,5.519644408137695e-06
2013-08-19 00:00:00,2.432432720833525e-06,2.1447869722398822e-06,5.908245698745264e-06
2013-08-19 01:00:00,2.695122778192925e-06,1.957283633518745e-06,5.579163835739572e-06
2013-08-19 02:00:00,2.5840449451742313e-06,1.8334244938778426e-06,5.860484055666163e-06
2013-08-19 03:00:00,2.2140835723396782e-06,1.7297286417298103e-06,5.860865360779081e-06
2013-08-19 04:00:00,2.0377920988712447e-06,1.6138181244011933e-06,5.4645517880688275e-06
2013-08-19 05:00:00,1.8437665575276193e-06,1.5258159030578907e-06,4.744956818780736e-06
2013-08-19 06:00:00,1.5540955131165206e-06,1.7151312647435008e-06,3.5660732753370066e-06
2013-08-19 07:00:00,1.2945221920542974e-06,1.2874069315603248e-06,2.8197554530541353e-06
2013-08-19 08:00:00,1.1716654095192822e-06,8.908408710032957e-07,2.016339253717105e-06
2013-08-19 09:00:00,1.0284467475066462e-06,8.028919472676909e-07,1.7945551691419158e-06
2013-08-19 10:00:00,9.323517745142546e-07,8.148445484182254e-07,1.7800493731147333e-06
2013-08-19 11:00:00,7.411899643170722e-07,8.734285559025005e-07,1.5911444450236854e-06
2013-08-19 12:00:00,6.748410010261624e-07,8.81358754318691e-07,1.492911675159122e-06
2013-08-19 13:00:00,6.031581260884367e-07,8.504267859786472e-07,1.5259634210841678e-06
2013-08-19 14:00:00,6.024995892296858e-07,9.086100107547039e-07,1.6154322730661136e-06
2013-08-19 15:00:00,6.703254400568707e-07,1.015797669367879e-06,1.6843447352324522e-06
2013-08-19 16:00:00,7.9647346924163e-07,1.467316532891313e-06,1.952110343662595e-06
2013-08-19 17:00:00,1.0555565280172055e-06,3.0892567925936708e-06,2.8794535558606934e-06
2013-08-19 18:00:00,1.3061452984688305e-06,2.9144882172440985e-06,3.237081415993889e-06
2013-08-19 19:00:00,1.5015679140390535e-06,2.576389155464622e-06,3.2183205281255215e-06
2013-08-19 20:00:00,1.5590628452265119e-06,2.5203697494423967e-06,3.3239277860092583e-06
2013-08-19 21:00:00,1.5939915159763208e-06,2.578499565050247e-06,3.531957701688276e-06
2013-08-19 22:00:00,1.424310723777225e-06,2.6813727305739087e-06,3.417829243773691e-06
2013-08-19 23:00:00,1.3052607149609282e-06,2.753119078022932e-06,3.6865399421657407e-06
2013-08-20 00:00:00,1.3373890849236853e-06,2.7457321805462643e-06,4.077767920194147e-06
2013-08-20 01:00:00,1.4132740589759901e-06,2.7586342782185347e-06,4.179601637391232e-06
2013-08-20 02:00:00,1.4502621502545156e-06,2.7518598818071143e-06,4.3592035687070065e-06
2013-08-20 03:00:00,1.5263736202844228e-06,2.6720824140653792e-06,4.417530049833373e-06
2013-08-20 04:00:00,1.51138248015355e-06,2.52191391465288e-06,4.259104204601264e-06
2013-08-20 05:00:00,1.391865743057915e-06,2.420695099498723e-06,3.9573934468297685e-06
2013-08-20 06:00:00,1.456412360699072e-06,4.694768412385057e-06,2.458820328365984e-06
2013-08-20 07:00:00,1.2332603685252237e-06,2.001715163715221e-06,1.740380109659363e-06
2013-08-20 08:00:00,1.039561708561125e-06,1.2897554943481581e-06,1.4608075452216423e-06
2013-08-20 09:00:00,1.0237497815374074e-06,1.0273989964083322e-06,1.3036351600765224e-06
2013-08-20 10:00:00,1.0836489204132643e-06,8.241003627501954e-07,1.4314315353466411e-06
2013-08-20 11:00:00,1.0452161353587025e-06,7.695481260378084e-07,1.474255817944136e-06
2013-08-20 12:00:00,1.0180458679212719e-06,9.328602300373819e-07,1.5426924598896962e-06
2013-08-20 13:00:00,9.854791530118936e-07,1.0125045523357315e-06,1.5857241131044328e-06
2013-08-20 14:00:00,9.695694936964891e-07,1.0737459084913586e-06,1.6703360106076268e-06
2013-08-20 15:00:00,9.677359135097715e-07,1.2333040700804561e-06,1.854420926504857e-06
2013-08-20 16:00:00,1.1786535645403574e-06,1.7732361320709634e-06,2.594410322797071e-06
2013-08-20 17:00:00,1.5313110629256272e-06,2.628524526647698e-06,4.562749121636782e-06
2013-08-20 18:00:00,1.4614347259851294e-06,2.248613154819081e-06,5.484651358445118e-06
2013-08-20 19:00:00,1.5116989237300588e-06,2.2826150037669382e-06,5.6737109324294e-06
2013-08-20 20:00:00,1.576637597107364e-06,2.339549324516998e-06,5.907359963927467e-06
2013-08-20 21:00:00,1.5970601934785675e-06,2.559352220479145e-06,6.019803541332559e-06
2013-08-20 22:00:00,1.6782143656796404e-06,2.5591819824456605e-06,6.58143345669935e-06
2013-08-20 23:00:00,1.6410902493056187e-06,2.644473082121864e-06,6.591069787722672e-06
2013-08-21 00:00:00,1.6153930041285335e-06,2.7253556121278098e-06,6.579680682674454e-06
2013-08-21 01:00:00,1.5965680103331117e-06,2.7507589445068587e-06,6.594914151832964e-06
2013-08-21 02:00:00,1.4866398853869738e-06,2.7476805206501156e-06,6.641928036918133e-06
2013-08-21 03:00:00,1.3626268744456378e-06,2.6611423079875067e-06,6.558058950420971e-06
2013-08-21 04:00:00,1.29941952008506e-06,2.49450216253516e-06,6.198390470376937e-06
2013-08-21 05:00:00,1.2586613019750537e-06,2.4471396058476206e-06,5.787623811236254e-06
2013-08-21 06:00:00,9.740693423141112e-07,4.4346447462363164e-06,2.9422343848499003e-06
2013-08-21 07:00:00,7.735413414339452e-07,1.3663744561097747e-06,1.4387370887877914e-06
2013-08-21 08:00:00,6.53038261964203e-07,7.707337442049338e-07,1.0301892901843476e-06
2013-08-21 09:00:00,5.744573561171225e-07,5.401095592480981e-07,9.296017203008536e-07
2013-08-21 10:00:00,5.402601696268161e-07,4.776304901829133e-07,9.28022053385474e-07
2013-08-21 11:00:00,5.329165602524864e-07,5.108820547907298e-07,9.375097268949211e-07
2013-08-21 12:00:00,5.699603016512524e-07,5.207906372293391e-07,9.424641527169688e-07
2013-08-21 13:00:00,6.183378298264496e-07,4.813726183022904e-07,9.938593527172563e-07
2013-08-21 14:00:00,6.92540044653857e-07,5.65342636667611e-07,1.0806320402991873e-06
2013-08-21 15:00:00,9.068829006429793e-07,9.120821985103556e-07,1.5564709881603034e-06
2013-08-21 16:00:00,1.2759784645749816e-06,1.5296240082903406e-06,2.947616501855531e-06
2013-08-21 17:00:00,1.5983824077008887e-06,2.535755438764021e-06,5.011285814066336e-06
2013-08-21 18:00:00,1.5060936072394783e-06,2.3106678169477192e-06,6.243843814755679e-06
2013-08-21 19:00:00,1.5414583435208913e-06,2.292823882873596e-06,6.025122486105556e-06
2013-08-21 20:00:00,1.6077368335794165e-06,2.3234531703813643e-06,5.979236883641388e-06
2013-08-21 21:00:00,1.6765298198225014e-06,2.3730945950333093e-06,6.37281986990757e-06
2013-08-21 22:00:00,1.7362807300235236e-06,2.4962421066372805e-06,6.791525066986913e-06
2013-08-21 23:00:00,1.7917583010584995e-06,2.5666044665071208e-06,6.869998791901772e-06
2013-08-22 00:00:00,1.8319203235478161e-06,2.599698763740355e-06,6.9766087465425115e-06
2013-08-22 01:00:00,1.844322686744885e-06,2.6049172063435945e-06,7.087422040423529e-06
2013-08-22 02:00:00,1.830635174073597e-06,2.5997617482548034e-06,7.064239266419633e-06
2013-08-22 03:00:00,1.7654038125091514e-06,2.536906380872491e-06,6.775083457115806e-06
2013-08-22 04:00:00,1.635635994683241e-06,2.384596883366398e-06,6.528286756897687e-06
2013-08-22 05:00:00,1.4778695960267452e-06,2.2626621397878308e-06,6.359757056613651e-06
2013-08-22 06:00:00,1.454119330150295e-06,2.8374999510824653e-06,3.4620117246731716e-06
2013-08-22 07:00:00,1.6494624737358454e-06,1.6897296707733734e-06,1.5528778284479998e-06
2013-08-22 08:00:00,1.2641604107319062e-06,1.1568312614856187e-06,1.1246970202903997e-06
2013-08-22 09:00:00,1.1228879262121162e-06,9.598962051822912e-07,1.0338185379602865e-06
2013-08-22 10:00:00,1.091052713188534e-06,8.748033522126984e-07,9.960934164383894e-07
2013-08-22 11:00:00,1.16023478761189e-06,9.069508579617015e-07,9.870863991485795e-07
2013-08-22 12:00:00,1.3297855504118374e-06,1.1397674276390398e-06,1.0241821337929856e-06
2013-08-22 13:00:00,1.5128900634658978e-06,1.459560823021472e-06,1.091301633015671e-06
2013-08-22 14:00:00,1.6805343527644808e-06,2.00569552513471e-06,1.1820850020365483e-06
2013-08-22 15:00:00,2.012474508205199e-06,2.8770639159530565e-06,1.7254289859372983e-06
2013-08-22 16:00:00,1.719820016825223e-06,4.312287444001607e-06,3.020527251476184e-06
2013-08-22 17:00:00,1.4783312326713269e-06,4.9303382723250234e-06,4.283269163316431e-06
2013-08-22 18:00:00,1.4214856686341227e-06,3.5185495997020267e-06,4.731954173233451e-06
2013-08-22 19:00:00,1.516737494174003e-06,4.2740402984161205e-06,4.1074028543304905e-06
2013-08-22 20:00:00,1.6406869562294412e-06,5.001265839535016e-06,3.999236330674248e-06
2013-08-22 21:00:00,1.7733144430722983e-06,5.858149177131556e-06,3.903626979353131e-06
2013-08-22 22:00:00,1.943131852335541e-06,6.488669819388407e-06,3.5347687174741215e-06
2013-08-22 23:00:00,2.0679278235731723e-06,6.7405719852768635e-06,3.6703673516493146e-06
2013-08-23 00:00:00,2.161862938164757e-06,6.910543409609123e-06,3.854125081260307e-06
2013-08-23 01:00:00,2.174689314504164e-06,6.746217346700059e-06,4.07634227571908e-06
2013-08-23 02:00:00,2.0534918932953964e-06,6.390837734370056e-06,4.322265740729274e-06
2013-08-23 03:00:00,1.9238962655571493e-06,5.662516770145192e-06,4.443063642025778e-06
2013-08-23 04:00:00,1.7704396075490832e-06,4.690233036317671e-06,4.34241191160219e-06
2013-08-23 05:00:00,1.67902537795731e-06,4.013676151180666e-06,3.829628924183246e-06
2013-08-23 06:00:00,2.08622088562408e-06,3.4523459415153307e-06,2.5867318557598468e-06
2013-08-23 07:00:00,1.420220382841319e-06,1.9057284008461945e-06,1.8396522824188513e-06
2013-08-23 08:00:00,1.0055369082598312e-06,1.0603874106319388e-06,1.411371988646783e-06
2013-08-23 09:00:00,7.836208827398565e-07,8.139898727222767e-07,1.1101830092139326e-06
2013-08-23 10:00:00,6.763810014675788e-07,5.662324869758653e-07,1.0395769842034805e-06
2013-08-23 11:00:00,5.962319474056959e-07,5.452689954594162e-07,9.813142269913224e-07
2013-08-23 12:00:00,5.563161098874159e-07,5.107208112526241e-07,1.0524787539312068e-06
2013-08-23 13:00:00,5.555110176414436e-07,5.510726094678346e-07,1.1456996644186364e-06
2013-08-23 14:00:00,5.775402222998679e-07,6.797790575743323e-07,1.3546925105261695e-06
2013-08-23 15:00:00,6.141070237417615e-07,7.904404210603326e-07,1.5588895972978747e-06
2013-08-23 16:00:00,6.710028687646357e-07,1.1612908636442905e-06,1.8545827161347864e-06
2013-08-23 17:00:00,6.56232136307165e-07,2.0818356439318624e-06,2.1655706843896644e-06
2013-08-23 18:00:00,6.359405092563264e-07,2.725833014656224e-06,2.1498037308826925e-06
2013-08-23 19:00:00,6.457054314494812e-07,2.6618097906101253e-06,1.8753869025805058e-06
2013-08-23 20:00:00,6.110760457056112e-07,2.7505452693107603e-06,1.8269584269859864e-06
2013-08-23 21:00:00,5.694585481354528e-07,2.695523110513234e-06,1.8758670269826022e-06
2013-08-23 22:00:00,5.916961911334072e-07,2.7196989246547445e-06,1.8077712525776354e-06
2013-08-23 23:00:00,5.928552865033178e-07,2.5348927170114737e-06,1.7838518077232676e-06
2013-08-24 00:00:00,5.873505781427963e-07,2.454733714025644e-06,1.8367444598324737e-06
2013-08-24 01:00:00,6.017764361018836e-07,2.3483408235774507e-06,2.000974763681663e-06
2013-08-24 02:00:00,5.898407608226689e-07,2.1900515357289486e-06,2.027648268720446e-06
2013-08-24 03:00:00,5.885181512890426e-07,2.023102055297184e-06,2.01584481055009e-06
2013-08-24 04:00:00,5.843387888416935e-07,1.654898475304931e-06,1.9948258941485527e-06
2013-08-24 05:00:00,5.771475006927008e-07,1.4461864043013276e-06,1.9721063311556706e-06
2013-08-24 06:00:00,5.37589536734662e-07,1.7495943733546817e-06,1.4261008659406678e-06
2013-08-24 07:00:00,4.0654166525600045e-07,2.0102291913137524e-06,9.997321955759633e-07
2013-08-24 08:00:00,3.761780519554363e-07,1.761406476212245e-06,7.993952786945375e-07
2013-08-24 09:00:00,3.6531624714823435e-07,1.8221166350887737e-06,8.27329496244939e-07
2013-08-24 10:00:00,3.768625660851903e-07,1.7414946713155378e-06,8.070130395807701e-07
2013-08-24 11:00:00,3.748230803226643e-07,1.7101532542067516e-06,7.890755134744133e-07
2013-08-24 12:00:00,3.801569497416828e-07,1.823607751919377e-06,8.116386142570999e-07
2013-08-24 13:00:00,3.9760032358452555e-07,1.860044535840154e-06,8.969314546177404e-07
2013-08-24 14:00:00,4.6848852610343716e-07,1.7893014931543317e-06,9.273580617002815e-07
2013-08-24 15:00:00,5.992496359842117e-07,1.8678387977197321e-06,1.359815575343596e-06
2013-08-24 16:00:00,6.815394406162954e-07,1.8342056696599933e-06,1.6689005985147153e-06
2013-08-24 17:00:00,6.501856108240321e-07,1.7910087154322016e-06,1.8743569617040377e-06
2013-08-24 18:00:00,6.401807484657852e-07,1.6411635645839524e-06,1.8243560221712476e-06
2013-08-24 19:00:00,6.435297037011472e-07,1.6386513749388074e-06,1.7399096876478902e-06
2013-08-24 20:00:00,6.500238732160902e-07,1.6793642100278953e-06,1.7276052421419847e-06
2013-08-24 21:00:00,6.563396669047056e-07,1.7559451325121792e-06,1.754435788940206e-06
2013-08-24 22:00:00,6.634756875313236e-07,1.8264774224022005e-06,1.7802687841066162e-06
2013-08-24 23:00:00,6.68669180256106e-07,2.1450388088418084e-06,1.8704312361946538e-06
2013-08-25 00:00:00,6.732213314139436e-07,2.339951928200334e-06,1.9074495861327625e-06
2013-08-25 01:00:00,6.775435604055243e-07,2.704205229671015e-06,1.9651424630625924e-06
2013-08-25 02:00:00,6.800623852566881e-07,3.293340961575939e-06,2.0463219630304897e-06
2013-08-25 03:00:00,6.789768902591645e-07,3.93049596183403e-06,2.084994021544757e-06
2013-08-25 04:00:00,6.772253645997753e-07,4.041429164238594e-06,2.06059851688769e-06
2013-08-25 05:00:00,6.790525360958051e-07,3.8764712019429265e-06,2.1190411932971245e-06
2013-08-25 06:00:00,7.092405684113077e-07,2.603325076521836e-06,1.99827196064586e-06
2013-08-25 07:00:00,6.905041980343221e-07,1.3538507696902665e-06,1.8651861754561424e-06
2013-08-25 08:00:00,6.105531007711604e-07,1.0762887627983936e-06,1.5252121838030932e-06
2013-08-25 09:00:00,5.429599181061165e-07,9.597399836356088e-07,1.3115910445239703e-06
2013-08-25 10:00:00,5.340290225523504e-07,9.760457675781582e-07,1.2387916452156503e-06
2013-08-25 11:00:00,5.054883958418365e-07,9.213509289826321e-07,1.14361153426459e-06
2013-08-25 12:00:00,4.861231279405456e-07,9.511403693893358e-07,1.139034286592939e-06
2013-08-25 13:00:00,5.18182891420053e-07,9.98335749105396e-07,1.1259694530130108e-06
2013-08-25 14:00:00,5.29465050734556e-07,1.0863283623655911e-06,1.2528412622387776e-06
2013-08-25 15:00:00,5.496919666381019e-07,1.3038249482334935e-06,1.4019619408890408e-06
2013-08-25 16:00:00,5.953388943399973e-07,2.0142230698925557e-06,1.6177038728000263e-06
2013-08-25 17:00:00,6.316688539471607e-07,1.7874158875711858e-06,1.7362406689439735e-06
2013-08-25 18:00:00,5.956045824669531e-07,1.6451109221409206e-06,1.746483162288165e-06
2013-08-25 19:00:00,5.911709047653012e-07,1.564846055181055e-06,1.731457834011049e-06
2013-08-25 20:00:00,5.887204675138893e-07,1.54310487393107e-06,1.677587034993685e-06
2013-08-25 21:00:00,5.781633877772887e-07,1.585130841657979e-06,1.680932268954128e-06
2013-08-25 22:00:00,5.821360409965867e-07,1.5372153630599498e-06,1.597463580958507e-06
2013-08-25 23:00:00,5.889972242751854e-07,1.6287187640038568e-06,1.7297638523993363e-06
2013-08-26 00:00:00,5.997568120915112e-07,1.628167782850554e-06,1.8270553118877035e-06
2013-08-26 01:00:00,6.12978994946e-07,1.649326183279839e-06,1.8812239688110722e-06
2013-08-26 02:00:00,6.129098911227075e-07,1.6368144411836017e-06,1.8844165733667437e-06
2013-08-26 03:00:00,6.128967266595232e-07,1.6497916853588488e-06,1.8767374397774453e-06
2013-08-26 04:00:00,5.98933023414174e-07,1.560101749495466e-06,1.8361362984182785e-06
2013-08-26 05:00:00,5.850775944739582e-07,1.4800528279278336e-06,1.816146486699801e-06
2013-08-26 06:00:00,6.063888776551568e-07,1.566084815049356e-06,1.572584188280946e-06
2013-08-26 07:00:00,5.583736961288738e-07,1.1193508964415028e-06,1.4750189337821172e-06
2013-08-26 08:00:00,4.803487002837454e-07,8.072884563263124e-07,1.1747591095348509e-06
2013-08-26 09:00:00,4.5519394737987184e-07,6.756509392599273e-07,1.0700447976964816e-06
2013-08-26 10:00:00,4.606467923152456e-07,6.254688142604266e-07,1.0829978103272062e-06
2013-08-26 11:00:00,4.232852305901233e-07,6.644007220591436e-07,9.125331308280201e-07
2013-08-26 12:00:00,4.2042978083482266e-07,8.020609077341646e-07,1.0015587557807025e-06
2013-08-26 13:00:00,4.503884901532661e-07,9.376675840139656e-07,1.0781226016724324e-06
2013-08-26 14:00:00,5.164166625745457e-07,1.1012846010572991e-06,1.2293675213786263e-06
2013-08-26 15:00:00,6.111593371990764e-07,1.3276467195788328e-06,1.4600747116977524e-06
2013-08-26 16:00:00,7.352637264026762e-07,2.6265599138234657e-06,1.943037417852612e-06
2013-08-26 17:00:00,9.421820602156311e-07,4.117516866802945e-06,2.5775343729164723e-06
2013-08-26 18:00:00,9.818652859585286e-07,4.935746381244733e-06,2.822661515499236e-06
2013-08-26 19:00:00,8.525036528698519e-07,5.32779966132181e-06,2.6018912256954702e-06
2013-08-26 20:00:00,7.689596252296269e-07,5.606304375674519e-06,2.497554925920704e-06
2013-08-26 21:00:00,7.5512657299716e-07,6.1442921219322134e-06,2.5444831051372955e-06
2013-08-26 22:00:00,8.057454845076939e-07,6.572590254558691e-06,2.631200391643686e-06
2013-08-26 23:00:00,8.583614189199659e-07,5.658198723279143e-06,3.1059798118958866e-06
2013-08-27 00:00:00,9.706151223720076e-07,5.3293565700036015e-06,3.4891056640936175e-06
2013-08-27 01:00:00,1.1871114615005099e-06,4.502075954656762e-06,3.908912553363972e-06
2013-08-27 02:00:00,1.4796902546434926e-06,2.9130919776222737e-06,4.43097522071478e-06
2013-08-27 03:00:00,1.7465409726091737e-06,2.4487292062665975e-06,4.282904992388596e-06
2013-08-27 04:00:00,2.0543661921718773e-06,2.2318894456811012e-06,4.153220909382717e-06
2013-08-27 05:00:00,2.290447874008877e-06,1.997307860493695e-06,4.24438429072591e-06
2013-08-27 06:00:00,1.7954998044459539e-06,1.9152384076831147e-06,3.046456006372623e-06
2013-08-27 07:00:00,1.1695200310051344e-06,2.309765056304723e-06,2.096406277491718e-06
2013-08-27 08:00:00,8.813093046343704e-07,1.4026502142524145e-06,1.7339029894076164e-06
2013-08-27 09:00:00,7.397656896923881e-07,1.011437377135676e-06,1.5655049650287468e-06
2013-08-27 10:00:00,6.937703108183852e-07,8.877155563925063e-07,1.6703329767819896e-06
2013-08-27 11:00:00,7.044552100624062e-07,8.622271562133703e-07,1.742207866557621e-06
2013-08-27 12:00:00,7.474807098079622e-07,8.732379788167936e-07,1.8800165503660418e-06
2013-08-27 13:00:00,8.399129847179704e-07,9.547447497533851e-07,2.076027894156871e-06
2013-08-27 14:00:00,9.612309559017777e-07,1.0099240472335125e-06,2.28489098427344e-06
2013-08-27 15:00:00,1.1149734124835533e-06,1.1817609399972686e-06,2.6580832870125476e-06
2013-08-27 16:00:00,1.4410796521134653e-06,1.7900788167960564e-06,3.6842016532673107e-06
2013-08-27 17:00:00,1.3933982838862778e-06,4.0056954923418004e-06,5.0563982621295285e-06
2013-08-27 18:00:00,1.2397915326753391e-06,3.080970746852174e-06,5.697043676636437e-06
2013-08-27 19:00:00,1.2987854303769227e-06,4.011128405402023e-06,5.623817169006692e-06
2013-08-27 20:00:00,1.349389157049162e-06,4.305157500293261e-06,5.802746198958513e-06
2013-08-27 21:00:00,1.3738529509296435e-06,4.5593752593047185e-06,5.808372666586422e-06
2013-08-27 22:00:00,1.3666270129984449e-06,4.40596495441384e-06,5.699045931807771e-06
2013-08-27 23:00:00,1.404452739683798e-06,4.431682520753145e-06,6.533981949239394e-06
2013-08-28 00:00:00,1.4300328106017194e-06,4.195391400267937e-06,7.01386950173975e-06
2013-08-28 01:00:00,1.434408450828234e-06,3.3630579755583973e-06,7.369711258892751e-06
2013-08-28 02:00:00,1.4310509609989072e-06,2.5595541669835543e-06,7.91553036746693e-06
2013-08-28 03:00:00,1.3978438254690263e-06,1.9913686706701608e-06,7.885131922306881e-06
2013-08-28 04:00:00,1.313559512975437e-06,1.6846419210341656e-06,6.8719584677728615e-06
2013-08-28 05:00:00,1.2160435620857942e-06,1.587024193175604e-06,6.3140296469941755e-06
2013-08-28 06:00:00,1.2498656275306577e-06,1.5736949466970388e-06,4.204615457075651e-06
2013-08-28 07:00:00,1.3459804499111847e-06,1.5220767336564941e-06,2.4912375193634917e-06
2013-08-28 08:00:00,9.727732238850012e-07,9.780611545596354e-07,1.7088729799061512e-06
2013-08-28 09:00:00,8.387585735511391e-07,7.882077472563666e-07,1.5130487604123013e-06
2013-08-28 10:00:00,8.769092435263056e-07,8.280140857010837e-07,1.5937683504044314e-06
2013-08-28 11:00:00,9.881350832017717e-07,1.0018565108364392e-06,1.6983714563408053e-06
2013-08-28 12:00:00,9.570424719846029e-07,1.0647559914165406e-06,1.731970126882926e-06
2013-08-28 13:00:00,9.680861103776601e-07,9.812614650416824e-07,1.819242736931787e-06
2013-08-28 14:00:00,1.0753896973468173e-06,9.638663739425477e-07,2.0023864048644673e-06
2013-08-28 15:00:00,1.2477627603926018e-06,1.1623780216787382e-06,2.477380296640398e-06
2013-08-28 16:00:00,1.6759494331016948e-06,1.7989862640916695e-06,3.5702726294248464e-06
2013-08-28 17:00:00,1.3131826757929352e-06,1.9309248552721937e-06,5.081250825760716e-06
2013-08-28 18:00:00,1.2609690146165194e-06,1.5090045422127042e-06,5.8976445437154925e-06
2013-08-28 19:00:00,1.308575776911815e-06,1.5843460130984171e-06,5.726061441308018e-06
2013-08-28 20:00:00,1.3783236165764679e-06,1.6984768880791327e-06,5.7177094403068545e-06
2013-08-28 21:00:00,1.3887737994145992e-06,2.0670870583545734e-06,5.9848756874440245e-06
2013-08-28 22:00:00,1.4601674893242886e-06,2.8259626430452238e-06,6.621297575332837e-06
2013-08-28 23:00:00,1.4629861380010881e-06,3.63988162662891e-06,6.955368307720874e-06
2013-08-29 00:00:00,1.545322740573278e-06,4.129028554362394e-06,7.339711987871466e-06
2013-08-29 01:00:00,1.5694405287482314e-06,3.942163584635262e-06,7.552102998201819e-06
2013-08-29 02:00:00,1.6063614125918456e-06,3.400707865248014e-06,7.065724000025161e-06
2013-08-29 03:00:00,1.5700430231979951e-06,2.8410733797838416e-06,6.368138679598623e-06
2013-08-29 04:00:00,1.4501184725811302e-06,2.702808759335183e-06,6.193964646894139e-06
2013-08-29 05:00:00,1.37956739438223e-06,2.586201757658922e-06,5.7714149225561475e-06
2013-08-29 06:00:00,1.3276767915138536e-06,2.7554965839547143e-06,3.7121149296929787e-06
2013-08-29 07:00:00,9.907423909541307e-07,1.8135381211482566e-06,1.4960792356969098e-06
2013-08-29 08:00:00,7.994202673017423e-07,9.232465895094944e-07,1.0584875726202891e-06
2013-08-29 09:00:00,6.526952387555627e-07,8.17885913440988e-07,9.387810600621661e-07
2013-08-29 10:00:00,6.0426562571738e-07,7.000747713293473e-07,9.192501681748118e-07
2013-08-29 11:00:00,5.913496036149496e-07,6.839238543979205e-07,9.413317647836898e-07
2013-08-29 12:00:00,5.63245154026663e-07,7.203510286570803e-07,9.879614338102743e-07
2013-08-29 13:00:00,5.77909207802832e-07,7.778487162347424e-07,1.0802088482660244e-06
2013-08-29 14:00:00,6.613752217860466e-07,8.583282309650142e-07,1.3121586777506489e-06
2013-08-29 15:00:00,7.618869921366447e-07,1.175540359536371e-06,1.7236274488034903e-06
2013-08-29 16:00:00,9.257314707133432e-07,1.908308473193001e-06,3.295015960113524e-06
2013-08-29 17:00:00,1.1503790235169045e-06,2.638043712507515e-06,4.648778640060598e-06
2013-08-29 18:00:00,1.2690032958215612e-06,2.421299257402402e-06,5.216652663639973e-06
2013-08-29 19:00:00,1.2939779711757255e-06,2.4670528196730927e-06,5.3823021407992195e-06
2013-08-29 20:00:00,1.3017250157408974e-06,2.5478726510606863e-06,5.596413197144452e-06
2013-08-29 21:00:00,1.2672226933291095e-06,2.650544175804384e-06,5.893258733488738e-06
2013-08-29 22:00:00,1.1176366989369625e-06,2.7770511463892575e-06,5.76676368175782e-06
2013-08-29 23:00:00,1.080760736201406e-06,2.879432526297622e-06,6.017684206317307e-06
2013-08-30 00:00:00,1.0432596780737385e-06,3.0213025983755893e-06,6.142942606352918e-06
2013-08-30 01:00:00,1.0510845696441792e-06,3.029203385562012e-06,6.2881736156192555e-06
2013-08-30 02:00:00,1.0889773269693187e-06,3.0404644283483233e-06,6.10310584579965e-06
2013-08-30 03:00:00,1.1376469164776424e-06,2.992426126573275e-06,5.699633020348565e-06
2013-08-30 04:00:00,1.169582323990733e-06,2.826370423728161e-06,5.122865812080524e-06
2013-08-30 05:00:00,1.1520373098699023e-06,2.61039817835563e-06,4.9061302491408974e-06
2013-08-30 06:00:00,9.932600384593838e-07,2.649924777561874e-06,3.1627157946278544e-06
2013-08-30 07:00:00,9.647517893346026e-07,1.3749268111833368e-06,1.4033759581602392e-06
2013-08-30 08:00:00,8.150459257486218e-07,8.424587202482646e-07,1.0323525508957544e-06
2013-08-30 09:00:00,7.222677962987294e-07,6.285852979228817e-07,9.41111399173782e-07
2013-08-30 10:00:00,7.242386386054719e-07,6.467442793291802e-07,9.519115041969811e-07
2013-08-30 11:00:00,6.97577803990047e-07,6.259424550982812e-07,9.058964651926053e-07
2013-08-30 12:00:00,6.78535378461269e-07,5.660683853088444e-07,9.141684768212611e-07
2013-08-30 13:00:00,6.635793374822498e-07,5.63487000021302e-07,9.330297010865441e-07
2013-08-30 14:00:00,6.613457876716313e-07,6.662924221567817e-07,1.0529400782966318e-06
2013-08-30 15:00:00,6.710688865444208e-07,7.889491654076431e-07,1.321909848906312e-06
2013-08-30 16:00:00,7.009469968302141e-07,1.050461933093872e-06,1.937903272765746e-06
2013-08-30 17:00:00,6.253157786987846e-07,2.7774049170736976e-06,2.8607466595394956e-06
2013-08-30 18:00:00,5.988263472834943e-07,2.6223940873230663e-06,3.2906827749182554e-06
2013-08-30 19:00:00,5.973807057535902e-07,2.7797074483943236e-06,3.2292648636644015e-06
2013-08-30 20:00:00,6.069309861017634e-07,3.1218216793044557e-06,2.9574282885753005e-06
2013-08-30 21:00:00,6.08010680859842e-07,3.2496041192091875e-06,2.759694478311098e-06
2013-08-30 22:00:00,5.99386727621524e-07,2.2375879396286517e-06,2.5639248577146756e-06
2013-08-30 23:00:00,6.024702714425737e-07,2.5116613614916962e-06,2.547871930511466e-06
2013-08-31 00:00:00,6.0437574441798e-07,1.7297311745744382e-06,2.865467123950114e-06
2013-08-31 01:00:00,6.094754017528299e-07,1.7165150202781155e-06,2.9862702627454517e-06
2013-08-31 02:00:00,6.141786835348376e-07,1.627439092793433e-06,2.9806154698442877e-06
2013-08-31 03:00:00,6.149157747930686e-07,1.5834668110550313e-06,3.0554055934356175e-06
2013-08-31 04:00:00,6.154855261996684e-07,1.5388756538089369e-06,3.006323910387389e-06
2013-08-31 05:00:00,6.12813356949877e-07,1.5196096517927726e-06,2.989373408440904e-06
2013-08-31 06:00:00,6.304002951753167e-07,1.3888050537046242e-06,2.2285561609858425e-06
2013-08-31 07:00:00,5.140248993817638e-07,1.942420004431558e-06,1.1999544167719274e-06
2013-08-31 08:00:00,4.776567533328717e-07,8.149832721890233e-07,1.117786182527704e-06
2013-08-31 09:00:00,4.3011003521046905e-07,7.422008586781852e-07,1.0131477747311884e-06
2013-08-31 10:00:00,4.331381054165272e-07,7.698510593976157e-07,1.0593201979366868e-06
2013-08-31 11:00:00,3.966428896385536e-07,6.683890555195426e-07,1.0094306542530929e-06
2013-08-31 12:00:00,3.6411281795774783e-07,6.33687222871269e-07,1.0076767551057836e-06
2013-08-31 13:00:00,3.4928950597503856e-07,6.375721130282014e-07,1.0444113017928056e-06
2013-08-31 14:00:00,3.6578907319498393e-07,6.629386758441916e-07,1.0932626667761014e-06
2013-08-31 15:00:00,3.9105040224112775e-07,7.207617471108481e-07,1.1845655630503423e-06
2013-08-31 16:00:00,4.3111109722146863e-07,8.761500957209495e-07,1.0922711079801527e-06
2013-08-31 17:00:00,4.555772598133855e-07,1.194656451715576e-06,1.1397163287131946e-06
2013-08-31 18:00:00,4.6388644125710834e-07,1.1411887492901367e-06,1.195228052017178e-06
2013-08-31 19:00:00,4.642600348262307e-07,1.1157763195372175e-06,1.2263700632833052e-06
2013-08-31 20:00:00,4.666424153890738e-07,1.1478516051399258e-06,1.2594572106242942e-06
2013-08-31 21:00:00,4.66631586348256e-07,1.1609065957165923e-06,1.2886115727913163e-06
2013-08-31 22:00:00,4.77557649563258e-07,1.1807685696001108e-06,1.255165843335733e-06
2013-08-31 23:00:00,5.069434663449702e-07,1.1970371102508963e-06,1.280730456526955e-06
2013-09-01 00:00:00,5.054140198465406e-07,1.1795380248005473e-06,1.2928930376584178e-06
2013-09-01 01:00:00,5.086175838424264e-07,1.1868308121483186e-06,1.3678926724155615e-06
2013-09-01 02:00:00,5.138252476185787e-07,1.1837599720286666e-06,1.4488969026848757e-06
2013-09-01 03:00:00,5.421288947446418e-07,1.1953753303925186e-06,1.5043083412135364e-06
2013-09-01 04:00:00,5.349013988951144e-07,1.199056372537482e-06,1.4865890584251544e-06
2013-09-01 05:00:00,5.245211245346423e-07,1.200609600883219e-06,1.4508035927871833e-06
2013-09-01 06:00:00,5.067856693212891e-07,1.2954151376304005e-06,1.3173035435136602e-06
2013-09-01 07:00:00,4.959051007105979e-07,1.1564032415359197e-06,1.5364475085516234e-06
2013-09-01 08:00:00,5.186412846035259e-07,9.572602142825232e-07,1.3029566893409513e-06
2013-09-01 09:00:00,5.480168475433757e-07,7.410629421058012e-07,1.2338661201418023e-06
2013-09-01 10:00:00,5.50933935702331e-07,7.18507981557435e-07,1.2273044417414528e-06
2013-09-01 11:00:00,5.455870583249544e-07,7.379891227279059e-07,1.223100128019399e-06
2013-09-01 12:00:00,5.300833082829797e-07,7.123758535593865e-07,1.2369444890676537e-06
2013-09-01 13:00:00,5.149178396569231e-07,8.217066194895802e-07,1.2798700898815104e-06
2013-09-01 14:00:00,5.058545911413336e-07,9.121008576156109e-07,1.4135966157979914e-06
2013-09-01 15:00:00,4.821692223659914e-07,1.215175661039393e-06,1.5063366806446092e-06
2013-09-01 16:00:00,4.2588338187574274e-07,1.7635020709203767e-06,1.3931152910611013e-06
2013-09-01 17:00:00,4.62120855457631e-07,2.7659453291627604e-06,1.1050986537154524e-06
2013-09-01 18:00:00,4.774869723369559e-07,2.3660807195417323e-06,1.1353978364413342e-06
2013-09-01 19:00:00,4.823370289190652e-07,2.367236528136379e-06,1.1333515261672767e-06
2013-09-01 20:00:00,4.901057643176158e-07,2.5173512591957588e-06,1.1370937855320088e-06
2013-09-01 21:00:00,4.878671023716506e-07,2.619144069679178e-06,1.1827875623923797e-06
2013-09-01 22:00:00,4.99071755953324e-07,2.7710350467108666e-06,1.225030748276326e-06
2013-09-01 23:00:00,4.914789668838364e-07,2.848795312343728e-06,1.19321439415455e-06
2013-09-02 00:00:00,4.923848476729834e-07,3.19812276031992e-06,1.1968509437147272e-06
2013-09-02 01:00:00,4.878555836799369e-07,3.2233606934887185e-06,1.2071878855542844e-06
2013-09-02 02:00:00,4.86684455797934e-07,3.1982468356314947e-06,1.1577804154775963e-06
2013-09-02 03:00:00,4.878968367748942e-07,2.990689985933615e-06,1.0880612851243924e-06
2013-09-02 04:00:00,4.71505114765228e-07,2.65173728677231e-06,1.0238925294720787e-06
2013-09-02 05:00:00,4.601485472535168e-07,2.646628935766504e-06,9.958323305148656e-07
2013-09-02 06:00:00,4.550534000187131e-07,1.9041521540874352e-06,1.042090875082824e-06
2013-09-02 07:00:00,4.64241193926234e-07,1.224102109141798e-06,1.376680475137985e-06
2013-09-02 08:00:00,4.874168703640631e-07,9.794366893015875e-07,1.3311448950024509e-06
2013-09-02 09:00:00,4.91518515966894e-07,8.143533460741993e-07,1.2823447989254994e-06
2013-09-02 10:00:00,4.952438211856961e-07,6.460544908367932e-07,1.2355594074282958e-06
2013-09-02 11:00:00,4.912878025396269e-07,6.737274174167571e-07,1.1928694645433278e-06
2013-09-02 12:00:00,4.881812859736632e-07,6.875421541698281e-07,1.2109634752081464e-06
2013-09-02 13:00:00,4.77212497462492e-07,6.62791240801523e-07,1.2664453484854363e-06
2013-09-02 14:00:00,4.550537082720316e-07,6.521926108402058e-07,1.3646170190858974e-06
2013-09-02 15:00:00,4.19859702907128e-07,8.066116262311276e-07,1.460062940353066e-06
2013-09-02 16:00:00,4.035288266907702e-07,1.4365287964435208e-06,1.1761816967695794e-06
2013-09-02 17:00:00,4.5452124121353624e-07,2.386235835792142e-06,9.456051753654205e-07
2013-09-02 18:00:00,4.572333855581363e-07,2.7372374445223687e-06,1.0604583442548433e-06
2013-09-02 19:00:00,4.588084397753564e-07,2.7227917613715943e-06,1.109086305786401e-06
2013-09-02 20:00:00,4.684272805632581e-07,2.7483437651110306e-06,1.1307719977463836e-06
2013-09-02 21:00:00,4.745344111266777e-07,2.77249488562969e-06,1.1615212362935202e-06
2013-09-02 22:00:00,4.858491858302888e-07,2.682398534664436e-06,1.1628099704311043e-06
2013-09-02 23:00:00,4.878834280743604e-07,2.4380677588012137e-06,1.1803086102903507e-06
2013-09-03 00:00:00,5.044852372065166e-07,2.1405386260924835e-06,1.2588621834634715e-06
2013-09-03 01:00:00,5.374697073402286e-07,1.8734822690931208e-06,1.3584062836753004e-06
2013-09-03 02:00:00,6.135981041640162e-07,1.8343366707901756e-06,1.4334349360163344e-06
2013-09-03 03:00:00,7.993794583253029e-07,1.4241918938699634e-06,1.763530005595857e-06
2013-09-03 04:00:00,1.0512472215966679e-06,1.6344921367945695e-06,1.9868046674713483e-06
2013-09-03 05:00:00,1.3803695858197823e-06,1.5623210403911951e-06,2.1518548056019e-06
2013-09-03 06:00:00,1.5569393599157813e-06,1.3273772010376065e-06,1.6744699234422004e-06
2013-09-03 07:00:00,1.2831836727869537e-06,1.350104366883207e-06,1.3088670595249168e-06
2013-09-03 08:00:00,1.0899402275651402e-06,8.562775535252957e-07,1.077892921530488e-06
2013-09-03 09:00:00,1.0350189296460214e-06,6.682217484502085e-07,1.0654094088594005e-06
2013-09-03 10:00:00,1.1152454307891977e-06,5.926583071126679e-07,1.1237226751898746e-06
2013-09-03 11:00:00,1.0893405752266565e-06,4.676829018226855e-07,1.1283328439187877e-06
2013-09-03 12:00:00,1.166003036113134e-06,5.762425969050424e-07,1.1104328283162743e-06
2013-09-03 13:00:00,1.3102030255182114e-06,6.934176382842253e-07,1.1947341422091925e-06
2013-09-03 14:00:00,1.5358585971674345e-06,8.405160652507958e-07,1.335718413243713e-06
2013-09-03 15:00:00,1.6931137479504152e-06,1.11471747005898e-06,1.7389666877788806e-06
2013-09-03 16:00:00,1.4436020372986417e-06,1.9064686791237122e-06,3.379871589888484e-06
2013-09-03 17:00:00,1.20520051671725e-06,2.2881376806504286e-06,5.160981141589062e-06
2013-09-03 18:00:00,1.293093932936127e-06,1.5589259839477e-06,5.416816983786998e-06
2013-09-03 19:00:00,1.3237146797014038e-06,1.5510591120549633e-06,5.281980393200416e-06
2013-09-03 20:00:00,1.3281329067169128e-06,1.58195424344751e-06,5.386091600658369e-06
2013-09-03 21:00:00,1.3482422250036562e-06,1.733393822048604e-06,5.7250710362503186e-06
2013-09-03 22:00:00,1.3569379886110468e-06,2.3444805781867354e-06,6.2699602677445835e-06
2013-09-03 23:00:00,1.3875805294410446e-06,2.539079063496745e-06,6.591483121381418e-06
2013-09-04 00:00:00,1.404931041326939e-06,2.6283177216939975e-06,6.92381672734577e-06
2013-09-04 01:00:00,1.4116042117567205e-06,2.5957685666595057e-06,7.116674849220605e-06
2013-09-04 02:00:00,1.4083744364825013e-06,2.5331088010549974e-06,7.029110629565855e-06
2013-09-04 03:00:00,1.377586673746336e-06,2.4048218666741486e-06,6.693167079214766e-06
2013-09-04 04:00:00,1.3190916134778521e-06,2.160860146124564e-06,6.214774097510401e-06
2013-09-04 05:00:00,1.2837843140331486e-06,1.99363931236763e-06,5.936984373211658e-06
2013-09-04 06:00:00,1.2319978819963924e-06,2.3408976764363485e-06,4.032684728259976e-06
2013-09-04 07:00:00,1.4658653946213688e-06,1.4323296923575493e-06,1.7594108740470735e-06
2013-09-04 08:00:00,1.0513078234727641e-06,8.581913014480283e-07,1.282863303723055e-06
2013-09-04 09:00:00,8.689264014416506e-07,5.805546370814724e-07,1.1750838377414061e-06
2013-09-04 10:00:00,7.922379553065647e-07,4.970439915007138e-07,1.096686878583303e-06
2013-09-04 11:00:00,7.296240984913681e-07,4.49583718537833e-07,1.0379809238670648e-06
2013-09-04 12:00:00,7.334742897663046e-07,5.367746685868803e-07,1.0477649956415746e-06
2013-09-04 13:00:00,7.877011808205324e-07,4.890128982648698e-07,1.0467578344497512e-06
2013-09-04 14:00:00,8.591651564573718e-07,6.570756012587414e-07,1.1661926279979742e-06
2013-09-04 15:00:00,9.409594759968633e-07,1.0081441299238241e-06,1.726382779871482e-06
2013-09-04 16:00:00,1.0552118541203074e-06,1.7257744996513599e-06,3.5103118948743564e-06
2013-09-04 17:00:00,1.1666285360816137e-06,2.1101786065381864e-06,5.362513792041255e-06
2013-09-04 18:00:00,1.0445573128053198e-06,2.007487188194178e-06,4.961589999858855e-06
2013-09-04 19:00:00,8.276087225736088e-07,2.0400686304347122e-06,4.316845216405601e-06
2013-09-04 20:00:00,7.266487731479403e-07,2.653996338574652e-06,4.06507738564658e-06
2013-09-04 21:00:00,6.833631970374051e-07,3.0711130639451e-06,4.072957697242621e-06
2013-09-04 22:00:00,6.681430736434363e-07,3.2696211178089976e-06,3.940744513969015e-06
2013-09-04 23:00:00,6.677155301186392e-07,3.2889082275316354e-06,4.0365641082732014e-06
2013-09-05 00:00:00,6.806503055602771e-07,3.2658364093019583e-06,3.955679766427768e-06
2013-09-05 01:00:00,6.871129634204296e-07,3.1682104410664596e-06,3.993577767066239e-06
2013-09-05 02:00:00,6.996898274537002e-07,2.9660801805274376e-06,3.928546477850909e-06
2013-09-05 03:00:00,7.107849841586225e-07,2.6177970526365644e-06,3.6143287469209723e-06
2013-09-05 04:00:00,7.191948599986079e-07,2.1767143318428976e-06,3.29735626991877e-06
2013-09-05 05:00:00,7.178300471267358e-07,1.7932176344721532e-06,3.026883949470459e-06
2013-09-05 06:00:00,6.692598902796135e-07,1.5322568305657054e-06,2.161518529182445e-06
2013-09-05 07:00:00,5.372487599944906e-07,1.0424507846206417e-06,1.1219786786294604e-06
2013-09-05 08:00:00,3.8731260623906575e-07,5.554254139971542e-07,9.868354166167143e-07
2013-09-05 09:00:00,3.8048130942553444e-07,5.132605696446231e-07,9.860882725171219e-07
2013-09-05 10:00:00,4.196287308672143e-07,4.7236002234679763e-07,1.0205124620507929e-06
2013-09-05 11:00:00,4.2689044498861657e-07,4.717430624996871e-07,1.0486430873283385e-06
2013-09-05 12:00:00,4.409877853379684e-07,4.6747464860335164e-07,1.0341207528431934e-06
2013-09-05 13:00:00,4.133131674568548e-07,4.901566208136731e-07,9.92254541028321e-07
2013-09-05 14:00:00,4.55971245444773e-07,5.321338866634635e-07,1.00304922213666e-06
2013-09-05 15:00:00,6.008186012397113e-07,8.41880990938174e-07,1.182732009369201e-06
2013-09-05 16:00:00,8.241859392881579e-07,1.2994777853573255e-06,1.5609535491962943e-06
2013-09-05 17:00:00,9.579226019722133e-07,1.2220616705869885e-06,2.0082649055634535e-06
2013-09-05 18:00:00,9.239884314633114e-07,1.2464400679983546e-06,1.5649360389941917e-06
2013-09-05 19:00:00,9.219249291580869e-07,2.155491868412511e-06,1.401167685859911e-06
2013-09-05 20:00:00,9.263734686407456e-07,2.4512933285797492e-06,1.3906892510674822e-06
2013-09-05 21:00:00,9.380713584685039e-07,2.447238862593034e-06,1.4237475718752166e-06
2013-09-05 22:00:00,9.58456952660887e-07,2.451412418680014e-06,1.4196175777105533e-06
2013-09-05 23:00:00,9.7937273562777e-07,2.4594769403244366e-06,1.4874624939100632e-06
2013-09-06 00:00:00,9.799811537894297e-07,2.519055724848214e-06,1.5071781993473315e-06
2013-09-06 01:00:00,9.802461035304946e-07,2.4977667323764334e-06,1.5132052935943304e-06
2013-09-06 02:00:00,9.650568390835404e-07,2.5322967178291675e-06,1.5077740648629747e-06
2013-09-06 03:00:00,9.043393560266054e-07,2.6757177995016243e-06,1.4865601445304016e-06
2013-09-06 04:00:00,8.547216736801224e-07,2.5277035074383163e-06,1.4491313684687926e-06
2013-09-06 05:00:00,8.173084911376643e-07,1.991504086038017e-06,1.422597707114813e-06
2013-09-06 06:00:00,7.862387184692199e-07,1.3701343790013626e-06,1.1661143929631972e-06
2013-09-06 07:00:00,6.200058357452105e-07,1.1691753099416966e-06,9.612593473575324e-07
2013-09-06 08:00:00,5.761066437830637e-07,7.958351593207801e-07,9.771206563964166e-07
2013-09-06 09:00:00,5.559169892118707e-07,6.676127859833996e-07,9.731845597139292e-07
2013-09-06 10:00:00,5.968569450352718e-07,7.316522326406219e-07,9.770925956414484e-07
2013-09-06 11:00:00,5.81454485711577e-07,1.0547724500263248e-06,9.762152007626947e-07
2013-09-06 12:00:00,6.629959838416273e-07,1.1563413393245775e-06,9.728202778649161e-07
2013-09-06 13:00:00,8.006646301332989e-07,9.514030014502895e-07,9.72613767715594e-07
2013-09-06 14:00:00,8.268546928102524e-07,8.355187492257337e-07,9.13101093385892e-07
2013-09-06 15:00:00,7.865017857570725e-07,9.501740537247383e-07,1.0002610323942706e-06
2013-09-06 16:00:00,1.0179314679833294e-06,2.022959488026404e-06,1.457805246909171e-06
2013-09-06 17:00:00,1.3297893684773934e-06,3.0241525119729067e-06,1.6710182722080615e-06
2013-09-06 18:00:00,1.3751695545825904e-06,2.8414509192175047e-06,1.696209285830365e-06
2013-09-06 19:00:00,1.3896310335492062e-06,2.810979396675928e-06,1.7875376409843044e-06
2013-09-06 20:00:00,1.461887225575164e-06,2.920114806978144e-06,1.864872841806465e-06
2013-09-06 21:00:00,1.6061910549019295e-06,2.93238036785146e-06,1.8842560943566806e-06
2013-09-06 22:00:00,1.5876021095580151e-06,3.1876410694379355e-06,2.5398161317754074e-06
2013-09-06 23:00:00,1.6113661866243818e-06,3.327550354066816e-06,2.63982811676268e-06
2013-09-07 00:00:00,1.594756179236457e-06,5.810194498870986e-06,2.611508480679591e-06
2013-09-07 01:00:00,1.4115185189643764e-06,4.592960137366938e-06,3.054505153250497e-06
2013-09-07 02:00:00,1.4796968348646713e-06,5.621016635728672e-06,3.2918007313705394e-06
2013-09-07 03:00:00,1.819482660401932e-06,1.2164622899678858e-05,3.3782780394112027e-06
2013-09-07 04:00:00,1.6881733101325487e-06,9.777937567536083e-06,3.804731710148289e-06
2013-09-07 05:00:00,1.6644052170830167e-06,8.092231624135541e-06,3.944886459812365e-06
2013-09-07 06:00:00,1.6911297514596672e-06,5.720956545167324e-06,3.009898625067509e-06
2013-09-07 07:00:00,1.3410718960775512e-06,2.309474341862364e-06,1.723212046177033e-06
2013-09-07 08:00:00,1.2832215756940519e-06,1.4533079369506267e-06,1.435498094258599e-06
2013-09-07 09:00:00,1.3314540624261593e-06,1.0371771417106803e-06,1.2421045765800194e-06
2013-09-07 10:00:00,1.3919333395068619e-06,1.0242508254961912e-06,1.1777568553222501e-06
2013-09-07 11:00:00,1.2562444473730048e-06,1.0783916813512408e-06,1.1766802887965406e-06
2013-09-07 12:00:00,1.3111683532097047e-06,1.2239395772269213e-06,1.2215840546000907e-06
2013-09-07 13:00:00,1.3602899691813284e-06,1.0821977786548365e-06,1.3157699073897251e-06
2013-09-07 14:00:00,1.2081678471033747e-06,1.3810493079377328e-06,1.4533995955157887e-06
2013-09-07 15:00:00,1.1363720322173904e-06,1.9621923940246438e-06,2.1107242515903646e-06
2013-09-07 16:00:00,1.3288062262910895e-06,3.6622241411479835e-06,3.6995626922766523e-06
2013-09-07 17:00:00,1.4163245647859249e-06,2.8036517267220773e-06,4.600961775822917e-06
2013-09-07 18:00:00,1.4423219874785325e-06,2.683873177826858e-06,4.2448409886636355e-06
2013-09-07 19:00:00,1.4893673030691475e-06,2.7521075116328735e-06,3.8917497007074265e-06
2013-09-07 20:00:00,1.5355952227059628e-06,2.8265768486149087e-06,3.754069745451227e-06
2013-09-07 21:00:00,1.587094756498523e-06,2.910317574760661e-06,3.6462532568957505e-06
2013-09-07 22:00:00,1.9728433095432533e-06,2.733717044859409e-06,3.311166165097557e-06
2013-09-07 23:00:00,2.028057979081819e-06,2.844970963646372e-06,3.4447371332536077e-06
2013-09-08 00:00:00,1.9118789918638215e-06,2.993993132872334e-06,3.476590158995854e-06
2013-09-08 01:00:00,2.1132859514157984e-06,2.9551314595388686e-06,3.32055804000222e-06
2013-09-08 02:00:00,2.2550792771479025e-06,2.9455243580657057e-06,3.1707947062324892e-06
2013-09-08 03:00:00,2.9337049633091123e-06,2.7387576940360637e-06,2.9450196652799506e-06
2013-09-08 04:00:00,2.8617869274029573e-06,3.093647585336479e-06,2.6635453486917453e-06
2013-09-08 05:00:00,2.4485220218871163e-06,3.573496881184104e-06,2.490420361257922e-06
2013-09-08 06:00:00,1.781603693720573e-06,6.543348395069758e-06,1.909245734406395e-06
2013-09-08 07:00:00,1.4207753966967142e-06,1.882468525536682e-06,1.468006555888028e-06
2013-09-08 08:00:00,1.1083681319943696e-06,1.0212801994774646e-06,1.2330122542517345e-06
2013-09-08 09:00:00,9.63358487452955e-07,7.569891924684981e-07,1.1683014616672445e-06
2013-09-08 10:00:00,8.680819238763949e-07,7.108713684290828e-07,1.2592713205255353e-06
2013-09-08 11:00:00,7.814921388301066e-07,7.88874204307613e-07,1.1910235717035671e-06
2013-09-08 12:00:00,7.707736543642083e-07,9.369047412077828e-07,1.3158461615937796e-06
2013-09-08 13:00:00,8.109550892761289e-07,1.1055539776507298e-06,1.6572954793100778e-06
2013-09-08 14:00:00,8.600699757556431e-07,1.5616932356537493e-06,2.129420176106862e-06
2013-09-08 15:00:00,9.613771648192505e-07,2.296402061837269e-06,2.5583707745154547e-06
2013-09-08 16:00:00,1.382181607450424e-06,3.1854874804984282e-06,2.697646477056231e-06
2013-09-08 17:00:00,1.3642846487173857e-06,2.2490487145700365e-06,3.207304721983358e-06
2013-09-08 18:00:00,1.3159757145813335e-06,2.1608532061843434e-06,3.2254752696889997e-06
2013-09-08 19:00:00,1.3416998306143657e-06,2.1654886802755587e-06,3.7719745260733194e-06
2013-09-08 20:00:00,1.3856962615238058e-06,2.214648389528175e-06,4.3844427153898765e-06
2013-09-08 21:00:00,1.5595440102232044e-06,2.4282048393534836e-06,5.193593165840627e-06
2013-09-08 22:00:00,1.6606110951084418e-06,2.4557216445175424e-06,5.510662275639704e-06
2013-09-08 23:00:00,1.6468667866167898e-06,2.8233316085432704e-06,5.1855641900423295e-06
2013-09-09 00:00:00,1.6378244733564437e-06,2.4749838945718263e-06,4.858028178662795e-06
2013-09-09 01:00:00,1.5995906986012287e-06,2.570096898404411e-06,4.703147241360524e-06
2013-09-09 02:00:00,1.5700374297408865e-06,2.3137758272898685e-06,4.427377607638791e-06
2013-09-09 03:00:00,1.516564778480454e-06,1.9766724531788366e-06,4.241974652648225e-06
2013-09-09 04:00:00,1.4020863002351327e-06,1.797404160290045e-06,3.858913075299444e-06
2013-09-09 05:00:00,1.287339187172285e-06,1.737171428680557e-06,3.667437879314545e-06
2013-09-09 06:00:00,1.2833975042967026e-06,1.6676770114111058e-06,3.0584531969388374e-06
2013-09-09 07:00:00,1.374123379380052e-06,1.5265311438707716e-06,1.8312501066029011e-06
2013-09-09 08:00:00,1.0580100237571616e-06,9.46729089457662e-07,1.4176201045474267e-06
2013-09-09 09:00:00,9.303664287808677e-07,8.513783633432497e-07,1.2656307609038007e-06
2013-09-09 10:00:00,8.888158569679328e-07,9.369482800898538e-07,1.2688703320534526e-06
2013-09-09 11:00:00,9.238519385944076e-07,1.1900091445996838e-06,1.2056649240564854e-06
2013-09-09 12:00:00,9.389772026563258e-07,1.6211501342227394e-06,1.1845748643469146e-06
2013-09-09 13:00:00,1.0633486838088372e-06,2.149194485864912e-06,1.2331696421792073e-06
2013-09-09 14:00:00,1.2425263560061874e-06,2.9862683766706554e-06,1.3902830536136158e-06
2013-09-09 15:00:00,1.6682825875337148e-06,3.528737108523092e-06,1.6369618173559576e-06
2013-09-09 16:00:00,2.075995274150847e-06,3.7058611619461464e-06,2.9306178898571803e-06
2013-09-09 17:00:00,1.5382342189057084e-06,5.341876949434596e-06,4.86517458591114e-06
2013-09-09 18:00:00,1.5437967573968471e-06,5.078021825290964e-06,5.489049064847037e-06
2013-09-09 19:00:00,1.9050822579894074e-06,4.524590158624153e-06,5.179711638428181e-06
2013-09-09 20:00:00,2.0679498226558833e-06,4.713162293574863e-06,4.508204633126175e-06
2013-09-09 21:00:00,2.3010515036870007e-06,5.481859823327475e-06,3.89395782500822e-06
2013-09-09 22:00:00,2.181022040109106e-06,5.535834134998441e-06,3.7959911227096314e-06
2013-09-09 23:00:00,1.7328216784100103e-06,5.694581328319178e-06,3.830579918956347e-06
2013-09-10 00:00:00,1.3647946058459632e-06,5.8602635858198576e-06,3.4721118979668034e-06
2013-09-10 01:00:00,1.1256802688774203e-06,2.5730407327717e-06,3.2056280473208595e-06
2013-09-10 02:00:00,1.0017800478481479e-06,2.0219581896937964e-06,2.963511990901275e-06
2013-09-10 03:00:00,8.917671352074061e-07,2.4108115180979847e-06,3.008720449644903e-06
2013-09-10 04:00:00,8.504851669830965e-07,2.43718196988071e-06,2.7910392821435336e-06
2013-09-10 05:00:00,7.997155330796373e-07,2.3652820499038664e-06,2.7437961598890475e-06
2013-09-10 06:00:00,7.547694241134099e-07,2.24689705592721e-06,2.3349770469444973e-06
2013-09-10 07:00:00,6.71473130824915e-07,1.7556148910936688e-06,1.9457866042225e-06
2013-09-10 08:00:00,6.00199248469188e-07,8.792078084446754e-07,1.6050351146921049e-06
2013-09-10 09:00:00,5.6617581626432e-07,7.584464847790808e-07,1.5709961591787896e-06
2013-09-10 10:00:00,5.473192991215628e-07,7.862714310398401e-07,1.5524624221665006e-06
2013-09-10 11:00:00,5.342387813050477e-07,7.771869822957253e-07,1.5469884959636699e-06
2013-09-10 12:00:00,5.25033032954986e-07,7.297139686347717e-07,1.5377147552531118e-06
2013-09-10 13:00:00,5.153465285318831e-07,7.32418170550078e-07,1.5085432784776035e-06
2013-09-10 14:00:00,5.27399653379207e-07,8.284929843496994e-07,1.4492571932853458e-06
2013-09-10 15:00:00,5.518241369162898e-07,9.916570129306507e-07,1.5605967035835313e-06
2013-09-10 16:00:00,5.785682556088011e-07,1.2040023256891832e-06,1.7367204268823112e-06
2013-09-10 17:00:00,5.874839916554514e-07,1.4251328513674797e-06,2.177794552582167e-06
2013-09-10 18:00:00,5.615268210773268e-07,2.1347863089402284e-06,2.3008380076586058e-06
2013-09-10 19:00:00,5.540007510822214e-07,3.3809319680029397e-06,2.375993092188228e-06
2013-09-10 20:00:00,5.693609958844151e-07,2.274673468206414e-06,2.303360057333504e-06
2013-09-10 21:00:00,5.844945690162722e-07,1.8010043201671151e-06,2.20536268508092e-06
2013-09-10 22:00:00,6.034059278571856e-07,1.674621809916122e-06,2.0385290270826742e-06
2013-09-10 23:00:00,5.904985024747966e-07,1.3841530520153239e-06,2.015626244210734e-06
2013-09-11 00:00:00,5.872446276677155e-07,1.3409755983894646e-06,1.9957603920002845e-06
2013-09-11 01:00:00,6.072205354315412e-07,1.5347114796841296e-06,1.9214618623943934e-06
2013-09-11 02:00:00,6.206311130051828e-07,1.7553883227137144e-06,1.8571830729700325e-06
2013-09-11 03:00:00,6.322169428674769e-07,2.3318987433642338e-06,1.9242643228950495e-06
2013-09-11 04:00:00,6.406946780980738e-07,1.9901884326413843e-06,2.128269513587161e-06
2013-09-11 05:00:00,6.646737945520503e-07,4.563599315945337e-06,2.303172767789653e-06
2013-09-11 06:00:00,6.538418386586937e-07,3.833700905838402e-06,1.992064493514266e-06
2013-09-11 07:00:00,5.482467855248433e-07,1.927213794039011e-06,1.5013307947958013e-06
2013-09-11 08:00:00,4.990065614016235e-07,1.362996480460399e-06,1.3528859504972169e-06
2013-09-11 09:00:00,4.829825749308129e-07,1.3352237947990046e-06,1.4025353430994892e-06
2013-09-11 10:00:00,5.001273742333672e-07,1.2730597469572788e-06,1.7272784015497573e-06
2013-09-11 11:00:00,5.074207001694025e-07,1.3834317450333807e-06,1.7989949508965312e-06
2013-09-11 12:00:00,4.991767530100831e-07,1.5046666702126544e-06,1.798345800251191e-06
2013-09-11 13:00:00,4.785486403641304e-07,1.6363378058263144e-06,2.0819207667798963e-06
2013-09-11 14:00:00,4.79609808295877e-07,1.942769215273114e-06,2.2003494939835698e-06
2013-09-11 15:00:00,4.972731106282048e-07,1.951199931882339e-06,2.1865059850460982e-06
2013-09-11 16:00:00,5.381751374804058e-07,2.378327587217753e-06,2.3122984855167974e-06
2013-09-11 17:00:00,6.087116937162617e-07,3.711914690998342e-06,3.1147656486016256e-06
2013-09-11 18:00:00,6.364601881384658e-07,4.561091335815431e-06,3.3636784628217237e-06
2013-09-11 19:00:00,6.758736715043994e-07,5.090332524050272e-06,3.7045800001133063e-06
2013-09-11 20:00:00,7.220159326379237e-07,5.545380180660277e-06,4.0816375696202494e-06
2013-09-11 21:00:00,7.728932962329032e-07,6.129895540458866e-06,4.400473378084239e-06
2013-09-11 22:00:00,7.530853928541879e-07,4.297569844652531e-06,3.879645527088245e-06
2013-09-11 23:00:00,8.096005848438025e-07,4.723928568633396e-06,4.172606420803736e-06
2013-09-12 00:00:00,8.639023432430877e-07,5.1501395928665855e-06,4.515165450323135e-06
2013-09-12 01:00:00,9.07437897996826e-07,5.233140181504418e-06,4.638515293573731e-06
2013-09-12 02:00:00,9.524310892127103e-07,4.682764368484492e-06,4.483704397586235e-06
2013-09-12 03:00:00,1.0370405281207588e-06,4.134727404014038e-06,4.348221238586382e-06
2013-09-12 04:00:00,1.2156304534112687e-06,3.500691331248935e-06,4.328579509195578e-06
2013-09-12 05:00:00,1.126530288176585e-06,3.0525537881756207e-06,4.387534009887045e-06
2013-09-12 06:00:00,1.1203893036700032e-06,2.934039497029568e-06,3.517327283688672e-06
2013-09-12 07:00:00,1.3123108983297805e-06,2.4913652753204486e-06,3.04748137885302e-06
2013-09-12 08:00:00,1.1208442102021406e-06,1.6390663785050475e-06,2.890528526188066e-06
2013-09-12 09:00:00,1.094161130173385e-06,1.7291656542241804e-06,2.90074939949802e-06
2013-09-12 10:00:00,1.1090118952313153e-06,2.0449645803768693e-06,2.723299394037937e-06
2013-09-12 11:00:00,1.0407243325246632e-06,2.0365161451385347e-06,2.5562666458139987e-06
2013-09-12 12:00:00,1.0012355301996467e-06,1.8198825602511755e-06,2.6068701329157587e-06
2013-09-12 13:00:00,1.1009806219156867e-06,1.7976635831065679e-06,2.684337404316643e-06
2013-09-12 14:00:00,1.3035199068199303e-06,2.1557523644933854e-06,3.0289768857031462e-06
2013-09-12 15:00:00,1.4361138082738286e-06,2.2220443429647e-06,3.239898622629359e-06
2013-09-12 16:00:00,1.2223039861584873e-06,2.691234239189477e-06,3.6655296436711342e-06
2013-09-12 17:00:00,1.102453465354634e-06,1.8962280218996918e-06,4.048404289377675e-06
2013-09-12 18:00:00,1.1994849183412088e-06,1.955575958788048e-06,4.219767700816913e-06
2013-09-12 19:00:00,1.2414574714972779e-06,2.116003787235228e-06,4.466583224166056e-06
2013-09-12 20:00:00,1.2295508591327148e-06,2.3651786968052586e-06,4.71126687498851e-06
2013-09-12 21:00:00,1.2189208623416609e-06,2.7318198356547187e-06,5.03376727611706e-06
2013-09-12 22:00:00,1.2479163296228229e-06,3.4641799534503533e-06,4.8377440740357565e-06
2013-09-12 23:00:00,1.297490813550193e-06,3.793628832440757e-06,5.050806051370944e-06
2013-09-13 00:00:00,1.3164155913666792e-06,4.166176471813324e-06,5.370009685276997e-06
2013-09-13 01:00:00,1.32309127853317e-06,4.437201148567275e-06,5.397248535606792e-06
2013-09-13 02:00:00,1.34771833069845e-06,4.1849451471363206e-06,5.179143930621851e-06
2013-09-13 03:00:00,1.2892135624792933e-06,3.526340844741613e-06,4.684166129348816e-06
2013-09-13 04:00:00,1.1889886392171538e-06,3.1677313326217932e-06,4.418073624581987e-06
2013-09-13 05:00:00,1.0813331928845409e-06,2.7437418373910536e-06,4.5201639994381124e-06
2013-09-13 06:00:00,1.1536655927959632e-06,2.942046647384851e-06,4.10406846254187e-06
2013-09-13 07:00:00,8.497968251191056e-07,2.164461275907722e-06,3.1711333480908005e-06
2013-09-13 08:00:00,6.714320538626451e-07,1.6631114171582906e-06,2.5371837751308375e-06
2013-09-13 09:00:00,5.856841287418655e-07,1.618871752754315e-06,2.2937978416860625e-06
2013-09-13 10:00:00,5.676337721884506e-07,1.642340513457647e-06,2.120319842347838e-06
2013-09-13 11:00:00,5.895865376120496e-07,1.8898198688071057e-06,2.0626095216367406e-06
2013-09-13 12:00:00,6.202580266366433e-07,2.2226025853211242e-06,2.0990685280531324e-06
2013-09-13 13:00:00,6.56830152618154e-07,2.5754507636982444e-06,2.2163683327405228e-06
2013-09-13 14:00:00,7.054925577305917e-07,2.969952218968584e-06,2.509919765293855e-06
2013-09-13 15:00:00,7.521812334013568e-07,3.903487170051009e-06,2.853292107546858e-06
2013-09-13 16:00:00,9.066461069437441e-07,5.14567168044122e-06,4.124836979282001e-06
2013-09-13 17:00:00,1.1143190045133091e-06,9.283416861044616e-06,5.254561612084731e-06
2013-09-13 18:00:00,1.1515573785828428e-06,1.0600680949265135e-05,5.501256682524674e-06
2013-09-13 19:00:00,1.1999260827628943e-06,1.0958930428584128e-05,5.427996951179929e-06
2013-09-13 20:00:00,1.2465309759188417e-06,9.435649418915362e-06,5.18694642336683e-06
2013-09-13 21:00:00,1.352156375779955e-06,8.061069480327732e-06,4.786019081237899e-06
2013-09-13 22:00:00,1.4432957269292658e-06,6.466051497377298e-06,4.475582196454671e-06
2013-09-13 23:00:00,1.5327085364187938e-06,6.812117458379785e-06,4.45272436130768e-06
2013-09-14 00:00:00,1.5086978068267852e-06,7.857223156427913e-06,4.4923399927799195e-06
2013-09-14 01:00:00,1.5124528150386458e-06,7.816891028131718e-06,4.078277394123849e-06
2013-09-14 02:00:00,1.4578825436772947e-06,6.8060693005499505e-06,4.140421205399577e-06
2013-09-14 03:00:00,1.2419892034337118e-06,5.992035864826507e-06,4.19751679517368e-06
2013-09-14 04:00:00,9.926571952783773e-07,5.371665962293202e-06,4.215360728268328e-06
2013-09-14 05:00:00,8.174937029442394e-07,4.880199801804575e-06,3.97789939019024e-06
2013-09-14 06:00:00,6.960951543639749e-07,3.6377516377218698e-06,2.719890154319371e-06
2013-09-14 07:00:00,5.687062254661701e-07,2.13959588086825e-06,1.966937145693656e-06
2013-09-14 08:00:00,5.13725199083209e-07,1.607843763090682e-06,1.6975791468354633e-06
2013-09-14 09:00:00,5.022741818251813e-07,1.1621185849241328e-06,1.482862606726209e-06
2013-09-14 10:00:00,5.014560212327095e-07,1.2693124139119422e-06,1.4872110650572212e-06
2013-09-14 11:00:00,4.855516187341839e-07,1.2245696210374991e-06,1.4039457877529481e-06
2013-09-14 12:00:00,4.795889785601324e-07,1.1827720163213915e-06,1.4238113738027461e-06
2013-09-14 13:00:00,4.7278455695628615e-07,1.3233700119089208e-06,1.4678524511081087e-06
2013-09-14 14:00:00,4.78608507236766e-07,1.6340224640509015e-06,1.5687437477085643e-06
2013-09-14 15:00:00,4.771475333502762e-07,2.2109050277203808e-06,1.8790454186734055e-06
2013-09-14 16:00:00,4.896863635138211e-07,3.2499386916451705e-06,2.2960021829480024e-06
2013-09-14 17:00:00,5.251187503502969e-07,3.0870709063772293e-06,2.365806522853015e-06
2013-09-14 18:00:00,5.532536074895548e-07,2.951315276838094e-06,2.2598055296386794e-06
2013-09-14 19:00:00,6.023406592282525e-07,3.0660110878977398e-06,2.2911021240365847e-06
2013-09-14 20:00:00,6.315768016991601e-07,3.212039109490368e-06,2.464589629282116e-06
2013-09-14 21:00:00,6.487765624168314e-07,3.332061915579227e-06,2.6375960992537743e-06
2013-09-14 22:00:00,6.807996571657096e-07,3.475817756150542e-06,2.499979554998961e-06
2013-09-14 23:00:00,7.161566990316674e-07,3.52560564681538e-06,2.5883413800461743e-06
2013-09-15 00:00:00,7.106505363094888e-07,3.410279473169636e-06,2.642229340524108e-06
2013-09-15 01:00:00,7.09819808877413e-07,3.352305953900901e-06,2.435988898842633e-06
2013-09-15 02:00:00,7.150394318234169e-07,3.3071460936912914e-06,2.455160534369203e-06
2013-09-15 03:00:00,7.151084538898947e-07,3.256339320439224e-06,2.5087731585559664e-06
2013-09-15 04:00:00,7.51986229698125e-07,3.3378112528772743e-06,2.506633931116596e-06
2013-09-15 05:00:00,7.713111118585641e-07,3.5012302931414504e-06,2.5744215946585055e-06
2013-09-15 06:00:00,7.848400125081797e-07,3.82110397213463e-06,2.4847441135432174e-06
2013-09-15 07:00:00,5.236866618778326e-07,1.4932442226233985e-06,1.258744709993421e-06
2013-09-15 08:00:00,4.583250885931007e-07,9.352587770484351e-07,1.132035887999725e-06
2013-09-15 09:00:00,4.2784746177795827e-07,8.722429894676396e-07,1.0949583727146744e-06
2013-09-15 10:00:00,4.250659283604323e-07,9.090655830887023e-07,1.024276710484129e-06
2013-09-15 11:00:00,4.1615471308887205e-07,8.902004536729899e-07,1.020439567522989e-06
2013-09-15 12:00:00,3.8845226137319023e-07,8.999498913462368e-07,1.0418188229593313e-06
2013-09-15 13:00:00,3.916658110488495e-07,1.0827936547726464e-06,1.0592334893366878e-06
2013-09-15 14:00:00,3.851139658110649e-07,1.5254666836370168e-06,1.0202622823193011e-06
2013-09-15 15:00:00,3.893737256610738e-07,1.6140257590496328e-06,1.0877606496388107e-06
2013-09-15 16:00:00,3.980989078807862e-07,1.4676385086216543e-06,1.2598687956418473e-06
2013-09-15 17:00:00,4.0462924784347145e-07,1.3073607422924933e-06,1.2945459717113208e-06
2013-09-15 18:00:00,3.890717458030223e-07,1.634389555853864e-06,1.2839140436218845e-06
2013-09-15 19:00:00,3.813042094751313e-07,2.0338308473438764e-06,1.2465207348774225e-06
2013-09-15 20:00:00,3.9514652727987487e-07,2.2179278478495028e-06,1.1545870365421666e-06
2013-09-15 21:00:00,3.9677325013230375e-07,2.254078815051294e-06,1.083162513922935e-06
2013-09-15 22:00:00,4.055580626991906e-07,2.1230170416953507e-06,1.0291469447633466e-06
2013-09-15 23:00:00,4.186329136948225e-07,2.052306983479962e-06,1.0639346916386898e-06
2013-09-16 00:00:00,4.167832331140629e-07,2.0395758510818845e-06,1.061583084055304e-06
2013-09-16 01:00:00,4.150133019446983e-07,2.1357064924249145e-06,1.0770974630844166e-06
2013-09-16 02:00:00,4.251601898931574e-07,2.111543624712238e-06,1.0525735196602908e-06
2013-09-16 03:00:00,4.3580735727466836e-07,1.9000280031349868e-06,9.98070220652323e-07
2013-09-16 04:00:00,4.319772613449803e-07,1.6329267154018389e-06,9.252115609105735e-07
2013-09-16 05:00:00,4.200077596521135e-07,1.487409384763483e-06,9.123574576085567e-07
2013-09-16 06:00:00,4.0390795763297837e-07,1.5111393408649358e-06,8.697776491947516e-07
2013-09-16 07:00:00,4.321224167166817e-07,1.3206429138025093e-06,9.327360128428691e-07
2013-09-16 08:00:00,4.79788529062734e-07,8.255110829235081e-07,8.653776815055903e-07
2013-09-16 09:00:00,4.3358874068524366e-07,7.74498850147645e-07,8.988241268362861e-07
2013-09-16 10:00:00,4.564882267659305e-07,7.819183917204464e-07,9.581450915028608e-07
2013-09-16 11:00:00,4.4021407410263456e-07,7.894283981235436e-07,9.550910793186876e-07
2013-09-16 12:00:00,4.4381869948865607e-07,7.796988754062624e-07,9.53497761173626e-07
2013-09-16 13:00:00,4.859547278075306e-07,7.516837784872935e-07,9.700596652583617e-07
2013-09-16 14:00:00,4.922534272988261e-07,9.254647701868418e-07,9.693794844097307e-07
2013-09-16 15:00:00,4.5890805330093355e-07,1.3045869758220714e-06,9.99886440776993e-07
2013-09-16 16:00:00,3.9384065869543103e-07,1.535640201956621e-06,1.0848617594714586e-06
2013-09-16 17:00:00,4.606420067264108e-07,1.293795766110301e-06,1.2210819494850925e-06
2013-09-16 18:00:00,4.836756403588658e-07,1.4583020859682818e-06,1.3769993841403855e-06
2013-09-16 19:00:00,4.891948597905702e-07,1.4545291125968376e-06,1.4493726522886436e-06
2013-09-16 20:00:00,4.898043479212364e-07,1.4255210377478851e-06,1.4588432540216024e-06
2013-09-16 21:00:00,4.7218801108381664e-07,1.4584974148496073e-06,1.4376137554791094e-06
2013-09-16 22:00:00,4.360602527486511e-07,1.6312968415484697e-06,1.2880829011292129e-06
2013-09-16 23:00:00,4.3205723919404684e-07,1.7701475732910643e-06,1.2892220693447108e-06
2013-09-17 00:00:00,4.2009295811203e-07,1.811377178791219e-06,1.2519528718741228e-06
2013-09-17 01:00:00,4.1582088481823224e-07,1.7950247748678476e-06,1.2356367115911108e-06
2013-09-17 02:00:00,4.30712510387518e-07,1.5424538011081668e-06,1.143704555424293e-06
2013-09-17 03:00:00,4.305154521590507e-07,1.4009892148877185e-06,1.067007497459365e-06
2013-09-17 04:00:00,4.2035500996926355e-07,1.3248807742682722e-06,1.0074132414374029e-06
2013-09-17 05:00:00,4.061707636074386e-07,1.6713970692090707e-06,9.529537725809691e-07
2013-09-17 06:00:00,3.946360418768617e-07,2.1183239274222457e-06,8.94410270689419e-07
2013-09-17 07:00:00,4.183065642057878e-07,1.628857651657649e-06,8.424762410171328e-07
2013-09-17 08:00:00,4.2280782947327937e-07,1.0725568483183104e-06,8.732011620228983e-07
2013-09-17 09:00:00,4.197060409845016e-07,1.0964278842129078e-06,8.748491667092265e-07
2013-09-17 10:00:00,4.1308652494861887e-07,1.1433264603515826e-06,8.866423049173149e-07
2013-09-17 11:00:00,4.12690196612694e-07,1.0645954630294296e-06,9.018882951054562e-07
2013-09-17 12:00:00,4.004641351625348e-07,1.125672752300951e-06,8.929300057166e-07
2013-09-17 13:00:00,3.8741209204823404e-07,1.4878805290267978e-06,8.199873167777366e-07
2013-09-17 14:00:00,3.9494911974518566e-07,1.235764628185974e-06,8.113946419599679e-07
2013-09-17 15:00:00,4.2824452963123065e-07,1.8825293449426601e-06,8.237957186191417e-07
2013-09-17 16:00:00,5.374436910896541e-07,2.713059367055686e-06,1.4026900713688829e-06
2013-09-17 17:00:00,5.901661838275718e-07,3.4537313534035136e-06,1.7968220773357876e-06
2013-09-17 18:00:00,6.709433815520943e-07,2.7551756918727484e-06,1.906522368875769e-06
2013-09-17 19:00:00,8.386025426369748e-07,2.6356828544872768e-06,1.9860323563681758e-06
2013-09-17 20:00:00,1.0652469577680085e-06,2.9853610194738505e-06,1.969408441990826e-06
2013-09-17 21:00:00,1.4348321164567206e-06,3.1167979196340246e-06,1.9065226136379433e-06
2013-09-17 22:00:00,1.9626513319353556e-06,3.2899460577949605e-06,1.99707328319919e-06
2013-09-17 23:00:00,2.1924254158606875e-06,3.431626693395139e-06,2.036477737820513e-06
2013-09-18 00:00:00,1.9818232909950704e-06,3.67429959198507e-06,2.1317538409442303e-06
2013-09-18 01:00:00,1.8510084032847653e-06,3.671141275302631e-06,2.193941243863618e-06
2013-09-18 02:00:00,1.8373646290195007e-06,3.5870248461468965e-06,2.2387220692119096e-06
2013-09-18 03:00:00,1.8261194873998413e-06,3.4150015850471717e-06,2.3841536428706386e-06
2013-09-18 04:00:00,2.0112969492057273e-06,3.0889791258015697e-06,2.6189130807638565e-06
2013-09-18 05:00:00,2.3419647610516895e-06,2.25599095821713e-06,2.65906624229009e-06
2013-09-18 06:00:00,2.358248400827701e-06,2.9394074402120217e-06,2.3044261943733898e-06
2013-09-18 07:00:00,1.6870878804579068e-06,2.4576956893960117e-06,2.031969956506423e-06
2013-09-18 08:00:00,1.402374708705243e-06,2.115362621091104e-06,1.7179803467559038e-06
2013-09-18 09:00:00,1.2407516423612093e-06,2.119893146733891e-06,1.5696039133076331e-06
2013-09-18 10:00:00,9.886429844095305e-07,1.1190601506957815e-06,1.7259915738384223e-06
2013-09-18 11:00:00,9.309166447811307e-07,1.1788988211831577e-06,1.7475049317073722e-06
2013-09-18 12:00:00,7.995644375966783e-07,1.2086253229494046e-06,1.807906548143059e-06
2013-09-18 13:00:00,6.721234773602223e-07,1.137941015904027e-06,1.847724245807307e-06
2013-09-18 14:00:00,6.267988723842721e-07,1.1070393083890533e-06,2.0971899805887257e-06
2013-09-18 15:00:00,6.24229953963098e-07,1.0940148888519458e-06,2.30377426688122e-06
2013-09-18 16:00:00,6.656015481025225e-07,1.3223637611026227e-06,2.5654273655906607e-06
2013-09-18 17:00:00,7.539370995451219e-07,2.2524125814204837e-06,3.2963429484524956e-06
2013-09-18 18:00:00,7.723676174122201e-07,2.3223409126285933e-06,3.530663478041013e-06
2013-09-18 19:00:00,7.797594019734216e-07,2.1924920295619703e-06,3.551789271220441e-06
2013-09-18 20:00:00,8.134685907905347e-07,2.0661310808012903e-06,3.681378846877267e-06
2013-09-18 21:00:00,8.3831014507568e-07,2.0259753608567706e-06,3.915684604914725e-06
2013-09-18 22:00:00,6.863465577580655e-07,2.5172088187839928e-06,3.7552570246251783e-06
2013-09-18 23:00:00,6.803507300395961e-07,2.7914856378454746e-06,3.6622360557554974e-06
2013-09-19 00:00:00,6.826172698063131e-07,3.009152736282112e-06,3.4497467093621592e-06
2013-09-19 01:00:00,7.087788258738543e-07,2.4143357829442e-06,3.335269365226519e-06
2013-09-19 02:00:00,7.520276440485933e-07,3.418443856214521e-06,3.139133384563559e-06
2013-09-19 03:00:00,8.026734832639111e-07,1.8985339923170973e-06,3.161288837390884e-06
2013-09-19 04:00:00,8.303201062737066e-07,1.7763500764607216e-06,3.1699889338525456e-06
2013-09-19 05:00:00,9.512187205973691e-07,1.729773875187097e-06,3.2818519990173336e-06
2013-09-19 06:00:00,9.79722418403474e-07,1.8368693087239048e-06,2.5923565269511596e-06
2013-09-19 07:00:00,7.374060776145532e-07,1.6717752678105049e-06,1.6381092479801345e-06
2013-09-19 08:00:00,6.674169529335971e-07,1.2043234165410858e-06,1.3447352152866793e-06
2013-09-19 09:00:00,6.73960647809727e-07,8.71109331069696e-07,1.3130354076418563e-06
2013-09-19 10:00:00,7.706207202938582e-07,8.454808314660392e-07,1.4239067639588173e-06
2013-09-19 11:00:00,6.262767080441919e-07,8.278650440406533e-07,1.588079202217327e-06
2013-09-19 12:00:00,5.357491475835593e-07,8.830519808504227e-07,1.5521291175240218e-06
2013-09-19 13:00:00,5.271304791883687e-07,1.0096261829375566e-06,1.5864541016546718e-06
2013-09-19 14:00:00,5.608341873748973e-07,1.0847106539549824e-06,1.651229921156424e-06
2013-09-19 15:00:00,5.854326660239507e-07,1.118727439827223e-06,1.8989233998067796e-06
2013-09-19 16:00:00,6.075199225687497e-07,1.3106277650386366e-06,2.2584452683325927e-06
2013-09-19 17:00:00,6.45603887332028e-07,1.619819193416982e-06,2.7046597259027525e-06
2013-09-19 18:00:00,6.496507653612143e-07,3.2489512006382454e-06,3.0340640193050783e-06
2013-09-19 19:00:00,6.047420181941847e-07,3.049021413843907e-06,3.1791504149186156e-06
2013-09-19 20:00:00,5.776353319341261e-07,2.4838760004394867e-06,2.7502326568622175e-06
2013-09-19 21:00:00,5.970143692147128e-07,2.1946292852007053e-06,2.5280974368751557e-06
2013-09-19 22:00:00,6.657715737920733e-07,4.905032080865094e-06,2.7047425268360266e-06
2013-09-19 23:00:00,7.050330862854685e-07,4.973773677740008e-06,2.485336202771712e-06
2013-09-20 00:00:00,7.426765199671265e-07,5.3296638428544385e-06,2.4999998915939907e-06
2013-09-20 01:00:00,7.943017300293301e-07,5.802567057504931e-06,2.6240992043661114e-06
2013-09-20 02:00:00,8.456812588913892e-07,6.429411476798646e-06,2.7695743998745756e-06
2013-09-20 03:00:00,8.749898440777561e-07,6.830106678085299e-06,2.886260459268724e-06
2013-09-20 04:00:00,9.110732670019952e-07,7.163565207134925e-06,2.9335069301109256e-06
2013-09-20 05:00:00,9.58712245395776e-07,7.637951843652191e-06,2.9946390803604574e-06
2013-09-20 06:00:00,9.29011456238276e-07,6.383456327770565e-06,2.6956540633154823e-06
2013-09-20 07:00:00,7.780958361178001e-07,2.0819114083228727e-06,2.1848721596578976e-06
2013-09-20 08:00:00,7.312462027298489e-07,1.5229343944453455e-06,1.8875087501036187e-06
2013-09-20 09:00:00,7.291762065458463e-07,1.676723463919979e-06,1.979442026676626e-06
2013-09-20 10:00:00,7.818311247217362e-07,2.264287135715483e-06,2.2371988035226807e-06
2013-09-20 11:00:00,7.020050859715555e-07,2.286898414689865e-06,2.0736419982400437e-06
2013-09-20 12:00:00,6.76150736131302e-07,2.0406111208370283e-06,1.9418874658142305e-06
2013-09-20 13:00:00,7.016759526473342e-07,1.9299852060376536e-06,2.041232305648702e-06
2013-09-20 14:00:00,7.160383903572818e-07,2.0551740654987394e-06,2.1895081154477876e-06
2013-09-20 15:00:00,7.592276993514302e-07,2.0886411074728235e-06,2.4063629133779745e-06
2013-09-20 16:00:00,8.184292860372346e-07,3.557360742405859e-06,3.0046271334395e-06
2013-09-20 17:00:00,9.81228028751308e-07,2.867251161738134e-06,3.2108827480996324e-06
2013-09-20 18:00:00,1.0498357747844174e-06,2.7894189884916092e-06,3.4820261437264688e-06
2013-09-20 19:00:00,1.1156161824911493e-06,2.9170860994789773e-06,3.808047481452713e-06
2013-09-20 20:00:00,1.1714992467949135e-06,2.9700579802309293e-06,4.099951087258736e-06
2013-09-20 21:00:00,1.2222280168492851e-06,3.087371337749556e-06,4.637996026900306e-06
2013-09-20 22:00:00,1.2510619594876014e-06,3.287244931047148e-06,5.097785413301226e-06
2013-09-20 23:00:00,1.2709806417832744e-06,3.412772377143701e-06,5.770081687189383e-06
2013-09-21 00:00:00,1.3208939336681811e-06,3.428006480155512e-06,5.949777943512518e-06
2013-09-21 01:00:00,1.287848361786467e-06,3.433314335625471e-06,5.6885942838575046e-06
2013-09-21 02:00:00,1.2785409092362165e-06,3.3562901925841914e-06,5.317824875765305e-06
2013-09-21 03:00:00,1.2762484390637672e-06,3.221126338787148e-06,5.116465087724595e-06
2013-09-21 04:00:00,1.2568324923153742e-06,3.1428798841236637e-06,5.146019286598369e-06
2013-09-21 05:00:00,1.2279431525734826e-06,3.110499757439201e-06,5.212863563216661e-06
2013-09-21 06:00:00,1.1866155330254278e-06,3.107567885027071e-06,4.956498985518961e-06
2013-09-21 07:00:00,1.1854790306058309e-06,4.443014349475516e-06,3.806028993203508e-06
2013-09-21 08:00:00,1.1567564919769127e-06,2.145930803185382e-06,1.8610029574214157e-06
2013-09-21 09:00:00,1.0808346541974078e-06,1.3216818616473413e-06,1.7412415462239484e-06
2013-09-21 10:00:00,9.771972266001023e-07,1.2183001218659076e-06,1.7386920952350936e-06
2013-09-21 11:00:00,8.997056404258146e-07,1.3763685475133621e-06,1.6859938908916344e-06
2013-09-21 12:00:00,8.300496387723924e-07,1.3202311969638186e-06,1.6591395656435807e-06
2013-09-21 13:00:00,7.770699018699121e-07,1.3108520989807427e-06,1.7564079527513676e-06
2013-09-21 14:00:00,7.605835550046237e-07,1.4194006787491033e-06,2.1580742221367395e-06
2013-09-21 15:00:00,7.653531208596517e-07,1.7630671582686807e-06,2.9474324625359992e-06
2013-09-21 16:00:00,8.218601314755527e-07,3.7905139444241557e-06,4.213541971740017e-06
2013-09-21 17:00:00,8.598678913036125e-07,3.851363263656068e-06,5.161127833447888e-06
2013-09-21 18:00:00,8.5587005993579e-07,3.465045431479478e-06,4.838812201282078e-06
2013-09-21 19:00:00,8.83462161849794e-07,3.1391743534623004e-06,4.504526661259187e-06
2013-09-21 20:00:00,8.948346642193151e-07,3.0313092023057406e-06,4.301936913871314e-06
2013-09-21 21:00:00,8.786621887242718e-07,3.667824465871954e-06,3.5855589501131386e-06
2013-09-21 22:00:00,8.29258335631035e-07,3.906175503314845e-06,3.463526545849239e-06
2013-09-21 23:00:00,8.229030376845102e-07,4.057266182640701e-06,3.3207242078345376e-06
2013-09-22 00:00:00,8.477611155901389e-07,4.60289820665069e-06,3.113769427189341e-06
2013-09-22 01:00:00,8.294201582466824e-07,4.794623685589453e-06,2.967537019601393e-06
2013-09-22 02:00:00,8.145819880742439e-07,4.907185406256182e-06,2.8435138533659247e-06
2013-09-22 03:00:00,8.070734977150854e-07,4.952217380561902e-06,2.7033737929091565e-06
2013-09-22 04:00:00,7.844425019556108e-07,4.89700422328794e-06,2.6053099724428886e-06
2013-09-22 05:00:00,7.817658827247096e-07,5.128770024591619e-06,2.648955963355395e-06
2013-09-22 06:00:00,7.046405873897803e-07,4.1483288198815895e-06,2.199707488697935e-06
2013-09-22 07:00:00,6.401486866564835e-07,2.188452960803757e-06,1.2138309132661642e-06
2013-09-22 08:00:00,5.986202344441281e-07,1.7492167759354965e-06,1.0176059749429263e-06
2013-09-22 09:00:00,4.919496643339122e-07,1.639095919442531e-06,8.963910377151468e-07
2013-09-22 10:00:00,4.6016553973188913e-07,1.461877627228856e-06,8.671901815426129e-07
2013-09-22 11:00:00,4.369483867459912e-07,1.4380729936477217e-06,8.713929160721897e-07
2013-09-22 12:00:00,4.29680354093045e-07,1.5185805688008967e-06,9.202742007481659e-07
2013-09-22 13:00:00,4.3626295273686364e-07,1.8157778175765888e-06,9.37724436383823e-07
2013-09-22 14:00:00,4.54091574497314e-07,2.4497077704154083e-06,9.539360540313438e-07
2013-09-22 15:00:00,4.783521581548568e-07,2.38694857472441e-06,9.740042213751573e-07
2013-09-22 16:00:00,6.233257039563881e-07,2.963245866631789e-06,1.3055434598964842e-06
2013-09-22 17:00:00,7.60683676615087e-07,3.5789207098970276e-06,1.3267238127876825e-06
2013-09-22 18:00:00,8.256078676696609e-07,3.153779577479357e-06,1.290628202348652e-06
2013-09-22 19:00:00,8.691714755994543e-07,3.210046806040636e-06,1.2837780678602465e-06
2013-09-22 20:00:00,9.226890694553325e-07,3.3681778808384136e-06,1.2727208168552253e-06
2013-09-22 21:00:00,9.66443949770607e-07,3.6427907897575854e-06,1.2837796050794122e-06
2013-09-22 22:00:00,9.975171530733576e-07,3.945099032668774e-06,1.271321570342671e-06
2013-09-22 23:00:00,1.043489277597063e-06,4.088733685603363e-06,1.2850527940769818e-06
2013-09-23 00:00:00,1.2079285647059649e-06,4.208918308912691e-06,1.3091253978884304e-06
2013-09-23 01:00:00,1.4418494156217136e-06,4.050873796554221e-06,1.376227131860092e-06
2013-09-23 02:00:00,1.6011590371541636e-06,4.1845198323341844e-06,1.4851667496066267e-06
2013-09-23 03:00:00,1.6672226312178958e-06,3.927484530759155e-06,1.5343243583125714e-06
2013-09-23 04:00:00,1.6989113574994036e-06,3.4948576745599987e-06,1.512506801548836e-06
2013-09-23 05:00:00,1.7248730085407983e-06,2.7751567787024934e-06,1.4578382043882783e-06
2013-09-23 06:00:00,1.6452235209267444e-06,2.7194626866013823e-06,1.356439182502966e-06
2013-09-23 07:00:00,1.2459170987279774e-06,2.030011696089686e-06,1.0747166903147816e-06
2013-09-23 08:00:00,1.1082059097603607e-06,1.4005379402796178e-06,1.0026829050772677e-06
2013-09-23 09:00:00,1.1100932949571197e-06,1.2746175061547474e-06,1.0044428180097347e-06
2013-09-23 10:00:00,1.067886478249564e-06,1.1664347570913256e-06,9.970086414488117e-07
2013-09-23 11:00:00,1.1189999748640663e-06,1.1146649772515669e-06,9.446512654634288e-07
2013-09-23 12:00:00,1.2197485095718758e-06,1.0120236189493665e-06,9.319943169453096e-07
2013-09-23 13:00:00,1.2429584992272887e-06,9.618503188830425e-07,9.60929904868044e-07
2013-09-23 14:00:00,1.3472804676058882e-06,9.472333761203632e-07,1.0471713382159762e-06
2013-09-23 15:00:00,1.4708414243733604e-06,1.1467791539624184e-06,1.0999463584981857e-06
2013-09-23 16:00:00,1.964466617529641e-06,3.2458241308005147e-06,1.7677043319148305e-06
2013-09-23 17:00:00,2.10611144079724e-06,2.874785742799467e-06,1.9656126231275136e-06
2013-09-23 18:00:00,2.108157430428016e-06,2.5287973499888744e-06,2.134906905266974e-06
2013-09-23 19:00:00,2.2280750498425724e-06,2.619702750731977e-06,2.318658037018095e-06
2013-09-23 20:00:00,2.3808365898163862e-06,2.7600462005298036e-06,2.550764938594431e-06
2013-09-23 21:00:00,2.530245196270815e-06,2.905306524605065e-06,2.8166279683102644e-06
2013-09-23 22:00:00,2.6376059003960787e-06,3.00326260776393e-06,3.484623074968099e-06
2013-09-23 23:00:00,2.6052212040232836e-06,3.1485553432159643e-06,3.911215828014107e-06
2013-09-24 00:00:00,2.6173302235711623e-06,2.981559684787948e-06,4.162772478878511e-06
2013-09-24 01:00:00,2.5815113947675328e-06,3.050432429557845e-06,4.274641117838165e-06
2013-09-24 02:00:00,2.5652838408298382e-06,2.924677332721894e-06,4.281242683013649e-06
2013-09-24 03:00:00,2.4303585262935462e-06,2.5714598135029755e-06,4.3090842226817325e-06
2013-09-24 04:00:00,2.2391127781377067e-06,2.250865470509104e-06,4.184857652249062e-06
2013-09-24 05:00:00,2.097947365081014e-06,2.07115925504931e-06,4.062006316563644e-06
2013-09-24 06:00:00,1.9502188782215686e-06,2.7037482364046604e-06,3.229399378377464e-06
2013-09-24 07:00:00,2.199785141387729e-06,1.8033405363767016e-06,1.917603144909341e-06
2013-09-24 08:00:00,2.116549123343079e-06,9.325931789284836e-07,1.3228619688109855e-06
2013-09-24 09:00:00,1.9728906555312276e-06,7.187524332839702e-07,1.124682584675561e-06
2013-09-24 10:00:00,1.7136599659669827e-06,6.10920194334691e-07,1.0938514735351337e-06
2013-09-24 11:00:00,1.6211041105693759e-06,5.936486726181955e-07,1.121287990266694e-06
2013-09-24 12:00:00,1.7057047171415143e-06,6.074780719129431e-07,1.1199475555397047e-06
2013-09-24 13:00:00,1.786691401577393e-06,6.97907147975504e-07,1.1275244302669608e-06
2013-09-24 14:00:00,1.949086061481946e-06,8.684076042666278e-07,1.469324478209088e-06
2013-09-24 15:00:00,2.13493175656441e-06,1.3164691063566472e-06,2.2960845080729275e-06
2013-09-24 16:00:00,1.2867801963411756e-06,2.911685886208939e-06,3.20850554099477e-06
2013-09-24 17:00:00,1.240565918755146e-06,1.8108456054187513e-06,3.649025166765744e-06
2013-09-24 18:00:00,1.2425187455652536e-06,1.8072024675039624e-06,3.671278099332415e-06
2013-09-24 19:00:00,1.286366595657028e-06,2.074533357420994e-06,3.7211576070300054e-06
2013-09-24 20:00:00,1.3372216576527104e-06,2.5013788345689588e-06,3.693438956534343e-06
2013-09-24 21:00:00,1.38347194912295e-06,3.063560466240632e-06,3.770563257676086e-06
2013-09-24 22:00:00,1.4274194940254354e-06,3.349913696327454e-06,3.930754562544366e-06
2013-09-24 23:00:00,1.4609926499465485e-06,3.751716124297502e-06,4.53827176837422e-06
2013-09-25 00:00:00,1.4804060383316616e-06,3.7622395285310037e-06,4.878018193509794e-06
2013-09-25 01:00:00,1.4864198814532851e-06,3.3794983603501575e-06,4.758567285809445e-06
2013-09-25 02:00:00,1.4809222024246324e-06,3.044370220176433e-06,4.635565558640385e-06
2013-09-25 03:00:00,1.4422000338913706e-06,2.6249708214180576e-06,4.557285759307862e-06
2013-09-25 04:00:00,1.3560991372770564e-06,2.1903024590939776e-06,4.2141208098810045e-06
2013-09-25 05:00:00,1.258445643996179e-06,1.9063033761448278e-06,4.0856912693657955e-06
2013-09-25 06:00:00,1.2304013210011602e-06,1.7678391921472877e-06,3.2893176784686633e-06
2013-09-25 07:00:00,1.3404248831953547e-06,2.037654934435903e-06,2.3327609848176827e-06
2013-09-25 08:00:00,2.3225966665788085e-06,2.123577874484667e-06,1.677892645969182e-06
2013-09-25 09:00:00,1.9900908979422248e-06,1.4546619149636477e-06,1.41446629317568e-06
2013-09-25 10:00:00,1.6825437008529591e-06,9.868464790310162e-07,1.2811823800377952e-06
2013-09-25 11:00:00,1.5803981293792931e-06,7.716810761486844e-07,1.2989950496985584e-06
2013-09-25 12:00:00,1.6271083055904423e-06,7.819680065658236e-07,1.4142745630643606e-06
2013-09-25 13:00:00,1.7614958183950823e-06,1.0186404544206462e-06,1.595026052982411e-06
2013-09-25 14:00:00,2.021106821601415e-06,1.4903148574435627e-06,2.293115996975441e-06
2013-09-25 15:00:00,1.74848766152993e-06,2.310050677250837e-06,2.7807502071401594e-06
2013-09-25 16:00:00,1.874165555247713e-06,3.7607066226864257e-06,3.39208347207417e-06
2013-09-25 17:00:00,1.7825606395601098e-06,3.6608401271422945e-06,3.5959077329074826e-06
2013-09-25 18:00:00,1.372388345693929e-06,4.011103265195974e-06,3.280660797706185e-06
2013-09-25 19:00:00,1.2345953376732107e-06,4.312713172262199e-06,3.100905727076629e-06
2013-09-25 20:00:00,1.0252288138746036e-06,3.481161039979923e-06,3.0171634872048065e-06
2013-09-25 21:00:00,8.884743534969449e-07,2.838090246839923e-06,2.949489377517944e-06
2013-09-25 22:00:00,7.891415797040322e-07,3.038736281057312e-06,3.0319624927346302e-06
2013-09-25 23:00:00,7.391668830447556e-07,3.19364981035617e-06,2.9561317195595766e-06
2013-09-26 00:00:00,7.097939590818491e-07,3.2466214373153547e-06,2.90035897203577e-06
2013-09-26 01:00:00,6.997659427920197e-07,3.2624686072168174e-06,2.6945295665788654e-06
2013-09-26 02:00:00,6.954960402772334e-07,3.199021770163634e-06,2.6077731629041743e-06
2013-09-26 03:00:00,6.983568475521108e-07,2.9785392377762535e-06,2.544660799143831e-06
2013-09-26 04:00:00,6.89174350548215e-07,2.5824618423991136e-06,2.471885670772087e-06
2013-09-26 05:00:00,6.848690540617506e-07,2.3352829412779947e-06,2.3499771785884604e-06
2013-09-26 06:00:00,6.464939706650377e-07,2.871366489022887e-06,2.1046418192595545e-06
2013-09-26 07:00:00,5.58260334123076e-07,3.096479653107776e-06,1.979304717253766e-06
2013-09-26 08:00:00,5.142400051347874e-07,2.0818252028196343e-06,1.8345059804579787e-06
2013-09-26 09:00:00,5.385048704771276e-07,1.5352192530616435e-06,1.7919092861037035e-06
2013-09-26 10:00:00,6.471865313746528e-07,1.2967521855213199e-06,1.9293189497830433e-06
2013-09-26 11:00:00,7.445838416847032e-07,1.172896949178203e-06,2.0669418445517897e-06
2013-09-26 12:00:00,8.708669573925604e-07,1.1349988474266495e-06,2.2510417326059258e-06
2013-09-26 13:00:00,1.0488304642139516e-06,1.1903467125977074e-06,2.4955592191510707e-06
2013-09-26 14:00:00,1.37942987852221e-06,2.7192328795590516e-06,3.5535735091657157e-06
2013-09-26 15:00:00,1.506088681561489e-06,2.0448800270069323e-06,3.4291126101220093e-06
2013-09-26 16:00:00,1.5811830447563173e-06,2.746327855678104e-06,4.1506285706201295e-06
2013-09-26 17:00:00,1.413057666295338e-06,2.174565620480029e-06,4.6761587464342885e-06
2013-09-26 18:00:00,1.4235157272272278e-06,2.3034933780047954e-06,4.812982100316678e-06
2013-09-26 19:00:00,1.4674188954192086e-06,3.272572374578747e-06,4.31482024097044e-06
2013-09-26 20:00:00,1.5300925763046696e-06,3.552282194190017e-06,4.528316649198974e-06
2013-09-26 21:00:00,1.5428569248328247e-06,4.243707152431404e-06,4.913011492848872e-06
2013-09-26 22:00:00,1.6075232514909986e-06,4.560219361500462e-06,5.326257318873336e-06
2013-09-26 23:00:00,1.6876645688237446e-06,4.602546603520716e-06,5.625452012843337e-06
2013-09-27 00:00:00,1.6480393938170306e-06,4.0457574842851865e-06,5.215267490310668e-06
2013-09-27 01:00:00,1.6449934798465547e-06,4.004735062862708e-06,5.121001603583558e-06
2013-09-27 02:00:00,1.6058819831644685e-06,3.68141947733497e-06,4.7489016042828004e-06
2013-09-27 03:00:00,1.4778596430903758e-06,2.6096500472890897e-06,4.774112064955125e-06
2013-09-27 04:00:00,1.4005936891073302e-06,2.0484908226336644e-06,4.696945455048902e-06
2013-09-27 05:00:00,1.3109650375400463e-06,1.912035395482665e-06,4.3451439023886114e-06
2013-09-27 06:00:00,1.3197056775173366e-06,2.031149499854394e-06,3.54774129350839e-06
2013-09-27 07:00:00,1.2615290163882684e-06,3.0825199800909165e-06,2.7697934731563014e-06
2013-09-27 08:00:00,1.0260994696570944e-06,1.6736712266998895e-06,2.003022256712349e-06
2013-09-27 09:00:00,8.113901519765258e-07,1.1501653184454245e-06,1.6385287722475672e-06
2013-09-27 10:00:00,7.216021231276531e-07,7.443478609982512e-07,1.4472063965560363e-06
2013-09-27 11:00:00,6.908518592749649e-07,6.32733747241682e-07,1.3160192708055146e-06
2013-09-27 12:00:00,7.277190478290379e-07,6.499195666111584e-07,1.4464567421890114e-06
2013-09-27 13:00:00,8.228960925498924e-07,7.50018925981385e-07,1.6443891701722964e-06
2013-09-27 14:00:00,9.848389625114639e-07,9.67952978444113e-07,2.049649264694055e-06
2013-09-27 15:00:00,1.3294259088722753e-06,1.5570592955510971e-06,2.7829948913292113e-06
2013-09-27 16:00:00,1.6688874186009075e-06,2.07129419868434e-06,3.751764425231171e-06
2013-09-27 17:00:00,1.5495437489924133e-06,1.8899518895289056e-06,4.010359571851367e-06
2013-09-27 18:00:00,1.6076164979793913e-06,1.8136296025644241e-06,3.7467069629619238e-06
2013-09-27 19:00:00,1.6841801978156393e-06,1.8921899643244611e-06,3.801642147686318e-06
2013-09-27 20:00:00,1.671590666796857e-06,1.9752663623455675e-06,4.206570146468765e-06
2013-09-27 21:00:00,1.5395165908677252e-06,2.8857597604767607e-06,4.628595191363098e-06
2013-09-27 22:00:00,1.4454464736354173e-06,3.654079680178571e-06,4.741892649064131e-06
2013-09-27 23:00:00,1.437602649409943e-06,4.159862306946316e-06,4.7751099228029496e-06
2013-09-28 00:00:00,1.3185636331927134e-06,3.5271497017763547e-06,4.514676453556546e-06
2013-09-28 01:00:00,1.271063313667867e-06,3.077393958134921e-06,4.577085642700214e-06
2013-09-28 02:00:00,1.2554193325367708e-06,3.0808027434845046e-06,4.652479958100778e-06
2013-09-28 03:00:00,1.2764637564401727e-06,2.8654991030678958e-06,4.628250096689046e-06
2013-09-28 04:00:00,1.271771036520378e-06,2.6357997977420655e-06,4.4501408913463375e-06
2013-09-28 05:00:00,1.2440534310030106e-06,2.6130722452166147e-06,4.354007108506653e-06
2013-09-28 06:00:00,1.1592745262949134e-06,3.106358637381976e-06,4.038418672839262e-06
2013-09-28 07:00:00,7.714932713943832e-07,1.8927608403225355e-06,2.046104426682763e-06
2013-09-28 08:00:00,6.144447483873781e-07,1.1196980335892755e-06,1.35242791314466e-06
2013-09-28 09:00:00,4.31926779298039e-07,7.648757715497319e-07,1.1397982364964702e-06
2013-09-28 10:00:00,3.623883552232182e-07,6.210944141531124e-07,1.0495721575018649e-06
2013-09-28 11:00:00,3.394542394561964e-07,5.638527604043156e-07,1.0468686889638092e-06
2013-09-28 12:00:00,3.4524903000983053e-07,6.216806925884277e-07,1.1190349910304436e-06
2013-09-28 13:00:00,3.671133869713985e-07,7.863337211071678e-07,1.2011099783180624e-06
2013-09-28 14:00:00,4.0157022155198154e-07,9.262042957399362e-07,1.455896023394265e-06
2013-09-28 15:00:00,4.1976339467131985e-07,1.1571352372530224e-06,1.6769848500092446e-06
2013-09-28 16:00:00,4.174097823055422e-07,1.4272559636910627e-06,2.0145686386855378e-06
2013-09-28 17:00:00,3.9815199643587817e-07,1.0567941128196397e-06,1.8892209129290961e-06
2013-09-28 18:00:00,3.961825582169662e-07,1.4441913405970725e-06,1.6487492009221704e-06
2013-09-28 19:00:00,3.973363963548674e-07,1.5314841083366825e-06,1.5740694820851045e-06
2013-09-28 20:00:00,3.937008237585028e-07,1.579919948779979e-06,1.5277609702191635e-06
2013-09-28 21:00:00,3.9025776711772715e-07,1.6173366313969266e-06,1.4765969621558333e-06
2013-09-28 22:00:00,3.8338946498373407e-07,1.664529719762447e-06,1.3764526065269097e-06
2013-09-28 23:00:00,3.875650983827134e-07,1.7270981783554706e-06,1.4032371222457958e-06
2013-09-29 00:00:00,3.871945799411912e-07,1.8676118275305585e-06,1.348116666391049e-06
2013-09-29 01:00:00,3.9126349858913683e-07,1.5116635971874643e-06,1.3496168026985361e-06
2013-09-29 02:00:00,3.9501485517446017e-07,1.5154815740066367e-06,1.354005166166038e-06
2013-09-29 03:00:00,3.901984474705764e-07,1.5018171853724441e-06,1.3075968795799194e-06
2013-09-29 04:00:00,3.90063724498055e-07,1.4851291459380425e-06,1.256350580606338e-06
2013-09-29 05:00:00,3.9541706257986236e-07,1.8963271006281615e-06,1.2054222735882594e-06
2013-09-29 06:00:00,4.1443120243611165e-07,1.93582179882973e-06,1.11423620016655e-06
2013-09-29 07:00:00,4.2158672675762146e-07,7.686672447122483e-07,8.312670522914545e-07
2013-09-29 08:00:00,4.388179615193812e-07,7.805563727957285e-07,8.112169347493501e-07
2013-09-29 09:00:00,3.9907127959179944e-07,7.200593558815441e-07,7.989822605908981e-07
2013-09-29 10:00:00,3.941165793471077e-07,6.267179267944074e-07,8.014086970404629e-07
2013-09-29 11:00:00,3.8233135519417103e-07,6.028685158522276e-07,7.929153730663491e-07
2013-09-29 12:00:00,3.8707820628018945e-07,6.127146445382738e-07,7.904726210517292e-07
2013-09-29 13:00:00,4.0911960903600865e-07,6.117248175798264e-07,7.835792324103462e-07
2013-09-29 14:00:00,4.47013206186662e-07,7.116318513611092e-07,7.654297340342285e-07
2013-09-29 15:00:00,4.216373161061999e-07,7.499455744213095e-07,8.875039070090455e-07
2013-09-29 16:00:00,3.7735013971670703e-07,1.8251637907577015e-06,1.0353860915326157e-06
2013-09-29 17:00:00,3.756010453074586e-07,1.3782469819895181e-06,1.0097120761336087e-06
2013-09-29 18:00:00,3.7659745864295647e-07,1.3002009528473452e-06,9.894329039242688e-07
2013-09-29 19:00:00,3.86082245490378e-07,1.325947884636949e-06,1.003901292735543e-06
2013-09-29 20:00:00,3.883763625940545e-07,1.430435193397982e-06,1.0566587406449906e-06
2013-09-29 21:00:00,3.9377700283365025e-07,1.5272241131526926e-06,1.1224997763018121e-06
2013-09-29 22:00:00,3.938661561459549e-07,1.7341485692723287e-06,1.0676909799211944e-06
2013-09-29 23:00:00,3.945826597732449e-07,1.4565340334324375e-06,1.2262475264028373e-06
2013-09-30 00:00:00,4.0319024172703657e-07,1.4257246753514558e-06,1.317685808815428e-06
2013-09-30 01:00:00,4.0522486719884786e-07,1.4134101266609961e-06,1.3282196366753012e-06
2013-09-30 02:00:00,4.027011942412422e-07,1.3746741384577704e-06,1.3425914685653484e-06
2013-09-30 03:00:00,3.9511270892635856e-07,1.3026607198209788e-06,1.3313892448270606e-06
2013-09-30 04:00:00,3.8621847726529533e-07,1.2318499529499175e-06,1.3279618517171083e-06
2013-09-30 05:00:00,3.757587851186216e-07,1.1833247280077509e-06,1.3145644570131546e-06
2013-09-30 06:00:00,3.7129872066141437e-07,1.2125367242868044e-06,1.2353760164691575e-06
2013-09-30 07:00:00,3.5683825892290073e-07,1.0850614546704856e-06,9.77701309747894e-07
2013-09-30 08:00:00,4.1252400573059023e-07,7.080317577037304e-07,7.984240245941495e-07
2013-09-30 09:00:00,4.2421638666156464e-07,5.09828461070595e-07,7.225777604039714e-07
2013-09-30 10:00:00,4.418865815947806e-07,4.964563293149867e-07,8.026850095767442e-07
2013-09-30 11:00:00,4.389643581317939e-07,4.878712701592099e-07,8.155513331945358e-07
2013-09-30 12:00:00,4.455971041022567e-07,4.996888750918941e-07,8.353386487853734e-07
2013-09-30 13:00:00,4.2659368018426955e-07,5.232571064786992e-07,8.809178946520734e-07
2013-09-30 14:00:00,3.8058701402988625e-07,7.140197167734085e-07,9.747920648129856e-07
2013-09-30 15:00:00,3.6504398928772434e-07,1.0259984216581138e-06,1.188426568591975e-06
2013-09-30 16:00:00,3.801637594728911e-07,1.6728563751371204e-06,1.508676954368043e-06
2013-09-30 17:00:00,3.611428411248859e-07,1.3492052510983704e-06,1.5192645126194143e-06
2013-09-30 18:00:00,3.604492794272503e-07,1.403202901190683e-06,1.4987832965873489e-06
2013-09-30 19:00:00,3.6635152843204745e-07,1.505165044931497e-06,1.5360072346931812e-06
2013-09-30 20:00:00,3.7389689146842116e-07,1.4582454706850164e-06,1.6101931862037209e-06
2013-09-30 21:00:00,3.8137714923796377e-07,1.4123005202550897e-06,1.6867145470421505e-06
2013-09-30 22:00:00,3.8651067661693894e-07,1.7623983582515275e-06,1.7969627544667568e-06
2013-09-30 23:00:00,3.904002232545391e-07,1.8139884510735238e-06,1.8280611123461452e-06
2013-10-01 00:00:00,3.9050954974225336e-07,1.8275535228608475e-06,1.8477306656062105e-06
2013-10-01 01:00:00,3.8908806297226064e-07,1.8440281852371081e-06,1.826112047810545e-06
2013-10-01 02:00:00,3.8345476639141486e-07,1.836754851099675e-06,1.8205652757849735e-06
2013-10-01 03:00:00,3.723284320981631e-07,1.7232473898889979e-06,1.8125546128840048e-06
2013-10-01 04:00:00,3.616302571890799e-07,1.6971955603569727e-06,1.8297524172364667e-06
2013-10-01 05:00:00,3.5429917439282785e-07,1.6900828804202368e-06,1.7629184099782878e-06
2013-10-01 06:00:00,3.5536211291383993e-07,2.0863769338825792e-06,1.612375689941258e-06
2013-10-01 07:00:00,3.67354823560449e-07,1.4994824440272434e-06,1.364152528341567e-06
2013-10-01 08:00:00,4.3056109378310685e-07,7.661517600624615e-07,9.419218186843975e-07
2013-10-01 09:00:00,4.798474641358202e-07,7.84247699918292e-07,8.694131006262861e-07
2013-10-01 10:00:00,4.678127009341951e-07,8.561536352047211e-07,8.289829392749973e-07
2013-10-01 11:00:00,4.6160468826930726e-07,8.051287187513521e-07,8.149518178145029e-07
2013-10-01 12:00:00,4.783497241894642e-07,8.325888507050868e-07,8.271962510859721e-07
2013-10-01 13:00:00,4.6122065461891907e-07,7.516888615597799e-07,8.92844369267302e-07
2013-10-01 14:00:00,4.4468199668498323e-07,7.663326283954262e-07,9.833416709430856e-07
2013-10-01 15:00:00,3.9483606281954976e-07,1.1932654719404487e-06,1.2531471733541549e-06
2013-10-01 16:00:00,4.3377212668607226e-07,1.4318254939646408e-06,1.524414224556658e-06
2013-10-01 17:00:00,4.1230140826218945e-07,1.295986159146027e-06,1.4876890306245921e-06
2013-10-01 18:00:00,4.1308341585852485e-07,1.2908694591470418e-06,1.3513462323422342e-06
2013-10-01 19:00:00,3.96103302301545e-07,1.32396300703003e-06,1.3665430104011524e-06
2013-10-01 20:00:00,3.9509816433133673e-07,1.3689935044560452e-06,1.3727699484083222e-06
2013-10-01 21:00:00,3.954584645163095e-07,1.4070284072542436e-06,1.4300263021913235e-06
2013-10-01 22:00:00,3.888076424890098e-07,1.3287681365523437e-06,1.213103481156379e-06
2013-10-01 23:00:00,4.0312732898908506e-07,1.3502417719922494e-06,1.3544340760550455e-06
2013-10-02 00:00:00,4.0790247854308723e-07,1.3762073233992636e-06,1.5138907617440599e-06
2013-10-02 01:00:00,4.146358158874021e-07,1.3583320504137987e-06,1.5514215039746843e-06
2013-10-02 02:00:00,4.1387849655767013e-07,1.4887647326360392e-06,1.504843109983125e-06
2013-10-02 03:00:00,4.005270235500317e-07,1.442851603689487e-06,1.4970317284021521e-06
2013-10-02 04:00:00,3.9905725099066793e-07,1.3500536810161733e-06,1.4360414494550687e-06
2013-10-02 05:00:00,3.920155604764074e-07,1.2677012090385167e-06,1.3377977414462958e-06
2013-10-02 06:00:00,3.882001885053161e-07,1.299338945373183e-06,1.2282797303384304e-06
2013-10-02 07:00:00,4.1999155935030104e-07,1.4486392574487388e-06,1.0386035141212474e-06
2013-10-02 08:00:00,5.496640942109368e-07,1.0816706650473804e-06,9.500859639632515e-07
2013-10-02 09:00:00,4.83366998407817e-07,6.915562415670995e-07,1.039635192728136e-06
2013-10-02 10:00:00,4.558503146410266e-07,7.228518911793859e-07,9.870679722869418e-07
2013-10-02 11:00:00,4.4473767756996e-07,7.371694364428723e-07,1.0023888525599027e-06
2013-10-02 12:00:00,4.581583316463745e-07,7.312955464023703e-07,1.0671199926754084e-06
2013-10-02 13:00:00,4.906714217276677e-07,6.97819458512338e-07,1.0780422100926174e-06
2013-10-02 14:00:00,5.438577984805611e-07,7.548344141368882e-07,1.0411105141803857e-06
2013-10-02 15:00:00,4.523016062615653e-07,1.122700374342617e-06,9.079914137078824e-07
2013-10-02 16:00:00,3.946009384107869e-07,1.9662177664901345e-06,1.048161867581375e-06
2013-10-02 17:00:00,3.948677430561933e-07,1.5443410643416722e-06,9.962795317105174e-07
2013-10-02 18:00:00,4.424498982799474e-07,2.7989313106095997e-06,9.60531022136036e-07
2013-10-02 19:00:00,4.3331000700129917e-07,1.8966730856096446e-06,8.878260972529518e-07
2013-10-02 20:00:00,4.482872572517787e-07,1.9315781600002683e-06,8.688905529719823e-07
2013-10-02 21:00:00,4.546842089915238e-07,1.9949483697144737e-06,9.200887517936826e-07
2013-10-02 22:00:00,4.4161671627852937e-07,2.0682756342224195e-06,9.79541156355582e-07
2013-10-02 23:00:00,4.492261552960253e-07,2.1670302110421185e-06,1.0326453000819558e-06
2013-10-03 00:00:00,4.4559542497265973e-07,2.361632763368298e-06,1.058097358686685e-06
2013-10-03 01:00:00,4.2558903800347e-07,2.4122738793641483e-06,1.0731227250762487e-06
2013-10-03 02:00:00,4.2109705903307616e-07,2.3381495465878206e-06,1.0553174323874473e-06
2013-10-03 03:00:00,4.0988054773988173e-07,2.2141487460546575e-06,9.748281595138586e-07
2013-10-03 04:00:00,4.095655561578596e-07,2.5360300078895905e-06,9.46869981279756e-07
2013-10-03 05:00:00,4.046624909594504e-07,2.630063423512799e-06,9.288089423698487e-07
2013-10-03 06:00:00,4.0007415057928787e-07,2.5678744801068945e-06,8.457217154849977e-07
2013-10-03 07:00:00,5.081314454656584e-07,1.3943353333141017e-06,9.733479459908136e-07
2013-10-03 08:00:00,5.400333513585427e-07,8.08505869028404e-07,1.0967561040597989e-06
2013-10-03 09:00:00,4.765293271584599e-07,6.980716276378648e-07,9.838384935031005e-07
2013-10-03 10:00:00,4.832464663224122e-07,6.937018759523812e-07,9.086167317912976e-07
2013-10-03 11:00:00,4.5269198277240474e-07,6.923077644008597e-07,9.115812449128262e-07
2013-10-03 12:00:00,4.425353563255856e-07,6.603517102223605e-07,9.659921956213922e-07
2013-10-03 13:00:00,4.6327342058098367e-07,7.534680044372862e-07,1.0948916503131804e-06
2013-10-03 14:00:00,5.291357022873496e-07,1.241541824732524e-06,1.0609322129945446e-06
2013-10-03 15:00:00,4.187627553829216e-07,1.574912324234142e-06,9.687163425197855e-07
2013-10-03 16:00:00,4.005633793643069e-07,1.3866000672329564e-06,9.177200616194588e-07
2013-10-03 17:00:00,3.972661631846918e-07,1.372746387726215e-06,9.121093830424108e-07
2013-10-03 18:00:00,3.9699317102854493e-07,1.4861668507273483e-06,8.972248306264378e-07
2013-10-03 19:00:00,3.953345857195782e-07,1.9054178130945385e-06,9.176802709210305e-07
2013-10-03 20:00:00,4.1710530959329823e-07,2.1748960054810363e-06,9.623771587823292e-07
2013-10-03 21:00:00,4.396465123723056e-07,1.9923102858418016e-06,1.0367352537358222e-06
2013-10-03 22:00:00,4.5250078723781287e-07,2.075352753691526e-06,1.0801272475764556e-06
2013-10-03 23:00:00,4.494140178468477e-07,1.982729574693561e-06,1.0733800452564702e-06
2013-10-04 00:00:00,4.5831315163579413e-07,2.2552687187899493e-06,1.1111138108497978e-06
2013-10-04 01:00:00,4.5878979466348847e-07,2.319510446499969e-06,1.0992033610581948e-06
2013-10-04 02:00:00,4.5775179731735073e-07,2.1665056047414176e-06,1.073467139317299e-06
2013-10-04 03:00:00,4.4984094688964093e-07,1.984749246224488e-06,1.0136621337585041e-06
2013-10-04 04:00:00,4.374307296038846e-07,1.919563028381034e-06,9.59144917242747e-07
2013-10-04 05:00:00,4.211832119923444e-07,1.688996092420446e-06,9.234403603595119e-07
2013-10-04 06:00:00,4.1544524012228707e-07,1.6965174965989793e-06,8.816969793688507e-07
2013-10-04 07:00:00,4.3485910384045753e-07,1.6425274237524545e-06,8.425676360764332e-07
2013-10-04 08:00:00,4.713475805518238e-07,1.0016216113794106e-06,8.01960573696613e-07
2013-10-04 09:00:00,4.881664824142143e-07,1.0126615039315904e-06,7.948991212443176e-07
2013-10-04 10:00:00,4.803137004276719e-07,1.0277045046442668e-06,8.753236072256775e-07
2013-10-04 11:00:00,4.587397797828783e-07,1.0232099037323348e-06,8.788280362083302e-07
2013-10-04 12:00:00,4.260432354053193e-07,1.1830766966175375e-06,8.886908044695534e-07
2013-10-04 13:00:00,3.968420156357803e-07,1.3208188279873257e-06,9.557890261684082e-07
2013-10-04 14:00:00,3.9900952850048324e-07,1.2390645283197598e-06,9.367576599806846e-07
2013-10-04 15:00:00,3.970006715983594e-07,1.2416335721386971e-06,1.2345778759538668e-06
2013-10-04 16:00:00,4.949689235260222e-07,2.6190303286956903e-06,1.7181480879542978e-06
2013-10-04 17:00:00,5.128624090608714e-07,2.4122543286548726e-06,1.631316107753505e-06
2013-10-04 18:00:00,5.206582761052612e-07,2.3866583732021944e-06,1.5887844024285003e-06
2013-10-04 19:00:00,5.325372087215275e-07,2.548111302583976e-06,1.6238500254097496e-06
2013-10-04 20:00:00,5.33212892791987e-07,2.7257454022788616e-06,1.6872381021617512e-06
2013-10-04 21:00:00,5.473323289362707e-07,2.8478564439515775e-06,1.790136537047771e-06
2013-10-04 22:00:00,5.594174529085704e-07,2.9788730572688076e-06,2.1429812732982075e-06
2013-10-04 23:00:00,5.911690869892591e-07,3.1844413498995214e-06,2.3576400699979065e-06
2013-10-05 00:00:00,6.342144717237009e-07,4.548475803125962e-06,2.48065401311403e-06
2013-10-05 01:00:00,6.866367236443169e-07,6.322518074029834e-06,2.601186111536529e-06
2013-10-05 02:00:00,7.449982275418325e-07,6.308146106935013e-06,2.82892825808188e-06
2013-10-05 03:00:00,9.761972752669037e-07,9.246262761185703e-06,2.9541745436248203e-06
2013-10-05 04:00:00,1.1257685435482199e-06,9.104956707742978e-06,2.9443934111248133e-06
2013-10-05 05:00:00,1.152517444915271e-06,8.154490905018367e-06,3.2729050676511963e-06
2013-10-05 06:00:00,1.1942989241659677e-06,6.926107313724934e-06,3.7867906729597293e-06
2013-10-05 07:00:00,1.0396875800404444e-06,2.80775260381959e-06,2.9854504980195976e-06
2013-10-05 08:00:00,1.0769785684120417e-06,2.0347755515358143e-06,3.026447459954841e-06
2013-10-05 09:00:00,1.0325888968152252e-06,2.49164637005412e-06,3.075430259065582e-06
2013-10-05 10:00:00,9.392082417645778e-07,2.4352872158935665e-06,2.9274576634660695e-06
2013-10-05 11:00:00,9.439610227764386e-07,2.360560181283435e-06,2.9273839454199524e-06
2013-10-05 12:00:00,1.039414108786513e-06,2.1091647887163424e-06,3.2384955047744975e-06
2013-10-05 13:00:00,1.084518657329676e-06,2.2053150155560524e-06,3.225989996821411e-06
2013-10-05 14:00:00,1.1408973684999984e-06,2.8329194353079578e-06,3.428224796699612e-06
2013-10-05 15:00:00,1.2782675553607766e-06,3.5057403878476977e-06,3.4477367171080756e-06
2013-10-05 16:00:00,1.2385046837833964e-06,5.087453135656589e-06,3.736063915429863e-06
2013-10-05 17:00:00,1.1984763230896292e-06,3.4889620157082643e-06,3.5558382986945527e-06
2013-10-05 18:00:00,1.2260631195416699e-06,3.665312826314683e-06,3.5088664357183376e-06
2013-10-05 19:00:00,1.273517926755241e-06,3.965954478329317e-06,3.6848151800665207e-06
2013-10-05 20:00:00,1.3132126908762016e-06,4.1378066075253946e-06,3.932304186635054e-06
2013-10-05 21:00:00,1.3519433114394513e-06,4.296569914641214e-06,4.204600708738523e-06
2013-10-05 22:00:00,1.3917842773192594e-06,4.489641650947968e-06,4.460942225185769e-06
2013-10-05 23:00:00,1.4231335182558774e-06,4.795534768740531e-06,4.569490902835678e-06
2013-10-06 00:00:00,1.403763395812675e-06,4.772021229201034e-06,4.809470596188793e-06
2013-10-06 01:00:00,1.4116173131386256e-06,5.758192189075842e-06,4.9483497947707285e-06
2013-10-06 02:00:00,1.3984407996200956e-06,6.591993082295517e-06,4.977076699689767e-06
2013-10-06 03:00:00,1.3706494945442422e-06,5.995614206410747e-06,4.813232920902415e-06
2013-10-06 04:00:00,1.3529012235129512e-06,5.367129323559281e-06,4.650075500808867e-06
2013-10-06 05:00:00,1.3398599205475932e-06,5.031640275878963e-06,4.61143741967829e-06
2013-10-06 06:00:00,1.3146915503918973e-06,5.367283021396594e-06,4.492009773601311e-06
2013-10-06 07:00:00,1.5093669515998276e-06,3.5344315707961173e-06,4.116499515922064e-06
2013-10-06 08:00:00,1.3441274145824877e-06,1.8395907288682032e-06,3.7148978506490083e-06
2013-10-06 09:00:00,1.0672640300708146e-06,1.3723569212964508e-06,3.55037935234603e-06
2013-10-06 10:00:00,9.395132285391201e-07,1.1030715215262573e-06,3.2913882642032165e-06
2013-10-06 11:00:00,1.013682294985588e-06,1.321997163617905e-06,2.956923737887916e-06
2013-10-06 12:00:00,1.03933816070622e-06,1.4052488672429143e-06,2.9740632912846314e-06
2013-10-06 13:00:00,1.0581620699144466e-06,1.61488624752158e-06,3.177465908620615e-06
2013-10-06 14:00:00,1.1132344749645932e-06,2.0053942418893233e-06,3.208245560265401e-06
2013-10-06 15:00:00,1.1483188857520173e-06,2.66007965748597e-06,3.3946127146272896e-06
2013-10-06 16:00:00,1.183572528259002e-06,6.165972860737345e-06,4.058943513978366e-06
2013-10-06 17:00:00,1.1313547806352562e-06,4.660909425092125e-06,4.001071678766598e-06
2013-10-06 18:00:00,1.1522868875226188e-06,4.576825038419164e-06,3.966467948747699e-06
2013-10-06 19:00:00,1.1981188025874574e-06,4.991299642646445e-06,4.048746901034417e-06
2013-10-06 20:00:00,1.247385349352014e-06,5.500292350041751e-06,4.097963779996086e-06
2013-10-06 21:00:00,1.201005189448089e-06,5.854759680811035e-06,4.247544888226831e-06
2013-10-06 22:00:00,1.0686124533767139e-06,5.325541007237752e-06,4.047709875663602e-06
2013-10-06 23:00:00,9.984214832331943e-07,5.487405009122782e-06,3.9211368185639155e-06
2013-10-07 00:00:00,9.639834873120039e-07,5.553025913195208e-06,4.054614146128222e-06
2013-10-07 01:00:00,9.827154889873848e-07,5.687975689450781e-06,4.135040331032296e-06
2013-10-07 02:00:00,1.0349972137564027e-06,4.84150547520397e-06,3.9866990148224075e-06
2013-10-07 03:00:00,1.10546782222645e-06,4.087389583177821e-06,3.715197724890186e-06
2013-10-07 04:00:00,1.157058139727557e-06,4.1974531895896336e-06,3.6280818105274825e-06
2013-10-07 05:00:00,1.1007058983981734e-06,3.583519413756636e-06,3.5300251236749297e-06
2013-10-07 06:00:00,1.0830132266961653e-06,4.1035348684543235e-06,3.2379473164446784e-06
2013-10-07 07:00:00,8.327537231823089e-07,2.3562557949815775e-06,2.909474975644571e-06
2013-10-07 08:00:00,6.268131037499258e-07,1.1064254845145435e-06,2.281422845859041e-06
2013-10-07 09:00:00,5.448840096618497e-07,8.254454512560285e-07,1.8986170279579574e-06
2013-10-07 10:00:00,5.159754641290482e-07,7.369741579831061e-07,1.5283081980549544e-06
2013-10-07 11:00:00,5.505110048674458e-07,9.056573254134255e-07,1.532899674733362e-06
2013-10-07 12:00:00,6.148380469659714e-07,1.0947452117536576e-06,1.5606282356974964e-06
2013-10-07 13:00:00,7.106975774075803e-07,1.219001325849304e-06,1.813365004526841e-06
2013-10-07 14:00:00,8.519967447815368e-07,1.5464347427106225e-06,2.2177610230032072e-06
2013-10-07 15:00:00,1.0347455101503347e-06,2.3035299511816678e-06,2.9604048605420824e-06
2013-10-07 16:00:00,1.1799678472431616e-06,4.335219338002059e-06,3.7217921482426186e-06
2013-10-07 17:00:00,1.1349644344763848e-06,3.4931446556471878e-06,3.854681397464025e-06
2013-10-07 18:00:00,1.1596936543805062e-06,3.6014427683895624e-06,3.7957591255320853e-06
2013-10-07 19:00:00,1.2062716571659308e-06,3.941996698059909e-06,3.75018033715225e-06
2013-10-07 20:00:00,1.2575778645410537e-06,4.357271879652518e-06,3.931746551343723e-06
2013-10-07 21:00:00,1.2972529713245864e-06,4.8071559113013415e-06,4.036460967810186e-06
2013-10-07 22:00:00,1.1131478486148141e-06,4.888244522050585e-06,4.042350864787106e-06
2013-10-07 23:00:00,1.1049925645382726e-06,5.219373798171827e-06,4.232201891019119e-06
2013-10-08 00:00:00,1.1224378610672975e-06,5.74309615238748e-06,4.2693055658242966e-06
2013-10-08 01:00:00,1.12792990591161e-06,5.804717466381302e-06,4.2554185895115295e-06
2013-10-08 02:00:00,1.1429478015364312e-06,5.551625823634764e-06,4.291764488071771e-06
2013-10-08 03:00:00,1.1207115027298996e-06,4.836990412067688e-06,4.059120209823758e-06
2013-10-08 04:00:00,1.0316242567080716e-06,4.046980850578014e-06,3.840435574320994e-06
2013-10-08 05:00:00,9.649715304712162e-07,3.4895983782526287e-06,3.5992073003403654e-06
2013-10-08 06:00:00,9.228593521479094e-07,3.619193483467135e-06,3.1833643167845507e-06
2013-10-08 07:00:00,8.114509532212707e-07,2.8358181185255593e-06,2.846942000536849e-06
2013-10-08 08:00:00,7.825016058453614e-07,2.0627493286959498e-06,2.4158929199931557e-06
2013-10-08 09:00:00,7.103819474910287e-07,1.490450483426528e-06,2.2726399589819237e-06
2013-10-08 10:00:00,6.771903920244676e-07,1.033886439098874e-06,1.9920461885858554e-06
2013-10-08 11:00:00,6.651850140502848e-07,1.0274341295411928e-06,1.918943179411747e-06
2013-10-08 12:00:00,6.380617298483203e-07,1.1134084756481057e-06,1.9456454631029114e-06
2013-10-08 13:00:00,6.595147320720378e-07,1.3209922109975611e-06,2.1705837585586794e-06
2013-10-08 14:00:00,7.079622127445011e-07,1.908281951227949e-06,2.6694155299357814e-06
2013-10-08 15:00:00,7.783030883794168e-07,3.0450914784506004e-06,2.909450005687351e-06
2013-10-08 16:00:00,1.0249532071379875e-06,4.302848273721629e-06,3.833171659425952e-06
2013-10-08 17:00:00,1.1261031493655885e-06,3.481513426078612e-06,3.7469538034822236e-06
2013-10-08 18:00:00,1.1783140457378782e-06,3.681038682866479e-06,3.5709378465856892e-06
2013-10-08 19:00:00,1.2312065680198742e-06,4.076361772454967e-06,3.0911850027678813e-06
2013-10-08 20:00:00,1.1916565066638722e-06,4.734771796262542e-06,3.0627894487453e-06
2013-10-08 21:00:00,1.0957385640743156e-06,4.287887809405656e-06,3.249648812749894e-06
2013-10-08 22:00:00,9.647506119928488e-07,3.6933520075372774e-06,2.908992842911768e-06
2013-10-08 23:00:00,9.724288178462378e-07,4.003822433536691e-06,3.2163889489442016e-06
2013-10-09 00:00:00,9.622367206255504e-07,4.226203983149866e-06,3.6131112510220737e-06
2013-10-09 01:00:00,9.173850537379954e-07,4.642931482273357e-06,3.7029131231824268e-06
2013-10-09 02:00:00,9.95083083381383e-07,4.9726400795182205e-06,3.522033089738792e-06
2013-10-09 03:00:00,1.0224339892154076e-06,6.199903120205505e-06,3.1867515361261614e-06
2013-10-09 04:00:00,9.112558800922597e-07,4.785636537384691e-06,2.94841273616231e-06
2013-10-09 05:00:00,7.605795509601818e-07,3.5338998197331905e-06,2.883832797415835e-06
2013-10-09 06:00:00,6.886181548249337e-07,3.4793716077165294e-06,2.3598029064218334e-06
2013-10-09 07:00:00,6.64423823101657e-07,2.3321607778154266e-06,2.0512499898988183e-06
2013-10-09 08:00:00,6.055632467174031e-07,2.6449600241174254e-06,1.806250470664009e-06
2013-10-09 09:00:00,5.654971857993006e-07,1.6568083559747283e-06,1.6843898756921283e-06
2013-10-09 10:00:00,5.41860690973517e-07,1.5298166643887913e-06,1.5638545013823596e-06
2013-10-09 11:00:00,5.149124221027438e-07,1.3090118846803098e-06,1.4649643093539782e-06
2013-10-09 12:00:00,4.888445897974134e-07,1.151967867534458e-06,1.4192556268530419e-06
2013-10-09 13:00:00,4.81057441067117e-07,1.097423700069306e-06,1.4168033548939696e-06
2013-10-09 14:00:00,4.746031195613e-07,1.2281505254225995e-06,1.3784188726875562e-06
2013-10-09 15:00:00,4.914811149027175e-07,1.3943067218554424e-06,1.3054214308491195e-06
2013-10-09 16:00:00,5.241644618148096e-07,1.6974136022324352e-06,1.3387528968145558e-06
2013-10-09 17:00:00,5.359739344946548e-07,1.8864031845291213e-06,1.3727836228683133e-06
2013-10-09 18:00:00,5.246279797448634e-07,1.9232925268655568e-06,1.4407541137762307e-06
2013-10-09 19:00:00,5.0420404222362e-07,1.804754702301603e-06,1.5145966278531513e-06
2013-10-09 20:00:00,5.028720403667218e-07,1.6716914457398663e-06,1.5502169340110216e-06
2013-10-09 21:00:00,5.556003506664552e-07,1.6002435732727856e-06,1.6292480600721438e-06
2013-10-09 22:00:00,6.172414498704136e-07,1.6191821499212816e-06,1.7216313732741434e-06
2013-10-09 23:00:00,6.624214008421302e-07,1.5507789391987774e-06,1.9149527367148873e-06
2013-10-10 00:00:00,6.885808011803212e-07,1.5411754432847828e-06,1.996660990579428e-06
2013-10-10 01:00:00,7.088923202301563e-07,1.6036089761194985e-06,2.113575192811527e-06
2013-10-10 02:00:00,6.960379097955716e-07,1.6493267390896279e-06,2.028361366841924e-06
2013-10-10 03:00:00,7.117638193911796e-07,1.6878661389862072e-06,2.099159004095407e-06
2013-10-10 04:00:00,7.02352470000371e-07,1.6764784535302441e-06,2.153809064118639e-06
2013-10-10 05:00:00,6.946412242232337e-07,1.659866501002149e-06,2.121116038446401e-06
2013-10-10 06:00:00,6.823858427261564e-07,1.6608103817836293e-06,2.0060065789821032e-06
2013-10-10 07:00:00,6.029020228458974e-07,1.201221092094718e-06,1.8410302862751163e-06
2013-10-10 08:00:00,5.244114760820742e-07,8.51548809392097e-07,1.8063092962361172e-06
2013-10-10 09:00:00,4.85372067719845e-07,7.22395583085238e-07,1.8596893274897954e-06
2013-10-10 10:00:00,4.99951730196835e-07,7.119490343634602e-07,1.943671370439374e-06
2013-10-10 11:00:00,5.026047573095426e-07,9.2600116977094e-07,2.033835284334363e-06
2013-10-10 12:00:00,4.823030437049409e-07,9.831743198583354e-07,2.04215623109313e-06
2013-10-10 13:00:00,5.126434190357008e-07,8.76381705622322e-07,2.198488661064539e-06
2013-10-10 14:00:00,5.668402060884149e-07,9.548050260306295e-07,2.2356722527627813e-06
2013-10-10 15:00:00,6.251710016056111e-07,1.2164114053855587e-06,2.1708232529325033e-06
2013-10-10 16:00:00,6.55759460843503e-07,1.534658939342704e-06,2.5220003961727493e-06
2013-10-10 17:00:00,6.481849813875686e-07,1.593157549582715e-06,2.4258939713278993e-06
2013-10-10 18:00:00,6.614710589177492e-07,1.6748959930404698e-06,2.3602547560813968e-06
2013-10-10 19:00:00,6.862011876549255e-07,1.7838934183675382e-06,2.3689517922115936e-06
2013-10-10 20:00:00,7.160371224172873e-07,1.897572323289143e-06,2.4591736912963515e-06
2013-10-10 21:00:00,7.327070695444218e-07,1.9500139276925314e-06,2.7834353798369757e-06
2013-10-10 22:00:00,6.787510217683212e-07,2.0240921657530547e-06,3.0066641108885032e-06
2013-10-10 23:00:00,6.538273780839383e-07,2.0767550710897973e-06,2.6106942659498586e-06
2013-10-11 00:00:00,5.787612143132556e-07,2.1674757354100505e-06,2.483786442411103e-06
2013-10-11 01:00:00,5.643456943092376e-07,2.18229606356608e-06,2.2493506507062636e-06
2013-10-11 02:00:00,5.592202760311884e-07,2.0706942405365206e-06,2.0657491687058284e-06
2013-10-11 03:00:00,5.592032369930437e-07,1.949459099325199e-06,1.865735740528065e-06
2013-10-11 04:00:00,5.710917950716222e-07,1.8286786534750747e-06,1.7181421541273064e-06
2013-10-11 05:00:00,5.899242457125314e-07,1.7188089059472843e-06,1.5810393706243434e-06
2013-10-11 06:00:00,6.041867845191806e-07,1.6876253940262535e-06,1.5586174477865856e-06
2013-10-11 07:00:00,5.919105666460026e-07,1.5190194404920154e-06,1.4034516277254991e-06
2013-10-11 08:00:00,5.633863160525063e-07,1.5171085653131166e-06,1.2491694375289255e-06
2013-10-11 09:00:00,5.303853396518538e-07,1.543331986409593e-06,1.2597312117923083e-06
2013-10-11 10:00:00,5.235386856908451e-07,1.5523829715371323e-06,1.3043195577118309e-06
2013-10-11 11:00:00,5.191774167174486e-07,1.6210834894712963e-06,1.3208390601082774e-06
2013-10-11 12:00:00,5.115413239443856e-07,1.5328210667980502e-06,1.266418443645717e-06
2013-10-11 13:00:00,5.160233765054452e-07,1.421855418955919e-06,1.2403346416896233e-06
2013-10-11 14:00:00,5.20574374579989e-07,1.5967082491471545e-06,1.2673420211872415e-06
2013-10-11 15:00:00,5.252258544486142e-07,1.83510523508197e-06,1.3058097467314975e-06
2013-10-11 16:00:00,5.276768570579907e-07,1.6882225445376862e-06,1.3305754919516036e-06
2013-10-11 17:00:00,5.230683294824091e-07,1.6944938340168455e-06,1.3164836400788763e-06
2013-10-11 18:00:00,5.305650625065675e-07,1.9114189733739504e-06,1.346764844301561e-06
2013-10-11 19:00:00,5.398986389241019e-07,2.3520363103438474e-06,1.414131865549323e-06
2013-10-11 20:00:00,5.302444865526804e-07,2.179592619924685e-06,1.4237605862519955e-06
2013-10-11 21:00:00,5.111408976029209e-07,2.3725728939582863e-06,1.5001954635347023e-06
2013-10-11 22:00:00,5.326963880763553e-07,2.398162921718504e-06,1.6389941155947904e-06
2013-10-11 23:00:00,5.556988001555289e-07,2.337137043652413e-06,1.6947959984813372e-06
2013-10-12 00:00:00,5.887534890833516e-07,2.2271007290673038e-06,1.7786534684453445e-06
2013-10-12 01:00:00,6.220055594662482e-07,2.134851368907529e-06,1.8009551212597858e-06
2013-10-12 02:00:00,6.481976735196888e-07,2.0891958008042237e-06,1.8170675835594163e-06
2013-10-12 03:00:00,6.463377372912402e-07,1.975149560670529e-06,1.9448079398453568e-06
2013-10-12 04:00:00,6.447856350395979e-07,1.979824153417791e-06,2.077311294437192e-06
2013-10-12 05:00:00,6.362705411500024e-07,2.022782798863279e-06,2.1259552281974055e-06
2013-10-12 06:00:00,6.413306267125665e-07,2.127330429020032e-06,2.1306302152339336e-06
2013-10-12 07:00:00,6.896437261718817e-07,1.6341854527868111e-06,1.8370845620154216e-06
2013-10-12 08:00:00,7.129313220018375e-07,1.3363742995503799e-06,1.6305422033991742e-06
2013-10-12 09:00:00,7.289174896540005e-07,1.2757047928460099e-06,1.556712012507716e-06
2013-10-12 10:00:00,6.677248533642136e-07,1.0559863334346888e-06,1.7867222360484744e-06
2013-10-12 11:00:00,6.258156426668327e-07,8.692388820931157e-07,1.6589438341339768e-06
2013-10-12 12:00:00,6.697816822691377e-07,8.631697271614615e-07,1.5128235776885753e-06
2013-10-12 13:00:00,7.297736991492002e-07,1.0914969653571256e-06,1.4286533083860753e-06
2013-10-12 14:00:00,6.98842530522241e-07,1.8784954052673497e-06,1.4980662151174117e-06
2013-10-12 15:00:00,6.226071380289691e-07,2.93074684899941e-06,1.572260044320424e-06
2013-10-12 16:00:00,6.105757382799996e-07,2.053873192717985e-06,1.713473709186299e-06
2013-10-12 17:00:00,6.053149659108881e-07,1.9523949565990607e-06,1.6941340613580495e-06
2013-10-12 18:00:00,6.098374161570207e-07,2.008648207152433e-06,1.7558006994352967e-06
2013-10-12 19:00:00,6.225964604083035e-07,2.20898142318283e-06,1.842908713637427e-06
2013-10-12 20:00:00,6.387669577186204e-07,2.3189160451616342e-06,1.9295738353759956e-06
2013-10-12 21:00:00,6.557584623070621e-07,2.485868468188103e-06,1.9984112207151824e-06
2013-10-12 22:00:00,6.627905637731582e-07,2.732806495303063e-06,2.1725058734607834e-06
2013-10-12 23:00:00,6.746542701395362e-07,2.8531561516360103e-06,2.178281446416476e-06
2013-10-13 00:00:00,6.820709325965522e-07,3.6177328521908605e-06,2.380106947017993e-06
2013-10-13 01:00:00,6.856635503155659e-07,5.388550058919953e-06,2.4300525978307307e-06
2013-10-13 02:00:00,6.663325582319818e-07,3.712390045206293e-06,2.3465734973723506e-06
2013-10-13 03:00:00,5.975097512828721e-07,3.5822356386499484e-06,2.274395929660959e-06
2013-10-13 04:00:00,5.281249108691596e-07,3.0400490635711584e-06,2.0867619248616773e-06
2013-10-13 05:00:00,4.898729840748052e-07,2.3447252487728984e-06,2.130399983856976e-06
2013-10-13 06:00:00,4.6679253435744716e-07,1.5502490393151042e-06,2.261693625864317e-06
2013-10-13 07:00:00,4.385404697090998e-07,1.0623727618873047e-06,1.6185766643991375e-06
2013-10-13 08:00:00,4.2567988388707715e-07,9.411519261844522e-07,1.2148917861925226e-06
2013-10-13 09:00:00,4.0989533304412443e-07,8.789227461140693e-07,1.0691241545441693e-06
2013-10-13 10:00:00,4.138807246167029e-07,8.956259897005554e-07,1.0640314507471335e-06
2013-10-13 11:00:00,4.2323760718845903e-07,1.0834985447955057e-06,1.5573035405605084e-06
2013-10-13 12:00:00,3.9349869701510716e-07,1.1730741139843152e-06,1.039288536730678e-06
2013-10-13 13:00:00,4.0178153532940613e-07,1.1378104738139926e-06,1.1616015919072847e-06
2013-10-13 14:00:00,4.262693694340199e-07,1.3064075643295625e-06,1.3152115518355444e-06
2013-10-13 15:00:00,4.3714954065352387e-07,2.045768583100517e-06,1.613710150527299e-06
2013-10-13 16:00:00,4.4916938185493716e-07,2.7415504493202867e-06,2.056268254638822e-06
2013-10-13 17:00:00,4.4969543108242383e-07,2.8673891377444926e-06,2.0052168138285145e-06
2013-10-13 18:00:00,4.531235507684382e-07,2.813333381933489e-06,1.995757036307265e-06
2013-10-13 19:00:00,4.5576359191331074e-07,2.7386616342172077e-06,2.011058758012673e-06
2013-10-13 20:00:00,4.5883198083738177e-07,3.0175492952324518e-06,2.1097628508901277e-06
2013-10-13 21:00:00,4.6731635681490313e-07,2.9881702601238923e-06,2.1796907471666542e-06
2013-10-13 22:00:00,4.927089502334975e-07,3.998990878339777e-06,2.227166160785001e-06
2013-10-13 23:00:00,5.092780971884496e-07,3.9691931675636805e-06,2.363363945672116e-06
2013-10-14 00:00:00,5.255080382025989e-07,4.3750042054571856e-06,2.4417865337950355e-06
2013-10-14 01:00:00,5.332529024979849e-07,4.37256928183674e-06,2.426156013239212e-06
2013-10-14 02:00:00,5.407851842160253e-07,3.839348448684932e-06,2.487143697787195e-06
2013-10-14 03:00:00,5.444377415295439e-07,4.21586330479673e-06,2.39848310022826e-06
2013-10-14 04:00:00,5.567611050662916e-07,4.7497836564234595e-06,2.3800073363689714e-06
2013-10-14 05:00:00,5.705803809984046e-07,4.47565765333244e-06,2.3802445299331188e-06
2013-10-14 06:00:00,5.813577335095827e-07,4.55917724320082e-06,2.300969064717725e-06
2013-10-14 07:00:00,5.573497497911734e-07,3.0765293339296975e-06,1.8638450235074502e-06
2013-10-14 08:00:00,5.415832890336703e-07,2.2163366682298e-06,1.6512015461816624e-06
2013-10-14 09:00:00,5.350251099783729e-07,1.845200029298716e-06,1.4552190292076437e-06
2013-10-14 10:00:00,5.289011442630579e-07,1.458582969013758e-06,1.367241258637287e-06
2013-10-14 11:00:00,5.530155356703563e-07,2.486949351675462e-06,1.915454495565407e-06
2013-10-14 12:00:00,5.351478431771605e-07,1.6021620861031347e-06,1.3165764229058518e-06
2013-10-14 13:00:00,5.66756344467888e-07,2.029217705355333e-06,1.479007873076549e-06
2013-10-14 14:00:00,5.96442673847646e-07,2.4428862218273236e-06,1.8508590172674746e-06
2013-10-14 15:00:00,6.105953025912647e-07,2.8679887864715687e-06,2.3022654892595945e-06
2013-10-14 16:00:00,6.87150288303377e-07,3.7292450001848624e-06,2.620250776190588e-06
2013-10-14 17:00:00,7.070990253115238e-07,3.6197389548309557e-06,2.355779887763948e-06
2013-10-14 18:00:00,6.776266448990988e-07,3.2440976067637806e-06,2.2208129363629755e-06
2013-10-14 19:00:00,6.540826132849162e-07,3.4781902816720493e-06,2.0829258626414458e-06
2013-10-14 20:00:00,6.680730515281781e-07,3.9439551164562146e-06,1.991524168506273e-06
2013-10-14 21:00:00,6.982432721782463e-07,4.573532886963325e-06,1.9325778109940246e-06
2013-10-14 22:00:00,7.534396909938111e-07,4.967320840653422e-06,2.2102459230862875e-06
2013-10-14 23:00:00,8.155729753205972e-07,5.088832174894668e-06,2.205538221693351e-06
2013-10-15 00:00:00,8.902805332382238e-07,5.147191237041774e-06,2.0998461407116753e-06
2013-10-15 01:00:00,1.0406239231977918e-06,4.990699253500819e-06,1.959430336542447e-06
2013-10-15 02:00:00,1.1124279409879395e-06,4.551742454560583e-06,1.8513894012699938e-06
2013-10-15 03:00:00,1.0752214360886824e-06,3.7425515812543403e-06,1.84733759487162e-06
2013-10-15 04:00:00,9.994548482926361e-07,3.4794826042980627e-06,1.878870428978234e-06
2013-10-15 05:00:00,9.683692272809104e-07,3.08934427546164e-06,1.9479296732883385e-06
2013-10-15 06:00:00,9.380129270213914e-07,2.9368212562281225e-06,2.075794977156564e-06
2013-10-15 07:00:00,9.117424467458923e-07,2.507741059448504e-06,1.856252306178605e-06
2013-10-15 08:00:00,8.303024279248966e-07,1.8022350176431447e-06,1.701845505263092e-06
2013-10-15 09:00:00,9.024716898524312e-07,1.8575050501104106e-06,1.8103663268240143e-06
2013-10-15 10:00:00,9.974275919444153e-07,1.694306520238663e-06,2.192145143745922e-06
2013-10-15 11:00:00,1.0870492583622454e-06,1.9051138741361954e-06,2.2708425974930754e-06
2013-10-15 12:00:00,1.030045095105375e-06,1.805599528418824e-06,2.2745675556483105e-06
2013-10-15 13:00:00,1.000199135741971e-06,1.7847457814517256e-06,2.460836402132898e-06
2013-10-15 14:00:00,1.0076046577648764e-06,1.8731210537677464e-06,2.2047598116049493e-06
2013-10-15 15:00:00,8.905471304361842e-07,1.8738724877591018e-06,2.3486163131879177e-06
2013-10-15 16:00:00,8.042974614128845e-07,1.768213799924251e-06,2.7196933566190765e-06
2013-10-15 17:00:00,7.894073732206402e-07,1.758866793711591e-06,2.811740939001141e-06
2013-10-15 18:00:00,8.420472735836208e-07,1.8839831443444266e-06,2.633482217830528e-06
2013-10-15 19:00:00,9.064322321193834e-07,2.074761354924345e-06,2.5969785434143787e-06
2013-10-15 20:00:00,9.095473111247892e-07,2.319369079818603e-06,2.669358880974461e-06
2013-10-15 21:00:00,8.882139770648516e-07,2.3882715065012633e-06,2.616266013947554e-06
2013-10-15 22:00:00,9.033917294580991e-07,5.104288014934134e-06,2.820424777599101e-06
2013-10-15 23:00:00,9.033743060214542e-07,5.6285038927982385e-06,2.8285431280276174e-06
2013-10-16 00:00:00,8.791439065576607e-07,6.1331886128590055e-06,2.6183602051569414e-06
2013-10-16 01:00:00,9.151843141881995e-07,5.956249717370649e-06,2.5563617913683465e-06
2013-10-16 02:00:00,1.0401125404357825e-06,4.433644765570789e-06,2.40225177387274e-06
2013-10-16 03:00:00,1.0143605491650612e-06,2.1348761419192106e-06,2.2860948964991486e-06
2013-10-16 04:00:00,8.670434111263614e-07,1.7881862285279746e-06,2.373198347160355e-06
2013-10-16 05:00:00,9.514281796280304e-07,1.6240201300431434e-06,2.548489591759767e-06
2013-10-16 06:00:00,1.0616913757388193e-06,1.540657242463212e-06,2.6517631289068845e-06
2013-10-16 07:00:00,9.573221944195381e-07,1.5043000926551392e-06,2.307853960237435e-06
2013-10-16 08:00:00,1.0515850188502719e-06,2.0549612732969615e-06,2.4251893987855637e-06
2013-10-16 09:00:00,1.1161124851438925e-06,2.0155986349463066e-06,2.4946119304002265e-06
2013-10-16 10:00:00,1.1278914399421973e-06,2.0703476033656322e-06,2.4127748058540197e-06
2013-10-16 11:00:00,1.0311448921189526e-06,2.0907781905734682e-06,2.4854429748517956e-06
2013-10-16 12:00:00,1.1392438480299929e-06,1.4325078242058765e-06,2.359333329447161e-06
2013-10-16 13:00:00,1.0724351643994999e-06,1.5159863827041426e-06,2.393527832272382e-06
2013-10-16 14:00:00,8.627266100728408e-07,1.5468190714732854e-06,2.614740343889198e-06
2013-10-16 15:00:00,8.724681438143445e-07,1.5395018593279973e-06,2.867067447357585e-06
2013-10-16 16:00:00,7.519176488314603e-07,1.7284620244780524e-06,3.1585781255022082e-06
2013-10-16 17:00:00,7.4464310029776e-07,1.6780528991586438e-06,2.911997675463e-06
2013-10-16 18:00:00,6.614137837110584e-07,1.635299856664702e-06,2.6794781782386653e-06
2013-10-16 19:00:00,5.908426679075582e-07,1.5864955793626609e-06,2.3297589075792145e-06
2013-10-16 20:00:00,5.558675416889306e-07,1.450616831934497e-06,2.1747678494496937e-06
2013-10-16 21:00:00,5.295358989494874e-07,1.4896178724848755e-06,2.047144000611238e-06
2013-10-16 22:00:00,5.381494112447266e-07,1.4504132413547787e-06,2.144927461555867e-06
2013-10-16 23:00:00,5.067590326313798e-07,1.4475173925244323e-06,1.963482821610619e-06
2013-10-17 00:00:00,4.754380352555988e-07,1.4205254374931098e-06,1.7700086577747863e-06
2013-10-17 01:00:00,4.593776062704559e-07,1.4192443665385619e-06,1.5879814819074562e-06
2013-10-17 02:00:00,4.479288916456835e-07,1.4059505000006964e-06,1.3954654239472415e-06
2013-10-17 03:00:00,4.36421905672593e-07,1.3774718606109392e-06,1.3134840650221117e-06
2013-10-17 04:00:00,4.2759022027475656e-07,1.3464780301321184e-06,1.2362761267198922e-06
2013-10-17 05:00:00,4.2205763651711077e-07,1.3198252837579329e-06,1.1424461621498541e-06
2013-10-17 06:00:00,4.207556674769099e-07,1.543120469594536e-06,1.0802962192676597e-06
2013-10-17 07:00:00,3.4288236278063187e-07,1.1461663909873427e-06,8.190773083158114e-07
2013-10-17 08:00:00,3.155428510568822e-07,8.189478421664415e-07,7.352901679672772e-07
2013-10-17 09:00:00,3.171363493102533e-07,8.38069103203314e-07,7.127088625484573e-07
2013-10-17 10:00:00,3.080954650147876e-07,8.321072384851256e-07,7.167307039973343e-07
2013-10-17 11:00:00,3.1182960064671573e-07,9.86342563115959e-07,7.471533260927912e-07
2013-10-17 12:00:00,3.0950255048294044e-07,1.1450283182707774e-06,7.119408022289934e-07
2013-10-17 13:00:00,3.0779421451995135e-07,1.0146636364383114e-06,6.784918495657019e-07
2013-10-17 14:00:00,3.2290236009963304e-07,1.0415970582776305e-06,6.867397310092207e-07
2013-10-17 15:00:00,3.6313873785873225e-07,1.3504191067572249e-06,6.9447419870166e-07
2013-10-17 16:00:00,4.680360109927892e-07,2.3596539288449452e-06,7.845705973012288e-07
2013-10-17 17:00:00,4.6326798429722644e-07,2.307857630461632e-06,8.299936971632133e-07
2013-10-17 18:00:00,4.915009551146243e-07,2.409061872340291e-06,8.463840680937685e-07
2013-10-17 19:00:00,5.332886993199227e-07,2.7027266805565716e-06,8.657186916778773e-07
2013-10-17 20:00:00,6.026543317793564e-07,3.0540220473337678e-06,8.979636738280608e-07
2013-10-17 21:00:00,7.161247423623851e-07,2.614978450673388e-06,9.58190497928983e-07
2013-10-17 22:00:00,8.345258792863182e-07,2.035914657697228e-06,1.0584175567225996e-06
2013-10-17 23:00:00,8.770318370105834e-07,2.0484407867466215e-06,1.1201009129087143e-06
2013-10-18 00:00:00,8.91163190902227e-07,2.252228992026125e-06,1.2065963791311674e-06
2013-10-18 01:00:00,9.259328065573498e-07,2.0828268959454586e-06,1.3316654074255598e-06
2013-10-18 02:00:00,9.473368215485188e-07,1.9140090487824878e-06,1.4874229173131883e-06
2013-10-18 03:00:00,9.79824604972797e-07,1.8222940825979174e-06,1.516541527912527e-06
2013-10-18 04:00:00,1.029780186629084e-06,1.6845764603979777e-06,1.652261417151445e-06
2013-10-18 05:00:00,1.236680633909669e-06,1.6214342878538304e-06,1.9134956384341184e-06
2013-10-18 06:00:00,1.3160850980236874e-06,1.5450498346424999e-06,2.042175353081135e-06
2013-10-18 07:00:00,1.1823163519041782e-06,1.458428162128292e-06,1.6495668162535834e-06
2013-10-18 08:00:00,9.941647767859422e-07,1.848290059828557e-06,1.383354975169871e-06
2013-10-18 09:00:00,9.305628054417575e-07,1.818626348758901e-06,1.3235186394259372e-06
2013-10-18 10:00:00,9.317799915385863e-07,1.5123281484540526e-06,1.307650283045762e-06
2013-10-18 11:00:00,9.280749364341503e-07,1.4893263563322482e-06,1.4341111352110493e-06
2013-10-18 12:00:00,8.959987880532234e-07,1.4917708933595433e-06,1.4543583123632452e-06
2013-10-18 13:00:00,8.824372169887391e-07,1.8271749797688e-06,1.5546118278176182e-06
2013-10-18 14:00:00,8.428641994080069e-07,2.079330708897929e-06,1.8060680760095143e-06
2013-10-18 15:00:00,8.380428385457459e-07,2.853697150467527e-06,3.107584123219605e-06
2013-10-18 16:00:00,8.882081724311641e-07,3.4205105810023944e-06,4.053643429906038e-06
2013-10-18 17:00:00,7.812406727835516e-07,2.6283417192801825e-06,3.4446249477244457e-06
2013-10-18 18:00:00,7.574781456142727e-07,1.8972622246903308e-06,3.030727099790247e-06
2013-10-18 19:00:00,7.122049960388878e-07,1.7391274978436706e-06,2.587232208076672e-06
2013-10-18 20:00:00,6.279939272705055e-07,1.5847138905306782e-06,2.264179916250782e-06
2013-10-18 21:00:00,5.915989498510444e-07,1.4831249651620783e-06,1.8400876820925968e-06
2013-10-18 22:00:00,5.25133170288915e-07,1.3911101277610194e-06,1.7697860102341297e-06
2013-10-18 23:00:00,5.11748788025033e-07,1.3817048791737972e-06,1.7956888044503861e-06
2013-10-19 00:00:00,5.149778745443755e-07,1.384528436019726e-06,1.7852620088553882e-06
2013-10-19 01:00:00,5.161118844177581e-07,1.40455450246655e-06,1.7683114625323013e-06
2013-10-19 02:00:00,5.113489121799734e-07,1.6650113760656733e-06,1.7248727377599843e-06
2013-10-19 03:00:00,5.198870808711958e-07,1.9948852310400224e-06,1.7615703062833207e-06
2013-10-19 04:00:00,5.385416491241229e-07,2.920178990172551e-06,1.5842845595939575e-06
2013-10-19 05:00:00,5.487378546085098e-07,4.042016797953876e-06,1.6021571616721372e-06
2013-10-19 06:00:00,5.424771566477839e-07,3.034472815543027e-06,1.5321613528917138e-06
2013-10-19 07:00:00,4.779908736559557e-07,1.4348076604268208e-06,1.1174975888346576e-06
2013-10-19 08:00:00,4.2451056896987033e-07,8.691726010059356e-07,7.780914850413607e-07
2013-10-19 09:00:00,4.2791683913206425e-07,7.615963983859477e-07,7.129444269402734e-07
2013-10-19 10:00:00,4.664615936452343e-07,7.398461890003173e-07,6.909288045394694e-07
2013-10-19 11:00:00,4.9665383468887e-07,7.694068534021359e-07,7.03070419138877e-07
2013-10-19 12:00:00,5.421344671194597e-07,9.131230154115595e-07,7.240536363205968e-07
2013-10-19 13:00:00,5.771444361142447e-07,1.3320396528239525e-06,8.57217825531912e-07
2013-10-19 14:00:00,5.315988885976871e-07,3.4243506376658117e-06,1.2538317737821916e-06
2013-10-19 15:00:00,4.854939221522136e-07,2.6142077802296554e-06,1.5612196344295906e-06
2013-10-19 16:00:00,4.5891221437890707e-07,1.2830639965738569e-06,1.5618377339620183e-06
2013-10-19 17:00:00,4.631855083637945e-07,1.2205014832513204e-06,1.4622398210725474e-06
2013-10-19 18:00:00,5.037583419551449e-07,1.6434756513201125e-06,1.4166147535577843e-06
2013-10-19 19:00:00,5.075754186154023e-07,2.249763418082948e-06,1.3371975961572193e-06
2013-10-19 20:00:00,4.929489772066284e-07,2.092179621683229e-06,1.3079754346406333e-06
2013-10-19 21:00:00,4.6257035062066375e-07,2.8289645696804746e-06,1.306809595281587e-06
2013-10-19 22:00:00,4.6418928119894005e-07,2.8771229509360773e-06,1.2621333319438713e-06
2013-10-19 23:00:00,5.028288547318097e-07,2.455434567690215e-06,1.1980156377800395e-06
2013-10-20 00:00:00,5.076035608313822e-07,1.5421605744946441e-06,1.3006890010540878e-06
2013-10-20 01:00:00,4.957458595213282e-07,1.556098482197815e-06,1.3100884265029975e-06
2013-10-20 02:00:00,4.991511509936984e-07,1.545898266414218e-06,1.3215750906950577e-06
2013-10-20 03:00:00,4.976391020706174e-07,1.5209624374419252e-06,1.3443383365516577e-06
2013-10-20 04:00:00,5.087636331959536e-07,1.490581068903711e-06,1.4098940468402519e-06
2013-10-20 05:00:00,5.253421444321393e-07,1.4761069585201561e-06,1.531984702437222e-06
2013-10-20 06:00:00,5.317632057779348e-07,1.476700942911416e-06,1.5669300249165613e-06
2013-10-20 07:00:00,4.555640351253715e-07,1.1687594590001774e-06,1.4155074981139883e-06
2013-10-20 08:00:00,4.1367619264877704e-07,8.943015603286934e-07,1.3336828793219804e-06
2013-10-20 09:00:00,3.7660896406882263e-07,7.91154270332831e-07,1.20157315093604e-06
2013-10-20 10:00:00,3.8763872989477526e-07,7.138381476640469e-07,1.3473036770702863e-06
2013-10-20 11:00:00,3.679862180781332e-07,7.149040073633637e-07,1.4046058717765377e-06
2013-10-20 12:00:00,3.5346785113746184e-07,7.719831671170008e-07,1.3454614366996987e-06
2013-10-20 13:00:00,3.586038041384166e-07,8.059174449476881e-07,1.4010109064892312e-06
2013-10-20 14:00:00,3.885787085265481e-07,9.25081819671606e-07,1.5494912477108951e-06
2013-10-20 15:00:00,4.185002158864331e-07,1.0898449281207334e-06,1.5943247638968462e-06
2013-10-20 16:00:00,4.4881342091237225e-07,1.3930823725523547e-06,1.623661970893847e-06
2013-10-20 17:00:00,4.479364054342366e-07,1.3991471779702479e-06,1.5562325776805943e-06
2013-10-20 18:00:00,4.4866155385052454e-07,1.6242482285383088e-06,1.4696980092629616e-06
2013-10-20 19:00:00,4.3181008741041843e-07,1.598305164696791e-06,1.4554009930609669e-06
2013-10-20 20:00:00,4.038123025936057e-07,1.289648740983344e-06,1.3670116604708929e-06
2013-10-20 21:00:00,3.8074010625281516e-07,1.0440053731169323e-06,1.2118901487963298e-06
2013-10-20 22:00:00,3.6920221939842625e-07,1.3041920945920947e-06,1.095070255416031e-06
2013-10-20 23:00:00,3.8370779338942845e-07,1.1999623251063913e-06,1.112755131184148e-06
2013-10-21 00:00:00,3.910033021501457e-07,1.1989173729221372e-06,1.1086167287635328e-06
2013-10-21 01:00:00,4.024408419608943e-07,1.5814834753463205e-06,1.093637333573761e-06
2013-10-21 02:00:00,4.0802200099200626e-07,1.956412296405047e-06,1.0765301657132092e-06
2013-10-21 03:00:00,4.080771534981798e-07,1.9373735739111788e-06,1.1030753262878732e-06
2013-10-21 04:00:00,4.0411917819064544e-07,1.8171654748209683e-06,1.0812580620067973e-06
2013-10-21 05:00:00,3.913211500299268e-07,1.4186731179085323e-06,1.0600495993937151e-06
2013-10-21 06:00:00,3.8714241259768267e-07,1.1715129828138644e-06,1.0578821481835092e-06
2013-10-21 07:00:00,4.0071348371986945e-07,1.6104518715550953e-06,9.298080390459585e-07
2013-10-21 08:00:00,4.0399128893557634e-07,1.2475858895797147e-06,7.694239297361397e-07
2013-10-21 09:00:00,3.936815470485906e-07,1.1581089021872342e-06,6.868034933054707e-07
2013-10-21 10:00:00,4.2497395524775404e-07,1.0462901641102453e-06,8.491086105711838e-07
2013-10-21 11:00:00,4.191012782349387e-07,1.0357491671402956e-06,8.324471600739796e-07
2013-10-21 12:00:00,3.9669747419228113e-07,9.56641415165916e-07,8.231488179429144e-07
2013-10-21 13:00:00,4.0175924231979286e-07,1.1586200605663584e-06,9.353649741127674e-07
2013-10-21 14:00:00,4.0952348114018676e-07,1.255499212781422e-06,1.252728163348409e-06
2013-10-21 15:00:00,4.039325347210525e-07,1.1354590217452243e-06,1.4629947810839713e-06
2013-10-21 16:00:00,4.0739560751743105e-07,1.413916732048835e-06,1.6510608037120646e-06
2013-10-21 17:00:00,3.9877931994387284e-07,1.512673131857288e-06,1.5121555205462847e-06
2013-10-21 18:00:00,3.9333813937453994e-07,1.3342370474415571e-06,1.4114247322494725e-06
2013-10-21 19:00:00,3.919004522657785e-07,1.2698316004937067e-06,1.3122386618974764e-06
2013-10-21 20:00:00,3.9030967677191975e-07,1.861601146646228e-06,1.2492487457289232e-06
2013-10-21 21:00:00,4.006209935007174e-07,2.863213555425469e-06,1.277315158687831e-06
2013-10-21 22:00:00,4.121106001823461e-07,3.227250184938015e-06,1.3308426318453507e-06
2013-10-21 23:00:00,4.2167533499245047e-07,3.441919615934263e-06,1.1829884823515302e-06
2013-10-22 00:00:00,4.390268374498978e-07,3.36429197417314e-06,1.243034820723153e-06
2013-10-22 01:00:00,4.361705432378277e-07,3.2422552467055445e-06,1.28281414606832e-06
2013-10-22 02:00:00,4.350314224873392e-07,2.982586565247966e-06,1.2709045881260005e-06
2013-10-22 03:00:00,4.2998310350601004e-07,2.765256509379676e-06,1.216997795418543e-06
2013-10-22 04:00:00,4.155953943866128e-07,2.672584526192504e-06,1.1198015408136994e-06
2013-10-22 05:00:00,4.0559035525243454e-07,2.4940827971167475e-06,1.0393646835497014e-06
2013-10-22 06:00:00,3.982787486842945e-07,2.368531561908563e-06,1.014431502720537e-06
2013-10-22 07:00:00,4.889302045907426e-07,1.441897386115104e-06,1.1071872887085714e-06
2013-10-22 08:00:00,5.053093533394642e-07,8.596833079102615e-07,1.0786571147376232e-06
2013-10-22 09:00:00,4.54272990705191e-07,6.20769783476382e-07,1.025807960321919e-06
2013-10-22 10:00:00,4.769329188859921e-07,5.888415597443992e-07,9.736178919271266e-07
2013-10-22 11:00:00,4.6127818957551167e-07,5.904075846762482e-07,9.666923822353097e-07
2013-10-22 12:00:00,4.703013251610226e-07,6.821539978160259e-07,9.551946994539094e-07
2013-10-22 13:00:00,5.194080657621274e-07,8.439257444337935e-07,1.0132027818299283e-06
2013-10-22 14:00:00,5.639397849283921e-07,1.1658016696175812e-06,1.1090112066775964e-06
2013-10-22 15:00:00,4.121898371113689e-07,1.6572978680738944e-06,1.166444225822391e-06
2013-10-22 16:00:00,4.1572224128087204e-07,2.2223472572919893e-06,9.980041598341332e-07
2013-10-22 17:00:00,4.2491096917478004e-07,2.36327469044888e-06,9.883129022482473e-07
2013-10-22 18:00:00,4.490765319809625e-07,2.7542333746289067e-06,1.0243822027087878e-06
2013-10-22 19:00:00,4.6122802780970595e-07,3.28253231655531e-06,1.1400915018150967e-06
2013-10-22 20:00:00,4.7031269636026685e-07,3.309117912364506e-06,1.182619350332034e-06
2013-10-22 21:00:00,4.776340408282088e-07,3.3330322978533e-06,1.2026552205423905e-06
2013-10-22 22:00:00,5.686754983135376e-07,2.9339332150367835e-06,1.158072705498792e-06
2013-10-22 23:00:00,5.800481095698467e-07,2.828025681063407e-06,1.2004313835182416e-06
2013-10-23 00:00:00,5.918689919003634e-07,2.4788265811400337e-06,1.2181898970862707e-06
2013-10-23 01:00:00,5.942801239392807e-07,2.3863367790305716e-06,1.1897523722387913e-06
2013-10-23 02:00:00,5.863824168278459e-07,2.490608670397265e-06,1.1524900613667202e-06
2013-10-23 03:00:00,5.815318475410389e-07,2.438674957467085e-06,1.1126163406883264e-06
2013-10-23 04:00:00,5.370771059177144e-07,2.2878710903773486e-06,1.0393104815990312e-06
2013-10-23 05:00:00,4.7665633149175616e-07,2.2232821233716328e-06,9.243971823493364e-07
2013-10-23 06:00:00,4.7240714154897956e-07,2.178529914402478e-06,9.747771932190384e-07
2013-10-23 07:00:00,5.1337831371782e-07,1.596009093639893e-06,1.035516584421017e-06
2013-10-23 08:00:00,5.123839264580196e-07,1.0939425715131958e-06,1.1121809710764253e-06
2013-10-23 09:00:00,4.763329004160103e-07,1.3229984727182393e-06,1.1709348439186476e-06
2013-10-23 10:00:00,5.453451615185211e-07,1.5585446781039878e-06,1.1870150443322338e-06
2013-10-23 11:00:00,5.319521022817901e-07,1.6146728710064545e-06,1.1732909107017356e-06
2013-10-23 12:00:00,5.288896624876198e-07,1.4669474413294214e-06,1.1426398996794188e-06
2013-10-23 13:00:00,5.164657136332394e-07,1.2658103384807798e-06,1.0976075398849474e-06
2013-10-23 14:00:00,5.078615966440518e-07,1.1998494512851042e-06,1.0736898266212833e-06
2013-10-23 15:00:00,4.803732059046327e-07,1.3396629691107437e-06,9.203358879835557e-07
2013-10-23 16:00:00,4.2045315450162915e-07,1.6289566901897479e-06,8.650963492953701e-07
2013-10-23 17:00:00,4.157998671154592e-07,1.7162531929243902e-06,8.676260676216538e-07
2013-10-23 18:00:00,4.245233481040785e-07,1.8350703405745871e-06,8.821643647260031e-07
2013-10-23 19:00:00,4.4956389972482866e-07,2.3743296660607315e-06,9.023788589953598e-07
2013-10-23 20:00:00,4.615843315465752e-07,2.542452109726215e-06,9.259119528700704e-07
2013-10-23 21:00:00,4.6809616974030276e-07,2.674399179150109e-06,9.509945774562133e-07
2013-10-23 22:00:00,4.846656332788283e-07,2.7809759892874234e-06,9.45238526232364e-07
2013-10-23 23:00:00,5.123248968961785e-07,3.1207820749162832e-06,1.015666634195971e-06
2013-10-24 00:00:00,5.067905181161796e-07,3.578467528457936e-06,1.0474142852506722e-06
2013-10-24 01:00:00,5.22126790659594e-07,3.820684576279125e-06,1.0957193918187678e-06
2013-10-24 02:00:00,5.203361041892478e-07,3.942578899074118e-06,1.118964188078984e-06
2013-10-24 03:00:00,5.055436606601482e-07,2.871127043296324e-06,1.1286377145937854e-06
2013-10-24 04:00:00,4.939802953952645e-07,1.6518548203749942e-06,1.1290245939840743e-06
2013-10-24 05:00:00,4.862494342930939e-07,1.5218977557589087e-06,1.0999210080019683e-06
2013-10-24 06:00:00,5.043283456832163e-07,1.351784623696245e-06,1.1229901810671887e-06
2013-10-24 07:00:00,4.692624257553188e-07,1.4236659475895507e-06,9.716134420017354e-07
2013-10-24 08:00:00,4.628653466155051e-07,1.3230776540601515e-06,1.0243213477505113e-06
2013-10-24 09:00:00,4.312950886254936e-07,1.39409665377966e-06,7.594776345555381e-07
2013-10-24 10:00:00,4.3174516424763666e-07,1.1968229292925923e-06,7.825840530513902e-07
2013-10-24 11:00:00,4.2816329754203257e-07,1.174259691685285e-06,7.750147958973851e-07
2013-10-24 12:00:00,4.2530315556011524e-07,1.093444800218277e-06,7.657197610111477e-07
2013-10-24 13:00:00,4.6840201969221386e-07,1.1698068785761086e-06,8.673332785910586e-07
2013-10-24 14:00:00,5.120199575790947e-07,1.276952745056548e-06,1.0088015342262432e-06
2013-10-24 15:00:00,5.23930132831337e-07,1.1176318477268882e-06,1.96060988090206e-06
2013-10-24 16:00:00,6.603995764087823e-07,1.4616614691053222e-06,2.252657777563783e-06
2013-10-24 17:00:00,7.081944060501481e-07,1.430717523540103e-06,2.472365748174498e-06
2013-10-24 18:00:00,8.24138071524284e-07,1.3753898556556646e-06,2.7361835727385673e-06
2013-10-24 19:00:00,8.955039116769958e-07,1.3428787924606475e-06,3.1181250066850634e-06
2013-10-24 20:00:00,9.315669819860849e-07,1.909817188154309e-06,3.5658805778282315e-06
2013-10-24 21:00:00,9.285604810403105e-07,1.9650515034410987e-06,3.732961967177349e-06
2013-10-24 22:00:00,7.740039069450999e-07,1.3960443806281566e-06,3.3371928289007554e-06
2013-10-24 23:00:00,7.134442447097167e-07,1.3331575011690903e-06,3.123959646662588e-06
2013-10-25 00:00:00,6.431777345566372e-07,1.2739218515099631e-06,2.952309590320483e-06
2013-10-25 01:00:00,5.414041272776477e-07,1.2368231588488214e-06,2.708997510355326e-06
2013-10-25 02:00:00,4.443873874288779e-07,1.2606865986254391e-06,2.4833410845006977e-06
2013-10-25 03:00:00,4.380388983137862e-07,1.2269049607027797e-06,2.2421488947002513e-06
2013-10-25 04:00:00,4.2125221751673603e-07,1.1974741435112484e-06,1.8989050946651875e-06
2013-10-25 05:00:00,4.0735782537717044e-07,1.156645286671249e-06,1.6833126424302654e-06
2013-10-25 06:00:00,4.074994581548752e-07,1.1527298049439624e-06,1.4109081986880766e-06
2013-10-25 07:00:00,4.1072736475008165e-07,1.2132222690093922e-06,1.2075098965455324e-06
2013-10-25 08:00:00,4.082587205397458e-07,1.3526704465080103e-06,1.1058186069933537e-06
2013-10-25 09:00:00,4.0789004255102233e-07,1.1829904875059648e-06,9.496997360859187e-07
2013-10-25 10:00:00,4.2094290431180697e-07,1.2473776850328595e-06,9.687132593749009e-07
2013-10-25 11:00:00,4.108953104301039e-07,1.3199531240257566e-06,9.424943812093757e-07
2013-10-25 12:00:00,4.096320515842724e-07,1.3700834535083577e-06,9.609080048752787e-07
2013-10-25 13:00:00,4.017426681919172e-07,1.5093574027189973e-06,9.993890291506135e-07
2013-10-25 14:00:00,4.145460028061593e-07,1.3819908357059384e-06,9.902397492793383e-07
2013-10-25 15:00:00,4.256274804687151e-07,1.4400867125034604e-06,9.506350282863581e-07
2013-10-25 16:00:00,4.3850070281106266e-07,1.41810848646771e-06,1.0174756048153431e-06
2013-10-25 17:00:00,4.054808148172715e-07,1.599015890478437e-06,1.0322150455903524e-06
2013-10-25 18:00:00,4.017976404792966e-07,1.7503484614684583e-06,1.079325375265655e-06
2013-10-25 19:00:00,4.1117457193510077e-07,1.8611009051594307e-06,1.0750604904557024e-06
2013-10-25 20:00:00,4.1919806596590763e-07,1.9308993904287115e-06,1.1264096394624e-06
2013-10-25 21:00:00,4.2161184967608387e-07,1.9751789507718506e-06,1.1926445445308644e-06
2013-10-25 22:00:00,4.2783030208947206e-07,2.1852714661966587e-06,1.2995377587475622e-06
2013-10-25 23:00:00,4.275328628045015e-07,2.3269773541858413e-06,1.3306874434360758e-06
2013-10-26 00:00:00,4.336740325565733e-07,2.3999397595136853e-06,1.4255272841202692e-06
2013-10-26 01:00:00,4.376837538198243e-07,2.3868617539526152e-06,1.421437096298465e-06
2013-10-26 02:00:00,4.3464072239223523e-07,2.427884257578323e-06,1.3519907955230019e-06
2013-10-26 03:00:00,4.3529962651385366e-07,2.423293218648654e-06,1.3115986858142871e-06
2013-10-26 04:00:00,4.325651837733113e-07,2.3395891306299276e-06,1.2906582398264145e-06
2013-10-26 05:00:00,4.2390284612483024e-07,2.2394054385398045e-06,1.2526149792798492e-06
2013-10-26 06:00:00,4.165710915807888e-07,2.2781957205730417e-06,1.2280586850649101e-06
2013-10-26 07:00:00,5.069651571979822e-07,1.8341717334804356e-06,1.1212376272482765e-06
2013-10-26 08:00:00,6.005485661557956e-07,1.0894253443572528e-06,1.2639227147237775e-06
2013-10-26 09:00:00,5.535763666077953e-07,8.200711806839688e-07,1.1971533485241865e-06
2013-10-26 10:00:00,6.032651416108499e-07,8.662177804567881e-07,1.1908946992975202e-06
2013-10-26 11:00:00,5.827904396332032e-07,8.078484254214654e-07,1.1549402709560646e-06
2013-10-26 12:00:00,5.785824868200623e-07,9.402767755122861e-07,1.219990193677916e-06
2013-10-26 13:00:00,5.724136876766632e-07,1.2162844059143062e-06,1.298821087170974e-06
2013-10-26 14:00:00,6.154450254921842e-07,1.3637234965496228e-06,1.2409997827478038e-06
2013-10-26 15:00:00,5.29654495775767e-07,1.4885720562916835e-06,1.1991795715921832e-06
2013-10-26 16:00:00,4.148077202147845e-07,2.553772143940855e-06,1.2130861267860118e-06
2013-10-26 17:00:00,4.3279076160897535e-07,2.609855982642206e-06,1.1963690370435086e-06
2013-10-26 18:00:00,4.7063415482701847e-07,2.6602450266777462e-06,1.1604186207543768e-06
2013-10-26 19:00:00,4.804981914321609e-07,2.689890316478457e-06,1.2131840038750773e-06
2013-10-26 20:00:00,4.884496560472647e-07,2.73151649309955e-06,1.265114443388784e-06
2013-10-26 21:00:00,5.628285788184036e-07,2.5740621103276934e-06,1.2313311408660917e-06
2013-10-26 22:00:00,6.061252640279446e-07,2.315205638256914e-06,1.2457807147968256e-06
2013-10-26 23:00:00,6.155462470514976e-07,2.3422284087025066e-06,1.285981674389606e-06
2013-10-27 00:00:00,6.185208035783469e-07,2.3324176204685213e-06,1.346896993888372e-06
2013-10-27 01:00:00,6.35579061645779e-07,2.150574250256256e-06,1.3864792828545732e-06
2013-10-27 02:00:00,6.408080939446298e-07,2.1455221081819446e-06,1.3808466842451018e-06
2013-10-27 03:00:00,6.196272591779839e-07,2.124802918945473e-06,1.3615483263128162e-06
2013-10-27 04:00:00,6.011750715440443e-07,2.102312899667917e-06,1.3339350661908967e-06
2013-10-27 05:00:00,5.973692146914938e-07,2.074265178794232e-06,1.3210091076634674e-06
2013-10-27 06:00:00,5.921394398319731e-07,2.0506562410193624e-06,1.3192639334590217e-06
2013-10-27 07:00:00,6.026388452204937e-07,2.131155434638312e-06,1.3744787692309762e-06
2013-10-27 08:00:00,5.960755252488814e-07,2.1965935815989207e-06,1.4148115380599806e-06
2013-10-27 09:00:00,5.870367896093118e-07,2.0400840982371424e-06,1.2604721537551057e-06
2013-10-27 10:00:00,5.622627489537458e-07,1.3756409989764734e-06,1.1966769765013497e-06
2013-10-27 11:00:00,5.023385783838294e-07,1.0684292974960762e-06,1.2050502460122742e-06
2013-10-27 12:00:00,4.836783800718138e-07,1.0823172592396991e-06,1.316044696004272e-06
2013-10-27 13:00:00,5.283595932261317e-07,1.4210815884200703e-06,1.2870415801457358e-06
2013-10-27 14:00:00,5.613343106634591e-07,1.641754117002438e-06,1.218928763607382e-06
2013-10-27 15:00:00,5.749169644126361e-07,1.661050929659096e-06,1.1780941716161762e-06
2013-10-27 16:00:00,4.848946192208553e-07,2.0195807906171957e-06,1.1546574591846874e-06
2013-10-27 17:00:00,4.767711284962762e-07,2.01953148066671e-06,1.1515092736057444e-06
2013-10-27 18:00:00,4.952948208790883e-07,2.0201877013459472e-06,1.1630149944290047e-06
2013-10-27 19:00:00,5.269338349159697e-07,2.020685939748678e-06,1.1873973361416111e-06
2013-10-27 20:00:00,5.703061768751853e-07,2.0218780145018164e-06,1.2237117858593447e-06
2013-10-27 21:00:00,5.907893329240329e-07,2.024734015034383e-06,1.272953818771754e-06
2013-10-27 22:00:00,6.094328407718242e-07,2.0300586052745136e-06,1.3324015378740284e-06
2013-10-27 23:00:00,6.230315042788161e-07,2.044518463087455e-06,1.3680179197006768e-06
2013-10-28 00:00:00,6.245084586654747e-07,2.0577370157233555e-06,1.4031762785233045e-06
2013-10-28 01:00:00,6.271812327294615e-07,2.0739561476870634e-06,1.3870297226584712e-06
2013-10-28 02:00:00,6.077709178005382e-07,2.02234411042526e-06,1.2995311620372574e-06
2013-10-28 03:00:00,4.5982238192968203e-07,2.1487838734287765e-06,1.3373602111164597e-06
2013-10-28 04:00:00,4.483498953544415e-07,1.4396399032355503e-06,1.1920128444890681e-06
2013-10-28 05:00:00,4.547115892535117e-07,1.3496490300713781e-06,1.0875509333857172e-06
2013-10-28 06:00:00,4.861198111958984e-07,1.4053176033879275e-06,1.0273771518118865e-06
2013-10-28 07:00:00,5.011850252291016e-07,1.825127881944745e-06,9.49039735433794e-07
2013-10-28 08:00:00,5.051881808958944e-07,1.4676783878335802e-06,1.145738644613313e-06
2013-10-28 09:00:00,4.972251544402486e-07,1.688827045047912e-06,1.2092362824224724e-06
2013-10-28 10:00:00,5.288430877338793e-07,1.276616802547712e-06,1.2166032039806083e-06
2013-10-28 11:00:00,5.731222734186638e-07,1.1029495944453106e-06,1.2134416513184474e-06
2013-10-28 12:00:00,5.555616810428679e-07,1.1116285329490124e-06,1.2604055656933354e-06
2013-10-28 13:00:00,5.400411196151099e-07,1.3152338936143224e-06,1.3057074026780166e-06
2013-10-28 14:00:00,5.33043383660203e-07,1.4889708916870227e-06,1.1472828839100466e-06
2013-10-28 15:00:00,4.991097698641444e-07,1.4061691039020308e-06,1.0125870520455802e-06
2013-10-28 16:00:00,4.5569207919256584e-07,2.0222268689821545e-06,1.0040067276173985e-06
2013-10-28 17:00:00,4.610894393054276e-07,2.024512262358923e-06,1.0046718652146672e-06
2013-10-28 18:00:00,4.605882846699044e-07,2.0405192366845675e-06,1.036961666758396e-06
2013-10-28 19:00:00,4.849105603195223e-07,2.0745133771969355e-06,1.1035641563287262e-06
2013-10-28 20:00:00,5.065291260948851e-07,2.1064573625314397e-06,1.1638009127241237e-06
2013-10-28 21:00:00,5.261298626245235e-07,2.144298446892952e-06,1.2051585562489001e-06
2013-10-28 22:00:00,5.493544333120577e-07,2.227369874763224e-06,1.2139847726761823e-06
2013-10-28 23:00:00,5.70566696061614e-07,2.2261422459946915e-06,1.2484876658179401e-06
2013-10-29 00:00:00,5.585378444055692e-07,2.2997333627351093e-06,1.2291137704453972e-06
2013-10-29 01:00:00,5.60606336032981e-07,2.25813546243836e-06,1.2156695709579917e-06
2013-10-29 02:00:00,5.564008609669143e-07,2.2383674715002177e-06,1.1941433794474916e-06
2013-10-29 03:00:00,5.430096026563852e-07,2.1797871594159457e-06,1.134421352267967e-06
2013-10-29 04:00:00,5.082977907917001e-07,2.1264423842268753e-06,1.0080939465032784e-06
2013-10-29 05:00:00,4.1915940457739707e-07,2.1398001937405054e-06,9.64723608043834e-07
2013-10-29 06:00:00,4.2904367515562793e-07,2.039152214624161e-06,8.657173724214841e-07
2013-10-29 07:00:00,4.147521619657229e-07,1.54353821862799e-06,9.315408148555181e-07
2013-10-29 08:00:00,5.03680859149101e-07,1.2121797019817228e-06,9.91748499498125e-07
2013-10-29 09:00:00,4.899964162785638e-07,9.582726911334417e-07,1.011876292057539e-06
2013-10-29 10:00:00,4.7667768346239896e-07,9.803786656030783e-07,1.0088251440491221e-06
2013-10-29 11:00:00,4.825161931609208e-07,1.007100225757797e-06,1.00504435511785e-06
2013-10-29 12:00:00,4.908562875783375e-07,1.0711510154386238e-06,1.0032979754533712e-06
2013-10-29 13:00:00,4.7670129596825814e-07,1.1259222305602744e-06,9.9502634204847e-07
2013-10-29 14:00:00,4.492630728847346e-07,1.1649176564817173e-06,1.0055423823285867e-06
2013-10-29 15:00:00,3.7827848535621296e-07,1.555314304475601e-06,8.464647177182119e-07
2013-10-29 16:00:00,4.0794773482728986e-07,1.9539353580502987e-06,8.615023571066167e-07
2013-10-29 17:00:00,3.988535639946826e-07,1.4032927165404538e-06,9.048373385267089e-07
2013-10-29 18:00:00,3.9692625847293404e-07,1.3167040065701285e-06,9.469346289134171e-07
2013-10-29 19:00:00,4.12447126737281e-07,1.3455633500895173e-06,9.844794773934964e-07
2013-10-29 20:00:00,4.2189739457493103e-07,1.4633756275479581e-06,1.0050771049218131e-06
2013-10-29 21:00:00,4.2479556672706746e-07,1.7881701778174181e-06,1.0256680991477083e-06
2013-10-29 22:00:00,4.2555796100996637e-07,2.419945242341076e-06,1.058495538701866e-06
2013-10-29 23:00:00,4.3219635659750147e-07,1.4891180727964536e-06,1.061842555190013e-06
2013-10-30 00:00:00,4.3333255459944276e-07,1.3363418260023564e-06,1.0514225332761752e-06
2013-10-30 01:00:00,4.3380797430895214e-07,1.3435356685921367e-06,1.0810593460022165e-06
2013-10-30 02:00:00,4.33813814632361e-07,1.3708425778360713e-06,1.0772678974951627e-06
2013-10-30 03:00:00,4.27921020922472e-07,1.241189367892779e-06,1.0582180157097572e-06
2013-10-30 04:00:00,4.1855585439899567e-07,1.1522976543219967e-06,1.0509414148067083e-06
2013-10-30 05:00:00,3.952598707184799e-07,1.1051033337824964e-06,1.045459411000671e-06
2013-10-30 06:00:00,3.7512892731606454e-07,1.0977670411667114e-06,1.0248268828971487e-06
2013-10-30 07:00:00,3.9601067503532924e-07,1.0750468912943616e-06,9.06604626493007e-07
2013-10-30 08:00:00,3.4617078441520557e-07,9.041766469130092e-07,6.948156488073868e-07
2013-10-30 09:00:00,3.2092693037425186e-07,5.784660124630629e-07,6.566560690393018e-07
2013-10-30 10:00:00,3.275464505920593e-07,5.653147881868666e-07,6.554545798178029e-07
2013-10-30 11:00:00,3.395246158710041e-07,5.576170802444299e-07,6.742511767626654e-07
2013-10-30 12:00:00,3.5267837521461934e-07,5.5208713894673e-07,6.809314862453666e-07
2013-10-30 13:00:00,3.66145200503554e-07,5.572627560146249e-07,7.399178734825949e-07
2013-10-30 14:00:00,4.1282228919281424e-07,7.180276783913892e-07,9.467968510003895e-07
2013-10-30 15:00:00,3.9110661950614436e-07,1.3478648566431937e-06,1.3061979326753042e-06
2013-10-30 16:00:00,3.7812153886929104e-07,1.8101821860247457e-06,1.4327720279212918e-06
2013-10-30 17:00:00,3.771578598243699e-07,1.6450770038100301e-06,1.4543969751731523e-06
2013-10-30 18:00:00,3.7650226146489934e-07,1.6573547180133082e-06,1.4736245800383117e-06
2013-10-30 19:00:00,3.8019049490064506e-07,1.7299401292312099e-06,1.492181683977451e-06
2013-10-30 20:00:00,3.895376518498159e-07,1.7803162811657821e-06,1.4911396105703493e-06
2013-10-30 21:00:00,3.960557182593788e-07,2.0666771196535615e-06,1.4758798935227198e-06
2013-10-30 22:00:00,4.020287071930051e-07,1.9308081994929643e-06,1.4470062800482696e-06
2013-10-30 23:00:00,4.04127026692008e-07,2.215356692896684e-06,1.4956576328069926e-06
2013-10-31 00:00:00,4.032579020698749e-07,2.5380268079971403e-06,1.4467961279912916e-06
2013-10-31 01:00:00,4.0475981773330676e-07,2.4310829466054033e-06,1.436914249842929e-06
2013-10-31 02:00:00,4.090366399985819e-07,1.387127539815089e-06,1.4571361764865102e-06
2013-10-31 03:00:00,3.9797389660682055e-07,1.2449242529173903e-06,1.4245534952820334e-06
2013-10-31 04:00:00,3.9197767675995953e-07,1.209241612979507e-06,1.3773267152010148e-06
2013-10-31 05:00:00,3.889269808554533e-07,1.1887901018009731e-06,1.2819902180158277e-06
2013-10-31 06:00:00,3.9729774566820483e-07,1.1647251405601664e-06,1.2445175607299396e-06
2013-10-31 07:00:00,4.038120196107145e-07,1.0357836737011115e-06,1.0578240978825479e-06
2013-10-31 08:00:00,3.7254690218273446e-07,7.879032034817629e-07,7.151023909464658e-07
2013-10-31 09:00:00,3.590463140072846e-07,6.105567642645261e-07,7.103635725552314e-07
2013-10-31 10:00:00,3.6213187360451057e-07,5.404157961597181e-07,7.003151324821945e-07
2013-10-31 11:00:00,3.321002034341586e-07,4.872572900659145e-07,6.788825197764063e-07
2013-10-31 12:00:00,3.5494185397441127e-07,5.844340952935196e-07,7.041914623903795e-07
2013-10-31 13:00:00,3.617861141501172e-07,6.490722097394819e-07,7.976138616962018e-07
2013-10-31 14:00:00,3.7427877065349224e-07,7.602927548006069e-07,9.373265795178229e-07
2013-10-31 15:00:00,3.751181707205054e-07,1.5316459475501729e-06,1.1205508335271897e-06
2013-10-31 16:00:00,3.776248530596752e-07,1.6709907439661755e-06,1.1329013624231316e-06
2013-10-31 17:00:00,3.7531365316650683e-07,1.380802492704255e-06,1.0812490288608102e-06
2013-10-31 18:00:00,3.7055878411610835e-07,1.2658680867059705e-06,1.0336290135360457e-06
2013-10-31 19:00:00,3.69603966881953e-07,1.0178490824892701e-06,1.0237140059265627e-06
2013-10-31 20:00:00,3.714411526862779e-07,1.0145342087775654e-06,9.955438895710208e-07
2013-10-31 21:00:00,3.7817916195430733e-07,1.0312629700218243e-06,1.0012667046539596e-06
2013-10-31 22:00:00,3.878860196297226e-07,1.0408658466616537e-06,1.0279385332421725e-06
2013-10-31 23:00:00,3.9556064793356154e-07,1.0663124186185318e-06,1.0288088012380676e-06
2013-11-01 00:00:00,4.0640133615334045e-07,1.2685139610948968e-06,1.0553902796754561e-06
2013-11-01 01:00:00,4.1304914632414334e-07,2.0594742749391207e-06,1.0953297957536913e-06
2013-11-01 02:00:00,4.1453742552806737e-07,2.6062144210778722e-06,1.1605959590000117e-06
2013-11-01 03:00:00,4.116297294966447e-07,2.4556287857365976e-06,1.1767762563772953e-06
2013-11-01 04:00:00,4.1536512210610356e-07,2.249356708853136e-06,1.1773774964521613e-06
2013-11-01 05:00:00,4.149132514045875e-07,2.3793441548876534e-06,1.1325072092194274e-06
2013-11-01 06:00:00,4.132695933998213e-07,2.350326722062175e-06,1.1103176047449313e-06
2013-11-01 07:00:00,3.9815193749568875e-07,2.1941040248897904e-06,1.0431540937526837e-06
2013-11-01 08:00:00,3.7750505101331514e-07,1.7171744858273737e-06,9.366920690610807e-07
2013-11-01 09:00:00,3.785585954670667e-07,1.4334054500181638e-06,8.863882241775926e-07
2013-11-01 10:00:00,3.8786450295610046e-07,1.2066132332977254e-06,8.611017360297531e-07
2013-11-01 11:00:00,3.6398924330405357e-07,1.1992876370022659e-06,8.185212456355713e-07
2013-11-01 12:00:00,3.785327267717606e-07,1.0893437224001558e-06,8.289588670433848e-07
2013-11-01 13:00:00,4.4517499319841653e-07,1.1954454637990372e-06,9.138756665347231e-07
2013-11-01 14:00:00,6.164847540049426e-07,1.6997461841011425e-06,1.1988175465234481e-06
2013-11-01 15:00:00,6.769747642178319e-07,1.5445963261272934e-06,1.520652516214156e-06
2013-11-01 16:00:00,6.499392215275467e-07,1.4461817878668424e-06,1.7177263953564685e-06
2013-11-01 17:00:00,6.432876373989834e-07,1.4162166043161222e-06,1.7874567482080313e-06
2013-11-01 18:00:00,6.553160344723456e-07,1.4489076161076588e-06,1.7886045180165203e-06
2013-11-01 19:00:00,6.731237266692908e-07,1.5802007640995708e-06,1.8743832732928923e-06
2013-11-01 20:00:00,7.656761946072925e-07,2.072753796249023e-06,2.042526099722929e-06
2013-11-01 21:00:00,7.741437529462286e-07,2.223580577412369e-06,2.2027268627636946e-06
2013-11-01 22:00:00,7.853894912572032e-07,2.3329245250173448e-06,2.242607604400781e-06
2013-11-01 23:00:00,8.20553268261484e-07,2.3215234543417226e-06,2.2350225307864917e-06
2013-11-02 00:00:00,8.524320846067833e-07,2.6434775409542987e-06,2.2960137003625503e-06
2013-11-02 01:00:00,8.621863556810563e-07,2.636897956264945e-06,2.317455138172524e-06
2013-11-02 02:00:00,9.101904824991002e-07,2.4621010638794763e-06,2.3165758840755796e-06
2013-11-02 03:00:00,9.92993470877914e-07,2.145231049824599e-06,2.2048430156108115e-06
2013-11-02 04:00:00,1.1025466083029832e-06,2.0001744953496982e-06,2.0363534365681446e-06
2013-11-02 05:00:00,1.198873691628063e-06,1.7635842610561607e-06,1.9173082650143357e-06
2013-11-02 06:00:00,1.2769819827237417e-06,1.520086433507048e-06,1.9581093363748103e-06
2013-11-02 07:00:00,1.2168444382252832e-06,1.465237038144808e-06,1.7046971812671781e-06
2013-11-02 08:00:00,1.1228116501972968e-06,2.4205409987647198e-06,1.3866020071944673e-06
2013-11-02 09:00:00,1.2028254650452505e-06,2.3953050176171644e-06,1.3684368051408032e-06
2013-11-02 10:00:00,1.1058205610495173e-06,2.3678202800429343e-06,1.3965588406063414e-06
2013-11-02 11:00:00,1.0499247656536179e-06,1.15312486173473e-06,1.2406489822780515e-06
2013-11-02 12:00:00,9.40618374884061e-07,1.1952346648746786e-06,1.2787232281117886e-06
2013-11-02 13:00:00,8.078466564501851e-07,1.184584822907043e-06,1.2887957521758778e-06
2013-11-02 14:00:00,7.981482358488714e-07,1.1768040540058648e-06,1.3432064702194396e-06
2013-11-02 15:00:00,6.644976186356117e-07,1.1480309725678202e-06,1.4898607352257217e-06
2013-11-02 16:00:00,6.16140056732573e-07,1.1810358822178998e-06,1.521256415243957e-06
2013-11-02 17:00:00,5.646763257603715e-07,1.1094358104273148e-06,1.4575548562060572e-06
2013-11-02 18:00:00,4.6217297927459e-07,1.0333894269347655e-06,1.4308056723587455e-06
2013-11-02 19:00:00,3.9576928954174096e-07,1.0592359976333053e-06,1.4584125306969883e-06
2013-11-02 20:00:00,3.787505327528709e-07,1.2701823764443683e-06,1.4272471634586228e-06
2013-11-02 21:00:00,3.7273050237766065e-07,2.048350458846171e-06,1.379623469338885e-06
2013-11-02 22:00:00,3.7363513088523717e-07,1.6687141847186632e-06,1.1450589022392631e-06
2013-11-02 23:00:00,3.778596417924025e-07,1.809352281557152e-06,1.2075329165492103e-06
2013-11-03 00:00:00,3.785804114213598e-07,1.915566915527206e-06,1.1573661378148942e-06
2013-11-03 01:00:00,3.769287813019774e-07,1.8752781823728899e-06,1.0772425116095005e-06
2013-11-03 02:00:00,3.7656554401102644e-07,1.8635950583221822e-06,1.0987806545204072e-06
2013-11-03 03:00:00,3.760840930983107e-07,1.8582081648444643e-06,1.0516236967082286e-06
2013-11-03 04:00:00,3.7810943861206623e-07,1.885016090979991e-06,9.95197021588858e-07
2013-11-03 05:00:00,3.790611404536061e-07,1.870073153882899e-06,9.89605847636482e-07
2013-11-03 06:00:00,3.7923913735928564e-07,1.8798078261769896e-06,9.699361077683299e-07
2013-11-03 07:00:00,3.679782612732528e-07,1.6610284918675229e-06,9.413259871590601e-07
2013-11-03 08:00:00,3.848243522713029e-07,9.196359597028176e-07,1.0582000074614805e-06
2013-11-03 09:00:00,3.9812147512661737e-07,6.871412531870033e-07,1.0288820153530153e-06
2013-11-03 10:00:00,3.9329684013028233e-07,6.746656387251838e-07,1.036340110822031e-06
2013-11-03 11:00:00,3.696742997042224e-07,7.612605640636646e-07,1.0005274705356817e-06
2013-11-03 12:00:00,3.719980996789437e-07,8.367536947308072e-07,9.254961533834123e-07
2013-11-03 13:00:00,3.518666943691912e-07,9.252061951369044e-07,8.93089861062824e-07
2013-11-03 14:00:00,3.3832432418878336e-07,1.0130756571569698e-06,9.418941310158109e-07
2013-11-03 15:00:00,3.592005897977793e-07,1.2672252239560103e-06,9.830288862799657e-07
2013-11-03 16:00:00,3.706305181037302e-07,1.4373848881666142e-06,8.758635617492611e-07
2013-11-03 17:00:00,3.7201871391504144e-07,1.384547538418468e-06,8.536054237337919e-07
2013-11-03 18:00:00,3.7349839891250316e-07,1.099309386769302e-06,8.53278928009484e-07
2013-11-03 19:00:00,3.7621216608814106e-07,1.1045819402883085e-06,8.645561664338963e-07
2013-11-03 20:00:00,3.7781839245507567e-07,1.1468944223765016e-06,8.963133180242129e-07
2013-11-03 21:00:00,3.779461834627364e-07,1.2073784837069367e-06,8.889507244859662e-07
2013-11-03 22:00:00,3.7523107470349695e-07,1.2717829744287506e-06,9.230718878018401e-07
2013-11-03 23:00:00,3.8458221877505253e-07,1.3245212288409092e-06,9.257166539725366e-07
2013-11-04 00:00:00,4.17204441950402e-07,1.3478223543882376e-06,9.376122769665928e-07
2013-11-04 01:00:00,4.6779121846118065e-07,1.3567150847388164e-06,9.228944679246032e-07
2013-11-04 02:00:00,5.354136549114019e-07,1.256751016375308e-06,8.616505367227268e-07
2013-11-04 03:00:00,6.423526776798101e-07,1.0875082650212323e-06,8.446916534808546e-07
2013-11-04 04:00:00,7.714596463490066e-07,9.982222353498313e-07,8.164618326650743e-07
2013-11-04 05:00:00,7.505656402779116e-07,9.510388875265044e-07,7.730778425164717e-07
2013-11-04 06:00:00,7.019247212767181e-07,9.25327795764885e-07,7.447953032606831e-07
2013-11-04 07:00:00,6.89370173898505e-07,9.522146625772986e-07,7.130853272411585e-07
2013-11-04 08:00:00,5.995939508312534e-07,1.0578837289838933e-06,6.852943783142086e-07
2013-11-04 09:00:00,5.242261698299416e-07,7.6674951339903e-07,6.534295085217257e-07
2013-11-04 10:00:00,5.111253337628618e-07,7.750629327400824e-07,6.531449572929801e-07
2013-11-04 11:00:00,4.4532427273391737e-07,7.185946721378898e-07,6.43626060081617e-07
2013-11-04 12:00:00,4.4377617419763334e-07,7.205290504323023e-07,6.710430601709246e-07
2013-11-04 13:00:00,4.3444276294589644e-07,7.829621134184218e-07,7.195865477659841e-07
2013-11-04 14:00:00,4.1800647512521936e-07,1.1457131281724052e-06,8.361035441106816e-07
2013-11-04 15:00:00,5.141696000648785e-07,1.5389205578009126e-06,1.0866755560837959e-06
2013-11-04 16:00:00,5.012615678840165e-07,1.5525540738829803e-06,1.0846512426967116e-06
2013-11-04 17:00:00,5.008038874263351e-07,1.6458255452463e-06,1.1055944919598737e-06
2013-11-04 18:00:00,4.994233539887229e-07,1.6512199997477933e-06,1.1380431778818326e-06
2013-11-04 19:00:00,5.035366484201909e-07,1.6728153933322018e-06,1.144715442015436e-06
2013-11-04 20:00:00,5.147683007623394e-07,1.668702498969446e-06,1.1646038210438878e-06
2013-11-04 21:00:00,5.395152059504409e-07,1.6072273646460845e-06,1.2395076072517847e-06
2013-11-04 22:00:00,5.399641046123945e-07,1.5376557045385613e-06,1.299624007980005e-06
2013-11-04 23:00:00,5.494668036260415e-07,1.5461253779448586e-06,1.3212067917863855e-06
2013-11-05 00:00:00,5.596354196418317e-07,1.4729320310437356e-06,1.2992473199967551e-06
2013-11-05 01:00:00,5.701072504136758e-07,1.4360790496222582e-06,1.2958556165128927e-06
2013-11-05 02:00:00,5.869625732341624e-07,1.3971332007443974e-06,1.2931852245652693e-06
2013-11-05 03:00:00,5.678282178289495e-07,1.3243054084074884e-06,1.2784359050931618e-06
2013-11-05 04:00:00,5.660119921356788e-07,1.307628301208839e-06,1.3308372486901549e-06
2013-11-05 05:00:00,5.618166091647284e-07,1.3986665315183567e-06,1.374080187999341e-06
2013-11-05 06:00:00,5.562160918307927e-07,1.3524850831389424e-06,1.4372714413017507e-06
2013-11-05 07:00:00,5.494358787825194e-07,1.2733970464586872e-06,1.2370621060443392e-06
2013-11-05 08:00:00,5.144645955499621e-07,1.4252770614750233e-06,9.471513346311235e-07
2013-11-05 09:00:00,5.014437243815503e-07,1.4311909439653082e-06,8.911573036651005e-07
2013-11-05 10:00:00,5.413399990816015e-07,1.4582002705253188e-06,9.486847897475916e-07
2013-11-05 11:00:00,5.54494650888527e-07,1.2341527533528053e-06,9.418554492101789e-07
2013-11-05 12:00:00,5.549670474938814e-07,9.421430885593523e-07,1.0060506145945055e-06
2013-11-05 13:00:00,5.511436295459362e-07,9.712727024568227e-07,1.1020658257248345e-06
2013-11-05 14:00:00,5.485488727010377e-07,1.274233423731772e-06,1.3408873003893788e-06
2013-11-05 15:00:00,5.509040544129772e-07,1.3399997333810508e-06,1.4210863393996417e-06
2013-11-05 16:00:00,5.501831513590452e-07,1.417131429325941e-06,1.4386861703763786e-06
2013-11-05 17:00:00,5.683837314764849e-07,1.3919966592369422e-06,1.4023103660734767e-06
2013-11-05 18:00:00,5.980454800237731e-07,1.3054128993897587e-06,1.4220348391450573e-06
2013-11-05 19:00:00,6.413409363944706e-07,1.2210047236773872e-06,1.3639171741212812e-06
2013-11-05 20:00:00,6.577925679858118e-07,1.0360918073858893e-06,1.3512822630264503e-06
2013-11-05 21:00:00,5.918173724667369e-07,1.0414717222943685e-06,1.4375437392281258e-06
2013-11-05 22:00:00,5.225050105765593e-07,1.0516849991665156e-06,1.4359785762953133e-06
2013-11-05 23:00:00,4.790158596677572e-07,1.0737360699691085e-06,1.395167181543027e-06
2013-11-06 00:00:00,4.5728166259900277e-07,1.0910148726985815e-06,1.312867934747306e-06
2013-11-06 01:00:00,4.477801697067836e-07,1.087964530902907e-06,1.2187455239456671e-06
2013-11-06 02:00:00,4.4737167649763986e-07,1.1042678000653465e-06,1.115422890839076e-06
2013-11-06 03:00:00,4.5627568850591476e-07,1.1415997485131532e-06,1.0636369106403126e-06
2013-11-06 04:00:00,4.739745294379675e-07,1.1851862067959683e-06,1.1346328853836971e-06
2013-11-06 05:00:00,4.890074351915137e-07,1.3579839102663608e-06,1.109007595393282e-06
2013-11-06 06:00:00,5.201756756190773e-07,2.4415517218200255e-06,1.131529492895207e-06
2013-11-06 07:00:00,5.138900781845729e-07,2.263494012017318e-06,1.0746062290456423e-06
2013-11-06 08:00:00,5.047596920939268e-07,2.702034311417101e-06,1.191187949416175e-06
2013-11-06 09:00:00,5.099246905488439e-07,2.59298386595568e-06,1.1916873316958812e-06
2013-11-06 10:00:00,5.131705132108767e-07,1.9510505150069143e-06,1.0157702463238695e-06
2013-11-06 11:00:00,5.271132845276575e-07,2.0454940235257535e-06,1.0719398613634696e-06
2013-11-06 12:00:00,5.169694172930407e-07,2.4020405003326883e-06,1.224905776838894e-06
2013-11-06 13:00:00,5.312051773417414e-07,2.1180189617330426e-06,1.262542097138846e-06
2013-11-06 14:00:00,5.247043454878363e-07,1.9367659552658172e-06,1.330907337871358e-06
2013-11-06 15:00:00,5.57892596245332e-07,1.7727735784147601e-06,1.439951085636175e-06
2013-11-06 16:00:00,6.042515776452147e-07,1.5880691449246775e-06,1.54306993692676e-06
2013-11-06 17:00:00,6.282351293902723e-07,1.4606920569627862e-06,1.5226065740710993e-06
2013-11-06 18:00:00,6.204325252963621e-07,1.584332108170291e-06,1.5097778670926235e-06
2013-11-06 19:00:00,5.692238342763002e-07,2.1613186452189666e-06,1.468103350695351e-06
2013-11-06 20:00:00,5.42410176865607e-07,2.566214594212802e-06,1.4824683328484755e-06
2013-11-06 21:00:00,6.371822056016968e-07,2.34373077150489e-06,1.4327614697785403e-06
2013-11-06 22:00:00,6.695656916345867e-07,2.4921715175369786e-06,1.5137480737432998e-06
2013-11-06 23:00:00,6.930488114515236e-07,1.755593874718672e-06,1.4573730243606791e-06
2013-11-07 00:00:00,6.472061151290151e-07,1.7532294752151918e-06,1.372937979340271e-06
2013-11-07 01:00:00,5.832279932721844e-07,1.7523962132751738e-06,1.2395384766459884e-06
2013-11-07 02:00:00,5.585920284126462e-07,1.7539626378606869e-06,1.1851949057758904e-06
2013-11-07 03:00:00,5.228397060142199e-07,1.755347527703652e-06,1.1107358537903338e-06
2013-11-07 04:00:00,4.752576570263741e-07,1.7581998674470945e-06,1.0533025527219544e-06
2013-11-07 05:00:00,4.7504800930380556e-07,1.773389368039282e-06,1.023349990159845e-06
2013-11-07 06:00:00,5.27947336000331e-07,1.9525174219809166e-06,1.0425721865019071e-06
2013-11-07 07:00:00,5.952516626113194e-07,2.150758194105455e-06,9.459984669628079e-07
2013-11-07 08:00:00,6.011684572117589e-07,1.84971987565806e-06,7.662526817502816e-07
2013-11-07 09:00:00,6.10373193165907e-07,1.8802643421099862e-06,7.030922932054455e-07
2013-11-07 10:00:00,5.656080563211833e-07,1.8042325732250754e-06,7.777089371249031e-07
2013-11-07 11:00:00,5.578062680413796e-07,1.145160659506195e-06,7.887436559895165e-07
2013-11-07 12:00:00,5.608889709919907e-07,9.950888541212926e-07,8.374276969067668e-07
2013-11-07 13:00:00,5.876574284533683e-07,1.0419576748173124e-06,1.0766189917643273e-06
2013-11-07 14:00:00,6.259555451982812e-07,2.1720687160777944e-06,1.3887525137189992e-06
2013-11-07 15:00:00,6.601129220299724e-07,3.7336596468106443e-06,1.779301899623246e-06
2013-11-07 16:00:00,7.203933212153606e-07,2.7681148974471736e-06,1.9612386713820192e-06
2013-11-07 17:00:00,7.230531071444371e-07,2.456432207009345e-06,2.0520940172971434e-06
2013-11-07 18:00:00,7.182704603623082e-07,2.6051060897625154e-06,2.109951860605606e-06
2013-11-07 19:00:00,7.136672777148563e-07,2.4548915220094046e-06,2.14692513146715e-06
2013-11-07 20:00:00,7.132850630190784e-07,2.849816778673058e-06,2.211183227039541e-06
2013-11-07 21:00:00,7.13748393768263e-07,2.9282316485433575e-06,2.2396056992521568e-06
2013-11-07 22:00:00,7.374029152241225e-07,2.8931946782291945e-06,2.2067821816515117e-06
2013-11-07 23:00:00,7.54579752977725e-07,3.574210876477242e-06,2.215634398769795e-06
2013-11-08 00:00:00,7.136174253483118e-07,3.1824817828916777e-06,2.3067302082096468e-06
2013-11-08 01:00:00,7.271513185451501e-07,4.270891897618232e-06,2.3486053240814165e-06
2013-11-08 02:00:00,7.125056473581858e-07,3.97139926937551e-06,2.3598823072511202e-06
2013-11-08 03:00:00,6.874889252789476e-07,3.587457039110677e-06,2.4712066899401818e-06
2013-11-08 04:00:00,6.428823589850971e-07,2.346317608460444e-06,2.6929129974518524e-06
2013-11-08 05:00:00,6.224513046179808e-07,2.452659513330893e-06,2.8973883712112444e-06
2013-11-08 06:00:00,6.027485834703474e-07,2.3395067544109566e-06,2.9539867828225216e-06
2013-11-08 07:00:00,5.917070696713826e-07,2.071048111482195e-06,2.5397557909880865e-06
2013-11-08 08:00:00,5.726028669283033e-07,2.3668250379361036e-06,1.8488947727927056e-06
2013-11-08 09:00:00,5.354444205382167e-07,1.8523430937727469e-06,1.7576864358198516e-06
2013-11-08 10:00:00,5.115113279316693e-07,1.665496809943968e-06,1.7780779774398162e-06
2013-11-08 11:00:00,4.928840943668459e-07,1.7160005435180878e-06,1.8720094942808183e-06
2013-11-08 12:00:00,5.675684931276587e-07,2.384532239135858e-06,1.9114778757441783e-06
2013-11-08 13:00:00,6.091999962512556e-07,3.0402993433793477e-06,2.230937095570525e-06
2013-11-08 14:00:00,5.797872108090532e-07,3.0572109914534255e-06,2.7872925081804336e-06
2013-11-08 15:00:00,6.434416161165695e-07,2.8579957012703695e-06,3.1782783277508684e-06
2013-11-08 16:00:00,7.065608238426843e-07,2.73440372347425e-06,2.9632999658708755e-06
2013-11-08 17:00:00,7.56683364545174e-07,2.7245880568013885e-06,2.813693702385123e-06
2013-11-08 18:00:00,8.021488312323324e-07,2.8556754617002657e-06,2.496181969599461e-06
2013-11-08 19:00:00,8.169379044994766e-07,3.023104724543717e-06,2.427216894855198e-06
2013-11-08 20:00:00,8.055478180650565e-07,2.9227578332447807e-06,2.1798597852897867e-06
2013-11-08 21:00:00,7.740816940512654e-07,2.683693621162332e-06,1.9918467288565013e-06
2013-11-08 22:00:00,7.498773304352781e-07,2.987959679007577e-06,2.148403380732403e-06
2013-11-08 23:00:00,8.222426504295794e-07,2.6256560296747627e-06,1.7999032660481436e-06
2013-11-09 00:00:00,8.361684252925483e-07,1.8334073457964193e-06,1.5205119101885124e-06
2013-11-09 01:00:00,6.682116343630659e-07,1.8515385327712478e-06,1.2912185591683983e-06
2013-11-09 02:00:00,5.548867362606607e-07,1.9061991080187353e-06,1.1255314344209186e-06
2013-11-09 03:00:00,4.775331472627443e-07,1.9592622934418263e-06,9.506658804775877e-07
2013-11-09 04:00:00,4.4964420015225664e-07,2.02253801245288e-06,8.801800306623258e-07
2013-11-09 05:00:00,4.424550168020435e-07,2.0897925039116085e-06,8.478439022378904e-07
2013-11-09 06:00:00,4.4928185893840337e-07,2.1282107545704335e-06,8.364911169222978e-07
2013-11-09 07:00:00,4.526664699325105e-07,2.1203624098772606e-06,7.760404379121101e-07
2013-11-09 08:00:00,3.1485904077380855e-07,9.290947072944571e-07,6.078439336758864e-07
2013-11-09 09:00:00,3.1481967004727246e-07,7.605680256575397e-07,5.910859263414162e-07
2013-11-09 10:00:00,3.2379715294804583e-07,7.115888840111793e-07,6.093057951271091e-07
2013-11-09 11:00:00,3.218186918439338e-07,7.416648282147206e-07,6.090087221371099e-07
2013-11-09 12:00:00,3.3426759064666437e-07,8.640093547718904e-07,6.133488334991334e-07
2013-11-09 13:00:00,3.3530798227022626e-07,1.0308972002469647e-06,6.163168984989923e-07
2013-11-09 14:00:00,4.1242983949382057e-07,1.5686235662991414e-06,7.788938037964124e-07
2013-11-09 15:00:00,4.86480844018071e-07,2.087995431413869e-06,1.147847661925756e-06
2013-11-09 16:00:00,5.298896092187131e-07,2.131069341133297e-06,1.2235157373572707e-06
2013-11-09 17:00:00,6.072415870181272e-07,1.949598628825814e-06,1.2352536608842737e-06
2013-11-09 18:00:00,6.915941767819437e-07,1.950021065598086e-06,1.2239768222629534e-06
2013-11-09 19:00:00,7.344529117383389e-07,1.935612627527177e-06,1.2129966033941337e-06
2013-11-09 20:00:00,7.312183361374346e-07,2.1870471957111284e-06,1.2914188566477505e-06
2013-11-09 21:00:00,7.784562379659119e-07,2.102675623354027e-06,1.3189149853285603e-06
2013-11-09 22:00:00,8.590701394241252e-07,2.311012865173692e-06,1.3482416296334366e-06
2013-11-09 23:00:00,9.171501430256365e-07,2.3135267945349013e-06,1.4057297164755228e-06
2013-11-10 00:00:00,9.002097433722134e-07,3.2591624915690863e-06,1.4446703436426037e-06
2013-11-10 01:00:00,8.752227997872128e-07,6.605405493292585e-06,1.5123411097589534e-06
2013-11-10 02:00:00,8.076090014019029e-07,6.928826349871842e-06,1.695760611597859e-06
2013-11-10 03:00:00,7.38994770466717e-07,3.7783357079598873e-06,1.8742616294017647e-06
2013-11-10 04:00:00,7.652085014187118e-07,2.453631937624368e-06,1.9977739356924864e-06
2013-11-10 05:00:00,7.248569030051963e-07,2.413838271813567e-06,2.318955914850551e-06
2013-11-10 06:00:00,7.156538297429032e-07,2.522950996549858e-06,2.393653972440989e-06
2013-11-10 07:00:00,6.611754824620603e-07,2.332918138513192e-06,2.505252112031844e-06
2013-11-10 08:00:00,6.134113771944317e-07,1.5769143299938552e-06,1.9962810879259887e-06
2013-11-10 09:00:00,5.155549977646225e-07,8.662591312676849e-07,1.7320958593007734e-06
2013-11-10 10:00:00,4.628074215133944e-07,7.772336974723699e-07,1.7033595190443236e-06
2013-11-10 11:00:00,4.398532447458374e-07,7.616347288271504e-07,1.6488935248043694e-06
2013-11-10 12:00:00,4.449782347485863e-07,8.253233064000862e-07,1.6292342672931705e-06
2013-11-10 13:00:00,4.608255846906309e-07,1.1487614383875796e-06,1.4972485117569634e-06
2013-11-10 14:00:00,4.829030581295168e-07,1.3430139390224254e-06,1.3744378680854212e-06
2013-11-10 15:00:00,5.394999187109251e-07,2.497708448436286e-06,1.5287484981279166e-06
2013-11-10 16:00:00,5.567183804386871e-07,2.630162760183549e-06,1.5297445847068942e-06
2013-11-10 17:00:00,5.594289877673468e-07,2.4322057455582055e-06,1.540754715457653e-06
2013-11-10 18:00:00,5.688690389313991e-07,2.438973113980005e-06,1.5295868767639214e-06
2013-11-10 19:00:00,5.893512849151864e-07,2.4368392941047167e-06,1.5360720196988704e-06
2013-11-10 20:00:00,6.923755176692142e-07,2.7859110898591377e-06,1.523432950677002e-06
2013-11-10 21:00:00,9.174492310776388e-07,2.290310752712318e-06,1.5720712796265283e-06
2013-11-10 22:00:00,1.1492519209912365e-06,2.271524601318779e-06,1.6399887754035022e-06
2013-11-10 23:00:00,1.2397347149875586e-06,2.4782669188643723e-06,1.7920711569709936e-06
2013-11-11 00:00:00,1.2495930583910225e-06,2.508382466190992e-06,1.8378442369081144e-06
2013-11-11 01:00:00,1.2625196473633142e-06,2.4356972100439175e-06,2.030404377128313e-06
2013-11-11 02:00:00,1.2752940755795576e-06,2.5249903751455663e-06,2.465617850332874e-06
2013-11-11 03:00:00,1.1459148915284237e-06,1.86368762266871e-06,2.288960201311504e-06
2013-11-11 04:00:00,1.000669053553269e-06,1.5245868839291752e-06,2.6577269022011677e-06
2013-11-11 05:00:00,8.505241470405961e-07,1.4450970759137734e-06,3.0662964703814773e-06
2013-11-11 06:00:00,7.626874228797538e-07,1.4867706724452253e-06,3.0293574482870484e-06
2013-11-11 07:00:00,7.635452444179431e-07,1.4825533487769975e-06,2.643246418681799e-06
2013-11-11 08:00:00,5.569711725898629e-07,9.831095718598232e-07,1.7363138019946756e-06
2013-11-11 09:00:00,4.813867235651028e-07,7.605675840812581e-07,1.5501549412063827e-06
2013-11-11 10:00:00,4.737582604829717e-07,7.028052829175518e-07,1.4058186703049688e-06
2013-11-11 11:00:00,4.897300295897434e-07,6.711635700041358e-07,1.3833204330382027e-06
2013-11-11 12:00:00,5.000221757505818e-07,7.351922485276291e-07,1.400201044625997e-06
2013-11-11 13:00:00,5.393010698736961e-07,8.461138117198697e-07,1.567772997973777e-06
2013-11-11 14:00:00,5.563312291051371e-07,1.6967704265223213e-06,1.6956368760504208e-06
2013-11-11 15:00:00,5.592532035234074e-07,1.601997307167198e-06,1.6878508183069009e-06
2013-11-11 16:00:00,5.325814218129896e-07,1.8052861319743014e-06,1.7122724541234035e-06
2013-11-11 17:00:00,5.038233522056995e-07,1.7266123997667297e-06,1.6273711276142715e-06
2013-11-11 18:00:00,4.7399285728741015e-07,1.7522518173796143e-06,1.5760969962063929e-06
2013-11-11 19:00:00,4.561076377138594e-07,2.1694134581471112e-06,1.531657942227736e-06
2013-11-11 20:00:00,4.487904179993842e-07,2.427690573144151e-06,1.5487768084008927e-06
2013-11-11 21:00:00,4.469979204786088e-07,2.799077215869803e-06,1.4828745732137318e-06
2013-11-11 22:00:00,4.475669685773776e-07,3.2265006873322495e-06,1.384818166076674e-06
2013-11-11 23:00:00,4.5247370517668045e-07,3.594198415872876e-06,1.3827591470968744e-06
2013-11-12 00:00:00,4.537732070877915e-07,3.980907654532741e-06,1.3792626882267813e-06
2013-11-12 01:00:00,4.628225460301632e-07,4.066649469934264e-06,1.366907058500388e-06
2013-11-12 02:00:00,4.978424447650449e-07,3.916003691248046e-06,1.3889574352648204e-06
2013-11-12 03:00:00,5.34149860075765e-07,3.416517451849657e-06,1.38267107100792e-06
2013-11-12 04:00:00,5.815857558972696e-07,2.105425666509643e-06,1.4010766067539102e-06
2013-11-12 05:00:00,6.595946769661249e-07,1.7676913381601163e-06,1.4175432996123282e-06
2013-11-12 06:00:00,7.112400236744535e-07,1.9269625730564315e-06,1.4327717920770468e-06
2013-11-12 07:00:00,7.791149859142336e-07,1.8733518642946656e-06,1.3061565655273053e-06
2013-11-12 08:00:00,7.493917587561719e-07,2.1812391012670896e-06,1.0334876231414043e-06
2013-11-12 09:00:00,7.766336356913571e-07,2.385843473950257e-06,1.0110272351424425e-06
2013-11-12 10:00:00,1.0411996735890348e-06,1.534529618871042e-06,1.1634781193351058e-06
2013-11-12 11:00:00,9.927929963116273e-07,1.5278253384207592e-06,1.225458365102586e-06
2013-11-12 12:00:00,9.063110557206155e-07,1.6350518070224633e-06,1.226589303891689e-06
2013-11-12 13:00:00,8.715190479314444e-07,1.9917691512797345e-06,1.3749480089547423e-06
2013-11-12 14:00:00,8.405371780232112e-07,1.5998729866594727e-06,1.6347030416835055e-06
2013-11-12 15:00:00,8.282816131362573e-07,1.4776463826378774e-06,1.7022380179424639
2013-11-12 16:00:00,7.990456965968832e-07,1.445367944326688e-06,3.18832324566516
2013-11-12 17:00:00,7.626157710131887e-07,1.4498783268906802e-06,4.348526270503636
2013-11-12 18:00:00,7.103832869387606e-07,1.4874870444382398e-06,2.5694103580300918
2013-11-12 19:00:00,6.581819103647292e-07,1.7401747711658418e-06,0.7732416995397866
2013-11-12 20:00:00,6.393303744702158e-07,1.8710790205958933e-06,0.5096818761792286
2013-11-12 21:00:00,6.254421502203727e-07,1.945989417947081e-06,0.0758158872209114
2013-11-12 22:00:00,6.199307409113774e-07,1.889304399075165e-06,2.230769376256969e-06
2013-11-12 23:00:00,6.466584478793469e-07,1.8795860430624465e-06,2.1845877200691257e-06
2013-11-13 00:00:00,6.618516888654638e-07,1.9027400329067898e-06,2.170907186978337e-06
2013-11-13 01:00:00,6.585003863012288e-07,1.969871459004883e-06,2.1764336529199304e-06
2013-11-13 02:00:00,6.416821983807996e-07,2.047895142513504e-06,2.109041328752011e-06
2013-11-13 03:00:00,6.699898578564447e-07,2.1291317715358845e-06,0.0339424667726859
2013-11-13 04:00:00,7.478712544051836e-07,1.9689924088339235e-06,0.385218554202424
2013-11-13 05:00:00,7.668734693485711e-07,1.7333320340157035e-06,0.527578314883353
2013-11-13 06:00:00,7.898629911500065e-07,1.6377612168482094e-06,0.6036652397023604
2013-11-13 07:00:00,8.350873375620801e-07,1.7244876270762102e-06,0.23892123051411768
2013-11-13 08:00:00,6.205682043916121e-07,1.7030579987437362e-06,0.14487287390028258
2013-11-13 09:00:00,6.044377045411961e-07,9.969740138726972e-07,0.13457001471589405
2013-11-13 10:00:00,6.350413168529563e-07,8.470093657165674e-07,0.11902836925165004
2013-11-13 11:00:00,6.366270686492991e-07,8.011023950146617e-07,0.08800271568662833
2013-11-13 12:00:00,6.46602249094543e-07,9.164626880885919e-07,0.06159570091944011
2013-11-13 13:00:00,7.026590766761343e-07,1.105819734406324e-06,0.05753766893753933
2013-11-13 14:00:00,8.355479377265541e-07,1.3373107889766758e-06,0.07845574869104767
2013-11-13 15:00:00,9.972525438571834e-07,2.1848122978575297e-06,0.13728055652714735
2013-11-13 16:00:00,9.084090376298577e-07,1.9330596480448507e-06,0.2508927302435986
2013-11-13 17:00:00,8.308595482090843e-07,1.856452938458622e-06,1.3176643234197785
2013-11-13 18:00:00,7.512673135548228e-07,1.879574916690943e-06,1.8504667026736297
2013-11-13 19:00:00,7.707462658451328e-07,1.974875085774013e-06,1.3577811509203261
2013-11-13 20:00:00,7.248865693201517e-07,2.1216266557002557e-06,0.12707562972281436
2013-11-13 21:00:00,6.633849841175013e-07,2.218842782523989e-06,3.2440328004259137e-06
2013-11-13 22:00:00,6.432447169438453e-07,2.4465655516722203e-06,3.2958534799059724e-06
2013-11-13 23:00:00,6.166261664606761e-07,2.887987207375257e-06,3.4132136428163758e-06
2013-11-14 00:00:00,5.878646510033052e-07,2.9296278617579353e-06,3.33558831637757e-06
2013-11-14 01:00:00,5.668116675048022e-07,2.7917797622703007e-06,3.211031141450808e-06
2013-11-14 02:00:00,5.500212874701065e-07,2.713165615297471e-06,3.054905156399391e-06
2013-11-14 03:00:00,5.207399110576894e-07,2.5652364832566704e-06,2.0385442830375418
2013-11-14 04:00:00,5.616048629542106e-07,2.6464012049604052e-06,19.002265377730833
2013-11-14 05:00:00,5.607694457797221e-07,2.223025559073597e-06,22.660366635842514
2013-11-14 06:00:00,5.574801956497475e-07,2.2427110756061234e-06,19.79289956838959
2013-11-14 07:00:00,5.097536058703767e-07,2.3535130478402715e-06,15.816983996402888
2013-11-14 08:00:00,4.957987858862687e-07,2.1996416585617465e-06,4.433534810172669
2013-11-14 09:00:00,5.115784125306914e-07,2.0817216511920145e-06,3.173571278584076
2013-11-14 10:00:00,5.722950623083902e-07,1.8158184586506232e-06,2.070130628345597
2013-11-14 11:00:00,6.211957302110794e-07,1.8382619718194445e-06,1.4197293806247946
2013-11-14 12:00:00,6.377907577385601e-07,1.6786983899242024e-06,0.95378546454373
2013-11-14 13:00:00,6.263251081661854e-07,1.6147440860254252e-06,2.2048859669920198
2013-11-14 14:00:00,6.210140086103622e-07,1.8425139393874301e-06,18.717829739796773
2013-11-14 15:00:00,6.365165972239759e-07,2.1578298244624615e-06,37.49106128699021
2013-11-14 16:00:00,6.32347108750544e-07,2.264272041063945e-06,46.8060216365028
2013-11-14 17:00:00,6.162676990484276e-07,2.2844773800169216e-06,59.80335142258215
2013-11-14 18:00:00,6.063897480547762e-07,2.343315953471839e-06,64.84323807129176
2013-11-14 19:00:00,6.038216443647374e-07,2.3328337288037147e-06,60.05412559829471
2013-11-14 20:00:00,6.074996425747917e-07,2.301648859930888e-06,41.29576652630118
2013-11-14 21:00:00,5.840007965681502e-07,2.2270624672741136e-06,27.607093064539434
2013-11-14 22:00:00,6.158111568237973e-07,2.2349955985489588e-06,22.629353675315816
2013-11-14 23:00:00,6.305288576304635e-07,2.216710854836939e-06,21.615540912835176
2013-11-15 00:00:00,7.017636748698374e-07,2.19150877187141e-06,23.337945243241208
2013-11-15 01:00:00,7.734942867488514e-07,2.1960976127600527e-06,43.06093491374248
2013-11-15 02:00:00,7.605230342740535e-07,2.271967142268796e-06,28.59173112864108
2013-11-15 03:00:00,7.381880993969247e-07,2.4311454422436353e-06,51.91961855712909
2013-11-15 04:00:00,7.586303820434504e-07,3.2223778747118455e-06,97.6383594559792
2013-11-15 05:00:00,9.271039698381523e-07,3.174607919969817e-06,127.47097320192785
2013-11-15 06:00:00,9.009319088266128e-07,3.2511004253617274e-06,91.23345089015025
2013-11-15 07:00:00,7.749612352632071e-07,2.5109434355637166e-06,83.40781341187298
2013-11-15 08:00:00,6.23775874416197e-07,1.3922981459131588e-06,49.50692269437586
2013-11-15 09:00:00,6.438187377739961e-07,1.2448181794983054e-06,23.421970669370467
2013-11-15 10:00:00,6.78499382841999e-07,1.1627432626636318e-06,13.873500404632352
2013-11-15 11:00:00,7.257471350940125e-07,1.0972571988383532e-06,8.234368292826424
2013-11-15 12:00:00,7.957387477703443e-07,1.0584325146394642e-06,5.2909629141874355
2013-11-15 13:00:00,1.2988974900156186e-06,1.0755561264670669e-06,15.78765638241616
2013-11-15 14:00:00,2.1393835880884306e-06,1.2751794570436444e-06,32.013896156752594
2013-11-15 15:00:00,1.9562031894594066e-06,3.277536525537278e-06,40.48860699433612
2013-11-15 16:00:00,1.8979434002621154e-06,4.922292636460222e-06,50.59385591151361
2013-11-15 17:00:00,1.923840042207261e-06,5.208409738534941e-06,56.32718507198378
2013-11-15 18:00:00,1.969560456181324e-06,5.610248686283643e-06,56.8466730877676
2013-11-15 19:00:00,2.0410352639292127e-06,6.121114504719855e-06,54.27651826990195
2013-11-15 20:00:00,2.187714427369546e-06,6.511727499376558e-06,38.621342381452386
2013-11-15 21:00:00,2.3718746254434686e-06,6.804724238107129e-06,25.16466618402221
2013-11-15 22:00:00,2.2895795744661988e-06,6.931721103978628e-06,0.2484650565015664
2013-11-15 23:00:00,1.9847085726377197e-06,6.246987394964404e-06,0.23060313706423063
2013-11-16 00:00:00,1.8863264322623649e-06,6.4527133811953e-06,0.2230557365801282
2013-11-16 01:00:00,1.8320739394546142e-06,6.5324914064289435e-06,0.21857175343866744
2013-11-16 02:00:00,1.7421810964861582e-06,7.236284989579771e-06,0.2261381790824209
2013-11-16 03:00:00,1.6585331321736153e-06,50.66530567435659,10.100361526171225
2013-11-16 04:00:00,0.00013372879837075192,126.36890158347845,60.171917985601645
2013-11-16 05:00:00,0.00013455289861452786,143.56690221902184,73.91162193297706
2013-11-16 06:00:00,0.00012662077678872457,129.03155904484552,62.85611085684013
2013-11-16 07:00:00,0.00012164818870248858,117.78533344051867,51.5874382823752
2013-11-16 08:00:00,0.00010845663985667474,75.99840803430563,33.554338634570115
2013-11-16 09:00:00,0.00010594890414557324,61.54296638800275,21.370976196653757
2013-11-16 10:00:00,1.2820572091656115e-06,42.21537234974736,13.423554038798013
2013-11-16 11:00:00,1.2825235692014275e-06,29.438881205011636,7.983551115542322
2013-11-16 12:00:00,1.3135391254727225e-06,22.69292612058452,5.880392466070792
2013-11-16 13:00:00,1.313603596831953e-06,22.402097483671845,5.402694857297557
2013-11-16 14:00:00,1.3398611223277313e-06,29.406679058424523,7.235520961965948
2013-11-16 15:00:00,1.4126869029468799e-06,50.04410149070457,16.407105650222107
2013-11-16 16:00:00,1.394738539541449e-06,60.36671430671804,26.356997627432815
2013-11-16 17:00:00,0.00011178517231422791,127.79677666469956,33.06301536441047
2013-11-16 18:00:00,0.00011378142151786495,125.93034362492915,38.13067928691218
2013-11-16 19:00:00,0.00011702188418874226,77.0598666989279,37.00821220757069
2013-11-16 20:00:00,1.5701752545304277e-06,48.521175899383614,19.45144028173405
2013-11-16 21:00:00,1.7438033687418413e-06,21.270258980799873,0.24013345226256597
2013-11-16 22:00:00,1.864385391254713e-06,0.0007393510890996781,0.24376466590573895
2013-11-16 23:00:00,4.645298573523871e-06,0.0007843172759615234,0.24962299479460592
2013-11-17 00:00:00,4.8100928442876285e-06,0.0008589540523425364,0.2556324844295657
2013-11-17 01:00:00,0.00019086806315650302,82.37595696081091,0.2748057966408839
2013-11-17 02:00:00,0.00023679687019012536,421.41803861339537,12.67615058969245
2013-11-17 03:00:00,0.0002686831808940585,449.12065617826005,101.3412186949301
2013-11-17 04:00:00,0.00028599443531516524,447.8417188323336,149.89357670795732
2013-11-17 05:00:00,0.00030736472921352785,446.14961822978483,164.92006788075344
2013-11-17 06:00:00,0.00032519576234042014,443.13332142867813,184.55745983265308
2013-11-17 07:00:00,0.00030418705949200565,436.1098209626838,182.0996493347449
2013-11-17 08:00:00,0.0003356112401993588,325.7553647220146,129.64425552201538
2013-11-17 09:00:00,0.00032340534629093904,208.6468216905074,136.66797131997623
2013-11-17 10:00:00,0.0002943709575314563,115.84061572113346,135.75171509076236
2013-11-17 11:00:00,0.0002125693269189912,0.0009632677426176902,97.05957509344759
2013-11-17 12:00:00,0.0002136070582329695,0.0008579165534211762,76.91371460276902
2013-11-17 13:00:00,0.00021022837513229138,0.0007943914602377513,17.59938098262448
2013-11-17 14:00:00,0.000205642653155805,0.000728472989481314,59.19973541937685
2013-11-17 15:00:00,0.00019475724053214216,2.1080320713745944,179.75875119252782
2013-11-17 16:00:00,0.00018944540037663693,12.503893358673231,233.14026465342775
2013-11-17 17:00:00,0.00018873787298627197,19.692632491473887,229.40784927876524
2013-11-17 18:00:00,0.00019229330893417274,109.07544925660018,219.14222532133567
2013-11-17 19:00:00,0.00019083422835118694,406.61572441013647,208.13030917741125
2013-11-17 20:00:00,0.00020481239469431956,440.9676959389162,235.81046810413073
2013-11-17 21:00:00,0.0002844053794315881,441.4350520566043,199.76627556433905
2013-11-17 22:00:00,0.00025212008869593015,444.87836594244686,144.6027492570526
2013-11-17 23:00:00,0.00023893039745944152,408.99698125855696,85.60655233764021
2013-11-18 00:00:00,0.0002444526634468335,434.0361862227693,68.35873936640326
2013-11-18 01:00:00,0.00025791927336278104,449.0341667096719,63.022909574448505
2013-11-18 02:00:00,0.00027763141254110433,451.92605814149675,65.42257824439534
2013-11-18 03:00:00,0.00028667534184736537,453.2713243385735,99.3355918627948
2013-11-18 04:00:00,32.271072359440076,456.09559249861445,158.76509843408914
2013-11-18 05:00:00,48.89323119577491,454.17875234835594,188.99596432343054
2013-11-18 06:00:00,29.502505800021357,371.72296885644766,195.93923216309946
2013-11-18 07:00:00,21.124734200022655,397.77718296277465,178.73765151157522
2013-11-18 08:00:00,9.164791308556975,293.0289209396194,92.00182991613492
2013-11-18 09:00:00,0.00024153436732584697,322.1966641067458,56.36968241040962
2013-11-18 10:00:00,0.000192963884125192,328.44488981348513,3.3522807955360907
2013-11-18 11:00:00,0.00019787461723499563,0.0008419983338073247,0.20169965944039242
2013-11-18 12:00:00,0.00019702839833495733,0.0008371983223129842,0.20092382104663978
2013-11-18 13:00:00,0.00018723483942980216,0.0008014999068098925,0.215961282415939
2013-11-18 14:00:00,0.00018308698670359296,0.0008455130135009369,41.171041055595424
2013-11-18 15:00:00,0.00017819080110980054,3.0281854548888876,59.622529422470734
2013-11-18 16:00:00,0.00017203413363716698,320.58110923128424,64.4996500263012
2013-11-18 17:00:00,0.00017916396688971722,333.9654595830135,119.5924710062681
2013-11-18 18:00:00,0.0001924295992878089,290.43884209362443,107.91041655502246
2013-11-18 19:00:00,0.0001967664446933378,140.0827936286969,93.27094416750975
2013-11-18 20:00:00,0.00016335330650658027,63.86833973026361,45.97998516507683
2013-11-18 21:00:00,0.00014231962904817487,0.0008165713911365673,0.2607830364051219
2013-11-18 22:00:00,1.1273187874255708e-06,0.0009754947701405675,0.2552416813399054
2013-11-18 23:00:00,1.131838501265713e-06,0.0009858894705033097,0.23990078726789302
2013-11-19 00:00:00,1.1593852408639053e-06,0.0009896491588758786,0.2430282425300063
2013-11-19 01:00:00,1.0771407581022014e-06,0.0009657369082833198,0.24368471640627515
2013-11-19 02:00:00,1.0070875901036073e-06,0.0009284906188480945,0.250736952928938
2013-11-19 03:00:00,9.825901423298325e-07,0.0008921286119378079,0.24108969217404747
2013-11-19 04:00:00,1.2371577381469458e-06,44.97090731750311,36.23983763264837
2013-11-19 05:00:00,1.3053800569548517e-06,61.72588219844638,56.29181706602284
2013-11-19 06:00:00,1.2845890275107605e-06,46.378737478438005,41.91799707185711
2013-11-19 07:00:00,1.2799368087701265e-06,31.403716142700222,27.40115119496186
2013-11-19 08:00:00,8.788496524018782e-07,1.0265850676846717,14.736566857849079
2013-11-19 09:00:00,8.823145431505507e-07,2.7660518057473343e-06,6.735244086538616
2013-11-19 10:00:00,9.566999741324772e-07,2.527487063302007e-06,3.784743839392025
2013-11-19 11:00:00,9.079798676309263e-07,2.5409309914733093e-06,2.045481397550384
2013-11-19 12:00:00,8.105342869899219e-07,2.5666187608528885e-06,0.5556831181506906
2013-11-19 13:00:00,7.174250186610072e-07,2.6930948870061718e-06,0.3981674739385277
2013-11-19 14:00:00,7.013017943185325e-07,3.0271364279681014e-06,1.0423340620282497
2013-11-19 15:00:00,7.088057429096108e-07,3.98276814445382e-06,3.550407027403096
2013-11-19 16:00:00,7.02111076822669e-07,3.984768006524651e-06,5.949246175019123
2013-11-19 17:00:00,7.198331155179533e-07,3.951924703193906e-06,8.065978851729541
2013-11-19 18:00:00,8.299608208962467e-07,0.07821824662921768,9.179545133523767
2013-11-19 19:00:00,1.0075104546681314e-06,3.8594216789643054e-06,8.080983221533812
2013-11-19 20:00:00,1.1220895239371058e-06,3.949418607247393e-06,1.2925895179899693
2013-11-19 21:00:00,1.2249188769816743e-06,3.580728651101967e-06,0.21142847995978464
2013-11-19 22:00:00,1.3206010516570399e-06,3.758563867084469e-06,0.2188931775122949
2013-11-19 23:00:00,1.3458258019759355e-06,3.773340076585349e-06,0.21425770242420905
2013-11-20 00:00:00,1.2918888580801764e-06,3.840692582027561e-06,0.21010928236378337
2013-11-20 01:00:00,1.2858898105101592e-06,3.987171413270601e-06,0.2076107426192785
2013-11-20 02:00:00,1.2163772834511219e-06,4.170087741635229e-06,0.20709041550763038
2013-11-20 03:00:00,1.3511861530190925e-06,6.064921614153973,1.4076225032872487
2013-11-20 04:00:00,1.1570772279865757e-06,34.1193815322141,64.75793527941465
2013-11-20 05:00:00,1.1525264863957771e-06,75.67993795791175,80.21447483520642
2013-11-20 06:00:00,1.2330537944067268e-06,87.03061836654908,72.16001433616395
2013-11-20 07:00:00,1.1942589103538859e-06,84.8672036657615,64.0210796698864
2013-11-20 08:00:00,5.767897356272455e-07,0.0004575710217590452,37.95864096440129
2013-11-20 09:00:00,4.88564577767021e-07,0.0003517052058696003,21.334497685485143
2013-11-20 10:00:00,4.7385517888360345e-07,0.0003736065187730302,14.37635575135407
2013-11-20 11:00:00,4.810533818790316e-07,0.0004484227680794711,10.580582096551723
2013-11-20 12:00:00,4.898279596983895e-07,0.0004932103384474472,7.339885386824168
2013-11-20 13:00:00,5.151336590872552e-07,0.0005147193564988315,7.269417734359354
2013-11-20 14:00:00,5.504279198570105e-07,0.028376858744966482,10.75989436462677
2013-11-20 15:00:00,6.73609785497973e-07,0.0605715013619381,21.613358624717613
2013-11-20 16:00:00,6.636563081159808e-07,0.05961682147952392,30.64070862843134
2013-11-20 17:00:00,6.189020888453762e-07,0.057155178029971394,36.92148200779526
2013-11-20 18:00:00,5.88287973185535e-07,0.03345903659514239,41.47689185484956
2013-11-20 19:00:00,5.754733407037639e-07,0.0006290387511175748,34.24812077313584
2013-11-20 20:00:00,5.758943129597982e-07,0.0006317371232927024,14.210452510869455
2013-11-20 21:00:00,5.287471623833639e-07,0.0006594162358657541,0.980959718778086
2013-11-20 22:00:00,5.243435585251862e-07,3.7069390170530814e-06,0.2084314996622224
2013-11-20 23:00:00,5.212672026901253e-07,4.000977641155128e-06,0.20007443165963137
2013-11-21 00:00:00,5.183702904369694e-07,4.407710624738173e-06,0.19562498323210975
2013-11-21 01:00:00,5.035869192218808e-07,4.74136857787536e-06,0.19069199822679242
2013-11-21 02:00:00,5.068371611893198e-07,4.999902686262919e-06,1.2348397015066395
2013-11-21 03:00:00,5.782178537258711e-07,7.058617487585103,19.626301579319996
2013-11-21 04:00:00,6.13637320593137e-07,70.6144860285968,88.09600015377393
2013-11-21 05:00:00,6.27760259595234e-07,93.75029986876496,118.98585214313768
2013-11-21 06:00:00,6.662312141522908e-07,110.66907979128165,103.71279918581422
2013-11-21 07:00:00,6.866524187099473e-07,91.12342982510465,92.98419824308132
2013-11-21 08:00:00,6.051675465975173e-07,40.33591227785891,71.24364855160067
2013-11-21 09:00:00,5.382762122236799e-07,0.0005890516551284206,59.006486460882385
2013-11-21 10:00:00,5.067423826809392e-07,0.0005518466272135165,46.04974718211576
2013-11-21 11:00:00,5.023046558200135e-07,0.0004941656702979561,37.70587833122417
2013-11-21 12:00:00,5.565804225563224e-07,0.0004910148235764678,31.394163413831144
2013-11-21 13:00:00,6.264583747349589e-07,0.0005197080985458741,33.79512850225169
2013-11-21 14:00:00,7.226625101335421e-07,4.110035773258599,37.333693485906956
2013-11-21 15:00:00,8.37180192779077e-07,37.797415169275986,48.1396308541671
2013-11-21 16:00:00,8.353443781268636e-07,45.06514710587434,54.28213827591792
2013-11-21 17:00:00,8.179094458859484e-07,54.58312002261791,58.97713469785079
2013-11-21 18:00:00,7.815951891666391e-07,56.50403680669217,61.62149786122406
2013-11-21 19:00:00,7.686568006204014e-07,44.5890402760339,58.49407031131215
2013-11-21 20:00:00,7.496346194750114e-07,14.035139394727468,37.42971769351961
2013-11-21 21:00:00,7.625915128399992e-07,1.6529721080321735e-05,5.673249707537685
2013-11-21 22:00:00,6.857456460205448e-07,4.250172409213831e-06,0.18878406605994
2013-11-21 23:00:00,7.017988751682641e-07,4.152025406988071e-06,0.1848122711077943
2013-11-22 00:00:00,7.022236719557704e-07,3.993779573833381e-06,0.1858287207851328
2013-11-22 01:00:00,7.03274882251603e-07,3.953346899411084e-06,0.18338724038191073
2013-11-22 02:00:00,6.904870479812835e-07,3.941786929236505e-06,0.17758394327843222
2013-11-22 03:00:00,7.276254610464283e-07,0.0007253855025273443,2.777178298564103
2013-11-22 04:00:00,6.826090477568154e-07,0.08096492680921137,31.336960502238302
2013-11-22 05:00:00,6.588616489669553e-07,3.643495979655427,45.453474607784734
2013-11-22 06:00:00,6.563088966828353e-07,3.714922101128541,43.1264882021317
2013-11-22 07:00:00,6.524148206884436e-07,3.692038059576788,34.53454366539841
2013-11-22 08:00:00,6.257373139665763e-07,0.0005439352979625774,19.40271239880628
2013-11-22 09:00:00,6.10255912986817e-07,0.0005101493992684687,13.052582164201711
2013-11-22 10:00:00,5.847856687884093e-07,0.0005208395075843107,10.650883443192939
2013-11-22 11:00:00,5.928849852187948e-07,0.0004772338107475439,8.398091305916324
2013-11-22 12:00:00,6.075135778771213e-07,0.0004838993172992381,6.962982595915191
2013-11-22 13:00:00,5.993979120576157e-07,0.0005055531768867917,6.151795643066099
2013-11-22 14:00:00,6.414975553971681e-07,0.0005498200651259525,13.314557722645072
2013-11-22 15:00:00,1.1655305084182547e-06,13.344787382428576,19.855434669375242
2013-11-22 16:00:00,1.1618161229548957e-06,17.743731065344846,25.36287224393185
2013-11-22 17:00:00,1.1670379646240148e-06,24.050593933473564,30.960963813216324
2013-11-22 18:00:00,1.1798383031600886e-06,22.336761164681754,34.17323752438238
2013-11-22 19:00:00,1.2175116134414446e-06,16.86181561278268,30.264717050005327
2013-11-22 20:00:00,1.2965956799174156e-06,6.734517218534769,12.593260476327849
2013-11-22 21:00:00,1.0235015261896459e-06,4.135417709054738e-06,0.1984255824213259
2013-11-22 22:00:00,1.2143618231294608e-06,4.492220279990993e-06,0.23897896067454089
2013-11-22 23:00:00,1.2599487194839887e-06,4.1184506315394615e-06,0.25417697914547704
2013-11-23 00:00:00,1.2930354869661935e-06,4.133127617934772e-06,0.25676738170560326
2013-11-23 01:00:00,1.3055638867752494e-06,4.212272070242582e-06,0.2208157961231788
2013-11-23 02:00:00,1.288815358946008e-06,4.237910091793069e-06,0.2620505663025281
2013-11-23 03:00:00,1.2297262137437574e-06,4.5590878988301796e-06,0.26237166361937114
2013-11-23 04:00:00,1.4894347844262582e-06,4.554284001179703,38.54152073830531
2013-11-23 05:00:00,1.4571891050293992e-06,4.148060356330849,56.906606711603224
2013-11-23 06:00:00,1.4584153195990885e-06,4.184395574281499,38.42343040201762
2013-11-23 07:00:00,1.481787229144465e-06,3.8765603091836676,23.04302440150873
2013-11-23 08:00:00,1.4123994257664337e-06,0.0006217304054823606,7.305155163978788
2013-11-23 09:00:00,1.3876942300734108e-06,0.0006382633825589289,2.997334257638993
2013-11-23 10:00:00,1.153129331992606e-06,6.314381568231268e-06,0.014167178674192137
2013-11-23 11:00:00,1.2354685226884267e-06,2.991528761762599e-06,4.116631534361162e-06
2013-11-23 12:00:00,1.2679216925926358e-06,2.976586322406125e-06,4.155688146915304e-06
2013-11-23 13:00:00,1.2196837814858626e-06,3.115086795577175e-06,4.3307748109450296e-06
2013-11-23 14:00:00,1.138426349884695e-06,3.439611499366442e-06,4.4643192902068625e-06
2013-11-23 15:00:00,1.0725451476040006e-06,4.4186545391967404e-06,0.017806333465057857
2013-11-23 16:00:00,1.39667682122835e-06,0.9239773590174893,2.350670823466316
2013-11-23 17:00:00,1.5404773537351168e-06,0.9545680320315335,6.812616892354708
2013-11-23 18:00:00,1.5504938019778e-06,0.783871060336865,10.89829749538594
2013-11-23 19:00:00,1.5815423546198792e-06,0.47496479027597693,9.369866266519594
2013-11-23 20:00:00,1.600243767518784e-06,4.2477151001623645e-06,4.70217977471906e-06
2013-11-23 21:00:00,1.2362235461825805e-06,4.281315007157702e-06,4.406617696986399e-06
2013-11-23 22:00:00,1.104523313757618e-06,4.248325152798111e-06,3.906288060285316e-06
2013-11-23 23:00:00,8.087091305472674e-07,4.2916673317087295e-06,3.775192347190876e-06
2013-11-24 00:00:00,7.478499157739673e-07,4.255559705579823e-06,3.6756478963626585e-06
2013-11-24 01:00:00,6.948202036001621e-07,4.239326822312882e-06,3.6341402332668266e-06
2013-11-24 02:00:00,6.637236273897778e-07,4.2168799087772025e-06,3.609165152152851e-06
2013-11-24 03:00:00,6.436824528482434e-07,4.140862799826234e-06,0.00023232605079820002
2013-11-24 04:00:00,6.945766158919545e-07,0.0008207431722083842,1.5463593491459342
2013-11-24 05:00:00,6.831322154139832e-07,0.0008268241081588229,3.0159708523478708
2013-11-24 06:00:00,6.716641436257198e-07,0.0008381742975984353,0.17492432483946993
2013-11-24 07:00:00,6.430402470999195e-07,0.0008487990139232029,0.16056555508468437
2013-11-24 08:00:00,5.283230968097993e-07,0.0006729081050755331,0.1356171726328173
2013-11-24 09:00:00,4.882439684875267e-07,0.0006480728411105178,0.12717356616706524
2013-11-24 10:00:00,4.760540446206617e-07,2.536593894299189e-06,0.09423488872232608
2013-11-24 11:00:00,4.817553362563753e-07,1.981376083638556e-06,0.060471570212174544
2013-11-24 12:00:00,4.887302121981309e-07,2.1631096361577437e-06,0.047942977441180354
2013-11-24 13:00:00,4.893825911777063e-07,2.6957046701851386e-06,0.05074880586451571
2013-11-24 14:00:00,4.951256715416447e-07,3.1770326990997898e-06,0.07169967329507906
2013-11-24 15:00:00,5.119171609682517e-07,3.4948157428310377e-06,0.13233293656565628
2013-11-24 16:00:00,5.274194170110889e-07,3.3634068696869997e-06,0.4779717823708857
2013-11-24 17:00:00,5.380978801058303e-07,0.0006974390021022879,1.2791647226393903
2013-11-24 18:00:00,5.427403718203712e-07,0.0007268377589412695,1.954139616766837
2013-11-24 19:00:00,5.581785231335857e-07,0.0007518048871722496,1.8467769182941858
2013-11-24 20:00:00,5.768589321642269e-07,3.850051090618659e-06,0.16842424536526843
2013-11-24 21:00:00,5.920991439383713e-07,3.921710082728954e-06,0.00010535580683440527
2013-11-24 22:00:00,6.14031508512475e-07,3.991074206958962e-06,3.938848110064317e-06
2013-11-24 23:00:00,6.099358394671917e-07,4.072615924640699e-06,4.021689542431336e-06
2013-11-25 00:00:00,6.060975289420096e-07,4.191801800986642e-06,0.02631281622678442
2013-11-25 01:00:00,6.068388706964529e-07,4.299813153344223e-06,0.07305490982099595
2013-11-25 02:00:00,6.022091654510928e-07,4.323725710688731e-06,0.2274007824308226
2013-11-25 03:00:00,6.009514507751367e-07,4.477682497092018e-06,8.454864945949591
2013-11-25 04:00:00,6.527235416836626e-07,0.0008890124728231478,43.16942522043651
2013-11-25 05:00:00,6.48156305506072e-07,0.0008962014071655716,69.32882343666584
2013-11-25 06:00:00,6.43776207375109e-07,0.000899310723395902,65.66247462547517
2013-11-25 07:00:00,6.338521154468263e-07,0.0009010770558540693,54.61958000938395
2013-11-25 08:00:00,5.649994658445538e-07,0.0006662829528734544,0.6354146754666996
2013-11-25 09:00:00,5.280619191895921e-07,0.0005926326097395565,0.1356520036880261
2013-11-25 10:00:00,4.936449296794565e-07,0.0005005562672463493,0.06971983820532011
2013-11-25 11:00:00,4.741916516020011e-07,2.0288167422578863e-06,0.1282980850413223
2013-11-25 12:00:00,4.681835486169318e-07,2.1488811270560305e-06,0.13627922142975568
2013-11-25 13:00:00,4.761799119513915e-07,2.3111984804021814e-06,0.15690200613841104
2013-11-25 14:00:00,5.025184233650528e-07,2.7841480910426958e-06,28.291759306454832
2013-11-25 15:00:00,5.639451638317216e-07,4.21832647304148e-06,80.24308048713262
2013-11-25 16:00:00,6.380139361620192e-07,9.602959655875404,88.70837115054832
2013-11-25 17:00:00,6.602007691205688e-07,18.399594235356666,96.21762535450246
2013-11-25 18:00:00,6.863212053523096e-07,22.368063556170277,104.80821346536233
2013-11-25 19:00:00,7.096210059769171e-07,17.049378114009542,106.3914234039911
2013-11-25 20:00:00,6.64004731440653e-07,5.167572178671659e-06,81.02146295840245
2013-11-25 21:00:00,6.835010590905923e-07,6.334360845504163e-06,40.12334247384649
2013-11-25 22:00:00,7.171915045066614e-07,6.0696957806117645e-06,2.2908175917429165
2013-11-25 23:00:00,7.687970760992085e-07,4.789072720676396e-06,0.05545480432523773
2013-11-26 00:00:00,8.086404937545195e-07,5.079144837448322e-06,3.6994864498462485
2013-11-26 01:00:00,1.1507603366614707e-06,5.345372993425333e-06,6.788947880666167
2013-11-26 02:00:00,1.847885920158324e-06,5.443023610987992e-06,30.331840316835823
2013-11-26 03:00:00,1.7768935308834083e-06,8.187806649913945,103.69790420529071
2013-11-26 04:00:00,0.00011945601264308827,101.3535706379605,205.6849872998861
2013-11-26 05:00:00,0.00010986216869984484,182.57184417823166,210.68011135103987
2013-11-26 06:00:00,0.00011423834936980372,147.34505321638824,202.40413262488718
2013-11-26 07:00:00,0.00011343869437903463,122.8490222042588,189.79830956668974
2013-11-26 08:00:00,0.00012697712296709515,79.74374174794404,108.80424835843667
2013-11-26 09:00:00,0.00014125642528423698,0.0008458303050256196,48.0000171303817
2013-11-26 10:00:00,1.987278480423913e-06,0.0005801159588385364,39.96852114730205
2013-11-26 11:00:00,2.1011266297990397e-06,0.0006001889580049632,37.980651728164325
2013-11-26 12:00:00,2.0673216181059083e-06,0.0007019048140653499,38.52835099201595
2013-11-26 13:00:00,2.0544246540975045e-06,0.0009663130769283777,75.10287855918784
2013-11-26 14:00:00,1.6565298181841857e-06,6.255414935299694,109.31132908329181
2013-11-26 15:00:00,1.6479872194177705e-06,17.364514964222856,130.4784980582864
2013-11-26 16:00:00,1.614371641893968e-06,25.881700955290277,136.07348711100298
2013-11-26 17:00:00,0.0001231595683866008,34.18577921699105,144.8947751663928
2013-11-26 18:00:00,0.00012346928072656593,37.0773889088974,149.46333783419823
2013-11-26 19:00:00,0.00012895410807821405,33.09734831386709,146.55412253018363
2013-11-26 20:00:00,1.7507778408937971e-06,7.061088852268634,122.2948390945299
2013-11-26 21:00:00,1.8894221629575504e-06,6.897178519743028e-06,77.12605623432162
2013-11-26 22:00:00,2.03109972579759e-06,7.746968265566943e-06,23.067974952747676
2013-11-26 23:00:00,2.1513898351687962e-06,8.134366697119601e-06,7.274487795420541
2013-11-27 00:00:00,2.221655026170412e-06,8.136712701746716e-06,21.666332764447912
2013-11-27 01:00:00,1.6386706365734075e-06,8.218496099783073e-06,24.72360631652676
2013-11-27 02:00:00,1.4344373161165666e-06,8.112417154697285e-06,39.48307964143134
2013-11-27 03:00:00,1.2940673832601174e-06,6.344236747524253e-06,84.62152606273747
2013-11-27 04:00:00,1.9692132938881737e-06,83.46971289160207,128.8070025240497
2013-11-27 05:00:00,1.9737997042184894e-06,97.36943369163517,130.44158888590215
2013-11-27 06:00:00,2.782208181948169e-06,89.52163233472123,121.86360942351155
2013-11-27 07:00:00,3.1176172673701984e-06,73.66596169069044,106.5427702651224
2013-11-27 08:00:00,1.4468153304979785e-06,49.12874980709278,54.97040953621945
2013-11-27 09:00:00,1.345839470255147e-06,22.05405228495784,27.10829167650751
2013-11-27 10:00:00,1.1992636027149445e-06,10.978659047549037,11.600736426194404
2013-11-27 11:00:00,1.1642565536537644e-06,3.241591250218228,4.788813044553634
2013-11-27 12:00:00,1.1865303571427317e-06,2.056037079683165e-06,5.908099270830876
2013-11-27 13:00:00,1.239226718635273e-06,2.3798528515697203e-06,24.976350712832108
2013-11-27 14:00:00,1.3008398411286238e-06,3.157232796621125e-06,47.06385420818536
2013-11-27 15:00:00,1.4563092077703354e-06,5.552076311310991,57.12466171307897
2013-11-27 16:00:00,1.515726963794108e-06,16.01126151726772,61.421633495291
2013-11-27 17:00:00,1.5396916391228953e-06,286.3606920785085,67.609751829693
2013-11-27 18:00:00,1.5700123057678342e-06,292.50456628426235,70.18043014294447
2013-11-27 19:00:00,1.6130386549265633e-06,292.3864380929293,66.19406408469462
2013-11-27 20:00:00,1.6571162712807563e-06,275.28117359277195,51.47518742211113
2013-11-27 21:00:00,1.7097466239082471e-06,258.2800865617784,31.472860005310416
2013-11-27 22:00:00,1.6919362972981932e-06,241.9915751496709,15.082630213918385
2013-11-27 23:00:00,1.4848298969349408e-06,227.54059927940924,8.141714555111792
2013-11-28 00:00:00,1.4248417674360948e-06,31.748044360674538,2.1136321002116603
2013-11-28 01:00:00,1.2970234227806343e-06,200.90160287123726,3.1193198806197153
2013-11-28 02:00:00,1.2426438792647162e-06,40.79188139258964,8.592641942931621
2013-11-28 03:00:00,1.196066091654919e-06,204.77702122540833,25.41702901409821
2013-11-28 04:00:00,1.2253863837482096e-06,244.06380260083952,53.466541412072196
2013-11-28 05:00:00,1.1881075723773342e-06,262.75919208259154,61.970347236055765
2013-11-28 06:00:00,1.1682621459610638e-06,277.54421338089116,59.506414929305265
2013-11-28 07:00:00,1.1723392802913588e-06,283.61156456531063,51.76402636880772
2013-11-28 08:00:00,7.511211870448506e-07,33.565712127331224,44.04119120264196
2013-11-28 09:00:00,7.277638991938128e-07,0.0007943488479587393,38.16691256312491
2013-11-28 10:00:00,7.068601579963922e-07,0.0008055146769365653,36.41654882074056
2013-11-28 11:00:00,6.722562574007362e-07,0.0008155037914548334,33.47149457109197
2013-11-28 12:00:00,6.543831687441024e-07,0.0008063671916279067,30.561541620276852
2013-11-28 13:00:00,6.733272868783324e-07,0.0007920634560103363,29.41388012540334
2013-11-28 14:00:00,6.978530207674513e-07,0.0007800517431200845,30.647933280884814
2013-11-28 15:00:00,7.16512196930713e-07,0.0007184529759856256,34.16367131089492
2013-11-28 16:00:00,7.120544556299069e-07,0.0006978580709450045,36.44011078388796
2013-11-28 17:00:00,7.328567589798572e-07,0.0006925628250919944,39.2283874000868
2013-11-28 18:00:00,7.56236083236312e-07,0.0007177712437229539,40.5048511308592
2013-11-28 19:00:00,8.044582219511642e-07,0.0007563739579908339,38.98560113819393
2013-11-28 20:00:00,8.375161606976807e-07,0.0008244705972542882,29.425250056769503
2013-11-28 21:00:00,8.757413091299614e-07,0.000901369334386865,14.94033820960636
2013-11-28 22:00:00,9.453564494291414e-07,0.0010184839336732348,0.5191738644884262
2013-11-28 23:00:00,8.913361677142012e-07,0.00122670821910655,0.1694235389696095
2013-11-29 00:00:00,8.407826629014993e-07,3.939757226852177e-06,2.6306566244948246e-06
2013-11-29 01:00:00,8.049405287753109e-07,3.981875508202974e-06,2.757647380897969e-06
2013-11-29 02:00:00,7.313182769908836e-07,4.0120126897067995e-06,2.801755475305707e-06
2013-11-29 03:00:00,6.883147416672356e-07,4.374641084708894e-06,6.998088264069988
2013-11-29 04:00:00,6.486844420743618e-07,4.393013649687612e-06,38.09527330450571
2013-11-29 05:00:00,6.149556584767907e-07,9.647429119683816,44.64008951044336
2013-11-29 06:00:00,5.676634665758478e-07,4.837917206425387e-06,38.12237899190854
2013-11-29 07:00:00,5.211904068510703e-07,4.606186701637124e-06,31.450393996471625
2013-11-29 08:00:00,4.718395608541098e-07,1.9097939714086415e-06,13.50879870050568
2013-11-29 09:00:00,4.378378295906026e-07,1.4828578806938901e-06,5.213066502304079
2013-11-29 10:00:00,4.2208546106866874e-07,1.2941323275922248e-06,1.2949664383035513
2013-11-29 11:00:00,4.024139423608928e-07,1.2233912164161116e-06,0.122601727375101
2013-11-29 12:00:00,3.937210626758232e-07,1.107700994802523e-06,0.11377815852539716
2013-11-29 13:00:00,3.898720682511878e-07,1.061128074743774e-06,2.1971958283861874
2013-11-29 14:00:00,3.9186017771056363e-07,1.0897526651513267e-06,1.7597692355413874
2013-11-29 15:00:00,4.039633603211466e-07,1.135265626558529e-06,1.8370932351995626
2013-11-29 16:00:00,4.0618374581421395e-07,1.128528828216084e-06,1.8037680231742417
2013-11-29 17:00:00,4.1327860181760465e-07,1.1325567835731565e-06,0.859899538820047
2013-11-29 18:00:00,4.1842516757060217e-07,1.139658362956141e-06,0.26140928777159045
2013-11-29 19:00:00,4.186497741955151e-07,1.1620070796959905e-06,0.10079548262887288
2013-11-29 20:00:00,4.1926289262024296e-07,1.2323485345140344e-06,0.10408791916673535
2013-11-29 21:00:00,4.2286783938729043e-07,1.290338102035694e-06,0.06944666993684666
2013-11-29 22:00:00,4.294924374351053e-07,1.352317077820973e-06,1.425476615048315e-06
2013-11-29 23:00:00,4.3655455758530367e-07,1.372977064857887e-06,1.458745944653129e-06
2013-11-30 00:00:00,4.5083286529636506e-07,1.3859105449749149e-06,1.5402903545153658e-06
2013-11-30 01:00:00,4.830472609457144e-07,1.3607059535681127e-06,1.6147630477189636e-06
2013-11-30 02:00:00,5.02560038694595e-07,1.3490959434721884e-06,1.6955669653978648e-06
2013-11-30 03:00:00,5.096473416619666e-07,1.3463120737490348e-06,0.14372350685104548
2013-11-30 04:00:00,5.048665621037548e-07,1.9607266018170827e-06,0.13633658230790516
2013-11-30 05:00:00,5.605505075437627e-07,2.033444768352213e-06,0.13860688454281483
2013-11-30 06:00:00,5.16465473214465e-07,2.0987020823473653e-06,0.15001167445966274
2013-11-30 07:00:00,5.188526659960714e-07,2.2330734416245877e-06,0.15814103384232134
2013-11-30 08:00:00,4.994187857577994e-07,1.5534051959864663e-06,0.15163653898051666
2013-11-30 09:00:00,4.772279293808073e-07,1.1123944808926607e-06,0.1513436153121091
2013-11-30 10:00:00,4.863465300842203e-07,1.1367200130939147e-06,0.15141120281883833
2013-11-30 11:00:00,5.076958888233252e-07,1.0840642825198116e-06,0.15083599929171138
2013-11-30 12:00:00,5.257269661791665e-07,1.1604320742785561e-06,0.15400859181405577
2013-11-30 13:00:00,5.573425435547789e-07,1.3704723878953409e-06,0.1673653554343568
2013-11-30 14:00:00,5.94658122415906e-07,2.1538855866029933e-06,0.19070851520935259
2013-11-30 15:00:00,6.427431812128881e-07,2.1864478260274977e-06,4.076800884335181
2013-11-30 16:00:00,6.675718072165486e-07,2.117034102832566e-06,5.318559576909899
2013-11-30 17:00:00,6.796890803888455e-07,2.078928849125586e-06,6.031385203770843
2013-11-30 18:00:00,6.523491079170406e-07,2.0947013159327318e-06,6.32542855815027
2013-11-30 19:00:00,6.333310614594662e-07,2.231582178673783e-06,5.995796840407476
2013-11-30 20:00:00,6.54617792725307e-07,2.533646732575893e-06,3.545841057981346
2013-11-30 21:00:00,7.138906930772621e-07,3.0264945529194453e-06,0.1299386833886852
2013-11-30 22:00:00,7.262977974971694e-07,3.13118776446649e-06,2.860041558976226e-06
2013-11-30 23:00:00,7.32926583663e-07,3.1873938827930217e-06,2.8598565465490777e-06
2013-12-01 00:00:00,7.543158900779835e-07,3.3013472578772655e-06,2.7552304582435784e-06
2013-12-01 01:00:00,7.3486168557381e-07,3.348922232722127e-06,2.718142453751365e-06
2013-12-01 02:00:00,7.084079881646053e-07,3.4555700726108576e-06,0.012201515025064903
2013-12-01 03:00:00,6.7987464769679e-07,3.247542036601123e-06,2.618618629929516
2013-12-01 04:00:00,6.492713557541052e-07,3.945335251826488e-06,9.831393912849213
2013-12-01 05:00:00,6.996240406579854e-07,3.827487631437693e-06,11.449870219587511
2013-12-01 06:00:00,6.438946589918523e-07,4.047928019868307e-06,9.448199943234991
2013-12-01 07:00:00,6.796476944124323e-07,4.524118540116462e-06,7.921701725612663
2013-12-01 08:00:00,6.195284627902123e-07,3.430328930565915e-06,5.309085515100358
2013-12-01 09:00:00,5.316396402805641e-07,1.361837692693035e-06,3.9535300227016803
2013-12-01 10:00:00,5.284280831124636e-07,1.1681618752921238e-06,0.11332500293674172
2013-12-01 11:00:00,5.458313929625307e-07,1.369176247367448e-06,0.30270663333240544
2013-12-01 12:00:00,5.793854937408595e-07,1.534453372603204e-06,1.6062568963440205
2013-12-01 13:00:00,5.882735778541707e-07,2.64110380627332e-06,1.6110795562805582
2013-12-01 14:00:00,5.996347362690652e-07,0.0009859029885072783,7.874032886829919
2013-12-01 15:00:00,6.281760939732625e-07,0.0010633078518253831,11.848475236574654
2013-12-01 16:00:00,6.170974639208095e-07,0.0009491764429351164,15.818931449225305
2013-12-01 17:00:00,6.058158157336681e-07,0.0009279675142492698,18.68488706955631
2013-12-01 18:00:00,6.087468189303447e-07,0.0008817637391840832,20.992594436422447
2013-12-01 19:00:00,6.340095440134727e-07,0.0009457854805804747,23.225618735302785
2013-12-01 20:00:00,6.693261599323905e-07,0.0010357168036141994,15.919528699626676
2013-12-01 21:00:00,7.09447019548243e-07,0.0013904294699188403,0.4454201668831433
2013-12-01 22:00:00,6.985711409219656e-07,0.001584178353643469,0.24082373994786965
2013-12-01 23:00:00,7.789414274002693e-07,0.0016537061687352506,0.2730182108421841
2013-12-02 00:00:00,1.3292509370056808e-06,0.0016085643500977876,0.3322420161959536
2013-12-02 01:00:00,0.00017522430184126788,0.0016857172234892787,0.3843470236035351
2013-12-02 02:00:00,0.00019636125030126893,0.002116237975502203,0.3952255276738191
2013-12-02 03:00:00,0.00019351488344219921,0.0017377145345032579,16.20168851666978
2013-12-02 04:00:00,35.29081503893648,43.656723777694594,124.86389891760635
2013-12-02 05:00:00,46.95170478978026,68.97526581969466,152.40931447967833
2013-12-02 06:00:00,42.6986302532284,47.59158711568438,123.28417611579037
2013-12-02 07:00:00,35.970401058251724,28.444239297187455,98.28355841254904
2013-12-02 08:00:00,21.666328316556207,11.574088448363725,52.92848876811093
2013-12-02 09:00:00,7.261321513408346,0.0004499913382083492,29.79737649129295
2013-12-02 10:00:00,1.3043507627470265e-05,0.0003538632812651545,17.911512595569373
2013-12-02 11:00:00,6.3931319683624706e-06,0.00032073858007646174,12.263278294447904
2013-12-02 12:00:00,6.969711755422115e-06,0.0003376398857334993,8.679815213164993
2013-12-02 13:00:00,0.00021484977266795555,0.00040902869821336834,9.828008399000765
2013-12-02 14:00:00,0.00016581118091247405,0.0008821026036991576,16.19855873919398
2013-12-02 15:00:00,0.00016045675013872643,0.0008781937062930685,33.71671523812951
2013-12-02 16:00:00,5.781792168405635,0.0007510638637336946,44.73031128319472
2013-12-02 17:00:00,15.602898763963399,2.701434913147412,57.01532409320599
2013-12-02 18:00:00,20.474590835623655,11.272105910930048,63.38146524704223
2013-12-02 19:00:00,18.296731593016553,8.562604901872374,59.38392248039857
2013-12-02 20:00:00,1.812497883099594,0.0008926827692661202,35.817958555830636
2013-12-02 21:00:00,0.00017607398088125386,0.000899459182535584,8.280517136540979
2013-12-02 22:00:00,0.00019086820222831682,0.0009989496224403302,0.28665772448048527
2013-12-02 23:00:00,0.00020004743717166954,0.001187981618734272,0.2939314834162541
2013-12-03 00:00:00,0.00019020410628549998,0.0016399496367204265,0.2927291819107577
2013-12-03 01:00:00,0.00019097378704466356,418.90133833558,0.2881237690457077
2013-12-03 02:00:00,5.023618931899312,412.70511159597896,12.542302082688437
2013-12-03 03:00:00,58.67725954603434,427.2080884715677,83.80357787790389
2013-12-03 04:00:00,135.952015545512,324.30251870498864,174.4725934814606
2013-12-03 05:00:00,147.2835470652354,298.1925629620299,197.6154748206346
2013-12-03 06:00:00,125.86669736063432,293.6787470236846,183.30258545820698
2013-12-03 07:00:00,112.94126237595911,291.46733858996197,167.81997753181014
2013-12-03 08:00:00,115.35790883129441,195.22787717103728,99.4772647301242
2013-12-03 09:00:00,35.74104772024228,77.7974970041443,65.67292407717554
2013-12-03 10:00:00,0.00012545518024351026,50.702142193725436,33.91964314706654
2013-12-03 11:00:00,0.00011985833785881765,42.8082427780469,33.67841197110555
2013-12-03 12:00:00,0.0001222099655067152,37.86662790566198,33.84119739749523
2013-12-03 13:00:00,0.00013500474513883164,45.456786725819455,50.66753598312548
2013-12-03 14:00:00,9.542388645406932,83.66674280544841,75.63833093360786
2013-12-03 15:00:00,39.97565165929897,89.86266661303287,93.54784484452797
2013-12-03 16:00:00,49.47159475058006,103.0914823962263,103.10023285855304
2013-12-03 17:00:00,49.803310331095815,115.78950545017335,111.06914935475538
2013-12-03 18:00:00,43.76885234395972,126.49969065413268,114.68966912796223
2013-12-03 19:00:00,19.596491245099603,123.57209267941006,110.62905799098064
2013-12-03 20:00:00,2.2880147230764356,90.14358408469691,87.20213812177754
2013-12-03 21:00:00,0.00013782943153620568,40.23195376660496,44.29988871302787
2013-12-03 22:00:00,7.341560542802733e-07,5.2725762778677e-06,4.169005421310944
2013-12-03 23:00:00,7.066477347484523e-07,5.6480845529883825e-06,0.024901615710469394
2013-12-04 00:00:00,6.95478262873204e-07,5.561919670252911e-06,0.05065795493932647
2013-12-04 01:00:00,6.789634834118468e-07,5.3379014993791055e-06,0.07477355675820503
2013-12-04 02:00:00,6.472042718454433e-07,5.203723639248088e-06,2.489078787888615
2013-12-04 03:00:00,6.300437236900154e-07,5.0080199733104e-06,23.70637781790065
2013-12-04 04:00:00,6.555137640384689e-07,80.28009706963958,54.668610866649054
2013-12-04 05:00:00,6.180053829765394e-07,92.68951662536658,62.11213015723659
2013-12-04 06:00:00,5.852895822952791e-07,68.97421395398074,55.48250561280251
2013-12-04 07:00:00,5.612441074376141e-07,53.12228060538586,49.09137020016825
2013-12-04 08:00:00,5.3242391702605e-07,1.1820650968497606,17.170349215419627
2013-12-04 09:00:00,5.168477335302925e-07,0.0005303423774607588,0.11481039820228423
2013-12-04 10:00:00,4.715954604596556e-07,0.0005014300431197597,0.11956802036558523
2013-12-04 11:00:00,4.6712058384795533e-07,0.0004783865499441437,0.11932298449343855
2013-12-04 12:00:00,4.795333428084227e-07,2.2915276768865555e-06,2.236108927767834
2013-12-04 13:00:00,4.902260182686065e-07,2.4759614237620307e-06,5.227535454352848
2013-12-04 14:00:00,5.012144852353265e-07,2.695606908788793e-06,5.765547177351097
2013-12-04 15:00:00,5.234511549733504e-07,0.0007197998068609762,15.05411012492833
2013-12-04 16:00:00,5.287090261320612e-07,0.000732672271878246,19.461318434872613
2013-12-04 17:00:00,5.806499234521309e-07,0.0007214227843213095,17.267410968685315
2013-12-04 18:00:00,5.926903013959346e-07,0.0007340928555608657,20.208217795876482
2013-12-04 19:00:00,5.843810520519737e-07,0.0007414676927570128,12.151989498112458
2013-12-04 20:00:00,5.256275219838109e-07,3.4125025064289056e-06,5.518796641600421
2013-12-04 21:00:00,5.253066900932984e-07,2.5398609872259855e-06,1.6742554674735304
2013-12-04 22:00:00,5.310010268216415e-07,2.1710762592978733e-06,0.016959340075440813
2013-12-04 23:00:00,5.098530277373251e-07,2.1296621570056463e-06,1.9798595580197464e-06
2013-12-05 00:00:00,4.846935433526459e-07,2.131641533834255e-06,1.9397920247444343e-06
2013-12-05 01:00:00,4.795055765930248e-07,2.1463258738911505e-06,1.9109644483316644e-06
2013-12-05 02:00:00,4.637479348772791e-07,2.134354499841972e-06,1.8415631480775033e-06
2013-12-05 03:00:00,4.550894339259769e-07,2.7335955075677567e-06,0.10695382860356062
2013-12-05 04:00:00,4.812551285577321e-07,3.199265746871721e-06,6.454206804899094
2013-12-05 05:00:00,4.5982851763686796e-07,2.8550631828176926e-06,7.931854929606344
2013-12-05 06:00:00,4.55317122084387e-07,2.7053936998315713e-06,6.636967720111835
2013-12-05 07:00:00,4.475627341898873e-07,2.6058266872607714e-06,5.5335328490038345
2013-12-05 08:00:00,4.45379868852707e-07,1.2166597132468671e-06,0.10727163716411844
2013-12-05 09:00:00,4.601188097893638e-07,1.1033378288549716e-06,9.111592411706778e-07
2013-12-05 10:00:00,6.185287719277105e-07,1.0935822169838346e-06,8.949827939505344e-07
2013-12-05 11:00:00,6.220210092467764e-07,1.0384210034663756e-06,8.972007325958336e-07
2013-12-05 12:00:00,6.566800777346181e-07,1.009789100878435e-06,8.666730924650649e-07
2013-12-05 13:00:00,6.658948765706781e-07,1.0232089713179358e-06,8.261789299538401e-07
2013-12-05 14:00:00,6.991060850786391e-07,8.893749832046992e-07,8.222277925374233e-07
2013-12-05 15:00:00,6.883534957513536e-07,9.655393260102898e-07,8.240423928291065e-07
2013-12-05 16:00:00,6.720242538643951e-07,9.655053042120556e-07,8.034107111255474e-07
2013-12-05 17:00:00,6.620854394328937e-07,9.65364963796057e-07,8.051046737207221e-07
2013-12-05 18:00:00,7.141142832133639e-07,9.653571736960572e-07,8.000382455700954e-07
2013-12-05 19:00:00,7.061692427960945e-07,9.654026826649614e-07,7.755076017020063e-07
2013-12-05 20:00:00,6.086255080939318e-07,9.232909859194335e-07,6.893675288570327e-07
2013-12-05 21:00:00,4.6602545560368454e-07,9.257044245506826e-07,6.49907502754196e-07
2013-12-05 22:00:00,3.994077934969965e-07,9.6406998758958e-07,6.788582580001578e-07
2013-12-05 23:00:00,3.7198135693767386e-07,9.764715748755495e-07,6.95299230293974e-07
2013-12-06 00:00:00,3.550400625630342e-07,9.689656171845901e-07,6.872663399734782e-07
2013-12-06 01:00:00,3.8805267150426734e-07,9.552093159188512e-07,6.953745920991824e-07
2013-12-06 02:00:00,3.852030037170896e-07,9.460129216553445e-07,7.085112996390274e-07
2013-12-06 03:00:00,3.692383721300814e-07,9.811037935960443e-07,6.849605581537266e-07
2013-12-06 04:00:00,3.436133362072577e-07,9.740458212829367e-07,8.060048176455221e-07
2013-12-06 05:00:00,3.447159755934602e-07,1.5095893336266342e-06,0.01684249387338818
2013-12-06 06:00:00,3.4478192422208827e-07,1.8256456039405914e-06,7.89181489787797e-07
2013-12-06 07:00:00,3.4480258152886906e-07,1.7465153348566182e-06,7.95506092023089e-07
2013-12-06 08:00:00,3.2828792484752017e-07,1.1703647214410599e-06,6.801297393864465e-07
2013-12-06 09:00:00,3.1309045450647876e-07,8.957354527444356e-07,6.624780410531968e-07
2013-12-06 10:00:00,3.1123010490670236e-07,9.435814843137399e-07,6.92239528581067e-07
2013-12-06 11:00:00,3.1000638714395693e-07,9.337881624219801e-07,6.775081831330193e-07
2013-12-06 12:00:00,3.1284573660920064e-07,9.617808081799184e-07,6.72065789867619e-07
2013-12-06 13:00:00,3.205208833879579e-07,1.0496998991092387e-06,7.004139006181578e-07
2013-12-06 14:00:00,3.303765990492139e-07,1.330336925873141e-06,7.1286460565025e-07
2013-12-06 15:00:00,3.666853724220024e-07,1.3982170558857654e-06,7.584292854620275e-07
2013-12-06 16:00:00,3.689042656040415e-07,1.4972118531980822e-06,8.1905309628705e-07
2013-12-06 17:00:00,4.278871661691194e-07,1.4294543874105326e-06,9.529491427036921e-07
2013-12-06 18:00:00,4.357040793791736e-07,1.2814301182206895e-06,9.906104802401264e-07
2013-12-06 19:00:00,4.4429879909863e-07,1.2375655551606778e-06,1.0038289238063515e-06
2013-12-06 20:00:00,4.4477558272813483e-07,1.378853929128232e-06,8.444942090965519e-07
2013-12-06 21:00:00,4.2615002033081317e-07,1.6755951304955823e-06,8.730019058349883e-07
2013-12-06 22:00:00,4.459425802995796e-07,1.8686956149253572e-06,8.602629529409062e-07
2013-12-06 23:00:00,4.5829527414969664e-07,1.974566736452486e-06,8.892956693824639e-07
2013-12-07 00:00:00,4.852909850237692e-07,2.159404499006542e-06,9.377454023640398e-07
2013-12-07 01:00:00,4.855703684593827e-07,2.180251573086056e-06,9.689715514593377e-07
2013-12-07 02:00:00,5.062129287525667e-07,2.1262942030297445e-06,9.693743021648855e-07
2013-12-07 03:00:00,5.606481090999968e-07,1.9299144248386475e-06,9.84096202432119e-07
2013-12-07 04:00:00,6.019064058225695e-07,1.6072802295929243e-06,1.0446359534875742e-06
2013-12-07 05:00:00,5.645349560795158e-07,1.7076391698943053e-06,0.01783507851426225
2013-12-07 06:00:00,5.89512850083786e-07,1.685671837923523e-06,1.1101915526418016e-06
2013-12-07 07:00:00,6.476745632164836e-07,1.7651482867733403e-06,1.1581653267685939e-06
2013-12-07 08:00:00,6.89342082145458e-07,1.6756035534176006e-06,1.1401679291123715e-06
2013-12-07 09:00:00,7.235629406779673e-07,1.4506834287120912e-06,1.1635257729834515e-06
2013-12-07 10:00:00,6.54361239309594e-07,1.2805797443018348e-06,1.3453315359809448e-06
2013-12-07 11:00:00,6.256151496630149e-07,1.1116688676167062e-06,1.3621001434302138e-06
2013-12-07 12:00:00,5.760633163323876e-07,1.1860231039739996e-06,1.3271563030075803e-06
2013-12-07 13:00:00,6.110508392087785e-07,1.288076472556547e-06,1.5129998251930342e-06
2013-12-07 14:00:00,6.378672083343209e-07,1.1087883082989169e-06,1.783242470143504e-06
2013-12-07 15:00:00,6.233400764580824e-07,1.3038783810493705e-06,2.1031387236679623e-06
2013-12-07 16:00:00,6.11514827459586e-07,1.332386312503324e-06,2.174890086501844e-06
2013-12-07 17:00:00,6.50016034034968e-07,1.296878448107306e-06,2.209171586782045e-06
2013-12-07 18:00:00,6.280067058198303e-07,1.3162859465899242e-06,2.239779841981415e-06
2013-12-07 19:00:00,6.16132316111807e-07,1.3575015879240128e-06,2.38916035371378e-06
2013-12-07 20:00:00,5.392863134869066e-07,1.4411460377102567e-06,2.519649060970987e-06
2013-12-07 21:00:00,5.257078535946256e-07,1.5246808893352635e-06,2.535011393863169e-06
2013-12-07 22:00:00,5.557211909541578e-07,1.6726354586914802e-06,1.966283595269441e-06
2013-12-07 23:00:00,5.619195882210692e-07,1.8123731496679375e-06,1.950499400336329e-06
2013-12-08 00:00:00,5.352381176691801e-07,2.363170907050649e-06,2.0004057842559595e-06
2013-12-08 01:00:00,5.174845358580276e-07,2.4336631538796875e-06,1.9297953085039173e-06
2013-12-08 02:00:00,5.18286219522993e-07,2.3273150149368474e-06,1.929055931910552e-06
2013-12-08 03:00:00,5.117689070861066e-07,2.1791353606625453e-06,2.1478475207686066e-06
2013-12-08 04:00:00,5.212260178223174e-07,1.8862266065241613e-06,1.9895427156629653e-06
2013-12-08 05:00:00,5.269822085945118e-07,1.8998194658217573e-06,1.9034472448005121e-06
2013-12-08 06:00:00,5.385917910340327e-07,1.909597563887315e-06,1.84285839319759e-06
2013-12-08 07:00:00,5.331637441592858e-07,1.91400926450691e-06,1.728298079801419e-06
2013-12-08 08:00:00,4.040580190882844e-07,1.5368271880192376e-06,1.3936006091513795e-06
2013-12-08 09:00:00,3.5411581969590583e-07,8.333894172946436e-07,1.1305674691845455e-06
2013-12-08 10:00:00,3.481380506716564e-07,8.5429525924132e-07,1.0461368222742506e-06
2013-12-08 11:00:00,3.2383742114940357e-07,6.647831694157587e-07,9.557263928051072e-07
2013-12-08 12:00:00,3.130373141407951e-07,6.345693078777236e-07,8.942223471366995e-07
2013-12-08 13:00:00,3.118077638037419e-07,6.789535366331138e-07,9.321067147593263e-07
2013-12-08 14:00:00,3.216160114812125e-07,7.937914494938981e-07,1.0149346645877409e-06
2013-12-08 15:00:00,3.2885811082234196e-07,9.407313086333241e-07,1.1012421221380751e-06
2013-12-08 16:00:00,3.254273881274588e-07,9.171979516946638e-07,1.0550767912408443e-06
2013-12-08 17:00:00,3.240212794825393e-07,9.12525616616775e-07,1.0474944024878191e-06
2013-12-08 18:00:00,3.230543557357812e-07,9.131873260864061e-07,1.0499849246115523e-06
2013-12-08 19:00:00,3.224912588852215e-07,9.068708298759772e-07,1.0671462633492017e-06
2013-12-08 20:00:00,3.2114968641689825e-07,9.016323396031864e-07,1.1087141817562327e-06
2013-12-08 21:00:00,3.2016262063513734e-07,8.980078505204612e-07,1.0277407519413982e-06
2013-12-08 22:00:00,3.2108167609088135e-07,8.847565877451275e-07,9.870196067249552e-07
2013-12-08 23:00:00,3.205103568482702e-07,8.858612797364166e-07,9.823470374548871e-07
2013-12-09 00:00:00,3.272826355874861e-07,8.885952916560758e-07,9.838753076994986e-07
2013-12-09 01:00:00,3.4032786097517463e-07,8.853203161341163e-07,9.880682155506198e-07
2013-12-09 02:00:00,3.4129185009906616e-07,8.886965873008931e-07,9.763354585287814e-07
2013-12-09 03:00:00,3.4258016873345214e-07,9.007061939982474e-07,1.0035700941248638e-06
2013-12-09 04:00:00,3.4932383442172753e-07,1.3054355986995092e-06,1.0880603133531506e-06
2013-12-09 05:00:00,3.514317931411194e-07,1.5466863062469396e-06,1.070207894938574e-06
2013-12-09 06:00:00,3.5562101680629303e-07,2.155507671065346e-06,1.0779855782730164e-06
2013-12-09 07:00:00,3.7294754200019243e-07,1.4551013888945216e-06,1.1103190441434379e-06
2013-12-09 08:00:00,3.755707457821457e-07,1.2251721672631067e-06,1.0168503774920334e-06
2013-12-09 09:00:00,3.6944571659875117e-07,1.1000820596684927e-06,7.801549336731209e-07
2013-12-09 10:00:00,4.374376553056061e-07,8.986338969566623e-07,1.036498517791309e-06
2013-12-09 11:00:00,4.583564453628839e-07,7.643514219472342e-07,1.0892680961640925e-06
2013-12-09 12:00:00,4.763603222347001e-07,8.999620196716073e-07,1.202781230301854e-06
2013-12-09 13:00:00,5.204274136382619e-07,1.1932208188384508e-06,1.2556895370758083e-06
2013-12-09 14:00:00,5.769217294728783e-07,1.3266279368972762e-06,1.8235202737817762e-06
2013-12-09 15:00:00,6.754712872567913e-07,3.7380430360725194e-06,0.07716593625269781
2013-12-09 16:00:00,7.073384000070419e-07,3.7756985059146945e-06,3.735577460038
2013-12-09 17:00:00,7.264638182519918e-07,3.55992012520952e-06,6.925439588781555
2013-12-09 18:00:00,7.315168593618002e-07,3.509193292569944e-06,9.011168971705608
2013-12-09 19:00:00,7.382728603061957e-07,3.509854120543128e-06,8.649155668947337
2013-12-09 20:00:00,7.696475036768139e-07,3.8362093239134054e-06,3.177483337173996
2013-12-09 21:00:00,8.205745753241572e-07,4.336940361577743e-06,4.426476813549021e-06
2013-12-09 22:00:00,9.749115028108818e-07,4.539379288012183e-06,4.833769378174403e-06
2013-12-09 23:00:00,1.023637626365243e-06,4.69671110246107e-06,5.026679067525162e-06
2013-12-10 00:00:00,9.676721212008153e-07,4.595359570098e-06,5.029834425227757e-06
2013-12-10 01:00:00,9.314374622634452e-07,5.028556117942764e-06,4.9436914874757605e-06
2013-12-10 02:00:00,8.985286449056757e-07,4.948742563151668e-06,4.903192569054447e-06
2013-12-10 03:00:00,8.168487742503477e-07,0.0007351162539586349,3.513146117588224
2013-12-10 04:00:00,8.433206553099882e-07,0.000530029179408548,30.778159053305835
2013-12-10 05:00:00,8.008400117250849e-07,0.0004820375343107597,41.207253270502434
2013-12-10 06:00:00,7.69928850880447e-07,0.0004711524463721871,33.58638169543338
2013-12-10 07:00:00,7.520395704212677e-07,0.00047911967042540667,26.429469902195912
2013-12-10 08:00:00,7.452776525625542e-07,0.0005922549071579529,18.865520625102054
2013-12-10 09:00:00,5.820508906161982e-07,0.00031215329002753564,0.058893341176508435
2013-12-10 10:00:00,4.7398706072626246e-07,7.303990333997922e-07,0.0002482158073162511
2013-12-10 11:00:00,4.6983188442103363e-07,6.618889694019762e-07,0.00024067478979284453
2013-12-10 12:00:00,4.818955911972088e-07,6.962305681986694e-07,2.8362413363821208e-06
2013-12-10 13:00:00,5.500026294121112e-07,1.5783125917989204e-06,3.5377778718563814e-06
2013-12-10 14:00:00,6.90785446809764e-07,2.375123390966083e-06,0.2349397280497635
2013-12-10 15:00:00,6.865935557972848e-07,3.6470875647087713,4.477954763593667
2013-12-10 16:00:00,7.248091872502797e-07,11.701592900876843,9.832365758287752
2013-12-10 17:00:00,7.192683843486443e-07,18.44306663016228,13.557698705451028
2013-12-10 18:00:00,7.274855546673307e-07,18.367235938258485,14.908463379222566
2013-12-10 19:00:00,7.525519121514805e-07,25.616582605360566,12.95143730444325
2013-12-10 20:00:00,7.348741517960252e-07,10.020682716044846,6.276983329661299
2013-12-10 21:00:00,7.795216877279769e-07,4.080233718952738e-06,0.20046619883406522
2013-12-10 22:00:00,8.264707217529262e-07,4.456461157018633e-06,0.22765883163421546
2013-12-10 23:00:00,8.579968928752034e-07,4.746203671621006e-06,0.23643576307749822
2013-12-11 00:00:00,8.326584389128232e-07,4.740387646567664e-06,0.24196095509031448
2013-12-11 01:00:00,8.357912656453103e-07,4.7917475940789205e-06,0.2503923039836889
2013-12-11 02:00:00,8.204253939732493e-07,4.6607273927284385e-06,0.25666640881420943
2013-12-11 03:00:00,8.085040731105726e-07,7.25440355780161,8.930276282159722
2013-12-11 04:00:00,6.935873678027808e-07,6.80791534819265,82.83558939197202
2013-12-11 05:00:00,6.989474948361739e-07,36.58851357523433,101.01573044878977
2013-12-11 06:00:00,6.981039749520408e-07,44.06162384179817,81.32991749850125
2013-12-11 07:00:00,6.967273044512082e-07,50.996757462829024,67.60729435848197
2013-12-11 08:00:00,6.956297445520358e-07,10.478586461703648,52.15081102941444
2013-12-11 09:00:00,7.226223404245834e-07,0.00032576740766074313,36.38629174907636
2013-12-11 10:00:00,7.846419789541176e-07,1.1891588508028202e-06,24.595825608163974
2013-12-11 11:00:00,7.474004294491443e-07,7.243344200509864e-07,17.0477992491129
2013-12-11 12:00:00,7.345187796301923e-07,8.599673925967453e-07,12.505258724012014
2013-12-11 13:00:00,7.812278480006083e-07,0.0003243905345601823,12.21120835747503
2013-12-11 14:00:00,7.205925499015812e-07,0.00047128015402672993,13.119840789081007
2013-12-11 15:00:00,6.933313424545222e-07,13.76155029295391,22.648669476497552
2013-12-11 16:00:00,6.93353745627584e-07,22.71430019862007,31.34862890718443
2013-12-11 17:00:00,6.933684521441544e-07,32.790732543748426,38.13314515558141
2013-12-11 18:00:00,6.933919588516198e-07,35.623331500331496,41.35462621576838
2013-12-11 19:00:00,6.934375332242061e-07,36.138932053030935,36.67603349478719
2013-12-11 20:00:00,7.357511327357452e-07,18.440509594704935,17.080539363971152
2013-12-11 21:00:00,7.515992022877177e-07,3.918820731076705e-06,1.4876933409523438
2013-12-11 22:00:00,7.029651316079385e-07,4.371991045389993e-06,0.25568037894940493
2013-12-11 23:00:00,6.882397847177406e-07,4.622932342726785e-06,0.2588363793895766
2013-12-12 00:00:00,6.886535601130448e-07,4.548312300954278e-06,0.2514818343381747
2013-12-12 01:00:00,7.003924243324938e-07,4.587809712586313e-06,0.2519759527103942
2013-12-12 02:00:00,6.922089062724392e-07,4.442096355982418e-06,0.2515092574162807
2013-12-12 03:00:00,7.40373196209981e-07,8.931302411843358,27.353885863875355
2013-12-12 04:00:00,7.101905909817589e-07,18.82636236490883,106.8802288863716
2013-12-12 05:00:00,7.134808472014186e-07,66.23046427954489,123.03330655198378
2013-12-12 06:00:00,7.014287415756341e-07,57.13289003313249,110.79443916942307
2013-12-12 07:00:00,6.749360100203853e-07,47.8664962399354,95.05539077564501
2013-12-12 08:00:00,6.101554428452188e-07,29.874915119528882,68.89726181483333
2013-12-12 09:00:00,5.142247984063017e-07,0.00043509315715013216,48.972657704937504
2013-12-12 10:00:00,5.792559648262651e-07,10.533591289856444,50.96296718045453
2013-12-12 11:00:00,4.894619587925342e-07,0.000328858714771598,28.144567323574215
2013-12-12 12:00:00,4.921309418281901e-07,0.0003089637257644205,24.50561468801727
2013-12-12 13:00:00,5.179056913125324e-07,0.0003536435615715638,25.472318705886348
2013-12-12 14:00:00,5.733567180313824e-07,0.0010865245702708429,37.25907840762871
2013-12-12 15:00:00,6.251960845898218e-07,26.315733187076596,47.76618951337748
2013-12-12 16:00:00,6.1072253015713e-07,34.93165609166603,50.97499559643558
2013-12-12 17:00:00,6.007252051706634e-07,52.08294476771594,50.28414490452191
2013-12-12 18:00:00,5.932514170989217e-07,55.87009733605368,51.77213516779339
2013-12-12 19:00:00,5.915032934823724e-07,45.55292257907987,48.28011969679939
2013-12-12 20:00:00,5.846312007813279e-07,29.776900964035388,33.478016710260334
2013-12-12 21:00:00,5.889390516858395e-07,10.414406537101533,8.03675194308831
2013-12-12 22:00:00,6.301228235694662e-07,5.3377028327502466e-06,0.1712089573176819
2013-12-12 23:00:00,6.217731370176948e-07,5.184129096740216e-06,0.1682731768927331
2013-12-13 00:00:00,6.253050497407852e-07,5.251123916347265e-06,0.16783487936931404
2013-12-13 01:00:00,6.483845062756096e-07,5.354867290887053e-06,0.17391883299141353
2013-12-13 02:00:00,6.766782133314889e-07,5.354543786077642e-06,4.0985806844557295
2013-12-13 03:00:00,7.490230626135575e-07,9.639155412654823,38.235817173699544
2013-12-13 04:00:00,7.048937061843568e-07,20.14137430523824,99.2478485041629
2013-12-13 05:00:00,7.066076775848407e-07,60.957139385705496,124.37411541805496
2013-12-13 06:00:00,6.799555779991618e-07,46.31054605740559,117.63557190211571
2013-12-13 07:00:00,6.470026631818918e-07,32.39257330267623,104.3650122088646
2013-12-13 08:00:00,6.460794756102074e-07,9.911635307551826,85.68010907182578
2013-12-13 09:00:00,5.804392525159622e-07,0.0003957768204371441,40.95742076990227
2013-12-13 10:00:00,5.430168196438956e-07,0.0003283665388847284,36.76726387871385
2013-12-13 11:00:00,5.239869868681398e-07,0.00030625065083107446,33.57235641517477
2013-12-13 12:00:00,5.215009514468756e-07,0.00031631223569220644,31.763695202473944
2013-12-13 13:00:00,5.579739718647069e-07,0.0003715835227986829,41.96717168716281
2013-12-13 14:00:00,6.353288208642789e-07,0.0005206802396955535,57.93326005421523
2013-12-13 15:00:00,7.031569081340841e-07,0.0004981954897891013,68.0937629259689
2013-12-13 16:00:00,6.990125592566125e-07,0.0005011710111533229,75.10619365155698
2013-12-13 17:00:00,6.786387945116045e-07,0.0005391096559522084,82.16421781229151
2013-12-13 18:00:00,6.681080274962619e-07,0.000590610922124332,85.8859477481296
2013-12-13 19:00:00,6.55657086012181e-07,0.0006242500777581076,77.20281570994491
2013-12-13 20:00:00,6.421083942803892e-07,0.000745195581415273,55.94490577666974
2013-12-13 21:00:00,6.33828792817417e-07,0.000726945162875643,22.20877180542483
2013-12-13 22:00:00,6.266007549653714e-07,3.1926761640070777e-06,2.217685329994255
2013-12-13 23:00:00,5.819965471062184e-07,2.702207196250801e-06,0.1908150710436918
2013-12-14 00:00:00,5.595749074362254e-07,2.7354017729343986e-06,0.18775408195932
2013-12-14 01:00:00,5.594416321422612e-07,2.8089169514486247e-06,0.18361310930898905
2013-12-14 02:00:00,5.837795872129226e-07,2.816561162462225e-06,3.1162251573559527
2013-12-14 03:00:00,6.295748139025817e-07,2.845815029920159e-06,22.76394879988271
2013-12-14 04:00:00,7.421900447030276e-07,6.216057762084971e-06,50.2160964305065
2013-12-14 05:00:00,7.483131820470767e-07,6.646164141477524e-06,56.8080227804376
2013-12-14 06:00:00,7.455340538599601e-07,6.710299902999128e-06,51.22661741749243
2013-12-14 07:00:00,7.057563752582765e-07,6.718211152634019e-06,48.97932237186112
2013-12-14 08:00:00,6.815524144214646e-07,2.7782541903591477e-06,11.419917829381488
2013-12-14 09:00:00,5.712908880051834e-07,9.106269708771549e-07,8.775482625497181
2013-12-14 10:00:00,5.707594691511312e-07,6.774686657232656e-07,6.053983188252645
2013-12-14 11:00:00,5.532182692752914e-07,5.761828937310083e-07,4.681209167239964
2013-12-14 12:00:00,5.110821188727462e-07,6.482601580535457e-07,4.216656632632897
2013-12-14 13:00:00,5.263328106292425e-07,6.672976893065696e-07,5.558259132839321
2013-12-14 14:00:00,5.385999679776138e-07,8.068854858338517e-07,12.16317092233097
2013-12-14 15:00:00,5.822601206154241e-07,1.0130739204689396e-06,29.191507646885597
2013-12-14 16:00:00,5.406969244086556e-07,1.0091204088221892e-06,27.787971698470184
2013-12-14 17:00:00,5.017386453446532e-07,1.0186212096745042e-06,26.7588815838517
2013-12-14 18:00:00,5.260498776718186e-07,1.0244200165808957e-06,28.347893693318362
2013-12-14 19:00:00,4.2179247737573996e-07,1.0010958871966269e-06,22.870899195029764
2013-12-14 20:00:00,3.657599536786128e-07,1.037167483641251e-06,16.897722150230646
2013-12-14 21:00:00,3.4577397100535336e-07,1.2863451145778739e-06,5.24924435578349
2013-12-14 22:00:00,3.467123701163342e-07,1.363229693608363e-06,1.692229784629751e-06
2013-12-14 23:00:00,3.4664615411531784e-07,1.3575941696660047e-06,1.460932157840322e-06
2013-12-15 00:00:00,3.469630559238891e-07,1.3442685119084786e-06,1.4238562170172663e-06
2013-12-15 01:00:00,3.4752410827253757e-07,1.3289220642687632e-06,1.418772876103546e-06
2013-12-15 02:00:00,3.4759523475588276e-07,1.3380737932141867e-06,1.4056199743847859e-06
2013-12-15 03:00:00,3.468243301905562e-07,1.369385325958395e-06,0.12213691675185509
2013-12-15 04:00:00,3.4660350429218915e-07,1.3417576437260235e-06,1.5857256672579854
2013-12-15 05:00:00,3.4694583578690255e-07,1.3088166975659916e-06,2.3424238447113157
2013-12-15 06:00:00,3.4799830501485117e-07,1.4085498430201871e-06,2.0556062828792014
2013-12-15 07:00:00,3.5104203848638435e-07,1.4909332246446658e-06,1.2396185048106434
2013-12-15 08:00:00,3.5500124257069877e-07,1.338993576360759e-06,0.10314117260007918
2013-12-15 09:00:00,3.6233453188187005e-07,1.1497116845870851e-06,0.03179544707632915
2013-12-15 10:00:00,3.927252998745312e-07,1.1392545431542765e-06,0.014535177102239739
2013-12-15 11:00:00,3.8057956557280264e-07,8.915558730236392e-07,0.017369800761786812
2013-12-15 12:00:00,3.8199874931865387e-07,1.1080522552816994e-06,0.04655863907120059
2013-12-15 13:00:00,3.954900097404051e-07,1.196007550909138e-06,0.06324790871921095
2013-12-15 14:00:00,4.060920949546189e-07,1.213050082652596e-06,0.13999350913679431
2013-12-15 15:00:00,4.087255762176851e-07,1.152549971087566e-06,0.1530387639586385
2013-12-15 16:00:00,3.9283984304017835e-07,1.0855278536512165e-06,0.14202516701576057
2013-12-15 17:00:00,3.7571086767658635e-07,1.0856940642448828e-06,0.13626090771277352
2013-12-15 18:00:00,3.699486714804943e-07,1.0884602339954876e-06,0.1315574010870453
2013-12-15 19:00:00,3.616269093381319e-07,1.2169869733252393e-06,0.13041207616552342
2013-12-15 20:00:00,3.598850413304329e-07,1.3497737556744612e-06,0.13136172203648583
2013-12-15 21:00:00,3.5741737070056694e-07,1.3918372401123025e-06,0.13478922450636868
2013-12-15 22:00:00,3.541896876996165e-07,1.388747488887979e-06,1.3073365269478291e-06
2013-12-15 23:00:00,3.5449772026551327e-07,1.3726867984487532e-06,1.2942349218490088e-06
2013-12-16 00:00:00,3.5540441376822144e-07,1.3710375742933307e-06,1.2896745543212454e-06
2013-12-16 01:00:00,3.5423897285774215e-07,1.3757647306336092e-06,1.2780446380862278e-06
2013-12-16 02:00:00,3.533880527767214e-07,1.3850792530189387e-06,0.021680365883754223
2013-12-16 03:00:00,3.523023590013939e-07,1.389999467205397e-06,0.1266401119817905
2013-12-16 04:00:00,3.526408170410513e-07,1.365578989080543e-06,0.11821060817010721
2013-12-16 05:00:00,3.540682497846424e-07,1.248023383528858e-06,0.11344956085332521
2013-12-16 06:00:00,3.528620222196896e-07,1.1769197930225817e-06,0.11172287263101853
2013-12-16 07:00:00,3.503491908040311e-07,1.1316498760208715e-06,0.1114727909711943
2013-12-16 08:00:00,3.4543259713968816e-07,1.1255598794640395e-06,7.855248735522452e-07
2013-12-16 09:00:00,3.1458666649595377e-07,6.012312252283088e-07,7.357658948398315e-07
2013-12-16 10:00:00,3.1353343924936683e-07,5.785419778741515e-07,7.789566872176727e-07
2013-12-16 11:00:00,3.3114399882264765e-07,5.536650495555637e-07,8.066006371417426e-07
2013-12-16 12:00:00,3.183134350611424e-07,5.902620045870152e-07,8.082519290993339e-07
2013-12-16 13:00:00,3.1244820928801337e-07,6.855217123590631e-07,7.197257174714296e-07
2013-12-16 14:00:00,3.3747098774343695e-07,9.014239098840647e-07,1.1472925777845876e-06
2013-12-16 15:00:00,3.6047022587052384e-07,1.965153377261994e-06,0.058619782712727254
2013-12-16 16:00:00,3.574309575473394e-07,1.9354840480022583e-06,0.06068198135059336
2013-12-16 17:00:00,3.6924737093950607e-07,1.9588032372857952e-06,0.07087889243232906
2013-12-16 18:00:00,3.7616043214541177e-07,2.0210605259910263e-06,0.07095948279342741
2013-12-16 19:00:00,4.194178215651369e-07,2.0785258453174804e-06,0.07205654409349702
2013-12-16 20:00:00,5.74120362143679e-07,2.0981318282762887e-06,0.06297410978259466
2013-12-16 21:00:00,6.655988450136015e-07,2.3332651513506425e-06,0.03094896803126766
2013-12-16 22:00:00,7.304014229576623e-07,2.563423773837174e-06,1.5055721098541855e-06
2013-12-16 23:00:00,8.179987150312694e-07,3.3725167601615886e-06,1.5500491623146266e-06
2013-12-17 00:00:00,9.694119949818682e-07,3.268794613533179e-06,1.5915485943014017e-06
2013-12-17 01:00:00,8.745075004984758e-07,3.314827883966257e-06,1.6518341949931029e-06
2013-12-17 02:00:00,9.019125814365506e-07,2.6870466975579107e-06,1.9792951068435526e-06
2013-12-17 03:00:00,8.390293021214549e-07,2.3437072054248725e-06,0.044648077616159125
2013-12-17 04:00:00,7.845478854002645e-07,1.9010625744639912e-06,0.12138805413519342
2013-12-17 05:00:00,7.991997160412441e-07,3.249116619875959e-06,0.15002943594889667
2013-12-17 06:00:00,7.838469024892505e-07,2.920925381751101e-06,0.13174785234831546
2013-12-17 07:00:00,7.134053200451332e-07,2.1728074910388796e-06,0.13016782233096466
2013-12-17 08:00:00,7.880221901128794e-07,2.7245399001418334e-06,1.4101346734556372e-06
2013-12-17 09:00:00,9.26996251183226e-07,2.108769169317291e-06,1.1802463906671688e-06
2013-12-17 10:00:00,9.367841067907761e-07,2.037859953246323e-06,1.2688010778657331e-06
2013-12-17 11:00:00,9.718580288542164e-07,1.4172074155253631e-06,1.2667857004026738e-06
2013-12-17 12:00:00,9.126376823152322e-07,1.815746992739198e-06,1.5320469907218545e-06
2013-12-17 13:00:00,7.943508290864362e-07,1.9803351891945313e-06,1.4693214862182606e-06
2013-12-17 14:00:00,1.2103809596393093e-06,1.1708821836563268e-06,4.773527868242283
2013-12-17 15:00:00,1.3437931064540058e-06,1.4965438015089634e-06,13.357209781677218
2013-12-17 16:00:00,1.4559961348329606e-06,1.3975139494044725e-06,22.355539052665776
2013-12-17 17:00:00,1.551120228101024e-06,1.3574805363359682e-06,30.264887536848615
2013-12-17 18:00:00,1.4783288565780163e-06,1.3224348690658178e-06,34.57205894892876
2013-12-17 19:00:00,1.3466895244580041e-06,1.2889451856150272e-06,32.09650313334935
2013-12-17 20:00:00,1.1592663035023245e-06,1.2159007524925586e-06,19.904796537604014
2013-12-17 21:00:00,8.580469098614396e-07,1.2832464287566538e-06,1.913413355739522
2013-12-17 22:00:00,9.066120137476695e-07,1.3541024359352533e-06,0.012433801056292331
2013-12-17 23:00:00,7.202530296437465e-07,1.4431440287793671e-06,4.924254265832089e-06
2013-12-18 00:00:00,6.122599744361943e-07,1.6829828321349177e-06,0.04518842195449391
2013-12-18 01:00:00,5.759930414521028e-07,2.955172193571782e-06,0.06993839460777805
2013-12-18 02:00:00,5.49077686409437e-07,3.502203939223993e-06,0.17366907805863246
2013-12-18 03:00:00,5.255807146713769e-07,3.2567014527813064e-06,7.361480889924285
2013-12-18 04:00:00,5.086194348230756e-07,2.566199500333969e-06,26.851894856482875
2013-12-18 05:00:00,4.967848104275086e-07,2.1768121694526197e-06,33.73292919936987
2013-12-18 06:00:00,4.86174778521371e-07,1.9473779092647617e-06,28.418921452361953
2013-12-18 07:00:00,4.7472939672825304e-07,1.570072523334614e-06,23.161816944141815
2013-12-18 08:00:00,4.5369460597851084e-07,1.3591722767834143e-06,7.8903806296441985
2013-12-18 09:00:00,3.5839368004031303e-07,8.031050432841464e-07,4.043704839834484
2013-12-18 10:00:00,3.768546044745827e-07,7.870328175614943e-07,3.420286472831051
2013-12-18 11:00:00,3.637049648962907e-07,7.085252536594294e-07,2.866899524125889
2013-12-18 12:00:00,3.5874907751902065e-07,6.407789611663534e-07,2.4264412657490846
2013-12-18 13:00:00,3.685284489148185e-07,6.259369085494756e-07,5.395391738559367
2013-12-18 14:00:00,4.0124212112216775e-07,7.577389211495279e-07,6.2132926267329704
2013-12-18 15:00:00,4.3526426208526805e-07,1.126285599189861e-06,7.5794081759480365
2013-12-18 16:00:00,4.201326767137701e-07,1.0881442646089854e-06,8.37029924965012
2013-12-18 17:00:00,4.0200007177048295e-07,1.054593883872697e-06,9.059316153199424
2013-12-18 18:00:00,3.808650952292306e-07,1.0090441878755783e-06,8.989063904846898
2013-12-18 19:00:00,3.559487688681329e-07,9.96457311101966e-07,8.482993188405494
2013-12-18 20:00:00,3.5557700300817127e-07,1.0234375403994625e-06,6.190784291892545
2013-12-18 21:00:00,3.5047688938587967e-07,1.082832671161806e-06,2.4804868926473285
2013-12-18 22:00:00,3.4782698288865543e-07,9.501766542576587e-07,0.05904140906900011
2013-12-18 23:00:00,3.4470414623110083e-07,8.601664585999219e-07,1.2560912204483587e-06
2013-12-19 00:00:00,3.434174409734516e-07,8.573685565937029e-07,1.1359282080638826e-06
2013-12-19 01:00:00,3.4241071369500403e-07,8.574015441615858e-07,1.064342929320471e-06
2013-12-19 02:00:00,3.4200136523764536e-07,8.554533663761223e-07,0.030173351066103516
2013-12-19 03:00:00,3.4187906182045445e-07,8.507890205635222e-07,1.5983234499272492
2013-12-19 04:00:00,3.4183048376721956e-07,8.485525944963028e-07,7.220942675007758
2013-12-19 05:00:00,3.42096594057809e-07,8.614089650807852e-07,8.555893703505527
2013-12-19 06:00:00,3.4444967148429687e-07,1.2739577702516161e-06,7.607012937854838
2013-12-19 07:00:00,3.5126527484639206e-07,1.2475892620610875e-06,6.6612187157748615
2013-12-19 08:00:00,3.6047585049605335e-07,1.2154002537509582e-06,1.525748306212703
2013-12-19 09:00:00,3.623314109705981e-07,7.61208895797388e-07,0.09731612531069293
2013-12-19 10:00:00,3.9924302935509834e-07,6.422764846191253e-07,0.1057108077493458
2013-12-19 11:00:00,3.713807233076803e-07,5.613665286097898e-07,0.10725865959066413
2013-12-19 12:00:00,3.495363552988094e-07,5.708348920182594e-07,0.12167388426203066
2013-12-19 13:00:00,3.772861193696382e-07,8.440286506969714e-07,0.12680830473730442
2013-12-19 14:00:00,4.366698698990625e-07,1.6380889182347e-06,2.7445799859022304
2013-12-19 15:00:00,4.595389848373655e-07,1.3912672545761808e-06,4.185867065537388
2013-12-19 16:00:00,4.622633806213462e-07,1.3196906217909825e-06,5.200222618066429
2013-12-19 17:00:00,4.6698109409735226e-07,1.3379923988853458e-06,6.265219835605813
2013-12-19 18:00:00,4.64200129107025e-07,1.3425263579227952e-06,7.025985523698334
2013-12-19 19:00:00,4.460591330515429e-07,1.373827441993895e-06,6.783229204318392
2013-12-19 20:00:00,4.343911840332392e-07,1.446035296966386e-06,4.084415136113894
2013-12-19 21:00:00,4.1867439003026043e-07,1.5386262267665183e-06,0.14352736355580661
2013-12-19 22:00:00,4.3065937669160233e-07,1.8821735939622667e-06,2.4373438512691742e-06
2013-12-19 23:00:00,4.399535175874496e-07,2.055540800923289e-06,2.4169469564255995e-06
2013-12-20 00:00:00,4.5370288307937437e-07,1.819292741422485e-06,2.5593925381743315e-06
2013-12-20 01:00:00,4.569042487901688e-07,1.7509376955056229e-06,2.5210512158671543e-06
2013-12-20 02:00:00,4.497371573084978e-07,1.7971211789629834e-06,2.401017578031109e-06
2013-12-20 03:00:00,4.6462183860804163e-07,1.8088134162530931e-06,0.15494948358501015
2013-12-20 04:00:00,4.6440247056291625e-07,1.4598194283634567e-06,17.08682809520069
2013-12-20 05:00:00,4.4525347418026994e-07,1.3390948909046898e-06,23.21387691219486
2013-12-20 06:00:00,4.355940138187787e-07,1.3096182266226715e-06,19.41057171194246
2013-12-20 07:00:00,4.302011367203839e-07,1.323405245683289e-06,15.319557189676688
2013-12-20 08:00:00,4.3446624472171567e-07,1.4424766248181591e-06,7.347231912220095
2013-12-20 09:00:00,3.349841565303685e-07,7.195042185830288e-07,2.0536111154835597
2013-12-20 10:00:00,3.173217634546808e-07,6.052641702836778e-07,0.9824636845852197
2013-12-20 11:00:00,3.0843074632704135e-07,5.760948672778661e-07,1.4612928029339256
2013-12-20 12:00:00,3.138987436444846e-07,6.281831317379048e-07,0.8727890116950963
2013-12-20 13:00:00,3.2457203561007476e-07,7.590129210585942e-07,0.7108712403663808
2013-12-20 14:00:00,3.4627736341920425e-07,1.173576281446586e-06,0.9154502150084238
2013-12-20 15:00:00,3.6096309028446983e-07,1.295010202099313e-06,2.099592302410124
2013-12-20 16:00:00,3.486878349768034e-07,1.2653503726123188e-06,4.4987300975333655
2013-12-20 17:00:00,3.5346711089450824e-07,1.2000246632790929e-06,6.545964034120041
2013-12-20 18:00:00,3.5836279737140025e-07,1.1395661301681212e-06,7.660841349478861
2013-12-20 19:00:00,3.546983779182432e-07,1.1619192510689676e-06,4.396678053262084
2013-12-20 20:00:00,3.580102750003159e-07,1.3073266706298047e-06,1.2052685490718973
2013-12-20 21:00:00,3.706019836344359e-07,1.4446735159092523e-06,0.03496988569366454
2013-12-20 22:00:00,3.7426468036990215e-07,1.563147590312035e-06,1.5956899322822648e-06
2013-12-20 23:00:00,3.787327158851309e-07,1.6747653916971053e-06,1.67874587501566e-06
2013-12-21 00:00:00,3.8410089589271097e-07,1.754507726376508e-06,1.7275077838294498e-06
2013-12-21 01:00:00,3.863951136885267e-07,1.7783066339665546e-06,1.7567701758976878e-06
2013-12-21 02:00:00,3.8618002928256345e-07,1.7396367589656599e-06,0.03092342350084903
2013-12-21 03:00:00,3.812166124925035e-07,1.590105907439668e-06,2.613722579489155
2013-12-21 04:00:00,3.6522593923271064e-07,1.2647616899328058e-06,9.234026829460005
2013-12-21 05:00:00,3.62768162746651e-07,1.1761547210336736e-06,11.31323413873496
2013-12-21 06:00:00,3.611644942558344e-07,1.208393696758453e-06,8.753808900732635
2013-12-21 07:00:00,3.5895492975126175e-07,1.2013075851169083e-06,7.37862713636937
2013-12-21 08:00:00,3.524137556169687e-07,1.2961887117505957e-06,0.1166150331181614
2013-12-21 09:00:00,3.548508201191956e-07,1.1982659620846165e-06,1.1610148656995592e-06
2013-12-21 10:00:00,3.780794302440995e-07,1.120530436138478e-06,1.1610562870687597e-06
2013-12-21 11:00:00,3.9756876298869237e-07,1.0598127914807686e-06,1.0927560074990506e-06
2013-12-21 12:00:00,3.966598757581152e-07,1.0950370263672895e-06,1.1646730990160498e-06
2013-12-21 13:00:00,3.6060567143326547e-07,1.2115548287425546e-06,1.245401023757741e-06
2013-12-21 14:00:00,3.565683026442787e-07,1.1855166074605546e-06,1.320513575947606e-06
2013-12-21 15:00:00,3.494075760601849e-07,1.1799881111020254e-06,1.2913688563814475e-06
2013-12-21 16:00:00,3.470489729736912e-07,1.1596281643697119e-06,1.2586738469386066e-06
2013-12-21 17:00:00,3.491851867633698e-07,1.142772723770981e-06,1.2436833838003422e-06
2013-12-21 18:00:00,3.534024038733939e-07,1.1448193467581876e-06,1.238632883818537e-06
2013-12-21 19:00:00,3.616722661047443e-07,1.154680325897801e-06,1.2488326225381433e-06
2013-12-21 20:00:00,3.739110894611677e-07,1.6156763190802278e-06,1.252357950748619e-06
2013-12-21 21:00:00,4.05954863730867e-07,1.9774476619328263e-06,1.0324708586261816e-06
2013-12-21 22:00:00,4.1267155187174716e-07,1.9769565777121e-06,9.362087922308313e-07
2013-12-21 23:00:00,4.209148301998755e-07,1.9783696491586526e-06,1.0083543367159562e-06
2013-12-22 00:00:00,4.2794736208738217e-07,1.975848910198563e-06,1.142970199761392e-06
2013-12-22 01:00:00,4.3075506848394113e-07,1.9817243912548283e-06,1.156584437108306e-06
2013-12-22 02:00:00,4.32579071199558e-07,1.998709674560406e-06,1.1449540437355307e-06
2013-12-22 03:00:00,4.23010619581603e-07,2.03247835543867e-06,1.064376392275215e-06
2013-12-22 04:00:00,3.98727789177436e-07,2.0845036132551805e-06,9.712081771811567e-07
2013-12-22 05:00:00,3.954302957435237e-07,2.1291559536793442e-06,9.48485457327584e-07
2013-12-22 06:00:00,3.9566962935999443e-07,2.1076093574223314e-06,9.453512284126687e-07
2013-12-22 07:00:00,3.9372269623136826e-07,2.0509872468576256e-06,9.386735750850976e-07
2013-12-22 08:00:00,3.9082642236234175e-07,2.005563913680277e-06,1.001550443379242e-06
2013-12-22 09:00:00,4.012858120573614e-07,1.495871371396071e-06,9.645722871971514e-07
2013-12-22 10:00:00,3.983653927855024e-07,1.1701845182849503e-06,9.249051063932625e-07
2013-12-22 11:00:00,4.007884109685928e-07,1.0828601477036915e-06,9.191904175641073e-07
2013-12-22 12:00:00,3.974728953569726e-07,1.2148830189445824e-06,9.215131288770007e-07
2013-12-22 13:00:00,3.889131256964402e-07,1.2555727972730104e-06,9.491972621945857e-07
2013-12-22 14:00:00,3.806534030590662e-07,1.630362187384807e-06,9.555368301126348e-07
2013-12-22 15:00:00,3.7274586569448854e-07,1.857895847163712e-06,9.275633048681552e-07
2013-12-22 16:00:00,3.6976336566211245e-07,1.7875740677521846e-06,8.841854331231587e-07
2013-12-22 17:00:00,3.706404943075053e-07,1.769217764783755e-06,8.775839617008063e-07
2013-12-22 18:00:00,3.7322991160245574e-07,1.7973864347765395e-06,8.786238460067961e-07
2013-12-22 19:00:00,3.77754881716198e-07,1.8943121854203546e-06,8.941975694983448e-07
2013-12-22 20:00:00,3.8517762212228907e-07,2.041077054399039e-06,9.42795715675679e-07
2013-12-22 21:00:00,4.0404109678949296e-07,2.0681491879551745e-06,1.0174928497416233e-06
2013-12-22 22:00:00,4.2098916892542115e-07,2.3718501975202216e-06,1.086916314076926e-06
2013-12-22 23:00:00,4.3312453863614927e-07,2.4110349488473942e-06,1.1305307364750435e-06
2013-12-23 00:00:00,4.388491184566426e-07,2.311686897286802e-06,1.1457989990923067e-06
2013-12-23 01:00:00,4.305505197349857e-07,2.2985321560720108e-06,1.1663157898810135e-06
2013-12-23 02:00:00,4.1054122140656385e-07,2.535147680078923e-06,1.1649312580310346e-06
2013-12-23 03:00:00,4.108062897646752e-07,2.717587893250621e-06,1.083590628120271e-06
2013-12-23 04:00:00,3.874960186324706e-07,1.6410914800326917e-06,9.089387021500907e-07
2013-12-23 05:00:00,3.9179567434493334e-07,1.7408889332261787e-06,8.34981756176278e-07
2013-12-23 06:00:00,3.9140553412503533e-07,1.1432653871587253e-06,8.638636515459568e-07
2013-12-23 07:00:00,3.853069402666708e-07,1.1551887307321394e-06,9.343806136045202e-07
2013-12-23 08:00:00,3.730441826729516e-07,1.0961970393436274e-06,8.694762656094478e-07
2013-12-23 09:00:00,3.9876302955270576e-07,9.85091912313903e-07,9.839223081282855e-07
2013-12-23 10:00:00,4.0704368412375786e-07,1.0053492646730265e-06,9.719523883173744e-07
2013-12-23 11:00:00,4.09919421243286e-07,1.146808199778198e-06,1.004523432726507e-06
2013-12-23 12:00:00,3.94582677036987e-07,1.181869054042657e-06,9.706960100428787e-07
2013-12-23 13:00:00,3.89775924267857e-07,1.317468012958916e-06,1.011164903572553e-06
2013-12-23 14:00:00,3.728862906759033e-07,1.5044896660027418e-06,9.121246207498049e-07
2013-12-23 15:00:00,3.6850538279327006e-07,1.8268717926966683e-06,8.472186754868351e-07
2013-12-23 16:00:00,4.983248838334229e-07,1.2722195545747327e-06,7.706542542642162e-07
2013-12-23 17:00:00,5.097006220736719e-07,1.2679925989234815e-06,7.654749113792268e-07
2013-12-23 18:00:00,5.479607091964461e-07,1.3247382408175293e-06,7.688965784661834e-07
2013-12-23 19:00:00,5.642536426612329e-07,1.4203217777085976e-06,8.029397702662302e-07
2013-12-23 20:00:00,5.622788995108999e-07,1.541221045089344e-06,8.619705637613162e-07
2013-12-23 21:00:00,5.702436236507745e-07,1.70209007107271e-06,9.367952469647653e-07
2013-12-23 22:00:00,4.2408446705954856e-07,1.9745383629683407e-06,1.1213813377266346e-06
2013-12-23 23:00:00,4.309665871105311e-07,2.09942892165508e-06,1.1775261136972124e-06
2013-12-24 00:00:00,4.6638059413050545e-07,2.1784567049726188e-06,1.2337542508695107e-06
2013-12-24 01:00:00,5.70803241018706e-07,2.188133189034403e-06,1.1920611737003174e-06
2013-12-24 02:00:00,6.91909909853289e-07,2.18802691036065e-06,1.105003423598632e-06
2013-12-24 03:00:00,6.939315611693263e-07,2.055796323617069e-06,1.037775183657172e-06
2013-12-24 04:00:00,6.204913463389896e-07,1.7787006306955915e-06,9.278104702484472e-07
2013-12-24 05:00:00,6.328929506588466e-07,1.5706320343288857e-06,8.833886102667012e-07
2013-12-24 06:00:00,5.928173029918029e-07,1.449106645873505e-06,8.494528442774314e-07
2013-12-24 07:00:00,4.997749002959242e-07,1.5280482044871993e-06,8.506146357066362e-07
2013-12-24 08:00:00,4.1600135418009467e-07,1.8299528816951586e-06,9.63861869400335e-07
2013-12-24 09:00:00,3.959715046162088e-07,1.6956069741919572e-06,1.0342227387168722e-06
2013-12-24 10:00:00,3.940045281701842e-07,1.6152536246514271e-06,1.063147729862656e-06
2013-12-24 11:00:00,3.9320823622583737e-07,1.5702931296973057e-06,1.038211489369199e-06
2013-12-24 12:00:00,3.9221864991396197e-07,1.5505968933579424e-06,1.0619327688697982e-06
2013-12-24 13:00:00,3.840390356698289e-07,1.6135799592233765e-06,1.0950008332796308e-06
2013-12-24 14:00:00,3.8525608972669153e-07,1.7276381495435366e-06,1.0380279039445573e-06
2013-12-24 15:00:00,3.784367861590909e-07,1.9840042131638034e-06,1.003398256038533e-06
2013-12-24 16:00:00,3.757106015959012e-07,1.924598973422687e-06,9.775939897271622e-07
2013-12-24 17:00:00,3.7914895746056784e-07,1.949435796795678e-06,9.690580094622623e-07
2013-12-24 18:00:00,3.9520288852930945e-07,2.1365184234185234e-06,1.0049748081449813e-06
2013-12-24 19:00:00,4.205812659020826e-07,2.395526610079601e-06,1.0438028563670948e-06
2013-12-24 20:00:00,4.3641932167918533e-07,2.4156725401833504e-06,1.198372241831918e-06
2013-12-24 21:00:00,4.5435506888788837e-07,2.433514903247923e-06,1.2114552271654974e-06
2013-12-24 22:00:00,4.611832773051571e-07,2.3714009141036523e-06,1.2383183329014447e-06
2013-12-24 23:00:00,4.761965637923155e-07,2.42120480185781e-06,1.2767536462747582e-06
2013-12-25 00:00:00,4.7466412824298483e-07,2.264353247725e-06,1.2338846590541575e-06
2013-12-25 01:00:00,4.7297158868636517e-07,2.1017119307175555e-06,1.2295791172730762e-06
2013-12-25 02:00:00,4.705944717436791e-07,2.0687161896349824e-06,1.2253551878120155e-06
2013-12-25 03:00:00,4.7502084034137805e-07,1.9919503250157665e-06,1.1823330600765863e-06
2013-12-25 04:00:00,4.514967746934265e-07,2.0510990479580487e-06,1.0669066204006775e-06
2013-12-25 05:00:00,3.812128286584748e-07,1.317413029979268e-06,9.97223324337175e-07
2013-12-25 06:00:00,3.5853737472437753e-07,9.771504840121917e-07,9.118856075248361e-07
2013-12-25 07:00:00,3.6711764774696835e-07,9.298599093410572e-07,8.317763790760488e-07
2013-12-25 08:00:00,3.734642911028546e-07,9.47726842158824e-07,7.700833901143816e-07
2013-12-25 09:00:00,3.3071430289518467e-07,7.202529119999801e-07,7.937284385216132e-07
2013-12-25 10:00:00,3.3645541317034184e-07,6.53984281099157e-07,8.520140074060201e-07
2013-12-25 11:00:00,3.28625823743339e-07,7.012963437169533e-07,9.081806025343035e-07
2013-12-25 12:00:00,3.3688990017122755e-07,9.63758264674343e-07,9.536266604373082e-07
2013-12-25 13:00:00,3.635184652317929e-07,1.813953313545064e-06,1.3119919957195185e-06
2013-12-25 14:00:00,4.5258343537883545e-07,2.3011703847355666e-06,1.4739192400073066e-06
2013-12-25 15:00:00,5.178544575815859e-07,2.0545448903346987e-06,1.8486540180049518e-06
2013-12-25 16:00:00,5.415494428925879e-07,2.230471707812413e-06,2.0437010657297582e-06
2013-12-25 17:00:00,5.672484625593295e-07,1.9030031319669216e-06,2.1523954507024607e-06
2013-12-25 18:00:00,6.009671614255442e-07,1.809649857215144e-06,2.203271485304807e-06
2013-12-25 19:00:00,6.4012140641099e-07,1.9225579905611922e-06,2.352682320712039e-06
2013-12-25 20:00:00,6.852293177683388e-07,1.946299258134623e-06,2.455207636991254e-06
2013-12-25 21:00:00,7.300783697751067e-07,2.097132021294583e-06,2.5627392518309967e-06
2013-12-25 22:00:00,7.761154883873037e-07,2.491508939251429e-06,2.705140032102151e-06
2013-12-25 23:00:00,8.911619582977882e-07,4.3969798447032285e-06,2.9649401517206216e-06
2013-12-26 00:00:00,9.354746593332675e-07,2.5130759989058904e-06,2.9092218659987006e-06
2013-12-26 01:00:00,9.364765393026164e-07,2.3627979344132377e-06,2.8860174624522453e-06
2013-12-26 02:00:00,9.170974250088072e-07,2.26819192928167e-06,2.771205009838167e-06
2013-12-26 03:00:00,8.681895377888342e-07,2.326294937512735e-06,2.8049011651240246e-06
2013-12-26 04:00:00,8.320868616414385e-07,2.411953701021758e-06,3.1469689935358087e-06
2013-12-26 05:00:00,8.150948680594917e-07,2.118117359795373e-06,3.2051748224585745e-06
2013-12-26 06:00:00,8.222673272550174e-07,2.1301429719204363e-06,3.3988141806619827e-06
2013-12-26 07:00:00,8.466651458003491e-07,2.1380528219106e-06,3.51074563985131e-06
2013-12-26 08:00:00,8.632960160719011e-07,2.0045221528130423e-06,3.1986630555009403e-06
2013-12-26 09:00:00,8.420803745758185e-07,2.5070895973282256e-06,2.9590818578773244e-06
2013-12-26 10:00:00,9.184284365189939e-07,1.2242491685249429e-06,2.9896951749836556e-06
2013-12-26 11:00:00,8.373879288533934e-07,1.172209648256186e-06,2.817341724770065e-06
2013-12-26 12:00:00,7.816187183531289e-07,1.2571406570184109e-06,2.650405738185234e-06
2013-12-26 13:00:00,8.000002992339675e-07,1.3691344528059476e-06,2.9490665180002695e-06
2013-12-26 14:00:00,7.948282129531614e-07,1.6576796112897438e-06,2.730826039949001e-06
2013-12-26 15:00:00,7.401859916716082e-07,2.1318720378471955e-06,3.0247418946174724e-06
2013-12-26 16:00:00,7.532340581565714e-07,2.0584187527384195e-06,3.0150755077496537e-06
2013-12-26 17:00:00,7.682684086636659e-07,2.2977386563515937e-06,3.001754445472674e-06
2013-12-26 18:00:00,8.31550533089997e-07,2.3315261737421207e-06,2.8621241862649984e-06
2013-12-26 19:00:00,8.042046331055974e-07,2.361056750841625e-06,2.8824451247692287e-06
2013-12-26 20:00:00,6.692430432649124e-07,1.9984492659857876e-06,2.5487840853723424e-06
2013-12-26 21:00:00,6.063573309919486e-07,2.0043367515883957e-06,2.2016309607936283e-06
2013-12-26 22:00:00,5.536313295840065e-07,1.4925482059341257e-06,1.899122322827796e-06
2013-12-26 23:00:00,5.268341447421629e-07,1.3649240056773293e-06,1.7305754134725553e-06
2013-12-27 00:00:00,4.958327724851825e-07,1.2503920202726874e-06,1.65406896640783e-06
2013-12-27 01:00:00,3.885478760049921e-07,1.0551844060998604e-06,1.501891052627928e-06
2013-12-27 02:00:00,3.716252569606093e-07,1.0753063740884952e-06,1.4697758483497142e-06
2013-12-27 03:00:00,3.511377020854516e-07,1.0902386856919395e-06,1.37155111056089e-06
2013-12-27 04:00:00,3.4364858079720567e-07,1.0761019436207853e-06,1.30479671445811e-06
2013-12-27 05:00:00,3.4473951069692857e-07,9.558227563512828e-07,1.2032185708086668e-06
2013-12-27 06:00:00,3.542590676952822e-07,8.945631883710163e-07,1.1004403453764678e-06
2013-12-27 07:00:00,4.22049840996025e-07,8.855085532286916e-07,1.0427067419954731e-06
2013-12-27 08:00:00,4.558023703935755e-07,9.677286415110428e-07,7.224676549196483e-07
2013-12-27 09:00:00,3.789256208485469e-07,9.518869530929916e-07,6.928152975754401e-07
2013-12-27 10:00:00,3.553991269935856e-07,9.256993389942134e-07,7.237410968633536e-07
2013-12-27 11:00:00,3.338012032880922e-07,9.592262323825749e-07,7.332296103231462e-07
2013-12-27 12:00:00,3.400369973361203e-07,9.450410682778009e-07,7.29028007232606e-07
2013-12-27 13:00:00,4.1475153907492965e-07,9.657405108845418e-07,7.186914134589207e-07
2013-12-27 14:00:00,3.9583436240794114e-07,1.006309411475361e-06,7.659228863181271e-07
2013-12-27 15:00:00,3.477380926913198e-07,1.0652194842204375e-06,7.30691412047724e-07
2013-12-27 16:00:00,3.5009250254204704e-07,1.0702944930494843e-06,7.246730577110898e-07
2013-12-27 17:00:00,3.510477315157003e-07,1.093344576682262e-06,7.2234835011192e-07
2013-12-27 18:00:00,3.548521788058496e-07,1.1104221002071784e-06,7.368305747746823e-07
2013-12-27 19:00:00,3.5665246126061117e-07,1.1252631599758649e-06,7.591915589220626e-07
2013-12-27 20:00:00,3.61414922077247e-07,1.1410237568834824e-06,7.88761604788132e-07
2013-12-27 21:00:00,3.6943407748093034e-07,1.149763192806668e-06,8.421527545897553e-07
2013-12-27 22:00:00,3.8947442587939095e-07,1.1508334604138596e-06,8.988749887475593e-07
2013-12-27 23:00:00,4.0265392186859936e-07,1.1544042774396892e-06,9.294821962281358e-07
2013-12-28 00:00:00,4.040839803024815e-07,1.1549550386447317e-06,9.482005863668719e-07
2013-12-28 01:00:00,4.0426902071624576e-07,1.1587780512447692e-06,9.408624888121041e-07
2013-12-28 02:00:00,4.176667602583762e-07,1.1340780134508221e-06,9.154468803830392e-07
2013-12-28 03:00:00,4.277179381556184e-07,1.0098285405755115e-06,8.893985621681038e-07
2013-12-28 04:00:00,4.448364333116588e-07,9.73805676157266e-07,8.84788188088724e-07
2013-12-28 05:00:00,4.2362501256319517e-07,1.368874538724049e-06,9.06167345246421e-07
2013-12-28 06:00:00,4.109987107816584e-07,1.871322617161463e-06,9.038372945015275e-07
2013-12-28 07:00:00,4.0191328313863523e-07,2.1066807847152467e-06,8.790874393239277e-07
2013-12-28 08:00:00,4.2000672888782304e-07,2.0322974984851454e-06,8.420912035615858e-07
2013-12-28 09:00:00,3.6738068503097625e-07,1.033803333205846e-06,8.088817870152216e-07
2013-12-28 10:00:00,3.175212366701336e-07,7.952438127691102e-07,9.571332393755686e-07
2013-12-28 11:00:00,3.072651045609768e-07,8.064783623386956e-07,8.461699123701817e-07
2013-12-28 12:00:00,3.079295407269012e-07,8.317090505346886e-07,8.397836269335752e-07
2013-12-28 13:00:00,3.548073612631591e-07,1.3064273445227138e-06,9.359807530466223e-07
2013-12-28 14:00:00,4.806645993325998e-07,1.4649171163506066e-06,1.2687253606781188e-06
2013-12-28 15:00:00,4.6964198601776834e-07,1.733211726683833e-06,1.371822518887334e-06
2013-12-28 16:00:00,4.555386618999483e-07,1.6200890214741068e-06,1.355229975033764e-06
2013-12-28 17:00:00,4.5269275711546743e-07,1.6020667572146003e-06,1.3681303323624255e-06
2013-12-28 18:00:00,4.541422987478807e-07,1.673139107834849e-06,1.3826131403906793e-06
2013-12-28 19:00:00,4.600454110844858e-07,1.7253969550150152e-06,1.4061907346954247e-06
2013-12-28 20:00:00,4.726583525869432e-07,1.8133635889196314e-06,1.43615815803441e-06
2013-12-28 21:00:00,4.863572959237853e-07,2.073031072720062e-06,1.4213413186010065e-06
2013-12-28 22:00:00,5.001317235970632e-07,2.345749299530619e-06,1.3900170537093236e-06
2013-12-28 23:00:00,5.101795524742071e-07,3.420403496821709e-06,1.5037184504488465e-06
2013-12-29 00:00:00,5.080722796264893e-07,3.402937760652443e-06,1.5161452628993716e-06
2013-12-29 01:00:00,5.104847896166041e-07,3.381997132008326e-06,1.4977905418408248e-06
2013-12-29 02:00:00,5.069117648873496e-07,3.257546328251091e-06,1.455779228353491e-06
2013-12-29 03:00:00,4.946958374187696e-07,2.7134325835771973e-06,1.4070562255936964e-06
2013-12-29 04:00:00,5.021516933746034e-07,2.540985521316514e-06,1.3780833488885009e-06
2013-12-29 05:00:00,4.952570786404383e-07,2.265752316909808e-06,1.3169860638703151e-06
2013-12-29 06:00:00,4.995349949939937e-07,2.3951847493020117e-06,1.3072475551937935e-06
2013-12-29 07:00:00,5.030645500606323e-07,2.542944768216377e-06,1.2919260219158693e-06
2013-12-29 08:00:00,5.126882066068035e-07,2.771514523226327e-06,1.159087799840179e-06
2013-12-29 09:00:00,4.908649894144281e-07,1.5930748577607963e-06,1.0425806774632983e-06
2013-12-29 10:00:00,4.272148340329652e-07,1.2677582315477632e-06,1.0277712925222917e-06
2013-12-29 11:00:00,3.9896739822487646e-07,1.2145004105241552e-06,9.373921340903918e-07
2013-12-29 12:00:00,3.973558875174111e-07,1.1143194637393243e-06,9.478809893619813e-07
2013-12-29 13:00:00,4.304705794086502e-07,1.2201888400741219e-06,1.0169058511291487e-06
2013-12-29 14:00:00,4.683599876412773e-07,1.8815650197194577e-06,1.2161649852369315e-06
2013-12-29 15:00:00,4.5761210950027656e-07,2.1625032815697626e-06,0.07762557020545638
2013-12-29 16:00:00,4.3680271384388886e-07,2.1662057282292835e-06,0.13286598510669503
2013-12-29 17:00:00,4.609707833355107e-07,2.0860098065253555e-06,0.14117518087237152
2013-12-29 18:00:00,4.6077086177148027e-07,2.0829708352244874e-06,0.13865433737567076
2013-12-29 19:00:00,4.6660591813869533e-07,2.1618138387356915e-06,0.1400766803626654
2013-12-29 20:00:00,4.5946048197398334e-07,1.9539334556576914e-06,0.10694786793305601
2013-12-29 21:00:00,4.952111896726541e-07,1.7611677610972326e-06,1.6744502672289027e-06
2013-12-29 22:00:00,5.020357302287599e-07,1.6327591092788639e-06,1.6859439502769916e-06
2013-12-29 23:00:00,5.029847642758779e-07,1.6379393407097077e-06,1.6957942332859379e-06
2013-12-30 00:00:00,4.906333966489068e-07,1.6147894722624067e-06,1.7033350542460815e-06
2013-12-30 01:00:00,4.836825197178445e-07,1.5804082546273662e-06,1.6938581509978264e-06
2013-12-30 02:00:00,4.7495654091009334e-07,1.5379023305715328e-06,1.7344171842977585e-06
2013-12-30 03:00:00,4.6251201866263185e-07,1.5046745223514404e-06,0.14644871216755917
2013-12-30 04:00:00,4.816040586136667e-07,1.5792046664052744e-06,0.13730745631781993
2013-12-30 05:00:00,4.6730357069392734e-07,1.5248965878085902e-06,0.6840187219231662
2013-12-30 06:00:00,4.567019453842619e-07,1.4794668459406653e-06,0.1353476907357554
2013-12-30 07:00:00,4.5200199822466063e-07,1.4475578245530052e-06,0.12924824749632285
2013-12-30 08:00:00,4.422890044580548e-07,1.3494895902825955e-06,0.11523372690686375
2013-12-30 09:00:00,2.7867194918438417e-07,6.427302799074287e-07,1.0047169399303823e-06
2013-12-30 10:00:00,2.620111063578623e-07,5.9440881518917e-07,6.886047581553219e-07
2013-12-30 11:00:00,2.6156804365006224e-07,6.234397909625808e-07,6.550747513580522e-07
2013-12-30 12:00:00,2.7751195177738745e-07,6.818730105148344e-07,6.673413413613409e-07
2013-12-30 13:00:00,2.993274359853617e-07,7.92565471565232e-07,1.0828881033573043e-06
2013-12-30 14:00:00,3.0960926240256226e-07,8.87793391556367e-07,0.11568585133904385
2013-12-30 15:00:00,3.3688791762996695e-07,1.00035460518673e-06,0.583218971740727
2013-12-30 16:00:00,3.82850493993943e-07,9.354910428857991e-07,1.4120533509098838
2013-12-30 17:00:00,3.7888562255681656e-07,9.869165208125907e-07,1.34207566753121
2013-12-30 18:00:00,3.2174851495971394e-07,1.097038368934302e-06,1.9630653925689934
2013-12-30 19:00:00,3.2199621071830216e-07,1.1756167016955493e-06,1.3624246368147552
2013-12-30 20:00:00,3.237308320183256e-07,1.267010880643113e-06,0.3546105216357617
2013-12-30 21:00:00,3.282908342990907e-07,1.4653653575816814e-06,0.11795016599635516
2013-12-30 22:00:00,3.4369686691547406e-07,1.5496860133798434e-06,1.6928513398462394e-06
2013-12-30 23:00:00,3.524879198076324e-07,1.3785790808482933e-06,1.4810122161630339e-06
2013-12-31 00:00:00,3.6112787174351426e-07,1.4290851260352078e-06,0.04396157375597317
2013-12-31 01:00:00,3.716050650107601e-07,1.3747929371109044e-06,0.06451148070794793
2013-12-31 02:00:00,3.834749511535507e-07,1.2998138970753768e-06,0.1511625534767126
2013-12-31 03:00:00,3.82678343507179e-07,1.2449008276145307e-06,0.36228553071954983
2013-12-31 04:00:00,3.8848738765664964e-07,1.2034660857003716e-06,5.000662556084883
2013-12-31 05:00:00,4.028611831066074e-07,1.174491628651463e-06,11.879728684056975
2013-12-31 06:00:00,4.0829042520176067e-07,1.141333563400806e-06,7.322440149241056
2013-12-31 07:00:00,3.9344095055826233e-07,1.1032596482823017e-06,3.613843395886276
2013-12-31 08:00:00,3.8099941279743474e-07,1.0030412528535882e-06,0.12972853499918346
2013-12-31 09:00:00,3.330589298781895e-07,6.713869746330874e-07,1.5415606943218843e-06
2013-12-31 10:00:00,3.1405220982906124e-07,5.966421944176728e-07,8.432032071147162e-07
2013-12-31 11:00:00,3.0835396752046376e-07,5.809394426762968e-07,8.294346458188423e-07
2013-12-31 12:00:00,3.1417392688381606e-07,6.241676753804444e-07,9.09875856720287e-07
2013-12-31 13:00:00,3.268834459151891e-07,7.123448077771678e-07,1.1696176368580082e-06
2013-12-31 14:00:00,3.46757445486608e-07,8.205352126172865e-07,0.11767823740034916
2013-12-31 15:00:00,3.712354374317174e-07,1.3350945346674275e-06,0.13034944011546346
2013-12-31 16:00:00,3.666360813882674e-07,1.375304825020743e-06,0.12226641123605379
2013-12-31 17:00:00,3.608203692343898e-07,1.0280440908997247e-06,0.11828287302123217
2013-12-31 18:00:00,3.5773546655641297e-07,1.0488387306808477e-06,0.11571861097286887
2013-12-31 19:00:00,3.570473863425172e-07,9.961002817435246e-07,0.11951133571012203
2013-12-31 20:00:00,3.590236195046606e-07,9.280723202821708e-07,0.1250222305528668
2013-12-31 21:00:00,3.615879517995301e-07,9.08821834382234e-07,0.1304108228282185
2013-12-31 22:00:00,3.8912668181418614e-07,9.727884694169217e-07,1.5097968825064288e-06
2013-12-31 23:00:00,3.8282731363254095e-07,9.924483138855027e-07,1.3592643948630189e-06
