snapshot,NL,BE,DE
2013-01-01 00:00:00,112.94244677942888,296.65483130168093,229.607627828656
2013-01-01 02:00:00,120.67736687138036,272.7793139172188,249.3785734969947
2013-01-01 04:00:00,168.02379663314755,293.4979916967189,262.71124006001537
2013-01-01 06:00:00,195.91666881364938,315.81666264212294,297.5694968864385
2013-01-01 08:00:00,166.57473387011012,307.1915660386483,287.9580821577071
2013-01-01 10:00:00,154.2980936539602,273.45527072397704,295.8458723881417
2013-01-01 12:00:00,124.37930453610406,266.5035311693463,304.4381334546056
2013-01-01 14:00:00,128.1427834039125,305.84850044735776,342.2034686821262
2013-01-01 16:00:00,135.75365662657995,383.1597172532969,377.5073368498441
2013-01-01 18:00:00,129.97729708078646,389.64034999578473,364.0300932521145
2013-01-01 20:00:00,121.66255811449815,377.4509145015536,340.40714466213126
2013-01-01 22:00:00,121.72062239405162,358.39121587194364,318.58486625579934
2013-01-02 00:00:00,131.19223805096493,376.0785075575055,315.26945797391545
2013-01-02 02:00:00,139.93159288381074,382.7001514264137,308.1983182584528
2013-01-02 04:00:00,162.8149246553776,398.0410618291151,307.0516946319841
2013-01-02 06:00:00,172.26406184299688,565.7364892238681,312.05680455381963
2013-01-02 08:00:00,151.6567909708707,605.2268129908964,266.85470561413956
2013-01-02 10:00:00,144.79251950368294,494.58349399495717,258.380620083973
2013-01-02 12:00:00,144.4529066565058,495.95738316402526,273.7311212456353
2013-01-02 14:00:00,144.89835929588259,428.40520715330825,317.1822698266466
2013-01-02 16:00:00,143.94819485318763,430.6164410919632,334.0083039689789
2013-01-02 18:00:00,129.7392963192452,380.2903857787998,323.1484445616217
2013-01-02 20:00:00,121.93789785179075,340.7294151989509,314.78521385951336
2013-01-02 22:00:00,121.00961672610325,312.8807552144597,289.6552340979059
2013-01-03 00:00:00,123.55679231763989,326.6297250613353,274.61081900192994
2013-01-03 02:00:00,125.05013927887482,338.7364892418727,258.85154733083226
2013-01-03 04:00:00,127.08328752137282,396.8797338026921,246.48262187059362
2013-01-03 06:00:00,130.64059966723465,355.8332912399229,243.0922818342873
2013-01-03 08:00:00,8.267529318305643,419.8535271237234,79.8800795763873
2013-01-03 10:00:00,25.610261747558898,423.2482382377385,164.39012731393825
2013-01-03 12:00:00,31.697360049926953,378.5862947583157,234.74935511329082
2013-01-03 14:00:00,58.77572596514856,421.1379087948051,246.1957410359695
2013-01-03 16:00:00,151.6844536574293,459.46737528512364,253.31930875206095
2013-01-03 18:00:00,175.75061984125378,479.4417252885072,264.6366012116795
2013-01-03 20:00:00,190.9210105744868,484.2061014041591,275.2341848572512
2013-01-03 22:00:00,183.4838702343606,502.5451741007706,277.9607196372268
2013-01-04 00:00:00,188.05347573509613,506.28941940340155,274.86422581291595
2013-01-04 02:00:00,160.54238126297486,522.7214601932327,281.88507937112297
2013-01-04 04:00:00,151.63825951059263,514.0076478016291,286.20466575408574
2013-01-04 06:00:00,146.3020867580839,555.0772902845347,286.0301235573522
2013-01-04 08:00:00,150.30532462260635,624.9642995313844,263.6802411275617
2013-01-04 10:00:00,148.2203436569626,622.320067333548,289.4202129009224
2013-01-04 12:00:00,150.16372779546654,598.4437115188656,253.97906232627432
2013-01-04 14:00:00,150.61692591862598,715.219617934303,247.78144011164028
2013-01-04 16:00:00,154.96432597279207,764.6375123018328,246.5379282928824
2013-01-04 18:00:00,157.2584876985145,656.8963793185851,248.3576922217976
2013-01-04 20:00:00,156.85318586032867,699.2018014395641,256.12324275357753
2013-01-04 22:00:00,174.45329630167512,742.9762129398871,286.23574610867524
2013-01-05 00:00:00,201.18894359429686,744.3938620432074,291.53195333202063
2013-01-05 02:00:00,212.31482601147474,760.502499022632,323.5268837695925
2013-01-05 04:00:00,216.04609547383018,756.7364604466584,347.9352406468326
2013-01-05 06:00:00,241.56308126814264,716.4632329420015,398.3425146413673
2013-01-05 08:00:00,240.1375000059625,586.1142230135997,435.48851529942414
2013-01-05 10:00:00,240.1487312454495,543.0484637740942,484.0835190463569
2013-01-05 12:00:00,245.78300769726775,565.3146093079818,481.36712254082227
2013-01-05 14:00:00,273.127441004448,643.9920763934439,555.1526327962694
2013-01-05 16:00:00,292.555699618475,689.9486017617425,616.2925509037138
2013-01-05 18:00:00,276.36258479755355,632.9581314849742,650.113831863925
2013-01-05 20:00:00,213.56166615719988,546.1946617953039,572.9189466491898
2013-01-05 22:00:00,210.10964865796117,529.1160670326894,508.0458007782446
2013-01-06 00:00:00,189.05339972752924,535.8799071883421,467.7603251368234
2013-01-06 02:00:00,171.81836109865017,571.5336693072779,419.73897761539655
2013-01-06 04:00:00,180.07590566410056,516.0946358607995,392.9368541220099
2013-01-06 06:00:00,179.62787940695668,648.1917733328788,380.72585857686727
2013-01-06 08:00:00,163.278597584224,638.9885326799839,338.9024993193824
2013-01-06 10:00:00,143.89984015650722,633.6413036991411,331.805746929151
2013-01-06 12:00:00,152.4576474326096,658.7097356426289,315.61361931345203
2013-01-06 14:00:00,210.60484704291994,739.8503862158985,334.9845523035674
2013-01-06 16:00:00,255.19893453397552,722.4403323095044,367.6332759937764
2013-01-06 18:00:00,286.22601749196446,746.4017970714928,425.18771868843703
2013-01-06 20:00:00,301.40555786738605,703.4666992367335,528.3769907576667
2013-01-06 22:00:00,300.3655335500394,719.7768341206955,619.3145944915569
2013-01-07 00:00:00,296.7281402372189,700.0336442750108,666.3752813259267
2013-01-07 02:00:00,293.94174790412563,664.520032561485,703.0717120425563
2013-01-07 04:00:00,296.52445626828404,602.3509057124315,728.7030088873655
2013-01-07 06:00:00,287.09917444620453,566.9815720689082,746.9437155584847
2013-01-07 08:00:00,238.71171627866687,541.188427271558,609.1955387938443
2013-01-07 10:00:00,238.73462881160944,524.4766883747584,564.6122911592853
2013-01-07 12:00:00,219.5124512110969,532.5941038218765,495.8079574636688
2013-01-07 14:00:00,216.59519118486946,547.5360402925652,510.777685630015
2013-01-07 16:00:00,209.3668110584775,546.0703725969672,555.8797251609309
2013-01-07 18:00:00,208.3780729197868,548.9288720784793,512.5168906144684
2013-01-07 20:00:00,202.93859909583782,531.2455315221533,472.2226251064325
2013-01-07 22:00:00,196.8173436230379,528.0265300092792,465.0961396606747
2013-01-08 00:00:00,177.7169339758311,502.4134694792182,448.6712632688444
2013-01-08 02:00:00,179.4625959832098,487.42712176796095,437.37354805959916
2013-01-08 04:00:00,187.11056006714523,454.6917598097428,434.66758112821395
2013-01-08 06:00:00,183.4877466243962,445.16961884313736,439.10342879548676
2013-01-08 08:00:00,157.03349420577044,436.2128590804345,366.40505734601516
2013-01-08 10:00:00,165.18308152581474,433.4714055064129,401.9982956801842
2013-01-08 12:00:00,163.4513417240044,432.8900603974788,421.3498786144285
2013-01-08 14:00:00,190.26474184935608,461.12342715542275,477.6700941072274
2013-01-08 16:00:00,240.79752923925173,437.5426866202507,577.5247278359109
2013-01-08 18:00:00,219.46758644254106,431.7883738409371,635.92244985987
2013-01-08 20:00:00,210.84286796331753,436.198874925862,616.7799486628927
2013-01-08 22:00:00,214.07238689282062,449.20574546913116,649.9060698933658
2013-01-09 00:00:00,207.52865518806456,460.52686343483674,642.2489507617506
2013-01-09 02:00:00,218.12540286752264,444.08367687106136,585.1989310695913
2013-01-09 04:00:00,178.36804167144305,522.5547338994386,538.6224157891685
2013-01-09 06:00:00,204.447596021823,555.1948614976085,489.8869627082994
2013-01-09 08:00:00,183.27138967114277,458.0264178314443,392.29692198336977
2013-01-09 10:00:00,196.531836367089,508.28465739525683,333.5873315766556
2013-01-09 12:00:00,220.59973715887244,540.8801435979907,315.9962852352393
2013-01-09 14:00:00,261.78719101343665,546.8307392607593,337.1315553015222
2013-01-09 16:00:00,317.1150591162613,829.3413314921233,376.37308179458444
2013-01-09 18:00:00,324.2017851329409,893.5389877876089,356.16870006765737
2013-01-09 20:00:00,314.38376846392305,1017.5160330629886,329.59519767124925
2013-01-09 22:00:00,306.2966283228445,1069.3939350761843,330.88513266522534
2013-01-10 00:00:00,284.2129303247748,1056.9468520486143,323.2261458312284
2013-01-10 02:00:00,254.38544544799086,1029.4284372139123,311.7171662772518
2013-01-10 04:00:00,261.6186351770309,950.7176186248781,324.1770791329716
2013-01-10 06:00:00,272.90454106124474,890.772291813948,343.195266208137
2013-01-10 08:00:00,192.78022368458986,694.3437575139487,331.7620569277076
2013-01-10 10:00:00,147.8649638568319,489.7179196212425,311.54719117043004
2013-01-10 12:00:00,168.12538969126257,508.2708599824427,315.56529685241765
2013-01-10 14:00:00,226.22398884350537,543.7497919764611,364.55006303848995
2013-01-10 16:00:00,274.1289254627775,635.7621693642079,395.0767096740734
2013-01-10 18:00:00,257.3986544594176,620.4430782068987,406.8423077976971
2013-01-10 20:00:00,283.8766875181971,631.6653899131634,418.9006584171923
2013-01-10 22:00:00,343.9134551292466,646.0359588705805,453.31506400561057
2013-01-11 00:00:00,370.3247971284045,664.8666043564515,469.05400476191033
2013-01-11 02:00:00,390.01748299686466,642.4949903165623,465.21593241019303
2013-01-11 04:00:00,405.75820779164724,605.2460941328301,470.9916967589015
2013-01-11 06:00:00,411.9108833856986,625.8267928753846,503.69038412780264
2013-01-11 08:00:00,315.2880194684458,589.1333144824188,408.8920605113469
2013-01-11 10:00:00,219.6282021923831,530.5417122070271,455.7981661929694
2013-01-11 12:00:00,223.1239227486773,543.7227033600547,488.2866023199997
2013-01-11 14:00:00,285.1092181054803,617.312244303458,537.4447293941492
2013-01-11 16:00:00,401.5913631903199,590.8044491216779,603.7017932749018
2013-01-11 18:00:00,423.96408551773794,589.373895174839,627.5737910823608
2013-01-11 20:00:00,420.6895912924639,627.8101527206866,658.5606502926224
2013-01-11 22:00:00,338.069700883739,563.4696232115099,628.8584564004291
2013-01-12 00:00:00,337.348897090229,555.6629953752638,650.4471239919582
2013-01-12 02:00:00,319.29679788148337,530.9688239033235,644.3688628991036
2013-01-12 04:00:00,303.558356816539,510.03549687896,638.5602623496038
2013-01-12 06:00:00,288.39463045422684,482.39240020303293,655.5463178320351
2013-01-12 08:00:00,197.56978275270401,396.6203313341957,460.9927594758204
2013-01-12 10:00:00,155.35422457720637,301.79984086308383,406.46340562375605
2013-01-12 12:00:00,165.18708558450422,292.41498920127594,451.28285216297434
2013-01-12 14:00:00,185.41872302633126,324.7247060202738,532.6767858253877
2013-01-12 16:00:00,235.14467277397688,376.9062317469494,605.1039101752172
2013-01-12 18:00:00,222.02540221537234,379.2767373449891,602.2259719373734
2013-01-12 20:00:00,227.1914768959044,390.60131200286855,618.0213432045937
2013-01-12 22:00:00,226.74131046623924,414.3411031248228,589.7839576723624
2013-01-13 00:00:00,233.47838281452448,414.4419549838488,597.3492956029098
2013-01-13 02:00:00,241.5570694233606,424.92967674874944,611.3339138316111
2013-01-13 04:00:00,254.23847611308835,439.49779769583773,619.4443484842551
2013-01-13 06:00:00,249.65783494732992,441.3537386642774,611.1693522272076
2013-01-13 08:00:00,172.92340318863887,403.7659926753663,476.15286125727215
2013-01-13 10:00:00,136.4806556157379,372.2594417446882,452.27001619565004
2013-01-13 12:00:00,151.13005508781512,373.41119899513586,469.5803382177004
2013-01-13 14:00:00,180.86712601405458,375.48490809059774,538.9528226248989
2013-01-13 16:00:00,311.8623734029621,498.25680757514573,545.1300695497408
2013-01-13 18:00:00,311.7878255966518,530.703454199562,508.44117616532725
2013-01-13 20:00:00,337.7180325498515,573.7198483324444,522.2494622241788
2013-01-13 22:00:00,332.9371774491012,647.8550166401026,554.4517999109797
2013-01-14 00:00:00,373.99742342779206,713.324565396986,601.2476141040066
2013-01-14 02:00:00,408.92424070371965,748.9220742198554,613.8338865605396
2013-01-14 04:00:00,431.4122431564348,627.220510203517,594.0321199822627
2013-01-14 06:00:00,381.68761826543306,612.0553411132896,577.6188570965019
2013-01-14 08:00:00,262.1525026776534,632.8195459913228,486.6841952922903
2013-01-14 10:00:00,198.92673779599926,489.4865568319623,479.6147928592666
2013-01-14 12:00:00,218.3304442765665,419.6525411049319,523.9425556391577
2013-01-14 14:00:00,258.1726667313701,405.98968741479223,612.720963197317
2013-01-14 16:00:00,255.1363943992715,394.34211496398984,623.4187100673047
2013-01-14 18:00:00,207.34762172569194,329.7862058804059,663.115143491573
2013-01-14 20:00:00,186.49558563778075,290.64987041176914,711.3827879091239
2013-01-14 22:00:00,174.64805329901088,295.0452508760873,686.289232059402
2013-01-15 00:00:00,167.497169212883,323.62264455650524,690.8564301550763
2013-01-15 02:00:00,176.9802514290029,358.0540585931882,673.6503170607086
2013-01-15 04:00:00,195.59983851000715,439.00883343934123,651.331562280858
2013-01-15 06:00:00,241.63016012649499,458.7898836476178,650.8047348125303
2013-01-15 08:00:00,266.7535776662804,439.75876963293706,494.5236122224097
2013-01-15 10:00:00,269.4380097233651,453.02076317884206,500.2439265407158
2013-01-15 12:00:00,281.65284143821486,492.0023032628236,521.4770516800764
2013-01-15 14:00:00,338.87128824809247,523.6845912870605,590.4865311005666
2013-01-15 16:00:00,367.84201664402303,569.6406224719011,625.3130258000136
2013-01-15 18:00:00,381.72091143613426,571.5790667543839,625.872743275344
2013-01-15 20:00:00,401.25262925246716,612.3002876955774,622.8427891728477
2013-01-15 22:00:00,426.2068163811068,625.3327008869543,715.342011813282
2013-01-16 00:00:00,454.27573512282737,642.4380999424411,726.520420307339
2013-01-16 02:00:00,439.341762989575,588.6646562281675,728.0810294994739
2013-01-16 04:00:00,399.5114096377253,622.1845774940975,698.7575690452531
2013-01-16 06:00:00,394.13802956613546,624.042183887413,643.9836176129452
2013-01-16 08:00:00,350.37388153828385,561.3133581726883,588.6705781866856
2013-01-16 10:00:00,293.4091827849761,519.117141761657,590.5885568823622
2013-01-16 12:00:00,294.0132451482835,509.68638311468186,575.8432467347137
2013-01-16 14:00:00,364.3292347593783,533.3567517889484,583.8708385182679
2013-01-16 16:00:00,445.54542329484036,665.7993158661811,586.930342704304
2013-01-16 18:00:00,450.9785054121994,662.8585908588988,581.4957739359522
2013-01-16 20:00:00,455.45350870363916,676.6842001756362,566.8845902894293
2013-01-16 22:00:00,498.2824483354814,732.0906531145985,553.0527297618036
2013-01-17 00:00:00,496.98153532325506,725.7412162577841,536.2387010969118
2013-01-17 02:00:00,514.9324623765006,711.3097718986135,548.0923711518899
2013-01-17 04:00:00,524.7286822108426,720.1781765853843,554.5992975317457
2013-01-17 06:00:00,524.0908148676447,724.6817874256872,547.2765085380814
2013-01-17 08:00:00,330.5369489139688,564.1911255062694,481.7037489160513
2013-01-17 10:00:00,284.4458022919897,520.798675600645,461.7286953260659
2013-01-17 12:00:00,267.64239798356436,531.8748633187641,486.8285685261035
2013-01-17 14:00:00,305.77403458907133,553.2456676490068,553.7819060465215
2013-01-17 16:00:00,400.61179931255526,580.1329242185899,581.542873616524
2013-01-17 18:00:00,379.77135694095335,566.2613428586415,539.0867387053058
2013-01-17 20:00:00,304.79722092653486,545.2157490579701,523.0045944858215
2013-01-17 22:00:00,309.5130270675393,569.0897932488264,557.9342415218671
2013-01-18 00:00:00,266.6256200202005,549.1140247982627,498.4790349952002
2013-01-18 02:00:00,230.5321495184229,520.740141151631,459.65061438446327
2013-01-18 04:00:00,206.66196079659517,507.96181966666467,430.68974806376235
2013-01-18 06:00:00,185.58291621343596,490.83495475871746,423.01687066107206
2013-01-18 08:00:00,162.19318250286474,457.1696727912768,390.46160102438336
2013-01-18 10:00:00,156.77576772446864,415.0793703248115,384.4751306806501
2013-01-18 12:00:00,162.70632040198527,356.63186444796145,371.06882267802513
2013-01-18 14:00:00,147.50763030492547,376.24153456864167,385.93998147694634
2013-01-18 16:00:00,143.33263267480024,362.4363979665747,389.83315584000104
2013-01-18 18:00:00,128.8932161627206,337.06471875354646,365.83865904478097
2013-01-18 20:00:00,127.0298962848859,342.63340885803456,348.4347920389153
2013-01-18 22:00:00,135.79697998835996,364.0540427350488,360.2011773074196
2013-01-19 00:00:00,128.53562226504587,377.37197491417356,353.7077097555312
2013-01-19 02:00:00,129.39140563034206,365.18503859428813,346.7277871709916
2013-01-19 04:00:00,125.67805818731023,364.157557196389,344.6080635485915
2013-01-19 06:00:00,125.64863316177092,359.3527489746818,350.8866871700893
2013-01-19 08:00:00,127.95926377194256,353.22351356609676,325.48034638171094
2013-01-19 10:00:00,133.8424992054302,420.8703982429875,330.2739292191564
2013-01-19 12:00:00,126.33257493084493,409.48526236887074,332.93512633316953
2013-01-19 14:00:00,128.0225609209342,414.8801413716186,349.7838794719049
2013-01-19 16:00:00,131.3245790367524,388.533968860255,366.9407253060721
2013-01-19 18:00:00,135.9909842740623,341.4765659187116,383.39872262729205
2013-01-19 20:00:00,137.70098129424667,336.57937654338104,400.6126979772201
2013-01-19 22:00:00,139.256789173675,352.35340385773617,407.1072015528855
2013-01-20 00:00:00,134.90510522991082,342.83886777880053,422.4124206153574
2013-01-20 02:00:00,129.86715760768257,365.9040654475805,419.8487351228304
2013-01-20 04:00:00,140.9937967776851,387.74810383252145,419.2358686720219
2013-01-20 06:00:00,131.90002254406184,378.4174307740051,395.5889614109056
2013-01-20 08:00:00,133.43500157741613,357.0381815248454,335.97925624517904
2013-01-20 10:00:00,119.71501507891472,416.6535231071684,338.69085964586156
2013-01-20 12:00:00,119.67832557421984,423.8380647901857,324.8248887869396
2013-01-20 14:00:00,126.99069432790292,492.94966442821925,326.9780185410567
2013-01-20 16:00:00,128.31830756236906,460.8961736921958,317.1704610313997
2013-01-20 18:00:00,121.72758822174784,475.43130641985744,295.29411503188965
2013-01-20 20:00:00,128.1867603230425,502.65760144165415,287.27809574085074
2013-01-20 22:00:00,137.01099031181357,582.775367502595,301.8082716880947
2013-01-21 00:00:00,139.50018743865354,640.48688941053,289.95149742342727
2013-01-21 02:00:00,145.43928451880802,655.6858609213265,299.1746738567203
2013-01-21 04:00:00,148.25714114446222,500.630880416397,299.3779198703655
2013-01-21 06:00:00,136.17568523473435,469.0541165598989,297.5886507779902
2013-01-21 08:00:00,136.69989763047133,451.40382525697004,298.24238147266806
2013-01-21 10:00:00,172.17939606885892,481.0213119165436,288.2434081285464
2013-01-21 12:00:00,170.5497945601736,521.982647232082,280.47489445909497
2013-01-21 14:00:00,170.77802621563822,580.8773864327596,290.02718902883663
2013-01-21 16:00:00,164.88539897989367,567.8718137192052,297.9726501343964
2013-01-21 18:00:00,160.4401050753871,584.7653293949768,305.69322248877427
2013-01-21 20:00:00,164.76153396845004,625.5482327606562,315.8145051060233
2013-01-21 22:00:00,180.9292268409948,692.2303322096645,338.40929460205194
2013-01-22 00:00:00,187.24612688769966,740.1177014900001,347.9497101547666
2013-01-22 02:00:00,202.04641934814006,751.1084969615554,359.247509499184
2013-01-22 04:00:00,196.27742470744866,731.1635109785061,370.04112894314295
2013-01-22 06:00:00,202.34124824669814,700.1051707897358,375.1990959900101
2013-01-22 08:00:00,190.0999518547523,608.4269716790664,355.3937718976716
2013-01-22 10:00:00,187.51787314687968,493.79274376946944,377.11616957696987
2013-01-22 12:00:00,191.66761043220234,523.6239367508232,382.6839840086848
2013-01-22 14:00:00,205.17720308420672,531.419788872209,402.25883410137993
2013-01-22 16:00:00,232.12162298347596,496.6415196101828,438.3272223403971
2013-01-22 18:00:00,232.85994680727896,491.21201051540646,451.29519349532904
2013-01-22 20:00:00,228.19058614008804,493.87458728463236,480.9055948252925
2013-01-22 22:00:00,247.50019032952338,536.7100324201637,498.9712542942171
2013-01-23 00:00:00,291.0958081607582,542.9544625898964,524.5041873336605
2013-01-23 02:00:00,295.1480044920508,536.5789411222958,549.2941595562529
2013-01-23 04:00:00,279.2159445199892,519.6560962237808,543.3660650352476
2013-01-23 06:00:00,369.0912212964857,667.3011853346404,536.1529951217891
2013-01-23 08:00:00,333.6168636885382,566.5976459523006,464.8372203303668
2013-01-23 10:00:00,319.43715051405746,572.2286810991761,476.11645535596415
2013-01-23 12:00:00,343.185625226885,568.2587601175425,505.12052114321426
2013-01-23 14:00:00,345.78710136803113,559.3160593839269,536.3908147938183
2013-01-23 16:00:00,359.70058279793625,639.9728291517204,539.1965764978243
2013-01-23 18:00:00,342.99684574940716,644.9716851106796,547.966095574021
2013-01-23 20:00:00,358.82177556471373,621.3334109272666,583.8245887279572
2013-01-23 22:00:00,366.566881313453,713.5258919938665,615.9407386586662
2013-01-24 00:00:00,382.21356007667697,677.8526547629773,624.9076159099567
2013-01-24 02:00:00,381.8802712091822,651.1896476909868,610.0028405594475
2013-01-24 04:00:00,385.8216443465058,631.7737394847443,592.0501034372965
2013-01-24 06:00:00,393.78423613511876,574.4578965363286,576.8064951196277
2013-01-24 08:00:00,357.86193218266067,479.9289033171931,579.7927330824263
2013-01-24 10:00:00,338.63165918466007,420.77608630234465,569.3314905881922
2013-01-24 12:00:00,359.14443287678995,504.19877705962637,584.4592122555408
2013-01-24 14:00:00,360.8186007128735,542.2940777591707,611.5625807277527
2013-01-24 16:00:00,401.4655238590684,556.4068879135554,615.0059224092851
2013-01-24 18:00:00,450.1316166855455,573.1570175730716,616.2186669783371
2013-01-24 20:00:00,510.434619527404,618.039217278767,632.1884922505861
2013-01-24 22:00:00,414.0794348314683,606.4052132783984,707.5897674075995
2013-01-25 00:00:00,408.41038470782104,609.1298489675734,722.3768223188733
2013-01-25 02:00:00,416.27828498985036,607.815395967947,720.4344197214234
2013-01-25 04:00:00,385.35853751162597,593.5660024430111,685.7905601546339
2013-01-25 06:00:00,375.98145360096356,593.99901871166,644.7836412363894
2013-01-25 08:00:00,253.20151141899817,695.0606442760038,566.4589948935269
2013-01-25 10:00:00,217.88077242551816,549.5074835069264,518.6164612459361
2013-01-25 12:00:00,227.01044332879053,514.6460248578594,544.6907394122333
2013-01-25 14:00:00,245.94659725297262,532.8832010418871,546.569750817976
2013-01-25 16:00:00,211.88537571382943,464.4851213757238,514.9896811910673
2013-01-25 18:00:00,160.15718224788708,384.21081945230446,438.4651823730464
2013-01-25 20:00:00,153.06578359198934,334.2555926052796,394.39516551322896
2013-01-25 22:00:00,165.72585116043507,332.24551630800727,371.1967098076536
2013-01-26 00:00:00,127.41297464729698,309.98095421559725,348.91952848410625
2013-01-26 02:00:00,129.42387732415995,316.85683624208093,340.1849616284699
2013-01-26 04:00:00,130.53896431678095,309.4993938876738,343.3910153885495
2013-01-26 06:00:00,132.77550205346895,300.0843720282119,336.3774570699351
2013-01-26 08:00:00,146.1505752028957,331.5122133559653,297.6106002824454
2013-01-26 10:00:00,134.04535874779046,320.11753926757547,307.73571116734894
2013-01-26 12:00:00,128.05174312360603,381.553114901408,303.7042290718889
2013-01-26 14:00:00,139.77119316846063,437.4451304927504,300.4205589323852
2013-01-26 16:00:00,135.92437657010612,406.78972845127475,307.2975891792857
2013-01-26 18:00:00,138.11511647640262,403.3629356327971,298.44675780392026
2013-01-26 20:00:00,127.85690368384935,363.86282578500504,302.77384846969807
2013-01-26 22:00:00,127.63874218250807,302.7542070133058,327.0614027878994
2013-01-27 00:00:00,119.81898776690109,275.6979905091737,344.82981607741345
2013-01-27 02:00:00,115.41797640228238,267.2017943406641,351.7666969860593
2013-01-27 04:00:00,113.72968846432906,264.84408212935085,346.8598478219156
2013-01-27 06:00:00,113.57469290636135,262.9801382824434,325.9553000982873
2013-01-27 08:00:00,7.726530939307781e-06,7.259413376865114e-06,184.8971801821196
2013-01-27 10:00:00,1.1846133437571397e-06,1.4133696352383461e-06,71.99598948993405
2013-01-27 12:00:00,6.001631110238415e-07,2.6492025344522534e-06,192.51426958360122
2013-01-27 14:00:00,5.711049939766325e-07,1.470240953030118e-06,202.30516600095328
2013-01-27 16:00:00,21.028390811457502,301.7307057724644,237.79769124759144
2013-01-27 18:00:00,110.68863087480132,327.73299419271973,280.48579817774134
2013-01-27 20:00:00,112.00324191518284,325.9046277975435,306.089362262198
2013-01-27 22:00:00,74.67165977973391,325.58696265698956,321.16472114686127
2013-01-28 00:00:00,113.51243921860855,339.26606338891133,335.17439635841276
2013-01-28 02:00:00,119.13140460633217,343.70279958035024,335.17452332158234
2013-01-28 04:00:00,118.37683029919732,339.41104153480325,323.1776204811646
2013-01-28 06:00:00,119.92827106200669,343.8692282866774,320.9672071475331
2013-01-28 08:00:00,21.293577832289383,238.93364302704003,294.76182283056863
2013-01-28 10:00:00,7.169433672736404e-07,6.369565879406372e-07,286.3221844270598
2013-01-28 12:00:00,6.91319713030515e-07,8.340978083954258e-07,271.92555508616385
2013-01-28 14:00:00,21.057694268390325,265.0438976876256,308.4019900083848
2013-01-28 16:00:00,23.655784014881295,284.4704561390623,312.6950888075
2013-01-28 18:00:00,26.18927295003684,263.6971054282429,292.2046018507583
2013-01-28 20:00:00,21.56615025768886,262.35534564239316,275.95466513990795
2013-01-28 22:00:00,20.75915183911271,262.3352296124076,192.80841430956903
2013-01-29 00:00:00,20.618444576943794,261.82672679459915,125.73886752239139
2013-01-29 02:00:00,20.619661300142067,261.8535486087579,88.49372728786923
2013-01-29 04:00:00,22.655819364582378,262.04711126715824,89.11927363764136
2013-01-29 06:00:00,22.763210427009742,296.99112472671226,140.627321137012
2013-01-29 08:00:00,2.3051381383538106e-06,5.228329476571943e-06,7.077747978482567e-06
2013-01-29 10:00:00,5.549071458587333e-06,7.434043545850362e-06,90.52681521791192
2013-01-29 12:00:00,6.706814586409667e-06,6.893519807434866e-06,121.0542206793252
2013-01-29 14:00:00,28.55975958469128,257.83568093975106,203.62470502240794
2013-01-29 16:00:00,26.7838862346993,262.91892517023877,277.2889040046642
2013-01-29 18:00:00,23.09670163717735,262.5224950570126,282.4435062134857
2013-01-29 20:00:00,22.61427934556866,262.4161493390976,255.81321891130082
2013-01-29 22:00:00,22.608025954201477,262.059339735921,187.2750963886053
2013-01-30 00:00:00,20.61892337072104,261.87404383441736,87.26110111821981
2013-01-30 02:00:00,20.61850849633027,261.8314198569721,13.264686180758785
2013-01-30 04:00:00,1.248775881467059e-05,261.8201420502502,2.4593407371755588e-06
2013-01-30 06:00:00,21.79418849065901,248.17537506849104,43.42639412900587
2013-01-30 08:00:00,4.7071643788555263e-07,7.28025080300845e-07,9.450598765218285e-07
2013-01-30 10:00:00,5.058835635879612e-07,5.759655126777721e-07,1.02474469262012e-06
2013-01-30 12:00:00,4.842068315774358e-07,4.926803791969896e-07,1.1852263645525721e-06
2013-01-30 14:00:00,4.7441163385472355e-07,5.111737979054343e-07,9.73329972711275e-07
2013-01-30 16:00:00,1.345358200801279e-06,99.52023441151937,1.6705501451681287e-06
2013-01-30 18:00:00,1.298393426805009e-06,261.8568795229775,1.667088486855036e-06
2013-01-30 20:00:00,1.325364677858556e-06,261.8267112168588,1.6489933620640129e-06
2013-01-30 22:00:00,8.874088152881808e-06,262.7472010842661,13.618926314231413
2013-01-31 00:00:00,8.549374361901944e-06,272.3970964835403,14.46261991887675
2013-01-31 02:00:00,16.66028220728379,279.50415627210657,1.240840413227227e-05
2013-01-31 04:00:00,22.841661010969403,293.0813317017605,13.550111059557043
2013-01-31 06:00:00,21.773069133202686,275.7305260083518,14.486828385607874
2013-01-31 08:00:00,6.408415590533459e-07,1.2442479290440959e-06,8.386628796566205e-07
2013-01-31 10:00:00,5.287962682644321e-07,5.740161552612962e-07,9.935696083231799e-07
2013-01-31 12:00:00,5.80944469279219e-07,6.613887168125912e-07,8.17947475779725e-07
2013-01-31 14:00:00,5.858805146525895e-07,6.198822580882847e-07,7.289496189886254e-07
2013-01-31 16:00:00,21.195898019632214,243.8943201857477,68.16357486467284
2013-01-31 18:00:00,23.106478447260645,263.2299204892004,127.65870566581566
2013-01-31 20:00:00,25.080712809322485,267.8181818163141,165.2085919865246
2013-01-31 22:00:00,25.189424504841963,277.8378612670465,167.637908947541
2013-02-01 00:00:00,125.9797506718231,341.00900830234633,191.11925970036688
2013-02-01 02:00:00,131.8989195997609,343.6493501114605,240.6769751231253
2013-02-01 04:00:00,146.86389522941283,381.6494949796803,264.14904206783433
2013-02-01 06:00:00,158.45007739683814,436.8388349031936,290.4574067792049
2013-02-01 08:00:00,179.3583632218388,449.4858868418461,289.34686611526087
2013-02-01 10:00:00,221.7680394260036,472.7697072883566,301.9582272604008
2013-02-01 12:00:00,209.01760470707424,416.54090727370897,342.7236398028114
2013-02-01 14:00:00,258.34331377395114,378.50208970951405,432.16767250892286
2013-02-01 16:00:00,274.32086497349815,382.5743297405538,537.5463044389973
2013-02-01 18:00:00,249.145365179275,346.6898821160063,562.0907070839544
2013-02-01 20:00:00,241.98659399649125,348.3604622329758,552.4425891234023
2013-02-01 22:00:00,219.59929692095147,352.94726845176984,498.9028904501302
2013-02-02 00:00:00,215.97739375577686,379.3481319442379,479.9197797232214
2013-02-02 02:00:00,218.89754199025,377.35041697793224,416.03794177193674
2013-02-02 04:00:00,154.92708430492976,353.2666029379266,375.186342523028
2013-02-02 06:00:00,121.69260988553849,331.9905785253455,349.7537844622498
2013-02-02 08:00:00,19.53147229099882,2.0875414708700153,295.41866885795804
2013-02-02 10:00:00,4.935656659460329e-07,5.847992466585248e-07,239.65646057977833
2013-02-02 12:00:00,4.931978021390104e-07,5.553226674657693e-07,239.39173404718557
2013-02-02 14:00:00,19.936811717087867,95.50769519308713,325.10472317992
2013-02-02 16:00:00,118.99411090715624,327.08362545825736,369.6756584025624
2013-02-02 18:00:00,137.15708945575958,383.16944509087404,379.52420523382744
2013-02-02 20:00:00,137.38052897496394,401.3970817685347,397.0323109818851
2013-02-02 22:00:00,132.40776611060423,421.48802350862746,416.1852192800145
2013-02-03 00:00:00,145.0212662554409,350.0780531575444,415.660098234802
2013-02-03 02:00:00,156.30306001596523,377.7763228876305,395.6772095620226
2013-02-03 04:00:00,170.9662121372927,428.01880077407026,377.4481552886813
2013-02-03 06:00:00,174.9661705924432,452.66220976900894,396.10309599185337
2013-02-03 08:00:00,26.160190470147263,344.70451529072534,347.22232453715725
2013-02-03 10:00:00,1.8402090522810201e-06,3.0470044111071952e-06,162.4119674165406
2013-02-03 12:00:00,1.7638502414178365e-06,2.595837727961988e-06,30.255542282556053
2013-02-03 14:00:00,21.81159307742297,1.682067776268658e-05,199.14487516010294
2013-02-03 16:00:00,124.86432046096873,302.35215362253183,259.655969761083
2013-02-03 18:00:00,128.48553075109757,317.22244858879355,248.32965340790264
2013-02-03 20:00:00,133.32218952597347,320.0476253743587,249.93193337813142
2013-02-03 22:00:00,133.81067475844114,309.0998696136864,277.3190449131285
2013-02-04 00:00:00,140.0520273778801,315.7507477635068,289.46552552382036
2013-02-04 02:00:00,141.1670430202944,316.6063140409499,317.5793684291609
2013-02-04 04:00:00,127.26509741883493,305.7901587275937,334.54150636712154
2013-02-04 06:00:00,115.52622808287938,285.26835972874505,306.8386725552245
2013-02-04 08:00:00,1.0092743470697504e-06,2.502249716819661e-06,2.394567757126382e-06
2013-02-04 10:00:00,4.761449139218637e-07,3.0130550367447698e-06,1.5061626248649151e-06
2013-02-04 12:00:00,5.290964108671151e-07,4.396030250392153e-06,9.177966026216193e-07
2013-02-04 14:00:00,5.054468423564053e-07,2.5270285995152427e-06,1.0526657502648502e-06
2013-02-04 16:00:00,20.32004389982763,313.9709001645757,65.18054107150967
2013-02-04 18:00:00,21.058967380549714,308.5021895151647,107.24134797680924
2013-02-04 20:00:00,20.903616897627586,283.613807051331,100.81463523204299
2013-02-04 22:00:00,20.787335923002935,289.4845851426037,112.79361301128336
2013-02-05 00:00:00,20.768584115378008,272.42318734286465,87.10223788965213
2013-02-05 02:00:00,20.701303466698235,265.77193901736314,97.30944336850189
2013-02-05 04:00:00,20.94070240133832,262.8413199511266,135.4949049966521
2013-02-05 06:00:00,30.912683129136287,262.72236098314187,201.7321082319259
2013-02-05 08:00:00,8.41987860731336e-07,1.1125457042952756e-06,3.154071692168166e-06
2013-02-05 10:00:00,9.031686354211249e-07,1.0667682510950632e-06,3.43008322268207e-06
2013-02-05 12:00:00,8.991729884197668e-07,1.3002780860527276e-06,3.024070971935515e-06
2013-02-05 14:00:00,7.277311905856522e-06,7.665413752890272e-06,77.6678638220038
2013-02-05 16:00:00,148.31497525213993,333.85824232869595,311.0476342876829
2013-02-05 18:00:00,183.6265512622775,351.95419254871933,317.2000520321377
2013-02-05 20:00:00,189.7685251705521,308.0746892109473,342.22425663687994
2013-02-05 22:00:00,219.66851475325012,287.8789286631911,371.22514712587594
2013-02-06 00:00:00,237.87487668911163,289.45497105538374,372.8265353030199
2013-02-06 02:00:00,243.413591342438,298.27515102678785,377.95788208776656
2013-02-06 04:00:00,249.6763713912718,336.60948997007887,390.964501069567
2013-02-06 06:00:00,215.19209997834722,365.60026205474963,388.7615583079819
2013-02-06 08:00:00,135.6387250930918,283.8154723749252,319.97645929906
2013-02-06 10:00:00,23.00777168879668,1.1298206686137859e-06,303.6954764508751
2013-02-06 12:00:00,116.53726851530155,80.06646314784582,324.3255553129152
2013-02-06 14:00:00,140.36761489468122,269.79269700642425,357.5913652090008
2013-02-06 16:00:00,164.56902770595556,347.17422958893076,416.11614935735764
2013-02-06 18:00:00,135.44253523112874,394.8829549449851,420.1240392881158
2013-02-06 20:00:00,139.27038658605335,377.69988981717205,421.61898006676324
2013-02-06 22:00:00,139.67065050684806,372.58411645235645,457.25390999679723
2013-02-07 00:00:00,136.6386090533042,358.21192257597403,455.1184778899334
2013-02-07 02:00:00,132.97032479032032,365.9399659229971,440.83188157406295
2013-02-07 04:00:00,138.8826173561467,339.32585242234387,457.19808203926937
2013-02-07 06:00:00,153.21081209165862,333.96022283233947,490.10332066798065
2013-02-07 08:00:00,141.76312741404828,273.23183068029033,453.3489251135905
2013-02-07 10:00:00,153.36477517336033,320.64304944961583,499.3549170944515
2013-02-07 12:00:00,156.17693881567254,308.24226011023217,479.5867612933459
2013-02-07 14:00:00,157.61618478866595,304.62053346129363,520.6534980693783
2013-02-07 16:00:00,198.25855390458355,341.8219252649684,634.408875880545
2013-02-07 18:00:00,250.5758949816631,390.59284452921156,671.0730718180863
2013-02-07 20:00:00,272.47078058552046,428.9406324636403,668.0448343598067
2013-02-07 22:00:00,251.554714996933,418.5727830443024,639.4765600985706
2013-02-08 00:00:00,232.8179218989374,431.0714756570258,603.0827535783358
2013-02-08 02:00:00,232.76513480621102,426.97930296920407,570.5683386115769
2013-02-08 04:00:00,220.78162130321522,423.2440632636478,541.2568437343015
2013-02-08 06:00:00,230.70924275648673,469.04169186709333,549.303939681254
2013-02-08 08:00:00,135.83693397740834,357.1901550218482,434.67254297913223
2013-02-08 10:00:00,136.80857862136668,405.1809914748198,414.9594452680154
2013-02-08 12:00:00,142.05879237294045,381.82472460758265,428.55995132690066
2013-02-08 14:00:00,146.80470265171405,400.7020773998263,445.36627213594954
2013-02-08 16:00:00,192.92925275590005,478.74002340109126,520.2174929160501
2013-02-08 18:00:00,251.94515849010597,538.7774926172114,555.3129169919163
2013-02-08 20:00:00,304.46970758298096,579.9691804789356,586.5763878309033
2013-02-08 22:00:00,383.51841107808593,636.1142307671736,639.7490085123306
2013-02-09 00:00:00,408.44628074384246,703.5180499801093,647.5443855628297
2013-02-09 02:00:00,431.73821190245053,739.9864294957886,663.1056201955006
2013-02-09 04:00:00,425.9968807564123,751.049797865568,688.8465530298274
2013-02-09 06:00:00,428.12935171386465,751.5068344918321,722.7650308153568
2013-02-09 08:00:00,196.6268079493971,430.25296893688636,481.157521040411
2013-02-09 10:00:00,201.37036698510914,418.5467223974033,505.1858206803046
2013-02-09 12:00:00,254.54583649772212,491.42642416608084,554.3874135350344
2013-02-09 14:00:00,332.53482852413737,560.2895606351065,593.1144276160525
2013-02-09 16:00:00,381.8739407232783,615.867759716233,756.9748702649051
2013-02-09 18:00:00,398.15393895041467,623.9086298198508,828.0883753187541
2013-02-09 20:00:00,384.87774293975167,607.0144479048001,815.9435449339094
2013-02-09 22:00:00,376.3725790201271,584.9793305941968,790.5562721007892
2013-02-10 00:00:00,345.90738000144074,525.4181263702096,804.0781610019218
2013-02-10 02:00:00,237.6648744674324,393.1785740127582,726.4407413070462
2013-02-10 04:00:00,218.00490672188917,360.7886746587625,651.2995805866493
2013-02-10 06:00:00,189.08050335730937,331.70914675876276,560.3228944039453
2013-02-10 08:00:00,139.40816072930892,241.94135607674443,342.3555533400651
2013-02-10 10:00:00,143.55790998738644,240.69215896786386,321.4205969527379
2013-02-10 12:00:00,93.24641789772886,220.9186232439091,307.87431741440554
2013-02-10 14:00:00,113.34833593634963,225.66120217204002,322.25939935622586
2013-02-10 16:00:00,118.41916199087817,271.7948852850314,391.3129551901206
2013-02-10 18:00:00,123.40915604044935,285.89430826612863,368.28070955723285
2013-02-10 20:00:00,122.04090464146863,297.37455545919465,345.30562391273514
2013-02-10 22:00:00,129.06440288201165,306.6374286516128,324.8073292214026
2013-02-11 00:00:00,130.79139257229966,305.1960363530028,326.03484467107705
2013-02-11 02:00:00,130.80230810179506,316.0542883230098,319.3790800800915
2013-02-11 04:00:00,130.4370862742284,335.40849239850166,312.8887957997088
2013-02-11 06:00:00,129.96757594875672,313.1432778919868,310.4258655743035
2013-02-11 08:00:00,113.32850832283955,345.7187665038345,263.3358131010464
2013-02-11 10:00:00,23.898125556099078,431.8463885420649,144.86472311384452
2013-02-11 12:00:00,23.244323790435544,420.78502151549594,197.5651555154342
2013-02-11 14:00:00,122.40779685133487,494.10386976852146,255.40283049805817
2013-02-11 16:00:00,127.51934138766636,509.2049737039971,303.01434900594535
2013-02-11 18:00:00,129.67844918390495,503.1811656672137,303.20977820637717
2013-02-11 20:00:00,138.43715008909453,506.6487399068672,330.1467777738311
2013-02-11 22:00:00,149.84009795381965,548.3053685877549,358.8705669849764
2013-02-12 00:00:00,159.78934841887047,546.6621168372072,393.29553503316123
2013-02-12 02:00:00,175.85660872365682,519.154186854727,415.10491283018496
2013-02-12 04:00:00,172.44078570485016,490.48565977871596,413.627456239299
2013-02-12 06:00:00,185.7825027961839,525.3586243262821,419.4253953896796
2013-02-12 08:00:00,158.5280661514572,340.41505295632544,365.70993540372456
2013-02-12 10:00:00,161.48714377934067,476.921704753649,356.78714779887395
2013-02-12 12:00:00,192.85688871022916,506.5087878388842,387.7755904011244
2013-02-12 14:00:00,212.58767480354655,501.28449249233245,452.39814918339647
2013-02-12 16:00:00,305.3774008216321,579.9882983553053,510.6563159630754
2013-02-12 18:00:00,349.04974340516435,627.6995849797827,565.3094263141433
2013-02-12 20:00:00,410.28712391237036,632.7952567776234,644.4257860211968
2013-02-12 22:00:00,457.50823282489733,643.6554550662262,705.1362318346597
2013-02-13 00:00:00,397.8368990318575,601.9298713370537,773.2388878383248
2013-02-13 02:00:00,413.0628599963839,613.1256240736647,805.1694308506234
2013-02-13 04:00:00,421.9766542743128,612.6899763453566,744.9810628109277
2013-02-13 06:00:00,390.4054035488346,606.2144649669823,770.1065180044405
2013-02-13 08:00:00,212.70756950655772,368.3956868456817,520.6844479720813
2013-02-13 10:00:00,188.35017836517378,335.89941189360775,486.14578254443114
2013-02-13 12:00:00,192.26794653984794,334.10928821012425,532.1957378910765
2013-02-13 14:00:00,201.0370331834121,359.1678176103903,601.2534654378301
2013-02-13 16:00:00,266.3568944471153,484.3085862991307,716.6237135819525
2013-02-13 18:00:00,294.6451847921247,502.9237807362427,692.0308879088846
2013-02-13 20:00:00,209.8897202166597,430.24282056825604,584.1115141655472
2013-02-13 22:00:00,171.75963328008274,372.5374532271211,527.1665127474796
2013-02-14 00:00:00,149.00717587674404,348.04320763826706,500.044933403595
2013-02-14 02:00:00,138.78812769933015,327.5149822964464,478.74044306004095
2013-02-14 04:00:00,125.275490603832,339.38806051654126,458.4851250806505
2013-02-14 06:00:00,121.3195406086783,314.2295526633759,424.7196284664161
2013-02-14 08:00:00,25.919258864727688,293.8157869267639,252.32224584698142
2013-02-14 10:00:00,5.710651169409368e-06,6.260933697254064e-06,51.31236982967685
2013-02-14 12:00:00,25.02351248516101,289.31455232286913,205.97292275133196
2013-02-14 14:00:00,130.6124029509309,318.6494856803074,297.93526057181975
2013-02-14 16:00:00,122.05739034343013,429.6407348264029,340.40231202031936
2013-02-14 18:00:00,137.11741189452758,479.0505623232054,340.807304625304
2013-02-14 20:00:00,163.72227495553292,556.7610841946948,357.1593281175862
2013-02-14 22:00:00,197.7619629035449,571.1092772040504,401.54717657528283
2013-02-15 00:00:00,230.95559953074715,589.8136086946353,423.5763797033378
2013-02-15 02:00:00,266.2156316080735,598.1253646631143,468.21454169875693
2013-02-15 04:00:00,281.24161102095405,555.8621674151052,510.00789476679364
2013-02-15 06:00:00,280.11244875923137,557.1267816349965,554.6737078800356
2013-02-15 08:00:00,210.818282154784,365.16625881057644,474.54575815951506
2013-02-15 10:00:00,159.65736099358486,345.10452189753573,515.1063849530883
2013-02-15 12:00:00,183.92244799122014,408.2626636665738,535.688782004428
2013-02-15 14:00:00,251.09760391653012,420.85493628682804,611.7969242908073
2013-02-15 16:00:00,359.25709855996934,617.64347884818,633.0494096935744
2013-02-15 18:00:00,386.58540079693904,702.153273444961,656.0308520573245
2013-02-15 20:00:00,386.7235489729137,696.2586138955131,668.7521534443518
2013-02-15 22:00:00,402.70186762542534,732.470919388041,716.8272131557328
2013-02-16 00:00:00,429.23718713523056,741.9608821818154,758.8931096242578
2013-02-16 02:00:00,441.5268745203546,742.0945780324641,791.6669710890965
2013-02-16 04:00:00,456.80341211265153,738.3120876619143,746.7653632135648
2013-02-16 06:00:00,371.3547478381495,851.3160788486437,716.2896693768282
2013-02-16 08:00:00,300.1246568133155,594.098483358467,571.7071181519791
2013-02-16 10:00:00,281.73264337231245,566.9864772578197,583.1706912695804
2013-02-16 12:00:00,266.33816931254904,516.0270804261797,607.2768914916884
2013-02-16 14:00:00,287.95622783482366,513.2514489062609,670.3079943652697
2013-02-16 16:00:00,381.06024973864623,561.6544555212171,701.939847536539
2013-02-16 18:00:00,396.1160980392374,615.883237915457,738.1423703828867
2013-02-16 20:00:00,407.847464944826,620.0955068685012,752.8653558151532
2013-02-16 22:00:00,404.8533064871524,632.8205573335214,762.1521008202277
2013-02-17 00:00:00,401.04589304658896,654.5228712406018,815.9794738917369
2013-02-17 02:00:00,405.9063642948591,642.7555076802421,822.4335718020178
2013-02-17 04:00:00,402.9042927698572,627.1615625562852,784.1201689763897
2013-02-17 06:00:00,400.7876157770097,605.7304966227866,890.9620016690837
2013-02-17 08:00:00,217.1423599809862,511.785610981802,588.153026458662
2013-02-17 10:00:00,189.24425496143954,522.5741755369419,593.0888654649711
2013-02-17 12:00:00,179.55363718983253,468.24012965109,641.2374045374113
2013-02-17 14:00:00,186.13033596140016,426.0377871068331,708.5507603584141
2013-02-17 16:00:00,296.4109702775864,485.95913877848113,723.4187109006727
2013-02-17 18:00:00,342.08299165544,583.6629511847447,705.6324895920134
2013-02-17 20:00:00,339.9580784707652,572.0135256577607,756.2423938043092
2013-02-17 22:00:00,339.6188575849991,617.1215831651227,774.425270055358
2013-02-18 00:00:00,338.8127601146235,597.6882822896661,816.7596983238611
2013-02-18 02:00:00,338.6517486302652,571.5754244815937,813.8316814524736
2013-02-18 04:00:00,351.04350826598125,618.051585844719,705.7032772632588
2013-02-18 06:00:00,351.6837074174281,562.3445131512603,699.0187612859313
2013-02-18 08:00:00,152.09957993432255,310.64076132017993,451.4471843004163
2013-02-18 10:00:00,138.99043750683956,307.0418293673789,409.90569395362184
2013-02-18 12:00:00,144.6618177596822,313.1759937771265,399.34109097317435
2013-02-18 14:00:00,179.92626556976276,330.2734724174011,400.50661353153464
2013-02-18 16:00:00,285.23005580802425,528.5014113860999,489.0913250669778
2013-02-18 18:00:00,423.2259251138148,1025.726324862701,516.9372135911843
2013-02-18 20:00:00,397.04190958915245,1124.3090264240382,456.77689659062685
2013-02-18 22:00:00,389.76958897179463,1211.857842783664,387.4303607135657
2013-02-19 00:00:00,355.11415676312413,1219.1267018490146,343.270220731444
2013-02-19 02:00:00,304.71381982018477,1154.6590169624403,321.2501427138627
2013-02-19 04:00:00,283.54318053442904,1135.6074230115612,332.81615910266873
2013-02-19 06:00:00,277.72182002288685,1056.24423463501,325.66983602089556
2013-02-19 08:00:00,212.72454257472654,567.2547899868435,289.28110769269534
2013-02-19 10:00:00,212.73326575231326,477.0784451017573,148.13240333232235
2013-02-19 12:00:00,184.09951197539544,463.2130142797578,278.7079986588095
2013-02-19 14:00:00,201.03523239557757,400.8494839835957,311.1606624968389
2013-02-19 16:00:00,205.3259138844284,609.4556164745453,337.5501688076875
2013-02-19 18:00:00,208.20101626566765,1027.024354501953,343.5650257140241
2013-02-19 20:00:00,211.76801183859772,991.8273862672618,343.59060609967145
2013-02-19 22:00:00,230.83105904316346,756.5876699322586,365.8574474155385
2013-02-20 00:00:00,223.77122671013976,595.2972100871708,370.72460338593686
2013-02-20 02:00:00,228.37266182028296,523.161855597038,374.58787370955935
2013-02-20 04:00:00,195.01582248030675,396.8390686327301,364.62139163699294
2013-02-20 06:00:00,199.73600763924873,396.8307537907473,345.760891967221
2013-02-20 08:00:00,25.48230884852956,80.67607139219209,209.43839628303976
2013-02-20 10:00:00,21.037773050394705,0.0003008989286325165,225.54526040280794
2013-02-20 12:00:00,153.40208619647817,257.83823852622515,308.5111910381034
2013-02-20 14:00:00,169.58160938001728,268.04319845388727,327.3276697118665
2013-02-20 16:00:00,175.90808906061332,351.1744092096188,365.4677271100073
2013-02-20 18:00:00,196.288598773678,363.638308197115,382.3942971364836
2013-02-20 20:00:00,194.80228383827793,372.2400841817175,381.59118487822855
2013-02-20 22:00:00,217.5970964297303,405.3166669419609,398.7770923410192
2013-02-21 00:00:00,227.0319919322944,392.96002475887354,395.87668485784314
2013-02-21 02:00:00,240.301138588833,391.8473357728734,412.0739959319686
2013-02-21 04:00:00,254.40647479859717,389.26475176930444,436.2305920270244
2013-02-21 06:00:00,242.84478946633482,379.05692057736735,400.02117855676573
2013-02-21 08:00:00,132.56406463932075,238.27035378799835,303.37631791017367
2013-02-21 10:00:00,121.58992609907912,258.7941481871944,311.91643120712365
2013-02-21 12:00:00,167.43748661234883,316.3950829000115,352.3967960700801
2013-02-21 14:00:00,174.96973406687226,340.0803781053037,379.6093626760082
2013-02-21 16:00:00,200.4076465628231,335.35133911537014,451.3886842886384
2013-02-21 18:00:00,210.30223087738173,366.47714563818363,460.41893890650846
2013-02-21 20:00:00,206.59494946810122,358.65266404164464,457.7208831275079
2013-02-21 22:00:00,226.87389591011348,369.83243219686955,493.53663318198494
2013-02-22 00:00:00,218.1299743898446,364.832750340376,496.5786566181371
2013-02-22 02:00:00,211.71426918691824,356.8436361172698,501.2391497742034
2013-02-22 04:00:00,208.2525516864591,363.46826894357287,482.4206456487675
2013-02-22 06:00:00,201.15521766774853,401.3355338234632,415.6431919080615
2013-02-22 08:00:00,115.01378498617737,225.06771969954877,323.0939505102071
2013-02-22 10:00:00,124.51598753649498,274.6625173659071,332.6234340851632
2013-02-22 12:00:00,167.42626220513577,307.383057450213,337.5201827397649
2013-02-22 14:00:00,172.58844111818811,317.84632263983326,330.2210610853524
2013-02-22 16:00:00,199.80972361032434,373.1357489119898,384.98107335484934
2013-02-22 18:00:00,205.6467751728327,422.68398638204366,392.45503056785685
2013-02-22 20:00:00,212.75121537482607,434.0959297192922,396.91935798523843
2013-02-22 22:00:00,254.54596376616294,462.69937249150917,428.54535880641214
2013-02-23 00:00:00,280.12401612167616,443.05792424447947,434.45348714901877
2013-02-23 02:00:00,263.16106691268794,437.525908311611,409.26603025719805
2013-02-23 04:00:00,237.80548832265657,426.58437475211053,371.65568743481697
2013-02-23 06:00:00,185.01135570081513,421.8775207319917,315.08444408570625
2013-02-23 08:00:00,22.45102677153449,230.031380545715,199.32220813817506
2013-02-23 10:00:00,20.88775997026083,275.9220574707273,96.71749463164521
2013-02-23 12:00:00,54.06787158412557,325.482791057228,209.0757385811987
2013-02-23 14:00:00,120.00813888387248,350.4293053032104,224.2485337216673
2013-02-23 16:00:00,156.03518425861915,401.3157212156847,277.46385519937843
2013-02-23 18:00:00,150.26255329175086,421.9875425048986,279.2748705575489
2013-02-23 20:00:00,146.55631343127644,438.7930319112185,285.8165565616416
2013-02-23 22:00:00,145.14001134851637,485.7707342820068,311.0625447065556
2013-02-24 00:00:00,139.92590437449968,466.2917799878783,310.86100991466884
2013-02-24 02:00:00,139.92590428275432,443.3306699265701,303.39786504430157
2013-02-24 04:00:00,138.02824551320364,426.6650482309659,313.0737270251098
2013-02-24 06:00:00,132.12016169912027,423.91818145117264,290.27761824964716
2013-02-24 08:00:00,134.22238615096424,391.81433579054726,255.46983503449766
2013-02-24 10:00:00,25.326750222725973,327.2359361553626,210.90776567338082
2013-02-24 12:00:00,24.869530589656183,337.89113796166384,286.16523617696237
2013-02-24 14:00:00,135.1259688233937,362.97061607350315,296.28525938846315
2013-02-24 16:00:00,147.56639161796892,442.053139717725,325.40292028087964
2013-02-24 18:00:00,156.61519049895227,466.5832733036831,361.55659142097664
2013-02-24 20:00:00,164.51285708300293,486.1701455002313,383.8273491926955
2013-02-24 22:00:00,186.9089903401218,529.9101854379726,402.8925195150463
2013-02-25 00:00:00,192.12172573996529,516.9190271057922,404.14068051004455
2013-02-25 02:00:00,177.89114802940725,493.62975298906713,385.5923126303605
2013-02-25 04:00:00,172.34658741846997,483.80390874367004,362.95800347535607
2013-02-25 06:00:00,186.70509442681467,470.11833827530427,316.94461266171095
2013-02-25 08:00:00,168.94354029475005,432.5663577409012,286.14638469386375
2013-02-25 10:00:00,188.26899884998753,377.90554962988057,275.0477820644749
2013-02-25 12:00:00,169.6521860430135,415.48129298625975,283.9834750195603
2013-02-25 14:00:00,148.9062964821545,426.8864219154488,284.6312715074286
2013-02-25 16:00:00,148.57418334580566,455.225970717778,313.56319255741187
2013-02-25 18:00:00,132.667541204987,496.16499341032636,357.0998278981356
2013-02-25 20:00:00,142.64518334459325,442.7141555653029,388.7236333708293
2013-02-25 22:00:00,170.507017284938,561.2142155608179,417.783503715966
2013-02-26 00:00:00,166.30229347213583,455.44894664271413,439.1475268383683
2013-02-26 02:00:00,192.4436691497444,453.7099183308498,455.4726141232433
2013-02-26 04:00:00,233.92673387610228,457.911592745048,486.54039153907746
2013-02-26 06:00:00,222.32020146724847,511.8788763943062,482.5591788231054
2013-02-26 08:00:00,205.33727935728612,500.75849965339745,438.1579923745499
2013-02-26 10:00:00,201.74508639112355,467.2059776989409,430.19863253328174
2013-02-26 12:00:00,226.30155030668536,445.8934565970128,420.8001335732126
2013-02-26 14:00:00,238.0157724136041,528.3485175557503,451.71207891008174
2013-02-26 16:00:00,261.6916606510162,511.05365319929473,549.7964905560377
2013-02-26 18:00:00,259.8729078643643,494.06780830445814,545.9284354302692
2013-02-26 20:00:00,234.82601753362633,455.09087457470577,574.7414722994458
2013-02-26 22:00:00,261.2350472091512,494.7416103012207,674.9301866124587
2013-02-27 00:00:00,260.5113569687763,505.94762156189046,676.4367732228982
2013-02-27 02:00:00,263.52845207403846,504.8723420467639,714.2817758945102
2013-02-27 04:00:00,280.2013972144481,522.1977480093685,747.0673970016603
2013-02-27 06:00:00,317.9638253903155,536.7281965713481,684.4937880689139
2013-02-27 08:00:00,275.7328351152659,530.0996084862581,583.4742797595479
2013-02-27 10:00:00,272.0673395404363,528.5398459379204,577.8484925899188
2013-02-27 12:00:00,263.7386621263422,475.1250746918517,597.9854557156727
2013-02-27 14:00:00,214.89792739210506,437.8237976725412,629.8139002686788
2013-02-27 16:00:00,263.2898000517848,459.93433628663286,710.6700929814223
2013-02-27 18:00:00,377.57986247031334,555.0502276324518,711.6238512556498
2013-02-27 20:00:00,380.3905166530764,586.8400214358716,699.5209326102579
2013-02-27 22:00:00,370.05619846065974,507.6866855391672,693.9322474521695
2013-02-28 00:00:00,364.78741879354357,547.2461502954718,687.8439442976054
2013-02-28 02:00:00,355.60602615951615,575.5670679541154,669.7229751664285
2013-02-28 04:00:00,365.2336999407913,566.3911915093844,615.5723252971883
2013-02-28 06:00:00,352.345968064532,576.1972602559542,520.4780496320258
2013-02-28 08:00:00,289.2114110553215,651.0045937941918,440.6718254308646
2013-02-28 10:00:00,248.98890398037747,600.6294946380435,436.68454156311634
2013-02-28 12:00:00,212.485126123149,608.2488592752326,442.2002789011362
2013-02-28 14:00:00,197.3165504135075,604.980502723637,422.77440242221417
2013-02-28 16:00:00,220.88191443093626,604.0159305247051,422.6352902361492
2013-02-28 18:00:00,252.63514633385387,591.2794273163366,410.8149082506883
2013-02-28 20:00:00,257.08023802810067,560.7208437515965,380.1275976477832
2013-02-28 22:00:00,271.7685858498346,567.4603043350822,375.3598062219664
2013-03-01 00:00:00,264.66460515496345,599.4920807505785,373.87757386130653
2013-03-01 02:00:00,249.3160736892746,638.0835936077821,381.8982317751072
2013-03-01 04:00:00,229.00765985217302,686.9183746259689,393.6520352574189
2013-03-01 06:00:00,244.83378804098845,974.5999553274406,395.4521903717355
2013-03-01 08:00:00,189.29379865134868,640.1086981122942,383.8949920657147
2013-03-01 10:00:00,200.70973863854232,548.6956905881817,385.9765320903792
2013-03-01 12:00:00,217.49303964419474,446.14099568239396,399.51765936672376
2013-03-01 14:00:00,206.77958140974619,487.0857958289614,399.54449406261443
2013-03-01 16:00:00,243.62861826540222,536.4558502045938,447.03447177545263
2013-03-01 18:00:00,281.82570553112606,578.1903627148728,481.056443683489
2013-03-01 20:00:00,319.11533440938587,589.8686372951555,515.42247466674
2013-03-01 22:00:00,372.60644496001004,681.390704436411,585.5390602652064
2013-03-02 00:00:00,421.8242716529341,694.3981023964551,671.4831669138797
2013-03-02 02:00:00,448.42576900233644,693.4487322485586,703.6000847373746
2013-03-02 04:00:00,483.6642178484677,700.8630557909651,678.5904055884356
2013-03-02 06:00:00,474.71253420541257,719.8229318134149,557.9833040994409
2013-03-02 08:00:00,370.778475454432,908.5804497696723,450.52872028964873
2013-03-02 10:00:00,330.13742159126133,849.7803418983995,351.4915682027959
2013-03-02 12:00:00,310.0379706910281,781.4663862524587,304.953087475353
2013-03-02 14:00:00,310.8038347939464,757.3478051148534,304.4653791226103
2013-03-02 16:00:00,321.98364227450196,901.7130292457465,324.6020418998115
2013-03-02 18:00:00,311.2257391908694,1031.2154913819045,324.94161321153047
2013-03-02 20:00:00,264.38775428422383,1042.8588815644243,314.557582229172
2013-03-02 22:00:00,261.20526009150683,1175.6048043687017,308.100090047383
2013-03-03 00:00:00,272.35776468788674,1173.0169213610034,316.5091988709645
2013-03-03 02:00:00,287.5739970981718,1135.1125098368482,324.45894199989175
2013-03-03 04:00:00,319.65413765862417,1113.3742666066948,329.88396918707764
2013-03-03 06:00:00,355.0696769808688,1071.2547190344478,355.2995436970202
2013-03-03 08:00:00,279.8081636711506,668.4879468431337,344.0311995462989
2013-03-03 10:00:00,287.58045675874575,539.8013335537814,374.035885901887
2013-03-03 12:00:00,293.9569855408692,548.0891685216162,391.8964330212263
2013-03-03 14:00:00,293.1142918655858,528.8745913705832,417.21162978161914
2013-03-03 16:00:00,324.9501230889715,615.2353506275525,494.6948692483816
2013-03-03 18:00:00,418.645529899481,576.790269559187,611.3705338339834
2013-03-03 20:00:00,327.0933581234846,482.99721715370043,664.1729068396287
2013-03-03 22:00:00,309.2747121954636,453.76325336872924,732.7726132675658
2013-03-04 00:00:00,277.02748283452723,433.7892122308893,782.0484845784202
2013-03-04 02:00:00,259.57433151150764,412.6748184738103,775.9183342242845
2013-03-04 04:00:00,242.7513263634315,388.23018404171813,741.1661258906803
2013-03-04 06:00:00,239.78341098150673,396.38705925030047,550.9526477105226
2013-03-04 08:00:00,27.030328212674092,256.5986276749769,370.0991287984016
2013-03-04 10:00:00,23.816318606102797,262.7247529924133,266.8743047474754
2013-03-04 12:00:00,24.853508117406935,279.47148975810285,259.67439314918374
2013-03-04 14:00:00,56.42051502815481,275.2050680082318,323.5001553485174
2013-03-04 16:00:00,154.14303658862522,329.33818301793116,388.94876878184465
2013-03-04 18:00:00,161.54449226142324,364.7543893643504,369.886744361666
2013-03-04 20:00:00,153.05120747486973,338.532563965367,352.7847944868942
2013-03-04 22:00:00,167.46774131228418,360.8952158795183,354.3412221615444
2013-03-05 00:00:00,171.92174920620917,374.2437201949128,371.6463711447469
2013-03-05 02:00:00,178.0679236846919,367.65395674439986,381.6544399259365
2013-03-05 04:00:00,191.58046136636838,380.95386117592454,398.1395795177514
2013-03-05 06:00:00,190.45079644620918,382.7689023622069,368.7184788727238
2013-03-05 08:00:00,117.44422546414225,226.52662034919865,289.33008020463996
2013-03-05 10:00:00,23.547089685437083,240.94146735964995,238.4743466988119
2013-03-05 12:00:00,126.21726681936374,274.3046551675479,319.7576789148107
2013-03-05 14:00:00,138.59057257196017,349.3653380265858,401.8114146814309
2013-03-05 16:00:00,187.46396133301099,423.7860928716886,506.4730814124683
2013-03-05 18:00:00,238.74056880943053,473.63040866458624,504.63131635724466
2013-03-05 20:00:00,231.56953563457432,441.2486674747413,513.3771355386306
2013-03-05 22:00:00,252.98215684460345,473.505749383268,626.9150367839402
2013-03-06 00:00:00,247.5995559834133,498.0590544560637,683.4955312412729
2013-03-06 02:00:00,277.66945567690726,503.33326379573487,765.0235056770755
2013-03-06 04:00:00,289.74517713885484,523.7140900216976,775.7570950086275
2013-03-06 06:00:00,262.03505122677853,539.3058953253719,647.7644447667454
2013-03-06 08:00:00,361.1985662880667,579.0323026262345,620.7565342652384
2013-03-06 10:00:00,258.8090952414605,415.43653149080717,467.7536648064721
2013-03-06 12:00:00,204.61635267637146,352.91622960759315,371.10529484781694
2013-03-06 14:00:00,231.1534041436485,409.7125859353318,429.21024067389334
2013-03-06 16:00:00,209.00448222681487,524.4800836983991,480.1968388744401
2013-03-06 18:00:00,169.76015413282713,533.3804965109077,375.0719766051715
2013-03-06 20:00:00,162.6586875275746,671.9342240645783,359.3185496944614
2013-03-06 22:00:00,153.2366772056721,711.9470106760299,342.58440245792167
2013-03-07 00:00:00,163.78339127809897,716.7246269403938,336.2716043325056
2013-03-07 02:00:00,175.03638195320957,703.7706241752953,325.95456774019493
2013-03-07 04:00:00,166.41550031642387,754.036701762527,307.0007291645215
2013-03-07 06:00:00,159.2254467389062,755.6298673472447,283.48982768514946
2013-03-07 08:00:00,146.0626881988004,543.9623835425064,229.37090629794702
2013-03-07 10:00:00,66.03699376712022,580.9815845088463,178.43771337350438
2013-03-07 12:00:00,118.44098376656726,622.8481660025424,175.1494775013046
2013-03-07 14:00:00,153.56501410850458,664.9211257949147,225.95044037969342
2013-03-07 16:00:00,150.70277385458934,725.618921453691,271.04845147138565
2013-03-07 18:00:00,147.47611425785496,701.369155500194,280.2656394361378
2013-03-07 20:00:00,145.216664093594,702.0062784686115,279.8261583331284
2013-03-07 22:00:00,146.02467332073144,778.1088424081818,290.49002013102177
2013-03-08 00:00:00,149.32057104610556,790.8822601696238,292.0626624448625
2013-03-08 02:00:00,155.6979609075005,788.0245981903182,296.5283390595848
2013-03-08 04:00:00,160.80679282082795,751.6310437410946,295.3795640765323
2013-03-08 06:00:00,147.92208590533542,478.39281715157404,265.2773456931668
2013-03-08 08:00:00,25.819695575778553,402.14204144865835,169.87077045343605
2013-03-08 10:00:00,8.755710529977661e-07,436.3805836217011,78.94896024826336
2013-03-08 12:00:00,9.244385851140732e-07,468.21644245430053,109.76731446776029
2013-03-08 14:00:00,26.939341997812434,619.7794408366476,185.90441587416
2013-03-08 16:00:00,150.67118940838083,772.1318863347724,285.8441920925484
2013-03-08 18:00:00,144.08002333236578,713.8070962028821,299.06578273732003
2013-03-08 20:00:00,141.3422597555322,679.1363367903926,305.87284063117374
2013-03-08 22:00:00,150.5596779907037,751.1319253445307,315.0993095351562
2013-03-09 00:00:00,149.05775156876723,634.1166850627889,319.4799000427294
2013-03-09 02:00:00,148.144358702994,457.5818470808266,320.589774351738
2013-03-09 04:00:00,151.15583270486553,387.76816977450983,313.89788041448344
2013-03-09 06:00:00,144.77288729031247,435.9171628248487,292.1257745053436
2013-03-09 08:00:00,83.81705558824522,402.2405892211736,186.27334166527802
2013-03-09 10:00:00,128.27209235470033,476.04443540069866,187.68026590344792
2013-03-09 12:00:00,154.04981845885945,430.12893510331185,201.81648697942117
2013-03-09 14:00:00,163.18351757950455,449.88672140265305,281.8467278939128
2013-03-09 16:00:00,173.9510442759481,594.1079290190728,306.1621091839438
2013-03-09 18:00:00,177.12417356336434,611.8606690593748,310.11778378214893
2013-03-09 20:00:00,182.50374841223518,555.9899437205955,309.8271073781368
2013-03-09 22:00:00,189.56073395126884,691.5364219343177,320.2942777241249
2013-03-10 00:00:00,181.1108467859259,645.6319538508493,306.89617699984314
2013-03-10 02:00:00,166.93247863108954,604.4708436230303,300.44799977648273
2013-03-10 04:00:00,158.54193096570214,594.1046160267038,295.84757253595893
2013-03-10 06:00:00,145.65429823482327,585.0407901265095,281.2951209786315
2013-03-10 08:00:00,1.8342585109058232e-06,2.3341493953332774e-05,9.084037861961231e-06
2013-03-10 10:00:00,1.8639270355255132e-06,1.3298054444508176e-05,6.247200588030405e-06
2013-03-10 12:00:00,2.063114410728091e-06,1.889804314131865e-05,7.410817244949539e-06
2013-03-10 14:00:00,24.54495137465078,17.743322331797096,40.10143307784239
2013-03-10 16:00:00,127.79652737600978,420.5444121979263,278.20333586611855
2013-03-10 18:00:00,128.8239704921384,424.50101970400726,299.94107595456154
2013-03-10 20:00:00,130.45821359561097,427.37349501027194,307.39822605569833
2013-03-10 22:00:00,148.1824170527535,540.2463620163213,335.3034160240598
2013-03-11 00:00:00,146.60450014552654,522.607811939269,340.8785075024355
2013-03-11 02:00:00,147.4152616279488,481.7983083076231,348.00242861363466
2013-03-11 04:00:00,134.08260335773667,460.1605007280879,331.1056773837445
2013-03-11 06:00:00,141.52195303034233,371.06511883992636,326.9734874428228
2013-03-11 08:00:00,6.294718841826666e-06,9.920620518394127e-06,151.17688593517573
2013-03-11 10:00:00,23.027080348102608,165.58596665933817,243.79912253945957
2013-03-11 12:00:00,22.315189508154933,268.58726395211545,235.15491492978254
2013-03-11 14:00:00,21.857734520215654,272.84737014136147,279.2242966210234
2013-03-11 16:00:00,124.94116237204011,292.0324400863921,340.4205985473929
2013-03-11 18:00:00,134.29076356317245,342.66607255186665,370.566335478302
2013-03-11 20:00:00,129.42617319139683,340.42659572468074,384.4191745661932
2013-03-11 22:00:00,129.49434148932832,338.46366441490767,424.7271393422378
2013-03-12 00:00:00,128.81866182624194,316.60921199964184,446.57418686175794
2013-03-12 02:00:00,132.1529762378127,309.44333345297014,479.44812756319584
2013-03-12 04:00:00,136.47138026569672,303.4433747073014,497.32916461763097
2013-03-12 06:00:00,141.07584632678714,288.257303964295,465.38682272615046
2013-03-12 08:00:00,23.23348948138203,1.2120522984369872e-06,419.25495512331054
2013-03-12 10:00:00,21.462101460774928,6.759146044723644e-07,416.6373461826861
2013-03-12 12:00:00,22.049005519516957,5.503042719184173e-07,443.8632103277672
2013-03-12 14:00:00,44.77290886877793,1.2135679625821316e-06,479.34813103867225
2013-03-12 16:00:00,154.3929472815885,305.97528187922984,597.731389147025
2013-03-12 18:00:00,265.9301815075463,330.66955026630336,679.9212724778681
2013-03-12 20:00:00,300.0897639014259,354.9166602612314,685.2200304622608
2013-03-12 22:00:00,322.62480906516936,442.1962773382493,671.765789368182
2013-03-13 00:00:00,325.1276841316824,591.8332025970981,635.0744729043683
2013-03-13 02:00:00,299.63483202523486,667.808611281018,619.4541233754143
2013-03-13 04:00:00,279.8248987835201,683.7441960197184,621.7642996800242
2013-03-13 06:00:00,231.7108020089591,570.3533982205391,583.5076125535528
2013-03-13 08:00:00,170.83913373104542,451.1644395741371,512.5423326059914
2013-03-13 10:00:00,140.6018337413547,400.9343502613796,493.8726303129752
2013-03-13 12:00:00,133.76528463314412,416.58424772090615,470.4427180968747
2013-03-13 14:00:00,123.32263158103908,421.770554312499,491.0401440537381
2013-03-13 16:00:00,147.00744906754645,430.4462682272249,609.3221741505754
2013-03-13 18:00:00,220.15542477900306,514.3175232637157,700.0497158989623
2013-03-13 20:00:00,330.06144907747694,604.5199674520086,677.4666535544258
2013-03-13 22:00:00,344.1624860135972,618.6805443553625,647.2742832645115
2013-03-14 00:00:00,305.1567935781589,564.9958344940056,581.4170185170935
2013-03-14 02:00:00,256.2940353702513,543.5643373650803,542.0729455404951
2013-03-14 04:00:00,215.9822257216548,516.6915832739691,558.3041903009805
2013-03-14 06:00:00,167.21770881414668,453.31810676633705,504.56571335990486
2013-03-14 08:00:00,134.28377929636986,408.3981575778091,412.52067603652966
2013-03-14 10:00:00,148.7840659328352,385.55654845322323,412.0613944483847
2013-03-14 12:00:00,145.42446731921163,377.5421995380557,429.1394851838558
2013-03-14 14:00:00,144.6410282685794,346.92443533382107,444.3071532758091
2013-03-14 16:00:00,183.36125479933366,393.85564064763275,568.3287567737382
2013-03-14 18:00:00,303.5116302602214,595.0394897312568,725.9924064499131
2013-03-14 20:00:00,358.610010183971,681.6456698017021,773.9494573748734
2013-03-14 22:00:00,342.4859647994615,663.9664446895939,773.266043355262
2013-03-15 00:00:00,277.55015492285094,566.6334085903069,733.8579410365646
2013-03-15 02:00:00,223.74171557166375,477.6439032678504,688.2661615240393
2013-03-15 04:00:00,199.8722402932021,430.59528189093936,650.3517039845086
2013-03-15 06:00:00,163.0260435699629,392.7380985372117,526.9226609786077
2013-03-15 08:00:00,145.3864116016363,338.9453896802927,357.44293615834897
2013-03-15 10:00:00,24.842047187352236,38.80523321438912,266.95495946128716
2013-03-15 12:00:00,2.063315334233e-06,1.1033893059744785e-06,197.3180752448329
2013-03-15 14:00:00,99.88489855626634,317.40059002027374,300.94351818553724
2013-03-15 16:00:00,145.51261939824485,346.7502898765056,399.2470945023053
2013-03-15 18:00:00,131.19854607455218,353.76344002731446,464.93290857647116
2013-03-15 20:00:00,126.74663716763102,331.2143046408073,430.1220552874447
2013-03-15 22:00:00,123.25312707003941,314.2834088665695,402.0848312223185
2013-03-16 00:00:00,121.99473549408789,314.03016646668783,391.5472145585455
2013-03-16 02:00:00,119.60603307461403,307.39793973880603,357.9490666785163
2013-03-16 04:00:00,118.9434285267243,304.51327804679653,335.2804688927382
2013-03-16 06:00:00,24.600783583580917,294.5835979817944,82.95823001427254
2013-03-16 08:00:00,5.182207382286288e-07,6.453872497821417e-07,9.752484154174254e-07
2013-03-16 10:00:00,5.568566386252182e-07,6.635128574322067e-07,9.199756596567294e-07
2013-03-16 12:00:00,5.373198279473342e-07,8.546372642006093e-07,9.007156321087422e-07
2013-03-16 14:00:00,4.814827488203186e-07,75.0655003407179,1.3439816414365112e-06
2013-03-16 16:00:00,73.73979747591046,280.06852815152655,257.1417346855964
2013-03-16 18:00:00,112.82516676419858,298.07271319582975,257.55084351927036
2013-03-16 20:00:00,115.17134118427333,304.4859576018823,251.5107542611737
2013-03-16 22:00:00,118.86237285717677,317.70721608235317,258.1014262862751
2013-03-17 00:00:00,126.95127648824364,351.7523555364788,264.28808804236195
2013-03-17 02:00:00,132.60078539823846,390.7066274445053,262.3415882698986
2013-03-17 04:00:00,138.5711561102508,436.20067588472267,258.3392563289029
2013-03-17 06:00:00,143.81834913772758,363.48830472928717,190.55511454315692
2013-03-17 08:00:00,26.7371613723313,277.5102992308578,137.34030303142472
2013-03-17 10:00:00,65.93157253461426,337.4482583654861,1.279397934026663e-05
2013-03-17 12:00:00,151.40780586249244,344.4629875841086,3.3823038178155424e-06
2013-03-17 14:00:00,99.23623031461547,308.910179742476,183.95529526628033
2013-03-17 16:00:00,128.43669749501336,330.7238221037984,252.74058307922843
2013-03-17 18:00:00,130.24824319740878,368.3742245160376,254.43306476758337
2013-03-17 20:00:00,133.0689314569271,358.3254365520029,253.78221647162192
2013-03-17 22:00:00,140.18185549059137,372.9770982093883,256.6195595263863
2013-03-18 00:00:00,158.2832082599339,387.37864581198045,264.38929245569716
2013-03-18 02:00:00,170.83348402904272,410.4691902606165,271.1074561232653
2013-03-18 04:00:00,169.40809086308195,442.5445497998027,276.75557618226094
2013-03-18 06:00:00,130.42836452051725,404.7444409350756,285.2892323357924
2013-03-18 08:00:00,20.31592322056082,400.1492841541342,278.99037808450737
2013-03-18 10:00:00,23.29195263163301,438.1624342684657,215.47834756287864
2013-03-18 12:00:00,145.32272973207068,441.0173870375396,302.1611009458881
2013-03-18 14:00:00,212.75778327495462,443.1460017602526,325.14800995033704
2013-03-18 16:00:00,231.65053759942577,578.3666478184556,318.9038058940069
2013-03-18 18:00:00,238.54159732600596,616.2271473848629,318.26572372407026
2013-03-18 20:00:00,197.83401507675998,791.6350098428356,332.1340246508699
2013-03-18 22:00:00,196.30934879165324,812.7960340736389,352.3237920096653
2013-03-19 00:00:00,203.90684229753518,883.0155150398922,354.6501271705295
2013-03-19 02:00:00,219.30241343376315,789.3647503048076,361.6613207588737
2013-03-19 04:00:00,224.41552536908273,825.9274321228917,361.52294589052286
2013-03-19 06:00:00,168.10794540046172,691.2160118145496,350.9796818166425
2013-03-19 08:00:00,171.40765354632913,549.504481313939,230.44793697108722
2013-03-19 10:00:00,190.17031714603556,704.2584107526856,229.45253900718114
2013-03-19 12:00:00,214.12777351713302,601.736015101103,229.31508631346335
2013-03-19 14:00:00,194.38237921382478,541.0381356283243,233.0760957295037
2013-03-19 16:00:00,198.99665652106404,490.11251111588325,314.99839415523167
2013-03-19 18:00:00,222.62644034613115,862.2158699234982,370.3560800349216
2013-03-19 20:00:00,196.7136512423644,1059.2590814334749,380.8157285711859
2013-03-19 22:00:00,210.96559711830946,988.4071303833153,387.0262002762116
2013-03-20 00:00:00,212.84590951860258,834.5267370545657,421.121705283348
2013-03-20 02:00:00,195.87055162898494,743.0393698336479,433.2722368661128
2013-03-20 04:00:00,181.59417746751416,682.8033754806629,443.37932708264833
2013-03-20 06:00:00,142.88768281555926,483.3461263004684,413.3609951428678
2013-03-20 08:00:00,151.72746451694923,569.6088660329024,355.12597547429596
2013-03-20 10:00:00,156.86947847594038,561.4655179566405,339.95422107825175
2013-03-20 12:00:00,156.74375988231827,433.25018130225715,368.4733344027568
2013-03-20 14:00:00,157.39194354061877,433.172993781518,385.6110922092203
2013-03-20 16:00:00,238.1102474880866,458.78858420615757,389.0180579834872
2013-03-20 18:00:00,331.23002967440283,623.7554533610281,412.7830075821291
2013-03-20 20:00:00,360.2771512273345,720.6816928463386,446.5107014845614
2013-03-20 22:00:00,398.0605168885874,781.9482247003934,492.9881302986621
2013-03-21 00:00:00,450.26642738156556,721.4200211065893,528.328855049303
2013-03-21 02:00:00,360.53829681017027,702.3408578898444,546.6957104574917
2013-03-21 04:00:00,357.8496757827098,671.8798742360675,534.2608713279262
2013-03-21 06:00:00,237.41165994920684,701.3671416189824,471.6075280935703
2013-03-21 08:00:00,159.5306880464328,505.8827260429238,432.3426839277266
2013-03-21 10:00:00,176.26385186857598,406.6171580574088,471.74396893268926
2013-03-21 12:00:00,195.00263313145777,399.2964038973288,468.78347374389335
2013-03-21 14:00:00,186.47597159643925,370.88025931406315,455.66119998627806
2013-03-21 16:00:00,186.78931587215487,422.6542311829469,474.01573138959594
2013-03-21 18:00:00,214.3273304350514,468.21188196382735,524.0641673620822
2013-03-21 20:00:00,203.44906245730783,409.5584528055563,488.699415387099
2013-03-21 22:00:00,200.38915904510557,367.15181974119855,433.93225669375295
2013-03-22 00:00:00,194.30138627802248,362.0155828282583,434.7907809503926
2013-03-22 02:00:00,171.72530468905478,359.91774116240276,418.2021008950007
2013-03-22 04:00:00,157.131626613366,350.9774810017097,404.3594160369808
2013-03-22 06:00:00,2.0360614552842912e-05,2.1894332517432243e-05,165.32340413951297
2013-03-22 08:00:00,4.882222704856272e-07,6.196514865141719e-07,9.80033492898741e-07
2013-03-22 10:00:00,5.174429468557393e-07,6.410600328567795e-07,9.919273482465366e-07
2013-03-22 12:00:00,5.210214113521817e-07,5.987283176808901e-07,9.357111851712052e-07
2013-03-22 14:00:00,5.319965035790021e-07,1.0212205553292487e-06,9.019938197612196e-07
2013-03-22 16:00:00,21.771824565421593,270.9825449461517,188.22298570108492
2013-03-22 18:00:00,114.85419623755129,272.26898759321347,270.30605230699354
2013-03-22 20:00:00,66.67597966476082,271.4549572790973,261.18619247344867
2013-03-22 22:00:00,82.25660587666306,289.00627224885267,268.93466724556515
2013-03-23 00:00:00,79.96756741998182,281.2852343846645,271.28944140872187
2013-03-23 02:00:00,118.51938785538628,277.94413503083496,279.2915047755263
2013-03-23 04:00:00,117.92915274530647,278.94334320126245,273.4691116453723
2013-03-23 06:00:00,4.006143831092992e-06,219.1024823282006,53.727766662676785
2013-03-23 08:00:00,5.536496240202197e-07,233.7926980417129,1.4166811898090482e-06
2013-03-23 10:00:00,5.29579633386358e-07,294.68017991913393,1.1381613717576766e-06
2013-03-23 12:00:00,5.361654808470466e-07,248.23558176872356,1.0399360244466451e-06
2013-03-23 14:00:00,5.041578132013403e-07,267.74000468853495,1.3196267159158616e-06
2013-03-23 16:00:00,72.76706521170914,297.6830611187767,247.78642258164382
2013-03-23 18:00:00,112.04505255793002,291.79943781160597,252.82307689552724
2013-03-23 20:00:00,113.76441563302328,301.3333511932005,265.91136079430635
2013-03-23 22:00:00,115.84273166142759,340.1610518293744,303.24125521503095
2013-03-24 00:00:00,112.90074320128392,308.340457533807,320.3279010904122
2013-03-24 02:00:00,112.78234357450921,313.90672545434114,325.5158976300675
2013-03-24 04:00:00,113.6704580900766,314.3201412750763,314.6683879817692
2013-03-24 06:00:00,108.80208694899073,300.31600262422575,278.26456043480346
2013-03-24 08:00:00,4.807986031585785e-07,292.4246118339306,185.7003700822047
2013-03-24 10:00:00,4.717087725068308e-07,300.9244845287204,10.804633444392314
2013-03-24 12:00:00,5.268558565137634e-07,248.03653046765842,1.6728533862637567e-06
2013-03-24 14:00:00,4.624816883015636e-07,290.9124644124735,73.48697636444047
2013-03-24 16:00:00,89.64233722352493,306.0601109944617,255.14977456781946
2013-03-24 18:00:00,118.92244635928195,300.269384091741,256.94880040645273
2013-03-24 20:00:00,119.02248519686498,300.6219365581478,260.22224020040284
2013-03-24 22:00:00,126.03915104842142,394.4851265260473,276.6340700682088
2013-03-25 00:00:00,126.25941283042525,388.5766761846169,293.3783858311957
2013-03-25 02:00:00,126.84875482556201,403.48846260184297,302.94806661175255
2013-03-25 04:00:00,126.07148001477924,400.710768348914,288.5704182590116
2013-03-25 06:00:00,113.0310188707807,332.0683004102972,271.33583705964406
2013-03-25 08:00:00,4.636845932199356e-07,1.5528274365953885e-06,57.294174619206046
2013-03-25 10:00:00,4.588578838429859e-07,3.316846917032648e-06,1.0152574758148017e-06
2013-03-25 12:00:00,4.603656746441756e-07,1.2238181292258828e-06,8.737248737192417e-07
2013-03-25 14:00:00,4.732205784590464e-07,8.857112540511814e-07,2.6740481376493085e-06
2013-03-25 16:00:00,18.65423545817484,319.9704907766918,238.2654511615393
2013-03-25 18:00:00,124.42546856645954,425.3984840552101,269.7759209564153
2013-03-25 20:00:00,130.9350089906169,414.01458407769974,284.4278689587106
2013-03-25 22:00:00,131.94861178128824,445.9636391702299,302.28960425916506
2013-03-26 00:00:00,138.26689554169073,437.13131508961925,336.18150797354036
2013-03-26 02:00:00,141.14103271848435,444.75782867502954,354.21372545981126
2013-03-26 04:00:00,142.15213615755715,448.68135133213644,345.3898566615002
2013-03-26 06:00:00,113.96437323976012,345.3018640546217,332.58229553902424
2013-03-26 08:00:00,5.321143754273194e-07,5.650579894261836e-07,215.11544114375346
2013-03-26 10:00:00,5.268004372009068e-07,6.613174598215557e-07,70.16228049268202
2013-03-26 12:00:00,4.5188105718734263e-07,7.519555150613341e-07,73.32550555026161
2013-03-26 14:00:00,4.199779098836469e-07,3.2348477061375653e-06,192.458873468835
2013-03-26 16:00:00,100.72493878575399,372.8140473218321,304.3703647214107
2013-03-26 18:00:00,141.48534832917554,536.3228642252668,328.38781513365257
2013-03-26 20:00:00,161.88063465207466,505.3680312319265,347.65766030277115
2013-03-26 22:00:00,157.7923174132536,499.31894160448707,359.6884002047809
2013-03-27 00:00:00,189.5239700986661,506.9451205816483,396.7784447437949
2013-03-27 02:00:00,192.8761807921285,516.2964064322601,402.17478630746774
2013-03-27 04:00:00,185.89305176798084,528.2552909538008,392.9275806766239
2013-03-27 06:00:00,136.95773138917582,365.43158901960936,353.76636336895837
2013-03-27 08:00:00,18.24176232660086,254.7697209348126,300.3631082222402
2013-03-27 10:00:00,17.516516105790398,253.13445342104885,210.6163152025609
2013-03-27 12:00:00,17.014836808488734,259.5287336495775,199.32448827040602
2013-03-27 14:00:00,17.694985727618203,297.25620310582553,263.4661478099491
2013-03-27 16:00:00,117.72388282567441,446.8832501225417,298.5145716896162
2013-03-27 18:00:00,155.4220267216604,783.1793146507179,309.3336392006518
2013-03-27 20:00:00,165.15259083873028,765.732626900132,336.17752228756734
2013-03-27 22:00:00,175.69735106849922,749.3755101150123,360.4354152376878
2013-03-28 00:00:00,203.51181985961534,698.6018586247354,401.13768295154154
2013-03-28 02:00:00,206.8499237392921,730.5325073937975,406.01102670771104
2013-03-28 04:00:00,207.93445716899646,718.505767076575,398.96887061752926
2013-03-28 06:00:00,140.73059097777283,502.3393402453483,359.6414092475731
2013-03-28 08:00:00,109.15770578749736,302.5316834139831,318.78957789220976
2013-03-28 10:00:00,20.521524426409062,266.4542798076663,314.0798182838807
2013-03-28 12:00:00,150.55338228661057,303.369448063295,325.2302328191128
2013-03-28 14:00:00,177.35188311315864,325.9245859719085,353.34097766092805
2013-03-28 16:00:00,181.0087853374844,367.6041915124409,391.7731275083028
2013-03-28 18:00:00,231.5311653634437,668.6730660182935,431.15122688725245
2013-03-28 20:00:00,251.53802081329218,652.8710417834913,458.72426703477714
2013-03-28 22:00:00,272.77338350219617,640.3902445702308,488.3927457580716
2013-03-29 00:00:00,296.7624169916993,647.3376631059537,512.0750015894821
2013-03-29 02:00:00,300.4320264944125,694.2014138469671,512.0451365269366
2013-03-29 04:00:00,292.8174909133354,721.8886632575188,494.6937118570508
2013-03-29 06:00:00,202.18943780600125,484.49298086692085,388.62996719925
2013-03-29 08:00:00,162.58928476479554,368.481139958623,379.3327916659499
2013-03-29 10:00:00,186.87155914401302,408.751027350586,380.32010779563205
2013-03-29 12:00:00,186.73380294852893,427.48857558281225,385.582511309382
2013-03-29 14:00:00,195.61059611645857,439.06478257175496,437.5248448894991
2013-03-29 16:00:00,211.89296071551544,486.1559336174758,552.2073984931135
2013-03-29 18:00:00,268.3983083242188,604.0180957654168,605.5355013417117
2013-03-29 20:00:00,285.20470138259867,637.5662042404052,627.8451317799155
2013-03-29 22:00:00,304.70725566864814,660.0881843515266,663.0922692408037
2013-03-30 00:00:00,320.43047617953863,666.9615515405494,683.7897612441694
2013-03-30 02:00:00,314.29119585852095,650.1094197038951,678.6905628599129
2013-03-30 04:00:00,301.74681048652803,644.4132676714996,674.4688649802888
2013-03-30 06:00:00,211.07541397507177,452.57360171143364,595.2660653460772
2013-03-30 08:00:00,158.55653202504607,310.889174225048,485.9446765929166
2013-03-30 10:00:00,151.97227568174839,370.0425580601263,469.0895829437372
2013-03-30 12:00:00,153.25212389250322,389.4279701915791,471.1994655616971
2013-03-30 14:00:00,151.95197362939456,383.4153631504718,503.9824592827679
2013-03-30 16:00:00,185.03577062761264,396.4862028141959,555.9696181688046
2013-03-30 18:00:00,240.39104530703125,497.6008305941832,565.348430240521
2013-03-30 20:00:00,271.0087877417161,549.3057635749192,602.0621143976779
2013-03-30 22:00:00,301.9719679539337,572.268679735189,632.2356678861572
2013-03-31 00:00:00,322.95204749860835,614.0420077958054,640.5589185809304
2013-03-31 02:00:00,336.5451512522338,624.5615097407415,627.1335511061761
2013-03-31 04:00:00,349.16847895982187,632.4418722509738,626.8629510307156
2013-03-31 06:00:00,210.28437094920216,421.0835138743696,551.7309442977539
2013-03-31 08:00:00,165.58870185295598,334.02963022929845,500.47196981417466
2013-03-31 10:00:00,170.72490657524307,409.25709507623964,477.1916356406214
2013-03-31 12:00:00,176.55517501312,435.8692727456443,460.98118204202757
2013-03-31 14:00:00,186.60362437397694,462.8961866056746,474.44297646564354
2013-03-31 16:00:00,210.1549388296523,472.71426268384164,543.3311602777542
2013-03-31 18:00:00,252.27709678618953,513.0424459656805,635.610340107911
2013-03-31 20:00:00,237.73902452077263,469.53225447189124,641.1218892687345
2013-03-31 22:00:00,232.94864611311087,457.5871786349029,631.5351925751921
2013-04-01 00:00:00,263.87557937499156,494.9669993850147,646.6393821278946
2013-04-01 02:00:00,270.116961644286,480.1740314588482,634.4581926173176
2013-04-01 04:00:00,271.51703540113846,455.8533190533717,603.482794464844
2013-04-01 06:00:00,180.28053649655357,370.7318088339243,467.68776430015333
2013-04-01 08:00:00,130.2242906498869,234.06596802348398,360.2302446232113
2013-04-01 10:00:00,21.62621316023387,178.74337651513662,334.94419616199383
2013-04-01 12:00:00,21.21112641534056,182.6921798106526,325.18912772036583
2013-04-01 14:00:00,21.82753398332135,211.72197196377707,356.98285577375503
2013-04-01 16:00:00,128.20385596379168,268.97319672527414,444.0516404637968
2013-04-01 18:00:00,151.7833399762763,383.88990137100745,525.8377296347574
2013-04-01 20:00:00,153.3981568073364,405.8259304606608,555.0015530215026
2013-04-01 22:00:00,155.09506677173275,394.815109529889,586.0520858349471
2013-04-02 00:00:00,186.3652522403674,408.9137067313411,641.5346029160563
2013-04-02 02:00:00,211.40459645584718,401.2465805477546,666.9951222566043
2013-04-02 04:00:00,228.52166297984235,406.0547431964886,657.8378697147242
2013-04-02 06:00:00,142.39163397407452,320.30897436672103,526.3882191124625
2013-04-02 08:00:00,21.65871321150576,1.4147856324970361e-06,423.6857372217941
2013-04-02 10:00:00,5.503995794860726e-07,5.533663885166851e-07,368.49489341712996
2013-04-02 12:00:00,5.493774097401989e-07,5.393858590419759e-07,331.62301320647856
2013-04-02 14:00:00,4.943084700813257e-07,8.301934976683355e-07,338.8120211823113
2013-04-02 16:00:00,109.87423828382363,268.72878735355846,378.868957025681
2013-04-02 18:00:00,153.43281574051164,394.9112867336532,391.0465526436497
2013-04-02 20:00:00,152.01073810283728,416.68679117235376,414.4919718982543
2013-04-02 22:00:00,138.8513926182408,439.151691563031,439.6811732696716
2013-04-03 00:00:00,170.61483314611516,459.74310270532953,495.705214082938
2013-04-03 02:00:00,176.29068468368038,463.51111702162086,518.2332209635123
2013-04-03 04:00:00,152.61698778914035,455.73155163199584,523.5816962033465
2013-04-03 06:00:00,129.44795028231204,309.14902360205537,457.82524805127343
2013-04-03 08:00:00,5.310211313209558e-07,6.158939313376163e-07,391.472209833114
2013-04-03 10:00:00,5.30123592692127e-07,5.777707269300743e-07,268.9533547965934
2013-04-03 12:00:00,5.143835195202175e-07,7.98464893358128e-07,239.20879697204322
2013-04-03 14:00:00,5.074588345491908e-07,8.819111957267609e-07,233.69337441589747
2013-04-03 16:00:00,115.30264625686974,296.24410651905185,337.69570348403073
2013-04-03 18:00:00,170.45076769514614,456.68028462994715,345.1179044765062
2013-04-03 20:00:00,176.3590115777095,425.2328639039424,357.1790127897159
2013-04-03 22:00:00,161.6537146795119,442.96566266339505,368.084965417423
2013-04-04 00:00:00,181.70514683254524,439.2918367385775,392.24861545670495
2013-04-04 02:00:00,173.34349281530473,454.387970564392,394.5036624963422
2013-04-04 04:00:00,146.573216146894,445.80865246868774,405.2180227021331
2013-04-04 06:00:00,153.94554862908993,356.0004117506176,349.3207559243023
2013-04-04 08:00:00,23.522929471245796,297.8331080402234,224.1406348516381
2013-04-04 10:00:00,1.6103534035668164e-06,2.222515495945001e-06,91.46930975786466
2013-04-04 12:00:00,7.316601283497853e-06,5.051165865830416e-06,115.24233137194678
2013-04-04 14:00:00,70.93376460298168,233.51605002555246,223.41080301789964
2013-04-04 16:00:00,146.77343991469814,280.5765367212607,347.17776776019446
2013-04-04 18:00:00,179.05260379173927,403.52268541994744,362.78275544644436
2013-04-04 20:00:00,144.0829258980717,406.78242493667824,375.61056484706063
2013-04-04 22:00:00,135.99350668340435,405.0480901077128,386.9207916265634
2013-04-05 00:00:00,139.251836295968,407.5449751963244,427.0148391806535
2013-04-05 02:00:00,148.38303396485276,426.2607671421348,442.53121419209947
2013-04-05 04:00:00,144.5043801780176,423.7259682776229,443.14659389375606
2013-04-05 06:00:00,159.32174749539683,398.44338046589365,394.2231882758372
2013-04-05 08:00:00,129.07281271269548,315.0828981565751,404.3940803466705
2013-04-05 10:00:00,139.92891857088617,310.4320535431,421.2237762446864
2013-04-05 12:00:00,127.89548893442687,312.7313330110349,404.2190972816337
2013-04-05 14:00:00,131.06425410489317,332.5469445818909,386.4505451405918
2013-04-05 16:00:00,148.6716581425649,436.4608897910278,415.4747574780157
2013-04-05 18:00:00,183.4552110250612,427.3419227496263,493.7998223880395
2013-04-05 20:00:00,202.760559263047,457.60434672622944,571.1549115948361
2013-04-05 22:00:00,272.51829921747594,457.5043229516597,587.7221775114458
2013-04-06 00:00:00,301.69878374994505,460.11524269324894,595.0329950775069
2013-04-06 02:00:00,311.81183644065896,542.4095392686263,595.9672643787363
2013-04-06 04:00:00,294.79115326116323,586.1826909275657,643.3651743684527
2013-04-06 06:00:00,205.79308852162418,446.8391119409571,608.680019128013
2013-04-06 08:00:00,152.42665221187045,498.088254170187,527.5701427778147
2013-04-06 10:00:00,128.3048341584604,446.15656763343424,487.02995822360424
2013-04-06 12:00:00,122.09150409624287,358.7049380822091,478.3106983133013
2013-04-06 14:00:00,145.16835683131305,321.157711741708,505.31763864978285
2013-04-06 16:00:00,157.83035060234346,348.90810976970056,570.8691848166934
2013-04-06 18:00:00,278.5253314497881,569.3264259014948,624.2970347882301
2013-04-06 20:00:00,343.6093474171744,656.0163927075458,643.276040631594
2013-04-06 22:00:00,397.5806883872621,748.2563937071726,616.656201699605
2013-04-07 00:00:00,444.678496411103,776.7107218081449,579.5170518855875
2013-04-07 02:00:00,464.0604994485118,793.5334139477991,526.11974570658
2013-04-07 04:00:00,456.4865465488775,806.2082943314967,510.89430083883224
2013-04-07 06:00:00,248.0984423038762,404.88410113527243,471.78410308797964
2013-04-07 08:00:00,158.01947606029796,321.17339732351553,393.39365480329866
2013-04-07 10:00:00,130.2765268895255,299.95156111307097,357.66342432445236
2013-04-07 12:00:00,127.77615155489843,303.2412803837818,339.5620744162439
2013-04-07 14:00:00,140.60323295083498,324.239453491786,375.6804814146089
2013-04-07 16:00:00,191.01119586470077,432.9749783004176,459.2595872908777
2013-04-07 18:00:00,290.32491574455867,627.3211615481401,603.8581331159606
2013-04-07 20:00:00,289.96809935285216,434.35456715385413,660.0643920872012
2013-04-07 22:00:00,269.0288446541768,367.5982430836789,719.5486468292938
2013-04-08 00:00:00,273.2032470180301,395.15136504387675,701.7415812127321
2013-04-08 02:00:00,265.7936370785318,432.0008268256304,677.4410450304487
2013-04-08 04:00:00,247.49424645028844,431.03193113096955,705.6197637221904
2013-04-08 06:00:00,192.7335611035932,357.8088297004443,589.1079502893576
2013-04-08 08:00:00,140.4544924037867,278.8891524666667,452.63141452166656
2013-04-08 10:00:00,112.73867656092959,301.09559789273044,355.485685940645
2013-04-08 12:00:00,113.40795667256349,365.9525810167585,349.241210879432
2013-04-08 14:00:00,135.60309095249048,424.5410809580785,408.5951016246613
2013-04-08 16:00:00,158.33679494998935,559.4003737417768,419.6441423317048
2013-04-08 18:00:00,175.0131769929127,616.7799632453105,399.2547993038864
2013-04-08 20:00:00,161.69838573688492,686.7621433640567,359.6496534137662
2013-04-08 22:00:00,161.98732648208977,715.213721179825,335.3660532032935
2013-04-09 00:00:00,178.93140362458456,677.8662894058534,346.40435337056465
2013-04-09 02:00:00,189.73924052408003,621.8152504498131,332.1394513182287
2013-04-09 04:00:00,201.41325939728304,571.882509800212,324.1861367431793
2013-04-09 06:00:00,166.6038342584504,501.75052984280245,289.7580803472493
2013-04-09 08:00:00,154.48606370529777,452.85137749536324,200.2330107601251
2013-04-09 10:00:00,149.0702882484952,431.7627723806424,204.09021619807604
2013-04-09 12:00:00,175.7278572827936,454.31063810587233,206.1424142547335
2013-04-09 14:00:00,208.37028674697007,394.89226461815804,292.74710547537865
2013-04-09 16:00:00,217.01556639039882,425.43910873356015,325.48753258036527
2013-04-09 18:00:00,226.37453805159123,773.0274766356258,322.3532643974745
2013-04-09 20:00:00,233.45441502124083,900.0587452169347,325.76148710788027
2013-04-09 22:00:00,260.02658407648084,966.8897652435461,353.64979385426653
2013-04-10 00:00:00,281.4259649709646,863.7382388771995,353.28802911502834
2013-04-10 02:00:00,308.0301389605453,744.2468676606129,345.7867227162503
2013-04-10 04:00:00,351.6187566348992,673.1975708166449,348.9625096964876
2013-04-10 06:00:00,284.80585752563394,567.6561954321636,315.8446495180841
2013-04-10 08:00:00,241.31834450284143,401.9050554139678,261.929083461353
2013-04-10 10:00:00,213.40019411547567,398.95216714748847,331.5247017772301
2013-04-10 12:00:00,183.92444855729445,393.98958378804076,342.5154528613608
2013-04-10 14:00:00,177.20570234444997,433.42057804235947,366.4425918072033
2013-04-10 16:00:00,206.45299852515697,517.5600732017167,452.450708377101
2013-04-10 18:00:00,292.4733315087374,655.0932444463675,537.0687721737454
2013-04-10 20:00:00,302.9372349167426,444.25592414842043,540.2038295343369
2013-04-10 22:00:00,279.58101154263005,344.3335345239663,578.298065066442
2013-04-11 00:00:00,243.47961067999526,338.27325089003443,636.6723540800145
2013-04-11 02:00:00,219.77151419131417,342.3362140123639,612.0330164969362
2013-04-11 04:00:00,236.01724276687395,354.2513689313969,532.7398713436095
2013-04-11 06:00:00,188.2110048082957,312.9041248150159,436.6588945497159
2013-04-11 08:00:00,173.0077891959013,281.6208673497552,360.4175675011714
2013-04-11 10:00:00,186.55489213543004,188.16418385891384,330.749379261505
2013-04-11 12:00:00,181.72000932390824,124.60459778173643,325.03071420055016
2013-04-11 14:00:00,198.59464126300574,324.37704751688364,376.4048366469578
2013-04-11 16:00:00,216.71931350430043,494.29766262643057,481.40921313042804
2013-04-11 18:00:00,278.3936513171525,731.8177034066251,582.9425031440006
2013-04-11 20:00:00,313.4650954784792,757.8951378992393,632.7309709776214
2013-04-11 22:00:00,312.91381006548255,716.304712892853,697.2827146311454
2013-04-12 00:00:00,289.1113014753192,581.8517667466442,681.8106903054712
2013-04-12 02:00:00,266.70597597324223,438.9101431722558,578.8473636850305
2013-04-12 04:00:00,257.07175115722345,370.57845300324306,503.3013780041221
2013-04-12 06:00:00,203.5888275677918,290.2084940404777,438.9705158397631
2013-04-12 08:00:00,177.0078728687682,45.55239802027537,373.7916500094004
2013-04-12 10:00:00,176.82910551991546,7.082939691410903e-06,347.3199728469676
2013-04-12 12:00:00,175.58344067154957,8.48807705078307e-06,318.32382228516167
2013-04-12 14:00:00,180.26485565929843,7.91660041637319e-06,340.7069932747371
2013-04-12 16:00:00,173.16370207723654,166.669540098435,480.7506359251853
2013-04-12 18:00:00,192.46053378414067,311.5592605304385,569.2830121228237
2013-04-12 20:00:00,186.66102736977527,332.1272312223613,539.1561476211981
2013-04-12 22:00:00,195.69418433351495,368.63734511701404,472.05852739532367
2013-04-13 00:00:00,200.52217767924012,399.3781290888463,441.24452091071345
2013-04-13 02:00:00,186.62030362640573,402.1545719972549,416.73554727229754
2013-04-13 04:00:00,212.4333831077461,437.1489234484004,399.5654904558499
2013-04-13 06:00:00,47.85831397801939,334.4661714649819,246.45651354976118
2013-04-13 08:00:00,34.3932885396943,2.1759623025694355e-06,1.1281273040379195e-05
2013-04-13 10:00:00,27.965611578734855,1.8942464632855557e-06,42.69084511026734
2013-04-13 12:00:00,1.8033267083044197e-06,8.941067342219146e-07,2.7910724637002677e-05
2013-04-13 14:00:00,8.883847858229412,1.733877016775356e-05,87.61859947824077
2013-04-13 16:00:00,208.3476342472416,317.75062296625094,426.2617824610653
2013-04-13 18:00:00,270.7996873648294,319.41278296401913,718.6602105503373
2013-04-13 20:00:00,181.00410453763442,260.60057002517675,712.0495100482567
2013-04-13 22:00:00,29.31694988158978,109.2669292853121,515.1485577460464
2013-04-14 00:00:00,29.751327912632842,102.46116725156415,497.4317695925982
2013-04-14 02:00:00,31.558913618198723,137.2101705308851,470.5495381206663
2013-04-14 04:00:00,31.617851656400457,177.4395428943209,443.6961908734276
2013-04-14 06:00:00,6.812114216825687e-07,8.476967939606437e-07,1.5223142931047784
2013-04-14 08:00:00,6.168603388030847e-07,8.992854128330288e-07,1.1595672997733806e-06
2013-04-14 10:00:00,6.74381215143807e-07,7.208809536746676e-07,1.1090521733019469e-06
2013-04-14 12:00:00,6.441710892957038e-07,5.982415289108655e-07,1.1211073995898596e-06
2013-04-14 14:00:00,6.504378739596294e-07,5.90469617076494e-07,1.230204214126202e-06
2013-04-14 16:00:00,5.459046113096501e-07,7.249309211615962e-07,267.9302706414376
2013-04-14 18:00:00,1.4657373198710056e-06,5.181206191536969e-06,307.7813495973587
2013-04-14 20:00:00,1.3032971926153515e-06,5.910000324491331e-06,259.9707788272074
2013-04-14 22:00:00,1.2351389991039148e-06,4.301858073050118e-06,230.88293928854833
2013-04-15 00:00:00,2.088707755795963e-06,1.5661466155017017e-05,230.53187888510314
2013-04-15 02:00:00,31.80372714425149,451.9457223502415,236.01001880293452
2013-04-15 04:00:00,40.57088839567632,451.2673635068616,251.27211056449116
2013-04-15 06:00:00,3.013288943765616e-06,4.845615454605461e-06,1.292597836444571e-06
2013-04-15 08:00:00,1.9887943775963685e-06,2.6980430696494e-06,1.143790597110596e-06
2013-04-15 10:00:00,1.6319521753086968e-06,2.0372389996018464e-06,1.1330983752436706e-06
2013-04-15 12:00:00,6.482528165261398e-07,8.450274781701874e-07,1.2040457010067137e-06
2013-04-15 14:00:00,1.3642402188600203e-06,1.7985492464019302e-06,5.6226652500671065e-06
2013-04-15 16:00:00,42.03002722826938,395.8597676607597,341.93158605690064
2013-04-15 18:00:00,270.89004921944303,558.8919437886241,589.1966180926967
2013-04-15 20:00:00,295.0340141290994,630.2781796524077,651.7220940862472
2013-04-15 22:00:00,282.0694072461286,626.3618061471509,702.8293647104717
2013-04-16 00:00:00,184.51770668308563,560.8600034395903,672.1546408860476
2013-04-16 02:00:00,49.629395525825,429.52068711176554,644.7712027861835
2013-04-16 04:00:00,40.48106237803125,393.10741349713874,603.0874456565581
2013-04-16 06:00:00,29.800385477299304,265.4236930543874,376.0596347282526
2013-04-16 08:00:00,1.1875341159502708e-06,1.7605012525415853e-06,3.433944855325634
2013-04-16 10:00:00,4.984281686518107e-07,6.57507979711305e-07,1.7427171177499094e-06
2013-04-16 12:00:00,4.855135454121166e-07,6.666907101363365e-07,1.8083594936821781e-06
2013-04-16 14:00:00,1.2048640517328286e-06,2.071102111838207e-06,8.733514189397503e-05
2013-04-16 16:00:00,25.42916650458755,248.94772942098766,302.6682774945377
2013-04-16 18:00:00,27.321216409771818,395.0709405226504,362.24968782229064
2013-04-16 20:00:00,29.825754006289166,424.3006926461568,363.3554264777969
2013-04-16 22:00:00,33.00747436551041,451.07450448260226,356.9554045849585
2013-04-17 00:00:00,37.95302043888894,487.6094422225893,368.1724696176287
2013-04-17 02:00:00,42.39022955771272,551.1027524814067,417.38196802310796
2013-04-17 04:00:00,50.261805239748114,554.5756375918844,513.3708756087244
2013-04-17 06:00:00,65.10744806562127,162.71418595600719,326.4338400958703
2013-04-17 08:00:00,2.297683668196291e-06,1.811243106603712e-06,1.0576156291899494e-05
2013-04-17 10:00:00,6.85929584037732e-07,6.989761795378663e-07,1.7954575603216262e-06
2013-04-17 12:00:00,5.076669264376132e-07,5.79274969892378e-07,1.3034535577593238e-06
2013-04-17 14:00:00,1.2760889377071755e-06,1.438171110969142e-06,7.62135936734174e-06
2013-04-17 16:00:00,30.097335727118832,1.8468401627727034e-05,314.50838682852344
2013-04-17 18:00:00,32.652638592085175,2.0878527313198493e-05,374.444829016849
2013-04-17 20:00:00,2.250519651814477e-06,3.7155613668120245e-06,321.07436433154044
2013-04-17 22:00:00,1.6348402456104632e-06,4.283114093313634e-06,258.79684066602374
2013-04-18 00:00:00,1.605211302231105e-06,4.33255199904656e-06,230.3868291452302
2013-04-18 02:00:00,1.6069740129119913e-06,4.6898647442630924e-06,207.11336595806085
2013-04-18 04:00:00,1.5916622802995607e-06,6.4576744922644905e-06,196.66984567651778
2013-04-18 06:00:00,5.759976367431571e-07,6.385984711663815e-07,1.284176142875894e-06
2013-04-18 08:00:00,6.761177371321671e-07,6.558625940027933e-07,1.2188629733661928e-06
2013-04-18 10:00:00,6.293683679033497e-07,6.796287057869582e-07,1.1698399443487553e-06
2013-04-18 12:00:00,6.821444062900365e-07,6.398787003930844e-07,1.1940310140603265e-06
2013-04-18 14:00:00,6.303295918888585e-07,5.885619583179041e-07,1.0947926441918145e-06
2013-04-18 16:00:00,5.475849313534233e-07,6.314228377581268e-07,2.4605592270374514e-06
2013-04-18 18:00:00,6.579870130766428e-07,3.6587410469087014e-06,235.60425313148815
2013-04-18 20:00:00,6.302830038953063e-07,67.14603194407844,256.73948701112363
2013-04-18 22:00:00,6.476948971635506e-07,45.18512931228001,255.95278495457214
2013-04-19 00:00:00,2.4819175028873425e-06,333.31397336894156,250.18218891912585
2013-04-19 02:00:00,27.642712774128398,355.4818315087879,252.27206774896806
2013-04-19 04:00:00,28.557501686280553,379.3096346516285,256.8701691466547
2013-04-19 06:00:00,22.891100035887273,317.09397484698707,240.74749442938491
2013-04-19 08:00:00,30.12429083647088,339.82191146371906,128.18462532361752
2013-04-19 10:00:00,37.77591640992262,443.4030529209205,235.33928086434176
2013-04-19 12:00:00,31.168368404536512,417.4186345055683,235.31070604397516
2013-04-19 14:00:00,24.125781715381564,325.6091824546862,260.4881393194122
2013-04-19 16:00:00,23.118116291625316,308.0058723979065,334.5293208985283
2013-04-19 18:00:00,159.25824654725034,401.40718868271716,414.97972547677637
2013-04-19 20:00:00,232.79337602334672,537.5445806058129,423.92874668396195
2013-04-19 22:00:00,232.71606906069465,532.8062446554719,423.46350227470253
2013-04-20 00:00:00,253.67744412950555,546.6280653676272,425.60376369182876
2013-04-20 02:00:00,260.72407794143334,532.2528378673874,464.9173088573993
2013-04-20 04:00:00,299.9287439342702,489.33506521367104,500.90060504774937
2013-04-20 06:00:00,28.67779398612589,263.8326535586213,485.1734729464677
2013-04-20 08:00:00,22.176715845631566,236.82576340032168,327.1493655797484
2013-04-20 10:00:00,21.413483229109275,230.02715113533185,315.5383257726331
2013-04-20 12:00:00,20.709790976080473,137.4200906061231,321.20720009651177
2013-04-20 14:00:00,21.42820636864915,101.83637699585974,419.2316847370353
2013-04-20 16:00:00,25.923553339621908,260.5991348793673,549.830353618292
2013-04-20 18:00:00,194.4522539951177,339.9814814442742,616.2687379629876
2013-04-20 20:00:00,239.78097260855307,404.8770738599272,589.2411965879804
2013-04-20 22:00:00,263.0212175565427,420.74978899870365,597.3883104578426
2013-04-21 00:00:00,286.850798948189,504.83285173904227,620.4327418469585
2013-04-21 02:00:00,321.2933374149557,608.6734381479483,604.0310229991727
2013-04-21 04:00:00,284.3926431165538,693.9121954778896,592.9607731866919
2013-04-21 06:00:00,32.92010455877096,334.14764809931285,547.2132990152213
2013-04-21 08:00:00,27.550146782483946,308.9212954724941,385.8791234381505
2013-04-21 10:00:00,26.15149368413968,297.69104337599526,328.6700561117402
2013-04-21 12:00:00,27.699027283865007,292.31914439820355,329.40094508466825
2013-04-21 14:00:00,30.48945178021313,297.47619711755664,432.71931297855616
2013-04-21 16:00:00,116.42906934673684,354.9400586358203,587.617691428088
2013-04-21 18:00:00,237.39496108775586,567.7168305594779,665.4712253462172
2013-04-21 20:00:00,296.6218462377648,676.9885597979269,648.5742661751791
2013-04-21 22:00:00,291.12852372261483,603.9743667933528,634.4209570232784
2013-04-22 00:00:00,291.08313560998994,605.0397104985417,663.4441113792657
2013-04-22 02:00:00,282.48153834977035,618.7981104612913,719.382243109288
2013-04-22 04:00:00,296.7351833185086,634.9471839030291,749.2429894466801
2013-04-22 06:00:00,117.4191705116314,360.8906899763617,682.7176810173214
2013-04-22 08:00:00,25.84514345090185,268.11305114039845,482.492973940277
2013-04-22 10:00:00,21.82717709179751,248.46315626059194,341.7207402318709
2013-04-22 12:00:00,20.71782553573304,249.32363050827342,309.415591295258
2013-04-22 14:00:00,11.691620129499894,295.09560120289524,320.08740558350917
2013-04-22 16:00:00,30.794596780118166,322.0080523296786,476.40237792904503
2013-04-22 18:00:00,67.65096596552532,415.3987706625046,566.044392056078
2013-04-22 20:00:00,28.624037857631677,412.6759270771802,510.98867964048986
2013-04-22 22:00:00,23.62646361526754,400.1775681172842,403.45524777194686
2013-04-23 00:00:00,23.13949340493894,386.76932538594025,348.9428132802495
2013-04-23 02:00:00,23.854151628350373,388.86243560045546,323.4684042304047
2013-04-23 04:00:00,25.95833155680395,385.5190096098859,254.80736028041505
2013-04-23 06:00:00,0.00019645211495388268,0.00024253721185028894,11.45316926069365
2013-04-23 08:00:00,2.2581900882785373e-06,8.093642893357946e-06,2.516387648948603e-06
2013-04-23 10:00:00,3.0479868235372387e-06,5.904043271919303e-06,2.5735802145939148e-06
2013-04-23 12:00:00,8.306464108568008e-07,42.54394245669643,1.929473284147811e-06
2013-04-23 14:00:00,8.898535974013673e-07,3.910846294730949e-06,2.5519107458134557e-06
2013-04-23 16:00:00,28.10476655417295,326.68203193416787,228.72333870625943
2013-04-23 18:00:00,225.07736765965245,487.3870074238618,392.1892000593772
2013-04-23 20:00:00,254.48556466076033,526.0904413801426,421.47274319512695
2013-04-23 22:00:00,241.54230559009957,594.0440465570553,448.01162266004775
2013-04-24 00:00:00,227.87077021165504,634.6585509820593,452.04926804742746
2013-04-24 02:00:00,225.6274902978137,624.6693512775151,485.5901052568926
2013-04-24 04:00:00,227.9946289023405,576.6918349720528,448.1921488531643
2013-04-24 06:00:00,3.109613039150727e-06,1.5110463171152232e-05,9.401576415455564e-06
2013-04-24 08:00:00,7.263434645736025e-07,2.4274596551175338e-06,1.6659375873564138e-06
2013-04-24 10:00:00,5.783298605093148e-07,2.0702474419131233e-06,1.0736391528129061e-06
2013-04-24 12:00:00,6.305347254223539e-07,1.5563568968749416e-06,9.190142472581311e-07
2013-04-24 14:00:00,5.902923738228711e-07,2.12049004525604e-06,1.031710550098747e-06
2013-04-24 16:00:00,26.142619268432654,350.2360852113696,183.67942308634832
2013-04-24 18:00:00,105.90043467717875,514.1794930687583,373.21737949761643
2013-04-24 20:00:00,247.7030261998002,614.0595809658828,425.8981344022777
2013-04-24 22:00:00,370.6436024289775,834.4358589320979,565.6662510555456
2013-04-25 00:00:00,486.46527343932996,1092.5820485487025,693.8510931822203
2013-04-25 02:00:00,501.1097735947215,1174.7943541420457,772.9557470667839
2013-04-25 04:00:00,487.10863694907334,1108.2734743446454,713.8418323598431
2013-04-25 06:00:00,65.04350828837376,383.8931325288575,370.6799721407028
2013-04-25 08:00:00,41.049980446519235,317.54855705893175,286.6444463691026
2013-04-25 10:00:00,32.04384884753133,289.16281938416637,253.01089907821307
2013-04-25 12:00:00,27.379041963260818,288.55425381083825,237.1138426925024
2013-04-25 14:00:00,27.55635424802353,306.41839078151395,252.9386929803582
2013-04-25 16:00:00,30.10359339296756,317.5801198802186,332.1340951658588
2013-04-25 18:00:00,203.6448392152111,466.392544203338,540.1212732670593
2013-04-25 20:00:00,248.39857138358133,610.7475903373127,465.98848020192327
2013-04-25 22:00:00,301.8970983222703,556.9807688054327,436.34915961087523
2013-04-26 00:00:00,309.16308163246947,581.012251732083,471.41273400694195
2013-04-26 02:00:00,263.35035032361225,533.0249446821779,525.6312167829794
2013-04-26 04:00:00,241.61785664940146,449.592131018112,611.6883379678864
2013-04-26 06:00:00,241.98279853023172,392.2396961809604,555.4728308382545
2013-04-26 08:00:00,225.38678330939783,379.13892016829715,387.30499295685775
2013-04-26 10:00:00,226.63741638349995,361.2715085285984,345.1072817354689
2013-04-26 12:00:00,223.61946997336725,368.4121171467969,377.17288458152404
2013-04-26 14:00:00,203.71995444704564,388.6138104334762,457.2771278270015
2013-04-26 16:00:00,204.65621216577787,421.11284951759825,529.4596363427735
2013-04-26 18:00:00,249.36968886992528,543.8280386581164,561.8617564424593
2013-04-26 20:00:00,280.35731961352144,606.1932034431076,617.2604901477506
2013-04-26 22:00:00,284.28909685140684,619.5538274932891,682.750207836094
2013-04-27 00:00:00,277.9052996935513,644.5196401655764,654.1031933002752
2013-04-27 02:00:00,277.1306630324638,637.8058320469934,685.4945325622318
2013-04-27 04:00:00,265.84186146261624,598.8591812053679,668.8553480761269
2013-04-27 06:00:00,145.69061467850818,298.1719486013344,562.4786725431564
2013-04-27 08:00:00,87.47072889576,269.1793194290859,491.8298699101595
2013-04-27 10:00:00,87.00701281608835,287.5609243397268,483.7361427262499
2013-04-27 12:00:00,24.366339607426696,264.93884826571843,467.6760120207077
2013-04-27 14:00:00,22.712656360177753,254.01321390556402,464.26356953360755
2013-04-27 16:00:00,30.34969789002798,264.6995796719387,489.204187855014
2013-04-27 18:00:00,197.70305093961406,344.5912443055033,533.6424826660266
2013-04-27 20:00:00,225.39868432479162,375.91598001842283,520.9601485655716
2013-04-27 22:00:00,269.0706543483773,470.4220793910308,569.6014109292685
2013-04-28 00:00:00,292.2361541842577,539.8826960426421,602.5293549036609
2013-04-28 02:00:00,316.1081325165566,594.7997352002398,697.4106869171017
2013-04-28 04:00:00,305.5097340978947,648.1965832873171,729.688231552964
2013-04-28 06:00:00,170.00669831291918,430.2137985059472,634.7181437989738
2013-04-28 08:00:00,136.25406866701394,357.426760381044,499.5472506749787
2013-04-28 10:00:00,48.22781310175261,296.6101102060654,442.98865411362976
2013-04-28 12:00:00,22.443917622437954,284.83994052497184,424.31191733503414
2013-04-28 14:00:00,22.523887916262005,300.7235746626085,487.92935590101615
2013-04-28 16:00:00,86.735257716006,349.7190875747911,616.8723603109644
2013-04-28 18:00:00,192.59460073975865,486.30863207449755,682.8059371338944
2013-04-28 20:00:00,214.27255445022868,475.8524190160582,558.40235305137
2013-04-28 22:00:00,160.92672061737485,426.8484861334633,462.64410542592907
2013-04-29 00:00:00,115.97214392371126,398.3317180781388,421.5868058296178
2013-04-29 02:00:00,105.1008439758052,378.3601654700415,404.77820156958205
2013-04-29 04:00:00,71.96711178368207,370.8452014427114,402.60480542086077
2013-04-29 06:00:00,22.395345104458922,336.7725935519501,279.8436764735096
2013-04-29 08:00:00,23.125046105233476,304.3540119450804,213.1965988047956
2013-04-29 10:00:00,5.0239278279342914e-06,292.3919202428141,196.54443228257566
2013-04-29 12:00:00,4.718069822752415e-07,45.042337837645206,10.428885093140648
2013-04-29 14:00:00,4.865772935639737e-07,38.401981377073284,73.1162785054316
2013-04-29 16:00:00,3.0226170047041655e-06,316.0799694454343,241.73288417120372
2013-04-29 18:00:00,99.59911737858391,495.63962419592764,398.90885219648084
2013-04-29 20:00:00,177.5357832809621,654.2252556239716,416.42890090632085
2013-04-29 22:00:00,170.78119801595597,665.3917103282496,391.91204220663565
2013-04-30 00:00:00,182.96662131738586,677.5213136468976,381.3854369376353
2013-04-30 02:00:00,219.87790723990085,664.160649748635,386.8402327769465
2013-04-30 04:00:00,238.17029390732756,575.9150843934151,416.0773315722023
2013-04-30 06:00:00,44.159536833533146,473.9172572480992,349.28915353458535
2013-04-30 08:00:00,32.04087754843533,366.97077049993896,297.7975277586147
2013-04-30 10:00:00,28.152690395056265,328.8864015189208,295.69177272821247
2013-04-30 12:00:00,24.33765438483696,266.3284036505329,311.5259219077839
2013-04-30 14:00:00,22.462423223107365,192.2749251373134,370.56443777888404
2013-04-30 16:00:00,23.743095363393085,302.5815284089521,522.5654457561586
2013-04-30 18:00:00,130.2032526345904,356.66986885966537,624.1500197476319
2013-04-30 20:00:00,192.5096078084226,382.77629137068334,647.6413556351499
2013-04-30 22:00:00,205.46056978227384,398.7206373397071,695.637610149648
2013-05-01 00:00:00,220.99950904426353,408.4545622253335,743.2696852904519
2013-05-01 02:00:00,234.10019276241812,422.14536046934217,788.007363029703
2013-05-01 04:00:00,178.92270597055006,409.08785463681636,785.1663704141037
2013-05-01 06:00:00,29.260530457972692,303.13036463898334,599.8880494643626
2013-05-01 08:00:00,24.34712357021125,113.93467634891942,348.50280944021887
2013-05-01 10:00:00,23.254255780040115,95.6768898249012,299.81835372362883
2013-05-01 12:00:00,22.76567388671431,3.5777639955192174e-06,296.64468469650427
2013-05-01 14:00:00,23.943629508922204,121.64968005231292,338.5398311238971
2013-05-01 16:00:00,30.600996524301568,310.8309713433008,604.6997463492227
2013-05-01 18:00:00,144.57099829748157,368.8945495777637,656.058198654688
2013-05-01 20:00:00,181.26709769610707,466.66860944765136,627.2240820992794
2013-05-01 22:00:00,212.42735167959384,524.2665332447162,669.6664483033859
2013-05-02 00:00:00,228.1201616237009,554.1771125636019,709.5373937794338
2013-05-02 02:00:00,220.39501773323337,592.0129457822509,703.5247062498875
2013-05-02 04:00:00,228.98320576365228,623.7320777935488,613.0703996183898
2013-05-02 06:00:00,185.50477717592668,464.8585111798385,497.90021352986906
2013-05-02 08:00:00,33.5421641013821,402.53055434982804,315.0049943410128
2013-05-02 10:00:00,30.974641960787785,403.5351945087191,305.4128304745672
2013-05-02 12:00:00,24.456810835342804,344.8382459216479,259.0632390574992
2013-05-02 14:00:00,24.524422093560077,320.3234755068366,280.41813778390974
2013-05-02 16:00:00,25.914945522910944,324.5168185581899,444.29266470185104
2013-05-02 18:00:00,31.593306845726712,394.87568954869914,480.48800050365173
2013-05-02 20:00:00,174.46701475536827,438.71582421344175,481.20478225048345
2013-05-02 22:00:00,219.08923467480233,446.2122217000113,497.0076376664766
2013-05-03 00:00:00,296.0447781272453,537.5064871284465,525.4943642413183
2013-05-03 02:00:00,328.4670756341645,594.7579397077045,526.1507627173181
2013-05-03 04:00:00,292.2991851480593,546.4574648749974,553.1897417053942
2013-05-03 06:00:00,200.01166075171287,442.8452767492815,533.4501401368416
2013-05-03 08:00:00,27.724190666820057,296.6328097734842,388.19112040837183
2013-05-03 10:00:00,25.00937527981191,166.60177343300873,374.97154015824975
2013-05-03 12:00:00,25.831150610448102,226.6730476439575,463.8418167861252
2013-05-03 14:00:00,27.71574124157277,292.56322012909993,601.487611181126
2013-05-03 16:00:00,39.75025389227911,336.20867230903826,734.6579064175476
2013-05-03 18:00:00,248.86954879201613,514.453865274611,898.474323452877
2013-05-03 20:00:00,343.5105353911791,596.9533969019515,878.1790716197993
2013-05-03 22:00:00,311.43666610994467,467.6295653509765,836.0334556254171
2013-05-04 00:00:00,250.28418706513273,446.6159429245683,731.8364204520233
2013-05-04 02:00:00,208.14856721268123,459.95316676012027,658.9260127475942
2013-05-04 04:00:00,154.89326455829462,346.2471276381488,581.9471030087429
2013-05-04 06:00:00,1.290233062148713e-06,2.02090054200629e-06,371.92789673371686
2013-05-04 08:00:00,5.419554344785101e-07,7.749326477530484e-07,247.6091642145369
2013-05-04 10:00:00,4.940855815789421e-07,8.01776447988803e-07,201.06812097162486
2013-05-04 12:00:00,4.937505149619099e-07,7.739297775552091e-07,192.10907954219914
2013-05-04 14:00:00,5.349864109610811e-07,8.700443998873277e-07,228.7054689582632
2013-05-04 16:00:00,1.1846785540013184e-06,3.8384828088833834e-06,327.7506006983863
2013-05-04 18:00:00,33.493022678840745,379.53699897446694,389.8088120638126
2013-05-04 20:00:00,33.444017362349314,436.7402161120574,386.0211041268315
2013-05-04 22:00:00,39.838102479827455,518.1583204643451,411.6483360080803
2013-05-05 00:00:00,40.604598944996056,537.2314560104398,457.7067625129278
2013-05-05 02:00:00,45.890083183939744,581.8390559897626,494.9572309154062
2013-05-05 04:00:00,41.07595596225204,444.102529659857,442.83762099519237
2013-05-05 06:00:00,34.53473568924717,18.65845983917447,246.60781407749695
2013-05-05 08:00:00,5.273265547239374e-06,5.126729216847941e-06,24.856893792853363
2013-05-05 10:00:00,5.134628837603661e-06,4.834967276122783e-06,26.99430418440459
2013-05-05 12:00:00,5.543284659860004e-06,5.069228198873861e-06,42.61790640850447
2013-05-05 14:00:00,7.347852079034625e-06,6.5754496200975525e-06,289.00665011829904
2013-05-05 16:00:00,36.93179825802651,351.7613767763242,442.79366726016036
2013-05-05 18:00:00,304.4434653565244,559.2529238677778,827.7841523628557
2013-05-05 20:00:00,395.16945208798,726.589610715812,805.7750797515374
2013-05-05 22:00:00,353.8544280751196,747.5358457080118,772.0970784519769
2013-05-06 00:00:00,316.1329053576052,727.0668624307524,755.2009711162377
2013-05-06 02:00:00,348.14736874322506,748.403327689367,737.8314208366088
2013-05-06 04:00:00,243.64289284485872,506.7985445020732,603.794345605261
2013-05-06 06:00:00,34.45380043813663,411.83033042797325,355.4879657479078
2013-05-06 08:00:00,27.247276355799396,324.38124105993137,291.7707676668369
2013-05-06 10:00:00,24.569382503286093,305.8295543679647,269.03747065722956
2013-05-06 12:00:00,25.14700874520798,325.2930721220616,295.4015236261393
2013-05-06 14:00:00,27.168615366272167,402.4785198912572,377.39030975771163
2013-05-06 16:00:00,106.46712616758599,458.7499438947625,584.3503414688856
2013-05-06 18:00:00,277.2382614272942,589.1978994415041,593.7413836484083
2013-05-06 20:00:00,278.743774774348,845.1925902513979,528.5630781898427
2013-05-06 22:00:00,309.0676521056595,906.2658782386034,576.562078483908
2013-05-07 00:00:00,355.20969203877587,959.1087961346807,731.906871464991
2013-05-07 02:00:00,351.4879316118355,913.056092652281,765.4849335271348
2013-05-07 04:00:00,284.4849647759545,595.9167858415473,699.6229451279039
2013-05-07 06:00:00,50.28793439194148,389.7230541757132,469.97128730509326
2013-05-07 08:00:00,30.937737582297267,392.02273780279205,333.4528634381006
2013-05-07 10:00:00,22.21669821809633,306.34301713678855,280.99020969868394
2013-05-07 12:00:00,22.41063921991915,329.01045025708333,263.44916247295515
2013-05-07 14:00:00,28.558835801245248,313.71388788186255,279.22672125113115
2013-05-07 16:00:00,37.36608832856216,459.7540149462495,297.3622092189892
2013-05-07 18:00:00,37.048576519477976,676.367707433013,311.7340858498607
2013-05-07 20:00:00,40.23877858114284,691.1023540337738,322.73681822002897
2013-05-07 22:00:00,49.5829387710744,715.4068931768091,338.9445701295706
2013-05-08 00:00:00,74.74130118395058,688.4859050276325,374.82647735704694
2013-05-08 02:00:00,92.07816142631728,673.5278267012727,455.02513124498984
2013-05-08 04:00:00,59.21749376753623,459.6016712730673,427.4949848254816
2013-05-08 06:00:00,44.41942854517087,323.94326964554995,292.97255888163227
2013-05-08 08:00:00,1.9314687088459243e-05,84.02580786489118,4.830592151623252e-05
2013-05-08 10:00:00,1.9781228524236656e-05,158.83045308817321,4.253148147298371e-05
2013-05-08 12:00:00,2.4240547097597536e-05,167.50979690436074,4.4858818075323795e-05
2013-05-08 14:00:00,35.171301195954655,266.08365717743305,251.39152163097233
2013-05-08 16:00:00,43.38930594931601,323.40999371111036,355.2809534425717
2013-05-08 18:00:00,54.177032330765314,392.3417477288473,528.6713241652759
2013-05-08 20:00:00,47.857687969717524,411.38629332345596,497.1024643003741
2013-05-08 22:00:00,44.14163301051213,420.90965753028917,506.2773064768172
2013-05-09 00:00:00,44.990880175454514,418.06944219287504,470.7976735133941
2013-05-09 02:00:00,37.10197992887722,416.30559646752727,458.1360037034236
2013-05-09 04:00:00,33.65497356186833,336.67869075941917,426.61459082800206
2013-05-09 06:00:00,1.8736932426692481e-06,2.7459262703930246e-06,343.73657592537023
2013-05-09 08:00:00,1.080522713164327e-06,1.4500077170005817e-06,241.57639045687586
2013-05-09 10:00:00,1.0103188287275422e-06,1.386867980786083e-06,214.1141790863354
2013-05-09 12:00:00,9.966537623311462e-07,1.3979785659093336e-06,275.69225461583636
2013-05-09 14:00:00,1.03783533147013e-06,1.4994675988061913e-06,342.1204125945184
2013-05-09 16:00:00,27.758974288394153,1.2181761454188312e-05,491.88271532314667
2013-05-09 18:00:00,49.825458080382084,327.3588684052461,835.74424979914
2013-05-09 20:00:00,61.15337285199715,400.64337162353564,832.2405642297698
2013-05-09 22:00:00,37.644284180542584,297.3309332002313,712.659223870416
2013-05-10 00:00:00,27.660352101963483,175.66797255279292,621.0772564921169
2013-05-10 02:00:00,25.139653419365796,249.05928044840343,528.2995849260981
2013-05-10 04:00:00,23.21259792874943,130.11629741928425,401.09553136660577
2013-05-10 06:00:00,8.440981409005825e-07,1.338929886396452e-06,335.4385025960022
2013-05-10 08:00:00,5.617165956122996e-07,6.729882277528361e-07,190.54888493000738
2013-05-10 10:00:00,5.4889041493536e-07,7.323562076043692e-07,174.0763087205688
2013-05-10 12:00:00,4.855570789386269e-07,7.374340464187449e-07,123.42331695574876
2013-05-10 14:00:00,4.960658362206558e-07,6.567258430110064e-07,232.8968173270989
2013-05-10 16:00:00,7.20807143488574e-07,9.686473744685588e-07,289.53161609949274
2013-05-10 18:00:00,27.422146481051037,372.7122915216683,384.6603334395173
2013-05-10 20:00:00,34.476379414697185,397.6109433493697,445.96507054434284
2013-05-10 22:00:00,33.27975961162058,388.66834663966307,462.5378736841752
2013-05-11 00:00:00,34.442506034107794,419.8886310858077,455.37261920374056
2013-05-11 02:00:00,37.841508237965606,419.79874688752267,530.619910346803
2013-05-11 04:00:00,41.51141046598368,418.4963418179488,543.7095330784155
2013-05-11 06:00:00,35.62195845416972,399.6838219845074,395.3676305247817
2013-05-11 08:00:00,32.077213984955485,152.64075030013058,320.5604806292603
2013-05-11 10:00:00,25.02874903823332,5.576931121003882e-06,326.9845858177319
2013-05-11 12:00:00,23.074944088269127,3.395842749377908e-06,318.4712825126632
2013-05-11 14:00:00,22.477103988577944,1.5359275882026227e-06,315.9199888281243
2013-05-11 16:00:00,25.44462576032626,1.2574375714475035e-05,367.94080130571297
2013-05-11 18:00:00,35.92865296540542,249.82328028701139,558.9122879997215
2013-05-11 20:00:00,32.223663714406804,312.23449071128897,526.926480542727
2013-05-11 22:00:00,26.349018957673394,333.1927695131883,349.2376742331017
2013-05-12 00:00:00,32.42962634659609,323.5931841010317,462.4125463435704
2013-05-12 02:00:00,39.85581449803065,356.3286643111108,492.8450851817411
2013-05-12 04:00:00,43.58630924633004,330.05677697798194,446.4169493808303
2013-05-12 06:00:00,37.766463135870566,331.81360839160305,367.00182190948163
2013-05-12 08:00:00,28.820484029537024,125.36806938617448,306.8417500356151
2013-05-12 10:00:00,26.712554777709727,110.44248752449542,286.1080819726975
2013-05-12 12:00:00,25.079762876659487,8.369394124253852e-06,255.04241983815285
2013-05-12 14:00:00,0.00011350060463154844,1.9707707224895797e-06,260.0588431379859
2013-05-12 16:00:00,29.491298627130693,232.08372532362176,338.6673106120469
2013-05-12 18:00:00,44.36918741905435,383.0560335835395,591.7181220528666
2013-05-12 20:00:00,43.61726522396648,392.80690457893166,617.0079989123542
2013-05-12 22:00:00,35.297031389494535,338.02585001982453,530.3658801643362
2013-05-13 00:00:00,30.467355591084655,303.4760162633993,484.7819953153977
2013-05-13 02:00:00,29.270408084326878,205.6524908409198,444.31984462944774
2013-05-13 04:00:00,28.9318325579346,287.2782408153706,320.07907054805173
2013-05-13 06:00:00,1.1480858338604318e-06,1.8082390145772936e-06,5.907434527125721e-06
2013-05-13 08:00:00,6.732954152791409e-07,7.362529940430929e-07,1.7104884165707737e-06
2013-05-13 10:00:00,6.669045193630623e-07,7.24875793831658e-07,1.6869581417706249e-06
2013-05-13 12:00:00,9.652762075949941e-07,6.603302616169448e-07,1.952508556302415e-06
2013-05-13 14:00:00,4.65389126908598,7.417839184131796e-07,59.11750394960183
2013-05-13 16:00:00,29.43311287598173,90.6133828377711,276.07350497306544
2013-05-13 18:00:00,32.92090867865231,299.32807018908744,456.24432706491956
2013-05-13 20:00:00,31.551544545851865,324.9790001124498,497.52760224807804
2013-05-13 22:00:00,27.4113957417905,312.68962640325196,403.6400228208756
2013-05-14 00:00:00,30.109192694617224,333.9767860661773,344.4945413165672
2013-05-14 02:00:00,35.08396750736651,369.6383520332793,342.946002518379
2013-05-14 04:00:00,44.51730984581614,435.67261667512173,287.6709333543872
2013-05-14 06:00:00,37.46714893191746,487.171868467831,163.68463187299935
2013-05-14 08:00:00,27.601879738768073,352.286387489172,2.5228491988983458e-05
2013-05-14 10:00:00,28.191588472882216,335.8144705385296,125.01259607234589
2013-05-14 12:00:00,37.241993145821574,318.56372824843726,200.5350757557518
2013-05-14 14:00:00,46.68004505846572,354.372278493357,279.7533173371333
2013-05-14 16:00:00,246.20224535672264,439.2079999569672,386.8390456751372
2013-05-14 18:00:00,294.08115808638183,499.32107465687966,699.9908157504848
2013-05-14 20:00:00,242.01925006167582,383.68196616495743,611.2539571304586
2013-05-14 22:00:00,37.84725298875819,321.15800866481413,393.8472092574969
2013-05-15 00:00:00,28.994596370557765,300.22041955006927,347.3277221033302
2013-05-15 02:00:00,27.76250013713192,308.97214149485285,305.06381030172537
2013-05-15 04:00:00,27.25984559533355,312.8918828659581,251.22730565827823
2013-05-15 06:00:00,1.2779886387064716e-06,212.83695365351204,3.889581377558043e-06
2013-05-15 08:00:00,6.597556691009886e-07,8.090541015167392e-07,1.7641249223269149e-06
2013-05-15 10:00:00,5.123027562218179e-07,5.509153646702101e-07,1.4831951773073586e-06
2013-05-15 12:00:00,4.6224459449594036e-07,5.447966915131337e-07,1.574319600557691e-06
2013-05-15 14:00:00,4.7039821200424036e-07,6.754273874264788e-07,4.8982319291328355e-05
2013-05-15 16:00:00,24.536407123066155,313.9325618267471,299.2125054528667
2013-05-15 18:00:00,34.93835476675892,442.0440001392005,395.6484010960135
2013-05-15 20:00:00,290.600234198786,754.6322628941563,435.0320423359245
2013-05-15 22:00:00,323.0497211364239,1036.0876674670953,583.7352650663211
2013-05-16 00:00:00,395.9944936545945,1173.231820312514,661.6664955284608
2013-05-16 02:00:00,440.54555857066407,1172.8220838527432,729.4519811781146
2013-05-16 04:00:00,343.7617970980139,1144.1092489334826,723.8225504296718
2013-05-16 06:00:00,315.0226564643992,783.7129565253066,609.8119592573905
2013-05-16 08:00:00,241.56175575853433,584.5699126247248,333.6808797461359
2013-05-16 10:00:00,133.77797620536185,496.9791989007185,255.49642277263186
2013-05-16 12:00:00,31.480781307983598,526.6849078857815,244.29374046599685
2013-05-16 14:00:00,29.237511174516612,527.5524146781032,248.9771690077211
2013-05-16 16:00:00,26.745040540874182,480.5719525084062,263.39955463880744
2013-05-16 18:00:00,172.13222298123034,604.3060506666941,274.40524619961934
2013-05-16 20:00:00,226.78411843935618,626.5139033654538,278.6624176133198
2013-05-16 22:00:00,282.1034556083396,792.0244981458067,345.0469874840769
2013-05-17 00:00:00,381.64390567982974,992.9140883615904,440.049036328239
2013-05-17 02:00:00,428.05511890329313,898.941012605824,537.8325901710709
2013-05-17 04:00:00,391.11945472867154,760.587656355635,552.330415167742
2013-05-17 06:00:00,251.4590384332376,470.77005462568314,459.11522149276436
2013-05-17 08:00:00,228.55786892701138,405.426213129268,374.44193764214174
2013-05-17 10:00:00,223.6633036133875,406.07021386702115,332.2719151306792
2013-05-17 12:00:00,233.36676915499825,432.7992784231215,330.9548877806828
2013-05-17 14:00:00,236.24902775639458,424.51198626939333,373.60156708169677
2013-05-17 16:00:00,260.8504024865656,428.5982908222947,493.38215811495564
2013-05-17 18:00:00,286.3370775471289,502.9900338734229,569.0525868517765
2013-05-17 20:00:00,305.6596684903625,593.7121014373101,509.3474091974921
2013-05-17 22:00:00,268.7509220506595,672.8642667017571,429.6432801184013
2013-05-18 00:00:00,242.8911298260673,665.2432056774571,428.80634301043557
2013-05-18 02:00:00,233.8944800135088,656.4189855237137,440.94320360537824
2013-05-18 04:00:00,200.1761331484119,649.8087009928344,383.2377720062442
2013-05-18 06:00:00,43.022313310760154,674.3667052807417,276.5356482169714
2013-05-18 08:00:00,33.633084069186914,535.5043894442401,227.44094483930428
2013-05-18 10:00:00,39.332825615179,503.0249873483499,219.06715409272223
2013-05-18 12:00:00,37.971304268481845,465.67140023152285,243.10242923936025
2013-05-18 14:00:00,41.497766036797074,460.80467379933765,253.13144068322353
2013-05-18 16:00:00,47.40034080305605,440.03446549316607,371.8920691225497
2013-05-18 18:00:00,273.2563224620589,551.5497255632589,615.2821293398769
2013-05-18 20:00:00,465.1473533914155,634.1114641938794,625.1381788223152
2013-05-18 22:00:00,432.52136815422375,688.3928977824963,664.441552009
2013-05-19 00:00:00,433.5345344961806,687.9877229987777,730.1445330557484
2013-05-19 02:00:00,399.1312751250186,700.9411892840056,828.0031197246924
2013-05-19 04:00:00,263.28204503481453,487.94554346183173,847.7826647602589
2013-05-19 06:00:00,37.5662154296123,352.5573526216886,564.4206054689008
2013-05-19 08:00:00,30.392718860049193,397.9033707062713,408.4564854157867
2013-05-19 10:00:00,25.78442623786755,325.61788114828926,373.0242956214423
2013-05-19 12:00:00,25.964774542244015,309.9080982614639,357.0968292246515
2013-05-19 14:00:00,30.620980509929783,306.6675504155847,385.244611944869
2013-05-19 16:00:00,108.25913785390975,329.1792333832273,477.71420611038087
2013-05-19 18:00:00,256.83937389161764,420.912153178845,739.7262981425246
2013-05-19 20:00:00,289.02736998955976,555.676777892077,792.050400747159
2013-05-19 22:00:00,318.6067236122267,614.2894801163222,788.4003058998348
2013-05-20 00:00:00,333.5656765272805,579.0477224112301,746.3902804332113
2013-05-20 02:00:00,340.47393500446475,589.119464799744,701.086040395409
2013-05-20 04:00:00,345.8154773372894,634.0352287105045,633.0566285174725
2013-05-20 06:00:00,321.33917196135127,641.7026006052578,489.39177077548806
2013-05-20 08:00:00,283.53366737770915,633.0460952358283,413.66320506756426
2013-05-20 10:00:00,276.874261700292,598.5983206420636,392.52022525250277
2013-05-20 12:00:00,282.0056991328489,574.4344993549637,393.3064425859417
2013-05-20 14:00:00,277.16755592774496,579.9122019432563,477.65866281562614
2013-05-20 16:00:00,272.30389580436184,630.8872754026551,609.0646442261348
2013-05-20 18:00:00,312.3538332132462,694.6443540579276,827.890093732948
2013-05-20 20:00:00,338.12576788759185,648.5166105384433,853.312414180223
2013-05-20 22:00:00,320.83338936948786,642.0500374514198,748.093903196922
2013-05-21 00:00:00,321.3236184331883,583.1209126625089,761.3441384726866
2013-05-21 02:00:00,320.82844305387437,525.5225168948155,769.3818155151697
2013-05-21 04:00:00,311.5935845331699,488.0635663978953,691.814546279943
2013-05-21 06:00:00,252.65879526855238,434.88388881749773,516.9408396470131
2013-05-21 08:00:00,214.87436255052634,406.3931420367717,362.63046769922727
2013-05-21 10:00:00,207.3611841123617,376.82001483604927,323.68947321594396
2013-05-21 12:00:00,97.91980553880327,363.49332987593084,311.27261719381386
2013-05-21 14:00:00,39.31896294703401,352.0551541263109,314.13205532145906
2013-05-21 16:00:00,35.49438721594509,360.32937541407756,405.55872274339146
2013-05-21 18:00:00,34.21227692387805,361.79922009741927,477.4324843314333
2013-05-21 20:00:00,29.176939823406514,355.22757260352813,426.3066103899121
2013-05-21 22:00:00,26.600360352601246,346.1448943293,377.87262009163857
2013-05-22 00:00:00,27.27902561928791,331.7456346604034,364.21047703305567
2013-05-22 02:00:00,25.47480770641495,327.2261328763294,339.4423128405849
2013-05-22 04:00:00,25.906169896069837,331.2027902991734,264.521359114272
2013-05-22 06:00:00,26.158335474803724,213.46837658755047,232.66113224944968
2013-05-22 08:00:00,8.810896087537809e-07,1.726979368004233e-06,5.456891727405147e-06
2013-05-22 10:00:00,9.74057171406647e-07,3.2543034253688743e-06,5.408199477181461e-06
2013-05-22 12:00:00,8.598385267235733e-07,3.493312395641744e-06,4.409464394617781e-06
2013-05-22 14:00:00,4.67792279863893e-07,4.339720900716414e-06,3.582610207153575e-06
2013-05-22 16:00:00,2.9645106054068727e-06,231.61830181763295,94.16985733444969
2013-05-22 18:00:00,30.371987350660447,614.9383579723176,207.31358691833472
2013-05-22 20:00:00,199.98023412733136,705.6351839482697,226.9155769254618
2013-05-22 22:00:00,196.51750611289765,625.3816979630741,248.78408690891015
2013-05-23 00:00:00,176.92362059450952,524.94198206281,268.3017419697473
2013-05-23 02:00:00,175.25963160653802,494.9941572813442,359.2917791441431
2013-05-23 04:00:00,188.23352038465922,482.0606367621764,411.42969567449063
2013-05-23 06:00:00,168.03510574384194,341.73563203757493,308.36081473307286
2013-05-23 08:00:00,116.93581456690298,322.6699837494438,309.97499660995635
2013-05-23 10:00:00,29.950165054197537,213.38298119987144,315.01704213923125
2013-05-23 12:00:00,28.602461116289565,63.119335405258354,374.997371241522
2013-05-23 14:00:00,27.168594615337508,63.003831403311786,494.9927957954003
2013-05-23 16:00:00,150.80268114682372,309.85691236012485,602.3205858861048
2013-05-23 18:00:00,198.93183541770446,409.23536393743535,707.6400948841163
2013-05-23 20:00:00,254.71405202111603,621.6458527480331,678.793951469497
2013-05-23 22:00:00,259.9030039778218,641.336749002218,634.8028699284027
2013-05-24 00:00:00,243.46671917489462,589.0393630716808,661.0712177222894
2013-05-24 02:00:00,248.04843835987865,532.633257524842,730.4207711237683
2013-05-24 04:00:00,236.46095966728942,507.0132896793702,808.1319463234452
2013-05-24 06:00:00,194.142597182631,471.39629296727225,696.6129377838779
2013-05-24 08:00:00,157.68995114741608,408.9290586971006,545.7587082774581
2013-05-24 10:00:00,152.1026554221217,365.8588740254524,522.8924551771146
2013-05-24 12:00:00,153.42040332652215,345.69155126841156,511.3336594843795
2013-05-24 14:00:00,154.85290614191177,387.22061315831724,549.3375320712006
2013-05-24 16:00:00,185.17113170113842,464.73580008253947,642.1806561130204
2013-05-24 18:00:00,222.1609548440025,551.9386669420578,761.3855985594688
2013-05-24 20:00:00,230.82748921795326,524.1459352643072,715.1081832415813
2013-05-24 22:00:00,240.83333331418527,483.8711946415696,698.5589646814251
2013-05-25 00:00:00,247.0579517063103,448.66977036134676,648.8061776681616
2013-05-25 02:00:00,253.7315509820136,456.04269274707576,605.8858723808596
2013-05-25 04:00:00,191.40835252104114,370.6631266162524,552.3098214361128
2013-05-25 06:00:00,33.790332164308005,315.76632800628886,312.6833171684393
2013-05-25 08:00:00,25.23485218671331,265.07187681371175,264.9583932786926
2013-05-25 10:00:00,5.846408182288446e-06,6.048050589318449e-06,210.4141999680642
2013-05-25 12:00:00,6.0051461581916686e-06,5.813808474524341e-06,163.75459758561803
2013-05-25 14:00:00,23.403821490138814,261.49358775665496,267.6992179236252
2013-05-25 16:00:00,28.39668859730529,280.61360674890534,311.05711352785545
2013-05-25 18:00:00,30.619427683151144,370.77042000682815,406.35788210713304
2013-05-25 20:00:00,34.02357337575364,477.33828779587736,370.36912101560546
2013-05-25 22:00:00,35.61620507388528,463.01625331995706,321.0517284189152
2013-05-26 00:00:00,36.1857977315121,462.4896093461844,303.4604128994646
2013-05-26 02:00:00,33.12150286527998,461.8423311496275,280.33922729049226
2013-05-26 04:00:00,33.10696774415092,446.99335317205254,247.86739114374353
2013-05-26 06:00:00,1.0239380006982282e-06,279.4373353762771,2.7759719901385e-05
2013-05-26 08:00:00,6.968784668458473e-07,60.899042848611025,4.0207562225810116e-06
2013-05-26 10:00:00,4.415019812838258e-07,20.16743017494743,1.8998392852402674e-06
2013-05-26 12:00:00,6.598201665751458e-07,4.176169034785083e-06,4.100086716435731e-06
2013-05-26 14:00:00,6.720039935666209e-07,1.1744512187351615e-06,47.883324343429706
2013-05-26 16:00:00,21.970124954333247,107.18204150671059,262.9078923990679
2013-05-26 18:00:00,28.5798668036523,386.13409697732465,338.50185521068096
2013-05-26 20:00:00,31.10027860857107,484.15085301508583,348.7026633311106
2013-05-26 22:00:00,34.09463663206697,474.362049715829,369.21796406955065
2013-05-27 00:00:00,40.92955800475529,519.5930606349042,388.3297502060176
2013-05-27 02:00:00,47.41352366661163,500.62094706863616,414.32863450041833
2013-05-27 04:00:00,34.06042569818106,383.90377944317254,469.69973486351125
2013-05-27 06:00:00,25.632583494874325,218.3051855295484,352.28246231206504
2013-05-27 08:00:00,1.5246018255244368e-05,4.349271810360848e-06,270.9765279766368
2013-05-27 10:00:00,1.5439941608577374e-05,4.960473487465016e-06,270.97806218184354
2013-05-27 12:00:00,1.587921395412641e-05,4.753825718851711e-06,280.3505918054242
2013-05-27 14:00:00,25.226782928505653,263.107059934173,323.307148419925
2013-05-27 16:00:00,31.784287669793624,360.6615382466232,522.1908209934307
2013-05-27 18:00:00,236.4762080966532,521.5322923300063,796.0430723832299
2013-05-27 20:00:00,414.9536927533257,631.104303774386,963.3090884987959
2013-05-27 22:00:00,366.2016315525642,556.0896583920053,908.2495705685799
2013-05-28 00:00:00,289.691232654079,492.65131638887425,857.710310040972
2013-05-28 02:00:00,234.28099969446666,433.7217008907577,810.6785283731714
2013-05-28 04:00:00,187.25041909566366,356.6416780624415,711.3053579033282
2013-05-28 06:00:00,30.027439599869695,312.773135940268,360.41357412081106
2013-05-28 08:00:00,25.431225544797872,295.120851418347,257.2289499520004
2013-05-28 10:00:00,21.64855620164127,251.62778023777472,235.58238402489656
2013-05-28 12:00:00,21.998765734152524,350.2337094269922,233.875389639897
2013-05-28 14:00:00,29.044576005221426,473.3152296920548,258.9747398961362
2013-05-28 16:00:00,35.14653385085246,520.0658251609068,317.5178992898084
2013-05-28 18:00:00,90.45209719889331,647.950300374132,396.4533185974909
2013-05-28 20:00:00,41.41088595359979,634.959239884142,428.85095822284075
2013-05-28 22:00:00,47.35944976570683,664.6577970087881,375.7177818175845
2013-05-29 00:00:00,52.48542730587312,683.8517503989733,368.32973288037243
2013-05-29 02:00:00,248.94817615159542,625.0073340606741,360.5045851039769
2013-05-29 04:00:00,221.23752469923966,575.0316619789718,362.50125097426644
2013-05-29 06:00:00,220.43304935376287,469.4396983334713,357.6920686208229
2013-05-29 08:00:00,40.01558659925328,388.72560942916493,329.0549072186698
2013-05-29 10:00:00,38.32029108379609,371.97140540107875,322.66694274179787
2013-05-29 12:00:00,36.44114111287259,381.9785126841662,300.50365297932615
2013-05-29 14:00:00,36.88720841304927,437.3853546415288,307.43214364729835
2013-05-29 16:00:00,207.78612753256846,538.3391946049283,472.1177166986009
2013-05-29 18:00:00,268.5471896288712,569.1652338780074,678.8346476515522
2013-05-29 20:00:00,289.45786666856526,543.4914963947732,687.5335292606968
2013-05-29 22:00:00,314.2575046156968,501.50907267304,735.4645819316268
2013-05-30 00:00:00,348.8497667853264,518.4093198137338,817.3092008513341
2013-05-30 02:00:00,354.6460816743613,548.5874952131082,886.798515500165
2013-05-30 04:00:00,338.7799549015268,585.1864042720201,834.9617987253154
2013-05-30 06:00:00,290.9219991532188,565.7999563716857,517.2915441264245
2013-05-30 08:00:00,201.17482908235297,518.4277981880167,393.475136458894
2013-05-30 10:00:00,44.52427097116429,518.8026157728697,374.69885834036285
2013-05-30 12:00:00,39.731525063844344,454.32828474382245,352.67222985145787
2013-05-30 14:00:00,36.12146662490738,426.84770730876454,366.6506758462437
2013-05-30 16:00:00,66.97880108979834,435.3142193174977,406.89714617912944
2013-05-30 18:00:00,239.69939916716552,460.4085201169945,383.27252548288726
2013-05-30 20:00:00,55.67215769584784,484.51683626109025,294.19687104112984
2013-05-30 22:00:00,52.558588165025945,620.3768865945322,247.0747553089862
2013-05-31 00:00:00,46.677716767154266,614.4674479424949,224.68921464014704
2013-05-31 02:00:00,36.98393461267459,497.70866135439184,208.05966780896864
2013-05-31 04:00:00,35.391096446793256,372.10144549052535,210.29804963491932
2013-05-31 06:00:00,5.302385563723044e-06,9.849581930316446e-06,97.82951191192139
2013-05-31 08:00:00,1.2323793066312212e-06,1.9726753932332184e-06,2.8305440662858817e-05
2013-05-31 10:00:00,8.846642327839477e-07,1.5679807187513864e-06,9.665619453715793e-06
2013-05-31 12:00:00,4.480353747377685e-07,6.164091505453016e-07,2.1265947081442165e-05
2013-05-31 14:00:00,4.2598155353574477e-07,5.445993987116695e-07,180.70566177431536
2013-05-31 16:00:00,1.0875182194273877e-06,1.589221655278292e-06,246.97958392542566
2013-05-31 18:00:00,27.94971315391633,315.4244525690317,286.33017802744973
2013-05-31 20:00:00,34.59746718267946,375.3940377213316,297.72573956223897
2013-05-31 22:00:00,37.927756506597675,437.4580585810403,328.3878113229368
2013-06-01 00:00:00,37.148382089250156,500.1463254226466,334.8327066363913
2013-06-01 02:00:00,38.7879616083791,502.5640471842364,341.76160451000436
2013-06-01 04:00:00,40.68589526328872,476.9896151607445,327.7144031805253
2013-06-01 06:00:00,36.07382030203377,405.125687057826,209.54250025902596
2013-06-01 08:00:00,8.228751417504728e-06,8.586280725724109e-06,72.84979837873884
2013-06-01 10:00:00,2.7168097404997615e-06,3.5997024091908376e-06,70.85200616630775
2013-06-01 12:00:00,2.4968983425079427e-06,2.1840125523495124e-06,65.8592159026171
2013-06-01 14:00:00,2.546122531628127e-06,2.322887803233425e-06,62.860075067669385
2013-06-01 16:00:00,2.7159975160310148e-06,6.4833773761073535e-06,160.71109557865682
2013-06-01 18:00:00,28.7905322115523,417.13588713962065,233.4820131895571
2013-06-01 20:00:00,37.431359018630204,494.67080086030245,234.54773008076086
2013-06-01 22:00:00,41.08020560942623,616.9646087829391,223.17754186017575
2013-06-02 00:00:00,44.16932563227034,744.2520057068068,217.82356318005486
2013-06-02 02:00:00,43.071965849907386,746.2946226760073,214.34167012365688
2013-06-02 04:00:00,33.899149576986176,498.31762836102547,161.45093472201108
2013-06-02 06:00:00,5.235880784967137e-07,8.602794224626207e-07,9.396717613059419e-07
2013-06-02 08:00:00,5.066251458985423e-07,7.233202332028708e-07,9.954120941868246e-07
2013-06-02 10:00:00,5.274706046492939e-07,6.930266243517997e-07,9.790282143882184e-07
2013-06-02 12:00:00,5.064113504784735e-07,7.066052163718215e-07,9.823340749284894e-07
2013-06-02 14:00:00,5.160624902106146e-07,6.978518846327193e-07,9.783483838367621e-07
2013-06-02 16:00:00,1.2399534651776915e-06,2.0188250068864614e-06,2.7858737288260455e-06
2013-06-02 18:00:00,35.63875643334166,370.17557376132874,214.9365449800361
2013-06-02 20:00:00,57.10861358819171,476.79899771771795,238.2038229150543
2013-06-02 22:00:00,61.77869917045525,527.7123484996948,254.9917682025203
2013-06-03 00:00:00,62.675829135906994,645.0090118893792,259.12098729344257
2013-06-03 02:00:00,51.984923328586525,770.0428546296956,262.3972056454839
2013-06-03 04:00:00,41.9193504591745,683.0144693187107,254.73544414352023
2013-06-03 06:00:00,3.519164262830321e-06,306.7781750895146,1.2909330652664699e-05
2013-06-03 08:00:00,1.5605209962815771e-06,2.4427655396681643e-06,3.9076329576353786e-06
2013-06-03 10:00:00,1.5070136581220127e-06,2.025044688391901e-06,4.07074929787079e-06
2013-06-03 12:00:00,1.1847885043834735e-06,1.5334588907913602e-06,3.6374711161678956e-06
2013-06-03 14:00:00,1.1428930970619024e-06,1.5130032438050792e-06,4.154647237445647e-06
2013-06-03 16:00:00,1.4978231493218648e-06,2.8521679242331374e-06,205.29535781605438
2013-06-03 18:00:00,28.573041329097734,354.0257238617822,313.0626002373707
2013-06-03 20:00:00,33.30522648505851,424.1294786924665,322.53420229366174
2013-06-03 22:00:00,42.40696092463404,433.9097471703856,340.03106314784674
2013-06-04 00:00:00,50.064433221773434,471.46552522585733,356.17190818882335
2013-06-04 02:00:00,54.71306566592985,593.7397627105237,352.84919428166876
2013-06-04 04:00:00,45.085280817624515,470.91157607392955,350.26035714773724
2013-06-04 06:00:00,44.62905299077843,488.0633107655586,276.3036843431859
2013-06-04 08:00:00,2.2097798797078684e-06,3.159382852089007e-06,1.1297893654604082e-05
2013-06-04 10:00:00,1.7926171039203922e-06,2.408640347252056e-06,1.1006102276156739e-05
2013-06-04 12:00:00,1.7467151651462152e-06,2.14165595742251e-06,1.1183223620986001e-05
2013-06-04 14:00:00,1.2393713265295795e-06,1.6721320562404827e-06,1.8493400757791397e-05
2013-06-04 16:00:00,5.07401014516657e-06,4.1774978849921904e-06,299.03426908695144
2013-06-04 18:00:00,31.39728603114701,345.97366801663134,421.13207573744296
2013-06-04 20:00:00,44.461655522762555,409.4677755033725,619.1642115053731
2013-06-04 22:00:00,54.942865580518344,412.6742666112666,758.9952866773685
2013-06-05 00:00:00,68.17090967634533,522.4744506365199,883.2374869559358
2013-06-05 02:00:00,84.88315890463309,686.4478907710387,953.3349420625943
2013-06-05 04:00:00,56.27106237914021,449.4321895471341,627.846962027305
2013-06-05 06:00:00,37.59786538971146,322.09747130234206,350.7604878975749
2013-06-05 08:00:00,8.27092404561214e-06,7.270722686190435e-06,223.2135057582724
2013-06-05 10:00:00,7.380317560307471e-06,6.2003610153584945e-06,196.68581423573636
2013-06-05 12:00:00,7.363315138913767e-06,6.101473556161631e-06,213.58668030217336
2013-06-05 14:00:00,8.271912971141921e-06,6.554341481244505e-06,260.13718743779464
2013-06-05 16:00:00,31.95226350200628,302.676929818653,391.9256825818927
2013-06-05 18:00:00,42.95082210039442,369.6597288848788,631.5207242983993
2013-06-05 20:00:00,46.776805729132825,436.06407107349867,613.7453111165811
2013-06-05 22:00:00,47.81430642839935,433.62650568707306,617.1200451866982
2013-06-06 00:00:00,59.45102086569861,474.173816131761,708.8346717603343
2013-06-06 02:00:00,64.82352304500576,487.12118989122416,807.0759476518764
2013-06-06 04:00:00,55.18904952717061,381.2222198839592,642.0532557179472
2013-06-06 06:00:00,36.44135385419119,59.810264897157104,340.04006507755554
2013-06-06 08:00:00,4.838469366432516e-06,3.7865827972438934e-06,106.97424428871416
2013-06-06 10:00:00,4.170670336034297e-06,3.355655085367057e-06,10.834125902901722
2013-06-06 12:00:00,4.202011552245081e-06,3.2936688967023883e-06,83.42161422965052
2013-06-06 14:00:00,4.436725300429384e-06,3.5807323052888603e-06,221.90664515947546
2013-06-06 16:00:00,26.678630744328423,4.949251489819941e-05,318.49455088983905
2013-06-06 18:00:00,31.51455577131155,386.8621336940224,439.00072891606544
2013-06-06 20:00:00,38.279124008173184,409.6232091418432,476.6685755309522
2013-06-06 22:00:00,42.297906001127664,404.70482846553585,502.38307952471087
2013-06-07 00:00:00,46.24878614262725,424.5199291164624,576.6133813905032
2013-06-07 02:00:00,55.92445816435756,457.19998628632874,690.5297576214206
2013-06-07 04:00:00,51.03598975418248,402.9012591780194,555.7308122227347
2013-06-07 06:00:00,9.94330990267219e-06,5.089880125821007e-06,246.4267085847999
2013-06-07 08:00:00,4.24025387348854e-06,3.7060097226286468e-06,113.69110005578074
2013-06-07 10:00:00,3.806827642150833e-06,3.3050433013815853e-06,105.90691608200123
2013-06-07 12:00:00,3.5583532295849175e-06,3.1379241985644763e-06,118.70751761626299
2013-06-07 14:00:00,3.624484848682868e-06,3.196320992540989e-06,164.66858388316618
2013-06-07 16:00:00,22.5287739760656,2.7550517630026104e-05,354.78788003212384
2013-06-07 18:00:00,29.787880809384898,356.8455152943992,447.5243658728661
2013-06-07 20:00:00,37.31862527534268,433.14070657200773,459.4983377358097
2013-06-07 22:00:00,39.495655039953135,449.41434306512394,501.75212642100064
2013-06-08 00:00:00,46.28900929488688,473.6826467910709,593.2348083859011
2013-06-08 02:00:00,41.94595555921348,488.74519685573586,644.663365605479
2013-06-08 04:00:00,43.21050587297934,444.53471945337924,498.8320258772003
2013-06-08 06:00:00,1.8061420316184351e-06,2.4898463458148425e-06,8.086481994172371e-06
2013-06-08 08:00:00,1.0966185673100354e-06,1.490087296917745e-06,6.618058611381248e-06
2013-06-08 10:00:00,1.0411997499160542e-06,1.3653386539076149e-06,6.338073416153443e-06
2013-06-08 12:00:00,1.0012442977891576e-06,1.329181451920517e-06,6.296200615922907e-06
2013-06-08 14:00:00,9.9333401440248e-07,1.3510405431556026e-06,6.7284232544078105e-06
2013-06-08 16:00:00,1.091474651717994e-06,1.5925233210250692e-06,313.9216972653495
2013-06-08 18:00:00,33.46749217218342,341.69751539552544,441.6103071477255
2013-06-08 20:00:00,38.730321844539084,395.7272429911835,522.7094509746007
2013-06-08 22:00:00,48.051770450574814,388.48407054104115,540.7477711918242
2013-06-09 00:00:00,46.92067718329841,402.78114460605286,595.4548002627399
2013-06-09 02:00:00,52.24244358840621,418.5530318664886,632.3113914166801
2013-06-09 04:00:00,47.497742808026274,422.6239384457025,544.9339316973919
2013-06-09 06:00:00,51.3649210752282,393.24225275607165,380.1538830115116
2013-06-09 08:00:00,40.09385977776967,336.87266894185007,296.4383116018244
2013-06-09 10:00:00,34.855760543845854,301.5132114200045,287.78420225776523
2013-06-09 12:00:00,29.962767142702795,282.4735785913661,316.25970814468735
2013-06-09 14:00:00,26.75943762470744,288.06426960400546,370.09962483046326
2013-06-09 16:00:00,30.114071114430285,333.9246511841171,490.5321802767441
2013-06-09 18:00:00,39.82001639114515,357.7166910439792,682.285956951807
2013-06-09 20:00:00,244.60615782596992,506.94441166209924,696.7261946547304
2013-06-09 22:00:00,237.35511301014787,522.2469378681429,699.1535642867171
2013-06-10 00:00:00,287.5550100524659,647.5104419448874,736.9323876658068
2013-06-10 02:00:00,364.71730216036536,772.3674124762642,754.2321385537795
2013-06-10 04:00:00,389.481766044216,825.4705321594774,788.171888184362
2013-06-10 06:00:00,322.17025314471596,693.2539108023395,683.4458089462091
2013-06-10 08:00:00,231.00698511027605,480.0009301273698,457.52793338563123
2013-06-10 10:00:00,193.89140973552603,461.61890047303706,406.98082208521583
2013-06-10 12:00:00,128.06176456497735,388.1639212679612,399.34600394775936
2013-06-10 14:00:00,29.875187395052833,361.6147649045811,439.1477050257067
2013-06-10 16:00:00,166.3543750820923,406.78294015935484,533.4005002965043
2013-06-10 18:00:00,222.09762016546858,547.0350067461624,742.3460502179222
2013-06-10 20:00:00,315.0984111569039,742.0113487295984,817.9986013390528
2013-06-10 22:00:00,359.57094498033666,777.2200148815691,878.5226865727433
2013-06-11 00:00:00,359.2441788566871,769.8945584891682,911.8287388944035
2013-06-11 02:00:00,356.53801296494873,757.9770468140266,915.1192023692258
2013-06-11 04:00:00,309.34838726826706,686.0742496807256,874.2311036677157
2013-06-11 06:00:00,46.899154611763784,516.430804739187,557.5717550804932
2013-06-11 08:00:00,37.31465938487322,402.6364460753714,438.32976532191316
2013-06-11 10:00:00,48.12712450365964,473.9915245789959,512.8140910612851
2013-06-11 12:00:00,31.040060745764535,365.3699151245964,332.24813906188984
2013-06-11 14:00:00,36.0674802245247,419.9445145002346,370.7214433950789
2013-06-11 16:00:00,48.49774719110728,495.34762325649245,517.8866842878546
2013-06-11 18:00:00,395.52088662632224,673.5464188620952,845.2057761825079
2013-06-11 20:00:00,355.5312707789542,652.6339957768686,853.081405804735
2013-06-11 22:00:00,52.847761751120494,538.503417540482,662.8439999149956
2013-06-12 00:00:00,50.18787474460674,449.4084185044547,630.7143961913786
2013-06-12 02:00:00,49.09198701468526,415.1050081109825,565.9044646701033
2013-06-12 04:00:00,44.12007398101791,379.32383743947565,437.20175758573953
2013-06-12 06:00:00,2.291469021617834e-06,2.678697770426072e-06,1.7924913175776705e-05
2013-06-12 08:00:00,1.129430769190069e-06,1.239905159303672e-06,6.3680006899357835e-06
2013-06-12 10:00:00,1.0796127182258456e-06,1.088147891490234e-06,5.920392338169648e-06
2013-06-12 12:00:00,8.461193234855955e-07,8.267892124016064e-07,3.020264380720287e-06
2013-06-12 14:00:00,9.757532702023894e-07,1.2602887813575797e-06,5.778540415218877e-06
2013-06-12 16:00:00,6.465401070391854e-06,5.752093753831904e-06,137.62815596225968
2013-06-12 18:00:00,43.25586770687307,1.446763910188478e-05,387.15811810534257
2013-06-12 20:00:00,37.215417841379264,1.0909476892155486e-05,387.9276502199291
2013-06-12 22:00:00,3.313030796186473e-06,5.101253023759091e-06,337.7373719825643
2013-06-13 00:00:00,3.0598026959790156e-06,7.020879002200582e-06,314.7526024852029
2013-06-13 02:00:00,3.085244748641025e-06,6.677990003492701e-06,309.4985094801781
2013-06-13 04:00:00,3.0339821758664308e-06,7.42736364602085e-06,6.104468825089281e-05
2013-06-13 06:00:00,5.99835883188613e-07,9.162938270877136e-07,1.0422142173586676e-06
2013-06-13 08:00:00,6.080794266802459e-07,7.90258894075462e-07,9.490587182285965e-07
2013-06-13 10:00:00,5.75631532230648e-07,9.221993262657504e-07,1.0237516111852209e-06
2013-06-13 12:00:00,6.51294270114866e-07,8.169910452957341e-07,1.003589479053168e-06
2013-06-13 14:00:00,6.272900767493322e-07,8.438179153482338e-07,1.0168341213127743e-06
2013-06-13 16:00:00,5.077859893029636e-07,7.595090924278731e-07,1.6154549778543177e-06
2013-06-13 18:00:00,6.168700586761649e-07,1.764517925051555e-06,186.0022550529557
2013-06-13 20:00:00,1.313544502562561e-05,44.18242091245293,178.22603225793176
2013-06-13 22:00:00,2.9387062430552513e-05,257.3669375732007,154.90924271463902
2013-06-14 00:00:00,28.477943637654533,401.3846050703154,58.50211661588802
2013-06-14 02:00:00,31.229290584935086,465.37646225437425,144.098822644258
2013-06-14 04:00:00,29.20891376536116,426.4623881971114,134.84945846389894
2013-06-14 06:00:00,6.96162185248188e-07,41.192186692070536,1.793485943448114e-06
2013-06-14 08:00:00,5.282982212352421e-07,1.8845142300230629e-06,1.1494797378845472e-06
2013-06-14 10:00:00,5.605278333166465e-07,2.720460648795825e-06,1.2707187844388113e-06
2013-06-14 12:00:00,5.459303475548845e-07,2.763746000989483e-06,1.5548102423876758e-06
2013-06-14 14:00:00,8.781052893215384e-07,1.4670606014645273e-06,4.166842297948493e-06
2013-06-14 16:00:00,2.592006409517201e-05,1.125942536187542e-05,389.44405749243634
2013-06-14 18:00:00,48.71652407015402,414.0981742940198,678.0070562706918
2013-06-14 20:00:00,73.67987753224058,511.25449674732903,811.9540287379338
2013-06-14 22:00:00,58.98394247415988,430.40749097661313,734.0375948660246
2013-06-15 00:00:00,51.80836082924043,312.7366022086573,613.2511586396953
2013-06-15 02:00:00,44.94335371485908,211.96385884485292,520.62526964575
2013-06-15 04:00:00,32.835340438497475,1.0528012962754986e-05,389.711849799278
2013-06-15 06:00:00,6.476657206878056e-07,6.703984168639814e-07,1.6905694910412208e-06
2013-06-15 08:00:00,8.724753082841854e-07,6.224400383875548e-07,1.149119001007039e-06
2013-06-15 10:00:00,6.742186226530605e-07,6.316483522897997e-07,1.1162956508290427e-06
2013-06-15 12:00:00,6.208160093757209e-07,6.271264240969654e-07,1.048803439525631e-06
2013-06-15 14:00:00,6.672137577263234e-07,6.31263688910688e-07,1.1074968608058951e-06
2013-06-15 16:00:00,6.025127368431221e-07,6.676709207799659e-07,1.0434823926154488e-06
2013-06-15 18:00:00,5.766666697035365e-07,1.583281180547377e-06,306.315613545514
2013-06-15 20:00:00,26.444707470758097,406.8618266870116,374.7626660264524
2013-06-15 22:00:00,26.730031714243463,415.2817454931904,366.78970317689425
2013-06-16 00:00:00,28.698833581825077,446.4040534896291,324.9082309655344
2013-06-16 02:00:00,30.842109565124762,482.7117163145323,306.9540908819743
2013-06-16 04:00:00,28.455145128933783,486.8048903379947,194.16140112262994
2013-06-16 06:00:00,7.390481054310527e-07,1.2096563335851743e-06,1.2211980452380578e-06
2013-06-16 08:00:00,6.519457127744362e-07,9.003599673112482e-07,1.0279546652156793e-06
2013-06-16 10:00:00,6.362361350026771e-07,8.884813135597677e-07,1.0798263368034358e-06
2013-06-16 12:00:00,6.748896471651923e-07,1.3265244001840994e-06,1.030275578287823e-06
2013-06-16 14:00:00,7.824564676670196e-07,2.306615615522805e-06,1.034203756613649e-06
2013-06-16 16:00:00,44.56501519965187,585.946393600672,4.1674224312017665e-06
2013-06-16 18:00:00,61.42656848415373,561.9002116963642,351.5186050145097
2013-06-16 20:00:00,128.88976735781978,837.9701742109671,528.8637960209851
2013-06-16 22:00:00,88.78695778860421,608.0057752711539,614.2660823479724
2013-06-17 00:00:00,81.54044020638531,535.6491978219656,679.298051905072
2013-06-17 02:00:00,70.18626773348515,498.27975049238853,772.5704256828009
2013-06-17 04:00:00,46.5132820521334,425.4163399681345,614.0759682356479
2013-06-17 06:00:00,33.069114732849,1.4274817482270086e-05,310.4707110201831
2013-06-17 08:00:00,1.1699312533679555e-05,2.3131736034188814e-05,202.60990007252326
2013-06-17 10:00:00,1.3128685436216866e-05,1.8365442909614306e-05,136.90053242917924
2013-06-17 12:00:00,1.347026063251693e-05,1.0919544828781135e-05,156.94642548549038
2013-06-17 14:00:00,9.687790743864214e-06,9.366751614170669e-06,205.04830209790939
2013-06-17 16:00:00,28.788841035252048,313.97078094408613,327.4686230683137
2013-06-17 18:00:00,36.63708227850998,560.0553156730357,440.68046737259533
2013-06-17 20:00:00,41.94703528151816,462.71847655573123,521.5546231893356
2013-06-17 22:00:00,42.037137349895325,518.7591292350484,461.9236430766954
2013-06-18 00:00:00,52.16397917866425,544.078044923437,484.37128774360355
2013-06-18 02:00:00,59.15849722496055,641.0745754093899,535.4248234729743
2013-06-18 04:00:00,50.78716116641593,653.4431725016507,424.136230921011
2013-06-18 06:00:00,40.37390087250363,373.30150202048355,170.2912906526343
2013-06-18 08:00:00,30.18457662016797,203.58779121310542,118.1936116726198
2013-06-18 10:00:00,26.802478590505896,27.968943095615707,26.311449383483488
2013-06-18 12:00:00,28.235480214502957,254.0577720523544,18.957787305308113
2013-06-18 14:00:00,41.91295763029492,466.1683050388664,141.61626340817662
2013-06-18 16:00:00,50.64929625683432,434.61556666797674,353.4625425195638
2013-06-18 18:00:00,340.39490417119794,547.4674188583423,552.000500377443
2013-06-18 20:00:00,375.2173315270405,995.2756451046891,490.4459652503632
2013-06-18 22:00:00,293.8001966302695,939.3082350824433,434.71452477111177
2013-06-19 00:00:00,341.57088107655125,835.2360570027219,455.9845755798759
2013-06-19 02:00:00,342.03229380095246,961.8308970566989,531.5800662387281
2013-06-19 04:00:00,352.083136468887,861.9954286753865,394.3526029850926
2013-06-19 06:00:00,82.73378835389283,527.6395288017568,295.9408547841441
2013-06-19 08:00:00,66.34014739327485,487.82587572742017,255.85807330952514
2013-06-19 10:00:00,35.628915128224925,468.44258101005147,208.82481437972402
2013-06-19 12:00:00,33.59219643977619,525.7925834324568,221.01568215125
2013-06-19 14:00:00,54.82134076290235,379.05594395806025,274.4808608087639
2013-06-19 16:00:00,43.720274270326755,405.29194444665325,361.6064114714524
2013-06-19 18:00:00,47.557042166174824,486.87374509499324,429.06218275945463
2013-06-19 20:00:00,58.08552578821226,469.78001772734075,428.78145118145255
2013-06-19 22:00:00,105.20066756156154,550.8829462896418,663.9553032750927
2013-06-20 00:00:00,70.64718787773873,534.4458145899412,593.6266281940734
2013-06-20 02:00:00,88.5502674003938,559.405267674274,550.296900575706
2013-06-20 04:00:00,92.45900268435422,639.8266438078537,499.35773607451614
2013-06-20 06:00:00,61.83696013570936,650.9694349909872,370.9466362305554
2013-06-20 08:00:00,43.070163292518394,494.99534993128765,302.0494353789615
2013-06-20 10:00:00,38.04700175283163,546.6886078139662,253.3093109967543
2013-06-20 12:00:00,52.36932597778836,432.14741162483267,258.83831701507665
2013-06-20 14:00:00,45.085015699123545,363.30073755321195,330.5032834695991
2013-06-20 16:00:00,37.39874794739466,511.2434998970885,414.9422590157958
2013-06-20 18:00:00,277.02296219303867,619.9085534311844,522.8346652235322
2013-06-20 20:00:00,474.01558284668073,873.6454776108651,452.97865269248433
2013-06-20 22:00:00,390.71440189170573,864.6844664505722,606.1793604170483
2013-06-21 00:00:00,397.3175591116343,635.3764647740867,626.1121074923399
2013-06-21 02:00:00,378.2165320404127,402.07146326785437,698.9382086383755
2013-06-21 04:00:00,389.76364802435313,381.2301368454569,494.25110141336523
2013-06-21 06:00:00,9.89782572146193e-06,5.6285362001377475e-06,6.282863688202087e-06
2013-06-21 08:00:00,2.142099719074375e-06,1.9952644485489184e-06,1.3261570642111274e-06
2013-06-21 10:00:00,1.4140893019403431e-06,1.9518814253345972e-06,1.2019196059366719e-06
2013-06-21 12:00:00,1.2473289184998756e-06,1.5638316227949022e-06,1.1171867091171352e-06
2013-06-21 14:00:00,5.924086104221974e-07,1.540513704763125e-06,1.0937326843767736e-06
2013-06-21 16:00:00,1.2463863726366835e-06,4.416970798934523e-06,3.172666868051864e-06
2013-06-21 18:00:00,2.2368639486894177e-05,4.580718956728273e-05,63.201618572261474
2013-06-21 20:00:00,2.6981032668508372e-05,6.320291112078255e-05,78.49628501430563
2013-06-21 22:00:00,2.6746003400418545e-05,5.583684178838179e-05,80.62167424907675
2013-06-22 00:00:00,3.049505221316872e-06,7.836762929836703e-06,86.73692775443551
2013-06-22 02:00:00,3.030683924891136e-06,8.923725996204747e-06,91.48078108885738
2013-06-22 04:00:00,2.3666866847301192e-06,7.69601037851028e-06,0.0005413571071873027
2013-06-22 06:00:00,6.099563751777337e-07,9.296543758649739e-07,1.3102897927134692e-06
2013-06-22 08:00:00,6.184867395424121e-07,7.97418409172121e-07,1.0960693499640665e-06
2013-06-22 10:00:00,6.559725686940505e-07,8.208471174751394e-07,1.1765524424214982e-06
2013-06-22 12:00:00,6.277193734124862e-07,7.86054991778114e-07,1.0630580081077968e-06
2013-06-22 14:00:00,6.123396991008193e-07,7.849941363300935e-07,1.0843095286240017e-06
2013-06-22 16:00:00,5.678414942129446e-07,6.435353850066199e-07,4.344335453239103e-06
2013-06-22 18:00:00,5.346981072645464e-07,6.173374803238282e-07,224.9021521837756
2013-06-22 20:00:00,5.123887937441577e-07,8.322094224860797e-07,243.08707580401796
2013-06-22 22:00:00,5.432642173602289e-07,8.343821860406376e-07,214.53217544611073
2013-06-23 00:00:00,5.246036243557431e-07,9.042668162618649e-07,232.2824734593322
2013-06-23 02:00:00,5.19960079404674e-07,8.718021388430702e-07,253.00695288375096
2013-06-23 04:00:00,5.290778708025896e-07,6.837921079549769e-07,152.94593581122814
2013-06-23 06:00:00,5.811827589253749e-07,7.625186942190442e-07,1.891537019446618e-06
2013-06-23 08:00:00,5.690004652953235e-07,7.035110946420928e-07,1.5895060802109906e-06
2013-06-23 10:00:00,5.386306341830204e-07,6.347929695546325e-07,1.6293549790134141e-06
2013-06-23 12:00:00,5.055541890016448e-07,5.752660804732693e-07,1.4725621787506502e-06
2013-06-23 14:00:00,5.240545150734501e-07,5.889345981971286e-07,1.5089135772456593e-06
2013-06-23 16:00:00,5.70484864075763e-07,5.931657105538701e-07,169.34791709164648
2013-06-23 18:00:00,4.392032136626936e-05,1.17887150686611e-05,366.0303807206627
2013-06-23 20:00:00,28.797262454726443,8.55132243928309e-06,403.4587487137905
2013-06-23 22:00:00,28.820374750898775,1.1942246559750197e-05,361.63260248032833
2013-06-24 00:00:00,32.101582501009126,69.22657933356255,358.57945788969954
2013-06-24 02:00:00,40.90209846159685,318.814290380174,359.17351312822757
2013-06-24 04:00:00,45.75815240226648,374.5136678286838,369.19197446515005
2013-06-24 06:00:00,45.16179086226678,348.15128941997494,306.9956865725186
2013-06-24 08:00:00,44.52656708773089,420.50150216520314,305.18315892481223
2013-06-24 10:00:00,38.22229221942462,474.78118712526,326.81106259701994
2013-06-24 12:00:00,33.18189724138923,436.0832023848417,309.2440296242127
2013-06-24 14:00:00,33.68284665401535,464.2397955110677,337.00327401851683
2013-06-24 16:00:00,33.171998098025895,488.3742087412485,373.0679607918613
2013-06-24 18:00:00,214.9661179108236,672.8241902325638,460.0717728637378
2013-06-24 20:00:00,275.64743464367945,909.9700548472689,483.3306365848397
2013-06-24 22:00:00,286.5121318843865,894.3652925891987,468.4927305551246
2013-06-25 00:00:00,272.15964102104067,913.0850678633941,475.07330562247597
2013-06-25 02:00:00,274.25133796272183,885.2440592284437,457.23883034888723
2013-06-25 04:00:00,272.94195474733533,642.1853968807549,405.6086070919456
2013-06-25 06:00:00,44.0101567793204,453.1998763880548,311.60277768693487
2013-06-25 08:00:00,27.425279356447373,274.25603600806096,266.84695687905116
2013-06-25 10:00:00,25.62872722746278,172.4089009367459,201.41584051934885
2013-06-25 12:00:00,23.29875163618893,205.31792650950533,96.91051020376698
2013-06-25 14:00:00,23.549574107609256,364.28351869560635,70.36933145298852
2013-06-25 16:00:00,24.983473798326795,389.0474654696672,248.7641495038242
2013-06-25 18:00:00,33.346637261911916,571.7946482343251,278.2856673952429
2013-06-25 20:00:00,57.11711378708037,939.0948191677282,279.39958424955705
2013-06-25 22:00:00,65.78614618778674,1094.9920410481145,256.8418354929799
2013-06-26 00:00:00,65.66933119228217,1151.1090563099774,255.156374502024
2013-06-26 02:00:00,61.14464538238826,1142.663896827718,254.17500293911576
2013-06-26 04:00:00,51.19613492915189,818.3161462477188,246.953098326373
2013-06-26 06:00:00,1.4055517636052052e-06,33.0703190224488,1.8800693247343017e-06
2013-06-26 08:00:00,1.2217727321761622e-06,3.312235329389878e-06,1.5037578449563536e-06
2013-06-26 10:00:00,1.5005354440994873e-06,9.01256730525961,1.531681327808738e-06
2013-06-26 12:00:00,1.2102362050803565e-06,30.344009490078964,1.2836067302962897e-06
2013-06-26 14:00:00,1.3331380296256319e-06,27.791021394973207,1.4672814964900695e-06
2013-06-26 16:00:00,39.386777239243195,457.4068010744259,60.16615311117873
2013-06-26 18:00:00,46.078827309394256,564.5509980432194,255.57264993401733
2013-06-26 20:00:00,65.86292087602124,743.3866680559663,297.13654620756125
2013-06-26 22:00:00,63.109454370419606,686.7586717476661,317.59502222681624
2013-06-27 00:00:00,62.76121738183259,554.871517205278,350.56012576230347
2013-06-27 02:00:00,53.109922296209334,503.6827007599449,349.66087870732207
2013-06-27 04:00:00,45.8176253032901,434.2772647339668,351.91879494828066
2013-06-27 06:00:00,42.916460708485424,321.5934657397111,304.688418752482
2013-06-27 08:00:00,29.238747785959074,297.99263760744213,257.2129004654365
2013-06-27 10:00:00,27.255957069980404,324.6804398162361,279.11652471986525
2013-06-27 12:00:00,27.700589225499588,348.3620642390761,273.5179742312976
2013-06-27 14:00:00,29.261145279556846,369.3119703760514,283.65051422185053
2013-06-27 16:00:00,35.74963188431394,400.6164930840195,326.9790519338662
2013-06-27 18:00:00,41.19918761029443,452.66241988983234,417.1503513857927
2013-06-27 20:00:00,40.11426955638017,542.7599791704441,456.92191892971124
2013-06-27 22:00:00,33.29826927931745,731.6662244103209,396.69721972460644
2013-06-28 00:00:00,42.96658681758723,581.3458116758668,397.80731822103877
2013-06-28 02:00:00,44.594820129506836,593.4943959838381,400.4778403181595
2013-06-28 04:00:00,44.73593273734727,594.445039052573,363.65717187690433
2013-06-28 06:00:00,45.70172802298676,761.4585400232324,263.2823809561892
2013-06-28 08:00:00,38.55800950025597,58.739501591400334,225.0847960718572
2013-06-28 10:00:00,33.90361954858717,76.5285505082078,233.04824940673805
2013-06-28 12:00:00,29.424112511354576,54.40584666515757,240.316785652836
2013-06-28 14:00:00,27.720579907024057,63.620065976259035,255.44335243616672
2013-06-28 16:00:00,31.5036639710616,435.67150854092876,304.89792002376225
2013-06-28 18:00:00,42.295175550300456,443.37646611611444,418.8014543939493
2013-06-28 20:00:00,41.27570638137727,399.55572818451935,509.0370842904299
2013-06-28 22:00:00,33.22459251174763,402.83920135207654,402.4743255901407
2013-06-29 00:00:00,35.72592136429012,375.5281531628191,403.09612946659246
2013-06-29 02:00:00,35.14614285105889,382.7608995509323,422.74749713212304
2013-06-29 04:00:00,36.649042201506894,401.3289811082445,391.1522048097933
2013-06-29 06:00:00,4.721233783541825e-06,1.097437192959045e-05,180.92903193433182
2013-06-29 08:00:00,1.453059003191718e-06,6.691482006454327e-06,3.469139702988723e-05
2013-06-29 10:00:00,1.1440233669319224e-06,8.243428278571059e-06,3.6737824653777845e-05
2013-06-29 12:00:00,1.1015888078233663e-06,4.367385749990782e-06,3.415565250561271e-05
2013-06-29 14:00:00,1.2595652909626056e-06,4.873866914091047e-06,3.2012608680459474e-05
2013-06-29 16:00:00,1.8364304996055296e-06,7.142093602082707e-06,3.1416574251963214e-05
2013-06-29 18:00:00,46.137122009304136,585.690320761927,257.33137420778377
2013-06-29 20:00:00,79.4347504437981,983.2430489200605,308.62009970606357
2013-06-29 22:00:00,87.26544959583454,1008.2227641260196,319.6753692166594
2013-06-30 00:00:00,76.55233801046134,802.7752965270575,326.1676830652318
2013-06-30 02:00:00,72.15429107317966,707.1338252172569,354.1335257698766
2013-06-30 04:00:00,62.113659852739374,684.956559808634,361.0912508225147
2013-06-30 06:00:00,1.2214832186669925e-06,1.804838991192883e-06,1.7482991134677262e-06
2013-06-30 08:00:00,6.919852318280209e-07,8.036172300459465e-07,1.2878475253068888e-06
2013-06-30 10:00:00,6.093889285037536e-07,8.998412179749537e-07,1.3763895953208378e-06
2013-06-30 12:00:00,6.674201777481535e-07,8.453246182552472e-07,1.3548719159878662e-06
2013-06-30 14:00:00,6.323452262421193e-07,7.283286711617314e-07,1.5289019351047447e-06
2013-06-30 16:00:00,1.410233838968062e-06,1.7630715947440642e-06,1.6731512635826017e-05
2013-06-30 18:00:00,36.870947681372854,234.05842958680327,429.6286828057332
2013-06-30 20:00:00,51.56591320540512,466.1714624645328,525.68308526277
2013-06-30 22:00:00,44.46985735964825,456.8382084558407,534.0816842289122
2013-07-01 00:00:00,43.68897295188782,488.975843420165,526.6398116742848
2013-07-01 02:00:00,51.911488518828875,566.9560705800757,531.2019302278158
2013-07-01 04:00:00,52.34875619033679,668.346409448866,388.07820120765894
2013-07-01 06:00:00,2.7866238395964322e-06,6.195852662318159e-06,2.147957132340315e-06
2013-07-01 08:00:00,1.512126823492458e-06,2.722472254472017e-06,1.761905333390511e-06
2013-07-01 10:00:00,1.5805880377891495e-06,2.4576682331155523e-06,1.8700723136679724e-06
2013-07-01 12:00:00,1.2897255878665254e-06,2.081456153375985e-06,1.7363236823746509e-06
2013-07-01 14:00:00,1.3941699440971832e-06,2.055351148707945e-06,1.9103858653288803e-06
2013-07-01 16:00:00,42.68933669078594,416.5578112108898,288.4823568182107
2013-07-01 18:00:00,49.41871168421786,400.1125198002168,513.5826617938892
2013-07-01 20:00:00,336.0410983769277,607.3403009427524,908.8855424000559
2013-07-01 22:00:00,397.97970196976763,745.8902522156042,969.1797794177965
2013-07-02 00:00:00,363.77954699323334,741.1851113901264,935.579927356152
2013-07-02 02:00:00,388.3610376216884,744.8115096271054,908.3237539034329
2013-07-02 04:00:00,313.63365760787235,647.330930477651,669.2963106598787
2013-07-02 06:00:00,45.08995140306889,656.5547519144421,354.97436072175356
2013-07-02 08:00:00,7.183465671029807e-05,2.037140162535072e-05,266.96325730132264
2013-07-02 10:00:00,4.5394634295179875e-06,4.017743778503419e-06,228.5847788989796
2013-07-02 12:00:00,6.971095648656184e-05,1.0261503598977361e-05,191.29823415793345
2013-07-02 14:00:00,43.2794538048809,386.88375908081883,279.21805575336754
2013-07-02 16:00:00,58.041807505422945,420.27690995281785,435.2918761263917
2013-07-02 18:00:00,217.51292509206274,548.0915614372093,742.3568909105621
2013-07-02 20:00:00,127.01311003858915,553.2268920858054,536.970448570302
2013-07-02 22:00:00,54.84728243113149,542.4135702283404,378.18757653328976
2013-07-03 00:00:00,50.84499380951499,486.47475892741045,343.3518859040796
2013-07-03 02:00:00,60.27442814971568,479.9284615234882,334.37114866144316
2013-07-03 04:00:00,61.20150239003818,459.2989196772901,337.06451407883947
2013-07-03 06:00:00,51.217224159308564,426.9315337974034,339.3991875425183
2013-07-03 08:00:00,46.09418025819823,370.7725684493938,338.40382451709985
2013-07-03 10:00:00,46.90463749587324,367.1782495103661,378.14877595864476
2013-07-03 12:00:00,45.34468102217542,329.4768574203279,382.417302844204
2013-07-03 14:00:00,45.812389845997885,336.36141174006025,424.1138433739485
2013-07-03 16:00:00,50.069046803686774,428.15138875004385,544.0389868999705
2013-07-03 18:00:00,302.0523911621374,552.3705737045618,811.1300976355006
2013-07-03 20:00:00,358.54541004947953,625.2184387039513,845.9513626782172
2013-07-03 22:00:00,389.4371315910623,592.967362031593,864.4746309488779
2013-07-04 00:00:00,384.3253226813901,607.7206093628295,867.4820798093091
2013-07-04 02:00:00,384.75633255463384,642.1871053262357,860.4398103292443
2013-07-04 04:00:00,356.0262140318056,470.5732063263514,871.1332150005408
2013-07-04 06:00:00,40.306266914269656,365.1955263463631,558.4110598692408
2013-07-04 08:00:00,27.269360181652797,297.62639868474884,361.59099994848657
2013-07-04 10:00:00,23.313536966932823,310.0719764769896,311.67458083901823
2013-07-04 12:00:00,22.989731272795662,312.40595363508925,294.3683662551423
2013-07-04 14:00:00,26.708920603432954,319.38673609471994,305.63221599736914
2013-07-04 16:00:00,31.829284813448822,326.0670045340876,353.73815101581613
2013-07-04 18:00:00,46.5019174117714,415.57981867705524,546.6055604712172
2013-07-04 20:00:00,54.80987649992092,452.6681408205319,630.109918336218
2013-07-04 22:00:00,124.85779903700869,509.2701117883849,674.0284617003575
2013-07-05 00:00:00,294.37434272676313,560.0852942280053,703.4332318615005
2013-07-05 02:00:00,320.61116653390553,665.0818671185816,747.6025913561392
2013-07-05 04:00:00,310.55208818441264,711.40907720423,710.2510643842137
2013-07-05 06:00:00,81.75245886228169,609.0019139718034,479.3078058061865
2013-07-05 08:00:00,42.52255554560753,630.6268885377924,363.23093443278026
2013-07-05 10:00:00,30.640305434245096,493.1093300951543,336.24211487114036
2013-07-05 12:00:00,27.18988612044974,406.9091972844839,310.2355904452369
2013-07-05 14:00:00,26.400134997710285,374.17864262486864,305.86374366590854
2013-07-05 16:00:00,32.78876053737464,411.3085360562458,375.52328467291983
2013-07-05 18:00:00,50.404791017547204,498.3205212876885,584.9927406624815
2013-07-05 20:00:00,285.2746511663655,633.0438707231007,698.640505544636
2013-07-05 22:00:00,278.5156080570605,585.1060986328094,724.9146288730111
2013-07-06 00:00:00,290.45278127823207,591.2360231994502,770.1898532277362
2013-07-06 02:00:00,313.813514336242,615.3674519755981,839.9018328672071
2013-07-06 04:00:00,54.58488775653125,528.351474316506,632.8530934374635
2013-07-06 06:00:00,1.0364142701982537e-05,7.888355249467186e-06,200.8382221928386
2013-07-06 08:00:00,3.832993681149619e-06,3.389429761645701e-06,25.38822459055372
2013-07-06 10:00:00,3.478565000954524e-06,3.215451247577281e-06,23.645729974954946
2013-07-06 12:00:00,3.406209831392097e-06,3.206598394104362e-06,23.667973542301244
2013-07-06 14:00:00,3.522411674389564e-06,3.118664183438504e-06,26.852305962897304
2013-07-06 16:00:00,7.483200779117707e-06,4.977628996499951e-06,374.2344895159692
2013-07-06 18:00:00,50.72374308491191,442.97813034875924,603.6139840274936
2013-07-06 20:00:00,164.1480353184732,552.7160223200498,705.4651595630587
2013-07-06 22:00:00,166.5389767082177,512.2660766929952,736.1448415903931
2013-07-07 00:00:00,274.740618474117,565.2196280271155,836.2318202060758
2013-07-07 02:00:00,320.0615695240423,660.1203038897577,904.1323154798724
2013-07-07 04:00:00,64.56546198523964,500.95665428001456,719.1304470687888
2013-07-07 06:00:00,3.486727258143061e-06,2.8503406596424582e-06,25.766063940046873
2013-07-07 08:00:00,1.6023042622321881e-06,1.5365417877286117e-06,7.832516399441231e-06
2013-07-07 10:00:00,1.3763802542182726e-06,1.3085508636004396e-06,6.78394005051192e-06
2013-07-07 12:00:00,1.326440903513952e-06,1.1903213043554352e-06,6.750706483717427e-06
2013-07-07 14:00:00,1.388026742678052e-06,1.2079785071257787e-06,7.508160944338579e-06
2013-07-07 16:00:00,4.935785885162961e-06,3.7548324043075173e-06,305.1086123995672
2013-07-07 18:00:00,42.72565962542166,350.88597230164976,519.8670648103722
2013-07-07 20:00:00,47.23226539322468,426.67290508740405,533.4553263891361
2013-07-07 22:00:00,53.9378407094948,444.13935419854585,583.2660991677258
2013-07-08 00:00:00,63.7645102232081,508.1072195794648,663.3176900146821
2013-07-08 02:00:00,78.15594220401289,532.9081535892666,713.9190803103443
2013-07-08 04:00:00,54.182945198126504,433.6011870605171,555.7654639067662
2013-07-08 06:00:00,3.0192871023184387e-06,2.72712772337064e-06,3.579828409504484e-05
2013-07-08 08:00:00,1.4282715317924183e-06,1.4362484050235321e-06,6.151377972129985e-06
2013-07-08 10:00:00,1.1525194537196849e-06,1.1460461257263204e-06,4.26355739374868e-06
2013-07-08 12:00:00,9.420138176626729e-07,1.013767711526879e-06,3.174336268981187e-06
2013-07-08 14:00:00,1.1316560177754844e-06,1.4750116041221968e-06,5.817829598309005e-06
2013-07-08 16:00:00,1.5164773674159029e-06,2.142681667598827e-06,325.26591446776376
2013-07-08 18:00:00,34.27470787217099,344.90698401979046,461.79679131151835
2013-07-08 20:00:00,40.73897748344532,428.8395316577532,485.17145690217103
2013-07-08 22:00:00,48.18656382064843,427.8959756157221,523.0617462305229
2013-07-09 00:00:00,60.612737315440306,467.15781267065194,643.0499038468845
2013-07-09 02:00:00,69.8007745182005,514.2733429175452,759.2132009890133
2013-07-09 04:00:00,51.617926861432146,438.85036204858625,576.8668741052112
2013-07-09 06:00:00,36.16637642763525,5.549142329406005,311.62795473827373
2013-07-09 08:00:00,7.508370361011892e-06,5.9818622198238595e-06,142.3393635889987
2013-07-09 10:00:00,6.719081937071633e-06,5.4278450408803695e-06,123.82368235361155
2013-07-09 12:00:00,6.0886566848588235e-06,4.717481983937006e-06,79.23152017787291
2013-07-09 14:00:00,6.3459318536338796e-06,4.787821776528552e-06,143.62995085318886
2013-07-09 16:00:00,28.79784906231423,3.649418656258559e-05,384.75495405382
2013-07-09 18:00:00,50.177976220680186,388.2294023864178,494.3374005722928
2013-07-09 20:00:00,58.36909474448536,523.2704459418603,460.15696248578257
2013-07-09 22:00:00,54.44888409837704,524.9076074153563,388.36822674044464
2013-07-10 00:00:00,59.00315408415783,512.7090496101531,385.0807738709844
2013-07-10 02:00:00,57.56319469264475,532.580105383489,346.854150626599
2013-07-10 04:00:00,43.138287297207185,461.61889826637463,300.38958300652394
2013-07-10 06:00:00,7.646037661679199e-07,9.35306285232583e-07,1.5021217991161045e-06
2013-07-10 08:00:00,7.366585602587324e-07,7.319894258126528e-07,1.2415450763394952e-06
2013-07-10 10:00:00,9.237820961084735e-07,7.518793578284424e-07,1.2918692754335224e-06
2013-07-10 12:00:00,7.454367786592631e-07,7.97446909398448e-07,1.24382385411305e-06
2013-07-10 14:00:00,6.727506942926468e-07,8.470987808222868e-07,1.2140906016148738e-06
2013-07-10 16:00:00,1.5476467559127628e-06,2.4841599168806785e-06,4.67909620862547e-06
2013-07-10 18:00:00,34.497854383612285,338.3855963064459,286.4898101709459
2013-07-10 20:00:00,47.91093811828445,384.4953835911447,337.2197930020255
2013-07-10 22:00:00,54.17248912188025,454.2581365594677,347.5285843985132
2013-07-11 00:00:00,65.35814647041022,530.7985421771098,365.4090218736655
2013-07-11 02:00:00,79.18461444326758,601.2300532285292,407.99197895478716
2013-07-11 04:00:00,73.72936751651496,594.65343109476,416.49115146232225
2013-07-11 06:00:00,80.08283593136424,530.3995635525939,248.680402599931
2013-07-11 08:00:00,50.44667586636268,443.28694224181555,186.44787342208966
2013-07-11 10:00:00,39.680278581598365,323.8762543876019,181.56130845601976
2013-07-11 12:00:00,35.153811092435355,239.8668901291812,156.18631218426657
2013-07-11 14:00:00,35.191990174733654,246.064789904139,185.29319773733891
2013-07-11 16:00:00,44.74020504464668,335.62565111315996,305.0367181087595
2013-07-11 18:00:00,163.84115156395058,419.96134158539934,549.2765152614195
2013-07-11 20:00:00,314.7371211316686,620.4891237531161,644.5052008993467
2013-07-11 22:00:00,340.2054283934078,663.1616403407216,664.914103170733
2013-07-12 00:00:00,370.30500586193403,768.372779516363,681.1393415132931
2013-07-12 02:00:00,406.31139203158,817.0391494344567,742.9430693120336
2013-07-12 04:00:00,388.9578654798721,709.868383871274,624.5842818930768
2013-07-12 06:00:00,164.1021953389772,602.4572049742106,310.18186890223944
2013-07-12 08:00:00,53.416081264615855,496.8858183727048,254.87536368072284
2013-07-12 10:00:00,57.89725140008958,407.4212852094976,238.64294803690396
2013-07-12 12:00:00,47.73995240193295,374.7477524351883,219.19244296136205
2013-07-12 14:00:00,42.929628511022536,414.43846986424836,261.52134727728316
2013-07-12 16:00:00,48.75927573038121,441.059438674151,363.61207294842
2013-07-12 18:00:00,269.4898897550411,549.5317582169157,706.2054544886751
2013-07-12 20:00:00,414.11649888755215,883.0983204657613,834.8898637193736
2013-07-12 22:00:00,466.3391074095183,963.786664734986,774.8803841579811
2013-07-13 00:00:00,477.76115916400045,1040.9607410424817,821.2253150277714
2013-07-13 02:00:00,485.4850587817855,1086.4951123971218,834.8537739160524
2013-07-13 04:00:00,454.39021206663915,700.9473735638552,610.9596767730516
2013-07-13 06:00:00,1.685723639520436e-05,1.7675551894007412e-05,40.57341181682819
2013-07-13 08:00:00,2.3245126574970127e-06,3.044246406573531e-06,6.8578120602748215e-06
2013-07-13 10:00:00,1.822429529277557e-06,2.3143997493548044e-06,6.489879849620883e-06
2013-07-13 12:00:00,1.7479205696367477e-06,2.1420558013113793e-06,6.1886764039030606e-06
2013-07-13 14:00:00,1.7022915217149168e-06,2.2424558292490305e-06,6.1796674136389675e-06
2013-07-13 16:00:00,33.48838577319089,241.47034141403174,173.98689960294803
2013-07-13 18:00:00,46.478927448430916,598.0804853577387,425.8298006691624
2013-07-13 20:00:00,307.5253801974358,957.0941153998219,445.42163957108124
2013-07-13 22:00:00,361.8230972641263,993.8634809271977,521.429586486227
2013-07-14 00:00:00,416.6962388088097,1060.8796395886206,541.0866545765446
2013-07-14 02:00:00,396.9986307271538,1148.8144256458165,482.2562708340453
2013-07-14 04:00:00,90.66082167067593,882.9722628032833,371.6859287109843
2013-07-14 06:00:00,1.76778052587451e-06,2.451418277144872e-06,1.8986882153164547e-06
2013-07-14 08:00:00,1.1723462175545326e-06,1.415404782134668e-06,1.4984250245706942e-06
2013-07-14 10:00:00,9.508359832299582e-07,1.2735483310112558e-06,1.4196204377932119e-06
2013-07-14 12:00:00,8.452449174581804e-07,1.2917001738271467e-06,1.3977933321119993e-06
2013-07-14 14:00:00,9.795887201949714e-07,1.6087875188343929e-06,1.479129350857871e-06
2013-07-14 16:00:00,42.24728345163357,315.8079067364662,7.344204607876436e-06
2013-07-14 18:00:00,74.98788069465989,610.3706746698749,372.2207930218624
2013-07-14 20:00:00,94.35251572363136,751.0599015839947,483.6964862106545
2013-07-14 22:00:00,96.9342581392652,800.6950630169292,539.4771211004331
2013-07-15 00:00:00,96.58639122146606,801.5852643478025,573.0149818670977
2013-07-15 02:00:00,96.36510919370424,799.9376658836317,605.094229150266
2013-07-15 04:00:00,67.14229242093195,766.4306755275121,477.94063506955774
2013-07-15 06:00:00,1.9870865413437846e-06,3.3058965658558337e-06,5.461301030325158e-06
2013-07-15 08:00:00,1.2863157268127177e-06,2.0278349274727186e-06,3.089805190716932e-06
2013-07-15 10:00:00,1.1463083998992223e-06,1.845851109806861e-06,3.129637062611828e-06
2013-07-15 12:00:00,1.1038675427025024e-06,1.8106048098479732e-06,2.936704481709789e-06
2013-07-15 14:00:00,1.1428294478690298e-06,1.9021352705627302e-06,3.1219982212389087e-06
2013-07-15 16:00:00,30.053215659456693,233.82262938155452,170.26594768534332
2013-07-15 18:00:00,46.11765517078845,475.6464515763897,509.44986120278423
2013-07-15 20:00:00,444.79926044389595,760.1283769557716,649.9061614215668
2013-07-15 22:00:00,485.0213011867319,720.4600904500462,654.5752714350125
2013-07-16 00:00:00,471.20623121414206,761.2539277105376,702.254080142431
2013-07-16 02:00:00,530.6837593143285,821.163163821941,723.2330303127206
2013-07-16 04:00:00,408.7778909018087,704.6848841141217,536.7849542966034
2013-07-16 06:00:00,48.63081246587997,556.727039927324,36.4859333243113
2013-07-16 08:00:00,4.807961047021101e-06,6.411029902656321e-06,1.207697540137548e-05
2013-07-16 10:00:00,4.039326120393754e-06,5.287239097583596e-06,1.1266220655014534e-05
2013-07-16 12:00:00,4.063782745422023e-06,5.244109003292726e-06,1.0299679033651523e-05
2013-07-16 14:00:00,7.259333375254217e-06,5.859683747963575e-06,1.2257084226496559e-05
2013-07-16 16:00:00,50.16107078590772,462.56209279557197,340.67994678037184
2013-07-16 18:00:00,258.83617183793183,533.2879209428336,625.2248478974399
2013-07-16 20:00:00,416.3339525391112,771.0883557363296,812.8817983919823
2013-07-16 22:00:00,423.2778652111328,730.0126403122721,792.9098767277067
2013-07-17 00:00:00,466.3516905762316,796.4474428219548,876.0844512224988
2013-07-17 02:00:00,482.41170380586806,879.8274999821892,939.5399401024947
2013-07-17 04:00:00,376.7562785101525,653.1221037004603,743.0582236010506
2013-07-17 06:00:00,73.48735938099966,758.2907326726397,403.4276502948654
2013-07-17 08:00:00,42.247947885825624,509.4167939166787,289.0126384668509
2013-07-17 10:00:00,30.52618351928168,355.9793857136385,263.9696900451782
2013-07-17 12:00:00,30.370741580502987,208.69382725856275,259.59689805643717
2013-07-17 14:00:00,31.31539720797387,325.09304820773355,280.3257242372995
2013-07-17 16:00:00,41.620741776875136,421.5131649718962,372.26503916324464
2013-07-17 18:00:00,47.85302067459407,475.05935898173715,642.5183985315766
2013-07-17 20:00:00,337.8503911457913,619.3793135823572,691.5676403490188
2013-07-17 22:00:00,351.6583296005774,514.6076188227756,677.9064782851256
2013-07-18 00:00:00,375.53551001608764,577.701692294467,703.7507219992084
2013-07-18 02:00:00,392.3406529256615,623.9374967272742,767.125914544267
2013-07-18 04:00:00,227.03033426805663,546.1438775807428,691.7640918337047
2013-07-18 06:00:00,37.8897812222465,395.04060140779416,325.1714810425407
2013-07-18 08:00:00,2.394744441123687e-06,3.182887571962863e-06,1.4939435149655116e-05
2013-07-18 10:00:00,2.1004564968781315e-06,2.585182724727721e-06,1.3098003193533932e-05
2013-07-18 12:00:00,2.0490488162684068e-06,2.622838417387133e-06,1.3086575640183938e-05
2013-07-18 14:00:00,2.0859301208120024e-06,2.5798004698305156e-06,1.3956660991068486e-05
2013-07-18 16:00:00,3.755806565324636e-06,1.2754901232046189e-05,317.428770949503
2013-07-18 18:00:00,36.19124133859751,348.57033257321666,426.8375817129653
2013-07-18 20:00:00,52.304271267908995,437.56033021477793,427.5606763769666
2013-07-18 22:00:00,61.4805662481894,433.7670879199696,408.5069884105422
2013-07-19 00:00:00,70.72326953623963,452.1153738634714,400.06114211473164
2013-07-19 02:00:00,74.71901054015004,482.80285343016203,374.50136483569804
2013-07-19 04:00:00,46.74809379886272,381.0263288755708,298.49374849785056
2013-07-19 06:00:00,7.920607147265439e-07,8.743891768286767e-07,1.3110234958720052e-06
2013-07-19 08:00:00,6.062215568963913e-07,7.567160892384507e-07,1.0003959014599876e-06
2013-07-19 10:00:00,6.540180319561941e-07,6.639950304641284e-07,1.0668292779125633e-06
2013-07-19 12:00:00,6.73230576676707e-07,6.250585664069109e-07,1.1268396629264353e-06
2013-07-19 14:00:00,6.974523109498334e-07,6.649306273132847e-07,1.3542610013186858e-06
2013-07-19 16:00:00,1.5124241279105084e-06,2.0054730837500803e-06,9.980418924623231e-05
2013-07-19 18:00:00,34.77323958628445,304.98250307609413,322.47737473639546
2013-07-19 20:00:00,41.34699442067888,378.4134812709108,366.10157204718166
2013-07-19 22:00:00,53.29205251414898,397.9692590829497,425.20692412331704
2013-07-20 00:00:00,70.87639536460219,513.7404534310155,542.0297944363277
2013-07-20 02:00:00,85.67256472791397,587.2124750385226,698.040976841922
2013-07-20 04:00:00,67.59684141553164,481.64873092671013,561.203485287767
2013-07-20 06:00:00,94.65597859360331,287.9951883630641,264.33342113004255
2013-07-20 08:00:00,19.561061901588733,4.031035444655261e-06,17.466855730782505
2013-07-20 10:00:00,11.636404272132495,3.6728457222116234e-06,15.160641542908754
2013-07-20 12:00:00,9.452674216498568,3.5264228986280424e-06,14.763585000600088
2013-07-20 14:00:00,8.317711212525495,3.662855612825111e-06,16.51527288209678
2013-07-20 16:00:00,12.627515557521344,4.914854070520224e-06,346.3084563414351
2013-07-20 18:00:00,45.91186437972302,448.6824084490928,519.7561044612166
2013-07-20 20:00:00,57.95430862400468,547.8797648636141,556.7565948240547
2013-07-20 22:00:00,56.54167137291878,616.812034222344,592.2966326132558
2013-07-21 00:00:00,64.7734774361541,717.3496843196644,688.9387501791316
2013-07-21 02:00:00,70.93813978671831,675.5143815540438,802.2963215563858
2013-07-21 04:00:00,59.54298274663467,533.0063918381978,594.844400502153
2013-07-21 06:00:00,1.4242100166957933e-06,1.6234715128275808e-06,4.540512072279007e-06
2013-07-21 08:00:00,1.0654942339786061e-06,1.2582069598721587e-06,2.7785792029691545e-06
2013-07-21 10:00:00,9.567496832566313e-07,1.1975406505572656e-06,2.4345120816713014e-06
2013-07-21 12:00:00,9.383844440482078e-07,1.1767053226438945e-06,2.419369601690236e-06
2013-07-21 14:00:00,1.0163059430809664e-06,1.2447556685477322e-06,2.778231084548477e-06
2013-07-21 16:00:00,8.755353632975782e-06,1.240174739363076e-05,122.21956305275313
2013-07-21 18:00:00,42.72783677124697,458.1405522099416,605.0218862181505
2013-07-21 20:00:00,233.557381303167,805.2047187882373,776.5486840446782
2013-07-21 22:00:00,327.23046367189465,980.8646906769621,818.2402516276085
2013-07-22 00:00:00,379.3469512770829,1014.829724954626,910.718971384253
2013-07-22 02:00:00,485.6325759089049,1074.815191909643,928.7091083487777
2013-07-22 04:00:00,348.0560279199579,715.69516292299,714.523729134398
2013-07-22 06:00:00,40.101804974513136,381.40084940203576,358.1666569499024
2013-07-22 08:00:00,5.1997770969843595e-06,5.512936269247558e-06,253.85486665040335
2013-07-22 10:00:00,4.599184146108476e-06,4.610323277010147e-06,179.91609642525185
2013-07-22 12:00:00,4.5668581726602916e-06,4.6952579293162795e-06,200.9876216589548
2013-07-22 14:00:00,4.91663748302337e-06,5.089288477791581e-06,261.4814972577712
2013-07-22 16:00:00,34.577630667571164,426.79348904623595,347.53473891526664
2013-07-22 18:00:00,44.123485082576764,619.933881953455,510.4003102708398
2013-07-22 20:00:00,285.51824433704957,822.9210026163587,630.2005606404304
2013-07-22 22:00:00,274.07825389924835,1062.405439475193,621.3915292679004
2013-07-23 00:00:00,305.82480091631606,1014.8488855234187,716.7481681366918
2013-07-23 02:00:00,324.1299610798268,1080.8076294276684,707.9656737910047
2013-07-23 04:00:00,249.74424057459416,804.2254067664082,481.23618176746777
2013-07-23 06:00:00,40.81179260416348,315.4282043247001,160.93970951343687
2013-07-23 08:00:00,6.717669050458773e-06,6.8188188460702e-06,97.28027197173377
2013-07-23 10:00:00,6.0988339644140855e-06,6.786683129708956e-06,20.45828973789603
2013-07-23 12:00:00,6.223538702357534e-06,6.757306731836668e-06,125.2799196888666
2013-07-23 14:00:00,29.254939109258572,407.87037047053946,148.33790006533795
2013-07-23 16:00:00,41.513081700551794,578.7510009076517,349.1188306625998
2013-07-23 18:00:00,246.78119217877915,717.6488127492172,435.796697806309
2013-07-23 20:00:00,179.6605433297445,1176.1570066912036,401.4857016102626
2013-07-23 22:00:00,119.99082993375069,888.1362863235207,419.978518187683
2013-07-24 00:00:00,91.65144702380637,668.1510821385564,444.2583249587054
2013-07-24 02:00:00,131.70948313197533,763.3860985433356,480.36286192383363
2013-07-24 04:00:00,359.17872200988694,596.1940645008909,441.00514734930374
2013-07-24 06:00:00,57.07348034797098,489.7614515552332,339.98637721199356
2013-07-24 08:00:00,54.92333339776985,487.61355634629103,290.4427747123925
2013-07-24 10:00:00,42.33266440673522,335.58338588976227,300.5091561658425
2013-07-24 12:00:00,35.492930431301026,305.05301820736344,340.8791736203466
2013-07-24 14:00:00,33.322869867379325,292.21232663662823,388.83126628273743
2013-07-24 16:00:00,37.026893941340354,348.9312191407179,480.80923395070164
2013-07-24 18:00:00,242.60456076406066,455.0003887396379,692.1711366839787
2013-07-24 20:00:00,299.06368922112,729.2175953248467,837.3218093122194
2013-07-24 22:00:00,346.7376888605244,712.9200000913421,1005.7444851122297
2013-07-25 00:00:00,353.88215496055335,734.4631648134165,1013.5161234047625
2013-07-25 02:00:00,352.69725832377947,719.7814482724943,1071.315028566041
2013-07-25 04:00:00,299.92864872978436,519.329481643759,808.9091031565208
2013-07-25 06:00:00,69.14249668355137,398.10274265803747,429.2060243126015
2013-07-25 08:00:00,37.43489069004643,331.13707877843575,312.00185759368105
2013-07-25 10:00:00,32.285161801033425,325.75947473331934,289.86861246372206
2013-07-25 12:00:00,33.10558379534677,319.3650459685337,311.11567096394595
2013-07-25 14:00:00,36.67374187746688,344.9430680732029,348.4636946140216
2013-07-25 16:00:00,37.477555904875416,441.0582905710017,467.0165190126317
2013-07-25 18:00:00,282.7984689428103,541.7498282571354,798.275610825097
2013-07-25 20:00:00,456.6859128424832,703.1738261322483,925.5958242800732
2013-07-25 22:00:00,458.5724434605032,667.2959719154649,898.4119881096246
2013-07-26 00:00:00,450.096220331794,685.2758675146944,953.9807395296331
2013-07-26 02:00:00,446.5403718074221,680.7095609538467,1017.5321840202838
2013-07-26 04:00:00,447.41295441308466,624.0936753112542,734.3055443543781
2013-07-26 06:00:00,385.0363033525252,773.3531026829341,388.5884659176123
2013-07-26 08:00:00,63.698129681394335,702.2724027939331,290.4728294968457
2013-07-26 10:00:00,46.13357598102917,442.1725811001828,266.9673788872309
2013-07-26 12:00:00,33.86866799532143,367.50793971464407,284.56283314077365
2013-07-26 14:00:00,36.23792311622913,404.30007208235617,330.4730862104247
2013-07-26 16:00:00,210.02744915977516,523.7800535593308,432.78205316880127
2013-07-26 18:00:00,325.8725862057034,679.1126970732798,718.4653905033954
2013-07-26 20:00:00,503.64218942396013,1049.5587571897483,889.0258106419617
2013-07-26 22:00:00,466.8644198659887,1017.5870673549814,980.1850430985794
2013-07-27 00:00:00,474.607203995864,886.6679613278213,1011.9049056915661
2013-07-27 02:00:00,458.28572801982637,842.4450846520971,1024.360085858745
2013-07-27 04:00:00,417.86621349900713,926.1278093806974,756.5124662113943
2013-07-27 06:00:00,89.30442896799708,857.4179639628292,379.141644875505
2013-07-27 08:00:00,70.18150523413199,702.9774849857413,208.56674127829638
2013-07-27 10:00:00,75.25001485272206,477.7283148280671,178.82550638555153
2013-07-27 12:00:00,38.44262471630989,341.41940326559876,179.00636328705951
2013-07-27 14:00:00,34.727957941943345,337.89404986944623,195.23948343128245
2013-07-27 16:00:00,53.23735006714696,471.57853214624566,343.40486857920075
2013-07-27 18:00:00,112.71960203740552,767.696672481095,475.1671104666794
2013-07-27 20:00:00,116.15079092984034,565.6499879030855,463.18919401490257
2013-07-27 22:00:00,66.78000243630446,509.2527850775348,386.1536986680272
2013-07-28 00:00:00,62.02655347344092,407.993770481219,429.51354965977004
2013-07-28 02:00:00,48.43702997963744,400.074266815501,441.95197010016227
2013-07-28 04:00:00,33.972118625945285,418.3923897144886,384.8991424411908
2013-07-28 06:00:00,5.655702629934534e-07,8.887667011692517e-07,1.6187243311466658e-06
2013-07-28 08:00:00,4.876753456666242e-07,8.122530205203948e-07,1.1260121173880543e-06
2013-07-28 10:00:00,5.183321056141421e-07,8.983825636045779e-07,1.1074674622371024e-06
2013-07-28 12:00:00,5.040133728482504e-07,7.859406700543314e-07,1.2111332471357003e-06
2013-07-28 14:00:00,6.126562839530321e-07,7.525723264442409e-07,1.9844505572455255e-06
2013-07-28 16:00:00,32.37190636561811,4.3541972187495175e-05,383.0104285004661
2013-07-28 18:00:00,49.744631058229615,558.4867405180576,533.151669652498
2013-07-28 20:00:00,227.70784011585542,602.0245858511458,687.3240539411943
2013-07-28 22:00:00,146.04453385597344,541.0990607647433,864.0881779675784
2013-07-29 00:00:00,63.75114509024464,477.62246835584904,807.0289307371713
2013-07-29 02:00:00,46.752910483975796,438.3285087953025,747.3307294823171
2013-07-29 04:00:00,34.5568968704952,402.53372330987884,624.3126542847684
2013-07-29 06:00:00,31.00241701072564,270.6071136503658,556.7962499100366
2013-07-29 08:00:00,25.550102679725324,23.50150336605234,465.21229330357943
2013-07-29 10:00:00,26.743593423119503,27.06434243974941,439.17579186163977
2013-07-29 12:00:00,24.723045776167638,31.46219327894157,428.9330895898456
2013-07-29 14:00:00,23.589126149044635,25.398437499565446,507.6242375934541
2013-07-29 16:00:00,24.845675866236753,89.97041469210033,552.3762458955196
2013-07-29 18:00:00,37.604517909901055,392.31248868636436,662.6520097314233
2013-07-29 20:00:00,47.85895002800087,499.58207309775304,637.7559298114764
2013-07-29 22:00:00,37.592821962267664,457.75214626107163,474.9530147734685
2013-07-30 00:00:00,39.14246743582467,456.9661548477348,407.92897283930904
2013-07-30 02:00:00,42.38420624876903,475.1673346568707,357.23189293084533
2013-07-30 04:00:00,41.041943497016234,463.81898674935917,323.1587078470308
2013-07-30 06:00:00,1.0383693979515373e-06,2.2972959314148943e-06,2.1734723450191294e-06
2013-07-30 08:00:00,8.368498030121047e-07,1.4838866312322719e-06,1.5379300065483278e-06
2013-07-30 10:00:00,1.1520934333873367e-06,2.056766667087887e-06,1.5242351097568616e-06
2013-07-30 12:00:00,1.2670275836307165e-06,1.8747826404788025e-06,1.4202679472316202e-06
2013-07-30 14:00:00,1.3151249423697468e-06,1.8060481497657208e-06,1.4864405175562927e-06
2013-07-30 16:00:00,37.81770581064267,153.16763369155666,47.501802035248254
2013-07-30 18:00:00,42.42185322755699,271.8395791965007,371.9964264498943
2013-07-30 20:00:00,37.49339327543778,314.7767326022799,528.061080290978
2013-07-30 22:00:00,40.36899669237714,317.31417550070154,464.2306068533098
2013-07-31 00:00:00,46.04838327215033,324.6494370611146,435.84055256288826
2013-07-31 02:00:00,50.18539403974659,357.36749697171507,412.1852643013125
2013-07-31 04:00:00,62.1612398555595,405.15895455628294,389.47070516293456
2013-07-31 06:00:00,1.2679676309606996e-06,1.1591909064809185e-06,1.97761295518955e-06
2013-07-31 08:00:00,8.199301488126804e-07,8.536155839611192e-07,1.3851921425431287e-06
2013-07-31 10:00:00,8.394843225130462e-07,1.1757955744957843e-06,1.5714293747383516e-06
2013-07-31 12:00:00,8.061555659531019e-07,1.0211987989479562e-06,1.4554911756694793e-06
2013-07-31 14:00:00,9.364463569727939e-07,1.0539469172505674e-06,1.4771988357626697e-06
2013-07-31 16:00:00,44.69234243733215,401.39967464887695,208.38625857512568
2013-07-31 18:00:00,58.52533570724451,472.5125679619099,466.3052462328793
2013-07-31 20:00:00,147.4796651548346,636.5934354778179,723.7649885019548
2013-07-31 22:00:00,119.9993361505283,604.6185571323316,757.2624893900193
2013-08-01 00:00:00,93.7073099789627,578.3175088868002,737.7285525049247
2013-08-01 02:00:00,102.212286156714,565.517153017334,733.8585116164633
2013-08-01 04:00:00,45.655762653445564,472.44107518223774,501.7427728772396
2013-08-01 06:00:00,1.4277087339060033e-06,1.429660675613423e-06,5.256372536373124e-06
2013-08-01 08:00:00,8.295010431952871e-07,8.752049942253891e-07,2.394186658923093e-06
2013-08-01 10:00:00,7.968423993149083e-07,7.869302864555703e-07,2.461799873688967e-06
2013-08-01 12:00:00,7.742999916955151e-07,7.666587857633245e-07,2.4669258539598816e-06
2013-08-01 14:00:00,8.942212924288058e-07,8.112374844888627e-07,4.958909948133886e-06
2013-08-01 16:00:00,29.27930499078091,1.1151675032056654e-06,394.66272554569434
2013-08-01 18:00:00,45.557161369567254,370.2803383070946,734.5290591280642
2013-08-01 20:00:00,47.263160820806775,435.2674966716532,623.4303320294213
2013-08-01 22:00:00,39.64271742448671,406.1403577814464,445.6067781138703
2013-08-02 00:00:00,39.36033895035386,406.6117742907639,433.4909895148912
2013-08-02 02:00:00,40.137086456221326,454.3841626019317,441.10037924006474
2013-08-02 04:00:00,37.014891190785946,402.75961413687384,370.63680678046467
2013-08-02 06:00:00,9.421436763834083e-07,1.1606369979821034e-06,2.62835622634062e-06
2013-08-02 08:00:00,7.392694036792227e-07,8.439606591039082e-07,1.9506154678060386e-06
2013-08-02 10:00:00,6.421440473048919e-07,7.267826745733036e-07,1.4038986602913476e-06
2013-08-02 12:00:00,6.59060679269019e-07,7.350423616199387e-07,1.4475288038923502e-06
2013-08-02 14:00:00,9.623824160321642e-07,8.310410014843512e-07,2.1729498289828724e-06
2013-08-02 16:00:00,26.913673781541664,7.140365321575667e-07,319.41442715193733
2013-08-02 18:00:00,36.85448669673933,3.864412222728529e-05,396.83396426901044
2013-08-02 20:00:00,39.399119637301034,401.667742867414,289.0437320204103
2013-08-02 22:00:00,11.937452754904792,6.331606090915825e-05,259.5466279085319
2013-08-03 00:00:00,50.140033509084844,519.1802034664817,299.94588603501
2013-08-03 02:00:00,44.10662003714043,486.7870756780993,326.18224262214824
2013-08-03 04:00:00,4.703226185529176e-06,1.0393680995831043e-05,24.1429222784535
2013-08-03 06:00:00,6.490567963345334e-07,6.110697839683419e-07,1.3530209111184857e-06
2013-08-03 08:00:00,5.90315742510623e-07,6.081895397880806e-07,1.1614343306192686e-06
2013-08-03 10:00:00,5.650032514140845e-07,5.884472636264488e-07,1.269989104569582e-06
2013-08-03 12:00:00,5.310304749130203e-07,5.622825499218819e-07,1.2128457741495637e-06
2013-08-03 14:00:00,5.607028084388327e-07,5.793377471996512e-07,1.2642420655110916e-06
2013-08-03 16:00:00,6.120542863195153e-07,9.486560863722971e-07,304.1499391633581
2013-08-03 18:00:00,39.689971151160805,414.86316396960336,480.62435378291843
2013-08-03 20:00:00,254.98352617019893,620.4828454386957,634.0540021293644
2013-08-03 22:00:00,292.57871541751604,605.2017829621766,670.3483851977778
2013-08-04 00:00:00,272.81553772825856,626.9939606244511,731.3342146990575
2013-08-04 02:00:00,251.00238367611578,653.0174724704182,820.6080755321416
2013-08-04 04:00:00,47.015865235881,803.573410704659,547.1535597874712
2013-08-04 06:00:00,1.995762593817466e-06,2.301025580922242e-06,1.2926864828608878e-05
2013-08-04 08:00:00,1.0420528408412913e-06,1.0825313651727689e-06,1.1219862982034309e-05
2013-08-04 10:00:00,1.0029117586700116e-06,1.0221796617547165e-06,1.1785338373978969e-05
2013-08-04 12:00:00,1.0064200059712824e-06,1.1225304536362108e-06,1.0773638326807248e-05
2013-08-04 14:00:00,1.152089925919064e-06,1.1379265705339748e-06,1.1738688974094298e-05
2013-08-04 16:00:00,36.29131771461874,401.98872021030553,413.98782105949545
2013-08-04 18:00:00,297.317517704161,552.1624181951537,836.9752284890819
2013-08-04 20:00:00,398.6541209249832,777.4898016439948,994.4413354046071
2013-08-04 22:00:00,338.6948153757827,750.5991145257517,894.5605790404952
2013-08-05 00:00:00,295.9909376411874,733.3928144651402,801.209093181435
2013-08-05 02:00:00,284.7434133348545,665.2475366061,657.4813273051845
2013-08-05 04:00:00,46.61389213921868,630.3756160319963,405.1276882108117
2013-08-05 06:00:00,7.789702916896006e-06,250.45348572168675,1.032149768247158e-05
2013-08-05 08:00:00,3.67951215804236e-06,101.7086145166985,7.1269007559149165e-06
2013-08-05 10:00:00,3.2761858758296376e-06,67.35142033005212,6.757384756577233e-06
2013-08-05 12:00:00,3.3713113508913282e-06,232.89847528859127,4.420377947794476e-06
2013-08-05 14:00:00,5.964361195598894e-06,383.85099514097607,1.0197224866102115e-05
2013-08-05 16:00:00,57.939275313350436,571.7831782368917,305.7787089017925
2013-08-05 18:00:00,88.49022435022991,556.4819606743017,353.75783786657286
2013-08-05 20:00:00,90.16719160282803,492.46963685881644,318.64422782204946
2013-08-05 22:00:00,58.879529064804906,371.63954904239387,325.05751566448356
2013-08-06 00:00:00,41.640563945954774,426.6157360807647,341.5386389224307
2013-08-06 02:00:00,33.3105271395898,502.1585951597726,329.98009650219393
2013-08-06 04:00:00,38.399663635843915,684.6929939260772,276.2388082443152
2013-08-06 06:00:00,9.105828151279004e-07,320.0732934209746,1.672684906469741e-06
2013-08-06 08:00:00,7.687120755587595e-07,40.97575403625613,1.3547471744657397e-06
2013-08-06 10:00:00,8.633912858479511e-07,16.71478418331271,1.4580449504279522e-06
2013-08-06 12:00:00,9.062835113783685e-07,17.778337926127612,1.6103689586720735e-06
2013-08-06 14:00:00,34.640920879314585,29.064189627291,4.153248855623477e-05
2013-08-06 16:00:00,47.90136028947685,425.6609771405586,390.8663360052639
2013-08-06 18:00:00,260.20945258236276,528.9043273308388,656.9863464819528
2013-08-06 20:00:00,401.8550310776007,844.2622715005151,757.2484800514292
2013-08-06 22:00:00,348.6251002764005,688.2691762675721,844.4601788607458
2013-08-07 00:00:00,357.20050983998954,664.0160811963151,844.4834786400646
2013-08-07 02:00:00,335.29036737868347,668.7140849275295,852.6089633056317
2013-08-07 04:00:00,285.19723575018025,579.7411358838256,775.3801757050213
2013-08-07 06:00:00,200.46126973236434,506.6430576232174,613.6101727719278
2013-08-07 08:00:00,47.26738703541434,467.96544886385743,349.47315704146934
2013-08-07 10:00:00,46.08287860071978,512.9809843814218,291.54367385664943
2013-08-07 12:00:00,43.96564866969745,466.126062608295,300.4285310534496
2013-08-07 14:00:00,30.977434107253995,461.6011808727422,333.7819410562909
2013-08-07 16:00:00,28.76187859492303,511.93036548769146,378.96730771367254
2013-08-07 18:00:00,179.4181959559776,641.3533262914189,496.52265645536016
2013-08-07 20:00:00,218.88127599458178,761.7303015127268,476.4842277237172
2013-08-07 22:00:00,226.91891436277777,846.2574922735321,444.65142785038717
2013-08-08 00:00:00,252.0073477641761,796.974712643346,491.43435496462826
2013-08-08 02:00:00,278.94637593427376,796.9667713069426,533.1738113505554
2013-08-08 04:00:00,44.56689941754389,803.6961352131689,460.74455692649985
2013-08-08 06:00:00,33.14928482816345,379.30238146327883,390.50752003678326
2013-08-08 08:00:00,26.46719216600847,330.67503102071595,315.71149677879276
2013-08-08 10:00:00,23.791391519201785,327.7066825175445,266.8175228845039
2013-08-08 12:00:00,24.535885004126087,328.7782730127094,246.2830515010575
2013-08-08 14:00:00,27.38263337046623,352.8598322496708,263.9673794313364
2013-08-08 16:00:00,36.757592625907556,444.705564957462,315.5155323260269
2013-08-08 18:00:00,263.0781499675217,569.838257924146,458.0852527098698
2013-08-08 20:00:00,359.65581187608046,776.665035174757,581.5243918690503
2013-08-08 22:00:00,365.2090106958232,705.9605247650102,623.8991065638967
2013-08-09 00:00:00,337.0542362098141,645.5918856942424,647.7123450640569
2013-08-09 02:00:00,298.83575167526527,618.2719964740596,745.9901853629884
2013-08-09 04:00:00,54.104871552657336,601.0490128221007,740.4345931174406
2013-08-09 06:00:00,37.40891861485006,640.7469153585457,557.7090889549507
2013-08-09 08:00:00,36.72902374630364,443.717375611284,417.34771815517945
2013-08-09 10:00:00,30.894610079340747,325.9013285029635,369.9715132762855
2013-08-09 12:00:00,25.776148790490772,293.61948450317647,372.2323080867843
2013-08-09 14:00:00,35.33201181601895,348.91737359511313,456.1271743612688
2013-08-09 16:00:00,46.28930570769808,334.1426888293824,576.5512758636717
2013-08-09 18:00:00,329.79162823916795,463.0050771042613,897.3747222360231
2013-08-09 20:00:00,406.1734728082361,616.019909254858,951.7545872943373
2013-08-09 22:00:00,336.8129727510063,542.8849915625565,843.3448858915084
2013-08-10 00:00:00,259.8208077601402,519.5470408436377,787.1668625312288
2013-08-10 02:00:00,308.66825823926274,586.42469721547,769.9505536215227
2013-08-10 04:00:00,74.95060983082122,564.0177260150174,522.6666749481122
2013-08-10 06:00:00,63.94054856060094,562.1359982294381,352.6935606619408
2013-08-10 08:00:00,6.909196153558246e-06,87.88351100250536,1.432997727348247e-05
2013-08-10 10:00:00,5.567086712642434e-06,67.79531710061396,1.1734613451159965e-05
2013-08-10 12:00:00,4.522775347354761e-06,70.37487516165739,1.1052412418714963e-05
2013-08-10 14:00:00,4.97305815367729e-06,166.4793198747297,1.13053028745185e-05
2013-08-10 16:00:00,29.977930256701075,458.6373070897735,7.048790876346935e-05
2013-08-10 18:00:00,49.82785311661426,545.5856931779658,360.2248216336387
2013-08-10 20:00:00,84.40659647748784,892.9273158098875,396.02727411934336
2013-08-10 22:00:00,79.80194686653019,620.4961579161201,387.01467917106254
2013-08-11 00:00:00,76.91675699414327,612.347582722435,388.39921646130693
2013-08-11 02:00:00,94.76617031116058,612.1347765465198,429.7835624555072
2013-08-11 04:00:00,60.67999371924768,789.2338607673968,406.6493997938837
2013-08-11 06:00:00,1.1360730894483465e-06,1.4768304574792578e-06,1.7183587931373037e-06
2013-08-11 08:00:00,8.280407987113907e-07,8.525809062091348e-07,1.2453030762565564e-06
2013-08-11 10:00:00,6.989795533384241e-07,9.202087192286696e-07,1.2034010742533656e-06
2013-08-11 12:00:00,5.629731053485292e-07,8.802341601427077e-07,1.1108594036192535e-06
2013-08-11 14:00:00,5.796236316169272e-07,8.228760199399312e-07,1.1303796037820721e-06
2013-08-11 16:00:00,7.63868387264748e-07,1.1508331135601963e-06,6.314066745698269e-06
2013-08-11 18:00:00,55.225108087430726,453.1983501978445,350.29721023210413
2013-08-11 20:00:00,84.67767761273659,626.1915297408477,375.3532139685579
2013-08-11 22:00:00,68.54161206770326,593.2461645236139,342.73721293899507
2013-08-12 00:00:00,78.64850134732501,731.3309198181585,337.600016865958
2013-08-12 02:00:00,79.99716903012936,892.559338775701,338.10700614529196
2013-08-12 04:00:00,55.20321002567981,930.0140945976596,299.6807841845458
2013-08-12 06:00:00,1.3105925212978643e-06,4.8808999985354234e-06,1.5033844646698803e-06
2013-08-12 08:00:00,8.403175762778786e-07,1.7807396691166893e-06,1.1031598040027418e-06
2013-08-12 10:00:00,7.638007785983809e-07,1.4638153224289127e-06,1.2567709993326128e-06
2013-08-12 12:00:00,7.074304110468311e-07,1.3206684602163162e-06,1.2801828171647003e-06
2013-08-12 14:00:00,6.11148638854247e-07,9.825798661690537e-07,1.5135982849203336e-06
2013-08-12 16:00:00,2.4981478064551102e-06,7.917343751840825e-06,116.664591302832
2013-08-12 18:00:00,51.92582615771609,534.9279811288712,401.32749212303946
2013-08-12 20:00:00,63.4382592453535,534.0426877038547,459.03092099788716
2013-08-12 22:00:00,63.682815640767636,496.4116233672095,457.47456380064546
2013-08-13 00:00:00,60.063796196166166,503.7562588133947,407.1234540559606
2013-08-13 02:00:00,58.23593241819959,570.3394930719622,370.3538507783956
2013-08-13 04:00:00,64.21510108949094,574.6137081140196,343.6544846484559
2013-08-13 06:00:00,1.0479936266201297e-06,2.652630388912496e-06,2.39699880794126e-06
2013-08-13 08:00:00,7.450197486805565e-07,1.5675185701105552e-06,1.5816757504257856e-06
2013-08-13 10:00:00,5.038347748290933e-07,2.403158970191377e-06,1.1223592392795803e-06
2013-08-13 12:00:00,5.209953946019836e-07,2.3152656613837173e-06,1.000726947591328e-06
2013-08-13 14:00:00,5.503553697442995e-07,2.4992857384295623e-06,1.0488638681918579e-06
2013-08-13 16:00:00,2.5412734357187236e-06,7.038077409319889e-06,6.434832458451528e-06
2013-08-13 18:00:00,42.8222726846301,624.4749739460137,281.51445514697343
2013-08-13 20:00:00,178.72351990670225,928.4957536599939,296.52922860142564
2013-08-13 22:00:00,53.20608919758646,959.2513582616542,277.720510290084
2013-08-14 00:00:00,95.20658310142275,992.6883658279017,267.8549595882059
2013-08-14 02:00:00,220.49640078335082,1016.6794547293297,286.0819646022064
2013-08-14 04:00:00,335.3354781720038,1058.0269792204076,290.8312193223431
2013-08-14 06:00:00,3.0373118452411204e-06,4.538767162441706e-06,3.8124288390747547e-06
2013-08-14 08:00:00,1.604353307410999e-06,3.3388438733914397e-06,1.7300299954710662e-06
2013-08-14 10:00:00,1.5936834071411563e-06,3.0931989629721136e-06,2.3158934929573546e-06
2013-08-14 12:00:00,1.6569919510276998e-06,2.2802564612632565e-06,3.6630391084146835e-06
2013-08-14 14:00:00,1.7877819347952978e-06,2.520784590570336e-06,5.588209764218269e-06
2013-08-14 16:00:00,34.31616231974724,445.99499257798476,308.11880359973316
2013-08-14 18:00:00,62.027285437672056,637.5646149890924,506.9801080966767
2013-08-14 20:00:00,96.51349760939428,741.6216903817774,602.4767929783443
2013-08-14 22:00:00,90.68341064065133,714.0622434831514,592.3528787043866
2013-08-15 00:00:00,73.64854134075676,645.0257572064208,604.8662038336437
2013-08-15 02:00:00,61.006525804764976,589.833886288597,603.5335421908777
2013-08-15 04:00:00,57.959786178518414,503.7779179028412,496.9928043692005
2013-08-15 06:00:00,70.7128037933434,9.398203471688733e-05,62.492339860732315
2013-08-15 08:00:00,3.5173537247238505e-06,2.998475407210806e-06,1.1163319734450599e-05
2013-08-15 10:00:00,3.082837594759043e-06,2.543603203398597e-06,9.700214279552754e-06
2013-08-15 12:00:00,2.065939660132317e-06,2.2734392421084236e-06,1.0331530529159923e-05
2013-08-15 14:00:00,1.8388474797312067e-06,2.3069562459126713e-06,1.1322983213154433e-05
2013-08-15 16:00:00,29.44363136304361,2.709258129501916e-05,324.3823125429666
2013-08-15 18:00:00,56.781551474871286,560.622387384884,466.29053616484873
2013-08-15 20:00:00,57.84173149811499,677.6488472729047,450.4186891548184
2013-08-15 22:00:00,47.42843890372766,605.6018171960407,404.6370685347046
2013-08-16 00:00:00,47.57093054312697,590.2362734290997,404.3789150070115
2013-08-16 02:00:00,48.19592584498844,647.1004504984863,424.6509664118774
2013-08-16 04:00:00,50.12654875941044,682.7175469985908,365.9064679947889
2013-08-16 06:00:00,9.472761162465495e-07,1.4864899861479116e-06,2.158404212322347e-06
2013-08-16 08:00:00,7.701337270211956e-07,1.2719335702831884e-06,1.67772608679849e-06
2013-08-16 10:00:00,7.179328717141529e-07,1.3009450500064201e-06,1.5428531887417727e-06
2013-08-16 12:00:00,7.380180850846154e-07,1.6185822934910151e-06,1.4776593887253307e-06
2013-08-16 14:00:00,2.0494572846472065e-06,1.1178317114200654e-05,1.8380050245335842e-06
2013-08-16 16:00:00,62.083975438706204,525.0666141227108,308.92558387496587
2013-08-16 18:00:00,61.697367152289054,545.6879770660408,510.63830941251155
2013-08-16 20:00:00,112.69794721858156,633.5712042099573,537.2642382840656
2013-08-16 22:00:00,99.16166504878613,571.5861660208121,542.2327495622453
2013-08-17 00:00:00,70.92070790793962,576.3046724966944,607.8866846938032
2013-08-17 02:00:00,92.79783410117199,599.0004246958478,688.3248699920734
2013-08-17 04:00:00,87.24725283581448,630.2205172697973,604.3407442472736
2013-08-17 06:00:00,6.0700546732432e-06,6.500516683517328e-06,127.30473476414936
2013-08-17 08:00:00,1.6711293245630538e-06,1.6997554137730647e-06,7.359008379403179e-06
2013-08-17 10:00:00,1.4041332330572181e-06,1.3899888426095717e-06,6.573563275795838e-06
2013-08-17 12:00:00,6.742856491683568e-07,6.673982929939836e-07,1.8670624450119585e-06
2013-08-17 14:00:00,9.080566152006286e-07,9.640542858134135e-07,6.0957311493772415e-06
2013-08-17 16:00:00,0.9969420670768177,1.331570889050688e-05,327.8921206186304
2013-08-17 18:00:00,44.71950071039589,66.9395383056503,515.5325507110002
2013-08-17 20:00:00,39.49977050845107,406.31999276950245,495.64692792188674
2013-08-17 22:00:00,25.468516108649254,3.369991442799643e-05,383.51939618765846
2013-08-18 00:00:00,3.467223788993692e-06,1.0909714131304894e-05,357.3940246486346
2013-08-18 02:00:00,3.1647541746380354e-06,8.708759406357538e-06,341.9530647051231
2013-08-18 04:00:00,3.0420415422373996e-06,7.16744725396372e-06,298.9590702242397
2013-08-18 06:00:00,5.634896257826258e-07,1.4043366348396925e-06,5.257441617957211e-06
2013-08-18 08:00:00,6.818846494663274e-07,2.2414171138893414e-06,1.9945685366048305
2013-08-18 10:00:00,1.1259309161006769e-06,2.684011489170479e-06,49.06420926590065
2013-08-18 12:00:00,6.659701471511878e-07,9.828154991070842e-07,3.823287912668574e-06
2013-08-18 14:00:00,7.04981385500561e-07,9.865153706463065e-07,5.673816915150588e-06
2013-08-18 16:00:00,4.027014141598032e-06,5.221800878048474e-06,69.19128267476441
2013-08-18 18:00:00,330.11536961574757,472.4807532761082,560.554236738421
2013-08-18 20:00:00,341.7269929327701,492.0880002093928,689.0654361459978
2013-08-18 22:00:00,317.228665485117,503.317018063816,767.7698927198542
2013-08-19 00:00:00,302.96745718895613,530.5209820642178,836.3390224203946
2013-08-19 02:00:00,330.73861446440253,535.5883998336898,909.8321468325787
2013-08-19 04:00:00,321.74894309689046,522.2963354436168,927.3803725453677
2013-08-19 06:00:00,198.16883381355072,287.67452000393473,781.0315817661913
2013-08-19 08:00:00,38.287233917355856,53.28698928124308,548.2709829675141
2013-08-19 10:00:00,29.53398271464432,130.35632756104872,442.7025906176822
2013-08-19 12:00:00,24.27106248148244,133.1986855783678,402.3402469322656
2013-08-19 14:00:00,23.04953490201082,146.05603460170659,403.37388452777446
2013-08-19 16:00:00,27.857322341465554,281.1907145589658,502.64718917475847
2013-08-19 18:00:00,222.5305697785321,522.7885553320355,598.7853576796725
2013-08-19 20:00:00,297.1827342598944,722.8598579118842,592.7381732123972
2013-08-19 22:00:00,369.6758519351278,776.483738933777,563.6568212877894
2013-08-20 00:00:00,357.8720394890067,791.7258826262283,635.6383839553591
2013-08-20 02:00:00,354.5839342223466,792.476274831478,671.9021861830668
2013-08-20 04:00:00,399.2898639471561,1017.3694525304957,665.5055031175734
2013-08-20 06:00:00,340.8296526554796,653.5583501841587,347.9748751484794
2013-08-20 08:00:00,57.79455435139023,508.863897836735,282.1262743141874
2013-08-20 10:00:00,43.01514424147926,350.8351074727545,292.5096480840716
2013-08-20 12:00:00,44.00099098196359,381.54453045153895,310.0230099411944
2013-08-20 14:00:00,43.26146494832876,397.3637557033944,325.9812521128181
2013-08-20 16:00:00,236.41044794295505,440.73811582926743,503.56696900257083
2013-08-20 18:00:00,272.0365351444745,596.1189605501672,771.6336759126885
2013-08-20 20:00:00,353.3082508456054,726.7542045099646,841.7332088502424
2013-08-20 22:00:00,326.89751604853194,714.8391185673256,841.1647334491695
2013-08-21 00:00:00,316.27366198353917,723.501525622163,813.8400890259767
2013-08-21 02:00:00,313.1211730652275,723.5931912989629,807.1738540558408
2013-08-21 04:00:00,295.1999853941944,710.9874636087959,807.4947080691306
2013-08-21 06:00:00,47.23937671571179,422.45326857911,363.62529412723285
2013-08-21 08:00:00,35.878130057417756,336.0974133021978,253.70656026130823
2013-08-21 10:00:00,31.697392246698097,306.6279632115014,164.18575828546938
2013-08-21 12:00:00,30.624738178014145,308.9977488880145,240.15425668049934
2013-08-21 14:00:00,34.03732098020456,324.622572341164,288.9382708516119
2013-08-21 16:00:00,219.85293421175103,427.71384228536203,519.5099581431522
2013-08-21 18:00:00,346.521002891381,695.9233632207334,883.8943525334257
2013-08-21 20:00:00,502.6221578793211,748.2808824044307,980.0506193647616
2013-08-21 22:00:00,496.8807676563058,750.7991361018557,979.4154255505151
2013-08-22 00:00:00,462.19552949711033,752.0563264511533,959.0156189837014
2013-08-22 02:00:00,440.2403938246133,761.3540671974381,979.3880901616625
2013-08-22 04:00:00,463.31072695010397,778.0353937058564,1024.7278580483758
2013-08-22 06:00:00,346.8583030931628,804.2559748914432,454.0655625658419
2013-08-22 08:00:00,230.20460343002387,571.8648875269345,282.92020821321546
2013-08-22 10:00:00,203.7681780083308,538.9720624881396,251.85429548737827
2013-08-22 12:00:00,208.08783575697493,584.18460491306,262.8972659629978
2013-08-22 14:00:00,243.1681174827901,639.6266304210728,310.66130113505767
2013-08-22 16:00:00,268.5284106030524,575.440233242284,586.6186015817075
2013-08-22 18:00:00,331.0939593495951,623.975404909982,784.3000741048472
2013-08-22 20:00:00,332.80942437691317,652.6510465394356,700.7478220027651
2013-08-22 22:00:00,315.5151563528608,647.5520571170193,606.0182980391455
2013-08-23 00:00:00,317.681019387653,676.8593272175905,616.2569699736556
2013-08-23 02:00:00,332.1370333482169,670.6276932168869,677.1854884850561
2013-08-23 04:00:00,335.6215284621884,644.8679206572754,680.8794177347487
2013-08-23 06:00:00,57.06930489726724,427.2503719444934,390.4537310392844
2013-08-23 08:00:00,31.906863266968706,46.16886744843147,269.4481625527926
2013-08-23 10:00:00,26.15907488497752,0.00010092074051687147,178.94145702623865
2013-08-23 12:00:00,24.537001709603413,10.265992609541117,217.8113174554601
2013-08-23 14:00:00,25.700485659319366,235.13570961546208,260.86672590321393
2013-08-23 16:00:00,33.877915499802135,396.6011856203258,296.84390448363
2013-08-23 18:00:00,77.02104223179155,553.1157632543636,311.31376726452964
2013-08-23 20:00:00,70.98881905180728,520.4271814982956,290.6134480664977
2013-08-23 22:00:00,68.26776901086755,515.4928698012243,284.5140517288768
2013-08-24 00:00:00,64.21073050862772,502.6300547589681,303.3053260469377
2013-08-24 02:00:00,61.60809957897998,485.4559402918272,322.0532246674857
2013-08-24 04:00:00,39.73770128587053,521.9097253830387,326.0114029184494
2013-08-24 06:00:00,35.954445897798834,699.5944422863515,47.77149780535423
2013-08-24 08:00:00,34.10146051432015,797.7263647968248,35.15242001877668
2013-08-24 10:00:00,30.589632771917046,651.0319874227476,29.594083045744114
2013-08-24 12:00:00,26.774677502747135,637.2481997968721,32.14817653710751
2013-08-24 14:00:00,34.4377330237307,695.1305741486292,161.1930996774446
2013-08-24 16:00:00,65.9447159781359,694.4818031814409,286.80676737462693
2013-08-24 18:00:00,321.01354724254685,1041.8989307271322,294.5957301527612
2013-08-24 20:00:00,305.0742828890132,1068.922147233322,280.7882097236329
2013-08-24 22:00:00,348.33575945094697,946.3522707776393,284.8694533574526
2013-08-25 00:00:00,304.2009230327168,912.1411556140849,312.13584462553473
2013-08-25 02:00:00,332.87833538586375,862.3218349717939,333.234180311063
2013-08-25 04:00:00,370.598536499902,727.0160505892545,348.2865801822914
2013-08-25 06:00:00,3.2525664333709894e-05,3.388818131095229e-05,137.46080995525492
2013-08-25 08:00:00,1.5391522898145626e-05,1.3701347605477396e-05,90.25605066644827
2013-08-25 10:00:00,1.2863067275363476e-05,1.4270437483665274e-05,75.44319224980512
2013-08-25 12:00:00,1.2135293450173923e-05,1.344759828107709e-05,69.26020976007916
2013-08-25 14:00:00,32.811581324101205,95.39253232289175,72.92469495637815
2013-08-25 16:00:00,43.129193806206004,514.7856927345516,262.9947554645464
2013-08-25 18:00:00,47.818818593164586,837.1569040095328,273.6739993172897
2013-08-25 20:00:00,40.60336217472761,891.3000948561801,265.9969793394003
2013-08-25 22:00:00,41.05066343640716,863.2097011348515,270.181428263052
2013-08-26 00:00:00,47.645810512425804,846.1736275047631,309.59850471592887
2013-08-26 02:00:00,56.75581481902246,780.7901900387708,332.9362570924871
2013-08-26 04:00:00,251.47487994225014,656.3981180896834,386.51148220405673
2013-08-26 06:00:00,1.0203322122563043e-05,1.183483722558836e-05,258.5033146365259
2013-08-26 08:00:00,4.77569787495419e-06,4.319304019614001e-06,72.88003751073764
2013-08-26 10:00:00,4.52899913629208e-06,4.23199917563605e-06,0.0011148964248117131
2013-08-26 12:00:00,4.17587611106739e-06,3.972558224052153e-06,54.589265062114265
2013-08-26 14:00:00,4.599352561887561e-06,5.1984577107047665e-06,217.47514533261085
2013-08-26 16:00:00,36.50881627063313,389.9281895135765,303.0431951398883
2013-08-26 18:00:00,208.66005317773292,516.8250910681967,434.63734210833394
2013-08-26 20:00:00,212.73587761412043,590.6619833991755,423.58935876456906
2013-08-26 22:00:00,216.66801083279825,552.4675687483726,466.6126846221805
2013-08-27 00:00:00,285.30118100146643,626.5385596164773,552.0153898103492
2013-08-27 02:00:00,284.02064588287664,836.6061818589098,602.384145873323
2013-08-27 04:00:00,370.10400582557867,980.9430235050479,664.2692749328901
2013-08-27 06:00:00,206.97157928957697,655.0330114605204,583.7228506888155
2013-08-27 08:00:00,34.42959686106496,486.0597307236875,415.1872453223515
2013-08-27 10:00:00,27.569568021111042,422.9657574458584,397.656361714777
2013-08-27 12:00:00,28.662770917215262,375.70076342326365,434.2582459103005
2013-08-27 14:00:00,162.2449045277239,397.5196625153556,528.9823429200136
2013-08-27 16:00:00,178.4327830938148,429.48070114525547,611.9322728763666
2013-08-27 18:00:00,254.40939817429287,488.2327023264339,715.1556349263292
2013-08-27 20:00:00,288.8330944366505,707.9506203899521,734.0134859949054
2013-08-27 22:00:00,288.4692476174416,682.9826800722601,731.3023080752225
2013-08-28 00:00:00,335.0417775771306,756.4969828395798,844.0592682159817
2013-08-28 02:00:00,386.1392990151332,799.1379012514337,920.0202264827526
2013-08-28 04:00:00,404.9576115655304,787.10393193996,887.3744635936354
2013-08-28 06:00:00,204.01240287526346,416.98531252655795,662.9799724755994
2013-08-28 08:00:00,167.40207052908,363.13700090283925,479.38607720531684
2013-08-28 10:00:00,173.27752117956436,370.7192219363567,444.21242006785803
2013-08-28 12:00:00,184.23127863388515,383.400691704371,474.83170220159974
2013-08-28 14:00:00,184.7727579052895,371.2646229949619,498.437315787872
2013-08-28 16:00:00,177.43795154154193,441.63127556010033,620.1873212479932
2013-08-28 18:00:00,242.59788372739402,542.858199134713,850.2959412165369
2013-08-28 20:00:00,302.3083436120553,680.6668109081702,936.1076853382207
2013-08-28 22:00:00,336.0444306810206,755.7155908276841,978.4156344191924
2013-08-29 00:00:00,357.29736691406885,797.0272765567688,955.8445826108813
2013-08-29 02:00:00,352.65072264574206,801.4153222344665,904.4142169656612
2013-08-29 04:00:00,341.16156387887526,786.7660114909406,879.2251275770436
2013-08-29 06:00:00,111.23638099495807,549.9288753480138,386.8666450456588
2013-08-29 08:00:00,40.25785154816727,454.07560477452097,262.06604280235615
2013-08-29 10:00:00,30.85344481911539,320.5091239324093,242.14493406648901
2013-08-29 12:00:00,27.94260221918464,320.60647445962263,258.48760964204615
2013-08-29 14:00:00,29.10245093230531,344.1295218591507,295.1535788560277
2013-08-29 16:00:00,199.38862857073698,464.70396559863616,521.9417041619713
2013-08-29 18:00:00,271.73072596140145,621.5320630063726,785.6452609681859
2013-08-29 20:00:00,330.5804716759158,697.0003943190435,852.9186441209401
2013-08-29 22:00:00,302.68930445972825,649.9310401492743,824.3873513847075
2013-08-30 00:00:00,279.84235046589737,717.0099763573321,797.3012588894837
2013-08-30 02:00:00,268.4851515302701,797.5321399404723,766.4655510326347
2013-08-30 04:00:00,267.6749956449907,910.2042313006027,727.4912599837866
2013-08-30 06:00:00,57.96264629581861,566.4576303916516,327.7676048844296
2013-08-30 08:00:00,33.360637998383574,356.2594068365081,115.45169515997023
2013-08-30 10:00:00,30.002019398504505,343.0890208552908,100.11061755218304
2013-08-30 12:00:00,27.743251511367596,322.2462057551739,154.42459421033422
2013-08-30 14:00:00,28.30404869796947,273.9013331740784,275.54473396910436
2013-08-30 16:00:00,34.45661879818866,298.91009741033747,391.7144742408597
2013-08-30 18:00:00,248.70901306129142,403.998646660557,703.17733190969
2013-08-30 20:00:00,228.48017572003164,446.6314278241054,638.8966608525059
2013-08-30 22:00:00,202.0686987402047,542.3343894287393,531.3258692251691
2013-08-31 00:00:00,221.4149717482315,602.7489743582482,511.15820273977954
2013-08-31 02:00:00,247.55958252073452,588.734578265326,512.3434887614014
2013-08-31 04:00:00,291.50565701986216,579.244594198274,503.76059367138026
2013-08-31 06:00:00,1.9275503898084077e-06,3.6304586966393836e-06,2.342363907242474e-06
2013-08-31 08:00:00,8.899272530116528e-07,1.2433340143782385e-06,1.534224196935709e-06
2013-08-31 10:00:00,5.778033921950345e-07,9.618823199297715e-07,1.5352653873166938e-06
2013-08-31 12:00:00,4.789686529815949e-07,8.645032481104742e-07,1.374119387373276e-06
2013-08-31 14:00:00,5.313935094195226e-07,7.649192081219444e-07,1.5009451347158855e-06
2013-08-31 16:00:00,9.911823530317601e-07,1.7423508985541927e-06,1.6655344731887593e-05
2013-08-31 18:00:00,39.20935713632487,517.7400305039782,286.57426242109506
2013-08-31 20:00:00,50.66224349798099,727.5368483081642,304.2392586889863
2013-08-31 22:00:00,65.80364402672217,887.6793724016277,325.397093376592
2013-09-01 00:00:00,68.28340869805095,807.3702675703654,336.77956543633104
2013-09-01 02:00:00,82.36114947627215,759.1223681382415,368.16355960676077
2013-09-01 04:00:00,64.05357366934314,778.4951033050627,366.1032677632545
2013-09-01 06:00:00,1.2079434655950334e-06,1.9629746768898476e-06,2.2201528978250262e-06
2013-09-01 08:00:00,5.718000146746468e-07,9.384744606168329e-07,1.3332657519199603e-06
2013-09-01 10:00:00,4.808398716349609e-07,9.518625199855704e-07,1.1525393181037864e-06
2013-09-01 12:00:00,5.034400759082956e-07,8.738870414125457e-07,1.0269972256629202e-06
2013-09-01 14:00:00,4.942053435409092e-07,7.899823054871707e-07,1.023207416662741e-06
2013-09-01 16:00:00,9.39262983005744e-07,7.781967017482142e-06,2.701498669292803e-06
2013-09-01 18:00:00,4.020818622826618e-06,357.3548113350961,6.563534291677759
2013-09-01 20:00:00,4.118316932245539e-06,419.2282378568106,7.262114282105802
2013-09-01 22:00:00,3.945636455377516e-06,309.04789459717847,7.103053050180416
2013-09-02 00:00:00,2.677399574216355e-06,226.3968279022672,0.9977995492082854
2013-09-02 02:00:00,3.4829076553877523e-06,257.52426270742683,2.608984833919051
2013-09-02 04:00:00,3.5595996883842937e-06,350.3029108181113,6.111386977078404
2013-09-02 06:00:00,5.247576854612161e-07,8.178876724591969e-07,9.952079430327322e-07
2013-09-02 08:00:00,5.939211385679344e-07,6.833279056018228e-07,8.577048598111216e-07
2013-09-02 10:00:00,5.921159776960457e-07,6.617872440588398e-07,8.539463306040729e-07
2013-09-02 12:00:00,5.968035462882294e-07,5.957133428944523e-07,8.240239752096281e-07
2013-09-02 14:00:00,5.94995176521963e-07,6.438911571779998e-07,8.1489821231186e-07
2013-09-02 16:00:00,5.651643783954668e-07,74.78835339011388,9.780842880115433e-07
2013-09-02 18:00:00,34.115678311449926,572.9333375803174,201.9652061037262
2013-09-02 20:00:00,44.635607045487156,721.2239041750299,215.41851088424224
2013-09-02 22:00:00,59.38908129698041,664.3433805663943,241.6257544220514
2013-09-03 00:00:00,204.80281943259249,707.8489200481102,267.6225879258333
2013-09-03 02:00:00,290.20489219830824,800.5055415484373,308.84875346957915
2013-09-03 04:00:00,327.26056000839395,1161.127399918116,388.89462613308206
2013-09-03 06:00:00,45.172252242652725,423.8558639164712,273.7354657663479
2013-09-03 08:00:00,33.404963162223055,328.15414742938907,204.49432485408414
2013-09-03 10:00:00,32.491249450395934,308.3089429102542,244.6031537301409
2013-09-03 12:00:00,35.1252720405668,332.11766503572505,253.59074078364824
2013-09-03 14:00:00,41.59774449600278,354.2754088007026,302.0219069142162
2013-09-03 16:00:00,253.87264890243378,453.1667992642989,541.7876632569787
2013-09-03 18:00:00,301.2818266921019,591.8203515913098,838.3183131146396
2013-09-03 20:00:00,383.94934864254594,606.8298674202132,933.6874066590359
2013-09-03 22:00:00,401.13365530403127,598.7477660819791,966.1644308878493
2013-09-04 00:00:00,391.83138586627825,618.5430576553761,984.2012419805061
2013-09-04 02:00:00,381.6449891896747,657.632712697121,1008.2435105627086
2013-09-04 04:00:00,402.2019045445268,687.6226201186779,1012.9791861302692
2013-09-04 06:00:00,49.88425822642156,397.7147675516375,468.44507545025994
2013-09-04 08:00:00,35.12975087504679,322.0378010033465,302.23544670991976
2013-09-04 10:00:00,30.51543024275861,298.5040763928978,277.19902472593697
2013-09-04 12:00:00,29.696539118899466,308.5683052089892,282.7891555313996
2013-09-04 14:00:00,31.40444923825249,322.8890207344317,312.8124341929288
2013-09-04 16:00:00,203.17263467554804,430.0341534920724,542.6825694488773
2013-09-04 18:00:00,234.2151203486981,566.1406460970093,773.4369101841997
2013-09-04 20:00:00,210.03009579279365,538.2633468752185,719.9451942106031
2013-09-04 22:00:00,201.63573494556522,510.62708411041103,634.7610754215568
2013-09-05 00:00:00,221.96986798448728,587.5529422213491,605.3009346608133
2013-09-05 02:00:00,297.65874704044353,604.9291130896797,578.450870130439
2013-09-05 04:00:00,293.6074399275819,623.4852962230664,533.6488130707378
2013-09-05 06:00:00,1.4782674750932838e-05,104.35886070912147,3.5234122468853094e-05
2013-09-05 08:00:00,1.7993138774940308e-06,2.4366837567149283e-06,6.066258212689659e-06
2013-09-05 10:00:00,1.6756147066409372e-06,2.428175669650676e-06,5.64340962649229e-06
2013-09-05 12:00:00,1.4777486224431067e-06,2.435909077169024e-06,4.863042550565588e-06
2013-09-05 14:00:00,2.0943658606775154e-06,4.475423787700567e-06,6.080728582572436e-06
2013-09-05 16:00:00,38.724706636052666,427.621818817104,270.51359527590046
2013-09-05 18:00:00,249.52497641126632,614.565726346673,373.16569042710466
2013-09-05 20:00:00,234.4860482228817,699.7885386893638,353.0517031994608
2013-09-05 22:00:00,225.21205474959908,664.6065954707785,347.74244617146
2013-09-06 00:00:00,224.07396886680382,691.8767075429877,357.4134992809003
2013-09-06 02:00:00,223.72720087131685,624.6421205770728,361.50832268970623
2013-09-06 04:00:00,209.65355534069565,688.280422867486,359.87544438169493
2013-09-06 06:00:00,9.119573452237031e-07,297.41886822219766,1.999479467805629e-06
2013-09-06 08:00:00,7.791976677170504e-07,1.890806533384121e-05,1.2919758592157008e-06
2013-09-06 10:00:00,7.141733633893514e-07,228.50503314529817,1.2668355798156562e-06
2013-09-06 12:00:00,34.87286827260077,537.1535996134583,1.422064387178825e-06
2013-09-06 14:00:00,43.28676881331252,423.72506274179307,3.4289407055274555e-06
2013-09-06 16:00:00,170.121292880781,523.3783189315625,255.75294069793748
2013-09-06 18:00:00,326.1107146931345,807.0417495494708,422.1261891196614
2013-09-06 20:00:00,368.82899744001395,761.8497423370253,451.29741905627753
2013-09-06 22:00:00,367.26791348526683,859.1178924512793,483.88522102868154
2013-09-07 00:00:00,385.06108870987475,925.1794158327775,503.30557148309106
2013-09-07 02:00:00,383.0890525333838,969.9155085329398,553.0962734355652
2013-09-07 04:00:00,405.0578232987993,775.5625196993657,595.416655423284
2013-09-07 06:00:00,69.41487223753828,164.2439743374253,290.71663199499193
2013-09-07 08:00:00,10.585928897148287,0.00012380097114292083,214.8875432859398
2013-09-07 10:00:00,7.99720969371525,0.00013680045135412833,187.9137632699001
2013-09-07 12:00:00,10.71674502843868,0.0001618800929385919,207.6383174509516
2013-09-07 14:00:00,48.366960510793795,0.00014661242284599976,311.8437922685766
2013-09-07 16:00:00,274.27387225666257,518.3950173859251,539.3289655753591
2013-09-07 18:00:00,347.1099191782232,1014.2934032491615,573.6624358489893
2013-09-07 20:00:00,353.0321367491309,1138.4803691421953,549.5070026905433
2013-09-07 22:00:00,329.91747520369495,1187.8608817256481,497.82572117038575
2013-09-08 00:00:00,316.214226279474,1214.0277753433857,493.71841993053397
2013-09-08 02:00:00,340.1901492857867,1131.617064563035,453.77983374866
2013-09-08 04:00:00,297.4366871148986,1074.5051286029254,407.3340125394487
2013-09-08 06:00:00,46.24319117253411,270.13605823855704,1.609500392617874e-05
2013-09-08 08:00:00,1.1962532278496409e-05,211.93206730237793,1.3314234632563465e-05
2013-09-08 10:00:00,1.1714046330911103e-05,218.27472641501998,1.4302683429629873e-05
2013-09-08 12:00:00,1.0654972899632657e-05,423.944337572428,1.6010969626054396e-05
2013-09-08 14:00:00,36.04190316313956,553.8283970163135,350.72143859044195
2013-09-08 16:00:00,269.0268808357833,573.0040669607904,528.9644490736008
2013-09-08 18:00:00,415.03607909658405,958.134166871324,615.0196253229448
2013-09-08 20:00:00,398.2059900062717,970.853160577929,697.3374942185374
2013-09-08 22:00:00,380.7237521443386,831.3125607057357,761.4042424596548
2013-09-09 00:00:00,409.4470820232329,788.2960527168375,739.9037862387345
2013-09-09 02:00:00,415.54477127502076,808.5831419429067,703.4399007473169
2013-09-09 04:00:00,380.26626817096906,804.2389104606101,687.8366683796501
2013-09-09 06:00:00,172.60891760813803,443.2948152667421,461.32727588236213
2013-09-09 08:00:00,168.09596595051647,344.7791611648163,276.7267677160451
2013-09-09 10:00:00,173.71533682181268,337.83131161749634,248.4545760563567
2013-09-09 12:00:00,203.83998152440438,417.73667332168134,235.5248751925186
2013-09-09 14:00:00,282.7708420513123,508.97019833105594,250.9478690133204
2013-09-09 16:00:00,284.1386344494737,501.80276041415027,429.5511949945087
2013-09-09 18:00:00,346.40845618434304,440.73460073134993,622.345745192158
2013-09-09 20:00:00,343.60661860832073,453.831755512153,675.8451101946221
2013-09-09 22:00:00,323.1429616377228,406.6760489745656,638.145060552253
2013-09-10 00:00:00,281.7229578905368,400.2047907503601,639.0500461265744
2013-09-10 02:00:00,255.97393164291287,424.96272657616015,621.0880607486132
2013-09-10 04:00:00,242.63775148375393,379.1874572404944,615.6275078530678
2013-09-10 06:00:00,206.74710370263503,340.81836553554484,547.9149499428205
2013-09-10 08:00:00,184.19502314356123,297.07843336234515,482.48234174492046
2013-09-10 10:00:00,173.97463344238125,284.35739399869453,455.7444235533699
2013-09-10 12:00:00,136.2937372684126,180.58849912077088,465.2753855782218
2013-09-10 14:00:00,134.74454404520822,186.41481455012013,450.04849509876055
2013-09-10 16:00:00,166.3876763698286,281.3118237677854,491.00912348200745
2013-09-10 18:00:00,191.50320166639742,349.17809917129097,549.2400993669552
2013-09-10 20:00:00,205.63300112018752,332.9793231368609,521.347955234096
2013-09-10 22:00:00,219.06258475384217,308.0082380792186,508.1604789593226
2013-09-11 00:00:00,209.32206412846213,307.9695637376581,464.36529772382767
2013-09-11 02:00:00,207.58313678729203,318.14282051396185,470.37640207923926
2013-09-11 04:00:00,201.25722101448838,379.338190737826,484.46465973355976
2013-09-11 06:00:00,136.02803889024827,332.4692578133632,385.5280658132376
2013-09-11 08:00:00,140.3305513871392,369.829980528777,320.51437341156543
2013-09-11 10:00:00,146.70069566887298,357.57561945029,410.0199552294871
2013-09-11 12:00:00,140.8294282690514,346.5517702131068,427.28620640686825
2013-09-11 14:00:00,134.82120078334734,364.58520709718704,438.65232565524406
2013-09-11 16:00:00,159.72693433668599,348.2705204808307,503.8109650946483
2013-09-11 18:00:00,200.54961211215874,405.19009957090054,626.421178645946
2013-09-11 20:00:00,256.50500136298393,456.79943486323754,696.9789942266974
2013-09-11 22:00:00,277.927311668722,483.76958042464406,722.9355087436203
2013-09-12 00:00:00,330.101659982671,563.7466550628565,779.2740972040718
2013-09-12 02:00:00,338.11033326447034,597.8452718294687,833.5833179630523
2013-09-12 04:00:00,389.32768372331856,646.884940706064,881.1415401075924
2013-09-12 06:00:00,247.5503638915163,507.2188617038939,781.0301358212799
2013-09-12 08:00:00,177.49169542146396,405.9402064313073,654.997777083977
2013-09-12 10:00:00,165.97084239108224,425.96109860739546,616.5380457701965
2013-09-12 12:00:00,154.43501575945365,377.0437724495707,576.8275649296147
2013-09-12 14:00:00,177.47915226684194,408.0315072691373,616.7819988849947
2013-09-12 16:00:00,207.96003423618203,484.79504003109696,747.8711277207423
2013-09-12 18:00:00,297.7803504373767,628.5717717708673,924.0284687023565
2013-09-12 20:00:00,336.7124208310269,680.3743035072328,979.4669295766745
2013-09-12 22:00:00,316.8455793633375,669.3924861706047,899.6752052211016
2013-09-13 00:00:00,318.22228469628175,624.9613088268019,919.1831320853819
2013-09-13 02:00:00,311.467879579967,651.7421962941672,925.73846425821
2013-09-13 04:00:00,307.036530429315,616.2771475579444,946.8151762949432
2013-09-13 06:00:00,285.5854711537888,542.027508845768,723.5036030383183
2013-09-13 08:00:00,200.9381222185412,425.4054970686287,537.8394396812869
2013-09-13 10:00:00,189.03347366763506,384.2124119053482,477.5406207170675
2013-09-13 12:00:00,183.14815699118796,384.087819523449,456.4220998530302
2013-09-13 14:00:00,201.00850283139178,535.9545474091435,482.34414964830455
2013-09-13 16:00:00,233.02007492611133,669.4705793435803,593.4583947718667
2013-09-13 18:00:00,259.00189769235254,716.2219716196332,695.2224904664248
2013-09-13 20:00:00,263.5340421347879,533.1160868980078,629.1024314339846
2013-09-13 22:00:00,284.15485817195594,480.7622155937455,611.5483741664636
2013-09-14 00:00:00,304.21220427174677,440.8915192718157,639.8459134708431
2013-09-14 02:00:00,277.2139464127993,386.5329242551401,640.2169140203699
2013-09-14 04:00:00,199.8905808738449,418.6049890038189,670.3108236657612
2013-09-14 06:00:00,38.60111397020781,363.9618648654888,537.9035970465671
2013-09-14 08:00:00,33.683952317106325,299.3784928242745,353.15449036176153
2013-09-14 10:00:00,35.06886459585822,334.0467731668471,296.0768122688326
2013-09-14 12:00:00,27.366995815007357,333.30926771178576,292.66920783869983
2013-09-14 14:00:00,27.416582782929833,417.7868048746309,332.7312703434296
2013-09-14 16:00:00,140.44647364712242,486.76519974310105,443.35399918564855
2013-09-14 18:00:00,180.33496808653274,594.8977755051321,432.76718171835245
2013-09-14 20:00:00,208.98734736066706,673.8262915498037,438.12514257504915
2013-09-14 22:00:00,217.3195187693158,740.6438349322972,443.301619172487
2013-09-15 00:00:00,207.40447587793753,793.4689661356413,453.1070498259933
2013-09-15 02:00:00,225.05052012678146,801.4507585308136,453.7339114916004
2013-09-15 04:00:00,254.79055644401282,891.7255267634565,461.0143969242237
2013-09-15 06:00:00,1.4807982908737312e-05,0.0036188761226446523,383.8739931663538
2013-09-15 08:00:00,2.540197753052276e-06,4.820526005655006e-06,317.12564623018324
2013-09-15 10:00:00,2.2085388503695654e-06,3.7769604255837543e-06,272.8816282282796
2013-09-15 12:00:00,1.8341174417130357e-06,2.6867846754577284e-06,266.21060237660015
2013-09-15 14:00:00,1.987288827386503e-06,4.693140532341819e-06,275.4771994323181
2013-09-15 16:00:00,5.177898445758775e-06,1.8920662684513006e-05,377.1699175459551
2013-09-15 18:00:00,4.2848606902747815e-06,1.2124079966056725e-05,409.8407136960019
2013-09-15 20:00:00,1.8545225778118235e-06,4.336890273850163e-06,341.0307408872837
2013-09-15 22:00:00,1.5964027868337742e-06,3.928524872397724e-06,245.7398231458707
2013-09-16 00:00:00,1.7210142404163818e-06,4.079949706966131e-06,224.9576681028838
2013-09-16 02:00:00,2.3367211989050903e-06,3.377348368588364e-06,211.44205316049167
2013-09-16 04:00:00,4.273518482126426e-06,4.718183594183153e-05,214.69973035709734
2013-09-16 06:00:00,7.420713133993499e-07,1.2721837057967136e-06,101.57611096834825
2013-09-16 08:00:00,5.208345802187976e-07,6.386987900705504e-07,95.06035131088127
2013-09-16 10:00:00,5.300443733464197e-07,6.757760120859591e-07,99.74817518683771
2013-09-16 12:00:00,5.589906819820314e-07,6.825575088264415e-07,101.44701515271247
2013-09-16 14:00:00,5.016479952320716e-07,7.854824324618921e-07,235.9850811335661
2013-09-16 16:00:00,25.885866419912183,303.23083571201005,378.19432968565917
2013-09-16 18:00:00,60.6570037140305,394.98141137583843,459.24779057856534
2013-09-16 20:00:00,63.63987411301941,395.92321952488567,452.0131459796243
2013-09-16 22:00:00,30.960764974514056,366.42581494179865,423.7292666924739
2013-09-17 00:00:00,28.861835302357743,374.2895593921319,390.5387797686566
2013-09-17 02:00:00,27.805515759423855,365.6525796164266,367.6820473284053
2013-09-17 04:00:00,27.596370838523487,356.3114074382289,350.65638665017326
2013-09-17 06:00:00,8.749210214035448e-07,1.7935873172263807e-06,1.3198465425596856e-05
2013-09-17 08:00:00,4.888912105675057e-07,7.287811285519854e-07,9.612714883975095e-07
2013-09-17 10:00:00,5.494967074100991e-07,7.384050529594501e-07,1.0767602115697817e-06
2013-09-17 12:00:00,6.125505024098106e-07,7.602237351952065e-07,1.0331929123968945e-06
2013-09-17 14:00:00,15.911338483637255,361.8382534717959,1.4798201287665073e-05
2013-09-17 16:00:00,173.27130434830582,430.70091000552327,334.5929756522115
2013-09-17 18:00:00,168.9335625158111,396.7126871426228,401.5234529067801
2013-09-17 20:00:00,209.33685347214075,432.81042894682275,402.1991661524992
2013-09-17 22:00:00,295.37792030317314,413.4069721626269,466.2741688924565
2013-09-18 00:00:00,331.23931384321503,417.677256626767,520.6875949824141
2013-09-18 02:00:00,351.6902918498478,408.5741003302009,571.0235908574432
2013-09-18 04:00:00,410.01499237775647,414.8751054374332,613.0782473274469
2013-09-18 06:00:00,293.2501479985735,449.32108763954403,597.1086976026529
2013-09-18 08:00:00,216.60159437299237,389.0505140774183,531.9862515807363
2013-09-18 10:00:00,207.66065733537255,397.91621925572935,490.8567865282549
2013-09-18 12:00:00,179.8158210106048,348.2328579635576,473.4818749215784
2013-09-18 14:00:00,143.29527175956028,285.47252423986066,488.4643998493327
2013-09-18 16:00:00,154.07429941463602,315.062342362418,581.7827268639352
2013-09-18 18:00:00,210.34049461057168,395.93871170230295,692.9195478764678
2013-09-18 20:00:00,239.1624597360853,432.5111886109078,685.3165249444639
2013-09-18 22:00:00,207.8724204241692,412.1645898612563,619.595516414874
2013-09-19 00:00:00,211.64018452034517,409.90631450890595,583.7696086514735
2013-09-19 02:00:00,218.42085178513133,408.4174032907381,582.8319536829823
2013-09-19 04:00:00,230.06206848861535,420.5777065056626,608.1018752461332
2013-09-19 06:00:00,227.66575972491262,410.5164733658956,419.40007216689804
2013-09-19 08:00:00,171.25423155485342,388.4714068358091,301.3830291942816
2013-09-19 10:00:00,95.7734793529827,333.2404923596184,388.8995520977718
2013-09-19 12:00:00,27.83550259556809,330.83729483650484,389.2784737073278
2013-09-19 14:00:00,124.62198430820914,297.0146559660755,374.4860854523698
2013-09-19 16:00:00,155.30415003264795,316.98493005081866,445.4921294470001
2013-09-19 18:00:00,153.14270102107557,358.75600215788614,562.4100312242881
2013-09-19 20:00:00,140.56077960674602,339.42450251370605,506.2151433775337
2013-09-19 22:00:00,193.3407396901003,405.00316125076324,496.07578120154136
2013-09-20 00:00:00,199.40942058118654,410.63759921192724,539.4932265990076
2013-09-20 02:00:00,195.57244748334412,404.03923817645807,574.565795376717
2013-09-20 04:00:00,201.82600095301407,409.01293407241553,587.8309878938064
2013-09-20 06:00:00,213.1767317856201,399.8419320974636,483.61987033905666
2013-09-20 08:00:00,193.97702396176692,341.6324029709584,452.51003374038623
2013-09-20 10:00:00,172.41880544023164,468.7154397126799,449.7073031579872
2013-09-20 12:00:00,157.17162481987668,445.0232480251399,436.299074373115
2013-09-20 14:00:00,179.44305003447556,455.9679594139842,463.8473040229863
2013-09-20 16:00:00,200.06233270621507,457.82910229687957,532.924960458491
2013-09-20 18:00:00,245.80920765870331,659.9973964766477,677.540792065373
2013-09-20 20:00:00,290.458934447047,781.2395634760504,747.3974030759402
2013-09-20 22:00:00,302.6722000442789,782.8872080945953,813.3232864279976
2013-09-21 00:00:00,276.8706249712965,728.6839243166789,765.674101479861
2013-09-21 02:00:00,269.8625711638782,727.4425616895942,698.2071253644435
2013-09-21 04:00:00,284.2904159590722,710.3988340571511,708.572493228541
2013-09-21 06:00:00,276.81870280640675,624.241620675958,593.0723211352486
2013-09-21 08:00:00,292.98929856022653,452.48246477462874,423.48473597536156
2013-09-21 10:00:00,185.04541550588146,435.7960937502989,373.6035658256146
2013-09-21 12:00:00,158.5205148670051,441.48543119708387,365.34517609309336
2013-09-21 14:00:00,168.26976068823103,466.9091812989894,402.82250259976666
2013-09-21 16:00:00,182.85752460509144,508.73968391002376,514.000813509952
2013-09-21 18:00:00,224.02598144254938,618.8097119614762,600.5592556400288
2013-09-21 20:00:00,212.4488061619523,624.747495210352,547.6914853041167
2013-09-21 22:00:00,197.41588875342444,617.5304923736422,514.6885149865809
2013-09-22 00:00:00,208.64410316088973,647.8303236541154,493.8495568820707
2013-09-22 02:00:00,223.27770204130672,688.685693245647,472.4752109873156
2013-09-22 04:00:00,218.34878495720622,701.7428864696433,441.52316085232746
2013-09-22 06:00:00,52.4784743738137,847.2608943144382,0.00022563661166819657
2013-09-22 08:00:00,39.41278147232774,669.7109400703305,6.636662982753459e-06
2013-09-22 10:00:00,33.60028583554272,656.2826123624443,1.3223650846458148e-06
2013-09-22 12:00:00,33.03461423673821,668.8509073591799,2.3150952301520953e-06
2013-09-22 14:00:00,35.72874898674296,800.354388277685,0.00014578387805066424
2013-09-22 16:00:00,145.2617333218958,924.2204764788238,216.00527131892926
2013-09-22 18:00:00,241.0434188005883,767.1936191073464,240.35905304721902
2013-09-22 20:00:00,246.76922204308337,759.1866131611274,234.04646794704595
2013-09-22 22:00:00,245.1095915107334,807.4157706851837,231.7689383791476
2013-09-23 00:00:00,276.1261141603036,835.0818615446884,240.68315142790587
2013-09-23 02:00:00,333.7559100633367,1178.8731181752514,304.6794976419451
2013-09-23 04:00:00,355.2874464996327,1195.9902584412514,326.6329713139495
2013-09-23 06:00:00,295.88183513592446,962.9270565904717,2.940679265880594e-06
2013-09-23 08:00:00,218.89854428120432,665.7907278707501,1.2714913970681703e-06
2013-09-23 10:00:00,190.0973576074443,602.5146410417698,1.2485957292575923e-06
2013-09-23 12:00:00,184.71112990777735,486.5811644997371,1.2659019135683622e-06
2013-09-23 14:00:00,190.114699974157,389.56343047369893,1.4694038988054087e-06
2013-09-23 16:00:00,303.38381021202787,545.2851853999659,321.73191740177845
2013-09-23 18:00:00,390.74284459479907,893.8181922792639,411.0275945734442
2013-09-23 20:00:00,463.1048311372008,1021.9166497578922,470.26218656111894
2013-09-23 22:00:00,492.42371764576626,951.6144372765742,589.9316098748991
2013-09-24 00:00:00,507.2609339580583,965.2389624886547,661.4595044361034
2013-09-24 02:00:00,507.6212700109161,1060.8580758889277,695.8856589003543
2013-09-24 04:00:00,501.2602668626502,1133.4720700781832,721.6796845792912
2013-09-24 06:00:00,356.4405293508806,614.032322320108,451.0161121100912
2013-09-24 08:00:00,281.32433934029063,339.91954356624973,340.7370917573464
2013-09-24 10:00:00,223.65249632784835,315.01565738874933,275.02219916344944
2013-09-24 12:00:00,224.67891949548766,336.1862991169779,299.61583343032845
2013-09-24 14:00:00,246.90745564475523,359.2451294660546,397.10288573985576
2013-09-24 16:00:00,307.26745317634663,530.593001252038,584.7401325394742
2013-09-24 18:00:00,447.2661185569286,696.5113992820784,848.8353385896539
2013-09-24 20:00:00,441.58144274228715,645.7287096839503,841.6335055943284
2013-09-24 22:00:00,410.90848297193065,683.155530263081,834.8584961410099
2013-09-25 00:00:00,403.857750952214,764.6338803194541,829.2980890803861
2013-09-25 02:00:00,464.51191106667557,747.6197122995317,841.8163727657925
2013-09-25 04:00:00,475.81047485552347,761.6971393302678,868.301278908846
2013-09-25 06:00:00,411.4301994605125,959.8350205447381,494.1516042090914
2013-09-25 08:00:00,243.94619778730677,456.74841878656264,396.83401666896646
2013-09-25 10:00:00,185.0636510902091,379.38826252068645,366.3505808381656
2013-09-25 12:00:00,188.92948003391288,401.9241047137063,395.80494607794276
2013-09-25 14:00:00,228.3639004775922,527.9841249528371,434.03345186071596
2013-09-25 16:00:00,373.1259827932566,749.2019957851614,551.4896770461568
2013-09-25 18:00:00,379.9028121421953,993.1734956116512,582.1994900714263
2013-09-25 20:00:00,307.5241616120555,1173.9988676473383,501.0297067834337
2013-09-25 22:00:00,259.32910755751334,1188.0751565288524,471.4290099156369
2013-09-26 00:00:00,231.14692575940992,1028.5879331759702,445.4671291782965
2013-09-26 02:00:00,256.1100946080108,880.1173150501187,460.4278172439805
2013-09-26 04:00:00,263.62866519633775,721.4730064988901,447.59073620974067
2013-09-26 06:00:00,154.4747541598209,611.1383261306745,396.42210283309316
2013-09-26 08:00:00,123.46002084940783,430.6808168024131,386.36032598707374
2013-09-26 10:00:00,143.38036287028012,399.94208596389035,415.72631734540624
2013-09-26 12:00:00,154.05126918685528,392.55320398180623,468.956972039431
2013-09-26 14:00:00,189.43355029667126,400.8641043166977,600.9456040237056
2013-09-26 16:00:00,223.4714941446899,486.97996982547716,731.6184588037644
2013-09-26 18:00:00,286.7864122769071,564.8004244548188,847.9288779727777
2013-09-26 20:00:00,282.63450780707774,520.8023203423045,837.7528984713122
2013-09-26 22:00:00,284.25676694844356,536.2765606812636,838.8405638711828
2013-09-27 00:00:00,314.2701964734454,603.2260508777332,872.5247228700325
2013-09-27 02:00:00,320.1770696323554,643.0315894890175,834.4667124506699
2013-09-27 04:00:00,303.4251249112315,659.4802143526862,773.9176204029231
2013-09-27 06:00:00,205.08895966292775,549.0613457403379,639.4905598778386
2013-09-27 08:00:00,131.15606074712352,429.07849818478854,464.47245396569804
2013-09-27 10:00:00,131.7961622533819,330.1105323611956,409.3273027542702
2013-09-27 12:00:00,134.087834354796,340.3867834301011,408.62817336139057
2013-09-27 14:00:00,142.72199250581218,375.666602858333,470.52783826169417
2013-09-27 16:00:00,223.72691495921714,443.384859790432,682.6744993060372
2013-09-27 18:00:00,307.5524781163198,529.1814192164679,843.6495421283701
2013-09-27 20:00:00,281.4821390811921,468.67792604446646,857.5878854608984
2013-09-27 22:00:00,261.4166133435829,452.6380902234217,871.1163856330145
2013-09-28 00:00:00,259.58192148710026,489.88658989260733,905.6926903514451
2013-09-28 02:00:00,253.30437645139088,443.22559375961475,941.1943906289038
2013-09-28 04:00:00,243.26993324636635,430.4341730310967,949.1979800907171
2013-09-28 06:00:00,194.64441700965656,435.4802444399757,649.5809938613553
2013-09-28 08:00:00,132.03138414640472,320.8655737347083,476.2392954519406
2013-09-28 10:00:00,22.228272604516977,275.6316441294075,390.5954089426827
2013-09-28 12:00:00,22.950662492521012,285.8096930286216,387.295460467196
2013-09-28 14:00:00,23.97908099202805,285.8742259544798,437.39377246587156
2013-09-28 16:00:00,140.1969191868813,319.5949627528126,495.45863052217334
2013-09-28 18:00:00,158.3565204724043,387.70192812769426,438.6646996775649
2013-09-28 20:00:00,149.94201361307185,396.6479929167024,398.62025228819493
2013-09-28 22:00:00,119.35929821594164,390.71430351429586,386.87254306417145
2013-09-29 00:00:00,65.8270079248284,392.4231196959615,404.25441210377176
2013-09-29 02:00:00,28.81869510345483,377.0776495757427,398.6590707861914
2013-09-29 04:00:00,26.680214738877414,383.67706181515604,378.09766845741717
2013-09-29 06:00:00,4.913925842347635e-07,192.85077264098672,337.29160075425864
2013-09-29 08:00:00,4.484237895141389e-07,1.9208087082835694e-06,216.10939942671382
2013-09-29 10:00:00,4.527283991754797e-07,2.0529850561345466e-06,194.42437628875876
2013-09-29 12:00:00,4.5271701026697303e-07,2.048026706074708e-06,184.47325540528504
2013-09-29 14:00:00,4.3130927466967264e-07,0.00010695255961093923,198.63871414353218
2013-09-29 16:00:00,21.419641348139113,365.34110169754143,304.2627661490549
2013-09-29 18:00:00,134.65241332631396,418.4606483002386,299.1265184932156
2013-09-29 20:00:00,137.07228842846146,420.3032773580496,308.51493841159675
2013-09-29 22:00:00,141.1626007643186,446.24564629228706,313.96803631929834
2013-09-30 00:00:00,154.8190823104987,501.5043291960963,348.55415459665176
2013-09-30 02:00:00,155.64466607438357,426.56290006883506,372.3458646319175
2013-09-30 04:00:00,153.00463172541166,410.35160994037057,378.9994706296168
2013-09-30 06:00:00,24.011730249265504,342.2740337667854,337.40773532040373
2013-09-30 08:00:00,1.0853786755304286e-06,244.0043139584466,230.73622262456033
2013-09-30 10:00:00,3.618632267294234e-05,140.89776565709266,216.76266263479516
2013-09-30 12:00:00,18.186891906567148,294.3090000376912,224.95164583018285
2013-09-30 14:00:00,18.902212399315317,305.95900827754167,261.6131789633106
2013-09-30 16:00:00,132.88460841452562,421.061251866726,338.8603164568606
2013-09-30 18:00:00,157.8188879186266,418.1096588875591,345.0559538935648
2013-09-30 20:00:00,160.23055904234153,474.4982872399133,374.1955213817379
2013-09-30 22:00:00,168.6893465220555,502.9870730355741,389.2346103297745
2013-10-01 00:00:00,189.71003523856848,447.3670608140911,427.03391176559387
2013-10-01 02:00:00,170.3475899110057,459.30277154625884,442.12998005489675
2013-10-01 04:00:00,156.26092026256418,449.8134904185434,442.5621333150906
2013-10-01 06:00:00,27.8123599838478,392.23588265868887,401.5877154803839
2013-10-01 08:00:00,5.370423356987058e-07,8.834339275652476e-07,267.21614435272653
2013-10-01 10:00:00,4.920811529601215e-07,7.463897101034028e-07,232.83743870801294
2013-10-01 12:00:00,4.945107184899986e-07,8.522229835104133e-07,229.01800383607232
2013-10-01 14:00:00,6.896592084765849e-07,1.2493209599069389e-06,294.0198668780046
2013-10-01 16:00:00,25.03943974307334,355.51701324879497,387.56754600490524
2013-10-01 18:00:00,141.65836766591985,393.81976973112063,390.11844581236176
2013-10-01 20:00:00,81.83996895374331,361.0464686510537,388.81480274948535
2013-10-01 22:00:00,26.249503668607048,328.8070057887044,373.4149419889723
2013-10-02 00:00:00,46.27450031315684,346.1037107703624,417.273688436209
2013-10-02 02:00:00,88.27279891542224,365.27894359698746,429.2593812923262
2013-10-02 04:00:00,116.18152951817639,354.56732730063044,409.89835300234705
2013-10-02 06:00:00,1.039639000958901e-06,2.794846876791042e-06,274.25873004634553
2013-10-02 08:00:00,7.634781097570616e-07,1.074793580354757e-06,8.392496548889408
2013-10-02 10:00:00,4.6223228519075596e-07,5.835434461235914e-07,1.0304423018458032e-06
2013-10-02 12:00:00,4.4596291108465615e-07,5.757648589114312e-07,1.974934060379318e-06
2013-10-02 14:00:00,4.4049098605265795e-07,6.214204660037511e-07,78.82691396076015
2013-10-02 16:00:00,23.091077730613154,339.2728831182326,307.5141184714194
2013-10-02 18:00:00,28.084108619013374,331.6300320041604,309.08184125190076
2013-10-02 20:00:00,28.082003041641688,316.37540943613936,301.82802890789
2013-10-02 22:00:00,28.02474938840176,319.1944825860738,297.7919911067175
2013-10-03 00:00:00,30.696281343947902,353.5556899005415,317.05626697103037
2013-10-03 02:00:00,31.720340658999035,345.6445285316844,323.32223584704775
2013-10-03 04:00:00,30.249782275427847,324.1850143882279,306.68299434287485
2013-10-03 06:00:00,1.013528388887447e-06,1.7847532221895147e-06,3.3420998033396674e-06
2013-10-03 08:00:00,5.225144768460443e-07,5.27484716611819e-07,1.1830788697695452e-06
2013-10-03 10:00:00,5.605914936591866e-07,5.62441915651529e-07,8.832435604504761e-07
2013-10-03 12:00:00,5.579015484701933e-07,5.766434515971306e-07,8.621454637493043e-07
2013-10-03 14:00:00,5.36842733720322e-07,5.30102868336832e-06,1.2137034005194217e-06
2013-10-03 16:00:00,2.1891797639978964e-06,6.03159579406593e-06,82.26898636095805
2013-10-03 18:00:00,9.570562141832476e-06,2.500724578188703e-05,166.77333993138922
2013-10-03 20:00:00,1.880221479563233e-05,1.954389730736946e-05,185.72292288426308
2013-10-03 22:00:00,26.55690482075971,6.180291761495521e-05,203.16662674638334
2013-10-04 00:00:00,28.799403314163694,375.41549594136296,212.3942271782186
2013-10-04 02:00:00,28.617205898342828,319.69403919552826,218.1342016424015
2013-10-04 04:00:00,27.020030588215374,346.9554803876716,216.33654244699466
2013-10-04 06:00:00,2.2573949332692683e-06,2.3155877813215628e-05,111.37536343397682
2013-10-04 08:00:00,8.044555703846568e-07,8.965540759341329e-06,6.743962592203563e-06
2013-10-04 10:00:00,1.2471078712811543e-06,0.00010491775032162539,5.786464241397808e-06
2013-10-04 12:00:00,1.4488447957645436e-06,106.16368692093747,7.68522307003147e-06
2013-10-04 14:00:00,23.741718231709072,363.65910738413044,222.88726402215244
2013-10-04 16:00:00,147.566302836819,462.54227004783223,319.0531521925522
2013-10-04 18:00:00,165.43073993577408,459.45877388973753,330.5610988935966
2013-10-04 20:00:00,168.86098718844602,502.1427732682083,350.7122422179922
2013-10-04 22:00:00,188.12913037523967,558.0563984275398,391.77323855843775
2013-10-05 00:00:00,205.74446094031134,619.210931958582,421.06059305310646
2013-10-05 02:00:00,241.6721524138557,667.7585610625237,459.05842787822104
2013-10-05 04:00:00,279.3290066287842,671.7693565071194,527.98887724224
2013-10-05 06:00:00,243.97808758719404,647.5425505868211,558.9190723341578
2013-10-05 08:00:00,161.92644040678468,514.6544533419225,541.4533201988854
2013-10-05 10:00:00,170.50979369398993,547.3628292674549,530.8742584867708
2013-10-05 12:00:00,173.69639657024902,449.7683494341058,574.0141455386402
2013-10-05 14:00:00,180.02291332292307,409.2707610523914,647.4484770858247
2013-10-05 16:00:00,221.93660504340963,527.717021103264,715.2184204881103
2013-10-05 18:00:00,255.7619663201454,625.8919287589616,767.3329227008287
2013-10-05 20:00:00,269.0872992085869,674.5508085897035,797.0771941870167
2013-10-05 22:00:00,325.45255593973604,735.6651584299772,819.3139265115942
2013-10-06 00:00:00,324.43422678714563,752.284588209007,849.217376000671
2013-10-06 02:00:00,322.68063069953786,761.8453005524649,885.6653000840405
2013-10-06 04:00:00,330.0372185763451,779.5504620285302,892.0146669874795
2013-10-06 06:00:00,261.07022795555247,550.0162499857138,796.6008771517467
2013-10-06 08:00:00,181.81245002243264,374.46857614768874,653.5030703903924
2013-10-06 10:00:00,156.3459396724921,351.717332839588,614.1620665257448
2013-10-06 12:00:00,172.52982501700453,375.16513260884716,602.8479187993172
2013-10-06 14:00:00,166.41555475501485,375.96189496057036,674.4475454235454
2013-10-06 16:00:00,217.76429310989027,526.0423665113905,779.932651056712
2013-10-06 18:00:00,320.7465266975509,796.8399663924331,780.8075533684535
2013-10-06 20:00:00,310.11198434426467,796.5020226849314,718.3334301455797
2013-10-06 22:00:00,297.54572069194074,775.9375082190942,648.317489836972
2013-10-07 00:00:00,290.9056635666119,761.230891307265,653.8319186386939
2013-10-07 02:00:00,293.71982798720256,775.5498552009228,651.940328730892
2013-10-07 04:00:00,298.6830496622858,777.8941463945298,653.8400247234116
2013-10-07 06:00:00,184.54220940191018,481.43442589941503,590.7271303142126
2013-10-07 08:00:00,133.74438210878452,347.3366309535647,470.32153330467906
2013-10-07 10:00:00,132.1858115671999,363.56327600240274,428.71172651449785
2013-10-07 12:00:00,146.21740674387416,434.13058933129946,451.2324139882289
2013-10-07 14:00:00,177.9179851557223,409.84327701609016,556.1247443343955
2013-10-07 16:00:00,248.8316277363701,550.9369617902531,734.7566667550151
2013-10-07 18:00:00,339.18521338606513,788.3992733780107,765.8562209473672
2013-10-07 20:00:00,328.10747803101253,768.9496968657147,750.9757940760454
2013-10-07 22:00:00,298.48324130072433,737.0583152953252,714.7566561233153
2013-10-08 00:00:00,281.72193328961407,729.5152303125581,759.6662324588215
2013-10-08 02:00:00,274.2629223356316,731.5743964763319,769.3429477974357
2013-10-08 04:00:00,260.82041751080925,715.7524471346921,724.3435699746668
2013-10-08 06:00:00,227.53825208959614,576.6346689684082,612.2822075032495
2013-10-08 08:00:00,184.16816664327558,406.3728871563142,505.38326987792027
2013-10-08 10:00:00,156.2579915324353,331.2462225892078,477.54157664445717
2013-10-08 12:00:00,153.90391557403504,368.2884458248189,453.34752103844403
2013-10-08 14:00:00,157.70823306005497,408.44799883878295,498.61545103945065
2013-10-08 16:00:00,196.73976039770457,551.9922375951876,579.7185344881863
2013-10-08 18:00:00,265.2688119027884,697.0866203849811,603.2441946370799
2013-10-08 20:00:00,237.50798607998922,546.1666225142939,549.5028263268741
2013-10-08 22:00:00,208.01722736975557,482.9322772047837,515.6718546658775
2013-10-09 00:00:00,212.33038029526776,535.6088609168344,541.6268705119312
2013-10-09 02:00:00,236.38931454195387,586.448287685564,555.0132354417987
2013-10-09 04:00:00,237.92776372245982,545.7957294032053,574.8175658693945
2013-10-09 06:00:00,201.50728886804194,472.09199795044265,480.2059133181758
2013-10-09 08:00:00,173.8238935331268,367.46340205900697,385.3522987101059
2013-10-09 10:00:00,146.39576001558765,370.2539048289328,360.9161410591559
2013-10-09 12:00:00,126.23004424603354,344.69315674643184,339.56318596903003
2013-10-09 14:00:00,127.1556691910575,366.5614605279176,334.26677085523835
2013-10-09 16:00:00,146.23510596212873,392.2824633814481,351.4974589502773
2013-10-09 18:00:00,139.09934487659757,396.759390527804,372.7794400113157
2013-10-09 20:00:00,152.60763397859927,339.5737728685032,383.4676028993625
2013-10-09 22:00:00,196.48371621293936,331.5826120477556,404.0731331691567
2013-10-10 00:00:00,211.18426601294763,336.4165682263447,446.1193213379376
2013-10-10 02:00:00,244.41407913689451,356.33250066753874,472.6921493540799
2013-10-10 04:00:00,250.83117266515941,346.6922197803766,499.10771528439363
2013-10-10 06:00:00,198.92908735242577,322.34157748564576,517.2683799502928
2013-10-10 08:00:00,144.03307017859137,310.71923917741543,532.5908383317762
2013-10-10 10:00:00,161.74982250916165,290.493474367222,549.5617102521674
2013-10-10 12:00:00,145.16603313174448,303.4115402746757,565.6342374708282
2013-10-10 14:00:00,167.2820026084959,317.3292751090349,620.100598849597
2013-10-10 16:00:00,217.7143122143907,360.582289185593,659.6492996869
2013-10-10 18:00:00,256.5007379024479,382.7019008816196,622.9860886039266
2013-10-10 20:00:00,263.3108997327858,400.33881428940725,590.3920560370252
2013-10-10 22:00:00,207.2263739530222,452.3185742513585,513.6949360700323
2013-10-11 00:00:00,172.7917575985449,506.8108633678843,437.69061372659945
2013-10-11 02:00:00,164.8956995158352,433.4940793381922,368.4015240822008
2013-10-11 04:00:00,177.6665608713963,410.7081033283476,324.71690808334824
2013-10-11 06:00:00,171.94850021106103,360.0408060987664,303.87222097369056
2013-10-11 08:00:00,81.7603840767458,419.0166556422938,214.00768335302607
2013-10-11 10:00:00,133.53112300212516,569.2061835354747,204.92444768299205
2013-10-11 12:00:00,115.09131085465191,612.5674344197288,198.0540816426839
2013-10-11 14:00:00,150.0003733048243,613.4140755309302,195.45852924142022
2013-10-11 16:00:00,178.84802676145966,656.0363291225231,269.7641852019852
2013-10-11 18:00:00,169.45353053925223,664.1653036275416,283.3226109871241
2013-10-11 20:00:00,160.6266493805928,717.4134537169166,288.47251318218906
2013-10-11 22:00:00,149.3385251015104,654.0805574644702,317.00642871317734
2013-10-12 00:00:00,176.3072147635648,579.7628359367359,335.73970114578583
2013-10-12 02:00:00,200.22837054883755,512.6828967426426,360.3985375683332
2013-10-12 04:00:00,253.57349383210732,474.5707665425742,391.2295913867281
2013-10-12 06:00:00,235.01243727140718,408.83515495834666,381.346078618869
2013-10-12 08:00:00,236.08990657751517,398.8522097128996,287.87808185904953
2013-10-12 10:00:00,166.52271245139215,385.6074911343107,337.5667004476652
2013-10-12 12:00:00,171.96435708354312,388.6940271925484,301.9332327782448
2013-10-12 14:00:00,208.21656484285677,460.00877370521374,293.41859999254507
2013-10-12 16:00:00,221.03980521698537,617.7925522633387,326.0969889477375
2013-10-12 18:00:00,201.0337608209885,802.1404222347236,340.7472264250756
2013-10-12 20:00:00,222.74585136656867,759.0759641746027,347.8095217901729
2013-10-12 22:00:00,228.41371414610208,589.4083632304621,389.7297306767288
2013-10-13 00:00:00,220.66416867447015,437.42807416318516,434.3650634040846
2013-10-13 02:00:00,162.03301236688947,360.0668275205355,482.5195822744557
2013-10-13 04:00:00,128.54642614159917,308.287340334027,474.3157477128637
2013-10-13 06:00:00,136.21923536747272,321.3079290873054,404.64189648086216
2013-10-13 08:00:00,103.32366592278268,295.3997926581123,306.3480331133207
2013-10-13 10:00:00,117.41319202921801,304.91206493161224,316.4354902059733
2013-10-13 12:00:00,115.1913872715352,301.12305323920685,317.31149894208716
2013-10-13 14:00:00,123.27324614699157,311.9809766613567,340.09827180092753
2013-10-13 16:00:00,129.88885151567015,328.48424834700046,441.78402449229134
2013-10-13 18:00:00,132.4495594725249,317.23660747498553,483.892632009647
2013-10-13 20:00:00,137.15629381700043,329.651836272116,496.23827446807906
2013-10-13 22:00:00,154.1846615806449,340.9636700713297,491.02216106114
2013-10-14 00:00:00,163.75591907412488,352.18193315530687,509.41552767700483
2013-10-14 02:00:00,154.8272171322476,334.41990604963695,505.1350434505211
2013-10-14 04:00:00,160.36495137660464,326.94953492068026,488.4600340611469
2013-10-14 06:00:00,168.20015099786036,329.284595975365,442.18953074080326
2013-10-14 08:00:00,158.37783076680685,316.1842967385008,393.73491714926
2013-10-14 10:00:00,160.63281736505044,322.2944966260352,373.4016860845427
2013-10-14 12:00:00,159.7198377933375,301.72517905346405,344.5194064521908
2013-10-14 14:00:00,162.11814264402864,348.05855640902524,380.38904576190316
2013-10-14 16:00:00,196.73068546354338,470.04867361445207,460.04618767970777
2013-10-14 18:00:00,183.1657629953427,565.8669404461383,435.76734630350325
2013-10-14 20:00:00,179.1953113717397,569.0002449809128,420.57518934467487
2013-10-14 22:00:00,198.71071621076626,595.4276929601582,448.6311766403292
2013-10-15 00:00:00,236.78885165747315,566.2017802789219,429.74668917975987
2013-10-15 02:00:00,240.00108497526756,477.9772924045542,398.6759156027433
2013-10-15 04:00:00,249.49580761345663,445.00421814462857,403.67421863453944
2013-10-15 06:00:00,222.63357989521867,352.2883400677632,414.3028048980454
2013-10-15 08:00:00,189.05653888403504,279.0162071578285,395.1056995230596
2013-10-15 10:00:00,218.53946891161897,293.90745617199235,444.4817414359143
2013-10-15 12:00:00,220.18390296864598,297.52405409384,497.5311414123262
2013-10-15 14:00:00,222.36341220817286,310.371478263794,605.4527194570148
2013-10-15 16:00:00,263.8682823755923,353.77526728641004,720.1629280623995
2013-10-15 18:00:00,274.5868420591114,380.80156582412144,693.579043727374
2013-10-15 20:00:00,260.0446647516736,364.18366683688964,632.3579861782891
2013-10-15 22:00:00,266.7913396755437,428.97117479959473,559.7414012389287
2013-10-16 00:00:00,242.51002929197145,562.2806336008564,523.1990054443314
2013-10-16 02:00:00,251.68444295619457,685.296422206494,526.0622319172023
2013-10-16 04:00:00,272.7574165548837,786.6414779966564,565.4694226953294
2013-10-16 06:00:00,262.2894472085385,731.416435854926,635.022914439422
2013-10-16 08:00:00,191.71349483038463,590.0481075218904,570.917004540169
2013-10-16 10:00:00,207.02204788011716,487.75646174385815,553.2617977042758
2013-10-16 12:00:00,247.25714222474207,408.78805155941353,560.40206956923
2013-10-16 14:00:00,277.97022346572317,355.7313179504072,605.7264577094431
2013-10-16 16:00:00,248.51608219175836,338.7663736005193,773.6528765477794
2013-10-16 18:00:00,187.45944315619377,317.4059694100186,671.8672378127378
2013-10-16 20:00:00,157.2224618096435,366.3473606729261,543.0290226270631
2013-10-16 22:00:00,152.52648970629642,367.720147161797,492.9022866917768
2013-10-17 00:00:00,132.2583663893067,357.41072154710986,418.7200384101527
2013-10-17 02:00:00,133.757324082755,345.90832682775954,360.35492264219374
2013-10-17 04:00:00,127.04085857775347,330.1526810372849,326.3070170203249
2013-10-17 06:00:00,2.0154319278391963e-06,4.569209122555052e-06,1.7219632881265723
2013-10-17 08:00:00,5.308245985443187e-07,2.312583999177923e-05,8.362019971753569e-07
2013-10-17 10:00:00,5.246867515749184e-07,9.946112956929677e-05,8.728637194380186e-07
2013-10-17 12:00:00,5.529616408099987e-07,2.146597508844459e-05,9.165142027624245e-07
2013-10-17 14:00:00,5.221303477334842e-07,2.4055315080650223e-05,8.124596632485867e-07
2013-10-17 16:00:00,36.21924995907904,440.5554260491108,183.2818469818008
2013-10-17 18:00:00,175.8249742952248,701.4411549298214,245.5513969886192
2013-10-17 20:00:00,190.71793819985209,726.4158019996796,257.763989106208
2013-10-17 22:00:00,213.8462651922873,811.6070276887139,274.1401129774397
2013-10-18 00:00:00,275.4175666141872,950.9337275342939,294.2779215242251
2013-10-18 02:00:00,328.3306975016112,1045.1173580679736,325.84636638376185
2013-10-18 04:00:00,306.4187305776487,1186.755078510181,345.36018437844905
2013-10-18 06:00:00,338.36336730125083,698.0883886241182,320.06656985601325
2013-10-18 08:00:00,246.24467403467557,595.145741123724,221.16353249419552
2013-10-18 10:00:00,239.02181652776585,520.3575913223211,275.4206453564755
2013-10-18 12:00:00,220.9270418744184,444.4216527756854,359.52525039642313
2013-10-18 14:00:00,243.54820657828486,429.68012673351916,514.381528456855
2013-10-18 16:00:00,306.9513951603578,484.69029915246085,836.2382337258845
2013-10-18 18:00:00,243.66036234607114,414.07056506934185,779.6194848583558
2013-10-18 20:00:00,187.89774185201924,345.1522656924687,607.2676073448895
2013-10-18 22:00:00,159.69179342644333,313.9875247452838,482.83064785527114
2013-10-19 00:00:00,154.2246540339709,314.29609895633286,447.0703361291239
2013-10-19 02:00:00,157.1367305441103,327.53838414091337,427.290900983191
2013-10-19 04:00:00,165.84144928110254,340.6559247465313,399.1873213004497
2013-10-19 06:00:00,30.338471324406683,56.162493553088936,265.44466582000916
2013-10-19 08:00:00,3.1488369606028283e-06,4.479247874320592e-06,8.654792338496557e-06
2013-10-19 10:00:00,3.951619235149839e-06,5.649130827403592e-06,4.837547659531407e-06
2013-10-19 12:00:00,26.682169341327754,93.65455024474265,4.4408548084206986e-05
2013-10-19 14:00:00,48.30588131476571,306.0144460011452,242.03831091462789
2013-10-19 16:00:00,49.875694400272174,329.2688157403731,388.3772745390426
2013-10-19 18:00:00,43.9957692370468,302.96761749495016,408.763228410521
2013-10-19 20:00:00,33.71289078499888,322.2576686620019,389.7732371513837
2013-10-19 22:00:00,30.51283943542672,340.63849711327344,294.26371022419914
2013-10-20 00:00:00,33.33821330130133,387.05716258157395,294.2827694002519
2013-10-20 02:00:00,33.85390562614646,388.5414925600396,289.92778281509095
2013-10-20 04:00:00,36.34612833109345,366.66552331392836,313.31699976890366
2013-10-20 06:00:00,29.46814047598697,1.1800362358883226e-05,283.54872498289996
2013-10-20 08:00:00,3.1938168313749688e-06,3.6442393112478124e-06,246.6799024837647
2013-10-20 10:00:00,2.896491975953344e-06,3.2692844999367418e-06,279.80237947619844
2013-10-20 12:00:00,2.981882018340283e-06,3.6136883877443558e-06,314.2323630627918
2013-10-20 14:00:00,26.411739162049074,4.835729484617189e-06,368.3061417432472
2013-10-20 16:00:00,35.53641013144314,120.05628059269942,477.19875185925645
2013-10-20 18:00:00,33.503175741794564,91.98263231975297,441.29828576044775
2013-10-20 20:00:00,26.626105260110148,6.8364048635742865e-06,367.7144174843248
2013-10-20 22:00:00,24.45916514487293,9.496138293109313e-06,290.5474644892599
2013-10-21 00:00:00,24.20295650701894,1.0159485901589733e-05,293.59370491475505
2013-10-21 02:00:00,24.817531549912623,8.303616767028786e-06,280.54727052948914
2013-10-21 04:00:00,25.962848135453306,141.7359582936803,246.9964995274434
2013-10-21 06:00:00,6.921563630916002e-06,1.0920632378052622e-05,207.74210820575425
2013-10-21 08:00:00,6.436056454991392e-06,7.78252487850903e-06,77.98366121945847
2013-10-21 10:00:00,7.471753302372799e-06,7.639104405059975e-06,192.6264464206455
2013-10-21 12:00:00,7.152025636076134e-06,8.336045825782492e-06,197.17342622673718
2013-10-21 14:00:00,26.095587658741373,8.309671375110187e-06,276.8262980309154
2013-10-21 16:00:00,27.337384160413528,106.68409388084606,461.8818227814103
2013-10-21 18:00:00,26.27373881243524,56.97798346575435,455.74765551336947
2013-10-21 20:00:00,25.944284072169847,5.269338787520483e-06,418.25803112704455
2013-10-21 22:00:00,28.544052117380225,48.324018572003666,307.63022609980055
2013-10-22 00:00:00,29.710472223773344,9.677979499541466e-06,299.26702166492356
2013-10-22 02:00:00,28.639854801042695,6.13535508075659e-06,294.9434186852535
2013-10-22 04:00:00,27.720694267768742,6.165185284073392e-06,283.9160925929216
2013-10-22 06:00:00,6.954102790330119e-07,1.0545588128431511e-06,205.46436253647357
2013-10-22 08:00:00,5.522645216891147e-07,5.739384709084885e-07,6.441863332140696e-06
2013-10-22 10:00:00,5.001973662538887e-07,6.013844313519753e-07,6.581460022836362e-06
2013-10-22 12:00:00,4.895192170486204e-07,7.016856321584994e-07,6.514818233929705e-06
2013-10-22 14:00:00,4.969739477777929e-07,9.030129300862288e-07,0.0032149279933759815
2013-10-22 16:00:00,1.036613082164134e-06,3.1723867411575303e-06,139.08187544795288
2013-10-22 18:00:00,1.0859880207135865e-06,2.969845056877093e-06,142.85838239411788
2013-10-22 20:00:00,1.0998774043358518e-06,2.7714201027651843e-06,152.40181008079358
2013-10-22 22:00:00,1.1865769990030469e-06,2.545919460540219e-06,163.64254777063982
2013-10-23 00:00:00,1.2024509459490688e-06,2.16335368151976e-06,177.80002560686785
2013-10-23 02:00:00,1.0801671234025457e-06,2.1503706384352163e-06,172.79256007839268
2013-10-23 04:00:00,1.0557609238263058e-06,2.020469642572429e-06,235.37863090449014
2013-10-23 06:00:00,7.610476938376086e-07,1.6485247813106802e-06,181.90868323455337
2013-10-23 08:00:00,4.6798741155020833e-07,5.800481381281314e-07,6.291346903888563e-06
2013-10-23 10:00:00,4.619435688250907e-07,7.117863643255609e-07,220.2378927640557
2013-10-23 12:00:00,4.7143888850225775e-07,6.675681947573219e-07,170.4026583209693
2013-10-23 14:00:00,4.835788444947524e-07,6.598236315083551e-07,78.37686367407919
2013-10-23 16:00:00,8.135445819233305e-07,156.9139524961922,198.5579505765927
2013-10-23 18:00:00,1.8148634186769117e-06,323.095493770949,204.0566990219531
2013-10-23 20:00:00,2.339353582622056e-06,358.14350633375403,210.73804471877483
2013-10-23 22:00:00,3.4499382919973985e-06,404.77256722385715,220.7350326867085
2013-10-24 00:00:00,32.40985726439184,500.07017046141533,254.9945312822544
2013-10-24 02:00:00,36.04873910713951,605.7499707135128,275.77984670643235
2013-10-24 04:00:00,36.09295636452635,702.3756217840181,286.5810936423367
2013-10-24 06:00:00,39.05758700747858,714.6639240311013,240.5651744725925
2013-10-24 08:00:00,23.6395776497948,518.7730654800912,112.37059859048783
2013-10-24 10:00:00,1.0451031482458978e-05,356.0526961332077,1.8203219797401493e-05
2013-10-24 12:00:00,25.091178741185892,496.3927584706676,0.0007307947444661719
2013-10-24 14:00:00,30.384108502015387,455.173991448507,223.5425176688767
2013-10-24 16:00:00,102.18395431210847,560.3581371041445,430.12117023581106
2013-10-24 18:00:00,291.3268850160493,510.4541989067017,513.2191971913313
2013-10-24 20:00:00,276.4249687642222,403.16168913313373,642.4046155933656
2013-10-24 22:00:00,53.806069537520244,350.8667570112138,670.869076228506
2013-10-25 00:00:00,42.87296983111624,338.8109315149047,649.7028552298718
2013-10-25 02:00:00,35.66991537925983,319.86033573872055,587.324420563158
2013-10-25 04:00:00,29.30675273867285,301.2044466194046,494.55088086030497
2013-10-25 06:00:00,29.153067843045182,1.515041761619887e-05,317.4864309436415
2013-10-25 08:00:00,2.9641947160481558e-06,3.1501826747614864e-06,185.65456076915873
2013-10-25 10:00:00,2.9524375406818036e-06,4.650417229042722e-06,144.7362704424499
2013-10-25 12:00:00,2.639820071912352e-06,4.960570376952613e-06,130.95557335543256
2013-10-25 14:00:00,1.4939045137760734e-05,1.2015272279069872e-05,232.2186277352616
2013-10-25 16:00:00,29.335802325984652,7.233208743191982e-05,262.38592805465686
2013-10-25 18:00:00,26.18376588661385,154.3686303487635,264.77797942500035
2013-10-25 20:00:00,2.24845797784282e-06,1.4363373102178308e-05,259.32694253041217
2013-10-25 22:00:00,2.322194524359238e-06,9.262347798694677e-06,263.76209238002014
2013-10-26 00:00:00,2.380286519863691e-06,7.143882759857042e-06,269.5572105692298
2013-10-26 02:00:00,2.303500660837049e-06,6.952331950171109e-06,265.0521301205099
2013-10-26 04:00:00,2.2622091899362385e-06,6.6135827475831795e-06,257.66682202418946
2013-10-26 06:00:00,5.667255635079256e-07,1.7289144009398e-06,5.7165719773120706e-06
2013-10-26 08:00:00,4.639536400287653e-07,5.49056873880606e-07,1.1880011198376828e-06
2013-10-26 10:00:00,5.421406455885544e-07,8.297185984678666e-07,1.0148932089832502e-06
2013-10-26 12:00:00,5.138811447564732e-07,7.733954619545034e-07,1.1499942410480685e-06
2013-10-26 14:00:00,5.230938939367918e-07,6.282715459714113e-07,4.295184012828916e-06
2013-10-26 16:00:00,7.278793230669851e-07,1.5948094420497112e-06,38.02584377377046
2013-10-26 18:00:00,7.560313023352442e-07,1.7692156190421223e-06,36.642233928189754
2013-10-26 20:00:00,7.820236294641441e-07,1.702754718309357e-06,37.5511761575275
2013-10-26 22:00:00,8.006330668825263e-07,1.5665699370935078e-06,35.64440655501758
2013-10-27 00:00:00,5.918571427804207e-07,1.4888105575340563e-06,37.785803078425644
2013-10-27 02:00:00,5.563526151531188e-07,1.2533014562422928e-06,29.348427183581293
2013-10-27 04:00:00,5.268605246198499e-07,1.2178026453589207e-06,1.1544058400568737e-05
2013-10-27 06:00:00,4.887977291875511e-07,1.1133815342434141e-06,7.032071517407498e-06
2013-10-27 08:00:00,6.94131097387647e-07,5.302600767988673e-07,8.552827249666864e-07
2013-10-27 10:00:00,6.079964239159387e-07,5.530925119855765e-07,8.228574859580176e-07
2013-10-27 12:00:00,6.092341629175646e-07,5.703963214971243e-07,7.856381827101653e-07
2013-10-27 14:00:00,5.487457718742854e-07,5.382246344448086e-07,7.857055056031859e-07
2013-10-27 16:00:00,5.581682345059783e-07,7.119319653490564e-07,8.553742819105485e-07
2013-10-27 18:00:00,5.25373892258064e-07,7.600887565449742e-07,9.526152092387346e-07
2013-10-27 20:00:00,5.331139759230913e-07,7.660491405466787e-07,1.0115153341241802e-06
2013-10-27 22:00:00,5.398540288466263e-07,7.610947789728161e-07,1.0497360361479952e-06
2013-10-28 00:00:00,5.44253525699972e-07,8.006025420429643e-07,1.0920483385722213e-06
2013-10-28 02:00:00,5.531588629677896e-07,2.337697079544519e-06,1.0858004564987783e-06
2013-10-28 04:00:00,5.538132486735483e-07,3.040307309815762e-06,1.2142942006850223e-06
2013-10-28 06:00:00,5.851491091036463e-07,3.1020377191390056e-06,1.0025619125805823e-06
2013-10-28 08:00:00,4.850080121956415e-07,6.031259023314432e-07,9.671449806298913e-07
2013-10-28 10:00:00,5.763756410588772e-07,4.981275507369173e-07,1.0084885707888636e-06
2013-10-28 12:00:00,5.08456858356582e-07,5.198829340959527e-07,9.934229886235791e-07
2013-10-28 14:00:00,4.790994817797052e-07,5.488980199805291e-07,8.353750653532878e-07
2013-10-28 16:00:00,4.886518996092938e-07,1.658112896127437e-06,1.150684010988483e-06
2013-10-28 18:00:00,5.198193451786984e-07,1.948078942971657e-06,1.1772362598591104e-06
2013-10-28 20:00:00,5.584640795915191e-07,1.9810496279955965e-06,1.2029466063647477e-06
2013-10-28 22:00:00,5.823879949989946e-07,2.0313964353644715e-06,1.3488106767397673e-06
2013-10-29 00:00:00,6.136481214597395e-07,2.0500581029618414e-06,1.3873602567667398e-06
2013-10-29 02:00:00,6.208242001819495e-07,1.6523419549011253e-06,1.4864673206397222e-06
2013-10-29 04:00:00,5.863510371187231e-07,80.31957655787258,2.0268378612404627e-06
2013-10-29 06:00:00,6.058577485758314e-07,120.70741442802014,1.648949512019536e-06
2013-10-29 08:00:00,5.541354157634647e-07,5.375909329582452e-07,1.1050051531814603e-06
2013-10-29 10:00:00,5.487015027784748e-07,5.477196665142491e-07,1.0036689105781052e-06
2013-10-29 12:00:00,5.24097955271689e-07,5.748830559520798e-07,1.001706003009977e-06
2013-10-29 14:00:00,4.932814240621462e-07,1.4753195052007663e-05,1.8498846293566198e-06
2013-10-29 16:00:00,23.10647798343203,311.34431474156776,219.93221959107416
2013-10-29 18:00:00,27.31171200025808,348.65354744700835,292.20298035271946
2013-10-29 20:00:00,29.107961599581003,375.1165912697614,300.9009178613839
2013-10-29 22:00:00,28.87404939793682,361.37961827622553,297.66733826305585
2013-10-30 00:00:00,29.17124379287656,393.86293548233607,311.5263075354358
2013-10-30 02:00:00,28.861527756895477,403.57738520340314,311.433690670901
2013-10-30 04:00:00,29.11130171040961,419.8583870665103,309.68120722786773
2013-10-30 06:00:00,29.60117590677099,438.6817600197654,207.4723940081006
2013-10-30 08:00:00,3.2169276692060945e-06,8.27996570978829e-06,9.943630118246483e-06
2013-10-30 10:00:00,1.2975530422483022e-06,2.4021541722496543e-06,3.0359248063664934e-06
2013-10-30 12:00:00,8.890584059057812e-06,1.2496021069772863e-05,17.194365734448116
2013-10-30 14:00:00,26.540859893645663,356.9564971603485,214.46741633350194
2013-10-30 16:00:00,159.8819480611785,461.09110818459686,349.6796994441504
2013-10-30 18:00:00,160.96817401501087,426.026514934089,372.41484682440534
2013-10-30 20:00:00,104.32225205993942,381.0537638475149,381.79159215029324
2013-10-30 22:00:00,23.816979892012846,347.5974527658841,366.5040348885243
2013-10-31 00:00:00,23.116883199365347,352.6598899607324,365.3493189949946
2013-10-31 02:00:00,23.10973951211319,364.90356653088133,359.4515379969892
2013-10-31 04:00:00,23.04258062509144,368.2958903123549,346.7044801447736
2013-10-31 06:00:00,22.749707372518632,341.0382965889815,222.92347083665015
2013-10-31 08:00:00,1.3855014938569673e-06,3.766429191048286e-06,44.01174769779494
2013-10-31 10:00:00,1.2817247429280702e-06,2.274649946325084e-06,4.573030963981429e-06
2013-10-31 12:00:00,1.4773886324515887e-06,3.576095829859338e-06,78.98502584341975
2013-10-31 14:00:00,21.643195458898738,285.99661027744213,203.9404951687334
2013-10-31 16:00:00,22.53243812200825,301.5945500891666,302.6362528378821
2013-10-31 18:00:00,22.109038033966847,301.71354351235794,300.49143047155894
2013-10-31 20:00:00,23.279508132945693,312.1876078530281,296.9782767498579
2013-10-31 22:00:00,24.739096346098815,330.8611198831671,311.39153704042536
2013-11-01 00:00:00,25.605017490432402,351.902706040576,322.1452296454505
2013-11-01 02:00:00,25.393739762797953,359.77610945035985,337.51203158755
2013-11-01 04:00:00,24.139293373990604,352.1073075291704,339.2794474166508
2013-11-01 06:00:00,24.206940900478365,349.7217254636199,297.9165989440825
2013-11-01 08:00:00,1.9424898854298625e-06,5.47855193499319e-06,40.66306375224205
2013-11-01 10:00:00,3.028433095314023e-06,6.7605058427800374e-06,1.034631260371943e-05
2013-11-01 12:00:00,6.698337808824659e-06,1.0349941001869765e-05,0.00011349392024681
2013-11-01 14:00:00,31.647882981179738,322.45909149872585,243.63129984757992
2013-11-01 16:00:00,157.13412630008338,401.63465912179754,362.94546130360084
2013-11-01 18:00:00,174.39783926756016,407.69586720261475,378.545325706335
2013-11-01 20:00:00,167.40330149058136,398.3715088669333,423.01999062492496
2013-11-01 22:00:00,205.60856412610002,459.907013302864,445.47628051645074
2013-11-02 00:00:00,231.52493947766285,436.65611411995576,463.9022235499121
2013-11-02 02:00:00,296.4596077821876,475.53389530934834,488.08450682710816
2013-11-02 04:00:00,369.58712266606466,556.0326104676179,503.3744867428245
2013-11-02 06:00:00,469.26572375613904,531.252600437018,486.0611296750572
2013-11-02 08:00:00,347.603297494943,442.1903790539171,451.4800524184985
2013-11-02 10:00:00,328.0290044096892,376.255962681244,436.3050851498521
2013-11-02 12:00:00,246.1371845661116,165.13917255603636,442.9647825248889
2013-11-02 14:00:00,204.95406821270674,154.16047210037954,436.3072622738445
2013-11-02 16:00:00,169.56232293819338,297.7155308806452,462.506258658946
2013-11-02 18:00:00,27.162005405907706,215.56230827719227,448.1181633857147
2013-11-02 20:00:00,11.34567625770498,5.4537310882217555e-05,403.96348033278684
2013-11-02 22:00:00,1.260933830091129e-06,2.0473480642578454e-06,354.5872540699816
2013-11-03 00:00:00,1.0999257303704393e-06,2.0413223143724523e-06,329.8304341609847
2013-11-03 02:00:00,1.1014779716388627e-06,2.270730542421094e-06,293.1127689657628
2013-11-03 04:00:00,1.1118963232144016e-06,2.236858271062803e-06,209.57163388439628
2013-11-03 06:00:00,1.088637416175457e-06,1.8645803555809154e-06,198.19647110554322
2013-11-03 08:00:00,5.318689830739299e-07,4.933005564890163e-07,7.8879111788549805
2013-11-03 10:00:00,5.293080435949237e-07,6.107050731199712e-07,5.472482263816999e-06
2013-11-03 12:00:00,4.961875404173815e-07,5.566431680458428e-07,8.710529169353225e-07
2013-11-03 14:00:00,4.702294101306348e-07,5.812878117975037e-07,9.55987359320685e-07
2013-11-03 16:00:00,22.09632076009046,287.7181317545025,24.904676250475813
2013-11-03 18:00:00,23.2209074600081,302.76233143567197,115.01687542703513
2013-11-03 20:00:00,23.480530809778543,304.8094833825776,105.04267285814726
2013-11-03 22:00:00,23.559533877659106,301.0032343474519,93.88542885181904
2013-11-04 00:00:00,25.89010526807392,296.3874050380992,173.2049151154527
2013-11-04 02:00:00,32.66025347588254,296.25244629620795,206.49050068004433
2013-11-04 04:00:00,31.615415170908456,300.33512550439553,220.1615093395517
2013-11-04 06:00:00,44.89484825539818,311.64530583220443,219.97640281881021
2013-11-04 08:00:00,38.59001189855731,260.6856000590818,207.4824139596655
2013-11-04 10:00:00,32.703152415932784,278.3982976980887,195.04026240157467
2013-11-04 12:00:00,33.50018330692028,277.23313191251555,198.10021706269663
2013-11-04 14:00:00,28.484008540733345,276.1304247098111,272.1216112889386
2013-11-04 16:00:00,150.86688101153447,388.90753352986087,290.08864003390954
2013-11-04 18:00:00,149.2672914772061,438.07267418576976,303.7188383458348
2013-11-04 20:00:00,157.30939643520577,434.74884011170593,305.4665856023669
2013-11-04 22:00:00,161.253773816668,448.4675501724711,311.8969573750777
2013-11-05 00:00:00,170.16623707171206,504.63725079365497,298.67645389454185
2013-11-05 02:00:00,172.98133388464726,553.4494784497767,293.2863863221139
2013-11-05 04:00:00,180.12338343135934,480.0282615378741,297.86020098310985
2013-11-05 06:00:00,168.8811972073404,392.7279010850498,281.9628368670404
2013-11-05 08:00:00,27.93992563447033,313.2012425238043,82.49762499942102
2013-11-05 10:00:00,29.887480464082504,296.38236796051956,130.64444735015638
2013-11-05 12:00:00,27.06535471416697,293.3935310609838,211.39220977563835
2013-11-05 14:00:00,116.01589261775014,322.3785944180026,313.93013866072596
2013-11-05 16:00:00,146.9396076676995,323.5253012723164,375.63169658336403
2013-11-05 18:00:00,149.59010597259905,299.97801948068786,377.4477382242387
2013-11-05 20:00:00,168.010755685378,299.18678193931805,380.6451694604535
2013-11-05 22:00:00,140.64483732948707,312.28619123046207,405.03196044155624
2013-11-06 00:00:00,127.7672427726739,328.8660368523986,366.5978457752544
2013-11-06 02:00:00,130.70387843713138,349.8210958203359,328.5973870491154
2013-11-06 04:00:00,138.96883686859155,387.89178993283826,320.4330405324045
2013-11-06 06:00:00,162.36261159683764,406.86531400253347,326.3689203926917
2013-11-06 08:00:00,167.0360787875808,418.33217055313753,312.5045390535258
2013-11-06 10:00:00,179.5409903823151,389.01050656878357,286.42553913333404
2013-11-06 12:00:00,188.84253381910074,445.9384563695082,282.48401781891334
2013-11-06 14:00:00,248.3083318188425,379.53444005289435,303.28035353843256
2013-11-06 16:00:00,226.10216204658195,326.6736619588393,360.982062638831
2013-11-06 18:00:00,210.35828528276727,297.9350654512826,377.99793512095226
2013-11-06 20:00:00,188.83401657486004,296.06580791100936,376.1225165141602
2013-11-06 22:00:00,173.369271232776,296.7046097612175,421.8849514201039
2013-11-07 00:00:00,137.93184191015862,295.8717268163876,389.74834121247153
2013-11-07 02:00:00,127.40995074165781,296.0525267024077,367.68635684473514
2013-11-07 04:00:00,143.2035864683147,297.6423567979549,345.685423202093
2013-11-07 06:00:00,206.3173817495346,355.51247414939354,300.0080425546928
2013-11-07 08:00:00,237.90602425670463,408.65897043698783,180.10418988013382
2013-11-07 10:00:00,192.14972344704657,392.1299989394538,205.5340856965617
2013-11-07 12:00:00,193.55959103462956,408.0462421836515,222.0084055359881
2013-11-07 14:00:00,199.3284643777933,494.9932485467162,332.0846795576291
2013-11-07 16:00:00,240.68117491269186,620.192227100458,399.5998322960693
2013-11-07 18:00:00,255.61412939524826,675.4581760577227,427.56801250572005
2013-11-07 20:00:00,250.74462250256764,667.1905590330557,445.7210298709799
2013-11-07 22:00:00,253.98172170726446,701.9524195949458,450.38797649284965
2013-11-08 00:00:00,246.3110582550398,685.6005064143898,476.43231251571086
2013-11-08 02:00:00,227.33699302226034,659.9561888169104,473.1668338814528
2013-11-08 04:00:00,220.1763098480062,664.8426932514698,480.55823169279404
2013-11-08 06:00:00,198.54228753085914,597.8517331320106,449.02999494472283
2013-11-08 08:00:00,139.91393981193391,513.9660146474536,357.0033519745775
2013-11-08 10:00:00,144.33281397514403,480.1825163688953,361.87787787139877
2013-11-08 12:00:00,169.3959855581092,514.6635647458254,392.1409467688149
2013-11-08 14:00:00,191.12953471076142,512.2373082953306,493.7679466946262
2013-11-08 16:00:00,237.5878997096576,517.975149202414,524.0288767294201
2013-11-08 18:00:00,240.83054957133498,382.99648217848124,523.2014226630539
2013-11-08 20:00:00,210.79484627053142,332.00736489262795,520.2207215771475
2013-11-08 22:00:00,243.1598360962459,311.6010532426996,479.25437458840975
2013-11-09 00:00:00,172.8254792146557,304.44016505514406,371.7849831963544
2013-11-09 02:00:00,136.13929311452452,320.73950423257975,297.95713510956296
2013-11-09 04:00:00,124.67200424191225,339.1266845313951,252.62098254732624
2013-11-09 06:00:00,129.14790892750273,343.56731719438056,238.85772610686018
2013-11-09 08:00:00,4.6143768386461756e-07,64.34027194953887,1.0166164947761952e-06
2013-11-09 10:00:00,4.693286518851157e-07,108.98058264854578,1.0212493975122546e-06
2013-11-09 12:00:00,6.560103647447507e-07,6.184187342842924e-06,1.3385813513996145e-06
2013-11-09 14:00:00,28.411901736995755,336.0105647614247,40.130045539023
2013-11-09 16:00:00,164.64941479512055,325.5748827266216,286.06193641902735
2013-11-09 18:00:00,194.51915157350055,322.0669152134601,309.7151404571699
2013-11-09 20:00:00,225.54883429787927,324.57268705731184,342.1439029719702
2013-11-09 22:00:00,256.1877614908665,402.2262105981056,385.25027100237634
2013-11-10 00:00:00,261.89592132095345,566.8911942360768,386.724832528088
2013-11-10 02:00:00,254.0588632009858,719.5732427407762,378.51335015205797
2013-11-10 04:00:00,238.30693776007604,645.3747044967629,414.48255688291107
2013-11-10 06:00:00,273.0991727419723,470.4083504555029,473.03416575315697
2013-11-10 08:00:00,172.8566454726342,268.0854108672478,446.82139066467204
2013-11-10 10:00:00,151.38270329836502,265.1155265800007,385.2206981217699
2013-11-10 12:00:00,131.88712242352554,293.80291839428827,360.6007548256881
2013-11-10 14:00:00,121.53641667774112,309.65937941533,351.84792183645783
2013-11-10 16:00:00,142.74103457132787,402.0213399443647,357.9621482616769
2013-11-10 18:00:00,153.27258068443297,535.0175243904765,357.2914201129314
2013-11-10 20:00:00,170.04809362799028,681.8223435579891,380.143463655354
2013-11-10 22:00:00,190.81718705774264,622.649637473342,426.42391656848
2013-11-11 00:00:00,251.95812993206334,668.1063244063549,430.82095138111134
2013-11-11 02:00:00,309.10203532756947,691.3159226127835,511.53481725078996
2013-11-11 04:00:00,318.4499181665147,659.8795493390941,611.2709510434426
2013-11-11 06:00:00,270.7811245777886,506.6996230199635,689.5005456158362
2013-11-11 08:00:00,143.6257764527811,284.1738386475715,505.6272457624944
2013-11-11 10:00:00,131.0898484385727,329.2835490635189,413.6265848387574
2013-11-11 12:00:00,131.08984850150736,325.28993874853563,416.516143122045
2013-11-11 14:00:00,132.52026167510056,385.07311403120383,448.27876311148384
2013-11-11 16:00:00,130.88676715003956,388.3970975760282,417.95765541325613
2013-11-11 18:00:00,121.95567821328645,367.3239956624688,397.7424195489038
2013-11-11 20:00:00,120.51876091692515,365.8489441266634,368.8153182195403
2013-11-11 22:00:00,121.32430555064813,360.36773787460044,343.1804270236703
2013-11-12 00:00:00,121.83120297197357,364.49064015852167,329.0691107315736
2013-11-12 02:00:00,123.76534993412015,377.1818702253468,324.66782267019954
2013-11-12 04:00:00,129.31566460381572,391.0307125365066,328.7606545842197
2013-11-12 06:00:00,123.58602334148087,405.5819233150644,332.15038515564055
2013-11-12 08:00:00,142.0166239268984,410.70404872195655,277.6620994642609
2013-11-12 10:00:00,201.0036579255215,451.6147273635398,305.48208135828236
2013-11-12 12:00:00,234.86551763143027,436.0874300908006,343.6239189089311
2013-11-12 14:00:00,247.92209014558162,487.8925032600348,389.66664844750414
2013-11-12 16:00:00,230.2321904091067,496.6440493865224,457.72230242092184
2013-11-12 18:00:00,189.08834655731744,447.81114059296834,465.02110037166216
2013-11-12 20:00:00,161.8847758088329,411.9256522093147,454.62086230808785
2013-11-12 22:00:00,167.42637814915824,398.0283163218645,444.72065212281336
2013-11-13 00:00:00,182.93140148690642,432.62080101636445,440.3257326040945
2013-11-13 02:00:00,187.27613434056306,500.3976162708302,421.11129273880334
2013-11-13 04:00:00,205.70663941896703,582.5662769746111,395.4442484229067
2013-11-13 06:00:00,228.69669311831044,649.4955793702429,399.87878220575357
2013-11-13 08:00:00,125.50571333440513,376.19756220590324,355.8106898868568
2013-11-13 10:00:00,130.19460757305995,360.9720230889125,359.9171043238015
2013-11-13 12:00:00,146.71764448563775,372.1613822143193,346.0694661250526
2013-11-13 14:00:00,175.9666477851502,416.29612106558795,373.71939983330276
2013-11-13 16:00:00,245.48627421005196,665.6905557683982,440.9324935271597
2013-11-13 18:00:00,243.76290168190687,694.9291469950643,467.00099349426273
2013-11-13 20:00:00,197.08724144662085,561.2472439257238,463.88632676346265
2013-11-13 22:00:00,167.99056158736767,491.08636247684126,451.5351663924627
2013-11-14 00:00:00,144.40445440248996,450.48646731227814,436.12482565226327
2013-11-14 02:00:00,130.4537373488142,414.84430042639815,406.3783816805035
2013-11-14 04:00:00,126.87011812580303,391.76329593906456,379.49136663779353
2013-11-14 06:00:00,126.52894039135943,364.51282824786057,376.5602234535266
2013-11-14 08:00:00,129.69734453680974,334.19478161337395,346.34819742787346
2013-11-14 10:00:00,154.6074474306734,331.6265565657621,349.8298406887488
2013-11-14 12:00:00,172.6050594225111,315.2376708416811,381.9932034680224
2013-11-14 14:00:00,185.72079015437487,342.6129150432473,456.64298186024706
2013-11-14 16:00:00,197.10417365213237,381.20637477352375,543.161905410629
2013-11-14 18:00:00,175.87691576248594,380.7912563860904,598.5390436792284
2013-11-14 20:00:00,155.73329924192763,357.27984103175305,619.3866834626856
2013-11-14 22:00:00,186.59087358980918,351.1435382267943,596.5972417966304
2013-11-15 00:00:00,244.55968038929808,358.7494240176246,646.9274108317638
2013-11-15 02:00:00,264.8848956548684,399.0308730891794,681.3123839651519
2013-11-15 04:00:00,253.8151766767408,422.1472129345441,720.6172814510023
2013-11-15 06:00:00,260.9857600253865,436.32532459779003,716.4512076879829
2013-11-15 08:00:00,125.26650664425526,282.0637563451415,511.24320940728705
2013-11-15 10:00:00,127.13121770363236,276.3455312627303,513.1157851426427
2013-11-15 12:00:00,151.04346465514064,273.66149618721556,509.60062561383745
2013-11-15 14:00:00,193.54193061390137,316.130445321837,562.1021328775672
2013-11-15 16:00:00,286.22408273900527,421.7750959964637,645.6994995640665
2013-11-15 18:00:00,312.906783383442,515.9832309497828,571.366674593429
2013-11-15 20:00:00,323.72748569462215,589.8056430004425,510.5043932919107
2013-11-15 22:00:00,322.27758914426306,641.3631421165863,471.63078178059055
2013-11-16 00:00:00,294.353852073519,708.1616113423372,425.69476745409423
2013-11-16 02:00:00,268.2698787907513,703.3150480654552,388.6175976705902
2013-11-16 04:00:00,260.9748132669388,759.4810983970357,376.28284379429687
2013-11-16 06:00:00,237.09452736872964,764.2405931493693,374.9684925650499
2013-11-16 08:00:00,185.91395075896503,638.2529730962009,340.8308889617848
2013-11-16 10:00:00,182.73467925235278,592.4684663113211,337.2105958662953
2013-11-16 12:00:00,176.26521524650727,549.9316339685214,322.2342488870912
2013-11-16 14:00:00,188.2319388529707,612.0612758418142,349.9248115602635
2013-11-16 16:00:00,203.7569704954002,695.2602290224331,361.51295296267904
2013-11-16 18:00:00,219.0069714397799,748.9895052056553,362.58773869482013
2013-11-16 20:00:00,246.26676174733498,764.5724175369246,388.1754483503653
2013-11-16 22:00:00,343.764414945766,785.1305640828748,421.1870260828228
2013-11-17 00:00:00,378.58205170585205,1011.2053599850676,448.9485749470625
2013-11-17 02:00:00,415.0837283303992,786.3620013312832,491.2621841036237
2013-11-17 04:00:00,451.357718883556,782.0930468855764,527.8047104436765
2013-11-17 06:00:00,475.3897341327123,759.9902490286828,589.0800039425139
2013-11-17 08:00:00,440.0618254651663,691.3836834197098,568.8494216779482
2013-11-17 10:00:00,372.1304504545646,648.2118815798914,590.8169835241547
2013-11-17 12:00:00,342.84324787418166,652.1564397151272,618.5695837524481
2013-11-17 14:00:00,371.78082248303247,708.1437947870875,710.4746819736092
2013-11-17 16:00:00,421.5063874862783,718.3416596053088,764.2973592080443
2013-11-17 18:00:00,463.2958061081887,703.3653825044404,745.7617174012352
2013-11-17 20:00:00,476.17059005488704,731.376164656706,711.801467212779
2013-11-17 22:00:00,385.2835925957959,759.7601919866289,654.5614547066087
2013-11-18 00:00:00,373.7821433294232,777.7412340776455,607.9676077118161
2013-11-18 02:00:00,403.6938753137774,781.351861263064,591.0720145159318
2013-11-18 04:00:00,428.17366811687117,786.0506133876618,600.617592744433
2013-11-18 06:00:00,375.08436099872847,779.6817313060087,604.5327780034937
2013-11-18 08:00:00,277.5209899413609,620.8980099915697,421.15021557249935
2013-11-18 10:00:00,261.0788716093289,600.1276629526603,444.57693009752956
2013-11-18 12:00:00,260.7768988558566,530.3287809757414,464.70259107329576
2013-11-18 14:00:00,252.76572265542052,506.7915479779447,511.5740541768641
2013-11-18 16:00:00,236.1821146381809,513.8570226693613,601.3587902845461
2013-11-18 18:00:00,193.94147159066821,551.175370796161,496.3837042907569
2013-11-18 20:00:00,169.8289093218541,553.7438217674744,443.2477768505457
2013-11-18 22:00:00,177.32143034573704,614.0411449519738,454.726682700726
2013-11-19 00:00:00,191.05428563687727,617.5802311215971,448.8663559249893
2013-11-19 02:00:00,226.73775848691204,489.57540185139845,487.65796300543735
2013-11-19 04:00:00,255.35268353607717,431.35636030900116,514.6905714919998
2013-11-19 06:00:00,249.36621767010493,416.2684198631599,528.0793479357553
2013-11-19 08:00:00,184.35921716545045,299.49948011215616,455.688425041205
2013-11-19 10:00:00,191.74229386246222,302.6055630983823,433.13933086687615
2013-11-19 12:00:00,146.2199432635928,315.6989234722401,467.09668475145077
2013-11-19 14:00:00,139.9387181711299,313.98089749064377,490.2991107681201
2013-11-19 16:00:00,156.769582243373,343.45238717354187,489.8344133638236
2013-11-19 18:00:00,189.42706573725408,346.71917926186313,509.50094948266843
2013-11-19 20:00:00,206.79824224700081,350.9928967923888,560.9022941055894
2013-11-19 22:00:00,256.7267699442632,399.7222106411285,581.3041531214071
2013-11-20 00:00:00,247.8476656629949,398.17436229908225,569.0240827373875
2013-11-20 02:00:00,276.92175835577837,446.45856610448965,557.0356558487385
2013-11-20 04:00:00,303.94451374804714,475.53497550157556,539.3746145546867
2013-11-20 06:00:00,266.5858337684738,458.7681041653885,529.3168185625034
2013-11-20 08:00:00,134.28675512991077,295.6875177368336,421.7300887212026
2013-11-20 10:00:00,138.32922709056035,340.6416784667172,385.8341697210661
2013-11-20 12:00:00,128.68531875176228,315.41460111871635,405.60039901822495
2013-11-20 14:00:00,126.56107785560009,294.54273598990625,451.9155282996809
2013-11-20 16:00:00,126.85866337260127,311.2543794793128,461.1408442427838
2013-11-20 18:00:00,124.28197705201852,323.0157938681029,444.05670336508047
2013-11-20 20:00:00,130.04180406178517,336.41432552361,462.5270549880881
2013-11-20 22:00:00,142.98469991113845,409.54012025375533,472.3801211308921
2013-11-21 00:00:00,139.79192831061553,528.5202244478828,451.8743191253512
2013-11-21 02:00:00,140.64941848885687,605.598692891219,454.46618080971075
2013-11-21 04:00:00,155.7752638395519,591.275859121403,501.0067976779431
2013-11-21 06:00:00,175.83591420182168,538.4253942155972,564.8771518619735
2013-11-21 08:00:00,135.62598514352615,410.5445057034736,484.2846386841154
2013-11-21 10:00:00,124.75869518488062,381.1174583492378,497.6695112211103
2013-11-21 12:00:00,135.1022781755667,345.5898792565426,521.3918715359291
2013-11-21 14:00:00,153.5567307164821,355.74904225704785,561.6174101286364
2013-11-21 16:00:00,189.30688445267373,367.86583460612616,556.663394438899
2013-11-21 18:00:00,196.870680432813,371.78656640865864,515.9558538179657
2013-11-21 20:00:00,216.3226395207946,389.1182962297992,493.002721418126
2013-11-21 22:00:00,213.0582717157303,390.5967851922404,454.63732298363084
2013-11-22 00:00:00,221.99298759928712,371.08241669476416,463.02867857548136
2013-11-22 02:00:00,218.7464759473445,381.57321969706453,437.8754040781868
2013-11-22 04:00:00,184.99533140258032,391.9542054355404,402.3675130380068
2013-11-22 06:00:00,171.82115491084733,383.74829931707774,387.0732925628614
2013-11-22 08:00:00,158.7574882975193,332.833729095074,377.9311730449824
2013-11-22 10:00:00,155.13535483723888,300.7134330674323,390.78095036081436
2013-11-22 12:00:00,151.86996813675123,292.2703571445919,381.97409051054507
2013-11-22 14:00:00,169.90971882313823,288.5110839987731,419.6759728811072
2013-11-22 16:00:00,191.05920851835424,319.3257721882953,434.99530449036206
2013-11-22 18:00:00,206.87201011506474,387.43910131530373,430.5113215051198
2013-11-22 20:00:00,220.3979890674081,390.64916475227915,446.7419409945348
2013-11-22 22:00:00,252.33181599141423,393.83137522916553,520.3077694537538
2013-11-23 00:00:00,265.74874667248474,401.169128720314,544.8050695980011
2013-11-23 02:00:00,271.02278945392777,412.8564163746457,555.5478283674628
2013-11-23 04:00:00,269.45935002622787,434.4304192697965,567.9568104763101
2013-11-23 06:00:00,249.96537684308592,420.7536567603833,579.2467063585497
2013-11-23 08:00:00,223.64064066242793,365.7862484306242,526.4039450111343
2013-11-23 10:00:00,188.21143554495399,378.87465962074936,555.4648172352636
2013-11-23 12:00:00,180.76293073093638,344.63553189776667,558.7102296853034
2013-11-23 14:00:00,210.76719842212987,363.9895992347259,573.6430423636692
2013-11-23 16:00:00,274.2268732953478,412.63774437060937,563.2383591639924
2013-11-23 18:00:00,288.60644529947086,442.37198795047766,539.2209986528364
2013-11-23 20:00:00,293.0344862404245,477.41485123821934,522.3642746601386
2013-11-23 22:00:00,284.45516260048464,525.911234088202,506.1950971503224
2013-11-24 00:00:00,244.61326502029684,499.7452369544192,460.1532911493221
2013-11-24 02:00:00,210.88810279629396,456.82933679372917,424.5850472616338
2013-11-24 04:00:00,198.25405135327836,444.3699581539657,384.6859653107499
2013-11-24 06:00:00,196.00993264398215,462.09973264093634,347.337457021697
2013-11-24 08:00:00,154.6235380529161,532.55342680158,302.3929093884966
2013-11-24 10:00:00,135.5051412705243,454.0438065659038,304.51434153725415
2013-11-24 12:00:00,139.69103218455294,382.3170839145307,306.787222374491
2013-11-24 14:00:00,143.71526777572285,394.11352707905013,311.97971579207615
2013-11-24 16:00:00,159.8806871873563,392.2605886590743,332.59042533842404
2013-11-24 18:00:00,171.1234270882484,438.8520106178935,365.6774926772347
2013-11-24 20:00:00,198.61690300068142,466.06311719418125,395.8940014994386
2013-11-24 22:00:00,221.96221886556208,488.7163955271568,406.37432148823916
2013-11-25 00:00:00,215.29266088741772,535.3205031882211,403.5071950136441
2013-11-25 02:00:00,212.2202531028973,555.1082888611139,397.96559156125846
2013-11-25 04:00:00,206.89199081473973,577.1824867266424,401.87673066696186
2013-11-25 06:00:00,194.3950713245519,586.8987204964391,416.78017119766923
2013-11-25 08:00:00,151.0959129753653,501.72936515888125,304.0169825690216
2013-11-25 10:00:00,142.46962475005932,448.8670185976704,302.14012324184364
2013-11-25 12:00:00,137.7523219947309,404.7649977901567,306.8726819298419
2013-11-25 14:00:00,168.46836140246427,406.85974711408704,338.16825293932953
2013-11-25 16:00:00,201.47374348760454,413.52840149681475,412.9997070723513
2013-11-25 18:00:00,237.02554282921002,402.03622230938674,431.70100375499334
2013-11-25 20:00:00,269.71091908455287,462.91096086361597,458.2565865308376
2013-11-25 22:00:00,302.5273549959443,425.5069454316725,473.2285040130932
2013-11-26 00:00:00,301.2916636255492,474.5367016608148,500.3213881762435
2013-11-26 02:00:00,269.94837605628345,490.06764390908324,535.7513218225874
2013-11-26 04:00:00,223.4563931128211,486.4377348854547,569.8629350634645
2013-11-26 06:00:00,251.85764805959536,553.7204208820075,630.2981751264568
2013-11-26 08:00:00,238.59174266290304,490.8531514606654,415.8478275336121
2013-11-26 10:00:00,232.52978205782472,480.620797715345,402.9907048383034
2013-11-26 12:00:00,239.04891364666275,501.09917058215916,450.69178193629546
2013-11-26 14:00:00,280.5078031523045,532.5225247950568,574.6496772225346
2013-11-26 16:00:00,300.4642515213054,577.3820718611249,691.8262956888314
2013-11-26 18:00:00,299.59720451840536,591.4634571801414,652.8165278459163
2013-11-26 20:00:00,309.9279527190082,626.4612936380616,601.7425540737768
2013-11-26 22:00:00,314.1953226352876,709.0712050761728,527.6260141913863
2013-11-27 00:00:00,292.85937191367816,779.3413794449681,472.9240230012799
2013-11-27 02:00:00,249.9367506846323,748.680863056241,420.033627619621
2013-11-27 04:00:00,230.723531603027,767.2199962334662,382.7642339859915
2013-11-27 06:00:00,223.75237396387112,778.3628310004415,354.20569853632304
2013-11-27 08:00:00,184.5474961603988,623.2124056913935,252.87797183888316
2013-11-27 10:00:00,168.20651710011865,486.4426878990498,250.06600935586175
2013-11-27 12:00:00,171.50601253888928,466.5746992061994,251.56290204479848
2013-11-27 14:00:00,207.31538052899774,535.9823975696211,273.5689142592462
2013-11-27 16:00:00,212.55963326918678,1031.1051143720874,309.0985550470545
2013-11-27 18:00:00,250.3584441463696,955.0869845607381,317.7723260779263
2013-11-27 20:00:00,226.50527823575146,920.062059988486,314.28999515498674
2013-11-27 22:00:00,253.19844824012966,949.84735585053,313.43898043041014
2013-11-28 00:00:00,249.26626545028805,825.0072258631191,312.96793160079136
2013-11-28 02:00:00,255.23701582870402,889.2182527062834,297.89883848314287
2013-11-28 04:00:00,254.6210726920569,874.7840576422228,290.2406185277167
2013-11-28 06:00:00,260.36395250634627,857.6963356726136,293.61149185909863
2013-11-28 08:00:00,251.62400355800318,933.3138326126748,288.531197663392
2013-11-28 10:00:00,224.89934352012543,846.0240411288316,297.02261721515913
2013-11-28 12:00:00,206.763121660656,825.1552463871216,278.1836361855764
2013-11-28 14:00:00,219.05268564521498,894.8421408130014,273.67651729657354
2013-11-28 16:00:00,242.84642407716711,901.5398431200531,277.99126554600565
2013-11-28 18:00:00,245.77275325432856,888.9004511198013,282.2561763807412
2013-11-28 20:00:00,244.02117339538938,936.805255807814,295.24644081211227
2013-11-28 22:00:00,248.03699861716754,765.7950719936924,329.08135212580834
2013-11-29 00:00:00,213.80018686999756,784.0703824253694,360.8930800110621
2013-11-29 02:00:00,216.9441730958905,783.527979231691,384.1751531607688
2013-11-29 04:00:00,200.29283194032888,686.035740440959,393.8847075619698
2013-11-29 06:00:00,153.51546129347602,503.53953358891266,386.1790658486578
2013-11-29 08:00:00,123.68454960156623,405.88809871522034,345.5986648788714
2013-11-29 10:00:00,113.67571982732183,344.93926079446226,302.42903186188903
2013-11-29 12:00:00,46.49585493344185,276.99285692660044,267.0259624569235
2013-11-29 14:00:00,49.518927635802484,265.09627939944806,256.69995539875555
2013-11-29 16:00:00,114.4425104957356,269.1928110495385,243.954868886385
2013-11-29 18:00:00,114.55334788445779,281.0787108400356,242.9085678311876
2013-11-29 20:00:00,115.72768048366493,320.4795159322029,252.4538052933345
2013-11-29 22:00:00,119.16264230940044,353.1106503332941,271.68233936669657
2013-11-30 00:00:00,121.52689605743645,359.14073638939493,296.6887994720058
2013-11-30 02:00:00,134.31014705514343,350.0085424126952,322.9054432242932
2013-11-30 04:00:00,136.960072651045,348.5270614979485,342.1487491964093
2013-11-30 06:00:00,157.3204886027238,456.5867583885137,367.4844762641331
2013-11-30 08:00:00,167.5756495369353,427.73042176784514,335.1295122453825
2013-11-30 10:00:00,181.10905136484845,381.4961921371139,346.5985724389915
2013-11-30 12:00:00,175.30846327676306,420.2521339223785,386.4469369213794
2013-11-30 14:00:00,171.09791501077333,402.7126660872739,451.5105236165136
2013-11-30 16:00:00,215.29178006396236,500.58599295229067,465.90623088166916
2013-11-30 18:00:00,199.61256026209995,556.4804902479202,413.30762364072973
2013-11-30 20:00:00,192.61151702669116,512.7857114923371,393.3260904243161
2013-11-30 22:00:00,222.07442378442573,606.1518149252777,387.8746698014015
2013-12-01 00:00:00,241.91870154280022,826.2028875583824,373.4845861761429
2013-12-01 02:00:00,222.72265883945772,894.9879168427365,340.20203619122657
2013-12-01 04:00:00,186.70971800588546,684.1444664083233,308.84922570835835
2013-12-01 06:00:00,206.55591399327486,955.7548893719243,292.7228587204552
2013-12-01 08:00:00,164.96809938263377,549.9722734006082,243.2853417345048
2013-12-01 10:00:00,144.64709360692322,413.48150865169913,205.60066622665502
2013-12-01 12:00:00,175.22559452739497,545.0676352077146,256.46745789815577
2013-12-01 14:00:00,197.9869119971115,714.3156701268697,277.6934210301139
2013-12-01 16:00:00,214.8772868327716,874.767132128538,289.4907564240747
2013-12-01 18:00:00,212.21409400854398,749.2138010083268,317.7966735267005
2013-12-01 20:00:00,228.57898374475823,724.5569799393309,369.8056854931075
2013-12-01 22:00:00,229.80279124678958,706.3353094771863,415.7563758321765
2013-12-02 00:00:00,277.5066962897619,644.5133576071632,520.1341884482365
2013-12-02 02:00:00,314.01159628702663,613.5751049947482,614.9355020166424
2013-12-02 04:00:00,364.691556749076,595.3624797060324,725.945727317368
2013-12-02 06:00:00,391.24841979920336,622.1331837530926,798.2629537176875
2013-12-02 08:00:00,308.3533882497662,519.4341041995742,493.9602143635581
2013-12-02 10:00:00,191.71222609420653,368.87088763548684,402.69917655801646
2013-12-02 12:00:00,210.17048125919666,399.6299121048124,392.75706763343146
2013-12-02 14:00:00,269.2315953213681,456.0982842378291,467.64628696733325
2013-12-02 16:00:00,392.1590697884399,585.0794391400116,611.8421513385618
2013-12-02 18:00:00,389.7648508736958,748.562383622999,600.8052066375171
2013-12-02 20:00:00,320.0494528206877,881.5980567087645,579.2252398969694
2013-12-02 22:00:00,383.20112604026565,982.6701861708511,548.2262634208132
2013-12-03 00:00:00,363.34249106290105,1085.1777458330482,547.6398859668121
2013-12-03 02:00:00,423.65938767423097,1084.232299765408,564.7765548416155
2013-12-03 04:00:00,360.8818083280272,1194.612261395168,585.9354165087366
2013-12-03 06:00:00,358.7418616097113,1085.7163605666424,573.5327802075469
2013-12-03 08:00:00,240.36706561749844,572.8811755198623,391.6777171399007
2013-12-03 10:00:00,190.04615890298476,393.1767663070405,346.09932100665213
2013-12-03 12:00:00,191.36228797439082,412.2056847487496,360.7776124995856
2013-12-03 14:00:00,237.87834503122093,516.2767671878391,430.515403613519
2013-12-03 16:00:00,311.1070923472535,775.8757841675553,507.38916057133054
2013-12-03 18:00:00,293.23986816846366,716.6547491960658,481.5179837346142
2013-12-03 20:00:00,268.9207084088216,680.4633498174404,446.1525645345502
2013-12-03 22:00:00,226.7903142946724,592.1951166437235,400.58579592936997
2013-12-04 00:00:00,209.76905389057544,571.8680182994748,384.0273026616574
2013-12-04 02:00:00,191.25954351255223,551.6705060250223,361.8045065308852
2013-12-04 04:00:00,167.9090938063696,498.79109150544303,332.3256142826606
2013-12-04 06:00:00,143.02656652289508,430.68586304412463,303.280940726174
2013-12-04 08:00:00,150.16372039912272,492.58681768272277,192.5696004100382
2013-12-04 10:00:00,150.16372254200635,492.7192135145988,193.9077532368753
2013-12-04 12:00:00,148.3416855312877,439.33448452197985,256.1264937897915
2013-12-04 14:00:00,152.8553800092467,500.31918410612786,287.95789586798
2013-12-04 16:00:00,146.99785612042714,422.85647663784357,310.6373514162055
2013-12-04 18:00:00,146.52179658934068,456.91078886482023,306.6511271429568
2013-12-04 20:00:00,157.80882882990872,492.5660138093501,300.8695561775279
2013-12-04 22:00:00,141.12927232617704,483.68634074170757,301.19390311795144
2013-12-05 00:00:00,135.12509018332577,474.53860873131515,294.95775367481673
2013-12-05 02:00:00,128.9671556364693,460.9641500726112,288.0255035629368
2013-12-05 04:00:00,117.85366933928697,429.5930221865963,276.2475099003606
2013-12-05 06:00:00,21.676174396648012,378.2927198983484,263.73101620157826
2013-12-05 08:00:00,7.102964514492865e-07,62.045637532930684,2.234211235473834e-06
2013-12-05 10:00:00,8.424296578810491e-07,2.010556132356679e-06,2.8975131027482097e-06
2013-12-05 12:00:00,1.100833214015861e-06,2.4859521610824222e-06,2.1374989922060403e-05
2013-12-05 14:00:00,7.186918113407763e-06,7.3054549074091845e-06,113.69492480771184
2013-12-05 16:00:00,21.71963688714802,264.3237054859801,187.43764307036483
2013-12-05 18:00:00,22.07891615524552,261.82014880807776,189.90915552494803
2013-12-05 20:00:00,21.889148754295952,262.5473654857993,187.58568216755032
2013-12-05 22:00:00,23.344249875909135,279.8394171198908,187.05096231503146
2013-12-06 00:00:00,23.62670199631105,276.39626591590104,185.90686308912422
2013-12-06 02:00:00,23.95357918543241,267.2236914643393,191.26770809706778
2013-12-06 04:00:00,23.024873942950304,298.3620528315649,179.95181441314332
2013-12-06 06:00:00,22.703781022478722,300.72618444853066,145.74429001119208
2013-12-06 08:00:00,5.174128222835171e-07,283.88291183690853,1.0671454917192816e-06
2013-12-06 10:00:00,4.771666507575645e-07,276.5447130519309,9.762514515308165e-07
2013-12-06 12:00:00,5.358975158248678e-07,178.70096344819166,9.95053227351528e-07
2013-12-06 14:00:00,7.103681615384533e-07,283.2477711686763,26.764428495903005
2013-12-06 16:00:00,23.06340691668842,352.46030410081124,119.82767144671352
2013-12-06 18:00:00,2.2686540766034414e-06,405.2571754908475,162.9895173006231
2013-12-06 20:00:00,25.040502214044974,438.89972611905665,170.85086341894933
2013-12-06 22:00:00,136.1730772857897,453.09158452032744,179.61034236150562
2013-12-07 00:00:00,149.13440138115072,600.7797796431839,234.49476406971226
2013-12-07 02:00:00,162.36237120260077,733.3000249296614,244.59252004296889
2013-12-07 04:00:00,193.31180018351154,800.3705096734092,255.14410873240834
2013-12-07 06:00:00,225.19968359144627,608.2687390128834,271.8272313484381
2013-12-07 08:00:00,205.1152321887299,439.291820731794,44.692158648453315
2013-12-07 10:00:00,201.94946423948258,378.78373790898564,222.23396607792338
2013-12-07 12:00:00,180.48973311381047,384.8349154938648,303.24181900638996
2013-12-07 14:00:00,190.78485816552651,443.8877979581387,373.2720847158508
2013-12-07 16:00:00,205.59614195427167,414.3461646640256,449.92266257570435
2013-12-07 18:00:00,221.81867114829925,396.9572040298854,500.4720333081008
2013-12-07 20:00:00,203.95793667044745,391.40997112615804,538.0267698872536
2013-12-07 22:00:00,171.29811409143355,409.65261033151694,500.97486476248673
2013-12-08 00:00:00,147.73502398032628,406.17699912139864,462.14638598579836
2013-12-08 02:00:00,132.843608943752,400.1571438952755,427.3489338536043
2013-12-08 04:00:00,133.99626425969896,392.46940844835973,382.07476154235025
2013-12-08 06:00:00,134.75910730645447,392.64770535162216,343.583046545747
2013-12-08 08:00:00,27.186712343406523,415.80035218808615,207.7725754706218
2013-12-08 10:00:00,23.995515495546112,325.3207729512663,0.8147002503753605
2013-12-08 12:00:00,1.9973979719273915e-06,281.41311877419423,55.37253914825691
2013-12-08 14:00:00,22.30512971148424,320.4534912486567,174.3281134426028
2013-12-08 16:00:00,114.0296095353704,316.99389635572476,188.49218866975355
2013-12-08 18:00:00,119.6170374050706,314.8223568069725,240.12618796547082
2013-12-08 20:00:00,119.63005516704716,308.59487048325116,193.2439765894741
2013-12-08 22:00:00,123.6210991458073,302.97478038077077,218.11234862501
2013-12-09 00:00:00,123.35043115240562,302.90716521056163,216.8011755997341
2013-12-09 02:00:00,123.86558334424473,307.0398298757579,219.87071634909296
2013-12-09 04:00:00,124.98875312969699,367.7943051280187,251.84720756543072
2013-12-09 06:00:00,117.65486948907183,337.1040522398843,273.084400930475
2013-12-09 08:00:00,126.9914750115079,344.0012482079354,218.97239569966123
2013-12-09 10:00:00,123.53171080228837,319.2908438090013,271.2845195191845
2013-12-09 12:00:00,143.04670836303376,358.2244516897995,304.9495734316236
2013-12-09 14:00:00,159.62720908052535,389.256477058782,357.00027888516274
2013-12-09 16:00:00,187.93249020483242,585.252802989996,428.0369009569826
2013-12-09 18:00:00,209.49130427690443,579.9941677748313,455.67352183784527
2013-12-09 20:00:00,215.24760621209182,599.6055547679268,475.26425214741306
2013-12-09 22:00:00,280.0149283645615,613.7290239603882,533.26122827715
2013-12-10 00:00:00,251.00568151797515,591.7705044726156,530.9827974891258
2013-12-10 02:00:00,235.0085759335057,554.9189589155741,507.803489407046
2013-12-10 04:00:00,223.11199436887017,538.5428823306556,502.55853140738037
2013-12-10 06:00:00,214.52259849000464,534.986331786647,482.95782295613543
2013-12-10 08:00:00,159.82115268038385,468.31567930908676,344.27119724723883
2013-12-10 10:00:00,123.06122288535633,345.19038057578774,350.7952848469069
2013-12-10 12:00:00,130.81229301798862,360.67918890448726,381.33492958988063
2013-12-10 14:00:00,165.1922585066625,435.45523935319966,416.3764854125043
2013-12-10 16:00:00,223.5597434588742,657.9920976994529,473.48135272389317
2013-12-10 18:00:00,218.86320951728365,592.2307830545695,444.4738869490562
2013-12-10 20:00:00,216.69539240382878,554.0298290113236,439.5245011999847
2013-12-10 22:00:00,239.61905732699586,557.798603330878,479.3623732498351
2013-12-11 00:00:00,248.0155366480054,546.8307855374219,504.44407230190836
2013-12-11 02:00:00,263.49691913687076,558.4371405476608,531.8679275111162
2013-12-11 04:00:00,270.6975915456417,585.670495469294,567.0916527010371
2013-12-11 06:00:00,247.74632577549826,561.9617465612322,577.7712272261532
2013-12-11 08:00:00,169.44851946897305,380.7696079416124,411.668527658804
2013-12-11 10:00:00,136.1228681660282,326.40657227366376,424.97821372920293
2013-12-11 12:00:00,156.21197213495105,336.9747629223774,457.7995770715625
2013-12-11 14:00:00,180.26926255168206,394.83703148900383,510.76512719408527
2013-12-11 16:00:00,232.0102808911069,524.6881423588048,577.0834228347063
2013-12-11 18:00:00,214.66260210042762,458.26370166378933,543.7294384877075
2013-12-11 20:00:00,198.69252169678472,423.5104168869875,521.8326354770445
2013-12-11 22:00:00,197.77323353997744,410.94211313140846,542.4122157162296
2013-12-12 00:00:00,200.79638712184737,409.0558537075094,520.0909289694546
2013-12-12 02:00:00,198.07619310216424,394.6869167813024,521.0700229911455
2013-12-12 04:00:00,185.31008070640087,378.4076402698684,513.2640986105044
2013-12-12 06:00:00,166.28243023839138,376.5955882028622,489.4075672228167
2013-12-12 08:00:00,127.77835531157808,337.1017706590975,375.75923342070377
2013-12-12 10:00:00,128.99154289380905,373.26118084173345,372.14912408062906
2013-12-12 12:00:00,124.0427473462656,335.2447289257867,345.35575830374785
2013-12-12 14:00:00,130.91471426001226,372.87843986040804,366.01496013230013
2013-12-12 16:00:00,158.41967406779173,458.49275115555855,366.8297186402352
2013-12-12 18:00:00,155.1678245702566,442.442483498543,343.7222674456597
2013-12-12 20:00:00,155.98922606131129,438.15090108828593,340.29489003911533
2013-12-12 22:00:00,168.95697562918792,461.6370902893369,362.0846978579157
2013-12-13 00:00:00,166.18383446209455,445.52328919685345,353.98540834130193
2013-12-13 02:00:00,176.71001099400345,488.7800053378302,372.8643904550744
2013-12-13 04:00:00,184.13315050334836,502.49588742875926,404.59611878797125
2013-12-13 06:00:00,214.64428246310325,506.76248719232217,428.3999185740309
2013-12-13 08:00:00,185.59703646623018,455.0332359494216,342.47044016307586
2013-12-13 10:00:00,165.61595719606598,374.68489589176426,369.5077984366514
2013-12-13 12:00:00,155.8303022682797,383.93740671155564,381.7534510530685
2013-12-13 14:00:00,152.66084276498685,421.50724685881033,422.29772303180965
2013-12-13 16:00:00,177.18477270202698,421.90698878942334,479.0138331796035
2013-12-13 18:00:00,165.62302336702058,379.70227251538,469.15499029457555
2013-12-13 20:00:00,157.48173192169085,350.16600351434556,455.9946060284193
2013-12-13 22:00:00,170.5536797364238,336.58577414682395,473.19767934031313
2013-12-14 00:00:00,152.72788259252718,346.65242801009924,453.11306061104966
2013-12-14 02:00:00,156.72282920790204,362.2482012536072,421.15369074504287
2013-12-14 04:00:00,176.7722766615811,377.5285723996307,403.5003941024709
2013-12-14 06:00:00,187.86083377688192,376.37205250272393,418.94334638316684
2013-12-14 08:00:00,175.94458913125533,322.78160419427854,375.4085417123406
2013-12-14 10:00:00,153.7927296948859,297.1569375271965,416.788243873066
2013-12-14 12:00:00,140.32166462368363,301.120243045759,413.5640833327965
2013-12-14 14:00:00,148.3817157870933,320.6490856310788,421.72854225640594
2013-12-14 16:00:00,140.73360346069356,373.7928826910699,374.0777655005786
2013-12-14 18:00:00,121.17468003361645,317.3704478310843,364.8055506167864
2013-12-14 20:00:00,83.5375140335444,278.1664772256393,341.02436808874864
2013-12-14 22:00:00,20.988193511775325,267.27538661957806,306.88555770339985
2013-12-15 00:00:00,20.685531897747968,264.43768840480385,285.4736588648603
2013-12-15 02:00:00,20.63011099902556,265.24819058808976,269.30879382810735
2013-12-15 04:00:00,113.56631181584825,279.3904638954902,252.42950758232664
2013-12-15 06:00:00,112.75035340663007,316.57659750457276,257.69473990303055
2013-12-15 08:00:00,1.3404060890752249e-06,3.3904373795047685e-06,2.619530649397653e-06
2013-12-15 10:00:00,25.539068464726604,3.516746726629089,11.832976348380042
2013-12-15 12:00:00,25.344082104404812,293.85898589577334,213.7320789970994
2013-12-15 14:00:00,26.78110687629834,283.59088120290096,303.8302898619437
2013-12-15 16:00:00,114.92744885902638,285.46384371824877,334.5444792518157
2013-12-15 18:00:00,101.70291616599131,273.9420156484868,327.16324755942406
2013-12-15 20:00:00,21.135382082960295,271.7009360310559,321.63349366699345
2013-12-15 22:00:00,21.173370770973424,269.73208979822306,302.47350314340275
2013-12-16 00:00:00,20.937970925650752,268.3500857757259,292.4993704552249
2013-12-16 02:00:00,20.856579592119022,269.209134428935,278.41016540938125
2013-12-16 04:00:00,20.902347293549205,270.08133065437886,244.4423484069588
2013-12-16 06:00:00,20.85621058692809,269.9490108628654,223.0296020830865
2013-12-16 08:00:00,4.5514075375571556e-07,6.356845064997856e-07,8.341530986946895e-07
2013-12-16 10:00:00,4.748280018843746e-07,5.775400536536435e-07,8.388183128745029e-07
2013-12-16 12:00:00,4.89540913684839e-07,1.7959750298061977e-06,1.1138579768651144e-06
2013-12-16 14:00:00,20.87255646230865,282.56742816697914,1.4324673186874615
2013-12-16 16:00:00,115.3790696574188,280.4453637164564,261.12364281095427
2013-12-16 18:00:00,120.96938251471308,292.36191788771333,261.77370342947984
2013-12-16 20:00:00,125.05285166213397,297.5322008883892,282.74183300345754
2013-12-16 22:00:00,155.37550563981947,318.71077873658146,343.540236327061
2013-12-17 00:00:00,171.23955990132012,310.7595727998834,379.25827072685655
2013-12-17 02:00:00,195.963175899089,323.3219997830067,404.48743257397007
2013-12-17 04:00:00,212.50649396460895,383.63379380751826,368.25175190556774
2013-12-17 06:00:00,215.76585874019622,347.47444032974954,375.0663149206448
2013-12-17 08:00:00,250.88111718400242,387.11015978794654,305.4158647976879
2013-12-17 10:00:00,266.3880169016886,443.8672557650367,340.12020456834836
2013-12-17 12:00:00,281.0157137800956,512.4241380006669,382.89458269545383
2013-12-17 14:00:00,314.9124813234544,591.9232847049653,510.44554261875163
2013-12-17 16:00:00,332.8012931881805,571.4732181580339,758.6271408151332
2013-12-17 18:00:00,298.9923350244811,487.75195060489193,777.245938996479
2013-12-17 20:00:00,260.29673102877086,429.70999683755537,746.3884485626863
2013-12-17 22:00:00,199.0542367869163,334.4437692301302,637.1543542868999
2013-12-18 00:00:00,159.0760115171217,311.04165493630467,497.4899645670104
2013-12-18 02:00:00,147.0867977731718,303.2810915355702,425.0483851206359
2013-12-18 04:00:00,127.20150066752147,348.1352751162202,386.72013656062046
2013-12-18 06:00:00,117.92265884343182,317.09870331884633,353.6432116668421
2013-12-18 08:00:00,23.73063518529439,312.0374658996694,256.0820041890638
2013-12-18 10:00:00,22.55722656314335,292.1574678092697,315.92489814246136
2013-12-18 12:00:00,22.142806726857447,186.40139796710534,325.5194104482977
2013-12-18 14:00:00,23.64025441757856,263.1677771949866,343.55618946452773
2013-12-18 16:00:00,117.28220190634656,297.72814289281354,370.0398631082823
2013-12-18 18:00:00,120.16410611927243,268.80421202127656,349.7282519975478
2013-12-18 20:00:00,41.86581452138249,263.6124108365298,329.96511567802935
2013-12-18 22:00:00,36.316286796122405,262.49643166721023,313.68548889497947
2013-12-19 00:00:00,22.6612759176474,262.3794713763271,283.2384397796148
2013-12-19 02:00:00,22.51829028724195,262.3658297258562,261.17021355863295
2013-12-19 04:00:00,20.932314357929684,265.64270839036504,219.18231876289454
2013-12-19 06:00:00,116.71536012766803,309.77839865077556,214.18392361269235
2013-12-19 08:00:00,2.5138959706914798e-06,183.6769382468724,178.97928339423484
2013-12-19 10:00:00,23.277771320449617,193.4380219495446,216.98784178540498
2013-12-19 12:00:00,91.91863165742997,287.86299337104236,266.74503323923005
2013-12-19 14:00:00,141.97628608436773,377.1271780479657,316.6549022297023
2013-12-19 16:00:00,200.40836151904665,477.959665493765,334.77693460511006
2013-12-19 18:00:00,185.2094560286284,433.719882758141,374.83519796495165
2013-12-19 20:00:00,164.09430262419954,422.79416618474704,405.34319954882744
2013-12-19 22:00:00,143.71325440811654,388.1771598817375,415.3401227240026
2013-12-20 00:00:00,124.48937194213858,366.3179298541118,426.59755422876583
2013-12-20 02:00:00,120.36761461333118,389.0698155907968,413.9668496450558
2013-12-20 04:00:00,128.18593112678187,387.72862067796757,382.8475586461088
2013-12-20 06:00:00,136.56604942259744,369.1053243583521,369.9405991395196
2013-12-20 08:00:00,89.80079626872026,285.84885839308896,354.66404828943837
2013-12-20 10:00:00,4.4879400301862996e-07,72.99626275446127,331.1651168902464
2013-12-20 12:00:00,4.56340342285814e-07,193.12030582154762,302.1441712527201
2013-12-20 14:00:00,18.13037442153136,278.2034934096929,305.6315612542329
2013-12-20 16:00:00,114.56969610735807,336.80768215858944,301.3479995513144
2013-12-20 18:00:00,109.8051150778523,300.6862503671681,286.82904898944145
2013-12-20 20:00:00,26.525878010277772,282.2160847181687,276.4940764242598
2013-12-20 22:00:00,20.71709635163314,267.94484148622206,237.79130770025455
2013-12-21 00:00:00,20.631101609626672,267.43384499477435,228.03990499691105
2013-12-21 02:00:00,20.629069680535263,267.261485392865,217.39401074721826
2013-12-21 04:00:00,20.6290359341564,267.0256132357471,197.59119378241013
2013-12-21 06:00:00,9.465916870448517,264.78481561560983,190.49799256027958
2013-12-21 08:00:00,5.364530740499458e-07,3.071110441663328,1.158498392749541e-06
2013-12-21 10:00:00,5.404787703010136e-07,1.693972850842782e-06,1.2254312477750418e-06
2013-12-21 12:00:00,6.123717093775475e-07,1.1371731903052337e-06,1.3295631325900258e-06
2013-12-21 14:00:00,1.3638836708205187e-06,69.75644801580542,13.77922245379175
2013-12-21 16:00:00,17.315021489643133,263.5606437489513,94.64047176539528
2013-12-21 18:00:00,12.025914958204009,262.4019705765656,90.33786779995394
2013-12-21 20:00:00,9.793325244562153,261.9542700997231,87.86878420415265
2013-12-21 22:00:00,0.00029250263754518894,261.9324228075813,81.63705756749535
2013-12-22 00:00:00,0.0002649890832714206,262.0732994969713,65.45188909915403
2013-12-22 02:00:00,8.028763238864485,264.2071654419649,64.17018715412257
2013-12-22 04:00:00,20.74005511996865,268.88360431350344,83.43000067193276
2013-12-22 06:00:00,20.77824791718412,267.81427847894764,87.59697712377293
2013-12-22 08:00:00,4.874652492314869e-07,26.563841871331203,1.293105527022271e-06
2013-12-22 10:00:00,4.7179292263062516e-07,7.615186267003461e-07,3.6609427705567157e-06
2013-12-22 12:00:00,4.820639754391279e-07,9.346360870377822e-07,3.036299086510399e-06
2013-12-22 14:00:00,1.2166539534984703e-06,158.9266492581314,27.22000950815155
2013-12-22 16:00:00,20.880041796657196,266.8406786879923,69.34711519085552
2013-12-22 18:00:00,0.0003724935029254559,267.8324436259068,80.75290721365036
2013-12-22 20:00:00,0.00034748052192731116,269.9301809730411,93.04914496022687
2013-12-22 22:00:00,21.415908236113626,296.3151177034704,150.17616661913272
2013-12-23 00:00:00,21.626906676962747,285.0504699659219,157.97836674462533
2013-12-23 02:00:00,25.22324966574474,303.4518692805484,183.50649812184173
2013-12-23 04:00:00,24.347254211240802,312.609384763837,194.88649131681905
2013-12-23 06:00:00,87.98368168119593,308.977010873622,218.0070340272415
2013-12-23 08:00:00,9.359242761127086e-07,3.02736935164367e-06,1.8735199939434993e-06
2013-12-23 10:00:00,4.720208089018473e-07,1.40770019777473e-06,1.059838223227809e-06
2013-12-23 12:00:00,4.849850433456651e-07,7.201886268801055e-07,3.608010824583685e-06
2013-12-23 14:00:00,1.8534272996699225e-06,3.7610017154160487e-06,60.463968547223416
2013-12-23 16:00:00,19.452588387555977,266.38937672923834,165.11264452701369
2013-12-23 18:00:00,21.231187423421883,272.82614962356394,144.4019846186299
2013-12-23 20:00:00,21.43352050397592,281.4397951551124,138.73042286378896
2013-12-23 22:00:00,20.857281059498742,268.75063001719525,65.8552281782036
2013-12-24 00:00:00,1.2450552889055525e-05,298.7550897295172,53.98094655068882
2013-12-24 02:00:00,19.820049056215158,311.1051508351494,103.9689023431278
2013-12-24 04:00:00,22.145016999252633,322.9319939172504,144.89523305034766
2013-12-24 06:00:00,22.203938788118393,308.69467066587583,149.75179822954578
2013-12-24 08:00:00,5.134321148057165e-07,4.0027077552044645e-06,8.042895984387533e-07
2013-12-24 10:00:00,5.760108363101651e-07,1.3883721787832704e-06,6.918760945121994e-07
2013-12-24 12:00:00,5.339233677288017e-07,2.0694631242006273e-06,7.330845443268561e-07
2013-12-24 14:00:00,5.809320990496554e-07,2.4624045231235668e-06,9.038693040278959e-07
2013-12-24 16:00:00,21.03878163376235,269.78049425363116,29.618441462379362
2013-12-24 18:00:00,24.351938991983854,294.9879529674005,75.83380360448488
2013-12-24 20:00:00,25.953852668868002,311.50399137159735,161.33859618690272
2013-12-24 22:00:00,28.14640796030293,304.6896825582167,233.58512487100165
2013-12-25 00:00:00,32.078800242837985,285.40803381265334,261.6482189220508
2013-12-25 02:00:00,150.16075932035125,266.9977999980344,290.2075204524161
2013-12-25 04:00:00,139.21837223033367,281.71897788433864,289.7978019288281
2013-12-25 06:00:00,115.50756589094333,315.37929672655673,278.7774989233298
2013-12-25 08:00:00,21.536858853764894,290.43513558462496,190.74944651856418
2013-12-25 10:00:00,2.247262612585351e-06,225.23786344569115,213.43305352279918
2013-12-25 12:00:00,103.88705524763994,344.04715142226377,320.2750487481332
2013-12-25 14:00:00,113.90448162362557,332.56869714393736,393.7755051592096
2013-12-25 16:00:00,154.32480261816818,383.7854916100166,433.5257305669867
2013-12-25 18:00:00,176.87833951978504,410.3982433790783,478.1839292319468
2013-12-25 20:00:00,202.3381878022331,444.67411348875027,544.225059703328
2013-12-25 22:00:00,219.01389968088293,471.95816831303637,641.1021755717894
2013-12-26 00:00:00,224.424284585604,516.6061138228732,662.3817384143528
2013-12-26 02:00:00,236.1639045332404,589.611698445751,615.5488049723369
2013-12-26 04:00:00,250.10575301498938,576.1161989009925,618.0757051225186
2013-12-26 06:00:00,261.2808716586537,594.2535071195806,670.5559590480586
2013-12-26 08:00:00,250.7638112208004,480.19194748771594,657.9268094482545
2013-12-26 10:00:00,227.78059638784302,354.9922390486742,580.6291508351558
2013-12-26 12:00:00,225.94249378753761,384.4385364386941,541.0883379500074
2013-12-26 14:00:00,220.87208257300034,409.43673164530776,576.8758037143132
2013-12-26 16:00:00,264.19405136929316,474.1165566914306,603.4790121888171
2013-12-26 18:00:00,222.12494028417444,464.4488340079826,583.6337126892417
2013-12-26 20:00:00,191.8920791617164,385.8590223469842,532.8623263221641
2013-12-26 22:00:00,145.1845403828428,329.2226479680297,480.58664365729607
2013-12-27 00:00:00,127.72133864228896,285.2853145422747,434.60370287091774
2013-12-27 02:00:00,119.04212237748413,266.34914741913997,370.2594809264757
2013-12-27 04:00:00,46.07053980685494,262.8943620745278,321.95893932661494
2013-12-27 06:00:00,54.66961950706381,262.42978737127055,291.94175596276773
2013-12-27 08:00:00,5.837086090354947e-07,1.1185913039918598e-06,1.4082397861702975e-06
2013-12-27 10:00:00,4.74246172212346e-07,7.833467692355945e-07,8.12481212303828e-07
2013-12-27 12:00:00,4.693205743313601e-07,1.2118367512907386e-06,7.689479206972114e-07
2013-12-27 14:00:00,5.22531559235388e-07,1.2748274137098834e-06,7.953440748508244e-07
2013-12-27 16:00:00,6.021330487778406e-06,272.783271238298,91.95952283526064
2013-12-27 18:00:00,21.356374928917447,283.17443861868645,105.4846346879177
2013-12-27 20:00:00,21.63116978815572,291.2767426862336,139.21063162194767
2013-12-27 22:00:00,82.7956110829177,294.64255078678144,189.99579003717187
2013-12-28 00:00:00,112.76225915813336,304.2321342606051,229.6396704855521
2013-12-28 02:00:00,123.95672846980887,310.93777787073043,277.17633320011413
2013-12-28 04:00:00,130.04531613515366,339.1474628669387,284.21899584523777
2013-12-28 06:00:00,127.24433171042268,384.08877316326215,288.3854242057968
2013-12-28 08:00:00,6.965517420844811e-06,331.3575302773079,191.25273028006796
2013-12-28 10:00:00,1.612276929779437e-06,236.16874859725684,214.15337878999057
2013-12-28 12:00:00,63.565291661443645,357.2549261905489,311.93285800920506
2013-12-28 14:00:00,123.57619074367129,373.0242694580727,372.4237912326216
2013-12-28 16:00:00,149.14098133089203,465.77270512050444,427.2142625292605
2013-12-28 18:00:00,157.5957862640755,424.46665384299314,438.50725284577874
2013-12-28 20:00:00,156.84743295596988,396.4733917420989,438.93747119231807
2013-12-28 22:00:00,161.95001724573902,377.3031962825618,432.91849569473925
2013-12-29 00:00:00,166.1718139385157,390.26970365241453,434.65312333049326
2013-12-29 02:00:00,165.2362136539003,399.52611263618377,416.7520088391316
2013-12-29 04:00:00,175.65596545451595,414.8157939403227,393.0556878248591
2013-12-29 06:00:00,164.88012030171782,414.00508495503345,367.810727650296
2013-12-29 08:00:00,138.05025522595722,384.79724525240636,298.09021385614966
2013-12-29 10:00:00,20.759286288374852,310.76009507975164,264.9572868533712
2013-12-29 12:00:00,106.19976164231562,365.5178494639705,271.11323195248366
2013-12-29 14:00:00,120.45425257510784,404.97823329775736,303.94497162056786
2013-12-29 16:00:00,127.41553338563055,398.30310514701205,323.1689192287537
2013-12-29 18:00:00,131.10409073522752,405.00687109516196,314.6585453895653
2013-12-29 20:00:00,133.50645183522343,389.940042258368,309.9681772608689
2013-12-29 22:00:00,128.94344173712955,348.4557316218996,311.57095706227085
2013-12-30 00:00:00,122.66208363782565,338.13624561703995,322.2068144101952
2013-12-30 02:00:00,116.02054778363052,316.90111369790765,333.44255207197506
2013-12-30 04:00:00,113.93491778977139,294.04073180275475,339.21620137097943
2013-12-30 06:00:00,113.80224354279105,279.4761153290611,336.6804407100372
2013-12-30 08:00:00,21.084642006321754,256.5854522352772,198.48030843707463
2013-12-30 10:00:00,1.0591025299197705e-06,1.650629214167335e-06,41.498433187501654
2013-12-30 12:00:00,1.2985355266094758e-06,2.8472775797787883e-06,143.78438405995365
2013-12-30 14:00:00,8.249001881897273e-07,258.6288805342888,219.39314017426574
2013-12-30 16:00:00,113.83703678458724,286.0685836550678,283.2099511778708
2013-12-30 18:00:00,111.98405332301637,270.1384530799255,272.8546126159645
2013-12-30 20:00:00,113.20823504003624,289.15684404100364,270.3748011170478
2013-12-30 22:00:00,121.51075102567678,326.24224903483855,278.0924306134837
2013-12-31 00:00:00,121.56224480153058,345.29023092556486,296.37611497060374
2013-12-31 02:00:00,126.01692479939209,346.0650001907184,330.4769244029104
2013-12-31 04:00:00,129.68126651874846,323.44154217442343,362.9263897428927
2013-12-31 06:00:00,126.5501272243287,298.6626355575047,389.9555975599509
2013-12-31 08:00:00,24.15541222553495,261.26629512828066,294.02983997942516
2013-12-31 10:00:00,1.467581103329513e-06,1.979974345790536e-06,196.6630735749512
2013-12-31 12:00:00,20.642725562952986,248.25338674817905,269.20778777118693
2013-12-31 14:00:00,23.082127955487802,258.4884779395605,292.3005636684468
2013-12-31 16:00:00,117.7048639367575,268.85246031802114,316.11890785657135
2013-12-31 18:00:00,116.40370826306841,269.22646461488625,305.4303087470481
2013-12-31 20:00:00,115.81571374585485,279.59452289897087,304.4601874722116
2013-12-31 22:00:00,119.02583747486031,300.73517623697313,306.49002719075014
