snapshot,NL,BE,DE
2013-01-01 00:00:00,0.025145782515937378,11.91175654299963,31.793137167081362
2013-01-01 01:00:00,0.03668993744986283,12.014755375505999,31.88825813718548
2013-01-01 02:00:00,11.421303653275755,18.20232361009482,37.026262715689604
2013-01-01 03:00:00,14.386091713664085,18.205937870482476,37.16445115975601
2013-01-01 04:00:00,17.59920368406233,19.23531008968522,38.93678987598059
2013-01-01 05:00:00,24.92233102827488,27.094601776416866,41.617529173557536
2013-01-01 06:00:00,32.71933447332503,32.74651449531789,46.55818587028394
2013-01-01 07:00:00,32.719340397268354,32.91262003664077,46.68668619232951
2013-01-01 08:00:00,32.71934134995597,33.76505555721927,47.25289569211798
2013-01-01 09:00:00,32.71933911177344,33.91163323192304,43.69353081533277
2013-01-01 10:00:00,32.719339208679635,34.78231659244879,43.62956122663277
2013-01-01 11:00:00,32.71933942523802,34.782310010502854,44.8081132031189
2013-01-01 12:00:00,32.71933985142515,34.78118497508349,50.9496974386222
2013-01-01 13:00:00,32.71933997227504,34.78231209396933,52.96815209876619
2013-01-01 14:00:00,41.22448145879801,41.21311585049659,58.12952212287134
2013-01-01 15:00:00,44.88947409630742,53.34982461200864,61.552662399841665
2013-01-01 16:00:00,44.88950681042972,53.79575415811474,61.70811913354495
2013-01-01 17:00:00,44.88946971040569,53.79573244159275,61.64696275843909
2013-01-01 18:00:00,42.98584462926848,52.86192098888588,59.81034652987148
2013-01-01 19:00:00,41.25337891404231,51.82578386446674,59.43392567449239
2013-01-01 20:00:00,41.2244869268372,51.873771976918604,58.988747549334086
2013-01-01 21:00:00,41.22448690130242,51.873808552994596,58.989008520241455
2013-01-01 22:00:00,41.22448677702401,55.2729450942316,59.26175187494774
2013-01-01 23:00:00,41.22448720736614,55.27294786296936,59.96286203401401
2013-01-02 00:00:00,46.12454203553796,55.27294611823781,59.93448633455354
2013-01-02 01:00:00,46.124547918296976,56.584992813512656,59.95778546291361
2013-01-02 02:00:00,46.411342940525195,56.58515451998881,60.04091610742775
2013-01-02 03:00:00,49.48499174451916,56.58516836490173,59.974802379618986
2013-01-02 04:00:00,50.91919953187001,58.44891514449773,61.669356665893496
2013-01-02 05:00:00,49.41772122501119,59.137432584560315,61.4590747898546
2013-01-02 06:00:00,50.91920102167923,60.485235234725934,62.35424031118554
2013-01-02 07:00:00,50.919200723408444,61.386734044800434,62.40233825958642
2013-01-02 08:00:00,50.919200906654495,60.364536764602384,60.485830436413
2013-01-02 09:00:00,50.91919989816515,57.052490328413974,53.56121528629807
2013-01-02 10:00:00,47.683539778475925,57.05248659066052,53.4796469464459
2013-01-02 11:00:00,50.919199933167896,57.052487324766545,52.987938695872195
2013-01-02 12:00:00,48.8747528598205,57.05248958690232,55.60906818601873
2013-01-02 13:00:00,49.13269012373004,54.98041931383904,56.00093348078148
2013-01-02 14:00:00,50.91920006404932,57.052548255860835,61.04282828172529
2013-01-02 15:00:00,50.919200316024714,58.17132596170152,69.58724293042242
2013-01-02 16:00:00,50.91919891008274,58.35907873777551,69.61771493457103
2013-01-02 17:00:00,47.76028117098454,56.67206942918087,68.81463013576378
2013-01-02 18:00:00,43.56386900469769,54.30261504763292,66.63789490804697
2013-01-02 19:00:00,41.2244863786633,53.09983430050638,65.9075306543637
2013-01-02 20:00:00,39.52285124263477,52.122793625969315,65.70703656241932
2013-01-02 21:00:00,34.79855475345729,46.88811481347023,63.09180890769826
2013-01-02 22:00:00,0.025145669632102078,11.888757735398212,40.53000258403624
2013-01-02 23:00:00,0.02514561139076644,2.6751553739862333,38.73395123851493
2013-01-03 00:00:00,0.02514541262606581,2.6687073718757093,38.73269343729921
2013-01-03 01:00:00,0.025145396540120622,2.666900616275766,38.73223880908555
2013-01-03 02:00:00,0.025145439187512712,2.668552421326643,38.73256027055378
2013-01-03 03:00:00,0.025145766440066795,2.675148008826981,38.73384522354586
2013-01-03 04:00:00,0.02514629015906755,11.888761521242952,40.5297743900959
2013-01-03 05:00:00,0.025150095200638874,14.311695934069707,41.002054462266024
2013-01-03 06:00:00,0.036184656467584266,30.273106250124748,43.55125837392895
2013-01-03 07:00:00,0.0361880501338371,40.553152297613906,46.08657441076403
2013-01-03 08:00:00,8.97177852100938,39.01468361560289,38.518783781394454
2013-01-03 09:00:00,8.971766853657812,39.01468337885207,36.32894479116648
2013-01-03 10:00:00,8.971780062124669,45.05246229493815,39.78504788217988
2013-01-03 11:00:00,8.971781159106682,45.05246341703944,39.784273907894786
2013-01-03 12:00:00,8.971780083498551,45.05246513276278,41.59058192976724
2013-01-03 13:00:00,8.972014126836418,50.11588770039593,42.97735332909044
2013-01-03 14:00:00,8.971806935800108,57.83848546833221,47.649210098199035
2013-01-03 15:00:00,38.62933370778819,58.19803013991085,49.56729322327451
2013-01-03 16:00:00,46.30876061704488,61.41814103841373,50.19323901906851
2013-01-03 17:00:00,50.77956592180321,61.41814169052813,50.19323884581871
2013-01-03 18:00:00,51.277570666646554,61.41814157032647,50.193239718456645
2013-01-03 19:00:00,53.773429952791865,61.418141374909325,50.19211313927263
2013-01-03 20:00:00,54.29121726799743,61.41814135342435,50.19204757609051
2013-01-03 21:00:00,54.29121681776699,61.41814187616573,50.1969982767043
2013-01-03 22:00:00,54.29121695353715,61.41814266994552,50.197014803476854
2013-01-03 23:00:00,54.291197899853216,61.41814242225167,50.193326602854675
2013-01-04 00:00:00,54.29120781083443,61.41814267186956,50.19326580271523
2013-01-04 01:00:00,50.779572298697154,61.418143041033666,50.193266139766195
2013-01-04 02:00:00,50.779569462389155,61.418142892575666,50.19333983149907
2013-01-04 03:00:00,50.77956873070403,61.41814387800273,50.19346917332199
2013-01-04 04:00:00,50.779568920237324,61.41814479184334,50.19346894788753
2013-01-04 05:00:00,50.77956901181157,61.418162560454995,50.19347206393871
2013-01-04 06:00:00,50.77956993277973,62.830833173469145,50.468832930446254
2013-01-04 07:00:00,53.007952809919985,63.04874943626367,49.58111545879705
2013-01-04 08:00:00,53.67694936703932,63.048750054433896,43.62746011816468
2013-01-04 09:00:00,53.72230431085532,63.04875003009854,42.63966145501909
2013-01-04 10:00:00,53.72230959368579,63.0487504433314,42.623153133481104
2013-01-04 11:00:00,53.74854022774467,63.04874999996204,41.82825339878745
2013-01-04 12:00:00,53.748900332968894,63.04874990904268,41.78897075371383
2013-01-04 13:00:00,53.748900657200416,63.0487514798517,41.935058835611166
2013-01-04 14:00:00,57.863483733440084,65.60745298678529,49.08545473398477
2013-01-04 15:00:00,59.464184926538195,67.0198153082852,51.04672155874934
2013-01-04 16:00:00,59.464190035602876,69.2887711240599,51.72739310827107
2013-01-04 17:00:00,59.4641902357088,69.54373281096031,51.6019070428912
2013-01-04 18:00:00,59.46419042255261,69.84796053033116,51.700230161029985
2013-01-04 19:00:00,59.46419076276938,69.84907746751765,51.700299603373224
2013-01-04 20:00:00,59.4641912236146,69.92803918857801,51.75212133142771
2013-01-04 21:00:00,59.46419227113066,70.77415787901752,51.915599415499905
2013-01-04 22:00:00,61.03829508062886,73.44333475388167,52.02320922908769
2013-01-04 23:00:00,61.04015404902984,73.44333528405474,55.99606390390588
2013-01-05 00:00:00,61.040155554279586,73.44333573400822,59.449978180459816
2013-01-05 01:00:00,61.04015619219976,73.44333605918008,61.42259984385546
2013-01-05 02:00:00,61.040157072039484,73.44333646052353,61.44685455315969
2013-01-05 03:00:00,61.04016023544517,73.44333674560453,72.76767160722582
2013-01-05 04:00:00,64.27109785132777,73.44333739948792,75.55780488685966
2013-01-05 05:00:00,68.82534890923229,73.94872060958413,76.4350927288699
2013-01-05 06:00:00,71.72049405450079,78.62046634034988,78.56721731178146
2013-01-05 07:00:00,71.72050051172339,79.93801510905186,81.57295519951782
2013-01-05 08:00:00,73.06012989211315,78.75449798318546,82.11651626804316
2013-01-05 09:00:00,73.93921089796375,78.75449885646383,83.17067882305288
2013-01-05 10:00:00,77.70957489928776,79.97220245413288,84.45524763109763
2013-01-05 11:00:00,78.99383160435892,80.20958618219755,84.44937172735268
2013-01-05 12:00:00,79.99575207943185,81.19378610915233,85.13118008656849
2013-01-05 13:00:00,84.57534796099688,85.69236148120126,89.57123263214805
2013-01-05 14:00:00,88.56859387282155,95.21879645567745,99.59819028527117
2013-01-05 15:00:00,88.56859660661158,100.76534580316759,103.49148117407158
2013-01-05 16:00:00,88.56859662792921,102.16372986518884,104.774504956354
2013-01-05 17:00:00,88.56859657760998,102.99076138705469,106.18152262357847
2013-01-05 18:00:00,88.56859603330122,101.01618889851993,106.83415421256103
2013-01-05 19:00:00,71.72049753164717,98.22257047462483,106.45014126309415
2013-01-05 20:00:00,71.72049727396359,97.59737959832891,106.75262450749031
2013-01-05 21:00:00,71.72049726210949,97.32006184230966,106.79802716861496
2013-01-05 22:00:00,71.72049724122982,96.87370003802219,106.97590621437867
2013-01-05 23:00:00,71.72049724598519,96.74017702048292,105.97178924988242
2013-01-06 00:00:00,71.72049723644734,96.74017521130534,104.05568502539144
2013-01-06 01:00:00,71.72049720670219,93.79942593513779,102.41740477679963
2013-01-06 02:00:00,71.72049720907653,84.01607892996674,97.07837518477176
2013-01-06 03:00:00,71.72049725727854,84.37962142189686,95.9059749137952
2013-01-06 04:00:00,71.7204972530458,81.74614031646041,94.30986249727391
2013-01-06 05:00:00,71.7204972299045,81.70523346379606,94.27612970125378
2013-01-06 06:00:00,71.72049722461311,81.59834328111252,94.18798613053357
2013-01-06 07:00:00,71.72049720927495,81.59834330627035,94.37133331135368
2013-01-06 08:00:00,71.7204971471936,79.58586590169602,92.21311931483876
2013-01-06 09:00:00,71.720497039584,79.25598613812743,91.88553913379843
2013-01-06 10:00:00,71.72049722281419,80.25265100951817,87.9019423665838
2013-01-06 11:00:00,71.72049730042275,78.44132361510503,86.74572529639357
2013-01-06 12:00:00,71.72049736553208,77.89037071387474,86.83091162835571
2013-01-06 13:00:00,71.72079585037271,78.83021995594314,87.90917433997977
2013-01-06 14:00:00,74.94251617612166,82.30916945145773,91.82897984546707
2013-01-06 15:00:00,154.29686030426575,154.290733180891,139.41283393691748
2013-01-06 16:00:00,173.7281018389599,173.2679805653196,145.52238139531826
2013-01-06 17:00:00,182.45177739121206,187.78506751902327,151.59114100332891
2013-01-06 18:00:00,199.79249537273571,205.98953361822748,170.70052271026375
2013-01-06 19:00:00,203.29012450408513,208.70077241089209,173.54557828955456
2013-01-06 20:00:00,204.58597015099505,208.70077403615645,181.55543990671836
2013-01-06 21:00:00,204.324912345212,208.70077810572914,204.74196089562747
2013-01-06 22:00:00,198.3595746344231,208.70077319299142,210.2947631868989
2013-01-06 23:00:00,197.10360050275168,208.70077405540937,210.53601552555477
2013-01-07 00:00:00,197.10355157040885,208.7007748630627,211.09567258305768
2013-01-07 01:00:00,190.07377914749708,208.70076201452997,212.8396547114697
2013-01-07 02:00:00,193.03067887613327,208.7007956721672,215.21024639044097
2013-01-07 03:00:00,199.51369090840984,211.97769671873303,221.27683379730502
2013-01-07 04:00:00,204.7662117776544,220.12881809770192,228.56408528566536
2013-01-07 05:00:00,207.28012342296404,223.07551607733035,231.1250970560252
2013-01-07 06:00:00,207.28014099899806,225.45692610149175,233.10823092393957
2013-01-07 07:00:00,88.56859785643248,225.45691761406403,233.70189551200278
2013-01-07 08:00:00,88.56859781490712,223.07553949627012,231.90184543070117
2013-01-07 09:00:00,88.56859767054873,211.97769886429975,224.88270893092508
2013-01-07 10:00:00,88.56859688367462,211.97769632522235,225.03653913025045
2013-01-07 11:00:00,71.72049956117917,211.977695044748,225.03673319099147
2013-01-07 12:00:00,71.72053035256873,211.97772313055668,223.93151948168105
2013-01-07 13:00:00,71.72049890747627,216.4454565237204,224.39540545544
2013-01-07 14:00:00,71.72049814654562,216.44546087246994,226.43921641652017
2013-01-07 15:00:00,71.72049756520803,223.0755315059968,235.69412664441666
2013-01-07 16:00:00,71.72049749769208,224.07361736329995,236.3945428062713
2013-01-07 17:00:00,71.72049748596407,223.07554225567472,236.93520431618725
2013-01-07 18:00:00,71.72049747446326,218.6468162020343,233.86994884264317
2013-01-07 19:00:00,71.7204974698899,217.21988916856284,233.18070045546656
2013-01-07 20:00:00,71.72049746730634,216.44546221146268,231.0344930156705
2013-01-07 21:00:00,71.7204974603116,216.445403472996,230.99701758086576
2013-01-07 22:00:00,71.72049744620229,216.4454032301624,229.16063576643674
2013-01-07 23:00:00,71.72049743770438,216.44540315029397,229.13198009986323
2013-01-08 00:00:00,71.72049741542676,216.44539671583024,229.1319767622631
2013-01-08 01:00:00,71.7204974116894,216.44539069486734,229.13197411271668
2013-01-08 02:00:00,71.72049741620626,216.44540397790948,229.04918412500245
2013-01-08 03:00:00,71.72049743490722,216.44540772021168,228.47164773398688
2013-01-08 04:00:00,71.72049745241125,216.44545765693474,228.47168206246673
2013-01-08 05:00:00,71.72049746064054,216.62499535197534,229.07594778345796
2013-01-08 06:00:00,71.72049746192613,218.32609348089454,229.61626604684642
2013-01-08 07:00:00,71.72049747630938,218.32609801146543,229.35728021693868
2013-01-08 08:00:00,71.72049756489339,209.98580218861628,220.73008469490705
2013-01-08 09:00:00,71.72049771564586,198.17303891250666,212.20930994070062
2013-01-08 10:00:00,71.72049791742846,211.97769215071483,225.0245207159416
2013-01-08 11:00:00,71.72049759512473,211.97769390442147,225.1267947918775
2013-01-08 12:00:00,71.72049757018338,211.97769263567866,227.51270524263418
2013-01-08 13:00:00,71.72049766264358,211.97769640408129,227.76467650230964
2013-01-08 14:00:00,71.72049804126739,222.30338375609435,230.9398010399966
2013-01-08 15:00:00,71.72049895491887,220.72028796167504,237.13464096583257
2013-01-08 16:00:00,88.5685962724105,223.0755291239992,238.2018969054494
2013-01-08 17:00:00,88.56859774525327,221.0781345767194,238.20671896350063
2013-01-08 18:00:00,71.72050819363993,215.77601347250493,238.4587309029167
2013-01-08 19:00:00,71.72049868609099,215.46333416477876,238.45872786188414
2013-01-08 20:00:00,71.72049921607997,216.52472942361538,237.80096446189918
2013-01-08 21:00:00,71.72049907406459,216.5391100361647,237.7883846529241
2013-01-08 22:00:00,71.72050028369567,216.53910386305873,237.78837905272636
2013-01-08 23:00:00,71.72049932900924,216.53914314138908,237.78837077644747
2013-01-09 00:00:00,71.72049883759153,216.53986506010747,237.78836194306632
2013-01-09 01:00:00,71.72049774075785,216.53922296530894,237.7883608263413
2013-01-09 02:00:00,71.72049769047453,216.54568322455535,237.05251589517874
2013-01-09 03:00:00,71.72049795759492,216.5436820983145,236.7975051555208
2013-01-09 04:00:00,71.72049827424841,216.54367674821424,236.7974909234997
2013-01-09 05:00:00,71.72049807481653,220.72018743323383,235.2497906703731
2013-01-09 06:00:00,71.72049773388255,222.11106402236112,232.5519605640035
2013-01-09 07:00:00,71.72049762850291,212.00104072219145,224.8914727840877
2013-01-09 08:00:00,71.72049759399441,199.81882128467058,210.190449300107
2013-01-09 09:00:00,71.7204975963325,174.53627720562787,191.35196830719613
2013-01-09 10:00:00,71.72049868973282,175.29979945110685,190.66809779193923
2013-01-09 11:00:00,71.72052595747591,169.738688909623,178.6099982185462
2013-01-09 12:00:00,105.27257428628319,176.65674101482333,181.65038126833596
2013-01-09 13:00:00,106.79175575907213,193.12935604451908,179.53106986215724
2013-01-09 14:00:00,131.8664125782327,203.60584953826066,197.10102050960205
2013-01-09 15:00:00,131.86644600647958,218.7721582144739,208.07884102135418
2013-01-09 16:00:00,131.86644616917513,223.93172663857166,208.40000855423673
2013-01-09 17:00:00,131.86644619498065,223.07566103524036,206.1538919621243
2013-01-09 18:00:00,131.86644617559332,223.0755515354607,200.42780429527727
2013-01-09 19:00:00,131.86644606459643,222.18512463910756,199.59220260993854
2013-01-09 20:00:00,131.86644568564222,221.28734080525055,178.12000115888338
2013-01-09 21:00:00,107.68881688013343,218.77216101265034,174.90385513780325
2013-01-09 22:00:00,106.79175561949528,218.77215856841687,177.7277674340271
2013-01-09 23:00:00,106.79175535943958,218.77215612141768,184.6046200519977
2013-01-10 00:00:00,71.72049798450797,218.77215715509527,170.20603779621567
2013-01-10 01:00:00,71.72049770743092,218.77215738757545,164.93024793597806
2013-01-10 02:00:00,71.72049762652824,218.77216014477222,164.31009897049756
2013-01-10 03:00:00,71.7204981940645,218.77215710634226,163.5248299683622
2013-01-10 04:00:00,106.79092655502221,218.77215696572205,163.4933893313265
2013-01-10 05:00:00,106.79175501859845,218.772156820642,163.8327820711319
2013-01-10 06:00:00,106.79175843825833,218.77215737833944,169.00000646332597
2013-01-10 07:00:00,107.27444899146592,221.46192844585192,168.10323030657963
2013-01-10 08:00:00,107.11442372770982,223.0755516958485,163.83833326017862
2013-01-10 09:00:00,71.72051982374283,211.97769317425468,155.8653300225848
2013-01-10 10:00:00,71.72049806021754,205.66588581743468,151.3997972590893
2013-01-10 11:00:00,71.72049770819035,205.66588538088698,150.7842900862925
2013-01-10 12:00:00,71.7204977492623,205.66588658996534,151.68076987261762
2013-01-10 13:00:00,71.7204977086497,208.07542895186037,154.42900677206234
2013-01-10 14:00:00,71.7204980892099,208.09797235992247,196.7277099546018
2013-01-10 15:00:00,74.05325264269767,221.88368210084187,214.93996580367792
2013-01-10 16:00:00,106.01080295141332,224.95023533935847,219.11198914117767
2013-01-10 17:00:00,106.01080240669742,223.9637878422443,219.78955358782449
2013-01-10 18:00:00,72.4110990408676,225.66343058280063,219.03095653671076
2013-01-10 19:00:00,71.72049787809804,225.66349477622967,221.39611030068727
2013-01-10 20:00:00,71.72049805357733,218.7721596188863,221.35861626765762
2013-01-10 21:00:00,106.01077807421764,218.77215828182753,221.3626072135306
2013-01-10 22:00:00,202.8945900748141,218.7721620327552,223.21208824166106
2013-01-10 23:00:00,205.31551882266325,218.7721627935931,223.21068526230852
2013-01-11 00:00:00,207.69218213197735,219.7720356065939,223.5419642352701
2013-01-11 01:00:00,209.98521936447642,222.16961825011032,222.82943672431693
2013-01-11 02:00:00,214.88944850125412,225.45691363011778,223.80040057206142
2013-01-11 03:00:00,217.08029267682522,225.45695461158556,223.41381011010301
2013-01-11 04:00:00,226.85692529110005,225.45695750204894,224.10738510480886
2013-01-11 05:00:00,228.74210332617213,231.5615035615138,225.33845473361512
2013-01-11 06:00:00,237.85323818298966,244.730189565842,229.42236399951966
2013-01-11 07:00:00,245.03207516987334,249.48609839549505,235.32373598763988
2013-01-11 08:00:00,228.255862802632,229.98695578378985,223.3645649982672
2013-01-11 09:00:00,226.85693480074937,225.45695061387983,220.77713495930757
2013-01-11 10:00:00,226.85693486283034,225.45695095364744,221.72083129389412
2013-01-11 11:00:00,226.85693494040981,225.4569511487326,221.7880861090909
2013-01-11 12:00:00,226.85693530419087,225.45695165979407,222.7835002208445
2013-01-11 13:00:00,226.85693843284167,225.4569547106846,227.74883587309174
2013-01-11 14:00:00,228.7421035391561,227.30877009195078,229.99620772551938
2013-01-11 15:00:00,236.1385660781969,234.57438689588358,236.86638220383864
2013-01-11 16:00:00,246.47709024487813,244.73001940127662,240.48268537962872
2013-01-11 17:00:00,246.4770966365643,244.73002537945203,240.48422927515256
2013-01-11 18:00:00,246.47705616716917,244.72998552801968,240.4783643540812
2013-01-11 19:00:00,243.6108339177929,241.91446793415253,239.4833368772748
2013-01-11 20:00:00,237.9613421896913,236.36491710920833,237.46187280204006
2013-01-11 21:00:00,235.04549664287632,233.50065592550183,236.22902740652717
2013-01-11 22:00:00,228.7421045460326,227.4436701528006,233.73557558799843
2013-01-11 23:00:00,228.74210412503174,227.44367196929474,233.76114086102487
2013-01-12 00:00:00,228.7421033629424,227.44366980114597,233.78249103166718
2013-01-12 01:00:00,228.68230743822105,227.25003783214092,233.78249161855692
2013-01-12 02:00:00,226.85697181720164,227.3441123887976,233.66417894218483
2013-01-12 03:00:00,226.85693594332537,227.34689578957347,233.6543108437288
2013-01-12 04:00:00,226.85693576835357,227.44368027703376,233.53014524931513
2013-01-12 05:00:00,226.85693563638048,227.6438916210635,233.6299699094081
2013-01-12 06:00:00,226.85693545032447,227.92417355883973,233.76972049610976
2013-01-12 07:00:00,167.3100554410404,152.4270063243751,232.48588616038342
2013-01-12 08:00:00,167.31005391812877,152.4270044612117,221.8237276039512
2013-01-12 09:00:00,75.5406555790465,123.11614241245681,217.3728965561332
2013-01-12 10:00:00,135.50107878745752,97.94023621264893,221.10497872610313
2013-01-12 11:00:00,135.50107876856202,97.13200958039056,221.132026770436
2013-01-12 12:00:00,135.50107895295247,93.4267492744426,221.49315682213629
2013-01-12 13:00:00,135.50107916182705,123.9436958763316,222.43746392222846
2013-01-12 14:00:00,137.3963211535316,123.94371805251382,227.22682894078534
2013-01-12 15:00:00,169.64974969718946,171.83447285794452,234.82789948132282
2013-01-12 16:00:00,143.13300672751043,171.8344692899086,233.87282186342853
2013-01-12 17:00:00,137.39636829563815,166.8067089801539,233.59610014435938
2013-01-12 18:00:00,79.51861164153146,137.74213885722756,233.59616573072034
2013-01-12 19:00:00,79.0400125515329,137.51733494143664,233.59589628399547
2013-01-12 20:00:00,79.57766468390034,170.30910134018546,233.5900306390943
2013-01-12 21:00:00,137.39631551974045,171.83447222379138,233.44325503193326
2013-01-12 22:00:00,137.39631198811313,171.83447731099542,229.43815268586886
2013-01-12 23:00:00,137.39631597994995,171.83448600412123,227.97147965706048
2013-01-13 00:00:00,137.39631738032753,171.83447658191935,227.92634359537072
2013-01-13 01:00:00,137.39632940316866,171.83447623330403,228.02287979584722
2013-01-13 02:00:00,159.78189286351449,180.6256825717636,228.06318085431874
2013-01-13 03:00:00,171.28550176296517,184.708157044006,227.95443131786914
2013-01-13 04:00:00,187.30451814964874,193.18455814097317,225.75277471781035
2013-01-13 05:00:00,189.9242751174612,194.4058989483768,225.73933436691996
2013-01-13 06:00:00,190.77390763073925,196.10621497841296,225.7219533070658
2013-01-13 07:00:00,190.773907868582,198.8121190569781,226.24101585002225
2013-01-13 08:00:00,190.77391631628473,201.55586751988514,224.77407992483032
2013-01-13 09:00:00,154.50680772221287,171.8344748937182,224.39268437526403
2013-01-13 10:00:00,154.50680808938384,171.8344722771261,224.30484975269238
2013-01-13 11:00:00,154.50681818494263,171.8344735734123,224.30484977470186
2013-01-13 12:00:00,158.31617195511677,171.83447321517494,224.39269295449466
2013-01-13 13:00:00,178.43302621478563,181.99194229690227,226.05668237032697
2013-01-13 14:00:00,210.4569305021447,212.9224583644533,233.7511395225854
2013-01-13 15:00:00,228.7420999448003,230.44591921391353,238.32754574626733
2013-01-13 16:00:00,228.74210149506322,230.4633392761997,238.32671410733406
2013-01-13 17:00:00,228.7421028088326,230.46339125513776,238.3267117838356
2013-01-13 18:00:00,228.74227110618267,231.1949915007252,238.2726353101848
2013-01-13 19:00:00,231.94139831559505,234.39108383069373,238.3148015956458
2013-01-13 20:00:00,234.44030258156135,237.6323885356514,238.2306061090555
2013-01-13 21:00:00,235.43735660600257,240.45726963744377,238.07517577306552
2013-01-13 22:00:00,228.74210405498872,231.19500343054082,238.1281069175224
2013-01-13 23:00:00,228.7421030796237,230.6954560678879,238.11613028561715
2013-01-14 00:00:00,228.74210341853671,230.69543395123586,238.11674209393573
2013-01-14 01:00:00,228.74210445044307,230.6954309473743,238.11674258085327
2013-01-14 02:00:00,229.26335560675705,230.69543063620625,238.11439814251725
2013-01-14 03:00:00,232.1897625890652,230.69543986517036,238.27253480474877
2013-01-14 04:00:00,244.37073746728632,242.66092668388194,243.03253146046026
2013-01-14 05:00:00,249.7450243660612,247.94004606609,245.34292559138385
2013-01-14 06:00:00,259.2703164288236,253.9785763668352,249.24404200870308
2013-01-14 07:00:00,262.8965621669005,256.2074448134319,251.58770020580508
2013-01-14 08:00:00,242.20960003374748,236.96697735560676,241.05788598208792
2013-01-14 09:00:00,228.74210437597543,229.22329038602524,236.2154656291335
2013-01-14 10:00:00,228.7421028448195,224.037911212762,235.8690701170921
2013-01-14 11:00:00,228.74210254586356,223.42378388313796,236.10451366364381
2013-01-14 12:00:00,228.74209417553863,230.53126860453216,236.8591035396452
2013-01-14 13:00:00,228.74209020839933,230.6954343949033,242.76125296024543
2013-01-14 14:00:00,228.742062375394,230.69543550321384,247.4663072208623
2013-01-14 15:00:00,231.94139201719688,230.69543932526759,262.5655463190745
2013-01-14 16:00:00,228.74210471852874,230.69543766523964,263.0354890366983
2013-01-14 17:00:00,144.23373273706449,211.9777002588013,263.13932336159314
2013-01-14 18:00:00,71.72049832321399,138.78693864869513,263.33599215387665
2013-01-14 19:00:00,71.72049765445315,78.51968319120715,263.33599381761064
2013-01-14 20:00:00,71.72049760197064,73.44334438709637,263.3359924995537
2013-01-14 21:00:00,71.72049759207412,73.44334381398613,266.39697343145485
2013-01-14 22:00:00,71.72049763701939,78.51967634204571,266.70220258375633
2013-01-14 23:00:00,71.7204976065957,78.51969396693735,266.7023173736621
2013-01-15 00:00:00,71.72049760283137,78.51969841817628,267.1849246723568
2013-01-15 01:00:00,71.72049764375922,87.14809366790168,267.76331319078446
2013-01-15 02:00:00,71.72049792285556,86.18015238067113,270.50678771947884
2013-01-15 03:00:00,75.54059334594498,89.72680026311521,274.5081033375555
2013-01-15 04:00:00,228.7421017462125,213.00294896963376,293.3345248190173
2013-01-15 05:00:00,228.7421081703778,230.6954746929483,298.78358437940744
2013-01-15 06:00:00,271.0431375155803,279.62549281357406,302.509757822839
2013-01-15 07:00:00,274.7351437496676,283.16957212206444,306.47522638442814
2013-01-15 08:00:00,268.32603879988136,283.1695693004594,292.7732430213857
2013-01-15 09:00:00,270.5192754213961,282.135379985057,292.451998633308
2013-01-15 10:00:00,268.32605183360363,283.1695702675226,292.7725893290285
2013-01-15 11:00:00,285.6089202881769,283.16960186496505,292.94189644349643
2013-01-15 12:00:00,298.25214769423064,295.58916493908526,300.21462020446205
2013-01-15 13:00:00,317.83654803781536,314.8271077087117,328.1120088930986
2013-01-15 14:00:00,553.5217701874351,551.9071166068867,552.9113423719398
2013-01-15 15:00:00,578.6417635542673,598.159282155918,610.0677782467332
2013-01-15 16:00:00,578.6417669268702,598.1592634799317,610.0678051857425
2013-01-15 17:00:00,578.6417680195814,603.964559996665,610.1237355959792
2013-01-15 18:00:00,585.1435618371053,603.9645609679194,610.0678089347529
2013-01-15 19:00:00,593.3270263956243,603.9645629459899,610.0678708629082
2013-01-15 20:00:00,578.6417717599993,603.9645557511915,610.0656664357795
2013-01-15 21:00:00,578.6417640421841,598.1593094249629,610.0678057379849
2013-01-15 22:00:00,578.6417662692644,598.159262532016,610.0678107934043
2013-01-15 23:00:00,578.6417664308063,598.1592622142467,610.0678114117793
2013-01-16 00:00:00,578.6417668356685,598.1592626261229,610.067815758252
2013-01-16 01:00:00,578.6417692920023,598.1592663659251,610.0752618885414
2013-01-16 02:00:00,578.6417787139809,598.1594822897721,610.0752751109003
2013-01-16 03:00:00,607.9962960546371,603.7455303375605,610.8161722423314
2013-01-16 04:00:00,638.8649181474383,620.020179836925,624.8245502468611
2013-01-16 05:00:00,681.7307356262198,642.8783036492053,645.9180918649565
2013-01-16 06:00:00,691.2652727953549,652.905927281893,655.8742014353463
2013-01-16 07:00:00,700.933152676705,663.9686882794624,667.2138361895483
2013-01-16 08:00:00,659.2485062640429,648.9944840094444,620.4736003371445
2013-01-16 09:00:00,638.8648361163315,617.7623834348161,620.4716295416005
2013-01-16 10:00:00,638.8648332077412,617.7647337516934,620.4728901985471
2013-01-16 11:00:00,638.8648366664669,616.5582437724695,620.5464740783343
2013-01-16 12:00:00,638.8648379344372,616.5582724914836,620.4405976740668
2013-01-16 13:00:00,670.4012960871037,625.0599136224133,628.1574718942662
2013-01-16 14:00:00,682.8223755483657,643.5979554849774,646.1340398580099
2013-01-16 15:00:00,783.3057428068623,724.8499790208958,691.7660730269962
2013-01-16 16:00:00,788.7467908221112,734.7229352641524,701.5445079476681
2013-01-16 17:00:00,788.7467871069156,733.1782755998593,698.8698341981639
2013-01-16 18:00:00,788.7467721955031,727.837631630497,693.1271928889695
2013-01-16 19:00:00,755.7502147104777,724.8499561254712,690.212113314996
2013-01-16 20:00:00,735.1215759057982,724.8499435121636,690.2125376852341
2013-01-16 21:00:00,670.3294101990516,704.5441208001032,642.4875019377359
2013-01-16 22:00:00,638.8648383293279,652.9059355758988,617.556723569401
2013-01-16 23:00:00,638.8648377399253,652.9059308421691,617.3700921702556
2013-01-17 00:00:00,638.8648376809198,652.9059307591241,616.1165088881187
2013-01-17 01:00:00,638.8648377365515,652.9059308264838,616.4288753820272
2013-01-17 02:00:00,638.8648381630776,652.9059338190319,616.4066716646557
2013-01-17 03:00:00,638.8648439269701,652.9059380961953,616.4730446090955
2013-01-17 04:00:00,650.7650242947377,652.9059529791074,617.5567268764202
2013-01-17 05:00:00,706.6087343046266,652.905951070763,619.9112743238381
2013-01-17 06:00:00,716.4913932091373,652.9059489064275,626.6407787058318
2013-01-17 07:00:00,276.0775319919415,279.78636273749106,266.40772697290026
2013-01-17 08:00:00,258.08154962921344,247.9575618082082,237.0691136224229
2013-01-17 09:00:00,228.74210588828572,225.45695973081203,231.54691291909174
2013-01-17 10:00:00,228.7421049077808,225.45695954720367,231.03936152168612
2013-01-17 11:00:00,228.74210369099166,225.4569595418831,231.11452793623897
2013-01-17 12:00:00,228.742111378164,227.30877614589423,231.6901168828479
2013-01-17 13:00:00,231.9415350900385,230.45154331601708,232.4857893149997
2013-01-17 14:00:00,254.9465684199438,237.89877891591536,240.0018042066902
2013-01-17 15:00:00,258.51236436165027,241.18958825216396,243.14063923438493
2013-01-17 16:00:00,262.12801657012574,244.52635845024705,242.99003435624257
2013-01-17 17:00:00,260.63395048761754,243.1475220955684,241.06136517284259
2013-01-17 18:00:00,251.95769002477175,237.898783289676,239.14629595210877
2013-01-17 19:00:00,233.57055866434402,237.8987785252515,235.6236547094637
2013-01-17 20:00:00,228.74210448503277,228.5888622072993,234.68627583786423
2013-01-17 21:00:00,223.60274313150245,225.4569629031117,233.0248879026499
2013-01-17 22:00:00,226.85686323696098,225.4569681266514,234.47894313273972
2013-01-17 23:00:00,223.60273559598406,225.4569875566409,233.02421880785
2013-01-18 00:00:00,223.60273490747647,225.45730491043003,231.05684378539652
2013-01-18 01:00:00,213.12928619151867,225.45695555587483,231.05654567877363
2013-01-18 02:00:00,188.14879503620267,220.3667542161025,230.32510718698185
2013-01-18 03:00:00,71.72049725484406,217.59753187745773,227.48477242392664
2013-01-18 04:00:00,71.72049668930843,211.97769825694226,224.82264796354482
2013-01-18 05:00:00,71.72049334110808,205.2065650483996,221.38234750450633
2013-01-18 06:00:00,71.60839216166053,202.83417879910056,219.04262219426144
2013-01-18 07:00:00,71.60839031277783,199.5431723487374,214.3924697606195
2013-01-18 08:00:00,71.60838999276537,168.63445808929413,183.67069143056196
2013-01-18 09:00:00,71.60838983443183,113.002102108529,177.61608392555777
2013-01-18 10:00:00,71.60838980433006,104.34375559067384,166.00936148399515
2013-01-18 11:00:00,71.60838972694006,77.17014465056785,164.90906879435627
2013-01-18 12:00:00,71.60838965128646,77.79458852286027,164.20384628617757
2013-01-18 13:00:00,71.60838962769071,80.5037987636917,151.33381782780842
2013-01-18 14:00:00,71.6083896301732,83.90839485707785,169.7628628490244
2013-01-18 15:00:00,71.60838963427402,87.571510466877,173.28408071765952
2013-01-18 16:00:00,71.60838952896725,84.43933480842658,166.39904649027704
2013-01-18 17:00:00,71.6083877745049,81.56350320149183,147.77843238962137
2013-01-18 18:00:00,66.46502211671638,78.71619501460896,148.8810389314445
2013-01-18 19:00:00,55.82578978945378,73.44334288837963,149.3530956080801
2013-01-18 20:00:00,53.19455705262716,73.44334074406015,149.3530937376212
2013-01-18 21:00:00,53.194557323454745,82.53474331828967,151.21875080399266
2013-01-18 22:00:00,70.87491753045015,94.18576579508225,153.6096658180154
2013-01-18 23:00:00,59.17966315055713,85.66066065950068,151.8602204511959
2013-01-19 00:00:00,53.1945544831233,82.53477660494812,151.21875805194685
2013-01-19 01:00:00,59.10648691109839,86.00615460818408,151.8322089502338
2013-01-19 02:00:00,63.177961510798696,85.64794347049038,151.827153799437
2013-01-19 03:00:00,63.17796418426764,83.56917682441266,151.43102500935262
2013-01-19 04:00:00,63.17795305782669,83.17812810435427,151.3507778739337
2013-01-19 05:00:00,59.962000996779295,81.66217609854897,151.03969085628253
2013-01-19 06:00:00,59.96178989714175,81.26205516640358,150.95758142802686
2013-01-19 07:00:00,60.62717429925876,76.4512208275954,149.21555772100737
2013-01-19 08:00:00,61.03119366198506,73.4433411466844,140.34147133432091
2013-01-19 09:00:00,63.1779157330686,73.44334041454704,140.34146725071534
2013-01-19 10:00:00,66.46503040926657,73.44334092628361,140.3414705967868
2013-01-19 11:00:00,70.87491088338847,75.18588084953093,141.86961626172837
2013-01-19 12:00:00,66.46504009443021,73.44334102155854,143.46848564517924
2013-01-19 13:00:00,63.177991949916205,73.44334099106416,143.876059978183
2013-01-19 14:00:00,63.177965329727364,73.44334096212445,144.65742503669287
2013-01-19 15:00:00,66.2631072870159,73.44334156997192,146.09531544376128
2013-01-19 16:00:00,66.4650277590553,73.44334109922816,146.51165986173612
2013-01-19 17:00:00,66.46495471847179,73.44334073034794,144.09995618458177
2013-01-19 18:00:00,66.4650313927997,73.44334072842847,143.78152722110033
2013-01-19 19:00:00,66.46503301560001,73.44334057859692,143.7940775579947
2013-01-19 20:00:00,66.46503409931819,73.44334053567718,143.24008490541914
2013-01-19 21:00:00,66.46502959782262,73.44334045619276,143.2241519798803
2013-01-19 22:00:00,66.46503376776134,73.44334088708501,145.3354146166375
2013-01-19 23:00:00,66.46502562577633,73.44334063001614,143.28362493167913
2013-01-20 00:00:00,66.4650123849349,73.44334074101526,143.31923201930988
2013-01-20 01:00:00,63.17796428177212,73.44334039000566,143.33246316879664
2013-01-20 02:00:00,63.17796325325807,73.44334019711849,143.33997071302335
2013-01-20 03:00:00,63.17796222538133,73.44334015878609,143.32497454223835
2013-01-20 04:00:00,63.17796098182395,73.44333971327609,143.22594189386714
2013-01-20 05:00:00,61.77600721971118,73.44333978322265,143.224149676704
2013-01-20 06:00:00,61.77595835287434,73.44333973269963,143.2241485952619
2013-01-20 07:00:00,58.973153112281146,73.44333856315673,143.17422197750616
2013-01-20 08:00:00,58.97314864010015,73.4433257281875,142.19446373979895
2013-01-20 09:00:00,58.97314865849836,73.44332295902895,140.7497217745983
2013-01-20 10:00:00,8.97178032535512,73.443340630646,140.71736050043765
2013-01-20 11:00:00,8.9717546817403,73.44334019631995,138.91020997494613
2013-01-20 12:00:00,8.971778383350768,73.44334033133494,138.9102108188483
2013-01-20 13:00:00,8.971778067505664,73.44334044746799,138.979058121127
2013-01-20 14:00:00,8.971777483209642,73.44334038316981,142.2906219082917
2013-01-20 15:00:00,8.97177794394423,73.44334031632509,148.96746660218994
2013-01-20 16:00:00,35.96848454066836,73.4433407353266,147.89721988504928
2013-01-20 17:00:00,8.971777806624738,73.44334036282079,146.57801863919852
2013-01-20 18:00:00,0.02514635274862721,73.44334033768172,138.2795080489999
2013-01-20 19:00:00,0.025149332992236147,73.44334043261317,138.6094902430085
2013-01-20 20:00:00,0.03668857086207853,73.44334054059006,136.5977549511572
2013-01-20 21:00:00,0.03669029652202798,73.44334082874153,136.55886530683662
2013-01-20 22:00:00,37.828218191720076,73.44334126023699,136.68676620137796
2013-01-20 23:00:00,38.32163038811689,73.44334074923864,136.62804815760236
2013-01-21 00:00:00,39.91380477300756,73.44334078845773,136.37828968732023
2013-01-21 01:00:00,39.90631680706638,73.4433413635924,136.26121724127862
2013-01-21 02:00:00,64.83367474183798,75.09502564383084,136.42411617028895
2013-01-21 03:00:00,65.56951960509882,75.0169837252484,136.44555499882657
2013-01-21 04:00:00,66.46503208578446,75.22409956579416,103.90949573676093
2013-01-21 05:00:00,70.8749162297586,78.877143419758,93.1723442894612
2013-01-21 06:00:00,71.6083887858196,96.16185304584766,105.23706006812891
2013-01-21 07:00:00,71.60838863054829,97.54974760157829,105.91306267662758
2013-01-21 08:00:00,71.60838923160236,89.6138476006548,101.40475306603594
2013-01-21 09:00:00,71.60838942613994,94.75282965932607,103.93173187385543
2013-01-21 10:00:00,71.60838948407773,79.31436863080083,93.08163319826029
2013-01-21 11:00:00,71.60838947818013,84.45350682828932,97.50600797393537
2013-01-21 12:00:00,71.60838949127748,93.38704125113851,103.76273054694526
2013-01-21 13:00:00,71.60838952373192,99.56460222713498,107.91080558401417
2013-01-21 14:00:00,71.60838951999008,116.2124265844539,115.43608343153932
2013-01-21 15:00:00,71.60838951266969,178.38054241543054,146.00266490677896
2013-01-21 16:00:00,71.6083894969627,202.45945615001656,149.8497330243377
2013-01-21 17:00:00,71.60838948161306,195.13670110629528,149.53504324378923
2013-01-21 18:00:00,71.60838949076494,202.4594473362853,151.12914561777774
2013-01-21 19:00:00,71.60838950408413,198.10169019872964,151.31959201902194
2013-01-21 20:00:00,71.60838952093003,202.80900239260473,151.05290125600695
2013-01-21 21:00:00,71.60838953656749,186.07868020570479,151.03735004046172
2013-01-21 22:00:00,71.6083895636869,183.6571932356637,152.8372400486833
2013-01-21 23:00:00,71.60838957252898,169.86972457599705,150.8685149518015
2013-01-22 00:00:00,71.60838957682684,152.4919353246259,164.00375913300104
2013-01-22 01:00:00,71.60838957862317,184.87920571626185,180.57541462371202
2013-01-22 02:00:00,71.60838958204069,186.69310249932636,181.68957566236136
2013-01-22 03:00:00,71.60838958985731,187.23321036251295,182.1227043335076
2013-01-22 04:00:00,71.60838960562275,178.77071291180326,181.4115891542623
2013-01-22 05:00:00,71.6083896208695,177.93148296247017,180.78147267475597
2013-01-22 06:00:00,71.60838964756103,175.97165428238418,180.88569196954896
2013-01-22 07:00:00,71.60838965974101,152.4918572697064,167.82234461103062
2013-01-22 08:00:00,71.60838971160109,144.59344220566672,156.54646943392663
2013-01-22 09:00:00,71.60838971274839,152.49184963796614,158.0304063790944
2013-01-22 10:00:00,71.60839057560685,169.44602489202325,179.64133118176224
2013-01-22 11:00:00,71.6083920801576,169.54749391150736,179.75920957936498
2013-01-22 12:00:00,74.31222972531233,169.86970373622333,183.58174410612847
2013-01-22 13:00:00,71.66460230466434,169.8697158079191,185.43607379605405
2013-01-22 14:00:00,188.52798336046774,199.73434323476044,213.48043059851878
2013-01-22 15:00:00,200.18808161856128,214.6131009599427,228.53534926022257
2013-01-22 16:00:00,131.21021578780181,225.4569492730889,239.41931491686145
2013-01-22 17:00:00,71.60892528977456,223.0521636828746,239.8971776101097
2013-01-22 18:00:00,173.79134616801892,222.72628162675178,240.1431929245286
2013-01-22 19:00:00,71.6083967028649,225.45690903104483,242.6334093266374
2013-01-22 20:00:00,71.6083903641851,225.45693932307984,242.63343574575424
2013-01-22 21:00:00,71.60839085347587,225.4569411501518,242.633436195907
2013-01-22 22:00:00,190.41645099106637,225.45694491037466,242.84385609278633
2013-01-22 23:00:00,213.12927304871977,225.45694629988225,244.4110930674432
2013-01-23 00:00:00,215.756450893829,228.20386969400357,245.51096595625526
2013-01-23 01:00:00,218.06695339065857,230.13249548749235,249.24930353935397
2013-01-23 02:00:00,220.597546797848,230.13249321930581,251.66967410812612
2013-01-23 03:00:00,222.7373189880348,230.1324935717914,255.30757539729342
2013-01-23 04:00:00,222.7373431784237,230.13249477491217,257.96641347268655
2013-01-23 05:00:00,227.0926434417126,230.13250150066568,263.8499380012094
2013-01-23 06:00:00,228.74210279709789,235.9831130573563,266.8723353631467
2013-01-23 07:00:00,228.74210392041536,235.98311490146853,270.4948076643413
2013-01-23 08:00:00,228.74210342579744,231.29460109474215,262.73170952814365
2013-01-23 09:00:00,234.6492808972613,235.982699127159,269.20638324822283
2013-01-23 10:00:00,232.46582476900437,235.98311852149962,265.33804998152056
2013-01-23 11:00:00,266.7468278926699,263.871127845321,280.27748847840246
2013-01-23 12:00:00,269.8060113363239,263.87112876953086,286.58869434629287
2013-01-23 13:00:00,272.7064502086497,264.69724317910766,290.8962247315023
2013-01-23 14:00:00,319.71893852875553,316.6762016950551,335.32835112871635
2013-01-23 15:00:00,325.6857356497406,327.102455354724,345.5938584699071
2013-01-23 16:00:00,325.7326504143404,327.10245360624515,345.6403254290167
2013-01-23 17:00:00,310.34373918941475,327.1024503849763,345.6431574317177
2013-01-23 18:00:00,297.95642814308815,325.27099929747527,345.29953726841626
2013-01-23 19:00:00,300.9167394166352,326.21829760148546,345.4700679023011
2013-01-23 20:00:00,310.3437577841664,327.10245535923684,345.6153566436911
2013-01-23 21:00:00,325.68563972622593,327.1024557672399,345.62037311148106
2013-01-23 22:00:00,325.6856592325167,327.1024714394686,345.60909906053075
2013-01-23 23:00:00,325.6856681557005,327.10247199339517,345.6088338698682
2013-01-24 00:00:00,325.6856775232803,327.1024630702719,345.608833226079
2013-01-24 01:00:00,328.8035203183732,327.1024560945245,345.96941129694255
2013-01-24 02:00:00,330.3329583866449,327.10245891152493,346.13355145910884
2013-01-24 03:00:00,334.36615815650043,331.0643097808474,349.7654533890057
2013-01-24 04:00:00,484.33354851174323,478.3787424557034,501.8114771334867
2013-01-24 05:00:00,497.11629628657414,490.9353607512501,513.7948070117933
2013-01-24 06:00:00,526.309795450347,519.61241981712,548.6887226221128
2013-01-24 07:00:00,526.3098026293784,519.612426810154,548.7319383848956
2013-01-24 08:00:00,526.3098011418573,519.6124252336956,548.8296395855344
2013-01-24 09:00:00,526.3098027563366,519.6124256743675,548.8296432023889
2013-01-24 10:00:00,559.5701797208434,533.1522707769516,554.3538517073714
2013-01-24 11:00:00,567.396369119987,548.3422211714991,567.7512770901054
2013-01-24 12:00:00,575.332012893518,561.6232275603455,584.8641495075307
2013-01-24 13:00:00,586.8201177783551,567.8726364655699,590.0941229753173
2013-01-24 14:00:00,591.5376434140763,577.9773583874482,595.6094136885498
2013-01-24 15:00:00,603.3491230653515,577.9773648679076,596.2636136450254
2013-01-24 16:00:00,608.1995702556513,578.215187912001,597.0881904019795
2013-01-24 17:00:00,616.7056922067043,580.2953591856177,597.7750154846146
2013-01-24 18:00:00,625.3307929037837,580.4964438499662,597.5969282976268
2013-01-24 19:00:00,634.0765238249261,580.2953713958843,597.9265569486364
2013-01-24 20:00:00,642.9445696803361,580.2953627383181,597.9153598061596
2013-01-24 21:00:00,615.2831406942349,580.2953384201046,596.6454608104752
2013-01-24 22:00:00,586.8204758321339,578.0624178697789,595.6455324115348
2013-01-24 23:00:00,586.8204704330047,578.062414083192,595.6455302620989
2013-01-25 00:00:00,586.820469122805,578.0623927130096,595.6455193877099
2013-01-25 01:00:00,586.8204691418408,578.0623901156274,595.6455160699342
2013-01-25 02:00:00,586.8204701570149,578.0623897167284,595.6455159256788
2013-01-25 03:00:00,586.8204753840731,578.062389423372,595.6455086276678
2013-01-25 04:00:00,599.8410783866992,578.0623898916555,595.6473752144592
2013-01-25 05:00:00,586.8204688818596,578.0623927886189,597.7112844044867
2013-01-25 06:00:00,586.8204660131832,579.052631304924,599.1216233782845
2013-01-25 07:00:00,244.51749860189696,252.06308635462926,271.22874462564005
2013-01-25 08:00:00,228.7421022813681,237.07012303624828,252.25874221609618
2013-01-25 09:00:00,198.03910911221476,223.21305007122658,237.91916440510673
2013-01-25 10:00:00,71.60838941374607,221.7612565710173,236.80937625096107
2013-01-25 11:00:00,71.60838937822213,221.7612537466734,236.79024509718474
2013-01-25 12:00:00,71.6083893341519,224.78762589377854,239.01810514096135
2013-01-25 13:00:00,71.60838925265672,225.0768948405455,239.18822017139192
2013-01-25 14:00:00,71.6083891416587,225.45691465227625,240.45561193687743
2013-01-25 15:00:00,71.60838894675692,225.3624737568268,242.026046990882
2013-01-25 16:00:00,71.60838832418295,218.95995637606566,237.1231766507136
2013-01-25 17:00:00,63.17791026779573,211.24971784473706,228.43699055513625
2013-01-25 18:00:00,61.04018937686269,102.4543391350939,158.3972870516268
2013-01-25 19:00:00,61.04018887155772,67.425248711377,153.6285895439599
2013-01-25 20:00:00,61.04018863474402,56.20972395866387,153.35690719079602
2013-01-25 21:00:00,61.040188594463736,54.939158814775325,152.41153999937094
2013-01-25 22:00:00,61.04018873259972,67.41425253153648,152.3557696785067
2013-01-25 23:00:00,61.04018850106977,67.57180665916835,152.35957444028216
2013-01-26 00:00:00,55.8876379660097,62.175998608973366,151.98242070145156
2013-01-26 01:00:00,52.012576525994724,59.501252576585344,150.7321436095672
2013-01-26 02:00:00,49.417722783504956,53.91707174004491,148.9542275669042
2013-01-26 03:00:00,49.41772991206419,61.49476758968647,148.94305306462607
2013-01-26 04:00:00,57.100181437473736,64.69139617774486,145.9345035111557
2013-01-26 05:00:00,58.82337054448039,65.30322171709913,146.00096290091736
2013-01-26 06:00:00,57.18936904932931,65.37043739023514,146.01702358731572
2013-01-26 07:00:00,58.59342006134157,65.37043216683608,112.71471262231182
2013-01-26 08:00:00,49.99580908968561,56.22932794962143,87.38529476128991
2013-01-26 09:00:00,46.12454766120396,50.76113638908523,81.391136807733
2013-01-26 10:00:00,53.19455032875628,56.30164419719015,84.71931572762799
2013-01-26 11:00:00,49.651156860217746,54.75245281210728,84.3155430033199
2013-01-26 12:00:00,46.12455159837675,53.35652553092361,84.09232778420332
2013-01-26 13:00:00,46.12455804961198,57.60748544827725,86.54659949188849
2013-01-26 14:00:00,53.194527625525964,59.146292464154776,89.16999522504378
2013-01-26 15:00:00,49.41772658264346,56.96334634282898,96.18849988105336
2013-01-26 16:00:00,49.41772370523913,54.28351313581783,90.18803761688443
2013-01-26 17:00:00,45.52388653777897,50.21218005363386,86.95494068376193
2013-01-26 18:00:00,43.142331365708024,47.72202038679063,77.98539687027198
2013-01-26 19:00:00,43.1160285040117,47.694516764231324,78.25815351020299
2013-01-26 20:00:00,43.113834213471165,47.69222154374228,78.94449406168054
2013-01-26 21:00:00,20.29589269484405,23.834241670257928,74.822778576335
2013-01-26 22:00:00,0.04280916121734837,2.658025169607523,72.47118388862532
2013-01-26 23:00:00,0.03738137477621435,2.6580244427247113,75.32371511884446
2013-01-27 00:00:00,0.025146904834723472,2.6580246822291103,83.49403856185766
2013-01-27 01:00:00,0.02514568864458148,2.6580243289643444,83.49406705234901
2013-01-27 02:00:00,0.025145424619287853,2.6580244660803953,83.49406896293112
2013-01-27 03:00:00,0.02514535684251595,2.6580245549030392,83.49406966092675
2013-01-27 04:00:00,0.025145326302772674,2.6580244309940877,83.4940702930774
2013-01-27 05:00:00,0.025145274371718738,2.6580242176021183,80.47675265384174
2013-01-27 06:00:00,0.025145246041600445,2.6574136587027057,80.77584234647227
2013-01-27 07:00:00,0.025145237558959414,2.657411164583508,75.59906633621333
2013-01-27 08:00:00,0.025145128281111127,2.6495115047866395,58.376871629261544
2013-01-27 09:00:00,0.02514515408578135,2.6459078878623172,49.62595322319815
2013-01-27 10:00:00,0.025145157991393368,2.6456136412857423,48.04004893386323
2013-01-27 11:00:00,0.025145156484500924,2.645648608124822,42.69549060038963
2013-01-27 12:00:00,0.025145186551723653,2.6574085333688053,45.069252683456476
2013-01-27 13:00:00,0.025145181088286808,2.6499417233318106,45.66311476908248
2013-01-27 14:00:00,0.025145184167681148,2.657410215421768,48.975188071868295
2013-01-27 15:00:00,0.025145209567259342,2.6574128798275036,50.80060282186975
2013-01-27 16:00:00,0.025145287309436385,2.658024298912569,50.800768291521585
2013-01-27 17:00:00,0.025145367719637123,2.6580248399578656,50.80076969215415
2013-01-27 18:00:00,0.02514556342559448,2.6580277002612234,50.802787450358785
2013-01-27 19:00:00,0.025145491094801648,2.658026237843814,50.802793978131064
2013-01-27 20:00:00,0.02514534584309299,2.658026443117225,50.802794884359336
2013-01-27 21:00:00,0.025145323341277812,2.658026504162682,50.80282370771725
2013-01-27 22:00:00,0.025145309746117724,2.6580247772927956,50.80539963193345
2013-01-27 23:00:00,0.02514537957190583,2.658025271169234,50.80560817385184
2013-01-28 00:00:00,0.025145433207364933,2.6580251551876644,54.2785271894655
2013-01-28 01:00:00,0.025146607221626618,2.65802537069,53.21634652234333
2013-01-28 02:00:00,0.03668831541774075,2.6580249676783447,53.216345824741
2013-01-28 03:00:00,0.02514910076805631,2.658024990123531,53.21892108705767
2013-01-28 04:00:00,0.02514686905410665,2.658024850952716,53.21835279543509
2013-01-28 05:00:00,0.025154825310476147,2.658025347954067,53.21493778679755
2013-01-28 06:00:00,0.025146027317066968,2.658035431685401,51.922569112047306
2013-01-28 07:00:00,0.02514708561418526,2.6668739349823314,52.29907469988304
2013-01-28 08:00:00,0.025145828600874123,2.6580266985502674,40.901057153779284
2013-01-28 09:00:00,0.02514539763048266,2.6580246421116773,37.73844864653221
2013-01-28 10:00:00,0.025145349249163052,2.6580245400898,39.70747698168353
2013-01-28 11:00:00,0.02514528534837341,2.6580245579722854,36.13043968249441
2013-01-28 12:00:00,0.025145217449868407,2.6580240865482616,35.06988050557788
2013-01-28 13:00:00,0.025145319968341403,2.6580238719308906,37.73382694132117
2013-01-28 14:00:00,0.025146048225442922,2.6580245854698297,42.87511292295866
2013-01-28 15:00:00,0.037380483545815794,2.6580254141686934,43.911807869077954
2013-01-28 16:00:00,0.02514659568235223,2.658024621542245,41.89151095585297
2013-01-28 17:00:00,0.02514527804813361,2.6580243415272653,41.883801076876146
2013-01-28 18:00:00,0.02514521690188788,2.65741359245682,41.881534658578936
2013-01-28 19:00:00,0.025145206837062214,2.6574104501348588,41.88663844227014
2013-01-28 20:00:00,0.02514520393627703,2.6574102875385766,41.88665139153375
2013-01-28 21:00:00,0.025145202693716756,2.6574102526073657,41.88665056843316
2013-01-28 22:00:00,0.025145201902525612,2.657410230014999,41.88142902913048
2013-01-28 23:00:00,0.025145201451629667,2.657410226403129,41.881423950467834
2013-01-29 00:00:00,0.02514520114469215,2.657410225195904,41.881421283359536
2013-01-29 01:00:00,0.02514520098933581,2.657410225256518,41.88140869017934
2013-01-29 02:00:00,0.025145201063805137,2.657410226957637,39.99889901505074
2013-01-29 03:00:00,0.02514520261684904,2.657410125642826,38.753803153378875
2013-01-29 04:00:00,0.025145205615957622,2.657409958917037,38.96057528749867
2013-01-29 05:00:00,0.025145208468570338,2.657409783279923,38.99727284266484
2013-01-29 06:00:00,0.025145209638318122,2.657409836250416,39.052723206116454
2013-01-29 07:00:00,0.025145218325332116,2.6574100298647116,27.821567496616296
2013-01-29 08:00:00,0.02514527698454103,7.959281191871293,23.240898052218242
2013-01-29 09:00:00,0.025145243210521386,2.6668659798317185,23.158450501760598
2013-01-29 10:00:00,0.02514539009063194,2.657410646754952,23.158459633753765
2013-01-29 11:00:00,0.025145638285890157,2.657410675232815,23.158444670221265
2013-01-29 12:00:00,0.027509672445132114,2.6574107179371027,23.15844506555314
2013-01-29 13:00:00,0.027520762022107015,2.657421346781525,23.209896226307535
2013-01-29 14:00:00,0.02807740046528083,2.65802334660397,23.4835833470593
2013-01-29 15:00:00,0.027510873268777047,2.6574114545588765,23.525313910688325
2013-01-29 16:00:00,0.027509588334139242,2.657410078328539,23.965481776610915
2013-01-29 17:00:00,0.025146297550496233,2.6574063016276255,26.73303655784793
2013-01-29 18:00:00,0.025145337088726558,2.6580204555508096,30.335409010825067
2013-01-29 19:00:00,0.025145277034986306,2.657408270700457,34.17520409089374
2013-01-29 20:00:00,0.025145267564201365,2.6574082247476967,34.17250003691696
2013-01-29 21:00:00,0.025145262142468584,2.657409155563806,30.694385645219235
2013-01-29 22:00:00,0.02514520884260954,2.657409530448272,23.935279350717167
2013-01-29 23:00:00,0.025145207376407547,2.6574094531561254,23.930037947413787
2013-01-30 00:00:00,0.02514520717098337,2.657409378574546,23.929154654747222
2013-01-30 01:00:00,0.025145206678302383,2.6574095043671018,23.932320241537795
2013-01-30 02:00:00,0.025145206469816613,2.6574094759060487,23.92676468345943
2013-01-30 03:00:00,0.025145206907642305,2.6574093871042965,23.926761097556977
2013-01-30 04:00:00,0.02514520703447218,2.6574094509988484,23.926750995362376
2013-01-30 05:00:00,0.025145207445653125,2.657409446923107,23.954491478033972
2013-01-30 06:00:00,0.02514520829470478,2.657409459173265,23.947790462834277
2013-01-30 07:00:00,0.025145215607823904,2.6573902365019597,23.644057486245707
2013-01-30 08:00:00,0.025145167027220472,2.6495147174442035,22.809649642557773
2013-01-30 09:00:00,0.025145158076014154,2.649511368998857,21.562621567663854
2013-01-30 10:00:00,0.02514514092297605,2.649514115750162,20.60221098487881
2013-01-30 11:00:00,0.02514515780250802,2.649514350113938,20.34347990948343
2013-01-30 12:00:00,0.025145133319118104,2.647312571625234,21.941450135481716
2013-01-30 13:00:00,0.02514513817383955,2.647303944137161,20.56628399238006
2013-01-30 14:00:00,0.02514512587377264,2.649506632415001,22.439938493369695
2013-01-30 15:00:00,0.025145130198043996,2.649508410636433,22.715634254377477
2013-01-30 16:00:00,0.025145210536699738,2.657409439118435,22.935855184903644
2013-01-30 17:00:00,0.02514521297893668,2.657409275363958,23.13954671570803
2013-01-30 18:00:00,0.02514520264344376,2.6574083266984485,23.13955565828138
2013-01-30 19:00:00,0.025145232371047776,2.657344816761803,23.139592406453446
2013-01-30 20:00:00,0.0251452324358285,2.657167400675782,23.139587094537042
2013-01-30 21:00:00,0.025145260108614387,2.6570827604117007,23.139585397508277
2013-01-30 22:00:00,0.036688874591656775,2.658024009815975,23.142453539098966
2013-01-30 23:00:00,0.03474205076354758,2.6580219711934916,23.141853190593167
2013-01-31 00:00:00,0.02514588776287936,2.65801749108872,23.219412286256265
2013-01-31 01:00:00,0.025145420825338046,2.6580223168552157,26.141627994812822
2013-01-31 02:00:00,0.025145312439292147,2.6574079261783004,25.340709416297614
2013-01-31 03:00:00,0.0251452383085991,2.6574104494070006,25.340045414415485
2013-01-31 04:00:00,0.025145237597740434,2.6574105621444515,25.338706660049098
2013-01-31 05:00:00,0.025145239766772003,2.6574105312176286,25.338707080295528
2013-01-31 06:00:00,0.02514523858509862,2.6574106207487382,25.338706441038276
2013-01-31 07:00:00,0.025145216597068958,2.657410635587064,15.56422192064086
2013-01-31 08:00:00,0.025145174356790572,2.64650263730755,9.962106431019986
2013-01-31 09:00:00,0.025145142196180904,2.6456071305429987,5.3803999249648795
2013-01-31 10:00:00,0.025145135586061566,2.647327891878121,5.517045855999901
2013-01-31 11:00:00,0.025145129090899967,2.6472880999024704,5.530077563623478
2013-01-31 12:00:00,0.025145125477461647,2.647288388822128,5.499996124446314
2013-01-31 13:00:00,0.025145150922165592,2.645140020689261,5.386699481761956
2013-01-31 14:00:00,0.025145140250190975,2.645949604743592,13.335196758026626
2013-01-31 15:00:00,0.025145148357983794,2.6495069456706064,35.94538236087651
2013-01-31 16:00:00,0.025145258099297373,2.657409898799583,42.01426756861968
2013-01-31 17:00:00,0.025145257869844114,2.657409894600509,41.47366750360764
2013-01-31 18:00:00,0.025145255061596983,2.657410261028093,43.4014349485492
2013-01-31 19:00:00,0.02514525453567387,2.65741039883576,43.40329534044518
2013-01-31 20:00:00,0.025145253708640042,2.6574106255979935,44.08509375208842
2013-01-31 21:00:00,0.025145253916231413,2.657410840910916,44.39824747118446
2013-01-31 22:00:00,0.02514525357979311,2.657411430211654,43.94162525939021
2013-01-31 23:00:00,0.025145265111607744,2.6574153994934306,44.471228859077065
2013-02-01 00:00:00,0.025145298865140442,2.658023707676241,44.571120513419764
2013-02-01 01:00:00,0.02514539053213199,2.6580244708608687,44.33068077261812
2013-02-01 02:00:00,0.0251455276087817,2.6580246929542573,44.352797030934745
2013-02-01 03:00:00,8.552311564443842,11.888758305493997,46.59056507594502
2013-02-01 04:00:00,14.088194026391989,32.99045164499662,51.26768796712048
2013-02-01 05:00:00,45.23618877000336,51.61268817233185,54.99852478209705
2013-02-01 06:00:00,52.90975573285362,59.31123405255271,58.19287031062517
2013-02-01 07:00:00,57.51725645507241,63.15891731890777,69.88271063356709
2013-02-01 08:00:00,59.20744763455827,65.23582114248286,70.05420946193948
2013-02-01 09:00:00,59.73454398301412,65.37043577796584,69.48098508673243
2013-02-01 10:00:00,61.0401883459256,65.37043786738394,69.69246348818456
2013-02-01 11:00:00,61.04018839943554,65.37043730937957,70.29891264484174
2013-02-01 12:00:00,61.04018844684266,65.10096493319413,71.10657820784263
2013-02-01 13:00:00,61.04018853967708,65.37043684376619,73.37172617532241
2013-02-01 14:00:00,61.04018931654397,65.37043717811507,94.72259044930037
2013-02-01 15:00:00,62.79607284619649,65.37043833855334,113.74045104029655
2013-02-01 16:00:00,75.3830188963376,70.9033473595061,115.70798947058371
2013-02-01 17:00:00,72.83098700237225,69.76421182931996,115.43232890390215
2013-02-01 18:00:00,62.79606604953252,65.37043966167225,116.2846811180723
2013-02-01 19:00:00,61.04019259558619,65.37043736304243,116.2336648142076
2013-02-01 20:00:00,61.04018863363053,65.3704368898202,116.31164662591631
2013-02-01 21:00:00,61.040188528240755,63.81921237815316,116.25792114635364
2013-02-01 22:00:00,61.040188452953615,60.096768670752745,116.08863444100655
2013-02-01 23:00:00,61.04018841398886,60.36307069498843,112.51700847096554
2013-02-02 00:00:00,61.04018842942991,60.43417172675479,105.66093664864697
2013-02-02 01:00:00,61.0401884250278,60.39673267743819,103.4622278408587
2013-02-02 02:00:00,61.04018840950078,60.125110095395314,95.00600166401306
2013-02-02 03:00:00,61.04018836758178,59.755233114579596,85.97675523002283
2013-02-02 04:00:00,61.040187888973215,59.811579814273564,85.07031604905195
2013-02-02 05:00:00,60.557295106553,58.60377186131579,84.5981314571883
2013-02-02 06:00:00,58.973101498705915,57.83092900663106,84.48464526003028
2013-02-02 07:00:00,44.591452623942466,47.17925241031159,73.78484765491594
2013-02-02 08:00:00,8.971783196508772,32.845637383436916,71.5329318818525
2013-02-02 09:00:00,0.025145868302109967,11.591617924629926,67.38106417417909
2013-02-02 10:00:00,8.97179611546494,19.005668095559916,67.47220815019854
2013-02-02 11:00:00,0.025145607036964456,9.140049337411309,63.88274543046217
2013-02-02 12:00:00,0.025145310125002998,6.783521901765926,60.06448743823294
2013-02-02 13:00:00,0.025145562999306575,7.970589884788063,50.926731673818544
2013-02-02 14:00:00,3.4154125573833287,12.19259243695043,70.44196786628193
2013-02-02 15:00:00,47.080419968775104,46.79824629944932,71.82844288180677
2013-02-02 16:00:00,53.35268355364844,62.519795859686596,74.45837403273654
2013-02-02 17:00:00,52.01272615167116,62.519803935865475,74.49818887817545
2013-02-02 18:00:00,48.50394832784335,62.51977828087459,74.90576854103625
2013-02-02 19:00:00,48.27539726106241,62.51979861301919,75.9077813775381
2013-02-02 20:00:00,48.273368715711335,62.51540751994792,76.13475967544827
2013-02-02 21:00:00,48.82830697688697,62.51986691313759,76.15629937744913
2013-02-02 22:00:00,53.40210561884709,64.19644200984315,76.32883175001523
2013-02-02 23:00:00,53.4144976841315,64.77389750976081,76.40970593565316
2013-02-03 00:00:00,53.42687035338338,64.92019902371743,76.43971358756109
2013-02-03 01:00:00,53.43924342981855,64.92005937239655,76.41496846766131
2013-02-03 02:00:00,53.45162140128872,64.92037355283094,76.06606273861081
2013-02-03 03:00:00,58.17685586961814,64.9837470294983,76.3418253467823
2013-02-03 04:00:00,58.055068477448025,64.48479634731537,76.6072719044544
2013-02-03 05:00:00,58.867176928074436,63.43031821387112,76.77142271410221
2013-02-03 06:00:00,59.69064578323621,60.87985449699647,77.38014143188539
2013-02-03 07:00:00,60.52544248392216,62.99542257006068,73.87410441805926
2013-02-03 08:00:00,53.352687802962066,49.51333200229898,67.81432684055055
2013-02-03 09:00:00,8.97177728701475,19.62625446020864,53.36931523629758
2013-02-03 10:00:00,0.037357307141036536,8.049784653206142,22.774558459956374
2013-02-03 11:00:00,0.025145207874961908,2.6580263312446806,10.877314486414912
2013-02-03 12:00:00,0.02514518882555678,2.6580249692844506,7.082012144339271
2013-02-03 13:00:00,0.025145264638857353,2.6580113029443475,9.253481870477962
2013-02-03 14:00:00,0.025145199344301535,2.658022914939613,30.29798248129414
2013-02-03 15:00:00,0.02514523019033029,2.657441936129848,35.89728838485645
2013-02-03 16:00:00,0.02514535660236301,2.6574128303712414,36.415716506138146
2013-02-03 17:00:00,0.025145406376813957,6.842680163437183,36.31854265035068
2013-02-03 18:00:00,0.025145485260517617,6.948524022103199,35.03166476598093
2013-02-03 19:00:00,0.025145472131750956,2.658020072257835,36.218328365407686
2013-02-03 20:00:00,0.02514542779978717,2.6579403630913947,36.21832496101212
2013-02-03 21:00:00,0.025145573704234862,2.6579675132557106,37.09023431879412
2013-02-03 22:00:00,0.028076870844518435,2.658024228908586,37.08565294455111
2013-02-03 23:00:00,0.028077328989911395,2.658024429690005,36.415842673491
2013-02-04 00:00:00,0.034307307843777245,2.658025663954038,36.220285096280875
2013-02-04 01:00:00,4.150341433440072,6.952775926064944,39.77851001973479
2013-02-04 02:00:00,34.58536857167974,22.764485544025074,54.744755801689784
2013-02-04 03:00:00,34.71549193535502,23.198946571461953,56.09158683033514
2013-02-04 04:00:00,8.97177781672338,11.255500941009025,57.881268570367695
2013-02-04 05:00:00,0.027638004480077655,6.952793403566905,57.604441651613136
2013-02-04 06:00:00,0.02514543456190109,6.95278511588668,39.94851473128496
2013-02-04 07:00:00,0.025145237147157648,2.657517376227485,36.049789505967745
2013-02-04 08:00:00,0.0251452011377697,2.657411841120351,24.59507986169507
2013-02-04 09:00:00,0.02514518365852737,2.657411462202411,19.4166177211608
2013-02-04 10:00:00,0.025145160510283926,2.657415936345244,17.289641507243402
2013-02-04 11:00:00,0.025145154714694258,2.657411064744626,12.631271808591883
2013-02-04 12:00:00,0.025145153490751117,2.657410657745644,11.126945254582896
2013-02-04 13:00:00,0.025145151550028607,2.657410882489234,16.46468147967355
2013-02-04 14:00:00,0.02514516519714758,2.657410867862598,19.791048421897486
2013-02-04 15:00:00,0.025145208411012834,2.6574182447934698,22.412502296210704
2013-02-04 16:00:00,0.02514527126508103,2.6580242485475836,23.313259321620656
2013-02-04 17:00:00,0.025145258436497286,2.6580241131466114,23.31370609249393
2013-02-04 18:00:00,0.025145252725403522,2.6580236825161045,23.313711465373068
2013-02-04 19:00:00,0.025145250290249783,2.6580206783894793,23.31372436009503
2013-02-04 20:00:00,0.025145227623294193,2.6574140907886448,23.313662427322896
2013-02-04 21:00:00,0.025145237156931764,2.657411026087526,23.319678575957447
2013-02-04 22:00:00,0.025145228455804577,2.6574604158096413,23.302380988854807
2013-02-04 23:00:00,0.0251452187314625,2.6574125265376516,23.3023716310678
2013-02-05 00:00:00,0.025145216695536682,2.657411106206548,23.303938199619246
2013-02-05 01:00:00,0.0251452178871176,2.657410739340144,23.374219736529653
2013-02-05 02:00:00,0.025145213230026244,2.657410598793141,23.3783842201233
2013-02-05 03:00:00,0.025145212459977157,2.657410353795857,23.385919414995314
2013-02-05 04:00:00,0.025145209011550176,2.657410454523347,23.38591459339061
2013-02-05 05:00:00,0.025145227580253577,2.657410282323413,23.38150704471491
2013-02-05 06:00:00,0.02514529884158087,2.6574102159295547,23.361058850834766
2013-02-05 07:00:00,0.025145366738039337,2.657409909871366,26.179880970143373
2013-02-05 08:00:00,0.025145261948981232,2.6495254284014185,24.04435213418293
2013-02-05 09:00:00,0.02514516952763804,2.645892039024501,6.667336053323223
2013-02-05 10:00:00,0.025159700571318826,2.6580247861793356,20.881435268488772
2013-02-05 11:00:00,0.025145445660597083,2.658024572739557,15.888217777854324
2013-02-05 12:00:00,0.025145485228955818,2.658025108696801,24.323810260661496
2013-02-05 13:00:00,0.025145470630015963,4.7860709529431915,27.942732296789863
2013-02-05 14:00:00,0.025145614558307494,2.658025079552102,33.949325781383195
2013-02-05 15:00:00,2.251822577420297,4.967725820136918,36.10867947130069
2013-02-05 16:00:00,37.676424226317856,42.00696597405627,64.55993802625149
2013-02-05 17:00:00,61.040170507459905,50.183867286161004,85.15738740473289
2013-02-05 18:00:00,61.040188478115674,48.3294174788819,85.94714749821884
2013-02-05 19:00:00,61.0401886077017,44.45383691967889,87.02983923024135
2013-02-05 20:00:00,61.040188705495346,40.77005786409944,87.37450956308155
2013-02-05 21:00:00,61.04018927346792,40.77005289312155,87.37451167569043
2013-02-05 22:00:00,63.177911649848724,41.71723160980516,89.07983082177643
2013-02-05 23:00:00,67.97674529272061,44.453823632412394,88.99664481817221
2013-02-06 00:00:00,68.67614134968588,44.453840251718454,89.87539168714365
2013-02-06 01:00:00,63.17791091056486,41.81105428818109,89.98361775333014
2013-02-06 02:00:00,63.17790921792647,41.681452421206856,90.11075510559759
2013-02-06 03:00:00,69.05306211388424,44.453744550263046,93.085160247908
2013-02-06 04:00:00,67.7286995366017,44.32000788636452,97.48593632530194
2013-02-06 05:00:00,61.04019159832522,41.25730783130942,97.90462491132516
2013-02-06 06:00:00,61.04018881704014,41.31814494561809,97.9098782799246
2013-02-06 07:00:00,61.040188768998085,44.45373951175911,97.86572461682073
2013-02-06 08:00:00,61.04018872743112,43.84669186889471,81.59594848454843
2013-02-06 09:00:00,61.040188301743044,33.018960545122376,81.05712831187977
2013-02-06 10:00:00,58.97311194892922,10.17885991525697,79.06895478096645
2013-02-06 11:00:00,61.04018527707385,2.6580333605839987,79.18290447393366
2013-02-06 12:00:00,61.040188168949015,2.658025179896597,79.7534492703962
2013-02-06 13:00:00,61.040188609785965,2.6580270736678675,81.32614519040192
2013-02-06 14:00:00,61.04018870653024,23.65953672670552,96.62299944075275
2013-02-06 15:00:00,61.04018871580185,42.55655298250638,164.67610265355538
2013-02-06 16:00:00,61.04018874577995,42.790532799091785,167.53409732567312
2013-02-06 17:00:00,61.04018872713694,42.78775503197653,167.49656238999205
2013-02-06 18:00:00,61.040188653910185,42.69652374144403,167.2479404929385
2013-02-06 19:00:00,61.04018850788837,38.64680255148626,159.92242100603744
2013-02-06 20:00:00,61.04018853895599,45.69885226092729,160.02984308360968
2013-02-06 21:00:00,61.04018855740232,51.94454821417645,158.24998270974496
2013-02-06 22:00:00,61.04018825898565,55.026247667998724,165.56644259360738
2013-02-06 23:00:00,61.040188308021335,55.56776941139182,165.51050066027116
2013-02-07 00:00:00,61.04018846787476,56.210966077729495,164.86307630265935
2013-02-07 01:00:00,61.040185533022715,56.15900896975785,164.91256160639458
2013-02-07 02:00:00,61.0401881909602,56.18551797414683,164.86200763945251
2013-02-07 03:00:00,61.040188868429176,62.16094241056696,164.52145769539462
2013-02-07 04:00:00,61.040189171051466,62.11145484037406,165.05069508606167
2013-02-07 05:00:00,61.04019013808189,63.68016086176991,169.4119633938972
2013-02-07 06:00:00,61.17783190289437,65.37044116406052,170.50055347351716
2013-02-07 07:00:00,61.41959799254068,67.5023124604049,168.42013855399082
2013-02-07 08:00:00,61.4196036562332,66.21477095985715,153.58511083761263
2013-02-07 09:00:00,63.033270591040946,65.78341004385409,151.59524401038985
2013-02-07 10:00:00,75.45460347588028,71.14908452287274,152.0320830317745
2013-02-07 11:00:00,75.46156118858045,68.89585407355446,153.2161052811797
2013-02-07 12:00:00,75.4615640755884,69.82277211081497,155.07483346517867
2013-02-07 13:00:00,75.4615673250204,72.10765909973618,164.48888269574795
2013-02-07 14:00:00,75.46158040962787,79.9704484642813,204.047981349436
2013-02-07 15:00:00,75.46158264932309,82.92674207546422,235.49958822407908
2013-02-07 16:00:00,75.46158346354302,89.34275515513077,238.17370867390323
2013-02-07 17:00:00,75.4615842042139,90.55565053316184,238.8889138430783
2013-02-07 18:00:00,77.60806773246254,90.55565187791426,238.8948245915803
2013-02-07 19:00:00,82.52947720220156,92.51021621465677,238.52577856419285
2013-02-07 20:00:00,92.5046221972357,106.08264566258643,237.22181123623764
2013-02-07 21:00:00,106.52072575669494,110.39909766485181,236.78171954109408
2013-02-07 22:00:00,106.52073046689524,106.06900329143876,236.77543230867903
2013-02-07 23:00:00,106.52073065634006,107.92901194660114,236.74814957377583
2013-02-08 00:00:00,106.52073075248266,174.86477517247675,236.68353848667542
2013-02-08 01:00:00,106.52073284473231,174.86477691772896,236.68342944521228
2013-02-08 02:00:00,184.48810175548886,174.8647819134696,236.64930466325785
2013-02-08 03:00:00,202.63048568252322,191.04343929983295,236.64663534020974
2013-02-08 04:00:00,202.6303495637643,191.04324222333898,236.64655905650702
2013-02-08 05:00:00,202.62497231145252,191.02528273660218,236.6511548905757
2013-02-08 06:00:00,209.0921368801337,211.97761602056642,236.78608799571165
2013-02-08 07:00:00,209.09216829520233,211.97769620276515,236.25759511429973
2013-02-08 08:00:00,188.46189707681626,174.86478159241315,224.0594100685641
2013-02-08 09:00:00,184.4881205496185,174.86477979974336,218.9281673440605
2013-02-08 10:00:00,184.4881204717852,170.16389431974264,221.26455542758026
2013-02-08 11:00:00,184.48812046528482,168.55374081030007,222.3511933908085
2013-02-08 12:00:00,184.4881209838579,168.55374221325278,222.35119377255955
2013-02-08 13:00:00,184.48812249998062,170.19860159959455,219.66570647731456
2013-02-08 14:00:00,193.86968029039687,181.35945310286425,227.91956737413082
2013-02-08 15:00:00,209.09216442189563,211.97769922352862,236.20833774115894
2013-02-08 16:00:00,228.74209172520312,229.0244750508024,242.99419241972927
2013-02-08 17:00:00,228.74210312589972,229.02444153961991,242.99420684328257
2013-02-08 18:00:00,228.7421039949701,229.0244753912604,243.04706780888867
2013-02-08 19:00:00,228.74210557022883,229.0244884748723,242.97407577377703
2013-02-08 20:00:00,232.18275722465526,230.68855571184227,243.68266487714027
2013-02-08 21:00:00,236.91240855529156,235.33450409611646,244.63636831287727
2013-02-08 22:00:00,244.64651593918532,242.93182964267658,248.01389501561735
2013-02-08 23:00:00,244.61815117131277,242.90396673395378,247.98573791019948
2013-02-09 00:00:00,244.73204808513216,243.01584871116,248.09682798571106
2013-02-09 01:00:00,245.17903891621222,243.45493247539244,248.5325755939448
2013-02-09 02:00:00,245.17924029630825,243.4551301944588,248.53278558286956
2013-02-09 03:00:00,247.3829404083572,245.61984282081997,250.32339623780408
2013-02-09 04:00:00,249.30590262513172,246.52257172425658,250.57985718201238
2013-02-09 05:00:00,251.0227063419856,247.78669616117625,251.72047909540615
2013-02-09 06:00:00,251.7920639835907,248.1794963947358,251.8011275029261
2013-02-09 07:00:00,255.07151236749488,247.78669700309797,252.37901981299174
2013-02-09 08:00:00,228.74210014867634,218.77217244090315,240.17550098094742
2013-02-09 09:00:00,226.4046251953537,211.97774717051,240.07411649742644
2013-02-09 10:00:00,220.05053842674903,209.95358421913912,240.074115409283
2013-02-09 11:00:00,221.34708610728944,209.67678944997584,240.76014015454783
2013-02-09 12:00:00,224.4429605465047,211.97774732543493,240.7765623274376
2013-02-09 13:00:00,227.5821213746008,215.79089217501263,240.8699359169936
2013-02-09 14:00:00,230.76519161726478,218.77216318654655,243.4616831241771
2013-02-09 15:00:00,241.2635513635128,237.70802400759564,248.29185612503915
2013-02-09 16:00:00,263.153069527663,261.1109931422641,268.8961164482298
2013-02-09 17:00:00,261.06394832843307,259.05883452092655,267.3177417345073
2013-02-09 18:00:00,243.9489589036579,254.86598583803047,261.5843613046953
2013-02-09 19:00:00,240.00776445788088,251.17049420399755,259.34972914581795
2013-02-09 20:00:00,231.28162666432888,237.6695117127433,256.5239331928261
2013-02-09 21:00:00,227.90481818556765,230.22481971594274,255.54998236820273
2013-02-09 22:00:00,227.81090834574545,230.03537715805456,255.50517044990147
2013-02-09 23:00:00,221.45615909248053,215.48484367604422,254.21673666827078
2013-02-10 00:00:00,219.89821183749126,211.97774539049843,253.84028353015037
2013-02-10 01:00:00,219.89820471840412,211.9777479658101,253.8402606538457
2013-02-10 02:00:00,219.33057894087477,211.97769498232236,253.1096571871918
2013-02-10 03:00:00,213.2970961204111,211.97769089399603,247.6567820572619
2013-02-10 04:00:00,212.17218225989447,211.97764602525965,246.07154799227274
2013-02-10 05:00:00,75.46158366752768,76.48844329673454,245.16162012129226
2013-02-10 06:00:00,75.46158343317103,75.56166197366134,245.3323945873661
2013-02-10 07:00:00,75.46158338740092,72.44113709271085,140.9200720029853
2013-02-10 08:00:00,75.4615832902086,72.44113589245084,115.57396731096573
2013-02-10 09:00:00,75.46158062203561,68.11152708317309,113.10618039108493
2013-02-10 10:00:00,72.44723756102411,66.44854275711334,105.10230831844379
2013-02-10 11:00:00,69.30070254883199,50.899841362757506,101.58957584588349
2013-02-10 12:00:00,47.35010900415786,11.591628946269466,103.38965737954425
2013-02-10 13:00:00,8.971778993016084,11.585834854946942,103.15197679182485
2013-02-10 14:00:00,8.40083053041431,11.591625506797207,105.60999013625431
2013-02-10 15:00:00,8.679763776901504,11.888758620347815,126.64668331351342
2013-02-10 16:00:00,8.971776240220933,14.988665195431942,139.55198230946306
2013-02-10 17:00:00,8.679626607225723,14.98866674169355,135.48894804573857
2013-02-10 18:00:00,0.025149972859321745,14.988662817908597,132.9543177565443
2013-02-10 19:00:00,0.025146226618352356,14.988660067118303,132.78619498368207
2013-02-10 20:00:00,0.02514617870814297,11.88875893433421,121.84204987557513
2013-02-10 21:00:00,8.679747999517563,11.888742118538417,114.65083969484633
2013-02-10 22:00:00,0.025146087492975144,2.6458896061195256,101.71721397144591
2013-02-10 23:00:00,0.0251455775365615,2.6695996175743657,99.09327191241748
2013-02-11 00:00:00,0.025145564008718483,11.888763484085814,102.74478776483873
2013-02-11 01:00:00,0.025145921190181025,30.4422191227166,109.96231004126284
2013-02-11 02:00:00,8.971777924151109,46.654462117622536,116.84274770402507
2013-02-11 03:00:00,8.971777394652525,63.2876163145672,121.28247020680921
2013-02-11 04:00:00,8.971777493120875,64.08866573873523,123.14434103197866
2013-02-11 05:00:00,8.971775726145193,68.10949718990041,124.76746197723234
2013-02-11 06:00:00,8.971766087117649,68.10949951702685,125.09074042330076
2013-02-11 07:00:00,8.971768938329001,68.1076496041128,116.20548524983066
2013-02-11 08:00:00,0.02514632507512705,68.05136285067377,95.14398844294189
2013-02-11 09:00:00,0.025146136703453687,68.05136383388208,84.82791921802952
2013-02-11 10:00:00,8.971775748718061,68.1941504453108,56.97052394071329
2013-02-11 11:00:00,8.971778751405695,69.92245825776473,54.75232852219238
2013-02-11 12:00:00,8.971778437928567,72.25755944314938,55.872006334401064
2013-02-11 13:00:00,8.97187274921148,72.44113500090444,62.49818458822193
2013-02-11 14:00:00,50.09875732251384,68.19415754448455,81.49707206654392
2013-02-11 15:00:00,65.43308392966271,80.09159979975598,120.43744327522454
2013-02-11 16:00:00,69.87196992632806,86.95293847148312,128.71882631559987
2013-02-11 17:00:00,65.5241968558608,82.34925114182765,125.98237782913415
2013-02-11 18:00:00,65.5241969799385,82.3158444405138,125.98977518318912
2013-02-11 19:00:00,68.6323217775252,88.9880609361827,128.5190958884905
2013-02-11 20:00:00,71.35520812659858,96.76024073792547,132.26943372588326
2013-02-11 21:00:00,75.46158209606344,104.9332505026177,133.98997296842654
2013-02-11 22:00:00,75.46158330917179,105.07535277324705,134.19877907905038
2013-02-11 23:00:00,75.46158333413939,112.87048799656174,138.9184532002613
2013-02-12 00:00:00,75.46158334986485,117.65822198661886,141.70318140614097
2013-02-12 01:00:00,75.46158338699709,117.65822947653187,143.0140295996569
2013-02-12 02:00:00,75.46158340987037,117.6582295670084,143.29761785132953
2013-02-12 03:00:00,75.46158342846397,117.65822772099725,143.60560621267703
2013-02-12 04:00:00,75.46158343137718,124.63654189903228,147.96169240247494
2013-02-12 05:00:00,75.46158343670689,144.7377465614011,157.77674493667334
2013-02-12 06:00:00,75.4615834461907,158.07378541997497,169.070761822864
2013-02-12 07:00:00,75.46158346246243,161.06135684039785,164.1559732245411
2013-02-12 08:00:00,75.46158346706142,141.9793519541057,150.77860443842738
2013-02-12 09:00:00,75.46158348621154,141.9793055387853,149.8375757814613
2013-02-12 10:00:00,75.46158348221384,121.44330178638833,135.98176258465477
2013-02-12 11:00:00,75.46158359366964,124.82392730416838,139.74602488746612
2013-02-12 12:00:00,77.6080676716386,144.61555403486224,152.13804465590422
2013-02-12 13:00:00,122.39496603184762,185.14209856588693,191.47306527540027
2013-02-12 14:00:00,196.22796063635192,218.77215810800251,228.04589455404212
2013-02-12 15:00:00,205.73575579929033,225.45694488371603,243.14337752261616
2013-02-12 16:00:00,228.74200419581402,240.41234184651083,257.2980228465514
2013-02-12 17:00:00,228.74210412033625,241.78140573569215,258.3595780181053
2013-02-12 18:00:00,229.84887578744596,242.93862589324854,259.6142677113789
2013-02-12 19:00:00,232.2588695040156,245.45845306990552,262.1163011369348
2013-02-12 20:00:00,234.1041883310903,245.4584255894482,263.3422017067867
2013-02-12 21:00:00,242.13675748738657,253.3383401912564,267.5555688840801
2013-02-12 22:00:00,262.12129169860503,260.88974201521376,271.4542514871207
2013-02-12 23:00:00,262.1213517944715,260.889722947849,271.4542460626849
2013-02-13 00:00:00,262.12495909628046,260.88873765940144,271.4542884718029
2013-02-13 01:00:00,262.6638903839821,260.6304737436644,271.33965730869613
2013-02-13 02:00:00,262.66390019718983,260.6304821487629,271.3396647348254
2013-02-13 03:00:00,262.9278232016764,260.8897350629734,271.70563989480183
2013-02-13 04:00:00,263.15229068842234,261.11023134152305,272.0168974162875
2013-02-13 05:00:00,273.792873152668,268.8988773994179,277.87535054058765
2013-02-13 06:00:00,282.42230773413223,272.1604854001345,278.9525509510508
2013-02-13 07:00:00,247.23697546566407,223.37983830557798,269.4298859902192
2013-02-13 08:00:00,235.02810766041293,211.97793425289504,253.75531683103517
2013-02-13 09:00:00,228.74214539878702,181.41550817935973,247.9211349360346
2013-02-13 10:00:00,224.66331219299406,181.41550744097208,242.64816274061545
2013-02-13 11:00:00,201.24250597890128,180.41452570250829,243.78292702584008
2013-02-13 12:00:00,200.334649820967,166.05789844627026,252.03536151965446
2013-02-13 13:00:00,203.136625261333,175.41319613051223,252.20378784296494
2013-02-13 14:00:00,205.97780653894907,181.41547060326067,254.42903631322952
2013-02-13 15:00:00,208.8587224199397,181.4155512742482,259.3871166745724
2013-02-13 16:00:00,202.80550465655836,211.97770338199877,269.9513260404093
2013-02-13 17:00:00,75.46158835840077,211.9777174535784,270.4297467696046
2013-02-13 18:00:00,75.46158373401919,211.97770136242733,266.5421713150376
2013-02-13 19:00:00,75.46158362552427,211.9776961475882,261.59751186788804
2013-02-13 20:00:00,75.46158358691982,211.97769208705446,259.67602997475234
2013-02-13 21:00:00,75.46158356012394,211.97766060627512,251.93677882455958
2013-02-13 22:00:00,75.46158351274067,104.48695600892698,250.922197319121
2013-02-13 23:00:00,75.46158347320693,94.32203422176896,249.1915528300802
2013-02-14 00:00:00,75.46158334355508,83.30539339819627,246.57886607272488
2013-02-14 01:00:00,75.46158090796075,65.01231219005389,246.20718667509803
2013-02-14 02:00:00,72.4472415122745,60.36679505333785,237.29607815410273
2013-02-14 03:00:00,72.44723706612326,60.24716705240137,236.85868833569333
2013-02-14 04:00:00,60.39369811297609,62.96984960223543,226.7991045582712
2013-02-14 05:00:00,60.36126666754016,72.44113167168568,165.63399535101397
2013-02-14 06:00:00,60.07346384308471,72.4116750648498,162.74980806323146
2013-02-14 07:00:00,49.65114969267645,72.44113671637696,151.1062901465892
2013-02-14 08:00:00,8.971781087830209,63.17463730027401,112.63801828090051
2013-02-14 09:00:00,44.07984355358428,53.52923435441096,78.00135623940166
2013-02-14 10:00:00,0.03669147278880778,51.99765100017411,63.24980358002417
2013-02-14 11:00:00,0.025147653637919244,50.427234696809215,60.98200804555671
2013-02-14 12:00:00,8.971820143105504,50.427229618764834,60.97287569674511
2013-02-14 13:00:00,46.12454809594327,53.57108218740797,68.99194203161092
2013-02-14 14:00:00,46.12455425931568,58.37491694252037,115.8866842060931
2013-02-14 15:00:00,46.124555480660675,72.4411371259884,142.72543367330476
2013-02-14 16:00:00,59.23603971170233,72.44113801069246,155.3055246492876
2013-02-14 17:00:00,73.98136966120367,79.96670769300793,151.35902734113785
2013-02-14 18:00:00,75.46158351073586,81.98502379931176,151.49489003262894
2013-02-14 19:00:00,75.4615836365379,83.23416413694594,151.35216433441778
2013-02-14 20:00:00,75.46158369678005,92.99625643533194,156.58616334376464
2013-02-14 21:00:00,75.46158400385448,110.83940559368777,164.63582955049063
2013-02-14 22:00:00,132.13456145654644,140.77050546699903,175.0968995002011
2013-02-14 23:00:00,199.0640751068474,205.24810307266836,197.8184832409767
2013-02-15 00:00:00,200.2418861388375,206.44706624993526,204.25528637396576
2013-02-15 01:00:00,203.83712789190608,211.9776954125585,221.10600714245894
2013-02-15 02:00:00,228.74209699392162,227.3087770224741,232.62909716548083
2013-02-15 03:00:00,229.41517521684125,227.96995621469063,233.4213710299458
2013-02-15 04:00:00,234.96217536340026,233.41881982454572,238.6099719678592
2013-02-15 05:00:00,243.09180455024114,250.52619102192463,250.1257448170981
2013-02-15 06:00:00,243.09210709219388,252.6505125334173,252.15248354939067
2013-02-15 07:00:00,252.37751412684707,250.52622841950568,251.00852967065174
2013-02-15 08:00:00,243.09210853971626,242.62903825836784,244.53541311714997
2013-02-15 09:00:00,243.09210813988568,243.48488030320374,245.48672926479475
2013-02-15 10:00:00,243.09210815711754,243.48486843012876,245.15877760274637
2013-02-15 11:00:00,243.09210819840035,241.40492871405752,244.30085292470724
2013-02-15 12:00:00,243.09210941395546,248.03091442989728,251.86662038528692
2013-02-15 13:00:00,255.29253884902457,253.50063998524436,257.83751609359007
2013-02-15 14:00:00,279.44101573124567,294.1447945898557,298.989190273738
2013-02-15 15:00:00,306.31360423018043,322.8885253158297,332.99615501546896
2013-02-15 16:00:00,325.2820277690276,322.9281293861413,335.7415383819696
2013-02-15 17:00:00,325.2822146787989,331.66336732612046,336.60449277403103
2013-02-15 18:00:00,325.2822152393208,331.70074411616054,336.81331384908026
2013-02-15 19:00:00,325.28222251159167,331.70074438657025,336.6891200073853
2013-02-15 20:00:00,326.5950955641198,331.7007435253421,336.60256594448947
2013-02-15 21:00:00,326.7240271571167,331.700739537721,336.6559936614074
2013-02-15 22:00:00,326.78492864505716,331.7006389866932,336.6812284056865
2013-02-15 23:00:00,326.03659256911294,322.88855555756123,335.6416070607504
2013-02-16 00:00:00,326.03659267130547,322.8885499658576,335.6415989889772
2013-02-16 01:00:00,326.04314731581417,322.88854882172734,335.643389318078
2013-02-16 02:00:00,326.0431531569649,322.88854901660955,335.6433900809535
2013-02-16 03:00:00,326.04315618539573,322.88854905018235,335.64339002293946
2013-02-16 04:00:00,326.04315980296496,322.8885495854602,335.6433904338223
2013-02-16 05:00:00,326.0431617885355,322.8885503887992,335.64339119345095
2013-02-16 06:00:00,326.0431647477239,322.88855225344616,335.6433928862523
2013-02-16 07:00:00,326.04322944182024,322.88861532684086,335.41827002110983
2013-02-16 08:00:00,326.04316140064986,322.88854952742867,334.8321515951229
2013-02-16 09:00:00,326.04316218336197,322.88855034381186,334.6910398891607
2013-02-16 10:00:00,326.0431599247319,322.88854909128116,335.0867155048152
2013-02-16 11:00:00,326.04315620912655,322.88854877827845,335.08671739837496
2013-02-16 12:00:00,326.04315947183755,322.8885485024619,334.754631143551
2013-02-16 13:00:00,326.04316031882,322.88854887926584,334.75463354477154
2013-02-16 14:00:00,326.04316248482513,322.888549719261,335.27707299113854
2013-02-16 15:00:00,332.1367931231916,325.48621168366395,337.5462110413257
2013-02-16 16:00:00,343.99456960536946,331.7007751008905,343.19533161464636
2013-02-16 17:00:00,349.64423651713514,332.8135468687014,340.2509202773938
2013-02-16 18:00:00,332.5312104533909,329.26180630753663,338.2906025337222
2013-02-16 19:00:00,326.39229859302606,323.23150970332847,335.78721927927876
2013-02-16 20:00:00,326.0513991715256,322.8966425769729,335.6481986205053
2013-02-16 21:00:00,325.9787397133001,322.88856015274644,335.35516974735856
2013-02-16 22:00:00,325.282219765853,322.8885650475025,335.2912107923046
2013-02-16 23:00:00,325.2822169923065,322.8885602752359,335.2911941025695
2013-02-17 00:00:00,325.2822166300745,322.8885632579043,335.29119653014254
2013-02-17 01:00:00,325.2822162921006,322.8885687281095,335.2911997878841
2013-02-17 02:00:00,325.28221624776774,322.88855897270366,335.2911965897781
2013-02-17 03:00:00,325.28221624251705,322.8885570844809,335.29119398959597
2013-02-17 04:00:00,325.282216241588,322.8885568011658,335.2911926431688
2013-02-17 05:00:00,325.2822162641609,322.8885553576686,335.2911911331771
2013-02-17 06:00:00,325.2822163156837,322.88855529750873,335.29119095327326
2013-02-17 07:00:00,276.56595551737877,274.8267261162046,310.8782974339274
2013-02-17 08:00:00,265.0538555636931,247.59366189781227,309.24853467818554
2013-02-17 09:00:00,265.0538554934283,247.59366202708796,309.24853457832046
2013-02-17 10:00:00,265.05385564356556,247.59366198120784,309.24853546650775
2013-02-17 11:00:00,265.0538556458681,247.59366158881764,309.2485357913188
2013-02-17 12:00:00,265.0538557739063,247.59366048924406,309.2485362623606
2013-02-17 13:00:00,265.05385613339433,247.59365913761175,309.24853553673955
2013-02-17 14:00:00,265.05387129953635,247.59366232860842,309.24854045350384
2013-02-17 15:00:00,283.880603748817,264.40323468554317,309.24854198949765
2013-02-17 16:00:00,329.53969718148426,320.89942607096145,328.89419467978234
2013-02-17 17:00:00,348.89856415440164,329.2618012508024,333.27383406505174
2013-02-17 18:00:00,329.504204845388,318.7716536563464,325.32589021505373
2013-02-17 19:00:00,317.3062029823623,314.3061555216445,323.93495133411034
2013-02-17 20:00:00,317.30591050427574,314.305885685498,323.9348420682081
2013-02-17 21:00:00,317.3043600273814,314.3063775315763,323.935025407714
2013-02-17 22:00:00,303.8879657590355,315.661945594872,322.52996744710686
2013-02-17 23:00:00,312.3326644255855,309.42059526949595,318.85856891537327
2013-02-18 00:00:00,311.18789421202655,308.29607253697236,318.0334707838154
2013-02-18 01:00:00,314.6871776767391,308.296050171376,317.4902061398977
2013-02-18 02:00:00,317.12359454191767,308.29604160212995,317.1805588004507
2013-02-18 03:00:00,316.84054745267605,308.29612217613555,317.847216969092
2013-02-18 04:00:00,320.728896319877,309.72690277915655,318.2971370724679
2013-02-18 05:00:00,341.6760692952817,322.54409387989705,326.57984771614156
2013-02-18 06:00:00,357.43932304278496,329.2573021846023,329.64894474021247
2013-02-18 07:00:00,263.1876866178561,112.42276932600375,252.04266463469347
2013-02-18 08:00:00,228.74208912288748,91.54029448856818,214.75329596644397
2013-02-18 09:00:00,215.0335051129089,91.54028279613557,211.72870120608127
2013-02-18 10:00:00,213.16196070563285,91.54028266367584,211.72869379347358
2013-02-18 11:00:00,213.16196054955074,91.5402832247756,210.4288833974688
2013-02-18 12:00:00,213.16196059646,91.54028338064735,211.72870045856328
2013-02-18 13:00:00,213.16196111228942,91.54028380243668,211.72889900831888
2013-02-18 14:00:00,214.80773532665336,91.54038233720829,212.2617328008709
2013-02-18 15:00:00,228.7421033853079,209.95338067594554,225.20312711191244
2013-02-18 16:00:00,263.1876834182789,247.69982043373733,246.78191879713486
2013-02-18 17:00:00,263.1876854914049,248.42530597835412,247.55116826388024
2013-02-18 18:00:00,263.1876784463155,246.28740015749727,245.61187227196396
2013-02-18 19:00:00,239.68751174484552,232.15434623578307,232.72663207143228
2013-02-18 20:00:00,228.9165862518719,231.31092051727455,229.1970475599196
2013-02-18 21:00:00,228.742102361668,231.56150346914757,227.49113486448968
2013-02-18 22:00:00,219.18094387893956,218.7721563273443,221.25966712704766
2013-02-18 23:00:00,218.9569858693032,218.77215524602536,220.75379099077273
2013-02-19 00:00:00,213.16199070505246,215.6255281658703,213.24465990371763
2013-02-19 01:00:00,205.8469386389795,211.97769224141368,202.93420966878497
2013-02-19 02:00:00,181.43154717992434,211.97768766124003,163.07651241585452
2013-02-19 03:00:00,178.54418946409652,209.95339344191447,161.25790020805783
2013-02-19 04:00:00,178.32206473828563,209.9533793418489,161.1693307082496
2013-02-19 05:00:00,180.3029664006,211.9776863744271,169.66146728065647
2013-02-19 06:00:00,181.46458552458776,211.97768894356295,164.96955636065985
2013-02-19 07:00:00,117.46794213081459,143.88492240424637,116.42101388619143
2013-02-19 08:00:00,106.52073044351933,115.94918298474262,112.1534872799529
2013-02-19 09:00:00,82.14853650052733,83.30848078745484,85.20171801385095
2013-02-19 10:00:00,79.02864648517415,80.24377850350507,79.60467830089382
2013-02-19 11:00:00,78.35141094730375,80.24376615715632,80.70995401922079
2013-02-19 12:00:00,77.68036247819786,80.24376783750536,83.38207792066049
2013-02-19 13:00:00,75.46158724560598,84.81015941910358,89.75493264821625
2013-02-19 14:00:00,75.46158583240009,88.39104283802504,96.83982062700272
2013-02-19 15:00:00,75.4615840013082,107.7287453943416,116.7459769527089
2013-02-19 16:00:00,75.46158386697425,122.69414298449533,128.48423068865426
2013-02-19 17:00:00,75.4615838287898,122.6941612604091,128.52963021390616
2013-02-19 18:00:00,75.46158380207653,122.69416111063573,128.5296216019569
2013-02-19 19:00:00,75.46158379615309,122.69416101956887,128.5296254016087
2013-02-19 20:00:00,75.46158379523126,122.69416061228593,128.52962824951433
2013-02-19 21:00:00,75.46158380679961,122.67957013489885,128.52958551373686
2013-02-19 22:00:00,75.46158384159432,122.67957018573328,128.5204143505012
2013-02-19 23:00:00,75.4615838558873,122.67956840604269,128.51255382423187
2013-02-20 00:00:00,75.46158387466265,122.67956571620576,128.5131949351721
2013-02-20 01:00:00,75.4615838518249,117.02843697861006,128.52959241598074
2013-02-20 02:00:00,75.46158383741181,117.02463093435581,128.52959824817526
2013-02-20 03:00:00,75.46158386421571,117.02462688897893,128.52960025956128
2013-02-20 04:00:00,75.46158387986993,117.02461457979524,128.52960329204205
2013-02-20 05:00:00,75.46158391534055,117.02433660160291,128.52978521315896
2013-02-20 06:00:00,75.46158393574241,117.02429655492149,128.53890107971293
2013-02-20 07:00:00,75.46158389594468,83.17164748981146,119.9504866080382
2013-02-20 08:00:00,75.46158381126418,78.3308298608868,95.69825742987233
2013-02-20 09:00:00,75.46158359352313,77.36643945638636,86.75362004570567
2013-02-20 10:00:00,75.46158375548008,77.36643619266991,86.94360623019594
2013-02-20 11:00:00,75.46158382641646,77.3664406879448,87.66072542821064
2013-02-20 12:00:00,75.46158388181728,79.05840542150777,101.58557081707448
2013-02-20 13:00:00,75.46158395812894,79.31361412764198,101.50908318205694
2013-02-20 14:00:00,75.46158390493041,80.24376597581707,106.66881069978136
2013-02-20 15:00:00,75.46158388743761,81.20941678459832,119.14105592267414
2013-02-20 16:00:00,75.46158393521289,82.77693565336389,161.82466531933477
2013-02-20 17:00:00,75.46158398247806,83.62689965319043,165.1044242638879
2013-02-20 18:00:00,75.46158398455297,83.4657115654935,165.10335217600968
2013-02-20 19:00:00,75.46158403561328,82.88856376968357,163.10979550591858
2013-02-20 20:00:00,75.46158404163549,82.97942275889413,166.04334602625076
2013-02-20 21:00:00,75.4615839711836,82.93071088127279,166.53952902444362
2013-02-20 22:00:00,75.46158442815458,82.93075244003167,167.0642091255277
2013-02-20 23:00:00,75.46158400190981,82.93073832245803,167.09938508123128
2013-02-21 00:00:00,75.46158401637172,82.93071691992142,166.53954209841444
2013-02-21 01:00:00,75.46158422436521,82.93071522371389,166.53954467825443
2013-02-21 02:00:00,75.46158554740829,82.93071497626336,166.5395529564945
2013-02-21 03:00:00,75.46161594981547,83.49401357087466,171.24592362883968
2013-02-21 04:00:00,77.68035495775935,84.52183805971036,171.3219900005686
2013-02-21 05:00:00,77.68036406983053,84.49942407231038,172.9571090930594
2013-02-21 06:00:00,77.6804016607999,84.49944628398777,173.06552293030194
2013-02-21 07:00:00,77.6803606520853,84.09515671310487,165.716127944543
2013-02-21 08:00:00,75.46158400676342,80.24377959235159,122.53635893126793
2013-02-21 09:00:00,75.46158395955652,80.24376592933076,105.9859471583351
2013-02-21 10:00:00,75.46158388243767,81.36711431180579,127.76056528008439
2013-02-21 11:00:00,75.46158386638122,81.49770962160429,127.07862878129994
2013-02-21 12:00:00,75.46158390928044,80.36105655489467,142.01870286621937
2013-02-21 13:00:00,75.46158395818543,80.40144336718768,139.84410158956032
2013-02-21 14:00:00,75.46158392703947,80.61252092990162,155.35906672905375
2013-02-21 15:00:00,75.46158390815266,81.42842446414222,167.51978321153334
2013-02-21 16:00:00,75.4615841486364,83.35196255525074,186.35472835466598
2013-02-21 17:00:00,75.46158400229784,82.89174479434716,186.15156826554116
2013-02-21 18:00:00,75.46158389057658,83.2397827161402,186.15884248685938
2013-02-21 19:00:00,75.46158386685875,82.69599557946474,185.92930499623915
2013-02-21 20:00:00,75.46158387224662,82.68156047045682,185.92917559762034
2013-02-21 21:00:00,75.46158389473165,82.67993016283062,185.8469870344229
2013-02-21 22:00:00,75.4615843752868,82.8217816928942,185.92733448280435
2013-02-21 23:00:00,77.68035905660051,83.68002353065114,185.92657271956972
2013-02-22 00:00:00,91.95806883740734,90.25536414744693,185.9289181758892
2013-02-22 01:00:00,102.74433731371352,95.32907699633832,185.75309326927598
2013-02-22 02:00:00,105.62436998083254,96.7212898093618,185.78730266522942
2013-02-22 03:00:00,106.52072464476188,97.22703656164316,186.15818361596473
2013-02-22 04:00:00,108.0106573493671,98.2600113063524,186.23822590660592
2013-02-22 05:00:00,105.31933372356946,96.96562751236314,187.2525860444862
2013-02-22 06:00:00,78.31057970756905,84.23474876895176,188.0323505029194
2013-02-22 07:00:00,75.46158423503907,82.31517655892146,137.40195676769792
2013-02-22 08:00:00,75.46158387967262,80.24666644874256,113.87474883092796
2013-02-22 09:00:00,75.46158386443274,79.2428769724005,106.66179157646499
2013-02-22 10:00:00,75.46158402000691,80.24376155652091,109.34713609190769
2013-02-22 11:00:00,75.4615839040482,80.24376576910952,113.97489824908394
2013-02-22 12:00:00,75.46158393508995,80.24376543732092,116.22833817568214
2013-02-22 13:00:00,75.46158393547893,80.24376461429372,112.71978226487417
2013-02-22 14:00:00,75.46158388818742,80.24376432760292,116.09267887109783
2013-02-22 15:00:00,75.46158386791053,80.2437660055982,123.2384621403663
2013-02-22 16:00:00,75.461583856746,80.76490692267971,131.6854885319804
2013-02-22 17:00:00,75.461583852288,82.24676330636646,131.47913926748174
2013-02-22 18:00:00,75.46158384991205,82.35291230643811,131.74725649294848
2013-02-22 19:00:00,75.46158385276938,82.68710649575844,130.1700319718727
2013-02-22 20:00:00,75.46158386781075,82.6827926678683,130.01022888548798
2013-02-22 21:00:00,75.46158388218895,83.16757227726801,129.95040479339468
2013-02-22 22:00:00,81.93823000776582,112.53188218516625,129.9181179929141
2013-02-22 23:00:00,103.06687559310379,112.53188065978142,129.91797665643617
2013-02-23 00:00:00,103.15997736249852,112.5318813278607,129.91632726156485
2013-02-23 01:00:00,106.52009179040849,112.53188257744694,129.91033739383835
2013-02-23 02:00:00,106.52008806323316,112.53188320756355,129.881070810808
2013-02-23 03:00:00,103.15991860759384,112.5318827520235,128.18699758872685
2013-02-23 04:00:00,75.46158438472193,109.678583977632,122.66145996136032
2013-02-23 05:00:00,75.46158399446574,97.81019808260402,113.54274027572528
2013-02-23 06:00:00,75.46158392111344,88.3100908763604,109.12932478238908
2013-02-23 07:00:00,75.4615838602722,88.23089793288514,97.70463788874127
2013-02-23 08:00:00,75.46158367527956,82.5267329436486,89.978445677074
2013-02-23 09:00:00,69.76183725834659,78.60181739288358,86.10474184704412
2013-02-23 10:00:00,66.65401746813842,79.26487450222254,84.09939875748425
2013-02-23 11:00:00,68.84048496943029,80.24375899117712,86.1813868658491
2013-02-23 12:00:00,70.65261679925011,80.24376100490431,87.17908843999444
2013-02-23 13:00:00,68.84057972771369,80.24375794053016,87.84758889726479
2013-02-23 14:00:00,68.84048321537195,80.24376611805195,91.72148163720354
2013-02-23 15:00:00,68.84048734788604,80.24376696202889,93.23895949701898
2013-02-23 16:00:00,75.46158338401892,88.35409029602663,98.01432582340732
2013-02-23 17:00:00,75.46158345473035,91.30960196400517,98.71045144111142
2013-02-23 18:00:00,75.46158353858004,87.80252608568945,96.31241021922372
2013-02-23 19:00:00,75.46158355695106,85.6571662786876,94.74132787118543
2013-02-23 20:00:00,75.30269275859087,84.41211969320743,95.45705161223103
2013-02-23 21:00:00,75.1985647085243,84.37997110684856,96.04851206549604
2013-02-23 22:00:00,75.4615833888273,89.21952385131708,101.05367470971174
2013-02-23 23:00:00,75.46158331927573,89.21952361690957,101.20951033986671
2013-02-24 00:00:00,75.46158298354021,89.04879073327614,101.21855244241432
2013-02-24 01:00:00,68.84048315981566,89.0488399745855,101.21914358036247
2013-02-24 02:00:00,53.19455296945729,88.01247845290051,100.18013170218244
2013-02-24 03:00:00,53.19455052358966,88.01226586501363,100.18128974088181
2013-02-24 04:00:00,49.995815220955265,87.68893939712576,99.92077321266211
2013-02-24 05:00:00,49.99581229901179,88.04741674899985,100.2115720680891
2013-02-24 06:00:00,49.99581443118117,87.99118052993084,100.19162242940385
2013-02-24 07:00:00,49.417724033940914,87.32936239963526,98.58825909999403
2013-02-24 08:00:00,47.173047018956915,84.98458731551597,96.16780085046595
2013-02-24 09:00:00,42.985865128928516,81.95645197217951,91.511176298143
2013-02-24 10:00:00,46.12449691276183,80.24376614198746,90.57455793975075
2013-02-24 11:00:00,46.12455067845731,80.12797127559527,90.84065566747779
2013-02-24 12:00:00,46.1245463351134,80.12796775603978,93.26460087424795
2013-02-24 13:00:00,46.124550601824666,77.36644940621807,90.00553642088448
2013-02-24 14:00:00,47.17303701193182,80.24376654939722,96.55283671383401
2013-02-24 15:00:00,72.84902788274944,81.95754175263728,98.09121990988085
2013-02-24 16:00:00,75.46158348194261,82.30480972239833,102.72295477360193
2013-02-24 17:00:00,75.4615836321768,89.57741024724169,102.48744399608795
2013-02-24 18:00:00,75.4615836466818,81.28866345206083,103.21270577262831
2013-02-24 19:00:00,75.46158367813037,80.92829623788383,104.64660011734927
2013-02-24 20:00:00,75.46158370653595,81.95748977975963,105.22276899721503
2013-02-24 21:00:00,75.4615837398854,84.05699753549301,105.3014425709829
2013-02-24 22:00:00,75.46158376648455,89.57743236986937,105.93916443103191
2013-02-24 23:00:00,75.4615837774825,89.5774325770657,105.36487331441714
2013-02-25 00:00:00,75.46158377672415,89.57743038038636,105.35965488217775
2013-02-25 01:00:00,75.46158376965693,89.57742358411362,105.35932529878541
2013-02-25 02:00:00,75.46158375351384,89.57737622595194,105.36185778410406
2013-02-25 03:00:00,75.46158373102003,85.39766460994737,105.34993501637797
2013-02-25 04:00:00,75.46158372660652,83.17942247270784,105.4870259083163
2013-02-25 05:00:00,75.46158373984058,82.64420097530545,105.39490470329582
2013-02-25 06:00:00,75.46158376225841,83.037137400127,104.38501599184829
2013-02-25 07:00:00,75.46158377106875,86.55478638513479,103.28037443493821
2013-02-25 08:00:00,75.46158376226637,85.39845947016897,95.69393046226848
2013-02-25 09:00:00,75.4615836695404,80.24376996758163,92.5713737331561
2013-02-25 10:00:00,75.46158371111129,80.24376737436069,89.3296439497594
2013-02-25 11:00:00,75.46158366983659,80.24376688012357,90.77361010240446
2013-02-25 12:00:00,75.46158371114032,80.24377172136981,91.86086512044737
2013-02-25 13:00:00,75.46157243613025,80.24376672360005,91.71485997747368
2013-02-25 14:00:00,75.46158339043684,83.45841606623728,93.59796629156727
2013-02-25 15:00:00,75.46158272828546,80.3155848910688,108.82930802644495
2013-02-25 16:00:00,75.46158252396646,81.20629321599795,143.890841280479
2013-02-25 17:00:00,75.46158302185555,100.8478324438899,146.4256839029329
2013-02-25 18:00:00,75.46158315344645,100.66711028483974,146.31199164300293
2013-02-25 19:00:00,75.4615832783313,100.63430659112026,146.2913575827438
2013-02-25 20:00:00,75.4615835037521,102.72875740245755,147.6051509911603
2013-02-25 21:00:00,75.46158365463974,106.61627707694625,149.4725944241938
2013-02-25 22:00:00,75.46158373479996,114.67180863383646,153.17261497889425
2013-02-25 23:00:00,75.46158373433349,124.23406675067336,158.26003108238228
2013-02-26 00:00:00,75.46158373035937,127.75594184971222,160.1872931023328
2013-02-26 01:00:00,75.46158373708538,128.32997417655218,163.06005902122342
2013-02-26 02:00:00,75.46158376039497,128.3299731755444,163.691163636524
2013-02-26 03:00:00,75.46158379083171,128.3299726021077,175.0784529978952
2013-02-26 04:00:00,75.46158381898142,128.3299727301565,187.9427254759772
2013-02-26 05:00:00,75.46158386148375,128.3299731784897,193.50501652494896
2013-02-26 06:00:00,75.46158400251412,128.32997549938705,200.05345241263845
2013-02-26 07:00:00,77.68036195915961,128.32997531947188,188.96665643461697
2013-02-26 08:00:00,102.92225001294736,101.34869492232946,187.565124600248
2013-02-26 09:00:00,106.52073287867266,101.24109674700735,187.6732830814804
2013-02-26 10:00:00,143.40352597553178,126.37916751182479,187.88399203530992
2013-02-26 11:00:00,145.40762550327926,128.32997729705008,187.73145181158853
2013-02-26 12:00:00,166.24800737684748,170.16706131143937,191.48737749280193
2013-02-26 13:00:00,166.2480250511378,170.16709490597106,191.44926323492314
2013-02-26 14:00:00,198.81813463908733,190.2314099266838,230.21695743849554
2013-02-26 15:00:00,203.23314271798742,192.41543236659433,237.88629923809685
2013-02-26 16:00:00,209.39852249478076,208.4340366399065,238.6981587710831
2013-02-26 17:00:00,213.29034788316036,218.77215353196033,238.85773771107796
2013-02-26 18:00:00,209.70547581639318,211.9776933873267,237.2681636803321
2013-02-26 19:00:00,204.1070769531454,195.3333549094211,237.81349611484143
2013-02-26 20:00:00,198.81814520358188,191.12212234324514,238.0684721141988
2013-02-26 21:00:00,198.81813711218052,192.68535963309287,238.6778113750326
2013-02-26 22:00:00,199.23011961930135,201.70390923496237,238.67782276691986
2013-02-26 23:00:00,198.81814150547228,191.53476394677566,238.6794767850281
2013-02-27 00:00:00,198.81813832767952,193.72184539869374,238.67507659892627
2013-02-27 01:00:00,198.81813709257966,203.76699766449698,238.67255280684435
2013-02-27 02:00:00,198.81813711123678,208.43402716004684,239.50170240068505
2013-02-27 03:00:00,198.81813787868887,208.43403407626545,240.68384037551837
2013-02-27 04:00:00,209.44664767241042,211.91291968272498,240.5872984042161
2013-02-27 05:00:00,214.35675318978528,215.60446045232473,241.19936790099214
2013-02-27 06:00:00,220.16449883538513,230.1446594696285,241.8153287979905
2013-02-27 07:00:00,220.5732607188184,232.29089871058358,239.67057952226745
2013-02-27 08:00:00,219.58774847295226,232.03183157171043,238.0841368867883
2013-02-27 09:00:00,217.73531543892787,226.54914179158376,238.4767675424151
2013-02-27 10:00:00,217.43359305502003,226.07102573450564,239.0180805338854
2013-02-27 11:00:00,219.3548617398235,231.2545231251167,238.1423667604367
2013-02-27 12:00:00,218.17004769557937,227.29837662550378,237.9140730635614
2013-02-27 13:00:00,198.81813840827112,211.9776967709067,237.69303079352525
2013-02-27 14:00:00,198.81813806320525,230.58366061116683,236.79638998343424
2013-02-27 15:00:00,198.81813805600117,227.01606706381227,239.71838670861348
2013-02-27 16:00:00,198.81813893280776,226.87861314685273,244.89010746315788
2013-02-27 17:00:00,198.81813826379042,221.56628249223476,243.86413378555608
2013-02-27 18:00:00,198.8181217845015,211.97779209660544,241.87433983684016
2013-02-27 19:00:00,180.20370462599791,222.09198281628278,241.2196993671421
2013-02-27 20:00:00,198.81771904680483,232.29089422352666,241.08674601421376
2013-02-27 21:00:00,198.81813755544897,232.2908999096331,241.0862242054118
2013-02-27 22:00:00,136.8868511333606,232.29090148489607,239.2390428842272
2013-02-27 23:00:00,198.81812810926027,232.29090370151067,239.23571947975668
2013-02-28 00:00:00,198.8181382540078,232.2909049388983,239.2357158772013
2013-02-28 01:00:00,219.6653355139615,232.29090678247252,239.23571499860805
2013-02-28 02:00:00,220.03678489453216,232.29106130974702,239.4246123180147
2013-02-28 03:00:00,220.64023098435524,232.29106776740863,239.72313080183042
2013-02-28 04:00:00,219.6655194000254,232.29108942746197,239.14420404028996
2013-02-28 05:00:00,219.6653574774755,232.29094141919205,238.75584528045118
2013-02-28 06:00:00,220.07207183686003,232.71617953478957,238.51200486331908
2013-02-28 07:00:00,135.03484083049787,145.09609884039818,146.79854585510031
2013-02-28 08:00:00,133.21011536068602,141.8950825530301,143.1113415857093
2013-02-28 09:00:00,133.2101453549217,141.895113545653,143.11136140571423
2013-02-28 10:00:00,135.03484042409187,143.80297766034315,144.28892986656192
2013-02-28 11:00:00,132.43223153671474,141.08174216634242,143.6225604945253
2013-02-28 12:00:00,135.0348409816799,143.8029805972931,145.19658093879252
2013-02-28 13:00:00,134.70609726561932,143.4592507136987,145.07687521124936
2013-02-28 14:00:00,135.0348407587245,143.80297854620196,145.18948646361608
2013-02-28 15:00:00,135.0348347123219,143.80297175133742,145.5551017785611
2013-02-28 16:00:00,135.0348409587395,154.8829808628401,155.8026477791794
2013-02-28 17:00:00,135.03483905223962,151.41914372819235,152.99520019869473
2013-02-28 18:00:00,109.35815392608713,147.58756411746612,145.6365051084223
2013-02-28 19:00:00,77.83524006080158,143.04621143994572,143.5055738380123
2013-02-28 20:00:00,77.83519537577199,137.9137051408401,139.30298273937004
2013-02-28 21:00:00,78.98372541381772,134.2375323635401,136.04144724314344
2013-02-28 22:00:00,95.31301939317432,133.49596604684032,136.88686523642562
2013-02-28 23:00:00,95.43834527980887,133.49596816339593,136.08514222084116
2013-03-01 00:00:00,79.40536212882382,133.49596100822012,132.5121470584951
2013-03-01 01:00:00,75.46158461319936,133.49595959210308,127.03035454049427
2013-03-01 02:00:00,75.46158411508142,133.4959625825116,127.07225145009315
2013-03-01 03:00:00,75.46158401346774,134.0843168985868,133.22198889565368
2013-03-01 04:00:00,75.46158393172927,134.08430339256205,133.22200852806188
2013-03-01 05:00:00,75.46158392567128,133.49594570424668,133.96930086922376
2013-03-01 06:00:00,75.46158389843119,133.495955822507,137.1133128776
2013-03-01 07:00:00,75.46158388565496,133.4959067937438,136.25627671466526
2013-03-01 08:00:00,75.46158385675649,133.4041271238833,136.3056134955746
2013-03-01 09:00:00,75.46158388032913,130.57151437736553,133.35112144754672
2013-03-01 10:00:00,75.46158386451046,132.75031722821888,138.0150252584066
2013-03-01 11:00:00,75.46158386607753,133.49596572537808,138.4852110937032
2013-03-01 12:00:00,75.46158386606493,139.49178377193638,140.9950542918751
2013-03-01 13:00:00,75.46158386480774,139.51404591002932,140.96706990893145
2013-03-01 14:00:00,75.461583846987,139.3782737135306,141.3875588978572
2013-03-01 15:00:00,75.46158383794942,145.84368276526828,148.20091504092366
2013-03-01 16:00:00,75.4615839041586,183.59319965488282,185.65764399421337
2013-03-01 17:00:00,75.46158407195341,183.09699436896682,186.07759154040767
2013-03-01 18:00:00,75.46158412535738,185.8461661293314,187.09853484759475
2013-03-01 19:00:00,75.46158542857751,190.39222156021046,189.59692841175044
2013-03-01 20:00:00,109.3581603303121,190.63875334804155,190.01303525795686
2013-03-01 21:00:00,183.648814642703,197.3665735169032,197.57629020866864
2013-03-01 22:00:00,206.7358960403443,218.7721602752955,219.05791684634963
2013-03-01 23:00:00,206.93376682939103,218.97904678417214,219.29407284793686
2013-03-02 00:00:00,216.31101212305367,223.39571964882953,222.13544255283787
2013-03-02 01:00:00,221.30431621715945,225.4568310075646,222.79131760929886
2013-03-02 02:00:00,226.85692689158026,225.4569439201387,222.96271690399962
2013-03-02 03:00:00,226.85693583546512,225.45695137977938,222.96007657229455
2013-03-02 04:00:00,226.8569364183545,225.45695182392743,222.95954159742345
2013-03-02 05:00:00,226.85693670909882,225.45695257259018,222.50051945284494
2013-03-02 06:00:00,226.8569367841262,225.4569523912414,222.35610102340078
2013-03-02 07:00:00,131.53184825954938,205.66587281283583,115.17268724717914
2013-03-02 08:00:00,131.53184811142626,151.14505015093732,104.65438234266253
2013-03-02 09:00:00,130.79571052274667,141.97018937616176,100.51530855877098
2013-03-02 10:00:00,114.43051033562145,124.64600845159711,94.39511583837685
2013-03-02 11:00:00,106.52073202463087,124.64600345480184,92.94407435312085
2013-03-02 12:00:00,106.52073125840423,124.64599938924235,92.45339299917126
2013-03-02 13:00:00,97.27698756794942,102.48498068309847,90.29769467088681
2013-03-02 14:00:00,100.7077661039859,105.13466279614954,91.40019927568108
2013-03-02 15:00:00,103.08815211699742,122.12720633808723,96.73854303913903
2013-03-02 16:00:00,106.52072884074724,185.01355351760742,113.46837873861267
2013-03-02 17:00:00,95.81875852293581,211.97767044972647,110.48401611346577
2013-03-02 18:00:00,85.56298258903655,216.99817888269362,107.88123740836511
2013-03-02 19:00:00,75.46158531153051,216.99818213036616,107.88163132111792
2013-03-02 20:00:00,75.4615843152661,216.99818492343215,106.77029391500321
2013-03-02 21:00:00,75.46158426762848,216.99818648470128,106.19004335493356
2013-03-02 22:00:00,75.46158492265819,216.99821352926247,104.31476440948181
2013-03-02 23:00:00,75.46159622234013,216.9982437710979,103.14787344274646
2013-03-03 00:00:00,91.83076385655481,216.99817982408362,104.31577969494046
2013-03-03 01:00:00,104.18045485618613,216.4998515257568,106.49026259184745
2013-03-03 02:00:00,106.52073072718018,213.96096186903722,106.73602576698805
2013-03-03 03:00:00,106.5207328956937,213.9609615415859,108.32737164829547
2013-03-03 04:00:00,106.61735502102748,213.9609427078211,108.36435532118932
2013-03-03 05:00:00,108.97539003634006,216.9169692624506,108.6559025904477
2013-03-03 06:00:00,124.11699740163102,216.9981837357771,109.28474379314136
2013-03-03 07:00:00,123.73703576540476,140.10939153822335,92.75008084863082
2013-03-03 08:00:00,106.61734288034128,112.53187957834251,81.51027988302266
2013-03-03 09:00:00,107.9751602063465,112.53187608154448,81.86424979270899
2013-03-03 10:00:00,107.97514578762946,110.51622072524859,86.04511058746397
2013-03-03 11:00:00,107.9751462722963,105.5916897895044,85.2199919360998
2013-03-03 12:00:00,122.15894972089255,112.53188207056472,87.82217658991004
2013-03-03 13:00:00,122.75649594219284,112.53188059432904,88.233979058325
2013-03-03 14:00:00,140.28527535208227,113.96644827683605,93.25009993732027
2013-03-03 15:00:00,199.916322831498,153.50018247326454,122.34934267515077
2013-03-03 16:00:00,245.27323962309188,214.0052107300832,201.24546349810456
2013-03-03 17:00:00,246.83504635949532,225.456952466206,224.43111378486978
2013-03-03 18:00:00,246.8350442902364,225.45695233924184,224.4311484244128
2013-03-03 19:00:00,246.83501217633722,225.456950380612,224.53953845471474
2013-03-03 20:00:00,235.21606267075495,225.4569412111324,224.64316108276117
2013-03-03 21:00:00,235.2499650758965,225.45692751318248,224.63732316280388
2013-03-03 22:00:00,230.45651603523817,222.54562538930648,224.74035855265714
2013-03-03 23:00:00,228.74177656896887,221.4339837520773,224.70981469845688
2013-03-04 00:00:00,216.23612368598754,214.00545740001576,223.36359245690304
2013-03-04 01:00:00,201.08288095536588,204.6494566600011,223.68766327606144
2013-03-04 02:00:00,199.91635369745617,201.48754266449524,223.66783726127974
2013-03-04 03:00:00,199.91633080097924,201.48747169227394,223.66783923688672
2013-03-04 04:00:00,199.91632570426364,201.48746409708232,223.66783755248017
2013-03-04 05:00:00,199.91632385802032,201.48746471641667,223.44507504582992
2013-03-04 06:00:00,199.91632473630588,201.48746093191681,223.66783822072307
2013-03-04 07:00:00,76.2646728435637,77.52779021639172,79.42769935738433
2013-03-04 08:00:00,74.66115084726111,65.45156625822882,67.81265636803556
2013-03-04 09:00:00,64.98748198598815,63.275351451677686,66.88916982619455
2013-03-04 10:00:00,64.98747578755675,63.27535138469207,66.88916973596527
2013-03-04 11:00:00,64.98747565572519,63.27535135578367,66.88916951142167
2013-03-04 12:00:00,64.98747566575723,63.27535147042774,66.8891693682193
2013-03-04 13:00:00,64.98747571351136,63.275351724175565,66.92307616003046
2013-03-04 14:00:00,64.98747620477246,64.12378641893828,67.53276400475403
2013-03-04 15:00:00,69.7069028942326,66.94441165667406,72.67244232189503
2013-03-04 16:00:00,74.66115777426172,75.52440604118267,85.57824827236534
2013-03-04 17:00:00,74.66115770419952,80.16291056859916,85.48806476458361
2013-03-04 18:00:00,74.66115451364652,76.35825822133938,83.98295463626691
2013-03-04 19:00:00,64.9876574135695,75.52438923992233,80.0229930470697
2013-03-04 20:00:00,64.27861904336062,75.52438762745219,79.28761932222834
2013-03-04 21:00:00,64.98747528535729,75.52438804389772,78.60703039980275
2013-03-04 22:00:00,64.98748039767443,75.52438881798291,78.37146145705235
2013-03-04 23:00:00,71.5032065693067,75.52438993946569,78.42619025496163
2013-03-05 00:00:00,74.3819286083735,75.67928660924332,78.95162728223022
2013-03-05 01:00:00,74.66115749765687,77.33785948261001,79.29196450175645
2013-03-05 02:00:00,74.66115763390424,81.54155615375653,79.73083023159454
2013-03-05 03:00:00,74.66115765562344,83.50419029970541,80.99399376549422
2013-03-05 04:00:00,74.66115768619298,84.79838483243341,83.11631503218156
2013-03-05 05:00:00,74.66115769467635,85.94771655008617,83.7034164692159
2013-03-05 06:00:00,74.66115772222561,86.27387040215407,84.55170475605942
2013-03-05 07:00:00,69.71358219686275,74.23050385428509,69.97846637253596
2013-03-05 08:00:00,57.22616494979232,60.69195261075918,62.74538830588591
2013-03-05 09:00:00,57.22616397240596,60.6919525985083,62.448115811955496
2013-03-05 10:00:00,57.22616402783692,60.691952752721114,62.44811580776496
2013-03-05 11:00:00,57.22616391012384,60.69195274390734,62.448115916788616
2013-03-05 12:00:00,57.226164126635695,60.83564112890818,62.44811602821701
2013-03-05 13:00:00,57.22616620900119,60.835646625283076,62.44812152677718
2013-03-05 14:00:00,65.4157102949746,69.21210121812652,67.20631496612297
2013-03-05 15:00:00,74.66115764306986,80.18395501136536,82.69703304804949
2013-03-05 16:00:00,79.19511126932052,107.69102415186084,149.54442282668305
2013-03-05 17:00:00,133.6457365284591,147.66691863650283,154.29732673764119
2013-03-05 18:00:00,133.64575053452901,142.2052564547072,152.22213908050324
2013-03-05 19:00:00,133.6457359048701,142.20525426852905,147.92116475314467
2013-03-05 20:00:00,133.64573532693652,142.35001165658028,147.79571974919386
2013-03-05 21:00:00,133.6457369864314,142.20525693904673,147.86673842528924
2013-03-05 22:00:00,144.94042110058103,154.16005137507057,160.6120400375809
2013-03-05 23:00:00,154.46837006467698,163.4254930698092,167.03802384899438
2013-03-06 00:00:00,168.18284196876544,167.82081630994844,175.20673387089434
2013-03-06 01:00:00,176.18069636258573,173.2079447557329,181.3431434287625
2013-03-06 02:00:00,178.29950450999496,174.97207705498104,183.1872244539748
2013-03-06 03:00:00,180.72772938450015,174.97207998334505,183.189262180857
2013-03-06 04:00:00,180.72773200311775,174.9720813476656,183.1892632567116
2013-03-06 05:00:00,180.72773236075165,174.9720819733017,183.1892639140481
2013-03-06 06:00:00,180.72773243034476,174.97208218273568,183.22735823536922
2013-03-06 07:00:00,91.39369672076775,92.39034785600914,95.60093134631421
2013-03-06 08:00:00,91.39369671010836,92.39034979775508,95.62348850085756
2013-03-06 09:00:00,91.39369686978318,92.39035256370761,97.63666297418466
2013-03-06 10:00:00,75.64821385304137,77.95316623847413,80.77090795610656
2013-03-06 11:00:00,74.66115754670088,77.42466980999424,77.02057352126299
2013-03-06 12:00:00,74.66115754276471,77.42466951820364,78.3962715336492
2013-03-06 13:00:00,74.66115753843776,77.42466983939637,79.7975102041836
2013-03-06 14:00:00,74.6611615900334,77.42467072503143,80.08185767005929
2013-03-06 15:00:00,75.39141535349245,78.52690513211199,83.39301360393715
2013-03-06 16:00:00,90.64341351258136,91.65307769593431,96.6996722085223
2013-03-06 17:00:00,90.25474123324337,91.27128911186796,94.16109332382416
2013-03-06 18:00:00,74.66115664575953,78.8029109864294,84.69251497460638
2013-03-06 19:00:00,72.24604759255372,77.42466680073746,84.16189003974104
2013-03-06 20:00:00,61.04016085554098,77.42466552132844,81.6087776816841
2013-03-06 21:00:00,61.04015796872808,77.42466582717347,81.452121747641
2013-03-06 22:00:00,61.04015738650434,77.42466558903457,78.9365313577868
2013-03-06 23:00:00,61.040157200410746,77.42466562013767,78.94859777113882
2013-03-07 00:00:00,61.04015716515603,77.42466642190337,78.94854147299878
2013-03-07 01:00:00,61.04015711566811,77.4246662543692,78.97179393315048
2013-03-07 02:00:00,61.04015705712592,77.42466613775677,78.97179190713126
2013-03-07 03:00:00,61.040156996151175,77.42466603177228,78.96543316568926
2013-03-07 04:00:00,61.040156921002286,77.42466626080021,78.95853060889749
2013-03-07 05:00:00,61.04015684469876,77.42466604151389,78.852761427993
2013-03-07 06:00:00,61.0401567834238,77.42466446080238,76.59393547573927
2013-03-07 07:00:00,54.904299139043566,68.95778833122415,61.32409794491661
2013-03-07 08:00:00,50.44883178839122,65.60747676001256,52.9099270746052
2013-03-07 09:00:00,52.01263384960641,65.60746623859661,54.53033269626912
2013-03-07 10:00:00,51.533169294211305,65.60743287945877,54.71750065607358
2013-03-07 11:00:00,53.318007845609365,64.47413297467624,54.94387628819526
2013-03-07 12:00:00,54.39256350551358,64.13539096101705,54.825943830949726
2013-03-07 13:00:00,54.40516459893994,64.78995161548416,53.98497379523457
2013-03-07 14:00:00,54.51870362714992,65.60727431111118,38.51662448476248
2013-03-07 15:00:00,55.17471693069962,65.60746170714349,42.02636153766041
2013-03-07 16:00:00,55.99842465620157,65.6074755511522,46.70078774612723
2013-03-07 17:00:00,56.19282789752792,65.60747543044755,46.70058088879356
2013-03-07 18:00:00,54.51870628012786,65.60747430947391,46.70057499406223
2013-03-07 19:00:00,54.51870417256008,65.60747452975926,46.70057418767916
2013-03-07 20:00:00,54.51870408067371,65.60747462912357,46.41731042509084
2013-03-07 21:00:00,54.5187041539719,65.60747490338957,46.41730846739685
2013-03-07 22:00:00,54.51870412570952,65.6074748787469,46.41751271592623
2013-03-07 23:00:00,54.53129643338973,65.60747487811295,46.44633309219249
2013-03-08 00:00:00,54.518897763272484,65.60747438586807,46.44364989551064
2013-03-08 01:00:00,54.556561315728665,65.60747438244263,46.44630730752897
2013-03-08 02:00:00,54.56919803608538,65.60747390132232,46.575531067587605
2013-03-08 03:00:00,54.58183716215099,65.60747199401969,46.70067385107601
2013-03-08 04:00:00,54.59448149787488,65.60747405177453,46.70067489151189
2013-03-08 05:00:00,55.99829661447854,65.60747449608618,46.70067658130188
2013-03-08 06:00:00,56.048697639574364,65.6074750127078,46.700674832591574
2013-03-08 07:00:00,21.831187697779633,62.211737165878404,23.810025123095357
2013-03-08 08:00:00,12.704553163334113,61.77421974225753,21.700619834136248
2013-03-08 09:00:00,10.628776018389408,61.77421916852671,21.674348169234698
2013-03-08 10:00:00,8.971780642971613,61.77421972189775,20.923147569399326
2013-03-08 11:00:00,10.212164606171852,61.774223670985755,20.986943613547936
2013-03-08 12:00:00,11.024807581141983,62.21169655307103,21.68986146683558
2013-03-08 13:00:00,11.02486891749621,62.2117357254063,21.68985103312299
2013-03-08 14:00:00,39.32831551506916,62.21173997485693,32.71361757799759
2013-03-08 15:00:00,54.73372544326043,62.21173688711652,40.779750874327746
2013-03-08 16:00:00,55.40220904883819,64.2577098887076,47.74319286668017
2013-03-08 17:00:00,54.784455974992575,65.60745044349785,48.69018363689516
2013-03-08 18:00:00,54.78445124148574,64.02256876256054,48.51130791372957
2013-03-08 19:00:00,54.67384894102803,62.211744548396865,48.02815428958819
2013-03-08 20:00:00,54.50772928305554,62.21173113026626,50.34564191895928
2013-03-08 21:00:00,54.67385923021473,62.21172792074864,64.23608107687357
2013-03-08 22:00:00,54.72067743652537,62.306497293088036,66.4603331039997
2013-03-08 23:00:00,54.627925557775974,62.109735682903505,66.3476949858186
2013-03-09 00:00:00,54.627915792095365,62.1097345227498,66.34769860452322
2013-03-09 01:00:00,54.627893582426566,62.10973417522837,66.34770207739393
2013-03-09 02:00:00,54.673913084976924,62.211737207533204,66.4301186475428
2013-03-09 03:00:00,54.784451542813535,61.77429322918158,66.34767493506133
2013-03-09 04:00:00,54.792139361387704,61.77422188150545,66.31372691059995
2013-03-09 05:00:00,54.79215738413171,61.77422307587433,66.32079559251113
2013-03-09 06:00:00,54.75757754436435,62.07263997954806,66.30478448287118
2013-03-09 07:00:00,52.086242963156565,61.774220020779836,51.11214013154096
2013-03-09 08:00:00,46.57010946429163,61.774219565673455,45.83398584838721
2013-03-09 09:00:00,43.13413116468992,61.77421931107042,41.398756395166025
2013-03-09 10:00:00,51.08045711848516,61.774222224557754,52.475932983159325
2013-03-09 11:00:00,51.15261685283341,61.77422036412111,47.81881238258799
2013-03-09 12:00:00,56.523876662721364,61.77421932198659,52.931408006919064
2013-03-09 13:00:00,57.314563179394625,61.7742194398234,55.61311084502144
2013-03-09 14:00:00,56.50657104575858,61.7742191467454,56.73583495923528
2013-03-09 15:00:00,58.108376248975695,61.77421929554614,57.48676724285963
2013-03-09 16:00:00,61.04015192838564,64.29699513034333,64.75942695163032
2013-03-09 17:00:00,61.04015614836253,65.60747534786364,57.55482379575867
2013-03-09 18:00:00,61.04015627094015,65.6074753913354,61.69257594372498
2013-03-09 19:00:00,61.04015623782622,65.60747533833612,60.557979223254385
2013-03-09 20:00:00,61.04015615662007,65.60747521388288,60.5579785832881
2013-03-09 21:00:00,61.04015593359435,65.60747481245211,65.03978064348726
2013-03-09 22:00:00,61.04015551827889,65.60747529147223,66.78441422298897
2013-03-09 23:00:00,61.04015522627612,65.60747517097042,65.29900017608688
2013-03-10 00:00:00,61.04015399251761,65.60747505037197,65.2511667767669
2013-03-10 01:00:00,61.040153482477095,65.60747507909697,65.25116826999819
2013-03-10 02:00:00,61.0401531623295,65.60747501795717,65.21047261691369
2013-03-10 03:00:00,61.04015578891928,65.60747510380992,63.77391053670065
2013-03-10 04:00:00,61.04015452547224,65.6074751423626,63.77411749743152
2013-03-10 05:00:00,58.994541291072,64.29677245755862,64.9775476456248
2013-03-10 06:00:00,56.30661732134309,61.679463720813985,64.45600113359936
2013-03-10 07:00:00,8.971778208579071,13.038302960836397,16.994604678531555
2013-03-10 08:00:00,0.03855963622490546,7.42535843194912,12.692486748728838
2013-03-10 09:00:00,0.03734824118954259,7.425322186184089,9.047723883933958
2013-03-10 10:00:00,0.03619613541109749,7.4253721328868565,8.992655337015528
2013-03-10 11:00:00,0.03736605558856403,7.425363948063723,9.047700092268983
2013-03-10 12:00:00,0.03738101776730432,7.820630022152074,10.388931214433914
2013-03-10 13:00:00,0.03738626909870615,7.425327737813681,10.35730670165379
2013-03-10 14:00:00,1.9927270800089996,7.398210574464599,12.697887904756687
2013-03-10 15:00:00,5.539561874447574,9.875974092249553,14.940037816268623
2013-03-10 16:00:00,19.740324892156327,29.541110216172747,37.62017886327978
2013-03-10 17:00:00,19.885397764860212,32.370437083551415,41.28969073624379
2013-03-10 18:00:00,22.201499906052312,32.3701086302617,45.51044834294955
2013-03-10 19:00:00,22.20468115523919,33.51655646017252,46.205939812810506
2013-03-10 20:00:00,21.294870076948833,33.90346293075557,46.14863459802305
2013-03-10 21:00:00,28.69377017909641,43.18243401697865,52.9928178162319
2013-03-10 22:00:00,54.23766416269563,59.32307875100804,67.66677792828098
2013-03-10 23:00:00,52.012672394067216,61.52803438206532,68.97960044420968
2013-03-11 00:00:00,52.01257081559372,59.83093734197147,68.12525442026403
2013-03-11 01:00:00,52.01264337925607,59.323107117675555,70.0298699857098
2013-03-11 02:00:00,53.19452209828047,59.32309285521485,69.91075334956398
2013-03-11 03:00:00,53.19453697218256,59.32306700063477,70.9584881482832
2013-03-11 04:00:00,47.173033414856484,46.984186855275226,71.25095967426836
2013-03-11 05:00:00,46.66482394472384,43.9711140626735,73.18278552909415
2013-03-11 06:00:00,46.6643484542851,43.97088560931932,73.22531934427053
2013-03-11 07:00:00,46.12441416180347,35.84580882405744,68.41694137661877
2013-03-11 08:00:00,0.025145398057925632,12.050120892094135,64.94597333926292
2013-03-11 09:00:00,0.025145532753012474,2.6580271643865534,49.81194139521266
2013-03-11 10:00:00,8.97177710933224,14.757982182863966,62.59137480581434
2013-03-11 11:00:00,16.620743899863882,18.66146722306677,61.88520271623917
2013-03-11 12:00:00,8.97177959241277,14.663026712920331,63.608989971125645
2013-03-11 13:00:00,8.971762695383413,14.592393309596375,63.49267119760457
2013-03-11 14:00:00,0.037379092489078634,12.424634402123228,67.63973382979934
2013-03-11 15:00:00,0.02514596219932034,13.691729171405754,72.67046864507861
2013-03-11 16:00:00,0.03739476854579216,14.643362753975492,110.96806536358066
2013-03-11 17:00:00,58.40213951443634,42.278398297461955,121.40406903617645
2013-03-11 18:00:00,58.402131212084214,42.27838400125908,121.40755357764203
2013-03-11 19:00:00,55.45852546497235,37.27283840906418,121.2703892933381
2013-03-11 20:00:00,8.97178024101942,19.351520250102777,121.24218234582315
2013-03-11 21:00:00,4.561075338698969,17.216774948479724,121.79231614646935
2013-03-11 22:00:00,58.42097802343987,21.410845885329767,140.85038415065173
2013-03-11 23:00:00,4.561057343624596,7.178626161676055,147.54993863207227
2013-03-12 00:00:00,4.561500541021403,7.178819773824064,159.61375895995266
2013-03-12 01:00:00,4.561740091951258,7.1789968491570315,161.66859231913364
2013-03-12 02:00:00,8.971779502213284,15.098947532197933,161.66859552532816
2013-03-12 03:00:00,8.97758161879303,11.591857108297123,160.51287229844564
2013-03-12 04:00:00,61.04015458740684,18.24857146849231,160.33974824925113
2013-03-12 05:00:00,61.04015580276282,32.51535659207693,160.28269974633395
2013-03-12 06:00:00,61.04015611022141,45.939354223191245,165.8649941253923
2013-03-12 07:00:00,61.04015629529452,50.40553670561765,156.90924551871038
2013-03-12 08:00:00,61.04015613687999,42.250175441324565,140.56966476713794
2013-03-12 09:00:00,61.04015601576513,19.691062292648223,140.35654541450282
2013-03-12 10:00:00,61.040156381950375,25.033826937241514,145.21728248782136
2013-03-12 11:00:00,61.040156427193,25.03382794769115,145.51425542984626
2013-03-12 12:00:00,61.04015648482513,25.033821883805018,151.96406131572556
2013-03-12 13:00:00,61.04015656667504,15.647965162062981,153.19325267386196
2013-03-12 14:00:00,61.04015693005997,28.92062170236172,170.52701177685702
2013-03-12 15:00:00,75.99053781635065,65.60747150557242,222.22943050423217
2013-03-12 16:00:00,167.34737501159853,106.15648273041367,227.89094143773494
2013-03-12 17:00:00,187.5120358674635,146.95395176079958,238.14496727210252
2013-03-12 18:00:00,193.59046178232907,172.1797980844171,236.14244387744006
2013-03-12 19:00:00,192.79393566808648,173.04489160389528,234.43659027060806
2013-03-12 20:00:00,210.14612647106887,191.09919243064866,232.36808239509153
2013-03-12 21:00:00,212.80080367435463,199.81045117922963,231.3343887452285
2013-03-12 22:00:00,197.10308747298714,191.9040633825227,229.4446397894285
2013-03-12 23:00:00,207.66747880997508,211.97768362143782,229.29156583521493
2013-03-13 00:00:00,212.80080640593465,211.97769220032177,228.15528254739732
2013-03-13 01:00:00,212.80080290979703,211.97769442526857,227.03855126549857
2013-03-13 02:00:00,211.7604555006189,211.97769504048873,226.55283383560004
2013-03-13 03:00:00,207.53287118223034,211.97769360535565,225.99442733603078
2013-03-13 04:00:00,201.04779480066412,211.97767872083787,226.48039557542924
2013-03-13 05:00:00,201.00948305628356,211.97768918438427,226.4966350496036
2013-03-13 06:00:00,202.94380421882127,211.97769852917426,227.50113123545842
2013-03-13 07:00:00,131.5318451284862,118.44609848174747,221.49240464696413
2013-03-13 08:00:00,106.52073011772809,118.44605814103642,222.81778582862958
2013-03-13 09:00:00,106.52072868432542,94.02501018271448,223.78689184504387
2013-03-13 10:00:00,106.52072890923802,94.02406941906725,223.78689769085653
2013-03-13 11:00:00,106.52072874191548,94.02498062756855,223.7868932491853
2013-03-13 12:00:00,106.52072820590774,94.02499319717454,222.60266522918846
2013-03-13 13:00:00,63.17790898105739,91.4399885158035,222.6026506236457
2013-03-13 14:00:00,61.040157180216795,94.02499663038734,225.46585536969172
2013-03-13 15:00:00,61.04015661186153,94.02499970290668,226.69648098215475
2013-03-13 16:00:00,61.040156562514035,176.41624259007867,235.3294844500132
2013-03-13 17:00:00,61.040156569096965,210.00683217694223,239.08351616213432
2013-03-13 18:00:00,61.04015666996402,205.35146191725477,239.21018254147205
2013-03-13 19:00:00,61.04015687877569,205.35143426671874,239.4721849888438
2013-03-13 20:00:00,61.04015716814409,208.17316795108923,236.67104356561586
2013-03-13 21:00:00,61.04015768979958,210.00682280404436,234.43874015084052
2013-03-13 22:00:00,106.52072747510861,210.00685057537257,227.9388373670939
2013-03-13 23:00:00,63.17791270280121,197.24475218950175,225.87652385348852
2013-03-14 00:00:00,63.17791980091137,183.66361109391613,225.24808905130706
2013-03-14 01:00:00,108.01065398255761,176.4162512117453,225.17365534178626
2013-03-14 02:00:00,109.52155242654833,176.41624697813307,224.79342689036935
2013-03-14 03:00:00,111.05358017059068,178.03935004373287,224.8387259439502
2013-03-14 04:00:00,160.88132392930817,182.06047549431025,224.99542435712866
2013-03-14 05:00:00,163.13502667193717,183.67809245152293,225.8637510896931
2013-03-14 06:00:00,181.1897768343106,183.6780939221813,227.22161381295646
2013-03-14 07:00:00,169.94953031598385,183.67809264385147,193.61523272201399
2013-03-14 08:00:00,154.41946901419686,154.42958051180707,178.03823207609915
2013-03-14 09:00:00,154.41946868690002,158.15240676019002,173.62169063845428
2013-03-14 10:00:00,159.44208585897215,164.87002224437282,178.2064801559987
2013-03-14 11:00:00,161.67216540911215,170.9978328278255,179.1729159145203
2013-03-14 12:00:00,163.97306535206403,174.06019754145404,182.07632097736746
2013-03-14 13:00:00,166.2263293742727,176.4161645287111,184.52341609584096
2013-03-14 14:00:00,169.4900696658036,176.41616695065196,190.14931140359138
2013-03-14 15:00:00,177.55711511255575,183.09792901685344,192.96243923515337
2013-03-14 16:00:00,211.3653468487762,210.2393907106542,220.9294806162243
2013-03-14 17:00:00,219.23108938840429,225.45693672872517,234.82990957307828
2013-03-14 18:00:00,219.23108943700126,225.4569480089622,233.8435084133048
2013-03-14 19:00:00,219.23108942182728,225.45694740860844,233.84350798118498
2013-03-14 20:00:00,219.23108925309757,225.28726923766988,233.70062861948637
2013-03-14 21:00:00,219.23108851496696,220.47373215167647,227.01197733221156
2013-03-14 22:00:00,202.2239761739897,214.05458598808264,221.12018110349166
2013-03-14 23:00:00,177.55711686273256,211.75831726964543,219.11510197470702
2013-03-15 00:00:00,63.1779117653356,210.2396726443169,218.8034719709166
2013-03-15 01:00:00,61.04015692403589,184.54108704766278,218.40918867030567
2013-03-15 02:00:00,61.04015648499964,183.0979808724542,217.2057993737444
2013-03-15 03:00:00,61.040156430915744,183.09797529200648,215.29959423746666
2013-03-15 04:00:00,61.0401564014747,183.0979737446081,214.41055152723177
2013-03-15 05:00:00,61.04015637997044,183.09797166748325,217.11368592977624
2013-03-15 06:00:00,61.040156350681805,90.42437903705883,216.35822689958437
2013-03-15 07:00:00,59.23703417101827,54.473145618965155,70.4658515324486
2013-03-15 08:00:00,56.239903189795875,54.5335206383192,66.28883388185372
2013-03-15 09:00:00,53.649280255866195,54.53351912009834,65.67916884460662
2013-03-15 10:00:00,44.95414971479251,38.39242536412144,64.76574023658095
2013-03-15 11:00:00,23.82696681424961,20.197492969339642,63.89778693526529
2013-03-15 12:00:00,8.971770742010696,12.869662707787835,61.580447856751825
2013-03-15 13:00:00,0.037382821864832105,9.550566924968471,63.22057900905328
2013-03-15 14:00:00,32.56975406517258,25.164534527084875,63.093276447712576
2013-03-15 15:00:00,48.24785242638719,38.39242741285437,67.87048674327445
2013-03-15 16:00:00,58.65793164622835,55.19584052932364,74.92364524873562
2013-03-15 17:00:00,60.02036463590102,60.607480348297265,74.54458256263702
2013-03-15 18:00:00,58.65793854034481,61.98024600218136,71.51333616976376
2013-03-15 19:00:00,55.948507950485336,61.759115991912026,71.43640326896349
2013-03-15 20:00:00,53.194543009660784,58.75451383113632,71.97399025177867
2013-03-15 21:00:00,53.19447000770185,58.75449543473748,71.90357376211324
2013-03-15 22:00:00,49.65115003907275,55.98934499099371,71.84306924528465
2013-03-15 23:00:00,49.651149419288885,55.99006860666977,71.82696214956452
2013-03-16 00:00:00,49.651147085683554,56.007410679226126,71.72205996265029
2013-03-16 01:00:00,47.17295354399956,55.989322358236855,70.88992902459051
2013-03-16 02:00:00,46.12454274215263,56.00167224662622,69.65578486853171
2013-03-16 03:00:00,46.12454138357891,54.53351858621509,67.91170469428224
2013-03-16 04:00:00,45.20034144297194,50.79156792423228,66.69660011896619
2013-03-16 05:00:00,8.971780250437495,33.757075310120506,60.51992277120502
2013-03-16 06:00:00,0.025145528721900515,13.400120979345086,50.94927127535923
2013-03-16 07:00:00,0.025145462809925485,2.6534823622152843,5.3849728596526045
2013-03-16 08:00:00,0.025145222663033068,2.645608901364906,5.37924576945707
2013-03-16 09:00:00,0.025145171860737975,2.6466777276988687,5.37684807937136
2013-03-16 10:00:00,0.025145174591165293,2.646495832904614,5.376735698885671
2013-03-16 11:00:00,0.025145162753826347,2.645912060793041,5.374928413687923
2013-03-16 12:00:00,0.025145249698067897,2.6468553015517866,5.3746399961223865
2013-03-16 13:00:00,0.02514510428500519,2.658694341586178,5.378041612600182
2013-03-16 14:00:00,0.0251452586130516,3.409047640537744,5.954565133424463
2013-03-16 15:00:00,0.025145703524787837,13.214848905448957,14.878010096195572
2013-03-16 16:00:00,0.02514559010646779,29.887027459643537,34.41223677275157
2013-03-16 17:00:00,0.025145577436126925,19.567076271982206,25.91647768385681
2013-03-16 18:00:00,0.02514545192703845,19.566757304154113,23.812381953176242
2013-03-16 19:00:00,0.025145425169339916,15.325574804152481,22.985698133399687
2013-03-16 20:00:00,0.025145461208943856,12.968155090349487,22.5711099432947
2013-03-16 21:00:00,0.0251455864578228,11.30778441318638,22.23004513430456
2013-03-16 22:00:00,0.025145939765904186,12.96816602031425,22.639268149072286
2013-03-16 23:00:00,0.02514788782799949,19.132607097885955,23.76207343870294
2013-03-17 00:00:00,0.036690692516504676,28.888203955138845,25.629332390470047
2013-03-17 01:00:00,0.036692860690265554,29.887039336784007,25.8240264052149
2013-03-17 02:00:00,8.971776425980176,36.30761633891858,27.075532871206704
2013-03-17 03:00:00,8.971775347374038,36.30763304715536,27.075533742679646
2013-03-17 04:00:00,8.971782302050405,36.30763945552858,27.075579760321162
2013-03-17 05:00:00,26.610441900733605,36.30764218043645,27.075531283265107
2013-03-17 06:00:00,28.429453261301607,36.307642669934964,27.74760922022763
2013-03-17 07:00:00,17.595402274346284,29.442591578922986,16.104405452859428
2013-03-17 08:00:00,19.290108611358153,27.877982395695845,16.01735335486369
2013-03-17 09:00:00,19.13962545265008,24.400308424407193,16.133462384610223
2013-03-17 10:00:00,24.027964226602705,27.671573651819234,16.921752270277594
2013-03-17 11:00:00,24.838136598692422,28.26677317319967,17.097216772609706
2013-03-17 12:00:00,26.82728509999484,29.442591099965078,17.357952818300063
2013-03-17 13:00:00,26.344205997708695,29.442580226287685,17.4793009039914
2013-03-17 14:00:00,38.81269885782344,42.13382031241995,27.374169040649818
2013-03-17 15:00:00,57.11433790749903,61.407780167525154,40.205057236189184
2013-03-17 16:00:00,52.423880120395,61.77421811905991,42.81373288938445
2013-03-17 17:00:00,46.8034757067182,61.77421943449575,42.83116867867019
2013-03-17 18:00:00,8.971784434656257,61.774219161067485,42.72995228465975
2013-03-17 19:00:00,8.971781014201484,61.77421888429217,42.729943759473066
2013-03-17 20:00:00,8.97178102962114,61.77421894034779,42.72993975507438
2013-03-17 21:00:00,46.803549906012044,61.7742188911315,42.72994443321405
2013-03-17 22:00:00,52.829293724645716,61.7742192237193,42.81409052795289
2013-03-17 23:00:00,53.201940660596236,61.774219475636855,42.81409085592601
2013-03-18 00:00:00,57.42280029114678,61.774219751491856,42.83546778084984
2013-03-18 01:00:00,57.581120649674986,61.86724294805718,42.83814358423797
2013-03-18 02:00:00,57.68787413007393,61.918428427917746,42.84220434228005
2013-03-18 03:00:00,57.701244088542346,61.92504337367885,42.843612840235515
2013-03-18 04:00:00,57.71461366251023,65.98072264171499,43.65111692221637
2013-03-18 05:00:00,58.521946789426686,74.41617100981546,43.96298769107234
2013-03-18 06:00:00,61.04015475792297,74.39854874505481,44.48730749838938
2013-03-18 07:00:00,60.102872383045415,64.62352794256768,45.97532010095181
2013-03-18 08:00:00,57.78147643325216,61.51499955350933,47.41153151840583
2013-03-18 09:00:00,57.78147640559685,61.55895180770233,57.734044962703045
2013-03-18 10:00:00,57.79485879810153,61.55895193591589,60.05575765120501
2013-03-18 11:00:00,57.79505274193276,61.55895247763803,59.953248145402426
2013-03-18 12:00:00,58.54863138275199,61.965497270539615,60.55453607452638
2013-03-18 13:00:00,61.04015601339946,62.082501167600064,63.63550398092806
2013-03-18 14:00:00,61.040156284810784,63.75857931921552,64.85359851470584
2013-03-18 15:00:00,61.040166562730754,64.84287848269577,67.54859320859593
2013-03-18 16:00:00,68.18144420283956,70.744516290422,71.04816217586814
2013-03-18 17:00:00,75.38299218609869,84.12099801919766,76.46579459584241
2013-03-18 18:00:00,75.38299204697995,96.34896623857763,76.56273148723463
2013-03-18 19:00:00,71.08266881331218,97.66012042676444,76.32682775549345
2013-03-18 20:00:00,61.040162502191194,98.98961746822624,77.55887662951766
2013-03-18 21:00:00,61.04015724542863,100.33754411879568,77.60649309533784
2013-03-18 22:00:00,61.04015649668366,101.19486769128603,80.51650151355523
2013-03-18 23:00:00,61.040156578903044,96.11186644379691,80.48780704617215
2013-03-19 00:00:00,61.0401564920476,109.76317569164095,80.4864430217981
2013-03-19 01:00:00,61.04015640364037,109.76319513651497,80.47906657070159
2013-03-19 02:00:00,61.04015638488423,109.7631924029004,80.91986638425702
2013-03-19 03:00:00,61.040156346252665,109.76319684183125,83.27500088257575
2013-03-19 04:00:00,61.040156320328556,109.76319857340481,83.9243056319848
2013-03-19 05:00:00,61.04015631235501,109.763198112657,86.23894803770949
2013-03-19 06:00:00,61.04015629881161,109.76319900803814,84.49376560108509
2013-03-19 07:00:00,61.04015621913122,84.81946970109323,68.66974789858925
2013-03-19 08:00:00,61.040156177246345,66.81199138837323,66.24011063364775
2013-03-19 09:00:00,61.04015619247307,65.93869629195643,65.85399318123666
2013-03-19 10:00:00,61.04015625793732,65.85533788452976,65.76774843965363
2013-03-19 11:00:00,61.04015624393311,65.85884530973098,65.76193605595014
2013-03-19 12:00:00,61.040156267321215,65.81868320796815,64.81433260382556
2013-03-19 13:00:00,61.04015627105706,66.05132121576602,65.56745266544007
2013-03-19 14:00:00,61.04015627012483,65.88946668407192,65.35836947492193
2013-03-19 15:00:00,61.04015626356772,66.76325172266077,67.45805227276905
2013-03-19 16:00:00,61.04015627949358,72.24926338465907,73.75552391368693
2013-03-19 17:00:00,61.04015629562222,84.05414209941554,89.82316488897139
2013-03-19 18:00:00,61.040156272017896,84.13980601092699,90.27347189247726
2013-03-19 19:00:00,61.040156254644245,84.67544513057403,89.53414082608504
2013-03-19 20:00:00,61.04015623836304,83.70213955057609,89.13934159082774
2013-03-19 21:00:00,61.040156251983944,84.81943902054772,93.12968619178903
2013-03-19 22:00:00,61.04015625567003,84.81943991125068,92.03500404201185
2013-03-19 23:00:00,61.040156264784066,84.81944925983396,93.17074134484821
2013-03-20 00:00:00,61.04015626881953,84.81946206775052,93.40992052412105
2013-03-20 01:00:00,61.04015624812068,84.81945405323967,93.17074680314086
2013-03-20 02:00:00,61.04015623470754,84.81944240661797,92.97074928940512
2013-03-20 03:00:00,61.04015623848882,84.81944368997804,92.97078661790557
2013-03-20 04:00:00,61.04015619863727,84.81944527810228,92.89231525221658
2013-03-20 05:00:00,61.04015617558189,84.81946827594669,92.86659703186086
2013-03-20 06:00:00,61.040156123179635,84.81945528310379,93.3104901647969
2013-03-20 07:00:00,59.10899759719847,66.53992250086421,72.56833405637258
2013-03-20 08:00:00,59.108994584911834,65.60747509579303,68.91236411800182
2013-03-20 09:00:00,59.10899838537051,65.60747504308556,68.97258041670548
2013-03-20 10:00:00,61.04015586529456,65.60747508597406,68.84978057493812
2013-03-20 11:00:00,61.04015615144608,65.60747541595119,68.98063247889877
2013-03-20 12:00:00,61.04015617921392,65.63942192362035,69.33639252999022
2013-03-20 13:00:00,61.040156228163745,65.63942366202475,69.61136721059736
2013-03-20 14:00:00,61.0401563283592,67.66460779387333,73.0707689100636
2013-03-20 15:00:00,61.16836193530735,68.02378360849278,74.3108505275245
2013-03-20 16:00:00,79.21040862353067,83.8532565032842,95.10170997496992
2013-03-20 17:00:00,118.86415387423395,121.39720541299249,130.08574654758525
2013-03-20 18:00:00,128.92753712873252,129.2599473664266,134.56150945249536
2013-03-20 19:00:00,130.4142523138493,130.7203598638186,136.18692837317988
2013-03-20 20:00:00,145.6319313805956,145.66883431175168,148.95244117520292
2013-03-20 21:00:00,155.8243211892764,155.68091682400785,155.959530273166
2013-03-20 22:00:00,176.40202167173132,160.05354995317543,155.95956796338928
2013-03-20 23:00:00,186.16191940818027,160.0536717219926,156.85688730646902
2013-03-21 00:00:00,186.16204134081391,160.05369552401828,156.85689332882532
2013-03-21 01:00:00,186.1620421535106,160.05369911639747,156.85689506908628
2013-03-21 02:00:00,186.1620427722424,160.05370383315304,156.85689706830004
2013-03-21 03:00:00,186.16204271837455,160.05370682165812,156.85689836947753
2013-03-21 04:00:00,186.16204263578368,160.05370639413383,156.856899949142
2013-03-21 05:00:00,186.16204291033722,160.05370686592786,156.85690085266495
2013-03-21 06:00:00,186.16204302820418,160.05370782053814,156.78503496818757
2013-03-21 07:00:00,106.52073095502988,107.2495184204702,112.24875912096374
2013-03-21 08:00:00,99.13166940815967,83.61721003806508,111.16261142466855
2013-03-21 09:00:00,99.13166906304886,83.61720888681076,111.74963601944661
2013-03-21 10:00:00,99.13166910427803,83.61720869832956,111.74963549976354
2013-03-21 11:00:00,99.13166932499028,83.61720912236022,111.74963567328781
2013-03-21 12:00:00,99.13166969969501,83.61720912614449,111.74963612539445
2013-03-21 13:00:00,99.13166987068682,83.61720860087767,111.74571393871476
2013-03-21 14:00:00,99.1316694995576,83.61720852280658,111.61015562077323
2013-03-21 15:00:00,99.1316679653978,83.61720929684849,111.85434313011405
2013-03-21 16:00:00,99.13172001669938,97.08894726245734,113.65087502069382
2013-03-21 17:00:00,100.30616032496854,102.64119617171005,115.70275663019929
2013-03-21 18:00:00,62.84038368823397,101.25719542003321,115.71931736812263
2013-03-21 19:00:00,61.040156253997054,83.61722031539843,114.08007413325463
2013-03-21 20:00:00,61.04015614636203,83.61721061676725,113.85893553816703
2013-03-21 21:00:00,61.04015614701143,83.2489000937668,112.74673540670994
2013-03-21 22:00:00,61.040156085275996,79.49518433926657,106.66717133591678
2013-03-21 23:00:00,61.04015607980836,79.3036511322885,104.27514221968235
2013-03-22 00:00:00,61.0401560759268,78.57114084594878,98.26205377585619
2013-03-22 01:00:00,61.04015603419361,81.90347504361183,93.02117366536774
2013-03-22 02:00:00,61.04015598346901,81.95591322093355,93.19368446002407
2013-03-22 03:00:00,61.04015593791578,83.61719987144106,91.05712874771609
2013-03-22 04:00:00,61.04015579921915,82.51744283189774,90.69967123386381
2013-03-22 05:00:00,61.04015552897297,48.82642245173913,86.52095659534663
2013-03-22 06:00:00,52.012636008241145,46.496700061821564,71.33383299044851
2013-03-22 07:00:00,0.06982834738409743,2.6580248116525786,5.778714626108731
2013-03-22 08:00:00,0.0251455314586933,2.6451224220776877,5.3843379199052235
2013-03-22 09:00:00,0.02514518442271352,2.6451219094995415,5.377130204584081
2013-03-22 10:00:00,0.02514518229175693,2.645121735585466,5.377067213076975
2013-03-22 11:00:00,0.02514513669624124,2.6451216406574782,5.37707483144427
2013-03-22 12:00:00,0.02514510135126514,2.64512168388756,5.380200271953524
2013-03-22 13:00:00,0.02514511232754598,2.6451225689516176,5.380183990758709
2013-03-22 14:00:00,0.025145243745031035,2.6451246239742905,5.379088278334713
2013-03-22 15:00:00,0.025145127697113027,2.6580251425374226,5.439148282344838
2013-03-22 16:00:00,0.025145353348155465,2.6575100088879995,32.47793098366206
2013-03-22 17:00:00,0.025145396394791568,2.6580235685372102,36.01282433655239
2013-03-22 18:00:00,0.025145346442548535,2.657411038217929,31.065472061450997
2013-03-22 19:00:00,0.025145307320288975,2.657410299324457,32.58589986453269
2013-03-22 20:00:00,0.02514530426807583,2.657409354876023,35.80415837209139
2013-03-22 21:00:00,0.025145312059402354,2.6574102499985854,30.146916193997
2013-03-22 22:00:00,0.025145311745247236,2.657413883571354,30.00232301045053
2013-03-22 23:00:00,0.025145243543335697,2.657411470976822,30.002259172910676
2013-03-23 00:00:00,0.02514523464924682,2.6574111783476817,30.002256966164786
2013-03-23 01:00:00,0.025145237001357144,2.657411200041284,30.002256727799924
2013-03-23 02:00:00,0.02514524858202105,2.657410983535544,30.065175004812545
2013-03-23 03:00:00,0.025145263102690697,2.6574109295457964,30.06431946507962
2013-03-23 04:00:00,0.025145263100380767,2.657410560416147,29.91910500285549
2013-03-23 05:00:00,0.025145259911349693,2.6574107854106823,29.81468812375526
2013-03-23 06:00:00,0.025145267334413707,2.657410514883358,29.981667321532832
2013-03-23 07:00:00,0.025145226327164465,2.657409032098669,13.56301027465091
2013-03-23 08:00:00,0.02514511546279653,2.658023888677196,11.019568613253828
2013-03-23 09:00:00,0.025145047186463487,2.6580246895672635,9.667008791679972
2013-03-23 10:00:00,0.02514499413608569,2.65802783309354,7.965320781285582
2013-03-23 11:00:00,0.025144955165806525,2.6580270053851747,7.295743848666863
2013-03-23 12:00:00,0.025144985125106357,2.6580259330045912,7.415880874543191
2013-03-23 13:00:00,0.02514505223006346,2.6580259147138956,8.694873715275182
2013-03-23 14:00:00,0.025145183645535155,2.657411929897204,12.178679319926868
2013-03-23 15:00:00,0.025145263356128586,2.6574110406328586,31.287682634435
2013-03-23 16:00:00,0.025145260264855227,2.657416117244983,41.38517756772847
2013-03-23 17:00:00,0.02514532581499532,2.6574129850309816,41.78472689667372
2013-03-23 18:00:00,0.025145298901405603,2.657411391499359,41.77909398583022
2013-03-23 19:00:00,0.025145294660426917,2.6574113633947762,41.7808561523228
2013-03-23 20:00:00,0.025145290279342977,2.657411379210993,41.76297111079104
2013-03-23 21:00:00,0.025145285573017845,2.657411713462285,41.76170907288302
2013-03-23 22:00:00,0.02514541972164239,2.6580246685132924,42.036348740076235
2013-03-23 23:00:00,0.025145365996643472,2.658024128951758,42.03634464214424
2013-03-24 00:00:00,0.02514535755460758,2.6574205696703435,42.013202810018804
2013-03-24 01:00:00,0.025145340059735125,2.6574143603355505,42.03843349453774
2013-03-24 02:00:00,0.025145315967510483,2.658023294328695,42.052160602581274
2013-03-24 03:00:00,0.025145301502266657,2.658024332731905,41.92168349996776
2013-03-24 04:00:00,0.025145306829234385,2.6580244609004224,41.90781834903941
2013-03-24 05:00:00,0.025145310771845522,2.6580244481301474,41.70434108641096
2013-03-24 06:00:00,0.025145331183714342,2.6580021102238174,41.663576655093856
2013-03-24 07:00:00,0.02514530287031281,2.658024761031392,26.662793523161547
2013-03-24 08:00:00,0.02514522590888011,2.658024899489503,26.228847336512445
2013-03-24 09:00:00,0.02514517466574644,2.6580262304911595,23.200808394317846
2013-03-24 10:00:00,0.025145153586262157,2.6580972214039926,20.498946984279378
2013-03-24 11:00:00,0.02514512970276849,2.6580244080617637,5.95739086260365
2013-03-24 12:00:00,0.025145225659231295,2.658024225960942,5.958197626415948
2013-03-24 13:00:00,0.02514513550773563,2.658028157583782,6.565692811422494
2013-03-24 14:00:00,0.025145228778021958,2.6574235122382333,18.92113984225505
2013-03-24 15:00:00,0.025145239934875014,2.657412429496919,30.41507790050995
2013-03-24 16:00:00,0.025145259971486734,2.6574214062087194,41.63909757465523
2013-03-24 17:00:00,0.025145284196626594,2.658023608380809,42.66360341524928
2013-03-24 18:00:00,0.025145277991251224,2.6574553616776093,42.66346563485713
2013-03-24 19:00:00,0.02514527432629786,2.65741286884317,42.6418556481762
2013-03-24 20:00:00,0.02514527598487268,2.657412350371633,42.641952283808905
2013-03-24 21:00:00,0.02514528221188936,2.6574147918872106,42.66348695213013
2013-03-24 22:00:00,0.025145418687830434,2.6580245726520517,42.66412740121524
2013-03-24 23:00:00,0.025145416439187045,2.658024584582878,42.90200694158461
2013-03-25 00:00:00,0.025145424727146714,2.658024446027705,42.991811776523754
2013-03-25 01:00:00,0.02514534683008509,2.658024568158615,42.991810524857435
2013-03-25 02:00:00,0.02514535228183271,2.658024686384506,42.99181133947808
2013-03-25 03:00:00,0.025145367792066536,2.6580247245563213,43.013693196333826
2013-03-25 04:00:00,0.02514536077472296,2.658024783547623,42.99180982649672
2013-03-25 05:00:00,0.025145355394465673,2.658024814954897,42.78823081067127
2013-03-25 06:00:00,0.025145389818123018,2.6580248742982455,42.64197017542873
2013-03-25 07:00:00,0.0251452597634488,2.6574117692229713,39.254443279016236
2013-03-25 08:00:00,0.025145190209798166,2.657410481834217,37.399516507942955
2013-03-25 09:00:00,0.02514517936966034,2.657409405120422,34.84572972676008
2013-03-25 10:00:00,0.025145174527591446,2.6574097431242163,26.550748848686823
2013-03-25 11:00:00,0.025145154172486233,2.657407081948787,33.41336384789283
2013-03-25 12:00:00,0.02514514462880169,2.6574064852372605,35.48927239866589
2013-03-25 13:00:00,0.025145152507244632,2.6574087944784632,36.61450708753748
2013-03-25 14:00:00,0.025145169098256984,2.657410615852491,38.05730665720857
2013-03-25 15:00:00,0.025145207447939424,2.657411608380586,39.322532353364096
2013-03-25 16:00:00,0.025145267394022456,2.658024156941985,43.625592821859314
2013-03-25 17:00:00,0.02514563168537523,2.658026087832257,46.024103164105775
2013-03-25 18:00:00,0.02514668939228491,15.652781298444815,48.55109082906608
2013-03-25 19:00:00,0.025148752563373348,16.886122914507574,48.95102946076957
2013-03-25 20:00:00,3.330319128955992,29.772489008121006,51.59243228086779
2013-03-25 21:00:00,3.330361843577801,29.771411841871156,51.33856380826773
2013-03-25 22:00:00,8.971786792996179,55.80864506576345,55.75485648187696
2013-03-25 23:00:00,49.7773043330514,56.53017414339879,56.13212571799527
2013-03-26 00:00:00,55.805039473221214,61.57119403936799,69.02023944927714
2013-03-26 01:00:00,56.07070202772149,61.9590065835536,69.32377807592492
2013-03-26 02:00:00,56.17945558006479,61.959011618861155,70.44878242018234
2013-03-26 03:00:00,56.179530191985464,61.95901034573673,70.51741595864183
2013-03-26 04:00:00,56.28688087860651,61.95901043782899,70.51741696513291
2013-03-26 05:00:00,56.28691679207371,61.95901283975643,70.51741657092475
2013-03-26 06:00:00,56.28693805173139,61.959013962321734,70.51744273392796
2013-03-26 07:00:00,0.05578212085643448,2.6901300149099114,54.69454736050575
2013-03-26 08:00:00,0.025145178884952237,2.6587794063195025,46.50178708978477
2013-03-26 09:00:00,0.02514493280671257,2.64565558592208,41.03628515414442
2013-03-26 10:00:00,0.025144828325109166,2.645655129427025,39.136726388525965
2013-03-26 11:00:00,0.02514484028369117,2.645654518021167,39.52957764038277
2013-03-26 12:00:00,0.02514488556263256,2.6456549590991405,39.132235674082544
2013-03-26 13:00:00,0.025144981522078415,2.6456561467868482,41.56062757301463
2013-03-26 14:00:00,0.02514503752999567,2.6466690509227075,42.94198606366241
2013-03-26 15:00:00,0.025145560630683794,2.6696836962323305,44.555530882699195
2013-03-26 16:00:00,55.37928525541813,61.16735890380842,69.49855836201732
2013-03-26 17:00:00,61.04015281658744,65.55267344439063,75.05109762657217
2013-03-26 18:00:00,61.04015519136701,67.94647699925939,75.4425402712477
2013-03-26 19:00:00,61.04015539224721,67.95941964772236,75.44655831371028
2013-03-26 20:00:00,61.040155487385256,65.80088727892104,75.1040391319075
2013-03-26 21:00:00,61.04015566512182,65.7062588904666,76.46774995392087
2013-03-26 22:00:00,61.040154594940034,67.54912286423159,76.6167956011962
2013-03-26 23:00:00,61.04015555101818,65.70080556626787,76.51230925405152
2013-03-27 00:00:00,61.040155702370285,65.5530817636836,80.06392993437099
2013-03-27 01:00:00,61.04015573430696,65.47314674088084,80.44974325991353
2013-03-27 02:00:00,61.04015573663533,65.4679277420404,80.74504199654713
2013-03-27 03:00:00,61.04015576272347,65.46792359886861,81.704665801689
2013-03-27 04:00:00,61.04015573664933,65.46792330601569,80.25357670790808
2013-03-27 05:00:00,61.04015574521848,65.4710343496092,80.23453426726148
2013-03-27 06:00:00,61.04015571061245,68.20344467365335,77.17841090807738
2013-03-27 07:00:00,0.6404330653746548,61.64311485640768,68.64320835020975
2013-03-27 08:00:00,0.4986847780707901,53.38960937645674,64.96236432768315
2013-03-27 09:00:00,0.49868393106250125,53.38960686495958,63.892370144337896
2013-03-27 10:00:00,0.49868460622753796,53.38960680045143,63.89269613396815
2013-03-27 11:00:00,0.4986845509731924,53.38960687636152,63.994994623153914
2013-03-27 12:00:00,0.49868450857202845,53.38960708695652,63.92378571473464
2013-03-27 13:00:00,0.4986845853043553,53.38960869037874,63.95803680629797
2013-03-27 14:00:00,0.4986855755783761,59.34771875983967,66.2296950900127
2013-03-27 15:00:00,53.77038075247366,61.517170070955444,67.59275316184645
2013-03-27 16:00:00,61.04015109598657,67.81528643123544,76.23240610388024
2013-03-27 17:00:00,61.04015582193392,70.33538421152949,78.56674603973215
2013-03-27 18:00:00,61.04015581289152,70.22135890803433,78.54334803623235
2013-03-27 19:00:00,61.04015578084631,70.33537128617093,78.56674973895444
2013-03-27 20:00:00,61.040155762329796,70.32309773515736,78.5703175883563
2013-03-27 21:00:00,61.04015577110677,70.33522511189143,79.13136535635446
2013-03-27 22:00:00,61.04015574255956,70.16254586509127,79.0526023524849
2013-03-27 23:00:00,61.040155789653724,71.05764165849754,79.66709176401767
2013-03-28 00:00:00,61.04015581562164,71.72121441148373,80.16246469014382
2013-03-28 01:00:00,61.040155834096105,75.29335708594606,82.88845951222132
2013-03-28 02:00:00,61.04015583865959,77.51595408664073,85.95585795624835
2013-03-28 03:00:00,61.04015582909032,78.40055683817982,86.98593182320354
2013-03-28 04:00:00,61.04015582913479,77.63416082499398,86.42954725071995
2013-03-28 05:00:00,61.04015583619319,78.68285235023352,86.58850395990034
2013-03-28 06:00:00,61.04015583983295,77.28056345709732,85.5307284290263
2013-03-28 07:00:00,61.04015554367613,65.74142937474387,72.8871099059869
2013-03-28 08:00:00,59.37059613565306,63.92639927582658,68.95265924543769
2013-03-28 09:00:00,59.36261633355321,63.07969826019247,67.41405739314267
2013-03-28 10:00:00,57.62697441229725,62.29769977513825,67.36675796461954
2013-03-28 11:00:00,60.710224220987094,63.92639939153349,67.69354202021178
2013-03-28 12:00:00,61.04015541853653,64.52282319421248,68.0371943398596
2013-03-28 13:00:00,61.04015584826384,65.02920638206666,69.83115830868589
2013-03-28 14:00:00,61.04015587226393,65.76513415192004,72.30718835691124
2013-03-28 15:00:00,61.04015589251862,65.77918543581673,73.27982151455228
2013-03-28 16:00:00,61.04015590910667,72.81477430182753,80.89962921480279
2013-03-28 17:00:00,61.04015595012357,89.64974684984908,95.7458441003238
2013-03-28 18:00:00,61.040155986051886,90.11151403269456,96.11610257793564
2013-03-28 19:00:00,61.04015601449026,89.66093574672946,95.71508034787264
2013-03-28 20:00:00,61.04015607756496,89.64973587373133,95.24984688168422
2013-03-28 21:00:00,61.040156206735496,90.9663387637805,96.2955288372929
2013-03-28 22:00:00,63.17769798166237,95.57373334951254,99.60371790831235
2013-03-28 23:00:00,63.17770255445495,95.56954382088674,99.60498067346428
2013-03-29 00:00:00,63.17770232162823,95.57349576440433,99.60746706905176
2013-03-29 01:00:00,63.17770057723143,95.5734409152452,99.60748363705035
2013-03-29 02:00:00,61.85382368710999,95.57367442452058,99.60834175232094
2013-03-29 03:00:00,61.85378240003206,96.13725857391006,100.822901542193
2013-03-29 04:00:00,61.74719215576061,98.1054491985013,101.51250611546928
2013-03-29 05:00:00,63.17770024261463,98.87669566824103,102.4301154938356
2013-03-29 06:00:00,63.177700500869136,95.1375465676748,99.19363591287828
2013-03-29 07:00:00,61.04015788732556,83.23923786879597,87.27171213537744
2013-03-29 08:00:00,61.42437878027562,74.80477514928579,85.24979940095129
2013-03-29 09:00:00,63.177701664609074,74.80477745101518,85.09627420160716
2013-03-29 10:00:00,80.52696226207284,86.81063433787229,88.54673515795753
2013-03-29 11:00:00,80.68458305385423,86.97682511956566,88.61045030549697
2013-03-29 12:00:00,81.46052243471206,89.42364499065853,88.62695652298356
2013-03-29 13:00:00,82.79530494514312,89.18237275944209,90.74695005240692
2013-03-29 14:00:00,88.91545572415524,95.58147562345505,98.16749487782106
2013-03-29 15:00:00,97.93405179231868,105.011138684866,108.9675562366066
2013-03-29 16:00:00,99.61800653437767,106.77184822220049,111.5732268070733
2013-03-29 17:00:00,115.66438561869579,130.8008931685493,133.78278094495258
2013-03-29 18:00:00,117.28220308708363,130.80088740663018,134.23796870628306
2013-03-29 19:00:00,119.60176922219163,130.80084421141214,134.73104740907846
2013-03-29 20:00:00,122.59952365153973,130.80086059560924,135.3446456302492
2013-03-29 21:00:00,122.59954765186112,130.80088487457184,135.34466919466075
2013-03-29 22:00:00,122.5995843702295,130.8009215722373,135.34466365963465
2013-03-29 23:00:00,131.53182833564802,130.80092424704125,135.34467595260034
2013-03-30 00:00:00,131.531859016862,130.80092401205937,135.3446795048047
2013-03-30 01:00:00,131.53185905337352,130.80092133107132,135.34468104763906
2013-03-30 02:00:00,126.96501881725838,130.8009180984175,135.34468232480555
2013-03-30 03:00:00,122.59956042144519,130.80089641493333,135.34467765997755
2013-03-30 04:00:00,122.5995509215634,130.80088820308526,135.3446739183206
2013-03-30 05:00:00,122.59955050238239,130.80088735174434,135.3446735047712
2013-03-30 06:00:00,105.40059424170082,112.81800319870948,115.93857715239041
2013-03-30 07:00:00,87.43862417088386,77.30973909954841,110.25408669079201
2013-03-30 08:00:00,63.17791625351249,65.4679434546028,109.86657386606832
2013-03-30 09:00:00,63.17789139869829,65.93207180283717,109.95157093323873
2013-03-30 10:00:00,88.68354785261147,77.30973505500828,109.9406515612656
2013-03-30 11:00:00,88.68355070175829,77.30973889012903,109.94130957732717
2013-03-30 12:00:00,88.68355116167402,77.30977422361035,109.9676846153942
2013-03-30 13:00:00,88.68355128707388,77.3097802612527,110.25400898319505
2013-03-30 14:00:00,88.68235791799795,77.30979203945189,110.25429109890264
2013-03-30 15:00:00,74.5405429282423,73.56015986136535,110.4483300076368
2013-03-30 16:00:00,63.17788689080064,66.3868586780239,112.91915657585507
2013-03-30 17:00:00,105.05134006514429,111.15222749961278,130.96260866547462
2013-03-30 18:00:00,106.52072748110864,118.58024413982639,130.6619512500938
2013-03-30 19:00:00,106.52072124941391,120.20203410210796,130.0095627218413
2013-03-30 20:00:00,106.52072872315001,121.84635834989552,130.25915973252648
2013-03-30 21:00:00,106.52073003328377,123.61345369297061,131.12212875575656
2013-03-30 22:00:00,103.15997581118951,112.53188754673172,130.26121614372033
2013-03-30 23:00:00,103.60223654871491,108.04624163609576,130.2613206507636
2013-03-31 00:00:00,106.97890175967662,109.52071186985575,130.31139017283502
2013-03-31 01:00:00,114.41435336470552,116.95068365584378,131.3508105794756
2013-03-31 02:00:00,119.42968102426788,127.48653529780307,132.66918273902814
2013-03-31 03:00:00,119.42968351895152,127.48653939800363,132.64130387318298
2013-03-31 04:00:00,119.42968397432095,127.48653946414657,132.56389328705603
2013-03-31 05:00:00,119.42968409201191,127.48653987859898,132.34604259661904
2013-03-31 06:00:00,106.81925081700992,114.30134425722375,116.68201569795077
2013-03-31 07:00:00,84.64103576108214,85.44658423118507,99.17127763130235
2013-03-31 08:00:00,77.75733703734898,70.89002508880955,95.10903202275053
2013-03-31 09:00:00,76.69940136040849,71.15377497383069,93.26574272562277
2013-03-31 10:00:00,94.9633097381291,93.06192639429604,98.10362133921323
2013-03-31 11:00:00,94.96331423952368,93.06192885652652,97.98525288528823
2013-03-31 12:00:00,94.96331810902359,93.06192978966719,98.10365039164061
2013-03-31 13:00:00,94.96332351390896,93.0619315115725,98.10365704793867
2013-03-31 14:00:00,96.31176682422935,96.00237659748093,98.68798049087715
2013-03-31 15:00:00,96.31178246907196,96.002386530233,99.3202328887074
2013-03-31 16:00:00,101.3683859649326,102.18831889437325,103.50452005968673
2013-03-31 17:00:00,109.05362560350196,111.0280635430429,112.73728722987966
2013-03-31 18:00:00,108.01066114208383,111.02809642355606,112.35598910606501
2013-03-31 19:00:00,106.52072979406469,111.02803169943127,112.91885992951501
2013-03-31 20:00:00,100.03760515216972,107.21056538969215,111.74046042210786
2013-03-31 21:00:00,94.96330992804197,96.00247438997684,110.29812252569238
2013-03-31 22:00:00,93.91072345392055,96.00239302734488,108.2395599988148
2013-03-31 23:00:00,94.96329426293438,97.42555640610598,109.19099581318014
2013-04-01 00:00:00,94.96331025806711,96.68617429175532,109.73382572636137
2013-04-01 01:00:00,96.29160455976731,98.85151956151408,110.76119971723097
2013-04-01 02:00:00,103.6022260088984,106.48972463982403,111.8772427910399
2013-04-01 03:00:00,105.051353067984,107.3458231805096,112.3560111083753
2013-04-01 04:00:00,106.52072856890605,107.24953108776829,112.47593355873305
2013-04-01 05:00:00,106.52072950647397,107.24952330223904,112.49473373139305
2013-04-01 06:00:00,75.38298647589035,33.12112847833953,79.88866880695407
2013-04-01 07:00:00,61.04015819032494,16.374170486960658,67.04163602381081
2013-04-01 08:00:00,61.040155802642126,16.374169332610666,66.64171182477779
2013-04-01 09:00:00,61.0401552304955,11.888762249504072,66.64171141117512
2013-04-01 10:00:00,61.0401539129523,9.486987575906564,66.55637117839468
2013-04-01 11:00:00,61.0401538252828,8.065421113382552,66.55637123840839
2013-04-01 12:00:00,61.04015386937961,7.143832938521361,66.55658818225997
2013-04-01 13:00:00,61.04015393465111,7.238069030217652,66.55637415659801
2013-04-01 14:00:00,61.04015419439872,8.072106478449717,66.83634610270792
2013-04-01 15:00:00,61.040155598552694,8.359261177839665,67.55879951431855
2013-04-01 16:00:00,61.04015575431829,23.97389979004344,87.64027221251915
2013-04-01 17:00:00,61.04015590466779,58.69036412407978,100.84204126859886
2013-04-01 18:00:00,61.04015589834213,64.90638357053444,100.49289306738301
2013-04-01 19:00:00,61.0401558011103,65.06906699477094,100.57889358887343
2013-04-01 20:00:00,61.040155769283984,65.06906440397165,100.83746782604848
2013-04-01 21:00:00,61.04015575257643,62.27783511031665,100.84245347416433
2013-04-01 22:00:00,61.04015575518805,62.27550039787303,100.83213401464585
2013-04-01 23:00:00,61.04015579199356,62.275502001370995,100.87452180302321
2013-04-02 00:00:00,61.04015584517616,62.275566479776025,102.17278208459183
2013-04-02 01:00:00,61.04015650229936,65.069068258303,104.19673887390519
2013-04-02 02:00:00,68.44533141113746,65.06906947107382,106.53148149491882
2013-04-02 03:00:00,75.38298593210104,65.0690950994609,106.96454962878529
2013-04-02 04:00:00,75.38299133733601,65.0690984283615,107.03637743384297
2013-04-02 05:00:00,75.38299147433023,65.06910018718182,107.09882255269035
2013-04-02 06:00:00,61.89570072721335,56.80246171444946,87.03066674840773
2013-04-02 07:00:00,61.04015555821634,50.096967594443505,69.65916866969515
2013-04-02 08:00:00,61.040075489132064,50.086475932541894,67.53322475994062
2013-04-02 09:00:00,50.65429037384415,41.05638466185978,66.8624244548439
2013-04-02 10:00:00,50.11545219996791,41.05638308743071,66.86230961948831
2013-04-02 11:00:00,50.115451956036786,38.71138393072786,67.34524614118163
2013-04-02 12:00:00,50.11545185456593,41.05636995655438,67.76758616121272
2013-04-02 13:00:00,50.115451847953715,41.056384792098456,67.84990202383037
2013-04-02 14:00:00,50.115451994741775,41.592434453072116,67.77527769728208
2013-04-02 15:00:00,50.11545348793298,47.340955474600605,68.45401301187997
2013-04-02 16:00:00,56.99749312141643,59.66115474231342,73.2045262019795
2013-04-02 17:00:00,60.19808788179783,64.90256702579458,76.70099561921234
2013-04-02 18:00:00,61.04015513278252,65.06906678968683,76.55741852710145
2013-04-02 19:00:00,61.04015158547059,64.92313630235597,76.49678722855909
2013-04-02 20:00:00,58.97307742397878,64.86856904853822,76.70520578807174
2013-04-02 21:00:00,58.97307667251842,64.85776294321265,76.96312562053022
2013-04-02 22:00:00,58.44761144826566,64.32042955337508,76.77170866907822
2013-04-02 23:00:00,59.098034623704784,64.92313377645397,77.2101023137647
2013-04-03 00:00:00,60.20987160753533,65.0690678988401,77.79975803442517
2013-04-03 01:00:00,61.04015522192198,65.06905259814619,78.20973110480035
2013-04-03 02:00:00,61.04015530551,64.91223044606232,82.33282055153002
2013-04-03 03:00:00,61.04015535076848,64.77802381019738,83.00369355171739
2013-04-03 04:00:00,61.04015535813996,65.06906926957436,83.11165756895271
2013-04-03 05:00:00,61.04015532671484,65.06906925595617,81.91258392155717
2013-04-03 06:00:00,47.189675737020174,55.44530896167327,70.01023767823798
2013-04-03 07:00:00,47.1896753277149,52.304283021893234,67.8735147501106
2013-04-03 08:00:00,38.203574396580564,40.79608557224846,66.22797938237679
2013-04-03 09:00:00,38.203434469705535,28.94892997909791,65.19467196110948
2013-04-03 10:00:00,38.20357024336778,23.85875722194789,64.79428381453592
2013-04-03 11:00:00,8.97177694261265,13.852718519608118,64.37282515851378
2013-04-03 12:00:00,4.230534682402817,10.97522286669049,62.71205652139986
2013-04-03 13:00:00,4.53196305492424,11.086905915073338,62.604286267936
2013-04-03 14:00:00,8.97176274575806,13.364778567808415,62.81711620723878
2013-04-03 15:00:00,8.971777337939638,12.967959427546223,63.1550092755247
2013-04-03 16:00:00,39.27998765731571,41.54466211808054,67.3639147878401
2013-04-03 17:00:00,56.77745946314846,59.498313619890816,71.53339076947867
2013-04-03 18:00:00,58.07077639063003,63.06433971381964,71.61730741183072
2013-04-03 19:00:00,58.37701788101686,63.13369955257288,71.5490253317713
2013-04-03 20:00:00,57.88220172848872,63.133698790249085,71.54367598919542
2013-04-03 21:00:00,55.798233048153506,59.86615396918961,71.1850430714875
2013-04-03 22:00:00,55.53927381066818,59.19383460610296,71.1670618502544
2013-04-03 23:00:00,55.72337223317291,59.6717791332766,71.17984503343911
2013-04-04 00:00:00,55.72337503629894,59.67177986427843,71.17984563556956
2013-04-04 01:00:00,55.77624478054582,59.671780175894966,71.19636217078187
2013-04-04 02:00:00,56.8088827400435,59.67178033077773,71.51895166481977
2013-04-04 03:00:00,57.57186237389732,60.363988601823046,71.69624915119836
2013-04-04 04:00:00,58.37701777067465,61.17159332690578,71.8722081775016
2013-04-04 05:00:00,58.377018583564336,61.39687068215113,71.85112900077243
2013-04-04 06:00:00,47.817020253671316,47.48297881265493,68.45321700254505
2013-04-04 07:00:00,47.17297608558141,35.51556201459258,64.73607972755627
2013-04-04 08:00:00,8.971782300242339,27.764094585857144,63.30336044767547
2013-04-04 09:00:00,0.037386604086000495,21.1708635927845,60.74503638260537
2013-04-04 10:00:00,8.97177377556058,24.233836973184207,60.33050566520442
2013-04-04 11:00:00,8.971772543771666,2.6582827850875246,59.49525111059571
2013-04-04 12:00:00,8.971812594401918,18.91515350543767,58.65727251340691
2013-04-04 13:00:00,40.708830666366346,29.24544179174661,58.755649472036104
2013-04-04 14:00:00,47.926550467933204,29.24544512324536,60.257151974432524
2013-04-04 15:00:00,57.01795775218275,31.842661267097068,65.01672486428515
2013-04-04 16:00:00,53.38928762163377,55.00882117391063,83.0961007803642
2013-04-04 17:00:00,58.97307976261663,60.904742552437135,87.42725693907485
2013-04-04 18:00:00,59.79801961292369,60.90471928370483,87.2982810296946
2013-04-04 19:00:00,58.97307997829991,60.5816225224599,86.9271169614847
2013-04-04 20:00:00,58.89751195226165,60.90476118132677,86.7222758350744
2013-04-04 21:00:00,58.89751222045649,60.57813931404311,86.9133510316239
2013-04-04 22:00:00,58.897512089201314,60.544189295411755,86.92189083352808
2013-04-04 23:00:00,58.89752377643241,60.68669674570127,87.28748002014778
2013-04-05 00:00:00,58.973082306032005,61.37247112409441,88.3619005015176
2013-04-05 01:00:00,61.040143952814695,61.82761897500022,92.25284531987776
2013-04-05 02:00:00,60.19808580972884,62.058819464597676,103.63496580654954
2013-04-05 03:00:00,61.04015498719285,62.515328123907246,105.2213264137968
2013-04-05 04:00:00,61.04015519870935,63.014625578919066,107.29233443760478
2013-04-05 05:00:00,61.04015522538264,63.37141520375398,107.38474864978495
2013-04-05 06:00:00,61.04015524554689,63.615813689392354,100.69997840097368
2013-04-05 07:00:00,61.040155166065475,60.342331053396066,98.09857999538242
2013-04-05 08:00:00,61.0401537613612,57.20753600712937,97.20476118545933
2013-04-05 09:00:00,61.040153230868974,57.20015464337433,97.48526978695065
2013-04-05 10:00:00,61.040154820288436,57.273972492450525,97.05678979862006
2013-04-05 11:00:00,61.04015466752472,57.23922698621469,99.4916496013629
2013-04-05 12:00:00,61.040154755967315,57.21724537434381,97.67967197105851
2013-04-05 13:00:00,61.04015505067423,57.338244113404436,97.69882540507156
2013-04-05 14:00:00,61.04015521404298,56.82455763567814,92.10067841572096
2013-04-05 15:00:00,61.04015524356051,56.82830978444165,91.14572229701662
2013-04-05 16:00:00,61.04015527306293,61.982743260054676,97.92851191276395
2013-04-05 17:00:00,61.0401553395835,69.28247571643615,112.22905975007785
2013-04-05 18:00:00,61.04015541668714,71.11343017500415,114.56247918917337
2013-04-05 19:00:00,61.040155505185425,71.1134318789058,114.13216599727613
2013-04-05 20:00:00,61.040156062210976,71.11343863738622,114.13174239259548
2013-04-05 21:00:00,61.04015803643702,71.11344396199338,114.12184647992922
2013-04-05 22:00:00,61.04015864900986,71.113431237953,112.7706510073111
2013-04-05 23:00:00,61.04016063342336,71.11343122798172,112.77065215699054
2013-04-06 00:00:00,61.04017388683887,71.1134363948491,112.69509166300304
2013-04-06 01:00:00,62.494468968616374,71.11343250351861,113.17332569654195
2013-04-06 02:00:00,76.9702436399483,72.0253869495621,114.52694465297247
2013-04-06 03:00:00,85.29532401680792,80.25642886077156,115.57180643167632
2013-04-06 04:00:00,86.48822018861742,82.58480245271575,118.38314731014627
2013-04-06 05:00:00,86.48822040321224,83.83832613610802,120.40758245864107
2013-04-06 06:00:00,86.48822015772653,79.74122241904065,115.08579160396998
2013-04-06 07:00:00,86.48821938792057,75.38759794810285,113.11261268949194
2013-04-06 08:00:00,70.03539313510578,69.23090812919565,112.15896865602164
2013-04-06 09:00:00,70.03539269033351,69.23091420789109,112.15896439570062
2013-04-06 10:00:00,70.03539267773215,69.23091278774274,112.15896384430832
2013-04-06 11:00:00,70.0353926921196,69.2309045403978,112.15896363150777
2013-04-06 12:00:00,70.03539287786533,69.23088546894604,112.15896360233165
2013-04-06 13:00:00,70.03539398108485,69.23077308348394,112.15896502772334
2013-04-06 14:00:00,71.01505192971044,69.66512325609119,112.36612748383084
2013-04-06 15:00:00,74.86195073077384,71.11343536568963,112.71151251367641
2013-04-06 16:00:00,88.94096067425366,75.3631513734428,115.5940261641279
2013-04-06 17:00:00,135.76877663461215,144.57087234150504,148.35946515233195
2013-04-06 18:00:00,150.07366581653775,155.38248179229134,149.00220187330643
2013-04-06 19:00:00,150.0736660798423,155.38248191858477,149.00220114495758
2013-04-06 20:00:00,150.07366622330764,155.3824820001914,148.98386431549505
2013-04-06 21:00:00,150.07366671310317,155.38248167396145,148.84210505412742
2013-04-06 22:00:00,150.07366623022324,155.3824812157411,148.8413116216857
2013-04-06 23:00:00,150.07366269100444,155.38247171015664,147.83994115142949
2013-04-07 00:00:00,150.07365457492685,155.3824653103036,147.6764215840748
2013-04-07 01:00:00,150.07362603879943,155.38243783005603,147.87838879507186
2013-04-07 02:00:00,142.0362996043473,147.20156042078594,144.4458507575897
2013-04-07 03:00:00,142.12414913829437,147.29094151548924,143.35953352183324
2013-04-07 04:00:00,141.46543949174946,146.6204644078474,141.89894472484036
2013-04-07 05:00:00,140.56598315712213,145.7049418343577,140.73607712199458
2013-04-07 06:00:00,75.38298826051879,78.73582894562637,80.23693748742035
2013-04-07 07:00:00,61.04015601540251,61.26851843844861,68.79077308793869
2013-04-07 08:00:00,61.04015521852752,61.26840934568685,68.37222179458901
2013-04-07 09:00:00,61.04015508128216,61.26840870703875,68.37221980349715
2013-04-07 10:00:00,61.040155045416675,61.268408569005395,68.37221973081918
2013-04-07 11:00:00,61.040154968927126,61.26840848360606,68.37221935229316
2013-04-07 12:00:00,61.04015503329746,61.26840846211398,68.53697819022209
2013-04-07 13:00:00,61.04015511651339,61.26840870178006,68.85780905034959
2013-04-07 14:00:00,61.040155200708426,61.2684093575673,68.85883473629212
2013-04-07 15:00:00,61.04015690532588,61.268412737053474,69.20885447701592
2013-04-07 16:00:00,70.61623793374324,68.11715307216576,76.83291830542413
2013-04-07 17:00:00,96.10169720642183,96.29559631468813,99.24482829467672
2013-04-07 18:00:00,96.25291485057349,96.29559856679872,99.24483386182055
2013-04-07 19:00:00,96.2529147616629,96.29559696112278,99.32556055637804
2013-04-07 20:00:00,96.2529139720071,96.29558127115506,99.1931054433248
2013-04-07 21:00:00,94.57730954001573,95.51736567917897,99.08514250575972
2013-04-07 22:00:00,82.13220434231367,79.69509323329551,98.6631037596819
2013-04-07 23:00:00,81.6309167256247,78.47728564896617,98.59750986323131
2013-04-08 00:00:00,82.10541442987973,79.63491734845816,98.66748079785556
2013-04-08 01:00:00,82.15127192859562,79.7588298274095,98.68377137378022
2013-04-08 02:00:00,82.15132564884804,79.75896606637656,98.68378779284927
2013-04-08 03:00:00,82.15131945802489,79.75893219631557,98.68379268563905
2013-04-08 04:00:00,82.15132806627133,79.75900618144516,98.68378779870483
2013-04-08 05:00:00,82.15134527719067,79.7590756231421,98.68378123969237
2013-04-08 06:00:00,61.02376295681566,63.89405189421834,72.3091907070837
2013-04-08 07:00:00,61.02376129814522,52.232022342547175,65.85557973578405
2013-04-08 08:00:00,54.06266838988392,52.2320195426557,61.502757547337616
2013-04-08 09:00:00,49.4091821642612,51.90193397042441,61.437490647362495
2013-04-08 10:00:00,49.409182001742415,52.23202008716074,61.40072866438182
2013-04-08 11:00:00,49.40918191305838,52.23202154950305,61.40072867559983
2013-04-08 12:00:00,49.40918188518868,52.23202420570221,61.400712692519825
2013-04-08 13:00:00,49.409182161472984,52.232023171229116,61.40072919180557
2013-04-08 14:00:00,50.03784533504857,52.80132114901282,62.20567538828824
2013-04-08 15:00:00,54.865896226360896,59.03229926204576,65.07353648321221
2013-04-08 16:00:00,59.35172029932894,60.936464395110626,68.45553603791316
2013-04-08 17:00:00,61.023760339831156,62.55740285923207,69.47674236013368
2013-04-08 18:00:00,61.02376059915762,62.55741262445408,69.21973110558856
2013-04-08 19:00:00,60.54925465063506,62.3007531561312,68.81085154718788
2013-04-08 20:00:00,58.973076869142105,62.30075125338389,68.44839779375418
2013-04-08 21:00:00,55.477478440579596,62.00129939003529,68.1194548828989
2013-04-08 22:00:00,55.85734061074426,62.14373435357458,67.60978515569961
2013-04-08 23:00:00,57.43151584664807,62.143737213659705,67.60226929354836
2013-04-09 00:00:00,57.776430009025916,62.141141999770596,67.91164908117447
2013-04-09 01:00:00,57.88700842851768,62.197602190783144,67.94319117276976
2013-04-09 02:00:00,59.56816589939023,62.19776419694389,67.89207230992487
2013-04-09 03:00:00,59.903492217696474,62.30075549623494,68.0080508595267
2013-04-09 04:00:00,60.37321353988245,62.47352930904255,68.02708197970306
2013-04-09 05:00:00,60.897264341183636,62.43314312223225,68.00324926083131
2013-04-09 06:00:00,48.20560376784448,49.966007181216845,54.27009000087194
2013-04-09 07:00:00,41.12270931983911,45.61033936008937,51.189926922061055
2013-04-09 08:00:00,40.01032777484288,43.03022348263981,46.046977838929614
2013-04-09 09:00:00,40.01032727652589,42.95230719550573,45.99134311965859
2013-04-09 10:00:00,40.01032751772113,42.86857573223842,45.93733037944535
2013-04-09 11:00:00,40.010327795890085,43.0302224702048,45.993530805034986
2013-04-09 12:00:00,40.010327963320925,41.91570283886465,42.590816925892085
2013-04-09 13:00:00,42.88807502329797,44.74254406290774,46.5238965375293
2013-04-09 14:00:00,48.33264085200501,50.91768365187626,51.54672001150656
2013-04-09 15:00:00,55.60832517066222,59.22950294249313,58.60055280094155
2013-04-09 16:00:00,60.770353067885694,64.48375093468603,65.1042952295384
2013-04-09 17:00:00,61.02376062535548,64.74168627659378,65.599189906757
2013-04-09 18:00:00,61.0237606925185,64.78864291852295,65.24031505998313
2013-04-09 19:00:00,61.02376062484952,64.77506687947559,65.12511904000591
2013-04-09 20:00:00,61.023760664996765,64.7705497443692,65.1126640875407
2013-04-09 21:00:00,61.02376066719909,64.76949973173086,65.11211824292151
2013-04-09 22:00:00,61.02376065096004,64.74170163117071,65.13315747926224
2013-04-09 23:00:00,61.02376072246471,64.74169447802717,65.13316196620471
2013-04-10 00:00:00,61.023760769554755,64.74223536839722,65.13510224532185
2013-04-10 01:00:00,61.02376078587801,64.74168673129604,65.13464096981355
2013-04-10 02:00:00,61.02376081045706,64.48376345611715,65.25572074994348
2013-04-10 03:00:00,61.02376084244642,64.4837577105713,66.0372933034702
2013-04-10 04:00:00,61.023760855995185,64.48375833551839,66.39111369098205
2013-04-10 05:00:00,61.023760872072764,64.48375729536153,66.74701866295548
2013-04-10 06:00:00,61.02376080240929,64.74168413787667,65.30900735781387
2013-04-10 07:00:00,61.023760797779815,64.14418882202646,63.17250759003516
2013-04-10 08:00:00,61.02376080785446,64.48363091471509,63.15924869936298
2013-04-10 09:00:00,61.02376082415537,64.48364745962957,63.15925147353867
2013-04-10 10:00:00,61.02376082896132,64.48364742068978,63.15932788565597
2013-04-10 11:00:00,61.02376083331691,64.48364859952667,63.15932785129475
2013-04-10 12:00:00,61.023760831316174,64.48364997972882,63.15925045560209
2013-04-10 13:00:00,61.02376083397282,64.48375460567169,63.15928939967678
2013-04-10 14:00:00,61.02376084410346,64.48374100331672,63.16330200299452
2013-04-10 15:00:00,61.02376090813449,64.48375593227259,63.67243888967357
2013-04-10 16:00:00,62.23706483610927,65.07355852089354,66.03952550629727
2013-04-10 17:00:00,67.77691178401777,68.1964564530773,70.70822417376098
2013-04-10 18:00:00,68.9075774391149,68.78841267084904,70.84990402114148
2013-04-10 19:00:00,68.8042771713044,68.19646820825646,70.02260709018663
2013-04-10 20:00:00,68.0093398681716,67.79908940937234,69.91095683700861
2013-04-10 21:00:00,67.05690694384407,67.07237836015469,69.41370759363079
2013-04-10 22:00:00,65.21361159708835,65.93682413477813,68.97293260435367
2013-04-10 23:00:00,63.580683330643645,65.06906988760761,68.85511254204846
2013-04-11 00:00:00,63.13406654880505,64.63038490405798,68.82726777437212
2013-04-11 01:00:00,61.525480758500855,64.48375776278084,68.61533730906142
2013-04-11 02:00:00,61.52547998700907,64.48375693382084,68.69730936363881
2013-04-11 03:00:00,61.525478730989875,64.4837524204067,68.71653770289345
2013-04-11 04:00:00,61.02376681812267,64.3066176186795,68.55084876069968
2013-04-11 05:00:00,61.023762349162716,64.29126853534432,67.75148161591297
2013-04-11 06:00:00,61.02376080501359,62.04136415491503,65.77065992535447
2013-04-11 07:00:00,61.02376078910532,61.26840983956802,65.07682793609857
2013-04-11 08:00:00,61.023760804597885,61.26840980914936,64.98421187780045
2013-04-11 09:00:00,61.02376081661188,61.26840977683027,64.98420055973561
2013-04-11 10:00:00,61.023760851707436,61.26840978775245,64.98419946705633
2013-04-11 11:00:00,61.02376086083803,61.268409668959976,64.98419848818902
2013-04-11 12:00:00,61.02376080492605,61.268409323782485,64.98362630497412
2013-04-11 13:00:00,61.0237608138686,61.26840984450197,64.98420171446345
2013-04-11 14:00:00,61.02376087452656,61.26847200369331,64.99363182455409
2013-04-11 15:00:00,61.02376107461106,62.04136651976769,65.54274649994501
2013-04-11 16:00:00,61.52547860116751,63.10893487036124,66.55503429710933
2013-04-11 17:00:00,63.327340981296274,65.90132464460135,68.55634076591394
2013-04-11 18:00:00,65.50232375041645,68.07470562453646,69.05613253828774
2013-04-11 19:00:00,65.19157019011871,67.38950819803915,69.03938325642248
2013-04-11 20:00:00,65.42507907466751,68.19647401987667,69.02289944827723
2013-04-11 21:00:00,66.50663527331746,68.19648629035635,69.10596337058963
2013-04-11 22:00:00,66.59364259716257,68.19646247413645,69.15484825483617
2013-04-11 23:00:00,66.85255129049533,67.05324238064526,69.30382712163956
2013-04-12 00:00:00,67.05608853962245,67.0532629345443,69.39927640120065
2013-04-12 01:00:00,67.16986509646611,67.05324654048258,69.39738233505601
2013-04-12 02:00:00,67.16973544830206,67.05314785002558,69.39738875373854
2013-04-12 03:00:00,67.16973897028187,67.05315092788683,69.39739127442539
2013-04-12 04:00:00,67.07249769427985,67.00533476539299,69.38755369361175
2013-04-12 05:00:00,66.81237990278467,66.83595358749578,69.38923971822106
2013-04-12 06:00:00,61.52548155236246,61.44761481583914,64.28865157027566
2013-04-12 07:00:00,61.023760406368076,61.26840864085358,62.659603448269706
2013-04-12 08:00:00,60.33420528487082,61.26840738173909,62.205080765203355
2013-04-12 09:00:00,59.95307168591112,61.268407206188066,62.19410935504184
2013-04-12 10:00:00,59.95307051924269,61.26840666395666,62.1941092416693
2013-04-12 11:00:00,58.60356114388525,61.268407112961754,62.19410790188421
2013-04-12 12:00:00,59.7052591430491,61.26840691521591,62.19343487417734
2013-04-12 13:00:00,59.95263505534102,61.26840564503707,62.194109290970594
2013-04-12 14:00:00,59.95306884832335,61.26840574128231,62.26355856802653
2013-04-12 15:00:00,59.95306927618634,61.26840768599831,62.5824563055322
2013-04-12 16:00:00,59.95306924480885,61.26840905769151,64.12431580852528
2013-04-12 17:00:00,59.95306909758737,61.268410317996654,65.44975487659408
2013-04-12 18:00:00,59.95306865000195,61.26840980657042,65.34534831950252
2013-04-12 19:00:00,59.95306561343632,61.26841067483821,64.45610901357954
2013-04-12 20:00:00,59.41909151785158,61.26841145899332,64.2956471745105
2013-04-12 21:00:00,58.59071644927073,61.26841107793725,63.61238716210776
2013-04-12 22:00:00,58.590713925357335,61.26841110439649,63.581347491483555
2013-04-12 23:00:00,58.59071351349,61.268417319539424,63.58133674352075
2013-04-13 00:00:00,58.59071339459661,61.26841250632541,63.48490914742179
2013-04-13 01:00:00,58.59071328000501,61.26841069694178,63.48482795305767
2013-04-13 02:00:00,58.590713206543086,61.268411522323866,63.48482398695648
2013-04-13 03:00:00,58.590713166473144,61.26841368386961,63.48482227768926
2013-04-13 04:00:00,58.59071314082175,61.268416554102764,63.4848189039623
2013-04-13 05:00:00,58.59071328217538,61.395240730900994,63.41283418003999
2013-04-13 06:00:00,22.760177621671406,11.000276640030627,22.96748504485781
2013-04-13 07:00:00,22.76017717816139,10.48595351685239,20.69625762729435
2013-04-13 08:00:00,22.7601771685327,9.738261540427846,20.58487742856056
2013-04-13 09:00:00,22.760177498962012,9.738260979814605,20.736680073821333
2013-04-13 10:00:00,22.760177219990226,8.37583900165713,21.139735017488555
2013-04-13 11:00:00,18.4156810964752,8.375837367519118,21.139735094396762
2013-04-13 12:00:00,18.41567779582998,3.18172765292017,21.13973526754581
2013-04-13 13:00:00,18.41567758256148,2.6580339371605484,21.139735582728328
2013-04-13 14:00:00,18.41567751930431,2.6580267851637025,21.274247275491334
2013-04-13 15:00:00,18.41567755741145,2.658026112351502,22.06387604495893
2013-04-13 16:00:00,22.76017675127412,8.971464266466729,29.222734276315187
2013-04-13 17:00:00,22.760177015897867,8.971472691775595,32.84819790649069
2013-04-13 18:00:00,22.760176824671554,8.975793782743965,32.84822433214882
2013-04-13 19:00:00,22.760175117603513,9.001769890421658,33.12334671928236
2013-04-13 20:00:00,18.415717006697438,9.061976775438737,33.00733477388276
2013-04-13 21:00:00,13.22886992675933,8.971476761569178,32.715831679229424
2013-04-13 22:00:00,11.345593343754048,10.485955373278564,31.538740335697376
2013-04-13 23:00:00,11.230481578938683,10.103269108205115,30.728939503507704
2013-04-14 00:00:00,11.225225687134335,10.085708875904624,30.71741632973591
2013-04-14 01:00:00,11.345258881454502,10.48591564690678,30.719924007532356
2013-04-14 02:00:00,13.228866879775817,10.485940753298674,30.71707104073073
2013-04-14 03:00:00,13.228868810738827,10.485953989667912,30.70552275595343
2013-04-14 04:00:00,13.228868934193896,10.485957285467908,30.705478987851826
2013-04-14 05:00:00,13.228868016222544,10.485957901502069,30.657972756146506
2013-04-14 06:00:00,0.038808139876230455,2.6580248782845377,5.401781125311904
2013-04-14 07:00:00,0.025146499174738907,2.646730057860538,5.380388716499732
2013-04-14 08:00:00,0.025145529772563867,2.6452674765995803,5.376274741535785
2013-04-14 09:00:00,0.025145256159846877,2.6444610099962933,5.375945410639491
2013-04-14 10:00:00,0.02514499446345678,2.6444181655473322,5.375944706504779
2013-04-14 11:00:00,0.025144895969301508,2.6444175280758184,5.375940528511336
2013-04-14 12:00:00,0.025144780944104404,2.644417517025304,5.3757607244446275
2013-04-14 13:00:00,0.02514484873446053,2.6444179735785447,5.376131129385186
2013-04-14 14:00:00,0.02514502940400488,2.6444187891432005,5.376535585906641
2013-04-14 15:00:00,0.02514505322565418,2.6451236191032805,5.381230021809295
2013-04-14 16:00:00,0.025145681482778057,2.658024831421194,7.112520807266437
2013-04-14 17:00:00,0.051595720818925946,2.667210573959613,9.022020566006347
2013-04-14 18:00:00,0.037383886240026615,2.683233605963865,9.060432925241676
2013-04-14 19:00:00,0.025480181569617188,2.6583602244834053,9.043383796566227
2013-04-14 20:00:00,0.02514791753217996,2.65802508179593,8.706595856904304
2013-04-14 21:00:00,0.025145687394460253,2.658025013311823,8.749925215920234
2013-04-14 22:00:00,0.025145500568721703,2.6580250757680464,8.69861295992829
2013-04-14 23:00:00,0.025145525055113464,2.6580253461256445,8.698609739376646
2013-04-15 00:00:00,0.025147021877298347,2.658026868826574,8.698609995971399
2013-04-15 01:00:00,0.02515845466136752,2.6580352944335957,8.698611665244623
2013-04-15 02:00:00,0.03378772361663504,2.6672267228210798,8.700499635839144
2013-04-15 03:00:00,0.06319946666980189,2.6928925209912955,8.70589093770204
2013-04-15 04:00:00,0.06773158935345353,2.6929011349538627,8.719881638399645
2013-04-15 05:00:00,0.06773218081645421,2.692905932195122,8.76330359122749
2013-04-15 06:00:00,0.03479651850528104,2.6631358591423657,5.394387882495971
2013-04-15 07:00:00,0.03479582671785027,2.6631496047885137,5.377484925550934
2013-04-15 08:00:00,0.03479673494562155,2.6631502206490705,5.376825648379982
2013-04-15 09:00:00,0.03479658627863905,2.663150001231051,5.376825623103535
2013-04-15 10:00:00,0.034797153805352976,2.6631501146784915,5.376826132049397
2013-04-15 11:00:00,0.034797073464380844,2.663149418190301,5.376826279400226
2013-04-15 12:00:00,0.034797734480372836,2.6631446787309834,5.376834706326143
2013-04-15 13:00:00,0.03479808784296269,2.6580312823729906,5.3783621241265696
2013-04-15 14:00:00,0.15321761282905094,2.663154783720335,5.978120955065069
2013-04-15 15:00:00,8.484362497514837,11.374819438071071,16.854529153624277
2013-04-15 16:00:00,26.61324723124448,30.439535915542994,36.82170089067048
2013-04-15 17:00:00,38.2154361467073,40.152561291578294,46.32064288319043
2013-04-15 18:00:00,38.224888920032626,40.16183826971095,46.32109781325777
2013-04-15 19:00:00,38.224889751663376,40.16183688393923,46.32399030118189
2013-04-15 20:00:00,38.2248896706761,40.16183885009179,46.325154698590886
2013-04-15 21:00:00,38.22488927959527,40.16183903409549,46.32515207786474
2013-04-15 22:00:00,38.22488147457821,40.16183753486161,46.32562204840672
2013-04-15 23:00:00,38.21790218350926,40.161838854502264,46.32629980233076
2013-04-16 00:00:00,38.188990016485064,40.16183869135928,46.321712026492946
2013-04-16 01:00:00,36.2411573001936,40.16183717084469,46.32370076578248
2013-04-16 02:00:00,35.91171779410982,40.161818600297615,46.32386857360131
2013-04-16 03:00:00,34.58526350369958,38.005553427498945,46.10889275894168
2013-04-16 04:00:00,34.155749640932875,36.571488898482784,46.110282563978494
2013-04-16 05:00:00,30.94209823182247,33.008940910688416,45.91968243873341
2013-04-16 06:00:00,0.07090284806458415,2.6916748878738557,5.727198779351453
2013-04-16 07:00:00,0.037380575416848874,2.658027517920374,5.70906999209378
2013-04-16 08:00:00,0.03736829418074028,2.658025262372759,5.599263191723588
2013-04-16 09:00:00,0.03736107977871262,2.658024397270468,5.413308316159584
2013-04-16 10:00:00,0.037366198645519565,2.6580244268726005,5.413241761481918
2013-04-16 11:00:00,0.02514538342825568,2.6580148871376634,5.394341983804154
2013-04-16 12:00:00,0.02514517955468203,2.645892732850014,5.388341474876685
2013-04-16 13:00:00,0.025145162072254007,2.6580234071624114,5.388727088151181
2013-04-16 14:00:00,0.02514527236978,2.6580257585027742,5.394568643566177
2013-04-16 15:00:00,0.025145364326703397,2.6870642625667083,5.832224691203864
2013-04-16 16:00:00,3.49263228620338,14.362961054426087,18.285087496039267
2013-04-16 17:00:00,6.690369929960839,18.178390871805824,21.772687813396864
2013-04-16 18:00:00,8.954071088078619,19.688477220488696,22.607694674089807
2013-04-16 19:00:00,8.95408032492401,23.875077705559896,23.131988235883185
2013-04-16 20:00:00,8.954083154412423,26.930033059321975,22.83979596159128
2013-04-16 21:00:00,8.954088074744343,27.97748161074067,22.56061397635238
2013-04-16 22:00:00,8.971737128348703,27.977490358999972,22.44743409124466
2013-04-16 23:00:00,8.971785069429098,27.97748985152752,22.447433769716625
2013-04-17 00:00:00,12.03107102167719,27.97749056666872,22.44742873375975
2013-04-17 01:00:00,13.288622423519062,27.97749037694554,22.76018377399224
2013-04-17 02:00:00,20.59535657269025,27.9774896038286,24.47524990848585
2013-04-17 03:00:00,21.067994953122426,27.97748963914409,24.675159373568448
2013-04-17 04:00:00,21.068003110982506,27.977489518698857,24.710823321778136
2013-04-17 05:00:00,21.068003894206846,24.220333705456103,24.710824342253353
2013-04-17 06:00:00,1.1028914422254,3.7098492417390334,6.505546308787059
2013-04-17 07:00:00,1.1028879215081688,3.6263923281697696,6.484023828577502
2013-04-17 08:00:00,0.873358908431698,3.416632216975062,6.249388070981246
2013-04-17 09:00:00,0.8225036123217582,3.415217514526039,6.247667061024937
2013-04-17 10:00:00,0.820186158089071,3.415199787796306,6.247662544956296
2013-04-17 11:00:00,0.7322487072724957,3.3714059313048077,6.237507232371209
2013-04-17 12:00:00,0.6186423183682495,3.1375291083072367,6.209130944993457
2013-04-17 13:00:00,0.6189382074090971,3.138388797464743,6.196100981584747
2013-04-17 14:00:00,0.7336994541715848,3.3723982979191875,6.235333547461579
2013-04-17 15:00:00,0.8744577632118501,3.5275785179265795,6.490021823310485
2013-04-17 16:00:00,1.1028874245268137,3.690607023399777,10.010271679544159
2013-04-17 17:00:00,1.1028880200600746,3.7664239592432067,10.624961635699751
2013-04-17 18:00:00,1.1028880190171837,3.766423653588223,10.624963305445124
2013-04-17 19:00:00,1.1028879498281623,3.7664212623867703,10.62496305991122
2013-04-17 20:00:00,0.873302810041944,3.647138728856599,10.573452247039853
2013-04-17 21:00:00,0.036692980861788876,2.658154250636849,10.154384429018844
2013-04-17 22:00:00,0.025145418159857935,2.6580241132412956,9.816510158645261
2013-04-17 23:00:00,0.02514531457113252,2.6580239119111386,9.500621382815272
2013-04-18 00:00:00,0.02514528484633879,2.6580021218173995,9.500558885486988
2013-04-18 01:00:00,0.025145271093960867,2.6580031551410865,9.500556185915137
2013-04-18 02:00:00,0.025145294308530974,2.6580223621141124,9.500559187651355
2013-04-18 03:00:00,0.02514533633847423,2.6580240664707078,9.464553226740518
2013-04-18 04:00:00,0.02514535357890903,2.6580243338229876,9.458523032205434
2013-04-18 05:00:00,0.02514540440327476,2.6580245380829326,9.13373449569486
2013-04-18 06:00:00,0.025145036179535236,2.658024078704174,5.380049814928793
2013-04-18 07:00:00,0.025144999366254337,2.645123513018851,5.374995244140017
2013-04-18 08:00:00,0.024993279598595,2.645123191169597,5.374109765749766
2013-04-18 09:00:00,0.024993153861817562,2.6451230223860036,5.3741096008703595
2013-04-18 10:00:00,0.024993123784999807,2.645122787201839,5.374082074235393
2013-04-18 11:00:00,0.02499316047668973,2.6451227524405705,5.374082306217083
2013-04-18 12:00:00,0.024993269211808326,2.6451227716675816,5.3741098762758135
2013-04-18 13:00:00,0.024993519479474313,2.6451230739732,5.374521806770193
2013-04-18 14:00:00,0.025144472908479206,2.645123144320178,5.37525791437967
2013-04-18 15:00:00,0.025145034461556012,2.6451235182806894,5.383706928273584
2013-04-18 16:00:00,0.025145129795361244,2.64561694025932,8.853226466647449
2013-04-18 17:00:00,0.02514521597570462,2.6580245026025837,11.046938605071466
2013-04-18 18:00:00,0.025145245347245247,2.6580273347674104,11.315769030692156
2013-04-18 19:00:00,0.025145258696740887,2.65803031702598,11.318409023808623
2013-04-18 20:00:00,0.025145271879999,2.6580376031134416,11.318433511475646
2013-04-18 21:00:00,0.025145276829171944,6.174086033937497,12.042947032255709
2013-04-18 22:00:00,0.02514530940671993,6.174126614372613,12.144320797761853
2013-04-18 23:00:00,0.025145321419612145,5.277866762479549,11.97716266278427
2013-04-19 00:00:00,0.02514582436291602,5.2778701669866885,11.97744518466142
2013-04-19 01:00:00,0.02644568910431568,8.495982527814142,12.570715328200503
2013-04-19 02:00:00,0.03668970908095329,8.49606795720921,12.62769470955186
2013-04-19 03:00:00,3.540965658204359,11.307784493433473,13.214110478237526
2013-04-19 04:00:00,8.971716084325733,16.035509072109917,14.157168686398874
2013-04-19 05:00:00,9.838763654531485,20.961995661079815,14.158078055199805
2013-04-19 06:00:00,8.971792602299784,20.243801604942515,13.632272796083868
2013-04-19 07:00:00,8.971792417807132,17.45706094490218,12.781255234335248
2013-04-19 08:00:00,8.971805547290828,17.45706073291262,12.752488788308842
2013-04-19 09:00:00,11.595250329376624,17.45706026342387,12.624758366048031
2013-04-19 10:00:00,13.981786587924823,17.457071791194178,16.146059306393127
2013-04-19 11:00:00,13.981787553663091,17.457072521293345,16.15934128863045
2013-04-19 12:00:00,13.981787323466728,17.457072137927256,16.869317723315806
2013-04-19 13:00:00,13.981787992214267,17.4570713380791,17.359499971836968
2013-04-19 14:00:00,13.981788593572432,17.45706100932455,19.215327251869326
2013-04-19 15:00:00,13.981790450007406,18.833252134038368,21.68681872886654
2013-04-19 16:00:00,31.396557517254887,36.626146011378616,38.288367453809265
2013-04-19 17:00:00,36.641789233837564,39.92413327090756,41.01938365059723
2013-04-19 18:00:00,40.2907403415235,46.35049930200073,42.420402002527794
2013-04-19 19:00:00,42.658812657556275,46.350499718364055,42.42579622081367
2013-04-19 20:00:00,43.696582330155586,46.350499834152615,43.119377727164355
2013-04-19 21:00:00,45.23411834234978,46.35049988710165,43.222568396465874
2013-04-19 22:00:00,45.261549157874526,46.35049982407758,43.2273973922671
2013-04-19 23:00:00,45.261560050598455,46.350499835084854,43.2249732264327
2013-04-20 00:00:00,45.26156058410358,46.350499661383765,43.570350928990685
2013-04-20 01:00:00,45.26156070496291,46.35049974228167,44.23941272388384
2013-04-20 02:00:00,45.261560715821155,46.35049961109643,44.89323389408999
2013-04-20 03:00:00,45.26156074350007,46.35049944592313,46.67192393540156
2013-04-20 04:00:00,45.26156076188015,46.3504992374073,46.91146512271987
2013-04-20 05:00:00,45.261560825965184,46.350498898843526,47.0688283075672
2013-04-20 06:00:00,45.26156070474488,40.25933606358284,45.67950207636322
2013-04-20 07:00:00,45.26153911850647,36.261051828018836,40.95887276546472
2013-04-20 08:00:00,38.540938803098484,31.27064398718116,38.772876163247844
2013-04-20 09:00:00,36.641798733088294,31.27064283011617,38.67488070441971
2013-04-20 10:00:00,36.64179885122747,31.270642791208072,38.67487188690675
2013-04-20 11:00:00,36.64179822195865,31.27064259818487,38.65982295045808
2013-04-20 12:00:00,36.641798298590246,31.270642627435333,38.674880022968374
2013-04-20 13:00:00,36.64179858701474,31.27064278526994,38.827047482034324
2013-04-20 14:00:00,36.64179966998423,31.27064343810024,39.74056084683769
2013-04-20 15:00:00,44.478751634539734,31.793769397560887,44.2811035072936
2013-04-20 16:00:00,45.261560677789035,44.07931667935615,49.47854356251813
2013-04-20 17:00:00,45.26156078551599,46.6113205160833,51.13799901501552
2013-04-20 18:00:00,45.51431829621807,48.955160530906724,51.13800262297322
2013-04-20 19:00:00,45.26156558019926,48.95515181121084,51.13800098827387
2013-04-20 20:00:00,45.26156106441976,48.955144611265965,51.13799569551177
2013-04-20 21:00:00,45.26156084451283,48.136670110736375,51.13795647362017
2013-04-20 22:00:00,45.261560765901,47.58019216299717,51.13625546745697
2013-04-20 23:00:00,45.261560841414564,48.13666222007987,51.13799846459565
2013-04-21 00:00:00,45.26156123704219,48.95516366642328,51.13799995009782
2013-04-21 01:00:00,45.26156184714133,48.95516694589785,51.1380012602563
2013-04-21 02:00:00,45.514260859090996,48.95516833494284,51.13800163125702
2013-04-21 03:00:00,45.514325616018624,48.95517532444138,51.138003125520264
2013-04-21 04:00:00,45.5143282690715,48.955176380822536,51.13800311701989
2013-04-21 05:00:00,45.514332569381835,48.95517667664183,51.00141502933217
2013-04-21 06:00:00,45.26156088304722,46.35049968987817,41.2488732451843
2013-04-21 07:00:00,45.26156073639443,41.772383370936275,38.16399592523952
2013-04-21 08:00:00,45.261560635326276,36.37515866424099,34.48327066784624
2013-04-21 09:00:00,45.26156048631849,36.37515794987296,34.227489112157215
2013-04-21 10:00:00,45.26156042922407,36.3751575440044,34.22748863899385
2013-04-21 11:00:00,45.26156049797348,36.37515746687,34.22748855419425
2013-04-21 12:00:00,45.2615606114331,36.37515757184854,34.22748870884154
2013-04-21 13:00:00,45.26156069941095,36.37515819344839,34.22749107927102
2013-04-21 14:00:00,45.26156073610936,36.37516230289058,35.41709333738778
2013-04-21 15:00:00,45.261560773397534,40.322413280560625,42.57413736483498
2013-04-21 16:00:00,45.261561153660615,48.50209382530092,49.96981277134014
2013-04-21 17:00:00,45.81433492598812,49.189782949841465,51.19885691054217
2013-04-21 18:00:00,46.60346952895789,49.18978378258917,51.19885899697913
2013-04-21 19:00:00,45.81430128530882,49.18978362822894,51.18861359596127
2013-04-21 20:00:00,45.74481639823962,49.189783100146315,51.19885546036329
2013-04-21 21:00:00,45.74480851394288,49.18977835504265,51.1988540245391
2013-04-21 22:00:00,45.261562913296906,48.95514991744171,51.15311911805906
2013-04-21 23:00:00,45.2615610719358,48.955146277656084,51.15317559319398
2013-04-22 00:00:00,45.261560915496254,48.95514543924043,51.29974081087935
2013-04-22 01:00:00,45.2615608596435,48.95514672987635,51.29974344262621
2013-04-22 02:00:00,45.2615609047579,48.95514904216785,51.299745797695785
2013-04-22 03:00:00,45.26156116470066,48.955155334848186,51.29975142257234
2013-04-22 04:00:00,45.46796959725618,49.06224391860459,51.32062675794076
2013-04-22 05:00:00,45.71381289310932,49.18978215752243,51.3454842617407
2013-04-22 06:00:00,16.479540691102823,18.546827452095318,23.401065401829484
2013-04-22 07:00:00,12.894106142412069,14.6590856185652,21.601705269369667
2013-04-22 08:00:00,12.894105381627766,14.659085026736097,20.82134584516156
2013-04-22 09:00:00,9.892913116358573,12.351697491588915,19.940610922464863
2013-04-22 10:00:00,8.97177648435358,12.351695836543264,19.872048010796497
2013-04-22 11:00:00,8.971774050120597,12.351696710856942,19.127349269747477
2013-04-22 12:00:00,8.97177391147609,12.35169676095192,19.127349577420325
2013-04-22 13:00:00,8.97177390134064,12.351697066867725,19.25376486071307
2013-04-22 14:00:00,8.971773878158219,12.35169747972672,19.43973220357134
2013-04-22 15:00:00,8.971773993200015,12.351698559470147,19.47590783289752
2013-04-22 16:00:00,9.04156126900597,13.426038633455065,21.135018770358833
2013-04-22 17:00:00,11.101036566384009,15.009279930133168,22.78216109640214
2013-04-22 18:00:00,11.101036024245602,16.817724348482685,22.78772703835184
2013-04-22 19:00:00,11.006238641990779,16.81772423544562,22.78772704795137
2013-04-22 20:00:00,8.971779759021095,16.817723761324913,22.787715629744547
2013-04-22 21:00:00,8.971774158822111,16.817724417247348,22.183423720819576
2013-04-22 22:00:00,8.971770688346561,15.751986221288362,20.66745718382569
2013-04-22 23:00:00,6.40726223916973,15.885049766770717,20.69306166780072
2013-04-23 00:00:00,0.036696279657870964,15.987231625181742,20.4298284081559
2013-04-23 01:00:00,0.0366923329947123,15.975944494914348,20.176309574148732
2013-04-23 02:00:00,0.03679677584322037,15.84447283550401,19.729507369308614
2013-04-23 03:00:00,7.083867933718568,15.844472395179704,18.833362749621738
2013-04-23 04:00:00,8.971769710706202,15.844475763859815,18.46426752197996
2013-04-23 05:00:00,8.971773737879285,15.844476409578682,18.61712396625129
2013-04-23 06:00:00,0.025145452771639234,10.685441652480964,5.426978632738137
2013-04-23 07:00:00,0.025148049768077562,2.679619077005932,5.407227667907992
2013-04-23 08:00:00,0.025145902948565366,2.6693739230061424,5.398823365479111
2013-04-23 09:00:00,0.030443777087384792,2.668388963588997,5.397903734651694
2013-04-23 10:00:00,0.04885448666235445,2.6695911453897847,5.399400369319886
2013-04-23 11:00:00,0.04610724970357951,2.6693742098781903,5.395881385553121
2013-04-23 12:00:00,0.0361853823945058,2.6693733650684233,5.393254715099892
2013-04-23 13:00:00,0.04365881090464759,2.669374029676942,5.398261599569404
2013-04-23 14:00:00,0.04121622251201079,2.6693750429506364,5.401025197650345
2013-04-23 15:00:00,0.06167053924987128,2.682286003975024,5.414830088733334
2013-04-23 16:00:00,14.394519795042102,16.75304622609808,19.22208894587633
2013-04-23 17:00:00,36.64180133935538,39.29044823798918,34.66685935114601
2013-04-23 18:00:00,43.29132185055435,45.94487372894977,39.1663205828764
2013-04-23 19:00:00,44.11315211811274,46.35049964020744,39.65302349353951
2013-04-23 20:00:00,45.2615448936378,46.35049976615216,40.107035369603175
2013-04-23 21:00:00,45.26155602811287,46.35049991964157,40.10704227299718
2013-04-23 22:00:00,45.261559605155476,46.35050035643817,40.10704935884397
2013-04-23 23:00:00,45.26156040974695,46.35050003066355,40.107047617099404
2013-04-24 00:00:00,45.26156040812724,46.35050012718077,40.107052868148706
2013-04-24 01:00:00,45.26156037230809,46.35049999551289,40.61402127098557
2013-04-24 02:00:00,45.26156062625763,46.350500120973145,40.852375910006906
2013-04-24 03:00:00,45.261560716482286,46.350500804646025,40.85237685197815
2013-04-24 04:00:00,45.26156074831252,46.35050079124913,40.85237733570133
2013-04-24 05:00:00,45.261560732258005,46.350498609163374,40.852377242462346
2013-04-24 06:00:00,0.06559392246455341,2.6959269708177436,5.404248797340666
2013-04-24 07:00:00,0.05581423549324913,2.6812394179805352,5.387996739530655
2013-04-24 08:00:00,0.025145024136496184,2.646855424299744,5.374011496031701
2013-04-24 09:00:00,0.025144674616785226,2.6468393709399,5.373446606437307
2013-04-24 10:00:00,0.025144600576294203,2.6468398396067383,5.373446546095198
2013-04-24 11:00:00,0.025144446758850064,2.6452084468909804,5.373406471929268
2013-04-24 12:00:00,0.02514451516623384,2.645597154744623,5.373405570092498
2013-04-24 13:00:00,0.025144806216514076,2.646839543540973,5.373405558741099
2013-04-24 14:00:00,0.025145090829542027,2.6468464051926928,5.373970923202344
2013-04-24 15:00:00,0.02514519037780851,2.658859886455772,5.378581502268276
2013-04-24 16:00:00,3.6523774398144253,44.20811656575269,20.635658259082163
2013-04-24 17:00:00,19.690909729416504,46.35050007117604,31.70487632935022
2013-04-24 18:00:00,28.885878089378963,47.57117204968785,38.547031248788244
2013-04-24 19:00:00,40.60898763795817,46.35050001464424,44.427471059626264
2013-04-24 20:00:00,45.261560734943714,46.88638796952448,47.606350421353305
2013-04-24 21:00:00,46.928017217933785,50.62495472296958,51.140328371519175
2013-04-24 22:00:00,49.008838809571564,54.00226883953528,51.6477290522339
2013-04-24 23:00:00,49.67194289736473,54.00227013984291,51.98870072379174
2013-04-25 00:00:00,50.15932615680339,54.002270489565376,52.42881066989957
2013-04-25 01:00:00,50.1593286328189,54.00227020359184,52.42882202739255
2013-04-25 02:00:00,50.15932874743826,54.00227000317639,52.4288256214981
2013-04-25 03:00:00,50.15932858659998,54.00226853600872,52.42882625095023
2013-04-25 04:00:00,50.159326006352806,54.00225966434307,52.42882651795921
2013-04-25 05:00:00,50.01560927090427,53.53688015149015,52.42882659515082
2013-04-25 06:00:00,44.47875352120657,45.18264735324941,31.84145797040062
2013-04-25 07:00:00,44.47874805625351,42.65021225614789,31.314939742246303
2013-04-25 08:00:00,41.82891355434255,38.10568107882879,29.25189778211096
2013-04-25 09:00:00,33.86135828011351,35.024511724031505,26.924293282967405
2013-04-25 10:00:00,33.861355559779355,35.02451150209894,26.924292065741867
2013-04-25 11:00:00,33.86135498619359,35.024511448886614,26.924291496067823
2013-04-25 12:00:00,33.86135469409627,35.02451152826727,26.92429273444258
2013-04-25 13:00:00,33.86135454599355,35.02451154653121,26.924293056354152
2013-04-25 14:00:00,33.86135471495823,35.02451222408692,27.02036026075679
2013-04-25 15:00:00,33.86135489574397,35.02451716787083,35.45322371886216
2013-04-25 16:00:00,41.816928787633955,44.36284794665353,48.16787884327451
2013-04-25 17:00:00,45.26156050022455,49.18974738660683,50.59831680496512
2013-04-25 18:00:00,45.261560765857176,49.18978327317558,50.59823479503744
2013-04-25 19:00:00,45.26156082225127,49.18976443216164,50.598218678287985
2013-04-25 20:00:00,45.26156088682455,49.18976332915783,50.5982100272792
2013-04-25 21:00:00,45.26156099230307,49.18976359710646,50.598196861185414
2013-04-25 22:00:00,45.26156090957107,49.189763499839,50.59819240005511
2013-04-25 23:00:00,45.261560951709654,49.18976571397644,50.59818981313213
2013-04-26 00:00:00,45.261561012415356,49.18977229343394,50.59818386281974
2013-04-26 01:00:00,45.261561006265765,49.189783107531504,50.59196068350775
2013-04-26 02:00:00,45.26156099140335,49.18978341363045,50.537695889339965
2013-04-26 03:00:00,45.26156125695692,49.18978328858004,50.537692438116395
2013-04-26 04:00:00,45.26156449384729,49.18978302117674,50.77246629392772
2013-04-26 05:00:00,46.21525200600133,49.18978282937674,50.89197931160637
2013-04-26 06:00:00,45.89087859172619,49.189749109399955,49.58369959398897
2013-04-26 07:00:00,45.89087713794378,49.18974302376184,47.45535026664182
2013-04-26 08:00:00,45.26158192160202,47.446856026679605,47.15253179261803
2013-04-26 09:00:00,45.2615610522925,47.074038617851016,47.15948658962517
2013-04-26 10:00:00,45.26156099670886,47.074038657076215,47.15948713563343
2013-04-26 11:00:00,45.26156097145388,47.07403835841549,47.15948712959692
2013-04-26 12:00:00,45.261560956670316,47.07403838651512,47.438355808972744
2013-04-26 13:00:00,45.26156095221046,47.074038794675,47.43851204672342
2013-04-26 14:00:00,45.2615609413603,47.07403915189317,49.498969220055976
2013-04-26 15:00:00,45.26156092109534,47.074038626031495,51.015501330369176
2013-04-26 16:00:00,45.26156092377401,47.07403880189557,51.717092278195175
2013-04-26 17:00:00,45.26156192167282,48.16777395631475,52.30135723402372
2013-04-26 18:00:00,46.18669783091794,49.18978257015196,52.533808999193504
2013-04-26 19:00:00,46.517117573649394,49.18980550258966,52.336203771431336
2013-04-26 20:00:00,46.51718233235898,49.18998870141485,52.31622343572791
2013-04-26 21:00:00,46.517125848332775,49.18979555731839,52.31624490125608
2013-04-26 22:00:00,46.517113355963346,49.1897843323911,52.316467364670046
2013-04-26 23:00:00,46.51710601682204,49.1897837310754,52.29771324506856
2013-04-27 00:00:00,46.51711186874616,49.18978367989087,52.29771804760596
2013-04-27 01:00:00,46.51711021908768,49.18978368096624,52.44537238931334
2013-04-27 02:00:00,46.51712008029008,49.18978367985046,52.445222102695844
2013-04-27 03:00:00,46.51712776693671,49.18978378930932,52.444763096360326
2013-04-27 04:00:00,46.51713678727181,49.189783710920445,52.445045947607404
2013-04-27 05:00:00,46.60346589223263,49.18978365683325,52.452452680404924
2013-04-27 06:00:00,45.514313173465524,48.95514488282859,51.57706898829878
2013-04-27 07:00:00,45.26156093243953,45.77863697574849,50.55155931154777
2013-04-27 08:00:00,45.261560905013546,40.32241087424554,50.397298540296916
2013-04-27 09:00:00,45.26156085586292,40.32241069948646,50.39729828176898
2013-04-27 10:00:00,45.26156084786091,43.950218496870974,50.397298424528316
2013-04-27 11:00:00,45.261560800969114,40.322410938229474,50.39729787010847
2013-04-27 12:00:00,45.26156060822737,40.32241080025232,50.39729786280858
2013-04-27 13:00:00,45.261560115612305,40.32241090849302,50.397297848175185
2013-04-27 14:00:00,45.26155991152518,40.322411053383085,50.45579176545135
2013-04-27 15:00:00,45.261559888777114,40.322411330644904,50.51248554294098
2013-04-27 16:00:00,45.26155996066382,40.322412353173874,50.74754288676143
2013-04-27 17:00:00,45.26156066619846,46.291542356031236,51.57260552010674
2013-04-27 18:00:00,45.26156090496213,48.66727644913734,51.65077915270237
2013-04-27 19:00:00,45.26156092574612,48.667277501639326,51.650776747675415
2013-04-27 20:00:00,45.26156093045219,48.60924239056416,51.62560190888911
2013-04-27 21:00:00,45.26156099333157,48.45305643161536,51.56722554486815
2013-04-27 22:00:00,45.26156483327536,48.45305324958864,51.567241902831405
2013-04-27 23:00:00,45.83740712758011,49.189783159176265,52.05064163428238
2013-04-28 00:00:00,45.87967048670326,49.189783955818456,52.139593318229586
2013-04-28 01:00:00,45.93350818627221,49.18978366406843,52.25289472645497
2013-04-28 02:00:00,46.09276252011516,49.189783753843315,52.395300044332714
2013-04-28 03:00:00,46.14962822647626,49.18978376249445,52.49149822409279
2013-04-28 04:00:00,46.0069253090746,49.18978358243166,52.43684313182793
2013-04-28 05:00:00,46.11230176542142,49.189783439137166,52.229315246647666
2013-04-28 06:00:00,19.418254851780162,22.325297097152042,27.699921741774965
2013-04-28 07:00:00,18.562155183641206,17.902302270426652,25.767245881245657
2013-04-28 08:00:00,15.984046489671533,17.902384370441112,23.722929128216194
2013-04-28 09:00:00,14.762022333818907,17.60266192374677,23.3171378397018
2013-04-28 10:00:00,14.762021937604896,17.60266168720259,23.24779814669577
2013-04-28 11:00:00,14.762021752323445,17.60266142312823,23.026533741327277
2013-04-28 12:00:00,14.762021668089965,17.60266151607799,23.026530864788526
2013-04-28 13:00:00,14.762021768611612,17.602661882331805,23.026531098700353
2013-04-28 14:00:00,14.76202192610619,17.602662693971943,23.07907247038711
2013-04-28 15:00:00,14.76206882644004,17.60266319885468,23.02297142647099
2013-04-28 16:00:00,16.70890692958357,18.607955478240928,24.685232097773635
2013-04-28 17:00:00,18.24949142461499,20.660712697342877,26.677436693787882
2013-04-28 18:00:00,18.249491919671094,21.141783853707512,26.751117099603604
2013-04-28 19:00:00,18.249491345816555,21.14176019719858,26.618700610150057
2013-04-28 20:00:00,18.24949117925933,21.04903262977754,26.53692928239562
2013-04-28 21:00:00,18.249489919367154,21.086276394397814,25.931153171886898
2013-04-28 22:00:00,17.360939432780416,19.994428127416366,24.864242292473016
2013-04-28 23:00:00,14.762022402936699,18.91362311678663,23.91107931293834
2013-04-29 00:00:00,14.762021855794098,18.60667644045654,23.741871423919882
2013-04-29 01:00:00,8.99248278353091,18.079605933547487,23.77943927767442
2013-04-29 02:00:00,6.2753896121486905,18.0014682916704,23.857969376800412
2013-04-29 03:00:00,5.8673433455274875,17.955030905317034,23.902902554438008
2013-04-29 04:00:00,0.03669644764403185,18.307227389526936,23.884557246400227
2013-04-29 05:00:00,0.03669020708025374,18.58659007823384,23.184409238100514
2013-04-29 06:00:00,0.025149148700054854,2.7163340033305867,12.964269953510065
2013-04-29 07:00:00,0.036126334314887786,2.658026342363896,12.090130399265682
2013-04-29 08:00:00,0.03618276624776361,2.6580248004974543,12.00839721923046
2013-04-29 09:00:00,0.036194288705086605,2.658024628104054,12.007630474097319
2013-04-29 10:00:00,0.042808848216396155,2.6580250596059884,11.99203024915505
2013-04-29 11:00:00,0.03620620696633915,2.658024598210703,11.993959815764576
2013-04-29 12:00:00,0.025145877282316206,2.658025424681829,11.178608748978178
2013-04-29 13:00:00,0.025145559801029862,2.6580294058840663,11.054187380097215
2013-04-29 14:00:00,0.03618067498587836,2.658025712392459,11.348863453618339
2013-04-29 15:00:00,0.03618233953012985,2.6580312286409247,11.821137559899078
2013-04-29 16:00:00,3.6199663731780505,6.398246442999281,14.429275872522249
2013-04-29 17:00:00,11.381627337259133,20.1314166503,24.197087425070492
2013-04-29 18:00:00,20.433762161934634,39.63765484149071,29.84337249298055
2013-04-29 19:00:00,20.026487590660544,40.69673933370886,29.90662379076432
2013-04-29 20:00:00,19.679824326139133,41.33184033281328,29.981087909653965
2013-04-29 21:00:00,19.49364411475925,41.770569594553166,29.979525852417076
2013-04-29 22:00:00,19.49364089954231,42.67564817465755,29.833786154223503
2013-04-29 23:00:00,19.493641599112312,42.86489204196563,29.83322168074286
2013-04-30 00:00:00,19.66626886705706,44.10171589798956,29.834963390628637
2013-04-30 01:00:00,19.93420646154722,44.17346342057262,29.843096759839568
2013-04-30 02:00:00,24.52633107677637,44.17346376141161,30.48328771274202
2013-04-30 03:00:00,30.87217572108169,44.173460626417544,32.59903712932142
2013-04-30 04:00:00,38.13856071827754,44.17346338730904,34.98261813901354
2013-04-30 05:00:00,38.138564201198854,44.173461301573454,35.367545971508456
2013-04-30 06:00:00,36.543891615226364,39.245239940303904,32.97168599544504
2013-04-30 07:00:00,30.989164150731398,32.52095393761487,30.31998632872505
2013-04-30 08:00:00,30.872173556116355,32.303885642453494,30.3050897909431
2013-04-30 09:00:00,30.872171661175408,32.26648474267639,30.305089934257126
2013-04-30 10:00:00,30.872171803610534,32.26648492040287,30.305090202424942
2013-04-30 11:00:00,30.872171663878593,32.26648468822908,30.305090287144488
2013-04-30 12:00:00,30.872171607109298,32.26648327330503,30.305091169623054
2013-04-30 13:00:00,30.872171648947667,32.266485027493815,30.806515979570534
2013-04-30 14:00:00,30.8721721433774,32.34911735429964,33.97933993353631
2013-04-30 15:00:00,37.8861043911774,41.16271031840613,43.16519468283459
2013-04-30 16:00:00,45.211507657433906,46.3505013454435,48.73718904286391
2013-04-30 17:00:00,45.26156100072459,49.189783489190255,51.1128212071409
2013-04-30 18:00:00,45.261561072629746,49.1897837484994,51.11282396963261
2013-04-30 19:00:00,45.26156106708038,49.18978353493783,51.112824657107815
2013-04-30 20:00:00,45.261561051752615,49.1897834997702,51.11282468365696
2013-04-30 21:00:00,45.26156108972609,49.18978351813369,51.11282463624423
2013-04-30 22:00:00,45.261561103926205,49.18978351742712,51.1128246637786
2013-04-30 23:00:00,45.26156113139522,49.18978352405773,51.112825074089095
2013-05-01 00:00:00,45.261561212797524,49.1897835776143,51.11282667041784
2013-05-01 01:00:00,45.261561310547144,49.18978367442281,51.11283152725218
2013-05-01 02:00:00,45.26156142651071,49.189783730335215,51.11283425466279
2013-05-01 03:00:00,45.26156354437042,49.18978369879152,51.112836319735656
2013-05-01 04:00:00,45.26156538603296,49.18978356615127,51.112837548678826
2013-05-01 05:00:00,45.26156268314818,49.04037929192346,51.14926694387214
2013-05-01 06:00:00,45.26156101808205,46.3343154251732,49.65798158835175
2013-05-01 07:00:00,45.26156068759675,42.66084260229975,46.27754885229766
2013-05-01 08:00:00,42.54741432366346,38.00863586802811,43.2531106518101
2013-05-01 09:00:00,42.54741300511872,38.00863530543287,42.85272832653814
2013-05-01 10:00:00,42.54741305504594,38.00863518340382,42.85272826403722
2013-05-01 11:00:00,42.54741446729839,38.00863499359454,42.852728213048394
2013-05-01 12:00:00,42.54741327280001,38.00863501443626,42.85272837376413
2013-05-01 13:00:00,42.54741348258008,38.00863543967538,42.852733942655426
2013-05-01 14:00:00,43.524575605640806,38.01998285530937,43.861107456787714
2013-05-01 15:00:00,45.261560881872995,46.178321149309284,48.17313637663386
2013-05-01 16:00:00,45.261561001570556,46.611301557090194,51.00785292095285
2013-05-01 17:00:00,45.2615611357504,48.11701745320743,52.54226371642053
2013-05-01 18:00:00,45.2615611034198,48.2630665556915,52.60153582714991
2013-05-01 19:00:00,45.2615610624939,47.37200446667613,52.182256092047574
2013-05-01 20:00:00,45.261561050120214,47.33061422989326,52.120330529466116
2013-05-01 21:00:00,45.261561082347654,47.61865609283589,52.11949858909392
2013-05-01 22:00:00,45.26156114135748,49.18976746127073,52.43654514729746
2013-05-01 23:00:00,45.26156120878008,49.18976792205188,52.479068718094446
2013-05-02 00:00:00,45.261561314478,49.18977931964937,52.498004279054946
2013-05-02 01:00:00,45.261561198233785,49.18978232426105,52.500956333462725
2013-05-02 02:00:00,45.26156116120958,49.189782729506206,52.51737303749455
2013-05-02 03:00:00,45.261561140605785,49.18978322485625,52.520172235834586
2013-05-02 04:00:00,45.261561141299275,49.18978350853318,52.58921013282207
2013-05-02 05:00:00,45.26156109914116,49.189783986741766,52.279973965849116
2013-05-02 06:00:00,45.261561040822706,48.9551392747324,51.01184242583934
2013-05-02 07:00:00,45.26155822051555,48.697872203211716,50.75256037657663
2013-05-02 08:00:00,43.52459497806264,46.3097020406477,49.84131364288775
2013-05-02 09:00:00,43.52459424379651,46.309693284799714,49.84131287994055
2013-05-02 10:00:00,43.69664330343647,46.35050082860412,50.513131792531006
2013-05-02 11:00:00,43.5245941939161,46.30969258374333,49.84131268742248
2013-05-02 12:00:00,43.52459422574742,46.30969258005235,49.84131277627017
2013-05-02 13:00:00,43.524594304021,46.30969270373396,49.84131296536048
2013-05-02 14:00:00,43.52459451991255,46.309690968608244,49.841313462448326
2013-05-02 15:00:00,43.52459497299028,46.3096934392081,50.13076052685841
2013-05-02 16:00:00,44.13290245568046,46.35049998091858,51.17323382193889
2013-05-02 17:00:00,44.47875012933383,46.52608895130566,51.464286489105895
2013-05-02 18:00:00,45.26156086950985,48.90527722305128,51.73129022657203
2013-05-02 19:00:00,45.26156086661506,48.700410149766746,51.57617065284316
2013-05-02 20:00:00,45.26156083157393,48.268024802118376,51.566627973802255
2013-05-02 21:00:00,45.26156096236448,48.26819087933732,51.56662551352729
2013-05-02 22:00:00,45.261561012355024,48.26801174397815,51.54811331116982
2013-05-02 23:00:00,45.2615610803547,48.26802976434007,51.548111424726734
2013-05-03 00:00:00,45.26156123222183,48.96758573779622,51.520524643861634
2013-05-03 01:00:00,45.46481260337562,48.9676521001483,51.52050647581042
2013-05-03 02:00:00,45.553190974969425,48.99473574890302,51.5102248195288
2013-05-03 03:00:00,45.73012112627254,49.17482614720935,51.55512952058866
2013-05-03 04:00:00,46.05246469461496,49.189784137563876,52.04967794473202
2013-05-03 05:00:00,46.03981384033821,49.18978436621448,51.980626564415175
2013-05-03 06:00:00,45.261561099885604,39.656147110195334,50.9595152922361
2013-05-03 07:00:00,45.26156098928611,30.81093365575163,49.87988860889197
2013-05-03 08:00:00,45.261560247809705,30.81093219724116,49.87376292001945
2013-05-03 09:00:00,44.985120045134884,30.810931673065507,49.87376273966303
2013-05-03 10:00:00,45.261560588709195,27.961822965315964,49.87376279651772
2013-05-03 11:00:00,45.26156041162035,27.961818341093185,49.87376287475251
2013-05-03 12:00:00,45.26156056990126,27.9618653580436,49.87376319627608
2013-05-03 13:00:00,45.21873713054262,30.810930502894966,49.87376353241332
2013-05-03 14:00:00,45.2184640378438,30.810932566788704,49.874118204351205
2013-05-03 15:00:00,45.26156090709919,30.81094851286774,50.24611606153964
2013-05-03 16:00:00,45.26156103323946,39.401638893937225,50.96694557064561
2013-05-03 17:00:00,45.261561124997634,47.021574318386804,51.910951828056504
2013-05-03 18:00:00,45.26156116922751,48.05406992168444,52.54791178661672
2013-05-03 19:00:00,45.26156110720141,48.01162493361098,52.50699455028262
2013-05-03 20:00:00,45.26156105997122,47.070577137986696,51.940469212227974
2013-05-03 21:00:00,45.261561020228676,47.021592817975275,51.91101317737479
2013-05-03 22:00:00,45.261560892572405,46.844176877807165,51.837808110579466
2013-05-03 23:00:00,45.23983545222466,46.49412845859398,51.59716446456019
2013-05-04 00:00:00,44.478746833971805,46.18482482165049,51.452181762323804
2013-05-04 01:00:00,43.917706261232105,45.75396373431658,51.272777901595056
2013-05-04 02:00:00,43.91770270322932,45.75395680326363,51.27277668975712
2013-05-04 03:00:00,43.917702378750505,45.753955465075265,51.27277590430372
2013-05-04 04:00:00,43.91770223388258,45.75395438923845,51.272772622275966
2013-05-04 05:00:00,43.91770117803479,45.466701015880666,50.80805498655077
2013-05-04 06:00:00,0.05581552327674641,2.7163264447956,7.2850724551074855
2013-05-04 07:00:00,0.04332423393217978,2.6580294235354853,7.1052695957219525
2013-05-04 08:00:00,0.025144845388016788,2.6580251113560607,6.993226300090181
2013-05-04 09:00:00,0.02514470951337247,2.658025001364849,6.993225260525076
2013-05-04 10:00:00,0.025144672874693772,2.6580251917548754,6.993225393365688
2013-05-04 11:00:00,0.025144710153579008,2.6580245872161994,6.993224791349086
2013-05-04 12:00:00,0.025144784284074018,2.6580245349054765,6.993220737186623
2013-05-04 13:00:00,0.02514493206361509,2.6580247331626397,6.993249175103445
2013-05-04 14:00:00,0.025145248342956356,2.6580257166219385,7.0261427378234345
2013-05-04 15:00:00,0.025145735418274768,2.65928643400878,7.415026345517833
2013-05-04 16:00:00,3.5607678595702077,8.970379937385465,17.533668811266963
2013-05-04 17:00:00,21.263991857192526,25.293852246855984,30.89235483785319
2013-05-04 18:00:00,32.18430746398348,38.49983120818076,41.35243427998862
2013-05-04 19:00:00,33.44476616345426,46.35048150218002,44.94762940024083
2013-05-04 20:00:00,36.25956474240779,46.35049948490003,46.49682875419054
2013-05-04 21:00:00,36.641802418523206,46.35050001551339,46.77929990709549
2013-05-04 22:00:00,43.53520124467201,46.94069405059246,48.912813845279466
2013-05-04 23:00:00,43.535235710878545,46.94072826168271,48.912859533184466
2013-05-05 00:00:00,43.696650287657846,46.940729493096235,48.91286026252718
2013-05-05 01:00:00,44.4787482092885,46.940730070603685,48.91286058330422
2013-05-05 02:00:00,45.2615603437087,46.940730483126934,48.91286080219984
2013-05-05 03:00:00,45.261560794371704,46.940730738129254,48.912860890064024
2013-05-05 04:00:00,45.26156091164844,46.940730916559126,48.91286093887818
2013-05-05 05:00:00,45.26156096286145,46.94073103823081,48.91286019569799
2013-05-05 06:00:00,11.828411054087256,13.699537108259754,15.63931357792609
2013-05-05 07:00:00,11.108207512083789,11.945663481452684,14.321659525219625
2013-05-05 08:00:00,8.977582759064205,11.028653459002257,13.616177623968188
2013-05-05 09:00:00,8.977582298133507,11.028651376586293,13.616177259250492
2013-05-05 10:00:00,8.977582381341634,11.028651260465033,13.616177401535358
2013-05-05 11:00:00,8.977582333247764,11.028651255182286,13.616177362495224
2013-05-05 12:00:00,8.977582383567242,11.028651374683072,13.616177570953804
2013-05-05 13:00:00,8.977582610438725,11.028651805573599,13.616178752699089
2013-05-05 14:00:00,9.29773585435955,11.3077828459924,14.259437166203954
2013-05-05 15:00:00,21.411982399980925,22.325971726481313,25.398078549296436
2013-05-05 16:00:00,45.26156086233157,46.0840147086616,48.22633826571888
2013-05-05 17:00:00,45.261561105269294,49.18909041721372,51.756387680177575
2013-05-05 18:00:00,45.26156271636709,49.196395676667464,52.780515237986556
2013-05-05 19:00:00,46.610085232576616,49.19639612342709,52.75057509947807
2013-05-05 20:00:00,46.61008479390155,49.19639464415256,52.744964336141116
2013-05-05 21:00:00,46.60347002676887,49.1897861429089,52.74487535493582
2013-05-05 22:00:00,45.26156123884746,49.18978426440584,52.744875428054435
2013-05-05 23:00:00,45.261561136835184,49.18978424776605,52.74496371010361
2013-05-06 00:00:00,45.261561071120376,49.18978425605467,52.74488304523296
2013-05-06 01:00:00,45.261561048680086,49.189784346792834,52.74486994785059
2013-05-06 02:00:00,45.26156105670681,49.18978612681568,52.74487807000149
2013-05-06 03:00:00,45.26156106650353,49.189990603819616,52.74488211309752
2013-05-06 04:00:00,45.26156110104045,49.32219977931821,52.85043658759646
2013-05-06 05:00:00,45.26156126436349,50.19054887596103,52.596735064836245
2013-05-06 06:00:00,45.26156095103072,46.877145945065855,48.81079740468049
2013-05-06 07:00:00,44.63210876347274,43.502606514012406,45.358781372135304
2013-05-06 08:00:00,44.632106722331855,42.516201924677574,44.87198819810397
2013-05-06 09:00:00,44.632106683833236,42.51619935387137,44.818138254897406
2013-05-06 10:00:00,44.632106874996246,42.51619919379009,44.83783354789694
2013-05-06 11:00:00,44.632107198192855,42.51619924040381,44.73512420315134
2013-05-06 12:00:00,44.6321653294939,42.51619956397824,44.73512465025154
2013-05-06 13:00:00,45.261560079416626,42.76446612873369,45.02632567699501
2013-05-06 14:00:00,45.26156093526737,46.350491513365924,48.08530366490536
2013-05-06 15:00:00,45.26156099596193,46.35050098697114,49.05491355427889
2013-05-06 16:00:00,45.51426006135972,48.95514466316462,50.91383398730771
2013-05-06 17:00:00,47.68259983565155,49.45225109922721,55.2497185392837
2013-05-06 18:00:00,52.34418806751072,55.9070532794408,57.44942055509946
2013-05-06 19:00:00,52.34418023549262,55.907045845926696,57.36925375453161
2013-05-06 20:00:00,52.34414084164756,55.90700831341788,57.132520534865364
2013-05-06 21:00:00,51.95327212433983,55.509155695753904,56.59821800642925
2013-05-06 22:00:00,48.82033528543418,50.96278963796989,54.41963948371608
2013-05-06 23:00:00,50.65904492323496,53.24236759236149,55.86211657508019
2013-05-07 00:00:00,52.34417700088776,55.907041958273716,57.13255739607438
2013-05-07 01:00:00,52.3441877002005,55.90705324646894,57.44870054539704
2013-05-07 02:00:00,52.34418875816965,55.90705448351192,57.44941694287596
2013-05-07 03:00:00,52.344188996423995,55.90705470497785,57.44941931482572
2013-05-07 04:00:00,52.34418717767332,55.90705394420519,57.449422496780244
2013-05-07 05:00:00,49.200932751529294,55.90600687213567,57.44763128210966
2013-05-07 06:00:00,45.261561032399804,49.26471053941398,51.4650542045947
2013-05-07 07:00:00,45.261560424868044,46.35050375786773,50.34435488479057
2013-05-07 08:00:00,41.648176768184335,45.01995047233998,48.12874990872597
2013-05-07 09:00:00,39.97861432158695,41.884551213003924,46.498391784705504
2013-05-07 10:00:00,39.97860220790455,41.8845504190435,46.248149789687695
2013-05-07 11:00:00,39.9786021576367,41.884549891068325,46.248149520670715
2013-05-07 12:00:00,39.97860224449825,41.88455004277798,46.24814940670636
2013-05-07 13:00:00,39.97860257108835,41.88455034824806,46.24814943428936
2013-05-07 14:00:00,39.978603376625685,41.88455077122473,46.248149596735296
2013-05-07 15:00:00,39.9786130401196,41.88455586395758,46.59180353537163
2013-05-07 16:00:00,42.05812146759988,45.43722642594392,47.738969479806705
2013-05-07 17:00:00,44.13832318585139,47.554591622923404,49.34804230807866
2013-05-07 18:00:00,44.478748249801484,47.90110112594861,50.13123098378136
2013-05-07 19:00:00,43.97260700950357,47.38591589903381,49.61502452680122
2013-05-07 20:00:00,43.87103629525576,47.282529979123886,49.51529004156086
2013-05-07 21:00:00,42.541702197814026,45.929446167757405,48.16246919604663
2013-05-07 22:00:00,40.30000666406364,42.7436836469474,46.51271292825248
2013-05-07 23:00:00,40.308218102877376,42.75043696711419,46.569852866444215
2013-05-08 00:00:00,40.30813810794101,42.75043458052467,46.56985946705422
2013-05-08 01:00:00,40.390119167576366,42.81859704462516,46.61008394528716
2013-05-08 02:00:00,41.72965785048214,44.14475284686369,47.9918927806032
2013-05-08 03:00:00,42.85734502160243,45.035256295527596,48.54935607955343
2013-05-08 04:00:00,43.47473203954606,45.31881894389028,49.48741292118742
2013-05-08 05:00:00,44.08903700625932,44.17310788601574,48.15066666716184
2013-05-08 06:00:00,9.361502142464238,11.389046734607888,13.349382273971987
2013-05-08 07:00:00,8.53846183975313,10.462918800170023,12.84340865278677
2013-05-08 08:00:00,8.098958494995193,9.638776481012558,12.021949888778163
2013-05-08 09:00:00,8.098958401919106,9.63877063175801,12.021949341618232
2013-05-08 10:00:00,8.09895837405092,9.638770860003426,12.021949319675457
2013-05-08 11:00:00,8.098958327057147,9.638770754239363,12.021949308727237
2013-05-08 12:00:00,8.098958238689434,9.638771287238521,12.021949596646497
2013-05-08 13:00:00,8.09895570210525,9.638772042534352,12.021950180455184
2013-05-08 14:00:00,8.098958484166934,10.383997131181005,12.833921362627638
2013-05-08 15:00:00,10.67306568523696,12.685491978901748,18.382552623770216
2013-05-08 16:00:00,16.31574770406773,17.325967804373704,28.476972547688582
2013-05-08 17:00:00,17.339552539734893,20.743035677169757,33.929812018432756
2013-05-08 18:00:00,17.339603461947206,20.743201197613438,33.964821588908215
2013-05-08 19:00:00,17.339603282329634,20.743201139268844,33.94132025884072
2013-05-08 20:00:00,17.339599670360634,20.74319248769736,33.55803409942094
2013-05-08 21:00:00,17.33955209051172,20.74303470963541,32.38010778489766
2013-05-08 22:00:00,17.14598110107742,20.605609907473713,33.13361359888897
2013-05-08 23:00:00,17.208016651656216,20.605620087020043,32.9887982223061
2013-05-09 00:00:00,16.41561352964881,19.777098270228024,32.470416218238896
2013-05-09 01:00:00,16.240459724972055,19.593961479823356,32.43280659418838
2013-05-09 02:00:00,14.663644375252048,18.640120192763565,32.12920516228363
2013-05-09 03:00:00,14.573686829602233,18.566959774166886,32.320866809733474
2013-05-09 04:00:00,14.495420242099414,18.48385276929113,32.06877917421555
2013-05-09 05:00:00,14.45370748508217,18.461454064235994,31.20698078956417
2013-05-09 06:00:00,4.35703604749211,6.699749460773695,20.008304837173966
2013-05-09 07:00:00,3.6540259353561266,5.693922418871015,19.290471395594345
2013-05-09 08:00:00,3.509134810337982,5.693906760177693,19.155902899302923
2013-05-09 09:00:00,3.5091338358882216,5.6938951596830005,19.155902266893072
2013-05-09 10:00:00,3.509133884886155,5.693906001451804,19.23632288809148
2013-05-09 11:00:00,3.5091338010835225,5.693905132089504,19.257616818148662
2013-05-09 12:00:00,3.5091337999852876,5.693900492561049,19.2583964850623
2013-05-09 13:00:00,3.5091338037458977,5.693908582809232,19.264908535089386
2013-05-09 14:00:00,3.5091339101711627,5.69396340528527,19.429818141921697
2013-05-09 15:00:00,3.5091362296640964,8.269835856427433,26.385098385467344
2013-05-09 16:00:00,3.661698101392594,9.669503547383524,35.14342319961951
2013-05-09 17:00:00,6.09498184337418,10.273283932606699,39.30821888896397
2013-05-09 18:00:00,6.094982409977588,11.465883670828376,40.492930257682225
2013-05-09 19:00:00,6.094982554786802,11.465892004316984,40.49293049979191
2013-05-09 20:00:00,6.09498247205371,11.46589339766609,40.4929305906987
2013-05-09 21:00:00,6.094982334837091,11.465893829811698,40.4929302289514
2013-05-09 22:00:00,6.0949820201163405,11.465848165579999,40.22114694473208
2013-05-09 23:00:00,4.916870745536217,10.356967951116982,40.035181750202675
2013-05-10 00:00:00,4.916869667944452,10.357480336868148,40.03430837313618
2013-05-10 01:00:00,4.916867616180053,10.423909347887541,39.75371828687735
2013-05-10 02:00:00,3.185449059357834,9.765221904788255,38.59785811685963
2013-05-10 03:00:00,0.22751242636294672,8.413665348158194,38.46219096339506
2013-05-10 04:00:00,0.03737855722368824,8.326020645620556,37.96491379521065
2013-05-10 05:00:00,0.025145959152024975,8.41374293671628,33.3335286502661
2013-05-10 06:00:00,0.025147184481283436,6.698217429439059,11.694501926235965
2013-05-10 07:00:00,0.025145282391032173,2.658025389523124,11.151703466284864
2013-05-10 08:00:00,0.02514518930599207,2.658024848043659,9.578545629333442
2013-05-10 09:00:00,0.02514517009295673,2.658024975442977,9.549171453236639
2013-05-10 10:00:00,0.025145192653345343,2.6580311792264704,9.452628120825677
2013-05-10 11:00:00,0.025145154513365166,2.658026547493996,9.444395395511183
2013-05-10 12:00:00,0.025145167476248263,2.6580263013500938,9.444182917737859
2013-05-10 13:00:00,0.02514519267570331,2.658031132842591,9.728379812128853
2013-05-10 14:00:00,0.025145224280665235,2.6580290789102494,10.003483335807605
2013-05-10 15:00:00,0.025145509381581162,2.658026634959652,10.18475503790495
2013-05-10 16:00:00,0.03033058350593617,7.5871179417628865,18.060034555081863
2013-05-10 17:00:00,2.7564719296983498,9.264146803658175,22.561658733746995
2013-05-10 18:00:00,7.1928638810102115,12.01095091490475,23.442116645040763
2013-05-10 19:00:00,10.137387898925532,13.568169642296208,23.67215270332779
2013-05-10 20:00:00,12.54005920576208,15.004249996193408,23.859605749700265
2013-05-10 21:00:00,12.5400647578681,15.151494783757343,23.900221694210522
2013-05-10 22:00:00,12.16841608914556,15.151488673148926,26.73603099884047
2013-05-10 23:00:00,12.168371926363669,15.151498223460997,26.844432583844785
2013-05-11 00:00:00,12.168472450515726,15.151498781537455,26.844436616209677
2013-05-11 01:00:00,12.540062745021983,15.151498820568133,26.86037215226201
2013-05-11 02:00:00,12.54006471266093,15.15149918160617,27.830724850663913
2013-05-11 03:00:00,12.540065074244872,15.15150027486143,28.530090425917194
2013-05-11 04:00:00,12.540065568734475,15.151500230661654,28.530149076944426
2013-05-11 05:00:00,12.540065830415315,15.151499139305503,28.1920395038809
2013-05-11 06:00:00,9.543599041635282,12.118195608536318,26.161689241240232
2013-05-11 07:00:00,8.604866978699956,10.233784002897803,23.50760938594209
2013-05-11 08:00:00,8.971774530521992,10.42189476238039,23.507606202589713
2013-05-11 09:00:00,9.543379037293894,9.823467606786398,23.507605867665653
2013-05-11 10:00:00,9.543379203354888,9.823464882921268,23.507611566441852
2013-05-11 11:00:00,7.710249998746357,9.635709043957991,23.556680964327306
2013-05-11 12:00:00,7.710249498586504,9.61338716693352,24.197924219609547
2013-05-11 13:00:00,7.710249299431361,9.6133843226166,24.912963544050626
2013-05-11 14:00:00,7.710249304401828,9.512926675993288,25.62677907568424
2013-05-11 15:00:00,7.710248850476612,9.515779194560949,25.679082193243204
2013-05-11 16:00:00,7.710248843984767,3.495865077798148,26.95872913919152
2013-05-11 17:00:00,7.7102505386378395,9.613387881811548,28.099073974669395
2013-05-11 18:00:00,8.971782049410267,9.61339855875136,29.059989619999712
2013-05-11 19:00:00,8.9717792470703,9.831881273546973,29.17659554014805
2013-05-11 20:00:00,8.971773716330594,9.844478753271897,29.059989562902025
2013-05-11 21:00:00,8.971781739200022,9.844492677324055,28.490267063418337
2013-05-11 22:00:00,7.71024671594678,9.816479333691767,27.446772536635187
2013-05-11 23:00:00,7.710249902554132,9.754844162820987,27.620661995407062
2013-05-12 00:00:00,7.710255705216302,9.754808729891767,27.620660556894435
2013-05-12 01:00:00,8.971856725396353,9.844394032267598,28.190387815167426
2013-05-12 02:00:00,11.696252987141271,9.844443311834501,28.190392094888146
2013-05-12 03:00:00,13.901324118619275,9.84481157779739,28.19039279317392
2013-05-12 04:00:00,13.901349054364916,9.844498884072674,28.190392386597168
2013-05-12 05:00:00,14.531091683544524,9.823465928650254,28.04726374163056
2013-05-12 06:00:00,10.414317676206766,11.179857295636765,21.886912315880934
2013-05-12 07:00:00,10.414316829169167,9.823461835171784,21.049423058756375
2013-05-12 08:00:00,8.415531599804943,9.823460137550999,20.551189094171118
2013-05-12 09:00:00,8.415531411075323,9.823460299459153,20.551188177285322
2013-05-12 10:00:00,8.41553137542853,9.823461490265228,20.55118941702606
2013-05-12 11:00:00,8.415531323844968,9.823460507869708,20.63201675077906
2013-05-12 12:00:00,8.41553140177248,9.823460011460497,20.63202092035186
2013-05-12 13:00:00,8.415531437415238,9.823460837857176,21.511128348359684
2013-05-12 14:00:00,8.415531504638034,9.823460232598556,22.124922560067446
2013-05-12 15:00:00,8.415545126974344,9.823462270588902,23.367233709357876
2013-05-12 16:00:00,10.238736890950335,9.823463421369322,25.142098867905453
2013-05-12 17:00:00,10.414317787183862,12.131204098163934,28.66820434876027
2013-05-12 18:00:00,10.414317879582857,12.436872587906475,28.690766338926387
2013-05-12 19:00:00,10.41431789821672,12.436874504246468,28.69076647141599
2013-05-12 20:00:00,10.414317957310525,12.436874118001157,28.69076659860236
2013-05-12 21:00:00,10.41431764507975,12.436873298006905,28.690766520883777
2013-05-12 22:00:00,9.61359051720053,12.070504989337568,28.080108685842163
2013-05-12 23:00:00,8.415532601876974,11.522338251714068,27.764122255049138
2013-05-13 00:00:00,8.415531823024759,11.522336511530458,27.248145437148146
2013-05-13 01:00:00,8.415531554377669,11.327118936024029,26.48174672037606
2013-05-13 02:00:00,8.415531418282752,11.048229588277625,25.736591304995443
2013-05-13 03:00:00,8.415531369298192,11.048229004884298,25.8937657800424
2013-05-13 04:00:00,8.415531547513579,11.106985960645275,24.237520398500287
2013-05-13 05:00:00,8.415531654083148,11.141507939910948,23.31947107596666
2013-05-13 06:00:00,0.600279575058199,3.3462256784794344,6.299314678411881
2013-05-13 07:00:00,0.03737842285131007,2.6580272122403126,6.188741170992183
2013-05-13 08:00:00,0.03737579774656523,2.658025114287653,6.077807272278981
2013-05-13 09:00:00,0.037383319769486605,2.6580296245628947,5.621295545703762
2013-05-13 10:00:00,0.5606286414468573,2.9807583648230493,6.187961114207411
2013-05-13 11:00:00,0.5576619055139954,2.9748954762270423,6.185476032327965
2013-05-13 12:00:00,0.404911513927507,2.6580328242404536,6.269396534427805
2013-05-13 13:00:00,3.741861401372132,2.9748981200615883,9.885654855648422
2013-05-13 14:00:00,3.7427369859027606,3.917951371106877,13.617287249820901
2013-05-13 15:00:00,6.816917443602122,8.216761701747139,18.66138217364351
2013-05-13 16:00:00,6.816926964500562,10.74853750526972,22.061262667791198
2013-05-13 17:00:00,8.44072844160199,11.64501070538537,24.87038711031559
2013-05-13 18:00:00,8.440729263943496,11.996050471566193,25.657614191267392
2013-05-13 19:00:00,8.440728686045592,12.257662742187051,25.74988455347352
2013-05-13 20:00:00,6.816986571404425,11.645039729899743,25.95856204685994
2013-05-13 21:00:00,6.816925994789925,11.645033700216377,26.03875697900031
2013-05-13 22:00:00,6.816923327410234,11.644983558382574,25.96720241936555
2013-05-13 23:00:00,6.8169162463394795,11.582417077269461,26.67638576072237
2013-05-14 00:00:00,6.816925790489833,11.607754968903677,26.501795037985538
2013-05-14 01:00:00,6.816927431573327,11.645020757927174,26.089944268918437
2013-05-14 02:00:00,7.035111577246525,11.841677046292723,25.5033571359818
2013-05-14 03:00:00,11.651791573993387,14.818567280373315,26.713984485189513
2013-05-14 04:00:00,11.651794880509321,15.002383146267452,26.78595781195402
2013-05-14 05:00:00,11.65179507990721,15.002383670073229,25.485237880314763
2013-05-14 06:00:00,10.341892479601913,13.57073101803941,17.224294978111473
2013-05-14 07:00:00,9.417887231794502,12.587808281219793,15.823153781437844
2013-05-14 08:00:00,9.41788685797638,12.374545574649943,15.746972356052174
2013-05-14 09:00:00,9.376189916816754,12.629762928449843,15.815524890867534
2013-05-14 10:00:00,9.417887268894468,12.563955377007218,15.740637427555367
2013-05-14 11:00:00,9.417887952769599,12.57730195798425,15.740763489248456
2013-05-14 12:00:00,9.548541981359937,12.629741877381448,15.903061275365916
2013-05-14 13:00:00,14.874845903609401,17.76831905279387,18.418359738527776
2013-05-14 14:00:00,22.47093089484302,27.758513846034827,23.504631280975644
2013-05-14 15:00:00,26.516230420515587,31.742207182222522,30.320266156308833
2013-05-14 16:00:00,27.766677273365293,32.10520080451009,35.63006397139658
2013-05-14 17:00:00,29.533201960893898,33.679876596248924,38.30691581501105
2013-05-14 18:00:00,29.533235104619973,33.679877354656,38.30691749260524
2013-05-14 19:00:00,29.533235694435124,33.679877506418,38.30691661931537
2013-05-14 20:00:00,27.870067290507315,32.80737523638713,37.943246199535444
2013-05-14 21:00:00,27.766677172628953,32.69541739767021,37.88307540195364
2013-05-14 22:00:00,24.31825841423085,28.03994458288766,36.093345084802216
2013-05-14 23:00:00,22.470943051535087,27.155793885347922,34.802051529091806
2013-05-15 00:00:00,20.960118661831352,21.170363066763255,34.06565188107473
2013-05-15 01:00:00,12.054819320767573,11.91951227446646,33.460639994725824
2013-05-15 02:00:00,8.971786396051188,11.919515163665746,31.67608961131966
2013-05-15 03:00:00,15.513329627437827,12.722768157823495,29.78265795442995
2013-05-15 04:00:00,13.195227457334859,12.441426767609396,27.828383826054313
2013-05-15 05:00:00,14.250975728348475,15.029655985675578,23.764550229005465
2013-05-15 06:00:00,0.05546117717739643,4.275720182004719,6.750527496951508
2013-05-15 07:00:00,0.8129545399223674,4.198579716876651,6.638696894353759
2013-05-15 08:00:00,0.8145515441440107,3.94117955268117,6.637655048302884
2013-05-15 09:00:00,0.8145554285168157,3.941153013151114,6.637650415439532
2013-05-15 10:00:00,0.8145598053535321,3.9411178854674995,6.637653622850113
2013-05-15 11:00:00,0.24312174497249892,3.4987578488628897,6.600883195073208
2013-05-15 12:00:00,0.406736524901933,3.4987575908308486,6.600883456053358
2013-05-15 13:00:00,0.8145594839268528,3.510519234741917,6.764210260297935
2013-05-15 14:00:00,0.8145593433737546,3.4346326180246627,7.5368652815274
2013-05-15 15:00:00,0.8145677738410569,3.9411157224518862,11.439895767552432
2013-05-15 16:00:00,8.387115335211883,14.900373499466962,21.89496957352401
2013-05-15 17:00:00,37.878116406939945,43.28402985160487,47.22209674004429
2013-05-15 18:00:00,45.26155904443488,49.82188151615154,51.572178465897466
2013-05-15 19:00:00,45.26156149654918,49.97178650159994,51.63844228493749
2013-05-15 20:00:00,45.26156231298405,49.97178581111717,51.6384422035768
2013-05-15 21:00:00,45.26156507200228,49.971786494692346,51.63844268221283
2013-05-15 22:00:00,45.49463775554966,49.9717877486944,51.63845214372857
2013-05-15 23:00:00,45.5396632625007,49.97178820820758,51.63845483864642
2013-05-16 00:00:00,45.53966427401642,50.152611870395724,51.711375192556574
2013-05-16 01:00:00,47.351426896236234,50.82509705481885,51.98772231618997
2013-05-16 02:00:00,51.455492257451986,55.00248213208252,54.44999158626427
2013-05-16 03:00:00,53.41895498959142,57.001020793130266,55.35834938355466
2013-05-16 04:00:00,53.57559393948096,57.16045940603302,55.44568646584507
2013-05-16 05:00:00,52.96494488047272,57.57967114626899,54.50599649397147
2013-05-16 06:00:00,47.93446491907888,51.978871896672764,46.29345121764031
2013-05-16 07:00:00,45.68451711912369,49.54996880748302,45.421688583124386
2013-05-16 08:00:00,46.61424798237602,48.935147667396,44.565973831038285
2013-05-16 09:00:00,45.53966691825221,48.93514591298528,44.01075341859513
2013-05-16 10:00:00,45.53966456579962,48.935145600614334,44.01075210194242
2013-05-16 11:00:00,45.539664510315475,48.93514574980496,43.644885809947645
2013-05-16 12:00:00,45.53966449149298,48.93514586959478,43.644885811187216
2013-05-16 13:00:00,45.53966446394205,48.93514583659567,43.644885992353736
2013-05-16 14:00:00,45.539664417045316,48.9351455614022,43.64488617323896
2013-05-16 15:00:00,45.53966379262911,48.93514610464738,43.77780778982198
2013-05-16 16:00:00,45.49465280450764,48.93514665633545,44.69327732836056
2013-05-16 17:00:00,45.49465082801378,48.935148001328436,45.26243133307068
2013-05-16 18:00:00,45.49464967328535,48.935149087869064,45.262442851227895
2013-05-16 19:00:00,45.494652463955454,48.93518379470266,44.223847523850004
2013-05-16 20:00:00,45.49465262478172,49.54996662210475,44.060644498580814
2013-05-16 21:00:00,45.494653099943974,49.5499689724484,43.63708536383646
2013-05-16 22:00:00,45.49465356336479,49.55207871396395,44.05470172288247
2013-05-16 23:00:00,45.494659051917935,49.82466172017905,44.2603871387653
2013-05-17 00:00:00,45.53966442591673,50.336103073180844,45.074719178863916
2013-05-17 01:00:00,45.539664495479926,50.488293498233745,45.10438571630811
2013-05-17 02:00:00,45.53966452435531,50.48829467477656,45.10438636753043
2013-05-17 03:00:00,45.53966454208885,50.488290016927984,45.10438644098042
2013-05-17 04:00:00,45.539664546670345,49.97178795590808,45.10272910957838
2013-05-17 05:00:00,45.53966453968711,49.97178747887271,44.96294481428993
2013-05-17 06:00:00,45.539664539369824,49.54998677732146,43.864993979483664
2013-05-17 07:00:00,45.53966456755732,49.549974693618196,42.27757357959714
2013-05-17 08:00:00,45.53966459002413,49.54997381003428,42.27757298596298
2013-05-17 09:00:00,45.53966460029909,49.54997410219343,42.27757295606957
2013-05-17 10:00:00,45.53966463533318,49.54997352975848,42.2775730185694
2013-05-17 11:00:00,45.53966463785839,49.54997386204169,42.35332855903398
2013-05-17 12:00:00,45.53966464918561,49.549974052325055,42.3533449319172
2013-05-17 13:00:00,45.53966470669708,49.54997509896475,42.68175530048595
2013-05-17 14:00:00,45.539664910686284,49.54997511038073,45.47090351373789
2013-05-17 15:00:00,45.53966487962263,49.54997481446658,48.910279292574636
2013-05-17 16:00:00,45.539665075930955,49.54997528231141,49.50843478349373
2013-05-17 17:00:00,46.09861366434176,49.54997510836595,49.50843622888338
2013-05-17 18:00:00,46.51309584432469,49.97178780081854,49.59065745693672
2013-05-17 19:00:00,46.513095360319525,49.97178775908134,49.59065627355155
2013-05-17 20:00:00,46.51309582742195,49.971787917954295,49.590655305433124
2013-05-17 21:00:00,46.51309595496169,49.97178795057713,49.59065460648514
2013-05-17 22:00:00,46.51309224881632,49.9717868019711,48.09914754214615
2013-05-17 23:00:00,46.09864727951753,49.54997720984304,48.01692703229129
2013-05-18 00:00:00,45.53966702496995,49.54997583477791,48.01297929186337
2013-05-18 01:00:00,45.53966545120183,49.5499756445731,48.01692554160829
2013-05-18 02:00:00,45.53966504219023,49.54997547480954,48.01692641052886
2013-05-18 03:00:00,45.53966483512121,49.549975313296244,48.0169260135245
2013-05-18 04:00:00,45.53966475838102,49.549975314747606,48.016925110875064
2013-05-18 05:00:00,45.5396647335364,49.54997532774482,47.486897517710524
2013-05-18 06:00:00,45.539664610294615,47.085209078717455,26.912273154019132
2013-05-18 07:00:00,45.53966456765092,47.08516078231562,26.76069355043284
2013-05-18 08:00:00,45.53966459701045,47.08515967333583,26.083180222183607
2013-05-18 09:00:00,45.539664622635996,47.08515959049889,26.08312661586868
2013-05-18 10:00:00,45.53966469114036,47.08515973040044,26.083126482030444
2013-05-18 11:00:00,45.53966471844099,47.08515974065586,26.083126674890572
2013-05-18 12:00:00,45.53966472059531,47.08515958541513,27.783413764116418
2013-05-18 13:00:00,45.53966470960411,47.08515958059995,27.78341527767079
2013-05-18 14:00:00,45.539664749382716,47.08515958198623,28.977803868509817
2013-05-18 15:00:00,45.53966473907942,47.08515987037665,33.23851273871812
2013-05-18 16:00:00,45.53966480972118,47.085160116278246,47.88577187681138
2013-05-18 17:00:00,45.53966497333204,48.999401656213614,50.90215301519851
2013-05-18 18:00:00,45.53966826717731,50.911111407620034,53.838177028994814
2013-05-18 19:00:00,48.413941914928834,51.61116514870843,53.83817802829817
2013-05-18 20:00:00,48.41394526182984,52.25761081716737,53.838171367626146
2013-05-18 21:00:00,48.758806851572146,52.25761946758699,53.83817612112114
2013-05-18 22:00:00,49.284639683844425,52.792845167824524,54.06713250515937
2013-05-18 23:00:00,49.40771575935402,52.91811901620292,54.120720794708895
2013-05-19 00:00:00,49.53372546012999,53.0463151114188,54.16600240872118
2013-05-19 01:00:00,50.76375778858687,53.06975163284472,54.17918468835663
2013-05-19 02:00:00,52.01252329808307,55.2739040078638,55.043044740658964
2013-05-19 03:00:00,52.96014017128972,55.945945023554344,55.31604004931604
2013-05-19 04:00:00,53.2312489427987,56.06150484124135,55.349555110560786
2013-05-19 05:00:00,51.490440805678084,55.03804803489197,54.57293116145759
2013-05-19 06:00:00,45.53966487338487,47.08516074753221,49.57177302244114
2013-05-19 07:00:00,45.539664755586216,46.19768745296314,47.10577004680886
2013-05-19 08:00:00,45.539664735460306,46.19768249982885,47.105766622736034
2013-05-19 09:00:00,45.53966471097669,46.197682103306,47.105766158315355
2013-05-19 10:00:00,45.53966465659105,46.1976820868352,47.10576626957904
2013-05-19 11:00:00,45.53966454347843,46.19768216081258,47.10576775815448
2013-05-19 12:00:00,45.53966443602186,46.19768236481118,47.92346730745792
2013-05-19 13:00:00,45.53966439733272,46.197683280262396,49.0230686546343
2013-05-19 14:00:00,45.53966432122701,46.1976876623499,49.7285791826881
2013-05-19 15:00:00,45.53966462047305,47.0851602367788,50.30932975918948
2013-05-19 16:00:00,45.539664735124674,48.94074064766641,51.00455977086369
2013-05-19 17:00:00,45.539664903015954,48.980958080854414,52.83604900166528
2013-05-19 18:00:00,45.53966544151328,48.99442865776531,53.76549343103681
2013-05-19 19:00:00,45.539665386745106,50.54389229076704,53.69932208757583
2013-05-19 20:00:00,45.5396674775563,49.971790367203575,53.10758354545406
2013-05-19 21:00:00,47.171591339184836,49.971788310413395,52.909066600485104
2013-05-19 22:00:00,47.171768823170964,49.971788610250854,52.909288545352844
2013-05-19 23:00:00,47.171624373018695,49.971788123396635,52.909075620911
2013-05-20 00:00:00,47.17161906362178,49.97178805098542,52.9090702797018
2013-05-20 01:00:00,47.17160471125954,49.97178792338975,52.909066860929585
2013-05-20 02:00:00,45.53966535156707,49.97178799528702,52.99130418535265
2013-05-20 03:00:00,45.5396649620418,49.97178809595338,52.99971758255265
2013-05-20 04:00:00,45.539664924207905,49.97178816605871,52.999723372542654
2013-05-20 05:00:00,45.53966492212087,49.97178815455294,51.951792773857456
2013-05-20 06:00:00,45.53966489632598,48.98097764432111,47.98926942430484
2013-05-20 07:00:00,45.539664907971286,48.980975836836194,47.89058448422346
2013-05-20 08:00:00,45.53966492272797,48.98097557368696,47.89058395586215
2013-05-20 09:00:00,45.53966497700713,48.98097578342973,47.89058392091417
2013-05-20 10:00:00,45.53966578832905,48.98097601891221,47.89058404138904
2013-05-20 11:00:00,45.53966536789428,48.98097556928751,47.89058400100052
2013-05-20 12:00:00,45.53966515376418,48.980959319363826,47.890584062103834
2013-05-20 13:00:00,45.539665121057006,48.980958186838016,47.89058440814007
2013-05-20 14:00:00,45.53966494392559,48.980957958139584,47.892563437924416
2013-05-20 15:00:00,45.539664925795336,48.98095793566956,48.83005763410447
2013-05-20 16:00:00,45.53966511247641,48.98095754355512,50.678587581462274
2013-05-20 17:00:00,45.53966518912417,48.980963704518636,52.52192265176449
2013-05-20 18:00:00,46.440480523709155,49.97178836535315,54.09520835349448
2013-05-20 19:00:00,45.839494116620564,49.971788395232615,54.21162598459261
2013-05-20 20:00:00,45.539666518318406,49.97178820079831,54.21161506414038
2013-05-20 21:00:00,45.53966503041725,49.97178787357013,53.533068364580004
2013-05-20 22:00:00,45.53966491802649,49.971788266400665,53.065904385482895
2013-05-20 23:00:00,45.53966484332186,49.971767482399535,53.0658815994375
2013-05-21 00:00:00,45.53966482116001,49.004121654326376,52.764611842781626
2013-05-21 01:00:00,45.539664815554694,48.98096156172542,52.73786718783676
2013-05-21 02:00:00,45.53966481680448,48.980958220739765,52.81010058159151
2013-05-21 03:00:00,45.53966481929673,48.980958052842176,53.027334575498614
2013-05-21 04:00:00,45.53966481579215,48.98095810271285,53.06673742809277
2013-05-21 05:00:00,45.539664803552064,48.980957627162184,52.260557629893654
2013-05-21 06:00:00,43.210305628209625,47.95395714044503,50.721738675137914
2013-05-21 07:00:00,40.63547611293614,43.98916770771113,46.905469011374294
2013-05-21 08:00:00,39.34152517888267,43.98916804380812,46.001193391318665
2013-05-21 09:00:00,39.34152630370607,43.98916803244332,46.00097030741409
2013-05-21 10:00:00,40.63546324850045,43.98916773588034,46.12592147135528
2013-05-21 11:00:00,39.364269280687836,43.98916750267942,46.274938697347714
2013-05-21 12:00:00,39.36295156781694,43.98916733623037,46.271556763047606
2013-05-21 13:00:00,39.34151222034618,43.98916773618225,46.001148295736996
2013-05-21 14:00:00,39.34152116508939,43.98916772474513,46.156403022560866
2013-05-21 15:00:00,40.463088620184514,43.989167788320174,47.107630171881965
2013-05-21 16:00:00,40.6354719586988,44.15566200154103,47.9799452392215
2013-05-21 17:00:00,40.63547507479806,45.70402666478911,49.66855350508259
2013-05-21 18:00:00,40.63547312711351,47.085160028883244,50.90737971594688
2013-05-21 19:00:00,38.78242363130479,47.085151451701144,50.71254202476332
2013-05-21 20:00:00,32.89467143173627,45.58520417209992,49.84096474440772
2013-05-21 21:00:00,32.89466940500192,45.46438152478881,47.91795204232076
2013-05-21 22:00:00,32.894668816222364,44.10450485780644,45.635258872326645
2013-05-21 23:00:00,32.89466814664247,43.98917203101425,45.568685699924686
2013-05-22 00:00:00,32.89466858041695,43.771424005208274,45.56981352156942
2013-05-22 01:00:00,32.894668579740795,43.570044582166304,45.42812352442591
2013-05-22 02:00:00,32.89466825228601,43.49931210359635,45.32996730442107
2013-05-22 03:00:00,32.89466645867792,43.03800840629127,45.215593700151935
2013-05-22 04:00:00,31.134830874148253,43.98916510579727,43.81537470765191
2013-05-22 05:00:00,28.44106404762085,43.989170051746626,41.31543051899785
2013-05-22 06:00:00,0.06694029241685436,17.64049719129165,11.945452611752842
2013-05-22 07:00:00,0.025145383623446264,12.236956237101197,11.343927850880693
2013-05-22 08:00:00,0.025145217205990885,12.23693336471144,11.270794228758971
2013-05-22 09:00:00,0.02514520144511318,12.236933300562136,11.228625208365546
2013-05-22 10:00:00,0.025145234446610085,12.973523068290557,11.232697462216272
2013-05-22 11:00:00,0.025145260218329305,12.236933904586646,11.24963262361419
2013-05-22 12:00:00,0.025145216328260073,12.236933611588363,10.768226193583686
2013-05-22 13:00:00,0.025145225984975175,12.236933712907302,10.655449711627028
2013-05-22 14:00:00,0.025145216756444926,12.1673986304618,10.101848928573244
2013-05-22 15:00:00,0.025145306365422403,12.236936000299838,8.770063711739603
2013-05-22 16:00:00,0.03667292001703148,12.236953832300099,9.842471181363731
2013-05-22 17:00:00,3.984603368886696,14.755846944919526,12.384976637750913
2013-05-22 18:00:00,13.795613565696005,17.61988329548312,14.42604968234163
2013-05-22 19:00:00,14.629933111184553,17.640497439149854,14.598962200670389
2013-05-22 20:00:00,15.764917139243778,17.640498510920512,15.108059565017369
2013-05-22 21:00:00,15.717126205616793,17.64049853220282,15.123361852827756
2013-05-22 22:00:00,15.030902320530572,17.64048153519722,18.920701902452016
2013-05-22 23:00:00,14.760601366023957,17.370391453621675,19.880279271001765
2013-05-23 00:00:00,13.795618884194255,17.249945824083373,19.824433480537202
2013-05-23 01:00:00,13.795617786697537,17.129009087977252,19.897501696903035
2013-05-23 02:00:00,13.795617572508133,16.6838397493383,20.06196168467107
2013-05-23 03:00:00,13.81492402326173,16.69551899237572,20.405844861776146
2013-05-23 04:00:00,14.474695967586264,17.50167741931359,20.70522274239316
2013-05-23 05:00:00,14.708311684181833,17.49674851857636,20.74118625421719
2013-05-23 06:00:00,13.795618230814569,14.263676472241531,20.223160429400103
2013-05-23 07:00:00,13.79561824743524,14.263677243640071,20.129171825928175
2013-05-23 08:00:00,13.795618979730945,14.26367705826392,20.053673487952814
2013-05-23 09:00:00,13.79562130827337,14.263675153355866,20.07416762728004
2013-05-23 10:00:00,13.795621171881546,14.168664381342317,20.283717866370218
2013-05-23 11:00:00,13.795623691367863,14.16866461859053,20.478261955458514
2013-05-23 12:00:00,13.795632486641328,14.20278402135623,21.4025222411167
2013-05-23 13:00:00,16.242423010944137,14.263676765615731,25.7640982883362
2013-05-23 14:00:00,19.182119336071597,14.263679760125768,32.14307207519146
2013-05-23 15:00:00,20.860466446932076,14.265840715832457,40.22500013367768
2013-05-23 16:00:00,35.42918578986395,31.591016842413538,49.867546145120706
2013-05-23 17:00:00,40.73950017022931,38.931625101417815,51.35158595909652
2013-05-23 18:00:00,45.18726653297159,47.00105894513262,52.46981131497824
2013-05-23 19:00:00,45.18727089518642,47.00106391751247,52.46937534785651
2013-05-23 20:00:00,45.187271188719926,47.00106359546059,52.46936864893219
2013-05-23 21:00:00,45.21171798510587,47.02507932848812,52.4628554712133
2013-05-23 22:00:00,45.19561859631325,47.009264802813476,52.3703989524692
2013-05-23 23:00:00,45.18727088184097,47.001064632668665,52.36462682701806
2013-05-24 00:00:00,45.187270380521596,47.00106525996698,52.364626644939136
2013-05-24 01:00:00,45.18727264506372,47.26233955230678,52.50247130255783
2013-05-24 02:00:00,45.41784024128958,47.47379582318313,52.60866733330982
2013-05-24 03:00:00,45.53966358611777,47.473810469567624,52.61981022704516
2013-05-24 04:00:00,45.539664596112914,47.47381241791559,52.61982366949709
2013-05-24 05:00:00,45.539664409483535,47.31048508972763,52.45094176289147
2013-05-24 06:00:00,41.81939511249845,39.63297130082659,49.81728622144609
2013-05-24 07:00:00,40.73950144693726,36.25261740317786,49.661820495097594
2013-05-24 08:00:00,40.739501394132446,36.25261705383057,49.627283395423966
2013-05-24 09:00:00,40.73950147646336,36.25261675329762,49.62728335360268
2013-05-24 10:00:00,40.73950164212713,36.252616472892306,49.627283428365615
2013-05-24 11:00:00,41.311305593751456,36.25261655910032,49.62728345103377
2013-05-24 12:00:00,45.187266686355876,36.252616727675765,49.67948864892505
2013-05-24 13:00:00,45.539664247805455,36.25261746239957,49.679490440931914
2013-05-24 14:00:00,45.53966479890147,36.252619939788765,49.9056006803196
2013-05-24 15:00:00,45.53966488363059,42.789000507566676,50.04678263038186
2013-05-24 16:00:00,45.53966493486412,45.97032921839547,50.43776295163365
2013-05-24 17:00:00,45.53966497308517,48.14124116096408,52.319405286990495
2013-05-24 18:00:00,45.53966496233851,48.58392414037232,52.82623391624512
2013-05-24 19:00:00,45.53966492796666,48.58390541730544,52.67895168652669
2013-05-24 20:00:00,45.53966491450144,48.583916781091816,52.49782198222873
2013-05-24 21:00:00,45.53966493368494,49.00411999325219,52.49781214826333
2013-05-24 22:00:00,45.539664961534164,49.97178834427156,52.497797134861166
2013-05-24 23:00:00,45.53966493956151,49.97178842116677,52.49779535339515
2013-05-25 00:00:00,45.53966491924719,49.97178845758575,52.49779371929666
2013-05-25 01:00:00,45.53966490434696,49.97178855000524,52.49779233469427
2013-05-25 02:00:00,45.53966488265718,49.971788641733895,52.49778778315656
2013-05-25 03:00:00,45.53966487049663,49.97178864496486,52.49777797218288
2013-05-25 04:00:00,45.539664860046344,49.971788491008255,52.4971461050401
2013-05-25 05:00:00,45.539664782731535,49.50936726375472,51.0734684899801
2013-05-25 06:00:00,15.145352945673531,18.5354322059441,22.279415591985142
2013-05-25 07:00:00,13.11030532413937,15.491549861089794,19.724237511372518
2013-05-25 08:00:00,11.579143669418121,15.491540182320406,19.594684817370517
2013-05-25 09:00:00,11.579142919227062,15.491540075688434,19.59468407180655
2013-05-25 10:00:00,11.579142861244314,15.49154026137306,19.515972298037738
2013-05-25 11:00:00,11.579142863571152,15.49154028495511,19.37854447032302
2013-05-25 12:00:00,11.57914281263249,15.491540484929466,19.239205613291496
2013-05-25 13:00:00,11.579142880744131,15.491540819610591,19.401683676545872
2013-05-25 14:00:00,11.57914307253071,15.491542503140153,19.47678563164127
2013-05-25 15:00:00,11.579147083282905,15.887170168427467,19.859825817790075
2013-05-25 16:00:00,15.051331005781101,19.25602902489242,23.31850226058136
2013-05-25 17:00:00,15.05600833309236,21.414070505048464,23.8222049013575
2013-05-25 18:00:00,15.056008374513246,25.404899198813638,23.90581712027918
2013-05-25 19:00:00,15.056008503046128,25.847187513090198,23.90581707166652
2013-05-25 20:00:00,15.056008679914138,25.847197168207778,23.905816929753193
2013-05-25 21:00:00,15.056008705794131,25.84719856489307,23.90581476465573
2013-05-25 22:00:00,14.787706252560271,25.847194661847777,23.44821041137549
2013-05-25 23:00:00,14.759530536656781,25.847196571083266,23.43844715224806
2013-05-26 00:00:00,14.752714455774475,25.847195962503353,23.439712551726195
2013-05-26 01:00:00,14.77538832597486,25.847195648881243,23.418817678181995
2013-05-26 02:00:00,14.80404108049612,25.84719635136371,23.230752198018358
2013-05-26 03:00:00,13.772617929694814,25.84719878197772,22.848798372476395
2013-05-26 04:00:00,12.175302779160972,25.847198641330984,22.167865992880195
2013-05-26 05:00:00,12.175301478311246,25.847110521163,21.250508830732166
2013-05-26 06:00:00,3.3430709173103637,13.722697514776147,10.624956793012913
2013-05-26 07:00:00,2.3694601656094574,13.722691386114533,10.078186325498457
2013-05-26 08:00:00,0.02515061190906119,11.593224742807724,9.010194079840279
2013-05-26 09:00:00,0.025145403021519314,11.593224286368446,7.547833164526726
2013-05-26 10:00:00,0.02514542465465484,11.593224139257785,7.671002794905326
2013-05-26 11:00:00,0.0251454822091867,11.593223564489605,7.624367298455699
2013-05-26 12:00:00,0.025145856484032978,11.593219473120456,8.255707661152758
2013-05-26 13:00:00,0.025145866111634895,11.593221549594219,8.465566542462398
2013-05-26 14:00:00,1.877878420431995,11.593225540283743,10.128001944250059
2013-05-26 15:00:00,3.48617209607164,11.593227272409148,14.016063440154397
2013-05-26 16:00:00,4.0265906955737165,15.00448141782369,24.333330175782194
2013-05-26 17:00:00,8.97178169959252,38.616823296626336,33.45419323961207
2013-05-26 18:00:00,18.036533965811387,46.95362173177665,37.05078344616594
2013-05-26 19:00:00,18.290583448599683,47.085159433903534,37.314905878584035
2013-05-26 20:00:00,20.9855595874226,47.08516028785041,38.15923103537235
2013-05-26 21:00:00,26.063455150309807,47.085159342160075,41.15936197809901
2013-05-26 22:00:00,29.643052487744,44.29533446066231,41.18303245027807
2013-05-26 23:00:00,39.80075562058253,47.08514579158884,44.59542841749786
2013-05-27 00:00:00,43.74980401617174,47.08516052882803,46.48356302508546
2013-05-27 01:00:00,45.187271410104344,47.085160696782296,47.21542136873273
2013-05-27 02:00:00,45.53966397836475,47.08516068902968,47.218860508012995
2013-05-27 03:00:00,45.53966451029476,47.085160649771,47.941377386321584
2013-05-27 04:00:00,45.539664728682226,47.08516073391523,47.98978435393538
2013-05-27 05:00:00,45.539664748510624,47.08516093239239,47.99706633900833
2013-05-27 06:00:00,43.894235431120514,2.7163253401442318,42.99214475186224
2013-05-27 07:00:00,36.65669625003658,2.690540859885927,38.753565295593276
2013-05-27 08:00:00,35.53426527938235,2.658024179726713,38.75356026175994
2013-05-27 09:00:00,35.53426522031516,2.6580238161997825,38.753560134707826
2013-05-27 10:00:00,35.5342657046392,2.6580236865753233,38.75356044836258
2013-05-27 11:00:00,35.53426549677979,2.658023684507218,38.75356063484941
2013-05-27 12:00:00,35.534265606934724,2.6580237706395375,38.75356265560166
2013-05-27 13:00:00,35.53426590965923,2.658024007296876,39.80357202881178
2013-05-27 14:00:00,35.53427057153803,2.658024302033299,41.27009001012379
2013-05-27 15:00:00,44.55605869809437,2.658025112719973,43.71037019090754
2013-05-27 16:00:00,45.53966478885769,12.76845026284116,47.16964403406757
2013-05-27 17:00:00,45.539665007045265,46.653340479173636,50.910389941140984
2013-05-27 18:00:00,45.539665102766755,48.643907891332496,52.92013711724668
2013-05-27 19:00:00,45.539679752334386,48.84431184365039,53.29092356926423
2013-05-27 20:00:00,45.53966655255465,49.85294650698266,53.32726838899474
2013-05-27 21:00:00,45.53966532085265,49.971787563429416,53.34057387205882
2013-05-27 22:00:00,45.53967538823607,49.97178850351986,53.448314716507944
2013-05-27 23:00:00,45.5396652417341,49.97178812096473,53.44834897562819
2013-05-28 00:00:00,45.5396650871237,49.97178832130854,53.46134067962944
2013-05-28 01:00:00,45.53966506320042,49.97088116107879,53.46124129107957
2013-05-28 02:00:00,45.5396649850055,49.97178802962271,53.44646481109188
2013-05-28 03:00:00,45.5396649556051,49.971786883756664,53.44643288576358
2013-05-28 04:00:00,45.539664946186974,49.97178276116624,53.44822245790069
2013-05-28 05:00:00,45.539664964790326,48.123556119901615,52.889281297869026
2013-05-28 06:00:00,23.732616791756886,26.77791207147523,36.862151502896644
2013-05-28 07:00:00,21.19998748066507,23.994106967525102,35.394764889547695
2013-05-28 08:00:00,19.047428106977463,22.167949700698056,33.556942470433526
2013-05-28 09:00:00,18.72419878678544,22.167949300799247,33.05843626950525
2013-05-28 10:00:00,18.724197890095773,22.16794879142336,33.053033121237625
2013-05-28 11:00:00,18.724197799210724,22.167949158396198,33.044536002488734
2013-05-28 12:00:00,18.724197768389406,22.167950249658915,33.04453569145909
2013-05-28 13:00:00,18.724198086956644,22.177474592387153,33.04453607666484
2013-05-28 14:00:00,19.25663856519045,29.48630745445744,34.39412625549016
2013-05-28 15:00:00,35.295954745785345,43.40135037756286,40.74473650905136
2013-05-28 16:00:00,43.97121774925364,47.38450058202832,49.302271804397115
2013-05-28 17:00:00,45.010061659412116,48.4419028248785,50.71463055087584
2013-05-28 18:00:00,45.53966386829132,48.99937942040484,51.19984382964132
2013-05-28 19:00:00,45.47807243439756,48.91829283917708,51.17931887478491
2013-05-28 20:00:00,45.18727117827885,48.71748448716248,51.1288378999376
2013-05-28 21:00:00,45.18727045457375,48.67770989018282,51.084898819426925
2013-05-28 22:00:00,45.37251804758313,48.81083477302588,51.07983025835366
2013-05-28 23:00:00,45.010139622619704,48.44198090545819,50.82128916969863
2013-05-29 00:00:00,45.53966423958771,48.41727522410168,50.79791747856856
2013-05-29 01:00:00,45.53966485193194,48.417278297195594,50.79791988091517
2013-05-29 02:00:00,45.539664986606404,48.41727818061837,50.797919586504314
2013-05-29 03:00:00,45.53966497277131,48.93906211679424,51.158182184367654
2013-05-29 04:00:00,45.53966497869778,48.980965503469214,51.19561321548641
2013-05-29 05:00:00,45.53966438490299,48.98095500309168,50.91621006234772
2013-05-29 06:00:00,45.010066293264536,47.57291997589177,46.847856231574184
2013-05-29 07:00:00,45.53966423126793,47.572859311186335,46.66310940089907
2013-05-29 08:00:00,45.01009314040986,47.57285836752878,46.66310766609083
2013-05-29 09:00:00,45.01006208953292,47.572858236676616,46.66310766002234
2013-05-29 10:00:00,45.539660976858876,47.57286292022532,46.66310883726704
2013-05-29 11:00:00,45.01006315033819,47.572858945173465,46.663107247934555
2013-05-29 12:00:00,45.010061963101116,47.572858712222896,46.663107205999985
2013-05-29 13:00:00,45.01006183959362,47.572858963762265,46.66310868817924
2013-05-29 14:00:00,45.01006178749649,47.57285872815048,46.97256539693251
2013-05-29 15:00:00,45.01006172846054,47.62314117321581,48.64535665116906
2013-05-29 16:00:00,45.01006263185043,48.441903182106486,50.10101403703873
2013-05-29 17:00:00,45.53966505867907,49.20194936611579,51.56435941845239
2013-05-29 18:00:00,45.539665102554565,49.97178914774097,53.40543231465449
2013-05-29 19:00:00,45.539665146594366,49.9717893946681,53.41815070034954
2013-05-29 20:00:00,45.53966518600625,49.971789360201,53.41812785428268
2013-05-29 21:00:00,45.53966519348816,49.971789243525706,53.24206434041135
2013-05-29 22:00:00,45.53966528373851,49.97178880444913,53.389377977566824
2013-05-29 23:00:00,45.53966637713528,49.97178732805982,53.418116900117056
2013-05-30 00:00:00,47.76494970944212,49.971787329445355,53.41552991634987
2013-05-30 01:00:00,47.77486811770691,49.9717883985301,53.424497969045795
2013-05-30 02:00:00,47.79758294925218,49.971788922523324,53.436511007885564
2013-05-30 03:00:00,48.05051492809232,49.97178920722762,53.44102211735339
2013-05-30 04:00:00,48.18222945665917,49.97178948004198,53.42464468978284
2013-05-30 05:00:00,47.974320154782674,49.97178943054682,53.41528833950854
2013-05-30 06:00:00,45.756811743160924,49.20195069262489,48.87723111343311
2013-05-30 07:00:00,45.53966529778112,47.6231338745733,47.25739876404874
2013-05-30 08:00:00,45.539665205391074,47.623133484392575,47.12816956432314
2013-05-30 09:00:00,45.53966517648066,47.623133226616204,47.12816452925178
2013-05-30 10:00:00,45.53966521317769,47.62313437034365,47.290261806444825
2013-05-30 11:00:00,45.53966515045236,47.62313375616434,47.01676375234626
2013-05-30 12:00:00,45.539665122017276,47.62313399612945,47.12798204756069
2013-05-30 13:00:00,45.53966511204212,47.623134003788046,47.12879788396764
2013-05-30 14:00:00,45.539665095909335,47.62313296028631,47.12350288453636
2013-05-30 15:00:00,45.5396650875111,47.623123106908366,48.019164011112984
2013-05-30 16:00:00,45.53966509333397,48.046741409543394,49.4535521735763
2013-05-30 17:00:00,45.53966507073026,48.51939122008015,50.742889917664584
2013-05-30 18:00:00,45.53966512551822,48.98096721363491,50.913793598407786
2013-05-30 19:00:00,45.539665111925295,48.98096684780449,50.89879330040451
2013-05-30 20:00:00,45.539665056131554,47.62313213019218,48.597754643297016
2013-05-30 21:00:00,45.53966474060073,47.623141160594734,47.092701145545774
2013-05-30 22:00:00,44.52718175983083,47.623134332774875,45.0552128647923
2013-05-30 23:00:00,43.68226442075749,47.08516789109366,45.0127461687012
2013-05-31 00:00:00,43.682261579215854,47.0851638820319,45.012746082382506
2013-05-31 01:00:00,43.68226098582121,47.0851645732361,45.01274472077299
2013-05-31 02:00:00,43.68226078887114,47.085160915681946,44.97874180567022
2013-05-31 03:00:00,43.682260278246304,47.08516049155751,37.09055203166206
2013-05-31 04:00:00,41.70526044860068,47.0851607351818,36.56011673529497
2013-05-31 05:00:00,38.63573728536207,45.41431633788588,40.56033401005901
2013-05-31 06:00:00,0.055815867941131705,9.62034251640743,17.564290807551465
2013-05-31 07:00:00,0.05581524347743947,9.620341607309168,17.282505193750985
2013-05-31 08:00:00,0.025145393717180633,8.270329500149048,16.612406218497945
2013-05-31 09:00:00,0.025145203896772217,8.270319008648938,16.612396126380794
2013-05-31 10:00:00,0.025145153189891026,8.270318636473828,16.61256309301828
2013-05-31 11:00:00,0.025145121190915904,8.270318164261726,16.612410226369306
2013-05-31 12:00:00,0.025145120819720812,8.270317240276686,16.61241322088916
2013-05-31 13:00:00,0.025145141335799873,8.270316598266971,16.612662003904035
2013-05-31 14:00:00,0.025145178915769315,8.270312512613025,17.159884253746796
2013-05-31 15:00:00,0.02514525101733162,8.270318513676353,20.600989236959432
2013-05-31 16:00:00,0.025145487612707417,8.271648720964647,22.75978991684933
2013-05-31 17:00:00,0.025148603628163888,11.102737140955274,25.29165263476861
2013-05-31 18:00:00,4.087580135038433,15.300274508969366,27.405929879078855
2013-05-31 19:00:00,6.6807429993442495,15.921928473875614,28.26160830656825
2013-05-31 20:00:00,8.971780501059408,15.921974937020313,28.87741179359091
2013-05-31 21:00:00,12.274691785386036,19.064367921466744,29.48995820215655
2013-05-31 22:00:00,15.178695530543997,19.0643875460215,29.489962486880124
2013-05-31 23:00:00,15.178695555025255,19.06438950964116,29.489962788701767
2013-06-01 00:00:00,15.178693770154839,19.06439008801894,29.489962827315978
2013-06-01 01:00:00,15.178695072423704,19.064390330915714,29.48996279881895
2013-06-01 02:00:00,15.17869543715507,19.06439047393526,29.489960019316214
2013-06-01 03:00:00,15.17869578561279,19.064390396817533,29.48996011792977
2013-06-01 04:00:00,15.178696040760851,19.064390258805272,29.48995893214
2013-06-01 05:00:00,14.113019555182158,17.910242777040533,28.590449867121222
2013-06-01 06:00:00,7.299040509646759,11.604415138000167,14.204709891629674
2013-06-01 07:00:00,6.823469365060408,10.016599404214478,13.81892030439874
2013-06-01 08:00:00,6.164065406447033,10.016588590356513,13.495973509919965
2013-06-01 09:00:00,6.139250192332997,10.01658602904307,13.488817890244773
2013-06-01 10:00:00,6.139251587051412,10.016584391124649,13.479715040436346
2013-06-01 11:00:00,6.139248647497712,10.016583889209866,13.393250395161216
2013-06-01 12:00:00,6.139248600209633,10.016583772793277,13.393208958285152
2013-06-01 13:00:00,6.139248627325307,10.016583745110967,13.393040768871357
2013-06-01 14:00:00,6.139248531470956,10.016582082051016,13.153231765448037
2013-06-01 15:00:00,6.139248292821785,10.016584327368793,13.155013399758538
2013-06-01 16:00:00,6.1392483744212765,10.016719501745708,13.473532580964669
2013-06-01 17:00:00,6.139247973869918,12.386097194668025,13.951169954954265
2013-06-01 18:00:00,6.1392497555310115,15.20818637139158,12.938930551733193
2013-06-01 19:00:00,7.529853381646558,15.208280387242176,13.067985035848437
2013-06-01 20:00:00,8.35560005028692,17.252745243492715,12.71676095568386
2013-06-01 21:00:00,8.67587070464334,18.097477486354634,12.736658578778979
2013-06-01 22:00:00,8.718952375460768,18.185593146069206,12.55331232846381
2013-06-01 23:00:00,8.147105475531417,18.185616912362384,11.813747683442102
2013-06-02 00:00:00,8.686077125188056,18.185617052555305,11.605816800465758
2013-06-02 01:00:00,8.703898526002973,18.185617213104635,11.514261431272505
2013-06-02 02:00:00,8.728097699309982,18.18561616869403,11.465331044890185
2013-06-02 03:00:00,8.971780524367306,18.185615127577734,11.208833739839463
2013-06-02 04:00:00,9.32072772439845,18.185616456974504,11.06403328858445
2013-06-02 05:00:00,9.320728249331843,18.185614359157782,10.643107482384877
2013-06-02 06:00:00,4.508322434917952,2.690828011961561,6.419164119978498
2013-06-02 07:00:00,4.1229298149462155,2.6574146812891994,6.353820997748194
2013-06-02 08:00:00,3.996262984637949,2.657411035106014,6.347706663340376
2013-06-02 09:00:00,3.9962628378110794,2.657410745735742,6.347684356240543
2013-06-02 10:00:00,3.996263097658353,2.6574107288127786,6.347705928785947
2013-06-02 11:00:00,3.9962630105231125,2.6574107871952934,6.347700983016635
2013-06-02 12:00:00,3.996263091895105,2.6574110768073216,6.347707064582622
2013-06-02 13:00:00,3.9962633123041646,2.6574119192591192,6.347709683435577
2013-06-02 14:00:00,3.996264102911528,2.657416686571686,6.347075737209984
2013-06-02 15:00:00,4.130609572218064,2.693038967943812,6.365458135084934
2013-06-02 16:00:00,7.048343066445545,11.681818821307164,8.897944916454655
2013-06-02 17:00:00,11.166527488474816,15.422788914280883,11.162564096988984
2013-06-02 18:00:00,17.723140682991502,26.64699648394229,12.721655202037077
2013-06-02 19:00:00,17.91080621119702,27.05248353622781,12.737439312089712
2013-06-02 20:00:00,17.723069233175295,26.647001447001646,12.72192269425035
2013-06-02 21:00:00,20.15597686783437,32.27128427173828,14.306562414019474
2013-06-02 22:00:00,20.162798141022765,32.29266758748869,14.344511232572563
2013-06-02 23:00:00,20.167560683796413,32.30759745213748,14.366629612512286
2013-06-03 00:00:00,20.16756328274235,32.30760049995392,14.366629768876042
2013-06-03 01:00:00,20.1675636764676,32.30760292106681,14.366630048291398
2013-06-03 02:00:00,20.167563684766954,32.307603740851825,14.366630470178437
2013-06-03 03:00:00,20.16756149508219,32.307603825784156,14.36663109838363
2013-06-03 04:00:00,20.167559843374356,32.30760370722052,14.36663153132102
2013-06-03 05:00:00,18.948784316321056,32.307572880839395,14.138350172179186
2013-06-03 06:00:00,5.148087570821149,13.617441788165419,9.949417057816113
2013-06-03 07:00:00,4.149885703913933,13.232301313739836,9.54060630761457
2013-06-03 08:00:00,4.149884991877519,13.160176636608565,9.513727437485727
2013-06-03 09:00:00,4.149884577995501,11.50797094910957,9.467987494266918
2013-06-03 10:00:00,4.149885660744166,11.507969489570968,9.52471727434809
2013-06-03 11:00:00,4.1498856565946864,11.50796909840146,9.524797396152508
2013-06-03 12:00:00,4.1498855297725585,11.50796876142595,9.50268082766635
2013-06-03 13:00:00,4.149885502174424,11.50796840076718,9.478642593577906
2013-06-03 14:00:00,4.1498856938909565,11.507968418841276,9.513291894984647
2013-06-03 15:00:00,4.153752113684021,11.507969006928072,9.840619233485157
2013-06-03 16:00:00,8.120359237471316,11.420951505648805,14.201323946502297
2013-06-03 17:00:00,12.70783048558978,16.38859303988988,18.954975140685345
2013-06-03 18:00:00,16.50831905473324,20.50404576657003,22.43847067510258
2013-06-03 19:00:00,16.532758879764557,22.05091586557072,22.49366737505001
2013-06-03 20:00:00,16.159751207241833,22.05089425479893,22.49366474990184
2013-06-03 21:00:00,16.532753487180667,22.050878542876827,22.493669194638372
2013-06-03 22:00:00,17.32709497769558,21.658063872357072,22.493705110559432
2013-06-03 23:00:00,17.8073882029434,22.050871877671106,22.493707468862716
2013-06-04 00:00:00,17.917899615515456,22.14317242095899,22.49370875157416
2013-06-04 01:00:00,17.917901592264457,22.14317725380961,22.49370938378034
2013-06-04 02:00:00,17.917901496330458,22.14317901758827,22.493709614991175
2013-06-04 03:00:00,17.917901347279674,22.143179441614713,22.493709603172817
2013-06-04 04:00:00,17.917901776225236,22.143179703169814,22.493710099639188
2013-06-04 05:00:00,17.917902099595853,22.14317569777011,22.474829781694773
2013-06-04 06:00:00,7.14516231750723,10.004917002314695,13.302374545677086
2013-06-04 07:00:00,7.14516191752605,9.806277693115357,13.222803388279157
2013-06-04 08:00:00,5.767515962368571,8.422564664842405,12.097343388623354
2013-06-04 09:00:00,5.767515497066825,8.420926473811873,12.09734190022084
2013-06-04 10:00:00,5.767515425849207,8.420925484968956,12.097341960607116
2013-06-04 11:00:00,5.767515464044382,8.42092437243267,12.09734138130885
2013-06-04 12:00:00,5.767515537112501,8.42092428617823,12.097341433836672
2013-06-04 13:00:00,5.767515826251773,8.420924779773214,12.097342267952467
2013-06-04 14:00:00,5.767516635109017,8.420925180140031,12.097343795968175
2013-06-04 15:00:00,6.715266864791596,9.462567456623912,13.971377165471155
2013-06-04 16:00:00,19.408817312025874,21.895222241290895,28.84877326642475
2013-06-04 17:00:00,41.92983390647592,45.41849806606863,50.16521488777031
2013-06-04 18:00:00,46.98545269609379,51.740349548059406,56.83780979544258
2013-06-04 19:00:00,48.80957194590887,55.48221063025607,57.05769422793386
2013-06-04 20:00:00,48.80961198983351,55.48224446652029,57.057716825783814
2013-06-04 21:00:00,50.081451045789365,55.48224632586607,57.05772046537919
2013-06-04 22:00:00,50.64838543193304,55.48224760744964,57.05772269873152
2013-06-04 23:00:00,50.64838581758869,55.48225948995442,57.05774569823194
2013-06-05 00:00:00,50.648385957853066,55.482307487687144,57.05777488058481
2013-06-05 01:00:00,50.648386068382564,55.48233579733591,57.05778485852579
2013-06-05 02:00:00,50.64838623622721,55.48233787538365,57.057785784205635
2013-06-05 03:00:00,50.64838826962761,55.48233861217398,57.057786386301096
2013-06-05 04:00:00,51.92692682681092,55.48233917027235,57.0577925085476
2013-06-05 05:00:00,51.926929166365255,55.482339248148485,57.05774580341923
2013-06-05 06:00:00,50.64838608970679,52.7400185828449,44.60971982725082
2013-06-05 07:00:00,50.64838595203027,45.14330415540412,40.446403186216735
2013-06-05 08:00:00,50.64838495026153,45.14329988574898,38.86293457327126
2013-06-05 09:00:00,50.083885166216014,45.14329911000113,38.86293385697345
2013-06-05 10:00:00,50.08387065637022,45.14329898192861,38.75825433078939
2013-06-05 11:00:00,50.083871445679904,45.143299006992,38.75805026980535
2013-06-05 12:00:00,50.083889736996014,45.14329915233567,38.758048584384085
2013-06-05 13:00:00,50.64838381083851,45.14329953347005,38.75806757305621
2013-06-05 14:00:00,50.64838588783494,45.143300783282484,40.10609463706162
2013-06-05 15:00:00,50.648386004963825,45.14332039799071,42.26771720738783
2013-06-05 16:00:00,50.648386123245494,51.375693686365686,51.28573111604551
2013-06-05 17:00:00,50.64838626294635,52.740019911823964,56.51386473695117
2013-06-05 18:00:00,50.648386599990395,55.142342683064996,56.813141448446096
2013-06-05 19:00:00,50.648386347746076,55.142343659268136,56.81314119872885
2013-06-05 20:00:00,50.64838624327273,55.142338215912055,56.81313711739583
2013-06-05 21:00:00,50.64838623479644,55.14233380725358,56.81313405375163
2013-06-05 22:00:00,50.64838624772558,55.14233212594138,56.813132682324124
2013-06-05 23:00:00,50.648386287039735,55.14233219001558,56.813132687170274
2013-06-06 00:00:00,50.6483863605968,55.14233390021764,56.81313476366369
2013-06-06 01:00:00,50.64838653117902,55.14233728919715,56.813139197857105
2013-06-06 02:00:00,50.64838691004743,55.142344202358025,56.81315411464824
2013-06-06 03:00:00,50.648404177243485,55.14234502239038,56.819258803315805
2013-06-06 04:00:00,51.592900025293254,55.142345954000874,56.81925930600179
2013-06-06 05:00:00,51.18670950358211,55.14233303422144,56.81314044323492
2013-06-06 06:00:00,49.29674883880398,41.694682409941336,40.30780785599017
2013-06-06 07:00:00,49.2967482353325,38.666319823134586,37.23950845300683
2013-06-06 08:00:00,39.913298264716936,33.72837689580653,33.9164867958312
2013-06-06 09:00:00,37.533289350710724,33.728376046561806,33.22878159808853
2013-06-06 10:00:00,37.53328909277401,33.72837583574647,33.15623920254572
2013-06-06 11:00:00,37.53328905575914,33.728375782801066,33.156238426142245
2013-06-06 12:00:00,37.533289093800015,33.72837587204336,33.15624275797673
2013-06-06 13:00:00,37.53328919251202,33.72837618547879,33.21689331374397
2013-06-06 14:00:00,37.53328938455425,33.728378036328046,34.325068628215924
2013-06-06 15:00:00,37.930536080636834,35.047543134434676,37.52089612104707
2013-06-06 16:00:00,41.862586226310306,44.441548032705626,48.0332674742313
2013-06-06 17:00:00,50.08145481963253,52.74001919932775,56.17740666556498
2013-06-06 18:00:00,50.648384591904225,54.17663957894926,56.25814213259287
2013-06-06 19:00:00,50.64838392833054,54.17668166741651,56.25498655858952
2013-06-06 20:00:00,50.64837156734096,54.17664019090549,56.24694385520299
2013-06-06 21:00:00,50.64837791973371,54.17665782320894,56.2469432730854
2013-06-06 22:00:00,50.64838598867712,54.17643201563046,56.24694297583843
2013-06-06 23:00:00,50.64838596968437,54.1766366583393,56.24694217962262
2013-06-07 00:00:00,50.64838593805134,54.17667657314639,56.26549819594286
2013-06-07 01:00:00,50.648386063769394,54.17669003670569,56.265551298170315
2013-06-07 02:00:00,50.64838618715155,54.17669080358769,56.26555224855821
2013-06-07 03:00:00,50.64838623622964,54.17669076451588,56.265552589012536
2013-06-07 04:00:00,50.648386273069,54.17669141639583,56.26555262518396
2013-06-07 05:00:00,50.64838627611958,54.1767204914592,56.13122692471466
2013-06-07 06:00:00,27.578976649790263,29.47174960255482,35.26052446047627
2013-06-07 07:00:00,23.472406808314865,25.084942328171184,31.119659810349262
2013-06-07 08:00:00,20.981546310207655,23.241704519665937,29.698434650311228
2013-06-07 09:00:00,20.981546032616592,23.241704212925036,29.698434448374712
2013-06-07 10:00:00,20.98154610291336,23.241704064160306,29.698434485171745
2013-06-07 11:00:00,20.981546099691503,23.24170400529011,29.69843454036767
2013-06-07 12:00:00,20.981546279194088,23.241704088042194,29.698434710548554
2013-06-07 13:00:00,20.981546855466384,23.241704456688026,29.69843527283271
2013-06-07 14:00:00,21.000038721774573,23.24170933877705,29.728027610429436
2013-06-07 15:00:00,23.006950036342673,25.213119882368993,32.888498771644244
2013-06-07 16:00:00,39.85571761513556,43.19547739525314,47.28505009449738
2013-06-07 17:00:00,47.04507718576319,51.276713271964056,55.10789633078823
2013-06-07 18:00:00,49.65110667842964,53.61900189012067,56.79788503013457
2013-06-07 19:00:00,49.6511019400119,53.619034886338326,56.79789071626309
2013-06-07 20:00:00,48.66650014448184,52.740019199663045,56.79788676297634
2013-06-07 21:00:00,49.65110581584559,53.619057248985285,56.79789028470467
2013-06-07 22:00:00,50.648385491719566,54.509428698359194,56.7978845283796
2013-06-07 23:00:00,50.64838622084463,54.50943274071725,56.79788496022176
2013-06-08 00:00:00,50.64838628656126,54.5094340374858,56.7978851368577
2013-06-08 01:00:00,50.648386316699636,54.50943450710642,56.79788505220072
2013-06-08 02:00:00,50.648386324326076,54.509434488270884,56.79788457684398
2013-06-08 03:00:00,50.64838634334055,54.509435277269446,56.79788421560047
2013-06-08 04:00:00,50.64838636069424,54.50944187352872,56.73446620087107
2013-06-08 05:00:00,50.64838635763035,54.50943853520244,56.46779715951532
2013-06-08 06:00:00,12.987419066520522,15.053478780344605,18.40083787278911
2013-06-08 07:00:00,10.910006498824087,12.681728994318128,16.618054286656168
2013-06-08 08:00:00,10.115132540080445,12.148496398113014,16.424461804823654
2013-06-08 09:00:00,10.115132074634705,12.148495950324484,16.424461688149407
2013-06-08 10:00:00,10.115132189315645,12.148495822425762,16.42446198298675
2013-06-08 11:00:00,10.115132096453529,12.148495757072947,16.424462247783563
2013-06-08 12:00:00,10.115132089951592,12.148495783579271,16.424462531327734
2013-06-08 13:00:00,10.115132171446312,12.148495980570686,16.424462841713705
2013-06-08 14:00:00,10.1151323737301,12.148503681280822,16.42727141767783
2013-06-08 15:00:00,10.11513343984332,12.341087804604378,16.971613156805702
2013-06-08 16:00:00,24.828256751461442,29.324256435668023,34.4736419068995
2013-06-08 17:00:00,40.35316799891193,46.324995895803205,49.769251136563994
2013-06-08 18:00:00,47.58674956841005,52.740018285672996,56.87976370494378
2013-06-08 19:00:00,47.59211326518217,52.74001954034981,56.8803423143037
2013-06-08 20:00:00,49.366574167558646,52.740034255195475,56.727150371235915
2013-06-08 21:00:00,50.08145485804912,54.72563744090646,56.85778080624731
2013-06-08 22:00:00,50.64838653762359,54.83907589248123,56.87988018776082
2013-06-08 23:00:00,50.64838660813425,54.83906896280151,56.87988081971089
2013-06-09 00:00:00,50.64838665103946,54.83908016560385,56.87988094956611
2013-06-09 01:00:00,50.648386677267965,54.83908330635432,56.87988099312029
2013-06-09 02:00:00,50.64838670187612,54.83908374498638,56.87988098353584
2013-06-09 03:00:00,50.64838672709919,54.83908465603729,56.87988105430437
2013-06-09 04:00:00,50.64838673234835,54.83910133414456,56.87987562602725
2013-06-09 05:00:00,50.6483865808223,53.710218771249664,55.83132946666151
2013-06-09 06:00:00,50.08145718113115,52.740017630694844,50.92162312172808
2013-06-09 07:00:00,47.755755340438,47.20194650840055,47.97924448964044
2013-06-09 08:00:00,46.12447703307377,46.106707959294454,47.05815774273261
2013-06-09 09:00:00,46.124476932181175,46.10670744355446,47.058144881730314
2013-06-09 10:00:00,46.12447811386701,46.10670752750605,47.05814460852259
2013-06-09 11:00:00,46.124477236666834,46.106707445429564,47.05814354965471
2013-06-09 12:00:00,46.12447730596373,46.106707563379445,47.05814421127442
2013-06-09 13:00:00,46.124477469964305,46.106708990131274,47.05828109728135
2013-06-09 14:00:00,46.124477906648565,46.628344123767896,48.519429710781836
2013-06-09 15:00:00,49.29478905679947,49.478819157374495,50.601651366640745
2013-06-09 16:00:00,50.64838944246395,52.74002406005103,56.878867678897954
2013-06-09 17:00:00,50.991332573758164,53.85054332382675,57.23627808318658
2013-06-09 18:00:00,50.991333403048316,53.85054527920478,57.90510991247083
2013-06-09 19:00:00,50.991333500205236,53.85055240148145,57.90511627085597
2013-06-09 20:00:00,50.99133353863215,53.85055805608067,57.90509993450794
2013-06-09 21:00:00,50.99133360560604,53.85056698915681,57.90500864099081
2013-06-09 22:00:00,50.99133362529364,53.850552320084205,57.86158532214911
2013-06-09 23:00:00,50.99133370571399,53.85056220724916,57.48577223979322
2013-06-10 00:00:00,50.99133382055845,55.71027264846465,58.06592798976823
2013-06-10 01:00:00,50.99133403179483,56.81147938963668,58.888615671391634
2013-06-10 02:00:00,50.99133420555186,57.03872159242815,59.059177914615695
2013-06-10 03:00:00,50.991334661419266,57.03873320601323,59.059185816253866
2013-06-10 04:00:00,51.17885805017486,57.16005474258864,59.15621653045802
2013-06-10 05:00:00,52.93574707768743,57.038729837506146,59.08609989107202
2013-06-10 06:00:00,52.19852794141301,55.75878762250143,57.785929474834575
2013-06-10 07:00:00,51.19316468381107,53.85254697081194,57.133062938132234
2013-06-10 08:00:00,50.99195298806399,53.85254441308712,56.462719117847755
2013-06-10 09:00:00,50.99133593473452,53.8505510118199,56.462717892120246
2013-06-10 10:00:00,50.99133496835946,53.85055105951428,56.462717647591774
2013-06-10 11:00:00,50.99133422001111,53.85054806608479,56.46271749376225
2013-06-10 12:00:00,50.99133418265086,53.85054785471369,56.46271752635636
2013-06-10 13:00:00,50.99133422703039,53.85054784787539,56.50294406314995
2013-06-10 14:00:00,50.99133431410003,53.85054789101976,56.600192064238506
2013-06-10 15:00:00,50.991334639595046,53.85054818939639,56.70536049747317
2013-06-10 16:00:00,51.137795901200185,53.85054889401136,56.89321233955128
2013-06-10 17:00:00,53.19449893060756,56.77249761760479,58.56589490311162
2013-06-10 18:00:00,58.85945828754539,60.431388125885356,65.4186567688479
2013-06-10 19:00:00,60.73404963991181,63.32727744276949,65.8966705765694
2013-06-10 20:00:00,60.26662610496846,61.81366201706773,65.6251188628368
2013-06-10 21:00:00,60.266626724775456,61.81366185202669,65.70230816294767
2013-06-10 22:00:00,60.26662519198661,61.813659922238216,65.70230318144566
2013-06-10 23:00:00,60.266625338861814,61.813659576766206,65.70230322877873
2013-06-11 00:00:00,60.26662539618644,61.813659446951895,65.70230496758258
2013-06-11 01:00:00,60.26662497681003,61.81365925360469,65.70230309944677
2013-06-11 02:00:00,60.2666250186103,61.81365943587123,65.70230023374818
2013-06-11 03:00:00,60.26662514501009,61.8136592541269,65.70230251705645
2013-06-11 04:00:00,60.26662826835149,61.81365984032457,65.7023069640731
2013-06-11 05:00:00,55.544726629211844,57.175294400645676,61.453356820330576
2013-06-11 06:00:00,52.24032556266048,55.80133444096535,56.19828908110243
2013-06-11 07:00:00,50.99133386733946,52.740018263188304,54.78059121524228
2013-06-11 08:00:00,50.99133380582758,50.46967417202185,54.66258535814319
2013-06-11 09:00:00,60.87713486180667,61.384143997066055,65.45970519285113
2013-06-11 10:00:00,50.991333876742516,52.73220869157773,54.94382862787389
2013-06-11 11:00:00,50.991333676491614,49.672059552339334,54.5890682199434
2013-06-11 12:00:00,50.9913336177107,49.672060152744606,54.66622693081981
2013-06-11 13:00:00,50.99133357040181,49.6720607147369,54.66622704660671
2013-06-11 14:00:00,50.9913335784093,49.67206128954686,54.66622713479256
2013-06-11 15:00:00,50.99133371808957,49.672065948106166,54.708114794705295
2013-06-11 16:00:00,50.991333794829686,50.19899904067084,55.160776071059374
2013-06-11 17:00:00,50.99133379325159,53.19393783132387,57.24473617636585
2013-06-11 18:00:00,50.991334155622056,54.682133504242294,58.53991228725329
2013-06-11 19:00:00,50.99133393291283,54.682133975614384,59.5223187723527
2013-06-11 20:00:00,50.99133384193555,54.68213372345019,58.50104876884725
2013-06-11 21:00:00,50.9913337824086,54.68213284357081,58.39211966505052
2013-06-11 22:00:00,50.13086561722298,52.31947027550185,57.387611661400165
2013-06-11 23:00:00,49.651106131169634,51.45246665740594,57.34489829452076
2013-06-12 00:00:00,49.29041515033794,51.03162284211291,57.35144984087181
2013-06-12 01:00:00,49.29041504040173,51.031622196551275,57.35144586668804
2013-06-12 02:00:00,49.29041495415851,51.031621711841936,57.29492861306087
2013-06-12 03:00:00,49.290415044973905,51.03160413156046,57.2949457842807
2013-06-12 04:00:00,49.2904150440104,50.668020987472524,57.244377915950984
2013-06-12 05:00:00,48.377129102600094,50.13448947947914,56.59693445877263
2013-06-12 06:00:00,4.442233214948038,7.176927845462833,11.97957348861029
2013-06-12 07:00:00,3.6103229702367075,6.29343713475879,10.977337569857394
2013-06-12 08:00:00,3.6080269577087627,6.287247060011783,10.784923165481192
2013-06-12 09:00:00,3.6076496866774614,6.286436743026789,10.78488921629372
2013-06-12 10:00:00,3.6079050027557993,6.287258445057002,10.784890290119666
2013-06-12 11:00:00,0.03738440026696406,3.9569257986483226,10.784078063300333
2013-06-12 12:00:00,3.6076440383344432,6.2864270726708416,10.784885620304813
2013-06-12 13:00:00,3.6076223021795655,6.286401505534581,10.723626740444068
2013-06-12 14:00:00,3.607768464355238,6.286824625457441,10.723714704650561
2013-06-12 15:00:00,3.7749558305058653,6.53827527244679,10.970266785491892
2013-06-12 16:00:00,4.368892656599889,9.417767289588312,16.931127928266257
2013-06-12 17:00:00,5.038973813454444,10.140352514433836,19.775635409770402
2013-06-12 18:00:00,5.038974030207242,10.111570431753586,19.807109875452753
2013-06-12 19:00:00,5.038974029675648,10.111570394779182,19.80711007547601
2013-06-12 20:00:00,5.03897379490852,10.111569987905414,19.807110089938732
2013-06-12 21:00:00,4.68421607965237,9.955680654558634,19.80677322712838
2013-06-12 22:00:00,4.061520310137753,9.68205150196001,19.791617879874117
2013-06-12 23:00:00,3.785664063762614,9.560834731172644,19.583377587138553
2013-06-13 00:00:00,3.8947013259980237,9.608748933252114,19.28255813150494
2013-06-13 01:00:00,4.0615032107539255,9.68202971834847,18.83987882018596
2013-06-13 02:00:00,4.061502670752574,9.6820352634705,18.83989851661874
2013-06-13 03:00:00,4.061503820772485,9.671127646657647,18.512873334062462
2013-06-13 04:00:00,4.062452307365896,9.647618335113282,18.041325444301528
2013-06-13 05:00:00,4.061503430326412,9.535133151371266,16.727998387341252
2013-06-13 06:00:00,0.025145260834878953,2.661516117785559,5.386414916647025
2013-06-13 07:00:00,0.02514519661994656,2.657411040708098,5.376663376360862
2013-06-13 08:00:00,0.02514509211789763,2.6580116944595775,5.376661020550547
2013-06-13 09:00:00,0.025145742402536465,2.681018078280122,5.399285333421031
2013-06-13 10:00:00,0.025145165784642553,2.6580271784211122,5.377341852146731
2013-06-13 11:00:00,0.025145188385434086,2.658179812000121,5.377343153384964
2013-06-13 12:00:00,0.025145217439113667,2.6581686310813213,5.377340267784232
2013-06-13 13:00:00,0.025145204889202778,2.657897591936344,5.3771768099313455
2013-06-13 14:00:00,0.02514522942055075,2.657413498415889,5.377128367931188
2013-06-13 15:00:00,0.025145164540918235,2.658024831166334,5.380495542600515
2013-06-13 16:00:00,0.02514529948569354,4.639003321048246,8.256408722104329
2013-06-13 17:00:00,0.025145899605353496,7.053319972380095,11.037937740145237
2013-06-13 18:00:00,0.0251852934223755,6.853547981392111,11.256585487408504
2013-06-13 19:00:00,0.025186121486699728,7.271150335971463,11.342283531058591
2013-06-13 20:00:00,0.025187084761140496,7.538283758313126,11.342283220643086
2013-06-13 21:00:00,0.025180646937230513,7.469501446053772,11.321278334472286
2013-06-13 22:00:00,0.02516966102830605,6.795946549380756,11.076768168241074
2013-06-13 23:00:00,0.025193475938097117,6.7115859758186955,10.968225998567906
2013-06-14 00:00:00,0.026095592918359937,6.71158656001655,10.962419045734388
2013-06-14 01:00:00,0.4281176550876127,9.492727500868995,10.197473025749606
2013-06-14 02:00:00,0.8768572510831312,11.028632622371351,10.33899348697306
2013-06-14 03:00:00,0.8768582061430835,11.129486662953624,10.347277475718588
2013-06-14 04:00:00,0.876858482066471,11.129487343962008,10.091396661449803
2013-06-14 05:00:00,0.8768584698322023,11.12948778041791,9.373953364481126
2013-06-14 06:00:00,0.02515209638650255,2.80037376187837,5.390926126659314
2013-06-14 07:00:00,0.033721505585051256,2.7719240354406107,5.38512667931851
2013-06-14 08:00:00,0.03372165253689667,2.694892372850917,5.383878706659536
2013-06-14 09:00:00,0.02514569652499678,2.6664838924613647,5.382864638281591
2013-06-14 10:00:00,0.03994340397582107,2.7461430573578607,5.387922722456514
2013-06-14 11:00:00,0.03995040760599868,2.7461404223196832,5.387922928479933
2013-06-14 12:00:00,0.039951027076766205,2.746140549021403,5.387924742671583
2013-06-14 13:00:00,0.03995219270335924,2.7461409726711747,5.392316841484296
2013-06-14 14:00:00,0.05114969358957749,2.7461474981900844,5.449659460933554
2013-06-14 15:00:00,2.4261058118723975,2.8164725429332513,9.182420132763779
2013-06-14 16:00:00,13.873853829492973,14.343417992084426,22.37499098905751
2013-06-14 17:00:00,22.169882263588267,24.45166986631681,28.557274483224738
2013-06-14 18:00:00,27.394993674155856,29.523531258415346,33.866616470899814
2013-06-14 19:00:00,27.394994106485083,29.52353728183168,34.18138862536698
2013-06-14 20:00:00,27.394993959523227,29.523537217698646,34.18139100443342
2013-06-14 21:00:00,27.394993796350615,29.523537108139582,34.1813911865073
2013-06-14 22:00:00,27.394993387708666,29.523536293483076,34.18139073483276
2013-06-14 23:00:00,27.394989089227227,29.52353408857278,34.18139046576516
2013-06-15 00:00:00,25.737141692462323,29.523419028499244,34.16646610568482
2013-06-15 01:00:00,23.53399829481896,25.506527360661632,33.24712886893795
2013-06-15 02:00:00,22.40219057390028,24.391904981431257,32.69092943510005
2013-06-15 03:00:00,22.169878853953126,24.39250276550646,31.10759423536065
2013-06-15 04:00:00,22.16987804776617,24.391910846679707,31.07076693331468
2013-06-15 05:00:00,20.016693863569596,21.96278217403938,29.05322720333338
2013-06-15 06:00:00,0.025166930183754804,2.646864431418181,5.395822903373334
2013-06-15 07:00:00,0.02514521875925051,2.6451262365471147,5.374650618206485
2013-06-15 08:00:00,0.02514500977095188,2.645123790178957,5.374069765567238
2013-06-15 09:00:00,0.025144647133591592,2.645123466652132,5.374069486227679
2013-06-15 10:00:00,0.025142683499136266,2.6451234449387813,5.374069593051006
2013-06-15 11:00:00,0.02514229226526745,2.6451232803095475,5.374069538345023
2013-06-15 12:00:00,0.025142313361480064,2.6451233313848252,5.374069578138003
2013-06-15 13:00:00,0.02514250437909867,2.645123411215978,5.37406981408244
2013-06-15 14:00:00,0.025142911356539902,2.645123475105801,5.37409201695991
2013-06-15 15:00:00,0.025144335629502045,2.6451236561192775,5.3767835161178725
2013-06-15 16:00:00,0.025145040203260652,2.6451283941938266,5.3947224675361705
2013-06-15 17:00:00,0.025145104733842422,3.006870572133932,9.105681455169634
2013-06-15 18:00:00,0.025145410224806226,8.09752400745983,12.401700750285652
2013-06-15 19:00:00,0.02514576698992655,8.748496877310941,12.728428660036965
2013-06-15 20:00:00,0.02514713854466125,8.748496753877827,12.988155131824788
2013-06-15 21:00:00,0.025145933755015327,8.748494816901292,12.988162641373723
2013-06-15 22:00:00,0.025146272224713526,8.748452423758323,12.9881501795651
2013-06-15 23:00:00,0.025146536659860937,8.748490176175835,12.988159644551668
2013-06-16 00:00:00,0.025149903851408594,8.333498253111266,12.831100854726916
2013-06-16 01:00:00,0.05581459072611251,8.080976987571194,12.589071892217685
2013-06-16 02:00:00,0.05581577635652858,8.333515091439587,12.831108549181357
2013-06-16 03:00:00,0.05581604939225548,9.09361840365095,12.988160659559027
2013-06-16 04:00:00,0.055816146864838066,9.407018382607694,12.988154556367006
2013-06-16 05:00:00,0.05581490224030308,9.407018467427172,12.631334919075346
2013-06-16 06:00:00,0.02514513627877625,9.404841732673027,5.386977754545234
2013-06-16 07:00:00,0.025145132163301834,8.095762105694941,5.37367455895199
2013-06-16 08:00:00,0.025145128004351404,8.095761971304547,5.373648340603346
2013-06-16 09:00:00,0.02514512894788428,8.095762017620277,5.373553370643219
2013-06-16 10:00:00,0.025145141087070798,8.095762284119816,5.373553411256159
2013-06-16 11:00:00,0.025145146746990803,8.095762684178869,5.373553322269987
2013-06-16 12:00:00,0.02514528322838472,8.793122487977211,5.373553330189225
2013-06-16 13:00:00,0.02514579448237552,11.128339617952857,5.373553534098013
2013-06-16 14:00:00,0.031623593922879355,11.128342312065474,5.373562951851043
2013-06-16 15:00:00,4.466523509047867,30.916783389881335,5.374139216777401
2013-06-16 16:00:00,50.991279704807845,57.18866764258085,11.311687599217958
2013-06-16 17:00:00,50.99133383045336,57.18867133577628,31.082219601368976
2013-06-16 18:00:00,50.99133424374739,57.189031128960345,53.7810674727059
2013-06-16 19:00:00,52.81880868397443,57.444091250519136,56.775943869914954
2013-06-16 20:00:00,53.47352202932842,57.444093067835226,57.25574173163397
2013-06-16 21:00:00,53.60343194646592,57.189049892887134,57.39253804595267
2013-06-16 22:00:00,53.60333976368544,57.188696299908734,57.39254499788957
2013-06-16 23:00:00,54.52682848729735,57.188734807864776,57.39255239898745
2013-06-17 00:00:00,54.52683020322369,57.188919425155,57.39258894053781
2013-06-17 01:00:00,53.603694204165606,57.18902193437174,57.39260921989071
2013-06-17 02:00:00,53.60336641450829,57.18872431630954,57.392551559493654
2013-06-17 03:00:00,53.603323298666396,57.18868223750264,57.392543632623294
2013-06-17 04:00:00,53.60332024534649,57.1886800163883,57.392543343685894
2013-06-17 05:00:00,53.194495813790454,57.18867060428789,57.3925348983155
2013-06-17 06:00:00,50.991334489403535,54.53003177297794,32.581402647082555
2013-06-17 07:00:00,50.99133430783282,54.53002208265251,29.22070565532284
2013-06-17 08:00:00,50.99133421215611,54.53002286347459,28.10280759481887
2013-06-17 09:00:00,50.99133414086098,54.53002250654509,28.102806453063252
2013-06-17 10:00:00,50.99133407509268,54.530023604966566,28.102806321665973
2013-06-17 11:00:00,50.991334210329164,54.53003003917098,28.10280632230331
2013-06-17 12:00:00,50.99133429149862,54.530022116116996,28.102806568168006
2013-06-17 13:00:00,50.991334314294484,54.515654698211854,28.970716855425735
2013-06-17 14:00:00,50.99133380195229,54.53002222258912,31.07004019211555
2013-06-17 15:00:00,50.991332607005354,54.53002215057156,38.04228019540573
2013-06-17 16:00:00,50.99133255327984,54.53002355872079,52.76865005788765
2013-06-17 17:00:00,50.99133422454949,56.066086587106085,57.01120177368515
2013-06-17 18:00:00,50.99133432362884,57.18867141883349,57.94600338147523
2013-06-17 19:00:00,50.99133435290187,57.11357621060551,57.93720297366367
2013-06-17 20:00:00,50.99133434230798,56.06608876895786,57.88295419179422
2013-06-17 21:00:00,50.991334327053266,56.066088929745284,57.779362045983795
2013-06-17 22:00:00,50.99133430648215,56.06609173683217,57.67319369043351
2013-06-17 23:00:00,50.99133434226176,56.06609009697269,57.5030869713191
2013-06-18 00:00:00,50.99133437757341,56.06609468643287,57.67318749222361
2013-06-18 01:00:00,50.99133440849512,57.18867176273143,57.78430966873799
2013-06-18 02:00:00,50.99133440161797,57.18867214573629,57.91952580414084
2013-06-18 03:00:00,50.99133442492609,57.18867212928557,57.957537418383595
2013-06-18 04:00:00,50.99133442336918,57.18867210132687,57.96861710926387
2013-06-18 05:00:00,50.99133439466344,57.188673673491984,57.2570096623945
2013-06-18 06:00:00,38.4905045998925,43.90328394055598,34.04941346163175
2013-06-18 07:00:00,31.15724756659355,36.03950280762686,31.52454463179597
2013-06-18 08:00:00,31.157242665951983,36.03950083149428,30.410765636695643
2013-06-18 09:00:00,31.157242492169033,36.03950066767216,30.410756147193325
2013-06-18 10:00:00,31.157242534621627,36.039500627081026,30.410755914503994
2013-06-18 11:00:00,31.157242495247022,36.0395009018542,30.410754065927918
2013-06-18 12:00:00,31.15724262964305,36.03950139902084,30.410755396707543
2013-06-18 13:00:00,31.157244073391702,36.03950505225084,30.410757454890394
2013-06-18 14:00:00,49.6511058752235,57.188665463929,31.645209087401994
2013-06-18 15:00:00,50.99133329874242,57.188671293205005,43.13802992444802
2013-06-18 16:00:00,50.99133440715835,57.188671484167955,51.760573220382696
2013-06-18 17:00:00,52.599482964413774,57.188672963132035,57.02569670274143
2013-06-18 18:00:00,53.19450648612364,58.17426942027,57.40776129648119
2013-06-18 19:00:00,56.645559408997016,65.31958197146645,57.767862387317415
2013-06-18 20:00:00,57.24990006439622,66.37669016613141,57.662354297052154
2013-06-18 21:00:00,57.26282739291909,66.3766877836982,57.61017607904281
2013-06-18 22:00:00,53.522030681250556,58.51843709711582,57.22993913065534
2013-06-18 23:00:00,53.52191682735393,58.518197541415226,57.22992724753806
2013-06-19 00:00:00,53.52191630250225,58.518195656909604,57.22992714664974
2013-06-19 01:00:00,53.57227534474291,58.619790924678114,57.23542162798416
2013-06-19 02:00:00,55.41305027277697,59.030742216536105,57.728274206508345
2013-06-19 03:00:00,55.413140604538846,59.03083345227588,57.728286566324236
2013-06-19 04:00:00,55.520317841427484,59.139925466125675,57.646697851632005
2013-06-19 05:00:00,55.4131405040482,59.030834104217796,57.06111901831334
2013-06-19 06:00:00,55.52032265473051,59.139929470133595,38.629134997513404
2013-06-19 07:00:00,53.6033115481101,57.18867111972652,36.96822150103727
2013-06-19 08:00:00,52.012543511684804,57.188665451395025,35.22547623933284
2013-06-19 09:00:00,50.99133443135216,57.188665230699655,34.06622747593984
2013-06-19 10:00:00,50.99133442019963,57.188665376314724,34.066227321580484
2013-06-19 11:00:00,50.991334337914786,57.18866566084264,34.06622793908693
2013-06-19 12:00:00,50.99133430133503,57.1886710734449,34.347943618601256
2013-06-19 13:00:00,50.99133436265217,57.1886714731919,34.52005602554909
2013-06-19 14:00:00,50.99133444719701,57.18866582150021,38.03720375294717
2013-06-19 15:00:00,50.99133669934138,57.188665038383654,47.64407110482112
2013-06-19 16:00:00,53.103130114495286,57.18866615505458,55.05529201789194
2013-06-19 17:00:00,53.02675165951417,57.18867183733871,57.69979796749866
2013-06-19 18:00:00,53.0553629713461,57.18867269271255,57.742482188819785
2013-06-19 19:00:00,50.99133649998159,57.188672339197446,57.71646445767868
2013-06-19 20:00:00,50.99133544823188,57.18867209672497,57.559889469413044
2013-06-19 21:00:00,50.99133535510099,57.18867222329362,57.519398191629776
2013-06-19 22:00:00,53.1944954735941,57.188672293109356,57.82581029614296
2013-06-19 23:00:00,50.991336514575124,57.18867256267019,57.74248059866702
2013-06-20 00:00:00,50.99133464657369,57.18867256570043,57.74247749259376
2013-06-20 01:00:00,50.99133448853492,57.188672782205586,57.74247751971241
2013-06-20 02:00:00,50.991334457133874,57.188673268751046,57.742472959025
2013-06-20 03:00:00,50.99133447301691,57.18867313494892,57.7424814020922
2013-06-20 04:00:00,50.99133449373383,57.188673527251666,57.74287467339479
2013-06-20 05:00:00,50.99133451144766,57.188673290628984,57.47238050701255
2013-06-20 06:00:00,50.9913344582119,57.18867234230773,50.85467980159866
2013-06-20 07:00:00,50.99133443744858,57.188671960666824,49.914194540166115
2013-06-20 08:00:00,50.991334418102646,57.18867086159492,46.761873090447935
2013-06-20 09:00:00,50.99133438669169,57.18867102448818,45.85750888618683
2013-06-20 10:00:00,50.99133440131323,57.18866913959315,45.857505761321285
2013-06-20 11:00:00,50.991334439629846,57.18865216315485,45.857506417281016
2013-06-20 12:00:00,50.991334482870826,57.188649826970575,45.857507048792364
2013-06-20 13:00:00,50.99133448710129,57.18864697248688,45.857510505792156
2013-06-20 14:00:00,50.991334458472004,57.1886485826905,48.59874874516192
2013-06-20 15:00:00,50.991334413031595,57.18865019881892,53.64908584923166
2013-06-20 16:00:00,50.991334418111485,57.18865201986304,56.611669326601955
2013-06-20 17:00:00,50.991334442672816,57.18867263332085,57.91399971376892
2013-06-20 18:00:00,50.9913344653147,57.18867356789864,57.89505956668071
2013-06-20 19:00:00,50.99133450908668,57.18867387522817,57.758330352827514
2013-06-20 20:00:00,50.99133537338937,57.188672987714256,57.69155077598304
2013-06-20 21:00:00,53.00636787445119,57.18867416706992,57.757000518415055
2013-06-20 22:00:00,50.991335546288944,58.153300421178116,58.16640891238465
2013-06-20 23:00:00,52.012551840662475,57.18867512451317,58.152241507328476
2013-06-21 00:00:00,53.19572698676838,57.18867246537919,58.152240351451574
2013-06-21 01:00:00,53.60331037932141,57.18867196264993,58.152240349452136
2013-06-21 02:00:00,53.60331046877249,57.188671076301375,58.152240185204555
2013-06-21 03:00:00,53.19451050191869,57.188649983829215,57.97707708182359
2013-06-21 04:00:00,53.05997924179096,57.18865323373903,57.83622876855145
2013-06-21 05:00:00,52.232333211658535,57.18864756731671,57.21830677900842
2013-06-21 06:00:00,19.468791570459306,18.099346540496587,9.273293781061898
2013-06-21 07:00:00,19.468790322596693,17.97613399773854,8.801208238362486
2013-06-21 08:00:00,18.297041507270137,17.09326726957963,8.28447059081532
2013-06-21 09:00:00,18.29704024298074,17.093266060309507,7.805034699051987
2013-06-21 10:00:00,10.762343667184833,12.226501190017117,8.284448508887323
2013-06-21 11:00:00,1.1250997260652293,13.466346913627884,8.081205036333856
2013-06-21 12:00:00,0.4484158488400514,13.460344785659448,7.499914742906062
2013-06-21 13:00:00,0.025147286413685046,13.762909333451912,7.457710374590834
2013-06-21 14:00:00,0.025145704891935006,13.760473296764687,7.457718292206605
2013-06-21 15:00:00,0.025145450125498507,13.819219716009691,7.2328923513502
2013-06-21 16:00:00,0.02514581327030152,17.09327110439319,8.106409592330692
2013-06-21 17:00:00,8.66662080069334,20.512873269362856,13.797642073463887
2013-06-21 18:00:00,10.762348840601968,20.51287478972997,16.135089714874923
2013-06-21 19:00:00,12.123034139621163,20.51287547940424,17.058461167934958
2013-06-21 20:00:00,12.123035924602007,20.51287585228743,17.378598577830473
2013-06-21 21:00:00,12.123036516270846,20.512875856950867,17.475082432352018
2013-06-21 22:00:00,12.31622889137777,19.61554026167294,17.47508154653324
2013-06-21 23:00:00,11.94010755617419,16.501610294710567,17.42010288909917
2013-06-22 00:00:00,11.16036852671092,16.211748819971547,17.131137274933778
2013-06-22 01:00:00,10.762344751385639,14.72728927850753,17.01421085524595
2013-06-22 02:00:00,10.762343980567056,14.291792408308666,17.01778891243641
2013-06-22 03:00:00,10.76234330362967,14.013994461545963,17.068878363176772
2013-06-22 04:00:00,10.668908029698493,13.927992515640423,17.055813983098687
2013-06-22 05:00:00,9.676630283792349,12.730955913716627,16.284692097555457
2013-06-22 06:00:00,0.025145189101059007,2.648228295222666,5.384625721944415
2013-06-22 07:00:00,0.02514496331720813,2.647683283903567,5.381170581442732
2013-06-22 08:00:00,0.025145080647487834,2.6476800894653874,5.3808774675483155
2013-06-22 09:00:00,0.025145079000010586,2.64767513971875,5.380877161071248
2013-06-22 10:00:00,0.0251451871406864,2.6476835402991137,5.380877266886488
2013-06-22 11:00:00,0.02514513280940786,2.647679886777858,5.380876882990255
2013-06-22 12:00:00,0.025145148031643423,2.6476798360517604,5.380876732200043
2013-06-22 13:00:00,0.02514516257144432,2.647680834871481,5.380876781940588
2013-06-22 14:00:00,0.02514513933929187,2.6476804635045523,5.380670909718643
2013-06-22 15:00:00,0.02514511568602352,2.648108358226905,5.381282398028599
2013-06-22 16:00:00,0.025145177474302078,2.6559649623771326,7.261425445277933
2013-06-22 17:00:00,0.02514525826066011,2.6580243303245483,9.506778095294852
2013-06-22 18:00:00,0.025145313727161615,2.658024699457333,9.66725206802537
2013-06-22 19:00:00,0.025145394250648094,2.6580250701318193,9.66725274572363
2013-06-22 20:00:00,0.025145502146453974,2.658029887231463,9.666026149166658
2013-06-22 21:00:00,0.025145848189777886,2.669601923679306,9.632581016954228
2013-06-22 22:00:00,0.025145429346160784,2.6580262527538303,9.38004106312954
2013-06-22 23:00:00,0.02514555941929428,2.6580265815570026,9.619364171116786
2013-06-23 00:00:00,0.025145780212859146,2.6580271553178747,9.664190875795963
2013-06-23 01:00:00,0.025145807357036917,2.658026142060467,9.66454952317333
2013-06-23 02:00:00,0.025145737212994908,2.6580260995474747,9.664627419866331
2013-06-23 03:00:00,0.025145561464079213,2.669091327699248,9.669474379135265
2013-06-23 04:00:00,0.02514572053065174,2.676240053972874,9.670915708313231
2013-06-23 05:00:00,0.025145402867367373,2.658025093233143,9.322522501857236
2013-06-23 06:00:00,0.025145163104170847,2.648415545519929,5.587013045405872
2013-06-23 07:00:00,0.025145071725247124,2.648230423986828,5.586351101493395
2013-06-23 08:00:00,0.02514505593623814,2.648230491129157,5.586348807568947
2013-06-23 09:00:00,0.025145055970487884,2.648229232057305,5.586348646476783
2013-06-23 10:00:00,0.025145086064068053,2.6482308849607974,5.586348794881348
2013-06-23 11:00:00,0.025145067568957166,2.6482302409212424,5.383968270944997
2013-06-23 12:00:00,0.025145101940288253,2.6482294450397106,5.5863453584052944
2013-06-23 13:00:00,0.025145124679577892,2.6482289105068055,5.5863486850853405
2013-06-23 14:00:00,0.02514517291097471,2.6482295119954165,5.5863491264690595
2013-06-23 15:00:00,0.025145261115090287,2.6458872947538246,5.627539546150784
2013-06-23 16:00:00,0.025145897962587677,2.6482284852586013,11.725525043374287
2013-06-23 17:00:00,0.03736896676135856,5.329867973216224,23.45533712445276
2013-06-23 18:00:00,4.647764808258716,9.511822685638354,31.61958548174615
2013-06-23 19:00:00,4.651038837406051,9.7619826020541,32.675411971043836
2013-06-23 20:00:00,4.651073604333335,9.761996247031961,32.710736630508165
2013-06-23 21:00:00,4.651092045546827,9.761991843018212,32.67281051215097
2013-06-23 22:00:00,4.652090602156382,9.761990289111347,31.408837900751493
2013-06-23 23:00:00,4.653157638708428,9.762000297910873,31.469951250266156
2013-06-24 00:00:00,4.654256220295807,9.761993777625669,31.517696873942874
2013-06-24 01:00:00,4.712024739217163,9.761992507851932,31.722804415539848
2013-06-24 02:00:00,8.971811039664756,9.968471571298442,31.638687393021982
2013-06-24 03:00:00,14.393522440512102,15.94292261057912,31.462544279560717
2013-06-24 04:00:00,17.935078999915977,20.83104783204277,32.33866031584509
2013-06-24 05:00:00,17.935082878911718,19.872894802640598,31.536682852368628
2013-06-24 06:00:00,17.935081044768655,19.8728608392841,29.77889911905193
2013-06-24 07:00:00,17.935080292200446,19.872856345421962,29.77889511865257
2013-06-24 08:00:00,17.935080436323048,19.872851791060093,29.95962893684284
2013-06-24 09:00:00,23.04962584053237,25.939230757144962,33.43951028642051
2013-06-24 10:00:00,21.21343814028394,25.59909222392672,32.602155679700715
2013-06-24 11:00:00,21.213433637007128,25.599070800734783,32.60215567088103
2013-06-24 12:00:00,21.21343409330027,25.599049658627813,32.60215817870208
2013-06-24 13:00:00,21.267548776791326,25.55257347178833,32.73584163013108
2013-06-24 14:00:00,21.317619490927683,25.599105585777387,32.77123745014046
2013-06-24 15:00:00,28.000992012265016,32.10296902658522,39.360357469152106
2013-06-24 16:00:00,41.2829164042103,50.03243026043416,50.5177749291711
2013-06-24 17:00:00,49.6511025430815,57.188671381726095,56.348184213513846
2013-06-24 18:00:00,50.991334153957816,57.1886727752424,56.40967256665594
2013-06-24 19:00:00,50.991334383901666,57.18867312761346,56.40967340367026
2013-06-24 20:00:00,50.991334421030444,57.188673572884106,56.40967223540716
2013-06-24 21:00:00,50.99133442148076,57.18867465919503,56.40966841861931
2013-06-24 22:00:00,50.99133445044534,57.18867483626101,56.409660846061676
2013-06-24 23:00:00,50.99133444605836,57.18867372682128,56.409669777981314
2013-06-25 00:00:00,50.991334419712096,57.18867368926163,56.409669513331714
2013-06-25 01:00:00,50.991334405199275,57.188673594228064,56.409669769312536
2013-06-25 02:00:00,50.991334409917556,57.188673558544956,56.40966968620929
2013-06-25 03:00:00,50.99133441556876,57.188673781923484,56.40966799574223
2013-06-25 04:00:00,50.991334416146636,57.188673769292365,56.40966590895771
2013-06-25 05:00:00,50.99133440839719,57.18867331261343,56.40965544802341
2013-06-25 06:00:00,41.330153748544724,57.18867236998232,36.4112240282761
2013-06-25 07:00:00,35.81211218050989,50.032430875917726,34.84822271211883
2013-06-25 08:00:00,35.498859012472124,50.03242912512922,32.57509038202194
2013-06-25 09:00:00,35.498858969573504,50.03242916177501,32.382987952085
2013-06-25 10:00:00,35.498859210613674,50.03242936171523,32.23829587886828
2013-06-25 11:00:00,35.49885901775369,50.032429330537724,31.480164048625007
2013-06-25 12:00:00,35.498858930209934,50.03242934165909,31.154494130456456
2013-06-25 13:00:00,35.49885896611064,50.03242934515942,31.155669849944644
2013-06-25 14:00:00,35.49885899362801,50.03242941417763,31.15566989159614
2013-06-25 15:00:00,35.49885916645428,50.03242976379187,31.155670092599294
2013-06-25 16:00:00,35.49886076031402,50.03243021744877,31.32424425941268
2013-06-25 17:00:00,36.10830814690718,50.032463032217834,31.43189671907443
2013-06-25 18:00:00,49.057661785229556,57.18867287815069,31.823283049691746
2013-06-25 19:00:00,50.991333851123116,58.56316423420881,31.68690089717414
2013-06-25 20:00:00,50.99133432201515,61.17846506557337,31.68694146889662
2013-06-25 21:00:00,50.99133436031496,59.98576916081578,31.631860400939118
2013-06-25 22:00:00,50.99133436904558,58.518193299808,31.629678673302465
2013-06-25 23:00:00,50.991334357203996,58.48462414421241,31.626965971945438
2013-06-26 00:00:00,50.99133435752317,58.48453937680954,31.630500749249045
2013-06-26 01:00:00,50.99133432797573,58.49131227376718,31.63066380001849
2013-06-26 02:00:00,50.9913342878984,58.490120338603624,31.63127213191904
2013-06-26 03:00:00,50.99133429366422,58.48631644318316,31.630406872672317
2013-06-26 04:00:00,50.99133429668256,58.48629043202134,31.6304139509881
2013-06-26 05:00:00,50.99133410052978,57.18867324447871,31.494222964929236
2013-06-26 06:00:00,40.464676028002735,57.18867059463187,14.866037552747061
2013-06-26 07:00:00,32.75632278205895,46.80067209156951,14.903047230655764
2013-06-26 08:00:00,32.75632260990082,46.80067165705324,14.903051084604662
2013-06-26 09:00:00,32.75632259716021,46.800671322715395,14.903049304831239
2013-06-26 10:00:00,32.75632319041455,46.800671979814254,14.899116486077126
2013-06-26 11:00:00,32.75632309158956,46.800672960194454,14.901733366680878
2013-06-26 12:00:00,32.75632316866956,46.80067404144271,14.902943535232419
2013-06-26 13:00:00,32.75632336002608,46.80067490636987,14.903051598250096
2013-06-26 14:00:00,32.75632323830519,46.8006765488923,14.903050796791783
2013-06-26 15:00:00,32.75632319165779,46.800679186777984,14.986343801135172
2013-06-26 16:00:00,32.756323412933476,46.800680134903544,19.706296638879124
2013-06-26 17:00:00,32.75633798518228,57.188661946319655,24.27872491967677
2013-06-26 18:00:00,33.211200083238026,57.18867248961543,31.89161557044757
2013-06-26 19:00:00,34.090983861504725,57.18867271023136,35.39076709692527
2013-06-26 20:00:00,32.75632754634277,57.1886726943476,35.90098792709817
2013-06-26 21:00:00,32.75632540247654,57.188672647719166,37.47055901812831
2013-06-26 22:00:00,32.756323819471376,57.18867255521874,37.95059900105763
2013-06-26 23:00:00,33.04710780349157,57.18867245154919,38.156263145571344
2013-06-27 00:00:00,33.5657059005921,57.18867229238668,38.544168321586135
2013-06-27 01:00:00,37.399801440824234,57.18867189688471,41.08725516985567
2013-06-27 02:00:00,40.464678319973046,57.188670847806456,44.3771982494306
2013-06-27 03:00:00,40.46467811530985,57.18867077043979,44.37721413738939
2013-06-27 04:00:00,40.464673629332545,57.18867157742272,44.46789898311941
2013-06-27 05:00:00,40.31851088883957,56.12703020721396,44.50496633932608
2013-06-27 06:00:00,31.874797114268013,35.95364863361876,37.12363136971179
2013-06-27 07:00:00,31.874790728768623,35.82289683528464,37.05156631201892
2013-06-27 08:00:00,31.874790572542626,35.82289675211932,37.05156562093519
2013-06-27 09:00:00,31.87479056280363,35.82289637390808,37.05156563389217
2013-06-27 10:00:00,31.874790707266797,35.82289724886425,37.05156647839687
2013-06-27 11:00:00,31.874790646960395,35.82289742092193,37.051566713865526
2013-06-27 12:00:00,31.874790848595463,35.82289739292135,37.05161109956422
2013-06-27 13:00:00,31.87479150239616,35.82289805728503,37.4768517662765
2013-06-27 14:00:00,31.874795287227023,35.82289851969056,38.89531985070087
2013-06-27 15:00:00,33.309990602202696,37.22403991407969,40.73226912063614
2013-06-27 16:00:00,40.9353937992975,45.916395359307025,46.8578015729155
2013-06-27 17:00:00,49.65106847815338,53.607524566697904,55.120940260181094
2013-06-27 18:00:00,49.65110580812524,57.18866757268536,55.33147839585848
2013-06-27 19:00:00,49.651106449670074,57.18867194349186,55.331490804538554
2013-06-27 20:00:00,49.651101334845464,57.18867215476144,55.33149015433176
2013-06-27 21:00:00,49.651073604348504,57.18867227853054,55.33148744815468
2013-06-27 22:00:00,47.17301232306603,57.188672426513314,54.857238576832536
2013-06-27 23:00:00,48.296732829244704,57.188672474465164,54.76765703543556
2013-06-28 00:00:00,47.27641968837617,57.1886725073077,54.54441404847858
2013-06-28 01:00:00,47.87193638494362,57.18867249662733,54.5444103471328
2013-06-28 02:00:00,49.077242284731696,57.188672409720446,54.48078218691387
2013-06-28 03:00:00,49.65109287879494,57.18867224129282,54.48084009668715
2013-06-28 04:00:00,49.65110674113703,57.18867227639799,54.481237938792326
2013-06-28 05:00:00,48.090371502589775,57.18867224087403,53.638234315254685
2013-06-28 06:00:00,22.09698652511561,31.579603737899955,26.794835226167166
2013-06-28 07:00:00,22.096986307171807,24.736628907473644,26.63885309407437
2013-06-28 08:00:00,22.096986354045693,24.438328760568503,26.598687567165022
2013-06-28 09:00:00,22.096986479752115,24.43826923018419,26.59867641267602
2013-06-28 10:00:00,22.096986927810114,24.6445553169477,26.638886262130434
2013-06-28 11:00:00,22.096986684211146,24.438268135484307,26.598676895946625
2013-06-28 12:00:00,22.0969868218671,23.785166506886483,26.59867737949139
2013-06-28 13:00:00,22.096987325676018,23.323743792781922,26.63243081854575
2013-06-28 14:00:00,22.096986984841795,23.38423773874899,26.93041053729467
2013-06-28 15:00:00,22.096986811982653,23.593073487190424,27.326087836793867
2013-06-28 16:00:00,22.096988650905384,24.319254919791128,30.93299500968213
2013-06-28 17:00:00,27.30498964870821,28.51244157110704,36.358007487204816
2013-06-28 18:00:00,27.305003453094606,29.43039606155881,38.37408891470141
2013-06-28 19:00:00,27.305003538325497,29.430398665884294,38.374090987895904
2013-06-28 20:00:00,27.30500338243734,29.430398645001333,38.37409107422348
2013-06-28 21:00:00,26.16955897410733,29.430398560537988,38.374091116339685
2013-06-28 22:00:00,23.152253711082533,26.057320331496562,37.08938378211271
2013-06-28 23:00:00,22.096989138844705,26.032490514397583,37.08990767566821
2013-06-29 00:00:00,22.096987383783546,25.7536433186902,36.34702131266049
2013-06-29 01:00:00,22.096987219057322,25.780029284618614,36.88198679443597
2013-06-29 02:00:00,22.096987161128016,25.787711207707765,37.07995809556626
2013-06-29 03:00:00,22.096987226586986,26.05732401277969,37.090924415910244
2013-06-29 04:00:00,22.096987333938756,26.057321158118654,36.86128280167081
2013-06-29 05:00:00,22.09698729071321,26.05732016493556,36.74995823735184
2013-06-29 06:00:00,5.947150242190318,20.512739852950414,17.7265640112036
2013-06-29 07:00:00,4.797127184255751,20.512733868138415,17.262695561637585
2013-06-29 08:00:00,4.797127068109083,20.51273383671646,15.832450357935402
2013-06-29 09:00:00,4.797127091676269,20.512734226151373,14.907812404631212
2013-06-29 10:00:00,4.797127241192749,20.936793038839614,15.124828190351598
2013-06-29 11:00:00,4.797127320954668,20.68483298194113,15.010712977704609
2013-06-29 12:00:00,4.797127647432456,20.684831681621134,14.834201930254325
2013-06-29 13:00:00,4.80047303876625,20.93679224976212,12.459964959203521
2013-06-29 14:00:00,4.801592333783063,20.93679444679025,11.562323092536978
2013-06-29 15:00:00,5.012231209275657,20.939588887852004,10.690592312632141
2013-06-29 16:00:00,8.147168816288977,21.030363882868073,12.790279817395945
2013-06-29 17:00:00,22.753825337559924,36.97662815689116,18.241349367007455
2013-06-29 18:00:00,50.99133413093021,57.18867250492925,23.33674638768761
2013-06-29 19:00:00,50.9913344365716,57.188673265570685,27.05599724587382
2013-06-29 20:00:00,50.991334432481736,57.188681064254084,28.12262995213198
2013-06-29 21:00:00,50.991334445592926,57.18868143719308,28.63634201271769
2013-06-29 22:00:00,50.99133442489818,57.188681346190016,28.739102665041578
2013-06-29 23:00:00,50.991334382731075,57.18868107201529,28.849290447582355
2013-06-30 00:00:00,50.99133415767472,57.18868002748457,28.871239606562042
2013-06-30 01:00:00,49.39989956000508,57.18867893074261,28.99576516481727
2013-06-30 02:00:00,44.75699187694714,57.18867287204512,29.076793928257537
2013-06-30 03:00:00,41.28291582093044,57.18867281375192,29.076794011534624
2013-06-30 04:00:00,41.28291578507478,57.18867284083316,29.076794217363165
2013-06-30 05:00:00,41.282915579187204,57.18867273815993,28.7289510932686
2013-06-30 06:00:00,2.7239968658523064,4.689430572434318,7.175640966168856
2013-06-30 07:00:00,2.1863725843124784,4.161797172714313,6.824786582884924
2013-06-30 08:00:00,2.1863722470561924,4.161785975564714,6.814643593450099
2013-06-30 09:00:00,2.1863717672034793,4.161784961507016,6.843426287822009
2013-06-30 10:00:00,2.1863725436404136,4.16178491077701,6.87411771949572
2013-06-30 11:00:00,2.1863724512465312,4.1617850483375785,6.878491827875429
2013-06-30 12:00:00,2.186372525923048,4.161785285893533,6.9905831965606335
2013-06-30 13:00:00,2.1863731189843043,4.161785031017312,7.027152551745367
2013-06-30 14:00:00,2.1863729961633207,4.161786564113605,7.068256260044873
2013-06-30 15:00:00,2.1863736497144886,4.257590446993597,7.831827851456042
2013-06-30 16:00:00,9.258110928315897,11.646618720195555,14.657935716223072
2013-06-30 17:00:00,40.197328041652845,34.47464271949193,42.947400061850814
2013-06-30 18:00:00,49.651104290487524,47.799436949355524,52.73924308735191
2013-06-30 19:00:00,49.651104728263206,47.7994429151791,52.81259240485666
2013-06-30 20:00:00,49.6511044758116,47.7994427980549,52.81259263030793
2013-06-30 21:00:00,49.65109585580752,47.799442355235556,52.81259253359085
2013-06-30 22:00:00,48.589831817966996,47.79941654557703,52.68703021623585
2013-06-30 23:00:00,43.56619141775433,45.32714862967792,52.17969170763316
2013-07-01 00:00:00,42.61173894839028,42.50514691297984,52.179690184314964
2013-07-01 01:00:00,43.48321002292737,45.32714697030432,52.17969148586597
2013-07-01 02:00:00,45.91596048558335,50.20586884788358,52.83116609568333
2013-07-01 03:00:00,45.915874281486936,50.20600709853166,52.831167763247215
2013-07-01 04:00:00,46.743200795109196,50.206009589870746,52.831168063831925
2013-07-01 05:00:00,46.74320422265967,50.206009935228444,52.83116262724203
2013-07-01 06:00:00,16.102321675964273,21.28267389505946,16.62075245972688
2013-07-01 07:00:00,16.102321585535115,17.807641088527692,15.298662563262008
2013-07-01 08:00:00,16.10232134838179,17.716806315118255,15.270139158233599
2013-07-01 09:00:00,16.10232140918066,17.716806089231216,15.104540835489582
2013-07-01 10:00:00,16.102324143402235,17.71680605462116,15.270139325585587
2013-07-01 11:00:00,16.102322205779398,17.716805877685914,15.270139166396495
2013-07-01 12:00:00,16.102322061002006,17.716805809172378,15.270139227322788
2013-07-01 13:00:00,16.10232235178652,17.716805945090954,15.270139610368002
2013-07-01 14:00:00,17.09716228314816,17.71680711755753,15.273811403595444
2013-07-01 15:00:00,42.32229377493742,19.29505530655624,20.36115224524437
2013-07-01 16:00:00,50.99133433055044,50.34864880596371,50.19451324744593
2013-07-01 17:00:00,56.1318396852919,58.459089602328,59.64063387569636
2013-07-01 18:00:00,57.30506207698079,60.95659006410078,62.548790802459074
2013-07-01 19:00:00,57.729293416659736,60.999767770752925,62.78615323435326
2013-07-01 20:00:00,57.72929529147261,60.99977264777587,62.78615397313346
2013-07-01 21:00:00,57.729295910898855,60.999774011657024,62.786154128474585
2013-07-01 22:00:00,57.72929624320218,60.999772461825515,62.78615434552284
2013-07-01 23:00:00,57.72929436211083,60.999771625089295,62.786154201511714
2013-07-02 00:00:00,57.73363998175026,61.013870364483765,62.786153403135245
2013-07-02 01:00:00,57.733637418701086,61.01387277096283,62.78615264890449
2013-07-02 02:00:00,57.73364503431031,61.013872923264216,62.78615251823415
2013-07-02 03:00:00,57.73364690066901,61.01387300148282,62.786153160314825
2013-07-02 04:00:00,57.733649037708425,61.01387319174059,62.786153856750914
2013-07-02 05:00:00,57.3613740507542,61.01387213063143,62.2301883984364
2013-07-02 06:00:00,56.131841304577264,37.18130798486797,36.13753977770686
2013-07-02 07:00:00,56.131841088473884,35.11968471121595,32.296844693227676
2013-07-02 08:00:00,49.65107532169374,28.92499090758188,29.91027408284974
2013-07-02 09:00:00,46.74419299776402,28.924794302499407,29.741784560879722
2013-07-02 10:00:00,46.744190742958246,28.9247883837917,29.74178461171345
2013-07-02 11:00:00,46.74419006003242,28.9247880068917,29.741784515605488
2013-07-02 12:00:00,46.744189990309216,27.585487236188452,29.741784464056153
2013-07-02 13:00:00,46.744189938367626,27.58548551775763,29.741784598070815
2013-07-02 14:00:00,46.744189947108,27.58548591631238,29.74178629377883
2013-07-02 15:00:00,46.74419029106075,28.92478936805458,31.49493976021889
2013-07-02 16:00:00,49.69694140339972,43.70465930550142,48.7956785899832
2013-07-02 17:00:00,56.13184079203785,53.50324781789925,58.66695273251687
2013-07-02 18:00:00,56.13184132116642,56.667056421270324,61.3782133826257
2013-07-02 19:00:00,56.131841314032194,56.89506340852567,61.53979703029804
2013-07-02 20:00:00,53.90232631985284,55.13192970725149,60.99785076037437
2013-07-02 21:00:00,49.18653797072442,50.929584330338756,57.93106273970227
2013-07-02 22:00:00,47.23207934326648,49.210936664195856,55.84789022552212
2013-07-02 23:00:00,46.88088270329953,49.2108528904929,55.225468078596954
2013-07-03 00:00:00,46.880882737480206,49.210857816937576,55.22546639270504
2013-07-03 01:00:00,46.880883572974334,49.21095937703867,54.60521775530384
2013-07-03 02:00:00,47.39180622769,50.866588419018626,54.56807395996224
2013-07-03 03:00:00,49.56669645711037,54.75620983020066,55.10345766388357
2013-07-03 04:00:00,51.202287404741114,57.40491279745915,55.903547686210054
2013-07-03 05:00:00,51.95034984493149,57.40491357964448,56.45980597460758
2013-07-03 06:00:00,54.7429070940346,57.404913771044505,56.43660099144309
2013-07-03 07:00:00,56.13183113397479,57.40491328002073,55.614740110247666
2013-07-03 08:00:00,56.13184264787681,57.4049119925237,55.614739203400816
2013-07-03 09:00:00,56.131912827412165,57.404911920294126,55.614778876630844
2013-07-03 10:00:00,56.68879751772377,58.14954425369524,56.50809817169196
2013-07-03 11:00:00,57.006551125776866,57.404993545230965,56.50809819227758
2013-07-03 12:00:00,57.61487934901876,57.40499335673378,56.66048386125915
2013-07-03 13:00:00,57.68455885434238,57.40499388948279,56.665683370892204
2013-07-03 14:00:00,57.68455943102644,57.40499465912067,56.90124317090903
2013-07-03 15:00:00,57.68455968883731,57.40499833111724,57.96672654827241
2013-07-03 16:00:00,57.68455985903774,60.999756738631746,62.105438507044596
2013-07-03 17:00:00,57.89860981759664,60.99984657788233,63.10893543374055
2013-07-03 18:00:00,58.488705483523574,61.066243292266996,64.60478290989404
2013-07-03 19:00:00,58.97941324117425,61.066243768893905,64.60479421942865
2013-07-03 20:00:00,58.979420829664214,61.06624397503061,64.60479601825703
2013-07-03 21:00:00,58.97942091943758,61.06624397937253,64.60479421571257
2013-07-03 22:00:00,58.979420842218865,61.06624378569135,64.60479398672864
2013-07-03 23:00:00,58.97941664503138,61.06624376364809,64.60479351980042
2013-07-04 00:00:00,58.488699510542055,61.06624354101552,64.60479751764228
2013-07-04 01:00:00,58.48868271572777,61.06624358977879,64.6047979963174
2013-07-04 02:00:00,57.684564417883415,61.066243638167656,64.6047974464772
2013-07-04 03:00:00,58.488687837109254,61.06624364549419,64.60479964897293
2013-07-04 04:00:00,58.9793881523241,61.06624373166786,64.60480402880269
2013-07-04 05:00:00,58.48868917751004,61.06624287824374,64.23543457013845
2013-07-04 06:00:00,40.13357392011921,42.03677071660974,53.274989519103634
2013-07-04 07:00:00,36.99890290177848,32.62527729115906,47.303033472132135
2013-07-04 08:00:00,34.79112278186322,32.62527620763786,45.05839830330891
2013-07-04 09:00:00,28.160745830203222,29.714663861081526,44.982029109267785
2013-07-04 10:00:00,28.16074409888416,29.71466058300824,44.98202910001848
2013-07-04 11:00:00,28.16074320504462,29.71466047477842,44.98202902700617
2013-07-04 12:00:00,28.16071705611933,29.714600977847113,44.982029022239736
2013-07-04 13:00:00,28.160731249384437,29.714649313468836,44.98202912040259
2013-07-04 14:00:00,28.160725666330677,29.71463022175813,44.9820294575398
2013-07-04 15:00:00,28.160743090906642,29.71469113668449,44.98203183068198
2013-07-04 16:00:00,28.160745392243513,32.62527961497016,46.8187002608287
2013-07-04 17:00:00,37.40638533106721,37.929972139741004,56.43245303778583
2013-07-04 18:00:00,54.18271899231436,56.729272741341426,62.844603143269424
2013-07-04 19:00:00,57.41282773044859,61.06624334045683,63.786769483177856
2013-07-04 20:00:00,57.68455946303319,61.06624524190916,63.865396436353954
2013-07-04 21:00:00,57.68456014251467,61.06720932927461,63.86531024474374
2013-07-04 22:00:00,58.00638923460578,61.670414754805485,63.904538033570546
2013-07-04 23:00:00,58.064769532359506,61.72983797122072,63.91612054708899
2013-07-05 00:00:00,58.0647770942035,62.181162314743645,64.00409043362589
2013-07-05 01:00:00,58.06477742588685,62.83563834565377,64.2393603229668
2013-07-05 02:00:00,58.0647789892163,62.83565084830906,64.23936939926905
2013-07-05 03:00:00,59.15117888531781,62.83565403475911,64.23937196384806
2013-07-05 04:00:00,59.46945076659072,62.83565509826638,64.60514082932977
2013-07-05 05:00:00,59.00956867698711,62.69151376383672,63.82247475722105
2013-07-05 06:00:00,58.06477957677899,61.72984410869404,60.876177578052435
2013-07-05 07:00:00,58.0647774064299,60.79336668485654,56.28868390618371
2013-07-05 08:00:00,58.064777397028195,59.17021158477785,54.8507991295483
2013-07-05 09:00:00,58.06477730765035,57.763605967116526,54.74532788313329
2013-07-05 10:00:00,58.064777308886256,57.763605514365025,54.74532792636774
2013-07-05 11:00:00,58.06477730213793,57.763605170704764,54.74532718474411
2013-07-05 12:00:00,58.06477727318192,57.763605093054146,54.745327054565806
2013-07-05 13:00:00,58.06477727096589,57.76360518750343,54.74532708634008
2013-07-05 14:00:00,58.06477733172675,57.76360533013534,54.74532729175004
2013-07-05 15:00:00,58.06477740514165,57.763677494018545,54.74533118450571
2013-07-05 16:00:00,58.06477748608633,59.170210514084616,55.89310088322332
2013-07-05 17:00:00,58.064777829764104,61.71049989575415,62.64992237442927
2013-07-05 18:00:00,59.779946755894116,62.94446037069027,64.9483463313899
2013-07-05 19:00:00,61.24429733610303,64.96613503261065,65.19141237660996
2013-07-05 20:00:00,59.88966777587498,63.2997523558267,64.94834964475781
2013-07-05 21:00:00,59.77386781005697,62.924774055935785,64.94835032128647
2013-07-05 22:00:00,59.773867650442504,62.924773758719404,64.9483508822518
2013-07-05 23:00:00,59.77386656200612,62.92477367334937,64.94835043824914
2013-07-06 00:00:00,59.77386558874387,62.92477357351298,64.94835028842607
2013-07-06 01:00:00,59.77386349952948,62.92477346891371,64.94835018302396
2013-07-06 02:00:00,59.77384921759956,62.924773438586264,64.94835047317042
2013-07-06 03:00:00,59.77376449234707,62.92477348694488,64.94835069586736
2013-07-06 04:00:00,59.77386335998555,62.9247735782081,64.94835111278944
2013-07-06 05:00:00,59.055740152927015,62.738508473276624,63.634067823525065
2013-07-06 06:00:00,58.06477752726208,58.18099623049035,40.64168340074838
2013-07-06 07:00:00,58.06477741440668,55.98728452391284,36.91847710117545
2013-07-06 08:00:00,57.396790679522795,45.82754515377431,33.4777279278737
2013-07-06 09:00:00,55.54384766833706,45.82754374577282,33.4606747083703
2013-07-06 10:00:00,55.54384708670018,45.8275433299754,32.935016831258665
2013-07-06 11:00:00,55.5438295936805,45.827542894310035,32.935015216992035
2013-07-06 12:00:00,52.24006554967039,45.8275428676752,32.935014974336795
2013-07-06 13:00:00,52.240063223475616,45.827543028638544,32.93509317064474
2013-07-06 14:00:00,52.24006358728146,45.827543545385936,33.05519365095139
2013-07-06 15:00:00,55.54379989283653,46.604543911838505,37.20038891749689
2013-07-06 16:00:00,58.064777486260994,54.11577864137393,52.66336420457596
2013-07-06 17:00:00,58.06477759479251,60.734844314750966,62.57888423913747
2013-07-06 18:00:00,58.06477762747602,61.729835084587585,62.95196259760778
2013-07-06 19:00:00,58.06477763714884,61.72983707820295,62.951963760553134
2013-07-06 20:00:00,58.06477762410552,61.72983608645492,62.95196321818664
2013-07-06 21:00:00,58.06477763522756,61.72983541133142,62.951962987768276
2013-07-06 22:00:00,58.06477761680509,61.72983246666034,62.95196182259241
2013-07-06 23:00:00,58.06477766098517,61.729834782132116,62.95196301688401
2013-07-07 00:00:00,58.06477772510602,61.72983596590226,62.95196371935497
2013-07-07 01:00:00,58.06477786686334,61.72983711817031,62.95196431638441
2013-07-07 02:00:00,58.064778111726966,61.72983772752107,62.951964612692485
2013-07-07 03:00:00,58.06477853313356,61.72983796624386,62.95196471388215
2013-07-07 04:00:00,58.06478418006486,61.72983831433205,62.95196482915708
2013-07-07 05:00:00,58.06478114058237,61.72983793905291,62.787366952205694
2013-07-07 06:00:00,58.06477761816675,31.940461773300893,31.233892725073922
2013-07-07 07:00:00,58.06477758753875,30.188576298947147,29.1134054737591
2013-07-07 08:00:00,58.06477735394244,24.930589446719427,26.214366942550413
2013-07-07 09:00:00,52.01255872740285,24.930587826414335,26.2143664415621
2013-07-07 10:00:00,52.0125577466514,24.930587543876182,26.214366183585575
2013-07-07 11:00:00,52.012553962016746,24.930587450238257,26.214365949147876
2013-07-07 12:00:00,52.0125464773519,24.93058746570438,26.214365963706314
2013-07-07 13:00:00,52.01254677400407,24.930587628861996,26.214366108621803
2013-07-07 14:00:00,52.012556777445305,24.93058871928166,26.214206873297655
2013-07-07 15:00:00,52.01256186563809,30.16822707612473,31.27241661815455
2013-07-07 16:00:00,58.064777553400326,49.942487231959696,51.582726444576416
2013-07-07 17:00:00,58.06477770633852,59.25393616219727,61.3048264916255
2013-07-07 18:00:00,58.06477780017384,61.06744549226873,62.59812001001935
2013-07-07 19:00:00,58.06477774811915,61.067447426857996,62.59812096287574
2013-07-07 20:00:00,58.064777692658936,61.06744640527936,62.598120526329716
2013-07-07 21:00:00,58.06477768454179,61.06744598992624,62.5981203411493
2013-07-07 22:00:00,58.06477768995954,61.067446051857985,62.59812030957135
2013-07-07 23:00:00,58.064777699432035,61.06744645198647,62.598120556008915
2013-07-08 00:00:00,58.064777711819104,61.06744689890495,62.598120798269385
2013-07-08 01:00:00,58.06477771560537,61.06744737595105,62.59812104065641
2013-07-08 02:00:00,58.06477771935781,61.06744789581372,62.598121381187035
2013-07-08 03:00:00,58.06477772372764,61.067448284608965,62.598121662469815
2013-07-08 04:00:00,58.06477773119663,61.067448693166696,62.598121960407354
2013-07-08 05:00:00,58.06477772780739,61.06744606329193,62.59812042514377
2013-07-08 06:00:00,17.75354693708575,19.613434457338958,21.87502303305685
2013-07-08 07:00:00,17.47847445084678,18.75408610190136,20.027263318661106
2013-07-08 08:00:00,14.13749964002661,15.66865277834242,18.837835762815796
2013-07-08 09:00:00,14.13749897185521,15.668651595178172,18.837834737280744
2013-07-08 10:00:00,14.137498898419977,15.668651371481523,18.8378346453597
2013-07-08 11:00:00,14.137498855480096,15.668651274933488,18.83783457174478
2013-07-08 12:00:00,14.137498826901414,15.668651274984864,18.837834649116964
2013-07-08 13:00:00,14.137498829834668,15.66865139682151,18.837834980086637
2013-07-08 14:00:00,14.137498958570498,15.668651325756283,18.97414362566711
2013-07-08 15:00:00,14.137499762915471,15.668655426935143,22.10287371316341
2013-07-08 16:00:00,43.279839161089434,46.01797453501164,48.16153548626331
2013-07-08 17:00:00,57.893627453251256,59.25393519335292,61.110946200055785
2013-07-08 18:00:00,58.064777650643535,61.06729317763232,62.279547591398185
2013-07-08 19:00:00,58.0647776395287,61.06739207742589,62.27956759525085
2013-07-08 20:00:00,58.064777514635885,61.06730708439955,62.279550762115456
2013-07-08 21:00:00,58.06477757981671,61.06731150519051,62.27955136374633
2013-07-08 22:00:00,58.064777698530214,61.06733400214668,62.279555476160795
2013-07-08 23:00:00,58.06477774144965,61.06741521307694,62.27957156132574
2013-07-09 00:00:00,58.06477778032128,61.06744452164519,62.27957747984004
2013-07-09 01:00:00,58.06477781447334,61.06744630494737,62.27957812962747
2013-07-09 02:00:00,58.06477786139202,61.06744695951327,62.27957853339475
2013-07-09 03:00:00,58.064777896975585,61.06744715897535,62.27957883418383
2013-07-09 04:00:00,58.06477801017199,61.06744746210661,62.27957914771023
2013-07-09 05:00:00,58.06477805721493,61.067446295892395,62.279577537625016
2013-07-09 06:00:00,58.06477768058405,47.92109697061044,46.263973773858
2013-07-09 07:00:00,58.06477623702934,46.581821923563716,43.04236585729256
2013-07-09 08:00:00,49.98783200484904,39.293627119458286,38.455859442393546
2013-07-09 09:00:00,58.064776355595,47.918344288447535,45.15594917677646
2013-07-09 10:00:00,47.01240225923434,39.29362600081158,37.99525367888082
2013-07-09 11:00:00,47.01240232422584,39.29362587296784,37.42521061866693
2013-07-09 12:00:00,47.012402371146386,39.29362585237982,37.42520804707187
2013-07-09 13:00:00,47.012402422322765,39.293626010103644,37.425208044689704
2013-07-09 14:00:00,47.01240262061587,39.29362648707001,37.70398959253571
2013-07-09 15:00:00,47.01240362384399,39.29380944576252,40.79442267004571
2013-07-09 16:00:00,56.14278615263043,49.62086998633499,48.81505924134046
2013-07-09 17:00:00,58.0647777703654,59.253929264180435,57.20008710224004
2013-07-09 18:00:00,58.064777794945904,59.25393664775953,57.50390048741931
2013-07-09 19:00:00,58.064777785681805,59.25393696150059,57.5039003908836
2013-07-09 20:00:00,58.06477768428992,59.253936928253765,56.75655710237975
2013-07-09 21:00:00,58.06477760539703,59.25393689507712,56.61788558753515
2013-07-09 22:00:00,58.06477165135911,59.25393678857438,53.42760684002408
2013-07-09 23:00:00,56.77731104867866,59.253936882845714,53.229106405588276
2013-07-10 00:00:00,51.99695590237478,59.253936828573494,53.22910760230581
2013-07-10 01:00:00,51.996868978847665,59.25393687969169,53.229077385705594
2013-07-10 02:00:00,51.38342713921336,59.253936572633044,53.0191092126956
2013-07-10 03:00:00,51.30509032090487,59.253935509735456,52.87379129449544
2013-07-10 04:00:00,51.220045241292624,59.253935721595155,52.90844419102995
2013-07-10 05:00:00,47.012407262858154,59.25393528079104,49.202747840301015
2013-07-10 06:00:00,5.0960949805024764,10.493138718403653,9.40639597650421
2013-07-10 07:00:00,4.512546719162189,9.023001794302424,8.624979372549358
2013-07-10 08:00:00,4.45816683761198,8.977282690452915,8.624342245510089
2013-07-10 09:00:00,4.458150640731451,8.977281903688246,8.624342041740594
2013-07-10 10:00:00,4.512547890685775,8.977282370167693,8.624342402695607
2013-07-10 11:00:00,4.512547835695186,8.977282566846469,8.624342434551467
2013-07-10 12:00:00,4.512547561276745,8.977282812810671,8.62434247160895
2013-07-10 13:00:00,4.512547337618622,8.977283682771422,8.624343376715082
2013-07-10 14:00:00,4.512528818415604,8.977291037067914,8.639504996068073
2013-07-10 15:00:00,4.84144948423349,9.023924753513835,9.642270054224177
2013-07-10 16:00:00,21.101437820389346,26.41800757434252,28.869838004166432
2013-07-10 17:00:00,28.337012006546015,36.25472515443914,39.575790023140335
2013-07-10 18:00:00,42.623058417851716,48.78300183299235,51.715951201528206
2013-07-10 19:00:00,48.811779851400495,55.48460339166606,56.933243068193136
2013-07-10 20:00:00,49.55822066398992,56.29290401796875,57.810405635236286
2013-07-10 21:00:00,52.184498878436614,59.25393541306639,59.6415836855358
2013-07-10 22:00:00,55.54384903599953,59.25393687668164,59.94053248094337
2013-07-10 23:00:00,57.624292234522756,59.25393706647134,59.94053399076131
2013-07-11 00:00:00,58.06477501064845,59.253937145850315,60.153970369904734
2013-07-11 01:00:00,58.06477782138805,59.253937292922004,60.15399529889868
2013-07-11 02:00:00,58.06477801001414,59.253937430629485,60.15400678461253
2013-07-11 03:00:00,58.06477817209491,59.25393751208676,60.154036208052894
2013-07-11 04:00:00,58.06477833519745,59.25393755631246,60.15403652915412
2013-07-11 05:00:00,58.06477843448719,59.25393734575046,60.15403381886407
2013-07-11 06:00:00,58.064778417213226,59.25175917550587,48.27655294903076
2013-07-11 07:00:00,58.064778200430595,59.251758803025865,43.214522540834835
2013-07-11 08:00:00,58.06477815566375,48.47199796112047,43.04822047966926
2013-07-11 09:00:00,58.06477827291638,48.471765723480615,43.04822007410005
2013-07-11 10:00:00,58.064778905699285,48.47176535348385,43.04822003167232
2013-07-11 11:00:00,58.06477916447675,48.47176511811846,43.04821990925498
2013-07-11 12:00:00,58.064779623762874,48.47176502610931,43.048219961653615
2013-07-11 13:00:00,58.064780316391925,48.47176508805413,43.0482202617443
2013-07-11 14:00:00,58.06478153692466,48.471765283783405,43.05551630390871
2013-07-11 15:00:00,58.06478900942679,48.47176600568372,45.07286505186877
2013-07-11 16:00:00,58.22398249820222,58.333426882904284,56.24871276719639
2013-07-11 17:00:00,58.22409204277457,60.30271156202344,61.47386819541613
2013-07-11 18:00:00,58.224092328607334,61.84660415348314,62.51725907093187
2013-07-11 19:00:00,58.224092566450565,61.89200411529253,62.547844432725235
2013-07-11 20:00:00,58.22409262907827,61.891995256014305,62.52610784711242
2013-07-11 21:00:00,58.22409270921275,61.89202295759173,62.54784621009524
2013-07-11 22:00:00,58.22409278246148,61.977257390470456,62.578490913129876
2013-07-11 23:00:00,58.22409281853237,61.977260070941284,62.57849217155448
2013-07-12 00:00:00,58.22409289815004,61.97726800796696,62.57849686241163
2013-07-12 01:00:00,58.224093330908396,61.984829286203315,62.581743869205994
2013-07-12 02:00:00,58.3853312024173,62.14533441462087,62.65355335158082
2013-07-12 03:00:00,58.95977749432438,62.64083316714992,62.87522903621296
2013-07-12 04:00:00,59.2853782448274,62.97225146339779,63.01308570759943
2013-07-12 05:00:00,58.224093288917025,61.981367928894954,62.62202306974696
2013-07-12 06:00:00,58.22409288220685,59.29553489450053,42.502271721680465
2013-07-12 07:00:00,58.22409286204705,59.29551975535466,42.02701272547159
2013-07-12 08:00:00,58.22409286617338,58.33343281615408,40.7997218098388
2013-07-12 09:00:00,58.22409289131249,58.3334306741713,40.79971837731843
2013-07-12 10:00:00,58.22409297204617,58.333430291563694,40.79971847888671
2013-07-12 11:00:00,58.22409299086224,58.33343011533366,40.79971811236236
2013-07-12 12:00:00,58.224092999239346,58.333430073409794,40.79971792996752
2013-07-12 13:00:00,58.22409299495002,58.33343025314826,40.79971848597132
2013-07-12 14:00:00,58.22409298650349,58.333430744781325,40.806420980822324
2013-07-12 15:00:00,58.224092979228445,58.33343311023032,42.54155379847609
2013-07-12 16:00:00,58.22409300222855,59.29552076862769,58.41423927715381
2013-07-12 17:00:00,58.22409307710484,61.89199777141947,62.44817091619143
2013-07-12 18:00:00,60.56076068610275,63.29996148282035,66.53729829618968
2013-07-12 19:00:00,67.5889679304525,71.42418254504481,68.13620000698346
2013-07-12 20:00:00,67.58898361588014,71.42419803024704,68.13620287607456
2013-07-12 21:00:00,67.58898541469033,71.42419959526264,68.1362029844134
2013-07-12 22:00:00,67.58904694962648,71.42426026589919,68.13621393828052
2013-07-12 23:00:00,67.5889961403224,71.4242088668357,68.13620455417943
2013-07-13 00:00:00,67.58898200965398,71.42419410560517,68.13620225378449
2013-07-13 01:00:00,66.08458176433234,69.89291805192451,67.83772416185445
2013-07-13 02:00:00,66.08457196135761,69.89290868802803,67.83772105157324
2013-07-13 03:00:00,66.08456907392745,69.89290542060584,67.83771971405304
2013-07-13 04:00:00,66.08457897292,69.89291164731623,67.83772222900176
2013-07-13 05:00:00,59.994798324759074,63.69434031338567,64.50809477503323
2013-07-13 06:00:00,58.22409381165109,59.29552114430801,34.27549318796365
2013-07-13 07:00:00,58.22409307854689,58.33342757122563,33.674274966907305
2013-07-13 08:00:00,58.22409295436283,49.02553131626905,28.72082331602713
2013-07-13 09:00:00,58.22409280980832,49.02552674577543,27.940425654693456
2013-07-13 10:00:00,58.224092698792106,49.02552587854172,27.940427871083152
2013-07-13 11:00:00,58.224092340562116,49.02552553959278,27.94042430590737
2013-07-13 12:00:00,58.224092291349905,49.02552546537531,27.94042430114073
2013-07-13 13:00:00,58.22409246348772,49.025525575611496,27.940424377319772
2013-07-13 14:00:00,58.22409248318258,49.025525977808144,27.941662876658214
2013-07-13 15:00:00,58.22409281031375,49.0255271785768,30.407169279937833
2013-07-13 16:00:00,58.22409298875586,50.610357357234605,44.96165755347169
2013-07-13 17:00:00,58.22409310268911,59.295520924190804,56.464636543131874
2013-07-13 18:00:00,58.22409468974274,61.88709493314647,57.262126274852584
2013-07-13 19:00:00,58.224094273553504,61.89200162278472,57.27591929821754
2013-07-13 20:00:00,58.22409359695059,61.89200202056986,57.27591846773185
2013-07-13 21:00:00,58.224093364172965,61.89200193750849,57.275918034626535
2013-07-13 22:00:00,58.22409347491257,61.89200170520205,57.46071969270752
2013-07-13 23:00:00,58.22409465674473,61.892003299122955,57.430150526236574
2013-07-14 00:00:00,58.224095929656706,61.89200348956979,57.4301490231454
2013-07-14 01:00:00,58.224094477651896,61.892003290509884,56.07354004503028
2013-07-14 02:00:00,58.22409348063729,61.89200326767906,55.81698067310842
2013-07-14 03:00:00,58.224093227861985,61.89200173985668,55.816978844994836
2013-07-14 04:00:00,58.22409319296879,61.89199641680107,55.816333939435644
2013-07-14 05:00:00,58.2240931758652,60.306255961288684,54.9517557698473
2013-07-14 06:00:00,58.22409308522267,28.541639161890426,14.116014520169179
2013-07-14 07:00:00,58.224093078794354,27.91771120937148,12.7008351637527
2013-07-14 08:00:00,58.22409304726227,23.091192742147534,12.437709959266751
2013-07-14 09:00:00,58.22409296616081,23.091190451457564,12.437709554340563
2013-07-14 10:00:00,58.224092973107666,23.091190257666927,12.437709591577706
2013-07-14 11:00:00,58.22409290831821,23.091190242529038,12.437709545577865
2013-07-14 12:00:00,58.22409272144128,23.091190331480917,12.43770958852107
2013-07-14 13:00:00,58.224092848099616,23.09119064538125,12.437709717985875
2013-07-14 14:00:00,58.22409301317208,23.091191641343592,12.43771048670224
2013-07-14 15:00:00,58.22409308608526,28.987639966474525,12.441785229727387
2013-07-14 16:00:00,58.22409313049052,57.886036192190886,32.63419769375217
2013-07-14 17:00:00,58.224093417250955,59.29551747119216,51.59262145285944
2013-07-14 18:00:00,59.69288900088438,62.9690337175856,57.73884155829736
2013-07-14 19:00:00,60.39293343446395,62.96904234598077,59.631529659250035
2013-07-14 20:00:00,60.39289132746776,62.96904116244064,60.550188997408235
2013-07-14 21:00:00,59.28227221685716,62.969039648363825,61.161904690724604
2013-07-14 22:00:00,59.28229561173506,62.96903965672434,61.16184778720797
2013-07-14 23:00:00,59.28222755323513,62.96903943047194,61.16198970656512
2013-07-15 00:00:00,59.28222799716965,62.96903929062621,61.33580433216466
2013-07-15 01:00:00,59.2822281760873,62.96903924394728,61.3358048603312
2013-07-15 02:00:00,59.282227464425326,62.969039010834415,61.33580466275346
2013-07-15 03:00:00,59.28223237128754,62.96903915488925,61.33580464578057
2013-07-15 04:00:00,59.28229222953667,62.96903965808715,61.31461530404391
2013-07-15 05:00:00,59.28230574509679,62.96903952876106,60.63190785685848
2013-07-15 06:00:00,58.22409320180129,54.63714500954567,23.956372394295393
2013-07-15 07:00:00,58.2240931143821,53.179472554624155,20.8310031368712
2013-07-15 08:00:00,58.22409290599578,44.7339282360845,20.29745896069145
2013-07-15 09:00:00,58.224092376854436,44.733926862880566,20.29745852691967
2013-07-15 10:00:00,58.22409203500675,44.733926694142646,20.29745855602244
2013-07-15 11:00:00,58.224091830170934,44.73392661462543,20.29745853392911
2013-07-15 12:00:00,58.224091902573306,44.73392663987448,20.29745858006852
2013-07-15 13:00:00,58.224092135020975,44.73392681673676,20.29745884165767
2013-07-15 14:00:00,58.22409242966802,44.733927416956895,20.297461075561824
2013-07-15 15:00:00,58.22409287264313,44.734020792582726,21.341926586141852
2013-07-15 16:00:00,58.224093117871256,56.00873750867148,47.88142446998977
2013-07-15 17:00:00,58.224093275380326,59.808760884626906,59.77848721223702
2013-07-15 18:00:00,60.99147034705974,63.04029977727643,63.307235374746156
2013-07-15 19:00:00,62.81929851137893,64.55487674488224,64.54796067692793
2013-07-15 20:00:00,63.98279713924511,64.04912102448809,64.21055382612404
2013-07-15 21:00:00,61.914630927970045,63.04030052768246,64.3318753856563
2013-07-15 22:00:00,61.694945073728114,63.90583405211979,64.5835886511449
2013-07-15 23:00:00,61.304468895556234,63.04030010069129,64.54798243261497
2013-07-16 00:00:00,61.304464122171076,63.040301425479655,64.54798393986714
2013-07-16 01:00:00,61.69500890389352,63.906099832612654,64.5836302632705
2013-07-16 02:00:00,61.895365998301685,64.55486201958975,64.58363039767092
2013-07-16 03:00:00,61.6950155095702,64.76850099474426,64.58363061587747
2013-07-16 04:00:00,61.695001665745174,65.26122175057476,64.58363059202249
2013-07-16 05:00:00,59.93163846402046,65.26146354817936,64.41603528345931
2013-07-16 06:00:00,58.22409330877607,59.295522374294286,29.238649171315558
2013-07-16 07:00:00,58.2240932094921,58.33342739263573,28.326622429348724
2013-07-16 08:00:00,58.2240931013028,54.03796548093451,26.90462725548273
2013-07-16 09:00:00,58.22409299830125,54.037964840910014,26.90462689568475
2013-07-16 10:00:00,58.22409300404366,54.03796469524389,26.904626966237018
2013-07-16 11:00:00,58.22409300634183,54.03796467552458,26.9046268816289
2013-07-16 12:00:00,58.22409305604886,54.037964749988014,26.904627051912044
2013-07-16 13:00:00,58.22409313175318,54.037965062175005,26.904628335100128
2013-07-16 14:00:00,58.22409319046029,54.03796718979008,27.39259959677667
2013-07-16 15:00:00,58.22409323767804,58.33342561953956,37.98974807970009
2013-07-16 16:00:00,58.22409336607281,59.29552113752439,58.01945477719561
2013-07-16 17:00:00,59.26762490229939,60.83233857515649,64.23369435412118
2013-07-16 18:00:00,60.972800273164474,63.08776853917334,65.55290456000185
2013-07-16 19:00:00,61.47432012018897,64.58764467912007,65.5529291708075
2013-07-16 20:00:00,61.42589589046612,64.55487709578686,65.552925594883
2013-07-16 21:00:00,61.42589425383702,64.5548550930056,65.55292348525704
2013-07-16 22:00:00,61.425877927173644,64.55486857425983,65.16383878254142
2013-07-16 23:00:00,61.74788900298835,64.55487847911006,65.5529211626954
2013-07-17 00:00:00,61.784710767424876,64.58770972287121,65.55292537342523
2013-07-17 01:00:00,62.24988339584786,65.09191956491958,65.59849927033653
2013-07-17 02:00:00,62.666066886373024,65.26122621595968,65.59764933191717
2013-07-17 03:00:00,63.437377993216124,66.01132151078632,65.7619637574071
2013-07-17 04:00:00,63.547364253057616,66.12118942157278,65.78342656851355
2013-07-17 05:00:00,63.106799931044,66.00835863403621,65.76289299908228
2013-07-17 06:00:00,58.22409756215031,61.89200603098199,49.42741243779976
2013-07-17 07:00:00,58.22409342213233,59.29552087111541,45.036832990096656
2013-07-17 08:00:00,58.2240932744991,58.3334264725115,43.208889919403326
2013-07-17 09:00:00,58.224093249843996,58.33342527188034,43.2088146701972
2013-07-17 10:00:00,58.224093231364016,58.333425160523596,43.31495048049208
2013-07-17 11:00:00,58.22409321702924,58.333425079556186,42.881937357083125
2013-07-17 12:00:00,58.22409322010966,58.33342508280939,42.88193654160433
2013-07-17 13:00:00,58.2240932322691,58.333425247129625,42.93121973462779
2013-07-17 14:00:00,58.2240932581529,58.333425784966224,43.981929850539615
2013-07-17 15:00:00,58.22409328882741,58.333426799182064,53.088117800710485
2013-07-17 16:00:00,58.224093349334225,59.29552160062328,59.73518602142367
2013-07-17 17:00:00,59.321856683131756,61.874939960250316,64.24185299437478
2013-07-17 18:00:00,60.600640102224155,63.00533832185803,64.977962452243
2013-07-17 19:00:00,60.61070809187654,63.03792349051864,64.9774966590839
2013-07-17 20:00:00,60.60862501060829,63.0379220199735,64.97255091175465
2013-07-17 21:00:00,60.59758562712559,63.03792202188229,64.3896601319169
2013-07-17 22:00:00,59.684045829687285,62.146932403899505,64.20493004826933
2013-07-17 23:00:00,60.43901237973305,62.86135977610732,64.93839695566132
2013-07-18 00:00:00,60.57650448501664,63.000663757619066,64.97100403630517
2013-07-18 01:00:00,60.60151393841375,63.0081702121126,64.97787853190637
2013-07-18 02:00:00,60.60151520526986,63.008175047799675,64.97796935339115
2013-07-18 03:00:00,60.601544996002254,63.00826773577408,65.14348834236371
2013-07-18 04:00:00,60.61071090349722,63.037937228685585,65.14349265146467
2013-07-18 05:00:00,60.61070576280829,63.03792252786633,65.143562934307
2013-07-18 06:00:00,58.22409323264742,40.58388849609434,30.737383970382304
2013-07-18 07:00:00,58.224093114915846,40.58144784096651,29.076030824947836
2013-07-18 08:00:00,56.60901688431372,33.35079046250368,25.77850481878641
2013-07-18 09:00:00,47.14145085920859,33.35078901518082,25.77850367970958
2013-07-18 10:00:00,47.14145054017228,33.35078873411119,25.778503707089783
2013-07-18 11:00:00,47.14145030946601,33.35078865685908,25.778503660578842
2013-07-18 12:00:00,47.14145022906069,33.35078875483367,25.77850374219529
2013-07-18 13:00:00,47.14145023920888,33.350788965114916,25.778503874466296
2013-07-18 14:00:00,47.14145038036233,33.3507894992393,25.82653454159731
2013-07-18 15:00:00,47.141450849631326,33.920590130776255,28.35152380574133
2013-07-18 16:00:00,48.894121471664384,49.121163978404034,47.71514625575835
2013-07-18 17:00:00,58.22409311165922,59.295521314489406,57.56382655902305
2013-07-18 18:00:00,58.224093224258525,59.32043923490749,57.57949191024992
2013-07-18 19:00:00,58.2240932114638,59.32044223237975,57.57949195043799
2013-07-18 20:00:00,58.224093200243665,59.320442009247174,57.579491755788695
2013-07-18 21:00:00,58.22409323089293,59.32044111070978,57.57949159478121
2013-07-18 22:00:00,58.22409326120082,59.320437758676746,57.579490322099254
2013-07-18 23:00:00,58.22409328425577,59.32043782094209,57.57949046321679
2013-07-19 00:00:00,58.224093300215735,59.32043796970565,57.57949057102909
2013-07-19 01:00:00,58.224093313822635,59.320438674991806,57.57949049047675
2013-07-19 02:00:00,58.22409331842959,59.32043890061877,57.57948980442347
2013-07-19 03:00:00,58.2240933199681,59.32043993118419,57.579486727493226
2013-07-19 04:00:00,58.22409332003135,59.32043669448237,56.895506922829064
2013-07-19 05:00:00,58.224093338843765,59.320431526071125,55.287660841074285
2013-07-19 06:00:00,11.670049627419784,12.403374524999105,5.420188725797412
2013-07-19 07:00:00,11.670034002667412,11.808042397276104,5.390560311395014
2013-07-19 08:00:00,9.432674151317663,10.042355125411365,5.383019127983978
2013-07-19 09:00:00,9.432674029088655,10.042354425396475,5.383018041107669
2013-07-19 10:00:00,9.43267414802519,10.042354232980992,5.383018936882334
2013-07-19 11:00:00,9.432674204808269,10.042354077258159,5.383017689659553
2013-07-19 12:00:00,9.432674289601502,10.042354100766119,5.383019161906793
2013-07-19 13:00:00,9.432674321582091,10.042354394920402,5.383021127214317
2013-07-19 14:00:00,9.43267433054411,10.04235549285568,5.407904241274347
2013-07-19 15:00:00,9.43267458108861,10.044497726988169,11.652173300644716
2013-07-19 16:00:00,36.411666957219005,39.941032364648834,40.99306980338948
2013-07-19 17:00:00,49.65108066603079,51.93766959966443,54.070283428465274
2013-07-19 18:00:00,56.48355709002368,59.29552129762707,61.98492872013402
2013-07-19 19:00:00,56.59623280983067,59.295521430026,62.09392477321156
2013-07-19 20:00:00,56.48539367844844,59.29552129814424,62.23238186011266
2013-07-19 21:00:00,56.45258688000272,59.295521303443465,62.2733782277416
2013-07-19 22:00:00,56.452662533200396,59.2955426190789,62.33663130562288
2013-07-19 23:00:00,56.63214582923498,59.752675255843485,62.35675536215631
2013-07-20 00:00:00,58.22408622136648,60.947978880708334,62.71058622209422
2013-07-20 01:00:00,58.22409323304645,60.947978604421436,62.71059048802845
2013-07-20 02:00:00,58.22409331090889,60.94795991128721,62.71059287256886
2013-07-20 03:00:00,58.22409332850568,60.8898384926,62.73460610432511
2013-07-20 04:00:00,58.22409331838428,60.8898241963273,62.73460750394294
2013-07-20 05:00:00,58.22409329469113,60.88978900345933,62.73398765547729
2013-07-20 06:00:00,58.2240894460195,59.29552139697705,38.209820023473
2013-07-20 07:00:00,53.868636408948355,54.166367235542346,35.113129067363616
2013-07-20 08:00:00,50.32666484189765,49.845704210079205,32.20136898622301
2013-07-20 09:00:00,50.32666485872306,49.84570361824658,32.177611742925265
2013-07-20 10:00:00,50.32666694742118,49.84570362325996,32.1776114782197
2013-07-20 11:00:00,50.32666527507288,49.845703491914506,32.17761123891367
2013-07-20 12:00:00,50.32666515979886,49.845703488173065,32.17761127748495
2013-07-20 13:00:00,50.32666520556316,49.84570360984859,32.17761157135341
2013-07-20 14:00:00,50.32666528467507,49.845703791048656,32.18050345666095
2013-07-20 15:00:00,50.32666619146483,49.84570476796449,35.340403313945906
2013-07-20 16:00:00,56.502912359859344,54.73830959657227,55.96738680603086
2013-07-20 17:00:00,58.2240932922485,59.42983299532426,62.78851998564435
2013-07-20 18:00:00,58.224093383729674,60.94826945747492,63.32827523374163
2013-07-20 19:00:00,58.224093390476156,60.94827849849417,63.32827591989777
2013-07-20 20:00:00,58.224093363537996,60.94827898576986,63.32827595851286
2013-07-20 21:00:00,58.224093352052016,60.94828176154211,63.32827598951322
2013-07-20 22:00:00,58.2240933572832,60.94828311181113,63.32827606332923
2013-07-20 23:00:00,58.22409339760908,60.94828337382366,63.32827625919497
2013-07-21 00:00:00,58.22409345752153,60.94828309771338,63.32827653921753
2013-07-21 01:00:00,58.22409355554712,60.94828256567689,63.328277330561264
2013-07-21 02:00:00,58.2240936044123,60.94828029986205,63.3282777910812
2013-07-21 03:00:00,58.22409352307239,60.948276780843486,63.32827786301614
2013-07-21 04:00:00,58.2240934544487,60.948277643993315,63.328277849244465
2013-07-21 05:00:00,58.22409345031974,60.94828022182666,63.328276102532634
2013-07-21 06:00:00,56.63212610954679,48.46292362876309,27.435100412910998
2013-07-21 07:00:00,56.502933037370845,46.13692623222346,25.596220101591882
2013-07-21 08:00:00,47.172951825401555,37.85070053083415,23.24512460391564
2013-07-21 09:00:00,45.85195842385676,37.850699829863274,23.245123767591814
2013-07-21 10:00:00,47.17297048996668,37.850699781337134,23.245123531512263
2013-07-21 11:00:00,47.17296526535346,37.85069972232261,23.2451233236375
2013-07-21 12:00:00,47.17296779215973,37.85069979981916,23.245123641527286
2013-07-21 13:00:00,47.17304390999162,37.85070016522013,23.245124226807853
2013-07-21 14:00:00,48.75448951923203,37.850703301564586,23.44421787055869
2013-07-21 15:00:00,56.50293774978646,55.39722819021876,35.00965275170434
2013-07-21 16:00:00,58.22409323737165,58.33334467306364,57.98279002820217
2013-07-21 17:00:00,58.22409342212867,60.08032388498309,62.99500326085115
2013-07-21 18:00:00,58.22409353478104,62.96903358435329,65.65523741684605
2013-07-21 19:00:00,58.22409346975156,62.96903921838319,65.65537176932169
2013-07-21 20:00:00,58.224093422643755,62.96903920705215,65.65536282114137
2013-07-21 21:00:00,58.22409342541561,62.96903915865691,65.65501927614395
2013-07-21 22:00:00,58.224093481306795,63.03791907632548,65.09186166927213
2013-07-21 23:00:00,58.224093558886466,63.037922912097216,65.65537294457147
2013-07-22 00:00:00,58.224093565359404,63.037923607903224,65.6553744718901
2013-07-22 01:00:00,58.22409385633949,63.03792530866452,65.65537667893894
2013-07-22 02:00:00,60.53248335003409,63.42194164488835,65.6554158431196
2013-07-22 03:00:00,60.60289474213938,63.42194181035792,65.65541824304614
2013-07-22 04:00:00,60.84612987379905,63.4219425626174,65.65541931683005
2013-07-22 05:00:00,60.84612352097196,63.421938938211916,65.65536729019608
2013-07-22 06:00:00,58.22409349191955,59.80726387266386,41.7865819372793
2013-07-22 07:00:00,58.22409339231919,58.33342859271001,38.77231638449522
2013-07-22 08:00:00,58.224091839640664,55.63466631656962,36.58999204159893
2013-07-22 09:00:00,58.22407719232027,55.63466444840207,36.1062633581475
2013-07-22 10:00:00,58.22407369208837,55.634664265028306,36.10626220280823
2013-07-22 11:00:00,58.224073786364336,55.63466427581623,36.10626142186952
2013-07-22 12:00:00,58.224073969508,55.63466441562943,36.10626253536081
2013-07-22 13:00:00,58.224074478698114,55.63466482442486,36.10626385686029
2013-07-22 14:00:00,58.2240754085958,55.63466715416204,37.172428553618175
2013-07-22 15:00:00,58.22409320432444,58.333425444045524,52.041303367375825
2013-07-22 16:00:00,58.224093377025916,59.29552180569254,60.00607799056288
2013-07-22 17:00:00,58.22409353904056,60.452333755571956,63.76066782119124
2013-07-22 18:00:00,58.224093569957724,62.969047886464864,64.20533541150706
2013-07-22 19:00:00,58.22409359655334,62.9690400158935,64.0865126774946
2013-07-22 20:00:00,58.224093549847986,62.96903926795447,64.08651174221082
2013-07-22 21:00:00,58.224093559045656,62.96903723649414,64.08651033929334
2013-07-22 22:00:00,58.224093428298225,62.969038735153724,64.02590446463222
2013-07-22 23:00:00,58.224093465442245,62.9690083733829,64.08650409087407
2013-07-23 00:00:00,58.22409348371771,62.96903581464892,64.08662173995644
2013-07-23 01:00:00,58.22409348958923,62.96903951010865,64.2056265756603
2013-07-23 02:00:00,58.22409349404245,63.31753861548095,64.3616681132279
2013-07-23 03:00:00,58.22409353446736,64.66485221685453,64.9113356511648
2013-07-23 04:00:00,58.224093560537106,64.82348283660598,64.96791618051135
2013-07-23 05:00:00,58.22409351845202,64.82347229169099,64.57718504429312
2013-07-23 06:00:00,58.22409335598771,59.99277480820144,53.88319030976559
2013-07-23 07:00:00,58.22409313008666,58.65909614962934,48.39536897321155
2013-07-23 08:00:00,56.50293664886231,57.37509693004585,45.82135869198111
2013-07-23 09:00:00,56.502936617710695,57.37509642843272,45.65867219747963
2013-07-23 10:00:00,56.50293620259413,57.375096383837615,45.658671979845465
2013-07-23 11:00:00,56.502936363369265,57.37509643514592,45.65867200398423
2013-07-23 12:00:00,56.50293668615926,57.375096606401506,45.658672387003406
2013-07-23 13:00:00,56.502937231733036,57.37509739780789,45.99826428617875
2013-07-23 14:00:00,56.50293956050233,58.08691133088178,52.67174867363706
2013-07-23 15:00:00,58.224087157473974,59.929000631013245,58.36249000985452
2013-07-23 16:00:00,58.22409327538449,61.84848671959071,62.209881117578554
2013-07-23 17:00:00,58.22409344547826,61.565343631609274,63.97532468780351
2013-07-23 18:00:00,58.224093507568604,62.9500184201543,64.11317985971546
2013-07-23 19:00:00,58.22409353822168,62.968804058112454,64.03525779675174
2013-07-23 20:00:00,58.224093476443365,62.96872113143285,64.03523194073418
2013-07-23 21:00:00,58.22409347809939,62.96869802644081,64.03523312238924
2013-07-23 22:00:00,58.224093506335066,62.96342724758985,64.03736097994528
2013-07-23 23:00:00,58.22409345898033,62.96336220808884,64.03737599660423
2013-07-24 00:00:00,58.22409342010844,62.90518318369328,64.03699779645929
2013-07-24 01:00:00,58.224093446096376,62.90492475300447,64.03699856926488
2013-07-24 02:00:00,58.22409348434554,61.64477884754911,64.03035798979295
2013-07-24 03:00:00,58.22409350103444,62.90506031946608,64.03763803377062
2013-07-24 04:00:00,58.22409353206618,62.96298581074833,64.03839968887925
2013-07-24 05:00:00,58.22409352358143,62.32444706517928,63.912875075897595
2013-07-24 06:00:00,58.22409348057543,60.057749330157144,60.99372194196922
2013-07-24 07:00:00,58.22409347822744,59.975750388750654,59.545975190876156
2013-07-24 08:00:00,58.22409346103315,59.975746421100105,57.782077222586416
2013-07-24 09:00:00,58.224093410718844,59.295525970349516,57.15940010383849
2013-07-24 10:00:00,58.22409341060897,59.29552192749275,57.15939517750039
2013-07-24 11:00:00,58.22409339950683,59.295521885722316,57.15939569335617
2013-07-24 12:00:00,58.224093426022144,59.29552174741718,57.15939762395335
2013-07-24 13:00:00,58.224093410265574,59.295521702464825,59.45185752162447
2013-07-24 14:00:00,58.22409342665436,59.29552179770668,61.11126589259766
2013-07-24 15:00:00,58.22409345595434,59.29552311795699,61.348578249268535
2013-07-24 16:00:00,58.224093506392094,59.29552690164519,63.6822889744163
2013-07-24 17:00:00,58.22409915749773,60.88031393541168,66.17469495639541
2013-07-24 18:00:00,61.8988628643695,63.417054284711334,68.047996119917
2013-07-24 19:00:00,66.32742964550262,67.76725049755353,72.00541353674855
2013-07-24 20:00:00,66.32744436791236,67.76726448020486,72.00541957101841
2013-07-24 21:00:00,66.66697631222559,68.10078988097199,71.72376579075899
2013-07-24 22:00:00,68.45775563245388,69.85988819094621,72.92072400524471
2013-07-24 23:00:00,68.47779899580928,69.87957767674304,73.69612256949723
2013-07-25 00:00:00,68.4778282068625,69.87960651005534,73.69617154812595
2013-07-25 01:00:00,68.47787420949176,69.87965183075873,73.69621721314273
2013-07-25 02:00:00,68.47789532487387,69.8796723548404,73.69623815782238
2013-07-25 03:00:00,68.47789611041924,69.87967290536416,73.69623858664244
2013-07-25 04:00:00,68.47789670044172,69.87967330246089,73.69623917615078
2013-07-25 05:00:00,68.37214962424275,69.77579730628344,73.59023025687202
2013-07-25 06:00:00,59.274315207413174,62.96098724323737,62.77178501858155
2013-07-25 07:00:00,58.22409353842384,59.29557040377806,58.8039031216038
2013-07-25 08:00:00,58.22409352141316,59.2955226929315,58.475768698940875
2013-07-25 09:00:00,58.224093524476984,59.2955214532879,58.47576803028581
2013-07-25 10:00:00,58.2240935350894,59.29552146804854,58.47576802396556
2013-07-25 11:00:00,58.22409352876292,59.29552144464294,58.475768070094595
2013-07-25 12:00:00,58.224093537732294,59.29552145253279,58.4757683368499
2013-07-25 13:00:00,58.22409355956873,59.29552159613833,58.47577082026559
2013-07-25 14:00:00,58.22409357726977,59.29552238170703,59.83221600105889
2013-07-25 15:00:00,58.224093624423446,59.29983607849112,60.34512028011778
2013-07-25 16:00:00,58.22409450681445,60.08129957566243,63.68491741641791
2013-07-25 17:00:00,61.44281044575161,62.96903949361923,68.81014886233517
2013-07-25 18:00:00,71.84991594173283,73.15644848703246,77.46178249963658
2013-07-25 19:00:00,71.90636357670752,73.17863522120606,77.46633285438915
2013-07-25 20:00:00,71.84131985326813,73.2459057151405,77.4617829517003
2013-07-25 21:00:00,71.84130275523347,73.24587108163986,77.46178062420093
2013-07-25 22:00:00,70.37501012134703,71.7432382990784,76.88597299985729
2013-07-25 23:00:00,69.65883269202074,71.72095537009744,76.87684252643174
2013-07-26 00:00:00,67.22528027431107,69.7503733314628,76.90464701115184
2013-07-26 01:00:00,69.65883715150298,71.72096447536059,76.87684787619699
2013-07-26 02:00:00,69.5845507913752,71.75478822502285,76.8907059131223
2013-07-26 03:00:00,67.58540331449797,73.14734883954047,77.45594963150619
2013-07-26 04:00:00,67.58540256985901,73.14735431443444,77.45595179230003
2013-07-26 05:00:00,59.865187528799254,65.88789350570637,70.29367615700986
2013-07-26 06:00:00,58.22409370672104,62.96903963199664,62.78429321326513
2013-07-26 07:00:00,58.224093827336155,62.84770500662844,60.2635486990135
2013-07-26 08:00:00,58.22409385093576,62.84770560317591,58.1087031921747
2013-07-26 09:00:00,58.22409389111178,59.807273274410804,58.10870291299325
2013-07-26 10:00:00,58.22409371767409,59.80726437604284,58.108702869125885
2013-07-26 11:00:00,58.22409374874876,59.80726352641701,58.108702884506044
2013-07-26 12:00:00,58.22409376652201,59.80726312529627,58.10870302842816
2013-07-26 13:00:00,58.22409383133967,59.807263211371605,58.10870475173184
2013-07-26 14:00:00,58.224094315602805,59.807264137532016,60.56568842481897
2013-07-26 15:00:00,58.902044513849184,60.504471394587384,61.797964015751084
2013-07-26 16:00:00,60.9164828706068,63.027946917753596,66.29334786633804
2013-07-26 17:00:00,163.67294000936502,155.67333498388243,157.97985953547956
2013-07-26 18:00:00,202.09010453826198,196.14814183874802,194.97861103045256
2013-07-26 19:00:00,202.09015516564332,208.32819957568248,195.7345184866754
2013-07-26 20:00:00,202.090155383387,208.32819972465526,195.7345183065054
2013-07-26 21:00:00,202.0901555571016,208.32819954810034,195.73451756096318
2013-07-26 22:00:00,202.0901552393467,208.32819924670642,195.734518729533
2013-07-26 23:00:00,202.0901550166558,208.32819943031345,195.73451864619548
2013-07-27 00:00:00,202.09015329260222,208.32819970080976,195.73451908153532
2013-07-27 01:00:00,202.09014590639134,208.32819978382201,195.7345198120204
2013-07-27 02:00:00,202.09013401830504,208.32819962281062,195.73451993160117
2013-07-27 03:00:00,202.09013491792084,208.328199428411,195.7345201035921
2013-07-27 04:00:00,202.09013948473776,208.32819938449074,195.73452022467467
2013-07-27 05:00:00,202.0900998083716,208.3281848107727,195.3434280362202
2013-07-27 06:00:00,60.53248433774863,64.24329825560991,42.57611806305301
2013-07-27 07:00:00,58.224093569428874,59.295522242866305,40.69086915995268
2013-07-27 08:00:00,58.224093540796204,59.29552140768851,39.04424334106117
2013-07-27 09:00:00,58.22409354343619,59.29552057727849,39.04423494272559
2013-07-27 10:00:00,58.224092616503604,57.25952931776957,38.01292358912843
2013-07-27 11:00:00,52.44012587059484,52.51491258615787,36.930963283296194
2013-07-27 12:00:00,52.14244525549754,52.514911974315574,36.930963440786755
2013-07-27 13:00:00,52.14244502165278,52.51491181523736,37.31705020209722
2013-07-27 14:00:00,52.1424454073835,52.514911867603026,37.82720599815417
2013-07-27 15:00:00,52.14251721168005,52.51491277275284,43.59116728868874
2013-07-27 16:00:00,58.22409256751877,59.29551923857047,59.93001583051673
2013-07-27 17:00:00,58.22409355703615,61.22600840620622,63.500659789972296
2013-07-27 18:00:00,58.22409378466015,62.85552445455824,63.64467014239441
2013-07-27 19:00:00,58.224093688372655,62.855542223803006,63.64467475625281
2013-07-27 20:00:00,58.224093578512914,61.04963063305158,63.4687581618117
2013-07-27 21:00:00,58.2240934496909,60.96989208083018,63.43268282791382
2013-07-27 22:00:00,58.22409353360667,61.08706600459692,63.41519683459184
2013-07-27 23:00:00,58.22409349826492,60.96991734988096,63.41166775751068
2013-07-28 00:00:00,58.22409312651544,60.96993299106014,63.41166718512143
2013-07-28 01:00:00,56.50293334346548,59.408564460301235,63.41807036763657
2013-07-28 02:00:00,53.869038110219996,59.305398938729596,63.400308424758634
2013-07-28 03:00:00,52.14244482360987,55.16055328021945,60.99846655645528
2013-07-28 04:00:00,52.14244392446355,54.66356872001016,60.98059405867922
2013-07-28 05:00:00,47.726313423341644,52.514913795484894,57.23847843515735
2013-07-28 06:00:00,0.02514693849289784,3.1448329520170057,5.974941837088639
2013-07-28 07:00:00,0.025146848254193797,3.00931222204626,5.904013741861625
2013-07-28 08:00:00,0.025146872321712928,3.009307963210101,5.8291896636201885
2013-07-28 09:00:00,0.025147163084991396,3.0093061428705985,5.829188289569711
2013-07-28 10:00:00,0.025147775871031407,3.0093086423594655,5.829188950645546
2013-07-28 11:00:00,0.025147526187644178,3.009309065908696,5.829185143147635
2013-07-28 12:00:00,0.02514769682924896,3.0093102144186843,5.829188181023361
2013-07-28 13:00:00,0.025159440821841895,3.0093103550874876,5.831864269300508
2013-07-28 14:00:00,0.39539238173892943,3.0093113582944238,5.89501292397867
2013-07-28 15:00:00,5.864134198672919,8.86655917805616,12.260888558900565
2013-07-28 16:00:00,28.034968399433062,23.551758526354714,46.30021990806885
2013-07-28 17:00:00,49.01881055492741,50.81302080700398,61.16087012773126
2013-07-28 18:00:00,57.37911251577733,59.957483586474126,63.47453120348037
2013-07-28 19:00:00,57.87863654591545,59.957519929961016,63.50677667048912
2013-07-28 20:00:00,57.87863904395111,59.9575205333498,63.506776472794584
2013-07-28 21:00:00,57.87863910803432,59.95751931881676,63.50677877532511
2013-07-28 22:00:00,57.878639316468764,59.957517999591126,63.50712872768329
2013-07-28 23:00:00,57.87862720505471,59.232746886237315,63.50423261250707
2013-07-29 00:00:00,56.51770061108664,58.13107043861414,63.09661089185545
2013-07-29 01:00:00,56.26816495006555,57.885923755610776,63.04764725511436
2013-07-29 02:00:00,50.971761514971604,53.33993929141529,62.744788076835384
2013-07-29 03:00:00,51.03619831962215,53.55513834427902,62.87332792742586
2013-07-29 04:00:00,51.78695206520002,56.04999256562483,62.88324570183677
2013-07-29 05:00:00,52.02664896008357,58.06314476538727,63.1155909828258
2013-07-29 06:00:00,11.10104564289719,17.658110014852983,60.82634957498635
2013-07-29 07:00:00,8.971781634721523,12.811651842493756,58.92845756214405
2013-07-29 08:00:00,8.97178134447674,12.81164822990634,58.49579588570429
2013-07-29 09:00:00,8.971781333577445,12.811647695358104,58.49579562966958
2013-07-29 10:00:00,8.971781910535839,12.81164853724578,58.49579559618319
2013-07-29 11:00:00,8.971781546920143,12.811648337308014,58.495795671176516
2013-07-29 12:00:00,8.9717814753017,12.811648618683023,58.4957959595572
2013-07-29 13:00:00,8.971781615140475,12.811648544879496,58.495797196263446
2013-07-29 14:00:00,8.971781639909143,12.811652122508757,59.1611386520907
2013-07-29 15:00:00,8.971781879457327,12.811652255918602,61.61435596947189
2013-07-29 16:00:00,8.971783780139882,12.811669646804138,62.628658899439806
2013-07-29 17:00:00,42.49036505762372,44.96987235010213,62.440191197317496
2013-07-29 18:00:00,52.48201959707276,56.656221106432625,62.95411799314331
2013-07-29 19:00:00,52.48201970809125,58.11813488960641,63.18365342621447
2013-07-29 20:00:00,52.48201920904948,58.118135043924646,62.99524278129475
2013-07-29 21:00:00,52.48200896670962,58.11813253043326,62.89860337744572
2013-07-29 22:00:00,51.95702490194598,57.30301521814728,62.520293540464955
2013-07-29 23:00:00,51.60806859041088,57.07931354595706,62.362037263412745
2013-07-30 00:00:00,51.299185151524235,56.920537130271654,62.33164580846706
2013-07-30 01:00:00,52.07826756812477,57.5915592561702,61.82288515469901
2013-07-30 02:00:00,51.77492050335213,57.59150960939629,61.822859216692784
2013-07-30 03:00:00,51.77482692082485,57.591456632634355,61.822846271121264
2013-07-30 04:00:00,52.078207767969566,57.313814508831044,61.61699941001721
2013-07-30 05:00:00,52.012538501138366,57.079307556782304,61.41770564545913
2013-07-30 06:00:00,8.037755503285933,11.685918246809408,14.191958867274673
2013-07-30 07:00:00,6.581648528275582,11.685917572370503,12.653490906716726
2013-07-30 08:00:00,6.581647721000532,11.68591625177715,12.543164224251624
2013-07-30 09:00:00,6.581648031152526,11.685909950169236,12.5431634870489
2013-07-30 10:00:00,6.5816490262261444,11.685915096834549,12.54316373489085
2013-07-30 11:00:00,6.581649462264362,11.685916547991518,12.543163428598964
2013-07-30 12:00:00,7.08520943852229,11.685915976254527,12.543163374693037
2013-07-30 13:00:00,7.207640744309182,11.685914913712391,12.543162725084901
2013-07-30 14:00:00,7.207981891360928,11.685701204078395,12.543343769202519
2013-07-30 15:00:00,7.320441850667373,11.543578372121694,12.766354272720985
2013-07-30 16:00:00,27.770525442249745,32.85699796290787,34.09281906717383
2013-07-30 17:00:00,46.12447759273395,49.576231080595754,51.921001830772404
2013-07-30 18:00:00,56.37859167331837,59.29552009040206,61.511239956742905
2013-07-30 19:00:00,56.378683257123214,59.29552032290112,61.532954177109865
2013-07-30 20:00:00,56.48093709567401,59.29552059312885,61.53353371567861
2013-07-30 21:00:00,56.48093795000609,59.295520564916224,61.533534251060544
2013-07-30 22:00:00,56.480938801138,59.29552023262402,61.51623150280733
2013-07-30 23:00:00,56.48093642455157,59.29551975362736,61.51622975548971
2013-07-31 00:00:00,56.48093883032329,59.29551388527898,61.51622638862309
2013-07-31 01:00:00,56.48093827838208,59.2955136134282,61.51622603009203
2013-07-31 02:00:00,56.480938266728195,59.295513926492504,61.516225506433116
2013-07-31 03:00:00,56.48093793809273,59.295514699493744,61.516225279190735
2013-07-31 04:00:00,56.48093902327056,59.29551965437298,61.51622719936529
2013-07-31 05:00:00,56.480937187060114,59.29552079834517,61.515433585093845
2013-07-31 06:00:00,34.52522125131802,36.279794172623696,38.50252514902266
2013-07-31 07:00:00,30.45477314622998,33.626583060546665,34.595253917796015
2013-07-31 08:00:00,30.45477281738141,33.62658261614327,34.590943913409276
2013-07-31 09:00:00,30.454772685301293,33.62658216273348,34.59094339372992
2013-07-31 10:00:00,30.454773233903023,33.626583548150194,34.59094440733726
2013-07-31 11:00:00,30.45477332649762,33.626583445062835,34.59094418196527
2013-07-31 12:00:00,30.454773589718393,33.626583343013465,34.590944031444025
2013-07-31 13:00:00,30.454774197261397,33.62658342711963,34.59094375410308
2013-07-31 14:00:00,32.400227053782814,33.62658422579934,34.59094470830352
2013-07-31 15:00:00,34.03015103556031,35.18602225774099,35.862709430923815
2013-07-31 16:00:00,56.63212636458516,52.2502820202594,52.439047736363825
2013-07-31 17:00:00,58.224093525933945,61.84371494912742,62.854421536838174
2013-07-31 18:00:00,59.41152693300643,62.56371942069914,64.20302755410815
2013-07-31 19:00:00,59.53669255535254,62.969038160785836,64.31945774714325
2013-07-31 20:00:00,59.5366931023716,62.96903808767996,64.31946257139477
2013-07-31 21:00:00,59.536684928378186,62.96903760018136,64.31946352134786
2013-07-31 22:00:00,58.22409369393815,62.56372372515402,64.31946334872549
2013-07-31 23:00:00,58.22409358315928,62.56370102510576,64.3194632542689
2013-08-01 00:00:00,58.22409353723177,62.5636431847599,64.31946323515774
2013-08-01 01:00:00,58.224093495512335,61.79717227541268,64.31946318684406
2013-08-01 02:00:00,58.22409342658084,61.797134470623746,64.31946300551449
2013-08-01 03:00:00,58.22409337259461,61.79711232218346,64.31946148575199
2013-08-01 04:00:00,58.224093408586775,61.797087660052554,64.3194582270346
2013-08-01 05:00:00,58.22409340704728,60.073604919156914,64.06955130516876
2013-08-01 06:00:00,9.482427226295625,11.700122441780714,25.845471900849603
2013-08-01 07:00:00,8.971777951314944,11.16059729974712,21.963958277105178
2013-08-01 08:00:00,7.6607002839488825,9.957172691455888,21.574750072400626
2013-08-01 09:00:00,7.660700123306446,9.52970939168097,21.572543476264947
2013-08-01 10:00:00,7.6607002856015765,9.529696714893529,21.5725435032954
2013-08-01 11:00:00,7.660700283240977,9.529696177508134,21.572543491234235
2013-08-01 12:00:00,7.660700302953954,9.529696170186991,21.57254354877699
2013-08-01 13:00:00,7.660700472670832,9.529696417523564,21.57254379013552
2013-08-01 14:00:00,7.660701593893479,9.529696831202536,21.57258979878739
2013-08-01 15:00:00,14.762577555168544,9.529697257933561,26.819793092764627
2013-08-01 16:00:00,53.52594402811149,11.591615263119479,56.16271572219978
2013-08-01 17:00:00,56.480938935758836,46.4612057078451,63.0818044070855
2013-08-01 18:00:00,56.48093085845028,56.76953277235372,63.330003074059675
2013-08-01 19:00:00,55.63284068026217,56.76953523036231,63.33000398633643
2013-08-01 20:00:00,51.33400431114131,55.145680589503094,63.192761827338884
2013-08-01 21:00:00,51.054932567712285,54.99891908941674,63.119317621015334
2013-08-01 22:00:00,49.38456373340791,55.08115698467532,62.471551967320465
2013-08-01 23:00:00,49.26493361968297,55.00316588752314,62.422095525205876
2013-08-02 00:00:00,49.31571495250997,55.32631651548181,62.624570887294055
2013-08-02 01:00:00,49.85254337104776,56.528423977501966,63.01523038706811
2013-08-02 02:00:00,49.85207054837093,56.53797886533676,63.01523746351269
2013-08-02 03:00:00,49.852069486139904,56.537991672327905,63.01523919302959
2013-08-02 04:00:00,49.85207672557837,56.5379946397988,63.01524228077704
2013-08-02 05:00:00,53.873415910225,56.53800232875448,63.01508061607722
2013-08-02 06:00:00,6.509057340999996,9.85345705119682,11.659075682365764
2013-08-02 07:00:00,5.833212482200387,9.85345119878988,11.108574991108673
2013-08-02 08:00:00,5.83321223178808,8.459140477135026,10.274654684440875
2013-08-02 09:00:00,5.83321249049333,8.459139720586832,10.274641025238337
2013-08-02 10:00:00,5.833213080435541,8.459139497294704,10.274640893111757
2013-08-02 11:00:00,6.020852001464524,8.459139382814483,10.274640473943094
2013-08-02 12:00:00,6.240545520216802,8.459139282362244,10.27463945201007
2013-08-02 13:00:00,6.4685789878908215,8.459139499937585,10.282009578461437
2013-08-02 14:00:00,6.825903415111327,8.459139695968634,10.357390320546822
2013-08-02 15:00:00,57.68058478214008,9.22604280774458,12.257189856909871
2013-08-02 16:00:00,58.22409303805589,25.295591770581396,49.88930793630185
2013-08-02 17:00:00,58.22409303391085,47.860893268048606,58.42684556082707
2013-08-02 18:00:00,57.77467177507077,54.612981675427406,58.78095185769653
2013-08-02 19:00:00,57.68063202728765,54.612982122864814,58.70950488781737
2013-08-02 20:00:00,57.57350081364179,54.61298186585452,58.48979859700116
2013-08-02 21:00:00,52.587093250379034,52.25282358670311,54.916858973001375
2013-08-02 22:00:00,52.67857446592485,51.9677146988725,52.18838474182752
2013-08-02 23:00:00,52.63585859840387,52.10893506592709,52.215911333489814
2013-08-03 00:00:00,51.775993272556754,48.69242190065183,52.301641439660536
2013-08-03 01:00:00,52.01258518437305,49.80481736601428,53.74911699364798
2013-08-03 02:00:00,46.70125751812435,48.48826842937242,53.29949201111307
2013-08-03 03:00:00,46.03579738314959,47.83457927955218,52.29918509638658
2013-08-03 04:00:00,43.26347284409776,45.16557251109695,49.6649371990077
2013-08-03 05:00:00,42.99796718172279,45.16557284453622,48.9604644586882
2013-08-03 06:00:00,0.036685077893288,2.6756585065260277,5.405349331148691
2013-08-03 07:00:00,0.025145019308524152,2.645123760962152,5.390570373207957
2013-08-03 08:00:00,0.025144837260361028,2.6451224895385677,5.388110623105815
2013-08-03 09:00:00,0.025144647486361797,2.645122117746058,5.388110078945763
2013-08-03 10:00:00,0.02514463209042847,2.645121927165902,5.388110190450062
2013-08-03 11:00:00,0.025144584539293545,2.645121805167685,5.38811019620176
2013-08-03 12:00:00,0.0251446284657297,2.6451218180750775,5.388110301607046
2013-08-03 13:00:00,0.025144731312102604,2.645122133434515,5.388110600322804
2013-08-03 14:00:00,0.025144692886230495,2.6451226850422223,5.389301473670383
2013-08-03 15:00:00,0.025145090057387496,2.6580233008541723,5.423030862059553
2013-08-03 16:00:00,5.839692890819104,8.53249344747465,12.585990902879487
2013-08-03 17:00:00,36.80528841150583,42.28341064786908,49.642633782716416
2013-08-03 18:00:00,56.632127889665725,60.70949582190718,63.59880618896199
2013-08-03 19:00:00,58.224092557811176,60.709501759585294,63.75889104772706
2013-08-03 20:00:00,58.22409341960418,60.70950309302203,63.79321968526832
2013-08-03 21:00:00,58.22409344167781,60.70950265207302,63.79322827805343
2013-08-03 22:00:00,58.22409343211308,60.70950184145199,63.79322858431836
2013-08-03 23:00:00,58.22409339388068,60.70950135563837,63.793228682109444
2013-08-04 00:00:00,58.22409338044912,60.70950081024274,63.79322871972079
2013-08-04 01:00:00,58.22409339168474,60.70950197113388,63.79322894036166
2013-08-04 02:00:00,58.22409339468625,60.70950233318202,63.793229063355454
2013-08-04 03:00:00,58.22409343414126,60.709502833424054,63.79322898381588
2013-08-04 04:00:00,58.224093465352766,60.70950292643867,63.793228752317944
2013-08-04 05:00:00,58.22409349267921,60.70950469784295,63.65214849000714
2013-08-04 06:00:00,11.748544777133127,14.58615388772904,28.83717294553999
2013-08-04 07:00:00,9.427270430288685,11.831474828001667,24.871182343199735
2013-08-04 08:00:00,9.340764907151089,11.78869110688418,23.544325200458736
2013-08-04 09:00:00,9.340764742946746,11.788690919825147,23.544324861185615
2013-08-04 10:00:00,9.340765033171774,11.78869095021546,23.544325508226564
2013-08-04 11:00:00,9.340764939404194,11.78869098469736,23.544325263666025
2013-08-04 12:00:00,9.340764992687724,11.788691116173428,23.565686473562195
2013-08-04 13:00:00,9.34076542197444,11.78869135622352,23.56569685639191
2013-08-04 14:00:00,9.340768319879244,11.78869264120916,23.976952647614503
2013-08-04 15:00:00,25.246951409120086,12.192739498973353,31.95096069049167
2013-08-04 16:00:00,54.89925388600649,43.42752936184948,56.89067222214078
2013-08-04 17:00:00,58.22409339785545,59.70927861814818,64.61330455899268
2013-08-04 18:00:00,58.22409357424154,61.68209560000768,65.09326187600956
2013-08-04 19:00:00,58.224093566099015,62.961725171151286,65.09326201890912
2013-08-04 20:00:00,58.22409353732275,62.961725547215906,65.09326181563664
2013-08-04 21:00:00,58.224093520055554,62.96172535996203,65.09326146078665
2013-08-04 22:00:00,58.2240934955208,62.961724907919084,65.09326064229897
2013-08-04 23:00:00,58.22409348294185,62.96172412680093,65.0932436894636
2013-08-05 00:00:00,58.22409347961801,62.96172320878909,64.77427628340693
2013-08-05 01:00:00,58.22409348783195,62.961721851545256,64.77426953383356
2013-08-05 02:00:00,58.224093492394836,62.71985577823741,64.6504424262955
2013-08-05 03:00:00,58.224093493246784,62.719837175515785,64.6504348183589
2013-08-05 04:00:00,58.22409350979082,60.21996803747329,64.62842324798777
2013-08-05 05:00:00,58.2240935550092,60.30047840815637,64.5681237950212
2013-08-05 06:00:00,39.446301901396794,16.537551541893535,22.078698177026254
2013-08-05 07:00:00,39.446268452446056,14.461639656707675,20.492263750097024
2013-08-05 08:00:00,31.931417272884346,13.290314383109727,18.448167632747797
2013-08-05 09:00:00,31.93141704986038,13.29031380521361,18.44809380641003
2013-08-05 10:00:00,31.931417130965084,13.29031374315068,18.448093634449215
2013-08-05 11:00:00,31.93141697724895,13.290313786294274,18.44809356336112
2013-08-05 12:00:00,31.93141694918806,13.29031390262713,18.44809364415309
2013-08-05 13:00:00,31.93141693598615,13.2903142711198,18.448093900523617
2013-08-05 14:00:00,31.931416976346284,13.290466933160975,18.44833259953462
2013-08-05 15:00:00,31.931417308236966,24.723688082817826,26.63449427237834
2013-08-05 16:00:00,47.929286676337924,51.4132778263129,52.16087633765886
2013-08-05 17:00:00,58.22408109699871,58.791381826796,60.066950033286666
2013-08-05 18:00:00,58.22409329585186,60.32280271761732,60.067115670022375
2013-08-05 19:00:00,58.22409342674235,59.295521873852806,59.77213878734498
2013-08-05 20:00:00,58.2240934668512,59.28704858502444,58.369594509395306
2013-08-05 21:00:00,58.22409345785431,58.638106057006055,56.89580031444554
2013-08-05 22:00:00,58.22409174752441,57.67488889755721,55.79261245255367
2013-08-05 23:00:00,54.3919391571959,56.77239114873014,55.448367827952744
2013-08-06 00:00:00,53.98850954426019,56.6500222161111,55.443900469986794
2013-08-06 01:00:00,52.64816503635235,56.74943558197029,56.781123803751086
2013-08-06 02:00:00,47.141451030033394,56.749369774676644,57.090586540206516
2013-08-06 03:00:00,47.14145052893707,58.190272027811424,57.53122842495402
2013-08-06 04:00:00,47.1729712595895,60.653201221688946,58.51207805239269
2013-08-06 05:00:00,47.141450490926466,61.09693779635449,58.246906808841764
2013-08-06 06:00:00,5.255893645319694,59.295520484346376,10.817797428051007
2013-08-06 07:00:00,4.234339339682639,51.41328349518642,9.785655761888318
2013-08-06 08:00:00,5.642705606348148,51.41328162711157,9.717173133522461
2013-08-06 09:00:00,5.9271876824417555,51.41328129328748,9.717173222417818
2013-08-06 10:00:00,5.929944950749842,51.413281150191814,9.766703094900345
2013-08-06 11:00:00,13.256232914544707,51.41328156250186,9.766703449464535
2013-08-06 12:00:00,28.268754353895375,51.413282828646956,9.783254423841079
2013-08-06 13:00:00,58.22399277234117,56.65028666245059,10.81345958140596
2013-08-06 14:00:00,58.22409309646093,59.295520228732364,26.578313151412694
2013-08-06 15:00:00,58.22409344440724,59.29552065335134,50.58333839315892
2013-08-06 16:00:00,58.224093532189656,60.3247680971302,60.09533766271808
2013-08-06 17:00:00,58.351745675943434,61.242710808905066,63.46193881653151
2013-08-06 18:00:00,64.7452955432607,68.52968599554406,67.35803845890904
2013-08-06 19:00:00,69.94340699357524,73.45351266240853,69.16932596186238
2013-08-06 20:00:00,71.11764272296243,75.01589333745153,69.7135636776174
2013-08-06 21:00:00,66.13466817084466,69.94389943011554,68.72254055251877
2013-08-06 22:00:00,64.74524782323127,68.52965854781185,68.39670869403714
2013-08-06 23:00:00,64.74516883627051,68.52957845212883,68.39637792213684
2013-08-07 00:00:00,64.74515957225235,68.52956899702302,67.93519433976043
2013-08-07 01:00:00,64.74521697574038,68.52962735575684,68.39846847310595
2013-08-07 02:00:00,64.74520363926818,68.52961363701453,68.4345996980294
2013-08-07 03:00:00,64.74516343660761,68.52957319443476,68.47886743268536
2013-08-07 04:00:00,64.59221628413123,68.03432310516568,68.47885812175048
2013-08-07 05:00:00,62.14204727797455,64.80951535905193,67.44043076233301
2013-08-07 06:00:00,58.224093734117254,61.24271313673097,64.72837947937201
2013-08-07 07:00:00,58.22409349771769,61.2426572280213,62.61894161715868
2013-08-07 08:00:00,58.22409346835248,61.24266921597512,61.249732962778275
2013-08-07 09:00:00,58.224093407202,61.24270375315249,60.43315126844146
2013-08-07 10:00:00,58.224093424596724,61.242712956999334,60.43315104166957
2013-08-07 11:00:00,58.22409339403986,61.24271224537847,60.43315096281409
2013-08-07 12:00:00,58.22409338173376,61.24271382429569,60.433151256477906
2013-08-07 13:00:00,58.22409337949682,61.242701956461005,60.43315252219789
2013-08-07 14:00:00,58.224092741908294,61.242650719207056,61.434753941595055
2013-08-07 15:00:00,58.2240923083725,61.242651083929196,61.78116565723337
2013-08-07 16:00:00,58.224092650585725,61.24271045625946,63.45066517088827
2013-08-07 17:00:00,58.22409278632291,61.24271675214918,64.48875735844419
2013-08-07 18:00:00,58.22409309066306,62.944806161989064,64.68194302984428
2013-08-07 19:00:00,58.22409339817848,63.01308103676098,64.72240102712951
2013-08-07 20:00:00,58.22409342127731,63.01308443257362,64.72240437956587
2013-08-07 21:00:00,58.22409345865938,63.13362295481281,64.44833858293235
2013-08-07 22:00:00,58.22409345826091,69.20521737510309,64.38320882018293
2013-08-07 23:00:00,58.22409345022054,69.2052053203584,64.3759258926286
2013-08-08 00:00:00,58.224093473417845,69.20369008766112,64.38141637165253
2013-08-08 01:00:00,58.2240934892022,63.246728024310585,64.3445600761179
2013-08-08 02:00:00,58.22409345474557,63.20366813792252,64.30849594871722
2013-08-08 03:00:00,58.22409344950746,63.245273618354155,64.34589999495151
2013-08-08 04:00:00,58.224093469889866,63.11670819011167,64.5057621749261
2013-08-08 05:00:00,58.224093546258445,63.34020333305117,64.34166796097817
2013-08-08 06:00:00,58.22409350861182,61.89200066112469,63.11875020185527
2013-08-08 07:00:00,58.22409259863456,59.55816985459507,60.85007228265836
2013-08-08 08:00:00,57.71878905800162,59.29551963243189,60.48400589918732
2013-08-08 09:00:00,57.7187889859241,59.29551944221062,60.405668328254876
2013-08-08 10:00:00,57.718789111415525,59.295519539048314,60.14379438331497
2013-08-08 11:00:00,57.71878910315772,59.295519396779206,60.14379049645563
2013-08-08 12:00:00,57.718789231888806,59.29551935845252,60.14379015168
2013-08-08 13:00:00,57.71878977859615,59.29551958408728,60.143790161371605
2013-08-08 14:00:00,58.22397863453903,59.29552042769763,60.35745931232509
2013-08-08 15:00:00,58.22409336839639,59.29552086830883,60.143790588045015
2013-08-08 16:00:00,58.22409348371277,59.295525958652945,61.17293411893018
2013-08-08 17:00:00,58.22409474211794,59.92494813428389,63.749164861947726
2013-08-08 18:00:00,60.614258113937105,62.96904028507664,64.7892814425997
2013-08-08 19:00:00,60.93614912531156,62.969040625310726,64.88242686923113
2013-08-08 20:00:00,61.31167242802362,62.96903966899465,64.99108406228473
2013-08-08 21:00:00,61.31167841211485,62.96903934849032,64.99108464085452
2013-08-08 22:00:00,61.31167525123448,62.969039131299226,64.9910837070994
2013-08-08 23:00:00,60.936136720886296,62.96903886170867,64.8824142944567
2013-08-09 00:00:00,60.16344871538858,62.969038703192474,64.88240878617019
2013-08-09 01:00:00,58.22409367695333,62.969038563844684,65.03918393906719
2013-08-09 02:00:00,58.2240935247304,62.969038611304136,65.3091704946691
2013-08-09 03:00:00,58.224093481428106,62.969038722648456,65.69912630041809
2013-08-09 04:00:00,58.22409345302193,62.96903877113439,65.79446196770955
2013-08-09 05:00:00,58.22409344304917,62.969038763046896,65.8656005890438
2013-08-09 06:00:00,55.28675028765076,56.56035424107981,61.99483419445228
2013-08-09 07:00:00,46.57971683197113,45.00233844509483,56.70552913514022
2013-08-09 08:00:00,43.08777761592271,41.511129354336326,56.34478489854223
2013-08-09 09:00:00,43.087777353383096,41.51104250907888,56.34478419901707
2013-08-09 10:00:00,43.0877773619415,41.51103854530567,56.34478428654659
2013-08-09 11:00:00,43.087777325557504,41.51103596487168,56.344784296504294
2013-08-09 12:00:00,43.08777752369336,41.51103618922506,56.34478435542379
2013-08-09 13:00:00,44.8055315388721,42.281333776382475,56.34478460405039
2013-08-09 14:00:00,48.89817496211798,43.69412039930629,56.80507628129112
2013-08-09 15:00:00,48.898325753397515,43.69412177364996,58.15828879604705
2013-08-09 16:00:00,58.224093074185646,51.48275793029727,63.247574707295136
2013-08-09 17:00:00,58.224093517171504,62.951995257163865,66.42745795849193
2013-08-09 18:00:00,58.240233643463604,62.968683451488914,66.70220215417659
2013-08-09 19:00:00,59.45953427554341,62.969038823953326,66.91895074141239
2013-08-09 20:00:00,60.39288948158477,62.96903888513665,66.9171742702468
2013-08-09 21:00:00,60.39288640438502,62.969038848775014,66.48775655175345
2013-08-09 22:00:00,58.22409359021819,62.96335476665591,66.55950245629812
2013-08-09 23:00:00,58.22409348187414,62.952319477433825,66.55818213108809
2013-08-10 00:00:00,58.22409344890032,62.96901801320249,66.56025001415901
2013-08-10 01:00:00,58.22409343898996,62.94248666849589,66.54630650037917
2013-08-10 02:00:00,58.22409344673466,62.96902915562183,66.5503747247579
2013-08-10 03:00:00,58.22409346591314,62.96903312016895,66.5509362947915
2013-08-10 04:00:00,58.224093471867185,62.96903109971501,66.55154845529265
2013-08-10 05:00:00,58.2240934790681,62.969003148000645,64.90533526588645
2013-08-10 06:00:00,36.320394166473775,42.16245350640597,43.03512069411812
2013-08-10 07:00:00,34.47771328876452,37.72142663493607,39.35159726006371
2013-08-10 08:00:00,30.045250569213437,34.629429156534584,36.3451211319157
2013-08-10 09:00:00,27.643636678464272,34.629428796836905,36.04803261778578
2013-08-10 10:00:00,27.643632870893043,34.629429041575214,35.579487131244704
2013-08-10 11:00:00,27.643632589652736,34.629429144862016,35.57948553573188
2013-08-10 12:00:00,27.643631394770804,34.6294291807981,35.57948555445887
2013-08-10 13:00:00,27.64362957221913,34.62942908614102,35.57948591131126
2013-08-10 14:00:00,27.643630290217523,34.62942909161836,35.57948780154083
2013-08-10 15:00:00,27.643632686273687,34.6294297100392,37.76058477931959
2013-08-10 16:00:00,27.921788051450623,34.62949957549639,41.5988138799533
2013-08-10 17:00:00,47.141456101553366,58.0466840832659,59.264946396396624
2013-08-10 18:00:00,58.22402694941173,61.89193547356394,62.83712923760546
2013-08-10 19:00:00,58.22409334099785,61.892002209728915,62.83716480384313
2013-08-10 20:00:00,58.22409344993361,61.89200306206596,62.83716534919656
2013-08-10 21:00:00,58.224093478859466,61.89200327164589,62.83716228227727
2013-08-10 22:00:00,58.224093396664955,61.8920018760963,62.83703845865972
2013-08-10 23:00:00,58.224091309084876,61.892001199523996,62.837075938512136
2013-08-11 00:00:00,58.224089011856314,61.89199976402297,62.83707386603443
2013-08-11 01:00:00,58.22409251508391,61.89200292025741,62.837076514293635
2013-08-11 02:00:00,58.224093010863065,61.89200348793518,62.837076687552404
2013-08-11 03:00:00,58.22409327036903,61.8920036927864,62.837076153191845
2013-08-11 04:00:00,58.22409332037445,61.892003646508975,62.83707653966185
2013-08-11 05:00:00,58.22409281248846,61.89199891375105,62.82517693220813
2013-08-11 06:00:00,4.6421034926887845,7.7499703557348845,9.630567906746673
2013-08-11 07:00:00,4.508699200424944,7.429012535529146,9.457980574187584
2013-08-11 08:00:00,3.6319810293932924,6.494317557288047,8.747699258400477
2013-08-11 09:00:00,3.6319802126348635,6.4943123881216005,8.747698916014016
2013-08-11 10:00:00,3.631980269888721,6.49431252148374,8.747698728609851
2013-08-11 11:00:00,3.631978621125818,6.4943125345012005,8.7476982085277
2013-08-11 12:00:00,3.6319362533860455,6.494309532394425,8.747676438219571
2013-08-11 13:00:00,3.459635827140072,6.286497022577104,8.676694259556221
2013-08-11 14:00:00,3.3921447333599852,6.124295040394804,8.631277240947737
2013-08-11 15:00:00,3.631980846072065,6.39437839122842,9.064339240540097
2013-08-11 16:00:00,6.610024972071038,10.086215310559668,12.746274426637218
2013-08-11 17:00:00,36.3309036803939,40.81543226152799,45.99781341193462
2013-08-11 18:00:00,52.21900038315936,56.3194355226995,57.918949026109615
2013-08-11 19:00:00,52.612208449068895,56.9821314088827,58.04812315093886
2013-08-11 20:00:00,52.6122082298749,58.90236185632887,58.048122960865236
2013-08-11 21:00:00,52.61217816436639,58.902685909952915,58.04811964831772
2013-08-11 22:00:00,52.6121860835095,57.31368080198833,58.04811493860467
2013-08-11 23:00:00,52.48724619272216,58.90272048602167,58.03671156565138
2013-08-12 00:00:00,52.612100753384354,58.902726576640696,58.04811079898191
2013-08-12 01:00:00,52.61214126174324,58.90272724419056,58.04812235680591
2013-08-12 02:00:00,52.6121534397348,58.902725575851754,58.04812407164957
2013-08-12 03:00:00,52.612156699904325,58.90272649828573,58.04812473398188
2013-08-12 04:00:00,52.61215818818844,58.902727503596914,58.048125491419924
2013-08-12 05:00:00,52.612158156598596,58.902727720485515,58.0481241755985
2013-08-12 06:00:00,8.740924777727416,12.673432920443705,13.456022930890132
2013-08-12 07:00:00,7.060083686153293,11.574442002490265,11.983280109616771
2013-08-12 08:00:00,7.060083624533635,10.695555921857018,11.964734283949714
2013-08-12 09:00:00,7.060083312160429,10.33849493057709,11.964023750283065
2013-08-12 10:00:00,7.060083368978705,10.338495062420222,11.964024523465621
2013-08-12 11:00:00,7.060083285303987,10.338494868160367,11.9640244532808
2013-08-12 12:00:00,7.060083178688545,10.338494869835714,11.96402442449296
2013-08-12 13:00:00,7.0600831978745875,10.338494837851911,11.96402789755291
2013-08-12 14:00:00,7.06008350407956,10.33849470638544,12.179138861535915
2013-08-12 15:00:00,7.224429596574363,10.338495357082191,12.94293963119955
2013-08-12 16:00:00,27.544439638772353,31.413173952769583,35.896651044682635
2013-08-12 17:00:00,44.54805492248764,47.491218203138246,56.639782807509235
2013-08-12 18:00:00,55.0223622027409,57.65263187102493,60.38616088493821
2013-08-12 19:00:00,55.02236336114676,57.65263345846644,60.38616139361335
2013-08-12 20:00:00,55.02236347893958,57.65263321384258,60.38616159550957
2013-08-12 21:00:00,55.022362746268044,57.65263091837875,60.386161498439506
2013-08-12 22:00:00,55.02236164931288,57.65262739750901,60.38616155284063
2013-08-12 23:00:00,53.525686814351076,56.297994514327975,60.386157886469555
2013-08-13 00:00:00,50.2642409298997,56.333584348649694,60.38200772630917
2013-08-13 01:00:00,50.11011075124302,57.65263043528562,60.19480526977177
2013-08-13 02:00:00,49.651086652251024,57.558220542926705,59.729993164718316
2013-08-13 03:00:00,49.65108435173072,57.55414447259734,59.72779242422596
2013-08-13 04:00:00,49.65108735708737,57.576376029059816,59.73978270942835
2013-08-13 05:00:00,53.194475993677244,57.65263218040856,59.85644026343861
2013-08-13 06:00:00,0.07008467175282265,23.50506942587789,8.330902276564736
2013-08-13 07:00:00,0.07008449950994365,19.516948964092897,8.014679527184756
2013-08-13 08:00:00,0.036702919508818516,19.516946825840105,7.743922133184076
2013-08-13 09:00:00,0.03670268496172892,19.516946622861653,7.743916673863155
2013-08-13 10:00:00,0.036686699650919086,19.516946759474987,7.714294326802385
2013-08-13 11:00:00,0.03663778708243202,19.51694677281483,7.71898603232827
2013-08-13 12:00:00,0.025145947915763505,19.516946725318615,7.436397014343116
2013-08-13 13:00:00,0.03655975685250441,19.516946782458675,7.387348666209669
2013-08-13 14:00:00,0.03670276362127231,19.51694761078139,7.157699526863595
2013-08-13 15:00:00,0.04058084238778532,19.753544481366905,7.949523023753035
2013-08-13 16:00:00,10.630292328598387,59.20473250724949,27.806025447782858
2013-08-13 17:00:00,32.910969891347854,59.29552124417831,43.566787582856755
2013-08-13 18:00:00,49.861131087913755,59.295521681308166,50.32675339717635
2013-08-13 19:00:00,56.63212749692148,59.29552176855049,52.841300039987324
2013-08-13 20:00:00,58.12349287517143,59.882426474058754,52.817020355650506
2013-08-13 21:00:00,58.223382725508,59.960908400727845,52.83847361517018
2013-08-13 22:00:00,56.63212400570322,59.29552172073228,52.8356050868501
2013-08-13 23:00:00,56.63212505995885,59.295521836051066,50.87785818495407
2013-08-14 00:00:00,56.63212643787552,59.29552183560383,50.81391961253566
2013-08-14 01:00:00,57.00911463415818,59.29552208656558,50.76670625135214
2013-08-14 02:00:00,58.2098072309281,59.91709010631448,50.855973008276656
2013-08-14 03:00:00,58.224093095470295,59.961886159552805,52.83857726706122
2013-08-14 04:00:00,58.224093413286795,59.96189901716824,52.83858393394444
2013-08-14 05:00:00,58.22409346306294,59.947940231365656,52.68281400066497
2013-08-14 06:00:00,58.22409341739556,59.295522458491405,22.190580891320664
2013-08-14 07:00:00,58.22409334066768,56.61426430868513,19.286971848496506
2013-08-14 08:00:00,58.22409229099174,56.614261471488746,19.286971553903214
2013-08-14 09:00:00,58.22409207595108,56.61426136792854,19.28697141922074
2013-08-14 10:00:00,58.22409285582754,56.61426141902765,19.286971811683813
2013-08-14 11:00:00,58.22409230743665,56.61426141841314,19.286971911022796
2013-08-14 12:00:00,58.224092654452924,56.6142614385234,19.28697221966948
2013-08-14 13:00:00,58.22409274021187,56.61426188373947,19.286973373190484
2013-08-14 14:00:00,58.224091819470615,58.45430033185141,19.926700937625963
2013-08-14 15:00:00,58.22409253128309,59.29550116303648,27.71012752693113
2013-08-14 16:00:00,58.224093468343376,59.295521541736846,50.84484762588421
2013-08-14 17:00:00,58.22409391668979,61.89200398404899,61.17530965349837
2013-08-14 18:00:00,59.282235761710155,62.96903989394758,63.605678097004464
2013-08-14 19:00:00,59.282237315762956,62.969040229981154,63.72800064324207
2013-08-14 20:00:00,59.282236196792205,62.96904015089452,63.72804518086739
2013-08-14 21:00:00,59.28222603447226,62.9690398235831,63.72804316167545
2013-08-14 22:00:00,58.22409491887311,62.969034061832346,63.72803654420238
2013-08-14 23:00:00,58.22409362310077,62.96901866917331,63.728035786010665
2013-08-15 00:00:00,58.2240935593077,62.555767502632534,63.6474853111833
2013-08-15 01:00:00,58.224093533565345,62.55572308781022,63.64747833733268
2013-08-15 02:00:00,58.224093504211965,62.55570917686175,63.64747624016051
2013-08-15 03:00:00,58.22409346835233,62.55568303440866,63.64746944229206
2013-08-15 04:00:00,58.22409345678405,62.55567052307719,63.64746772303512
2013-08-15 05:00:00,58.22409343948661,62.41088225897877,63.63606396701501
2013-08-15 06:00:00,9.717577343660022,12.832939707928375,14.998027613890166
2013-08-15 07:00:00,8.100457855777336,11.09869782278437,13.752677574224096
2013-08-15 08:00:00,7.851172448976622,10.872519947497533,13.051304179529481
2013-08-15 09:00:00,7.851172507652615,10.499423737053291,13.051302441285262
2013-08-15 10:00:00,7.851172552256786,10.8725179195437,13.051302480839396
2013-08-15 11:00:00,7.85117233736477,10.499168228658412,13.05125250508758
2013-08-15 12:00:00,7.851172166764642,10.499407905504633,13.051299297589003
2013-08-15 13:00:00,7.8511720031850265,10.499423966517947,13.051302714281583
2013-08-15 14:00:00,7.733539055086001,10.499425969699477,13.092816635108782
2013-08-15 15:00:00,7.899213406140084,10.872522354779214,14.744258306818418
2013-08-15 16:00:00,29.663506168807075,36.5067925056302,50.35703705317578
2013-08-15 17:00:00,48.422417585277415,51.600583101601394,61.0490867904418
2013-08-15 18:00:00,51.16135557892341,54.0370029354059,61.058484370433476
2013-08-15 19:00:00,51.16135560185368,54.037004235243764,61.05848370288316
2013-08-15 20:00:00,51.16135029652893,54.03700527722726,60.59712101953512
2013-08-15 21:00:00,50.09647334719884,54.03700415075105,59.80931372564693
2013-08-15 22:00:00,48.33566044146766,54.03671447849308,59.78777236553341
2013-08-15 23:00:00,42.66253144817412,52.41542385082985,59.03681089942629
2013-08-16 00:00:00,47.17292693304561,52.41541577388108,59.03680481283434
2013-08-16 01:00:00,41.65870263795042,52.41542055574668,59.03680907729256
2013-08-16 02:00:00,47.17294146359088,52.60358326907691,59.18408699585558
2013-08-16 03:00:00,47.85837693219094,53.21214668082839,59.59798336429201
2013-08-16 04:00:00,48.33573993909524,54.037003743633775,59.98845828699364
2013-08-16 05:00:00,48.335808439238015,54.03700259779632,59.99544753093236
2013-08-16 06:00:00,0.056684327723269784,4.314557369513688,5.441438296951023
2013-08-16 07:00:00,0.025849965002201467,3.9726502144424236,5.428351657655394
2013-08-16 08:00:00,0.025849335268040705,3.9726315197329702,5.394634028619887
2013-08-16 09:00:00,0.02584902608483977,3.97263110929015,5.394633542046858
2013-08-16 10:00:00,0.025849284439506914,3.9726309584552864,5.394633412413129
2013-08-16 11:00:00,0.025849309419450246,3.972630955411358,5.394633067515697
2013-08-16 12:00:00,0.02584951798508276,3.9726313407285043,5.394632712307088
2013-08-16 13:00:00,0.02585042992992271,3.97263235746615,5.394632993266693
2013-08-16 14:00:00,0.03669092544790573,10.930143173613907,5.396915612075431
2013-08-16 15:00:00,8.971780331212535,25.27378065961546,12.275604763342718
2013-08-16 16:00:00,49.0164859054223,52.51990159406613,53.178252113611286
2013-08-16 17:00:00,58.22409346116465,60.89588458853132,62.364469044123815
2013-08-16 18:00:00,58.22409361039304,62.31810634257833,63.36139353648254
2013-08-16 19:00:00,58.224093706917046,62.3206678483251,63.059312425027386
2013-08-16 20:00:00,58.90169073000451,62.96903512903045,62.84810274636324
2013-08-16 21:00:00,59.77528664062958,62.96903959461182,63.86940390541121
2013-08-16 22:00:00,60.1433674814323,62.96904089270421,64.10767775481106
2013-08-16 23:00:00,60.14336858558299,62.96904510122312,64.21166614234183
2013-08-17 00:00:00,60.14336768729223,62.969041449772035,64.21166533654072
2013-08-17 01:00:00,60.14336778203002,62.96904019859916,64.21166602907009
2013-08-17 02:00:00,60.14336774349297,62.969040192901744,64.21166489020429
2013-08-17 03:00:00,60.14336720056064,62.9690401974158,64.21166472209677
2013-08-17 04:00:00,60.14336645696769,62.96904019623662,64.2116583266896
2013-08-17 05:00:00,60.14336731474252,62.969040192798026,64.21166597744127
2013-08-17 06:00:00,10.020233793098768,11.935376181725129,23.220362100346073
2013-08-17 07:00:00,9.373577597373304,11.26378568316311,20.427853480390596
2013-08-17 08:00:00,8.798488824998115,10.545167897331186,19.764145562862247
2013-08-17 09:00:00,7.661920595587059,9.684128484277107,19.580844950305924
2013-08-17 10:00:00,6.591578242966188,9.600443765267778,19.563671703790206
2013-08-17 11:00:00,6.5915773677688465,8.482516024501864,19.563670950310417
2013-08-17 12:00:00,6.591576581739793,8.208649915431662,19.53712932726406
2013-08-17 13:00:00,5.8132153557584765,6.63797381328247,19.452256093059084
2013-08-17 14:00:00,6.591574268782814,8.806803094500655,19.561886174230253
2013-08-17 15:00:00,6.591577276030528,9.29657390579701,20.128586411295757
2013-08-17 16:00:00,6.59157759029894,11.614452006850648,39.035265176578456
2013-08-17 17:00:00,8.162522188012652,17.317742476662918,42.91965931349335
2013-08-17 18:00:00,8.162522448857242,17.31774560468752,42.91966041354924
2013-08-17 19:00:00,8.162522457324446,17.31774573711788,42.80830573358529
2013-08-17 20:00:00,8.162522407457494,17.31774566620872,42.80823924127789
2013-08-17 21:00:00,8.162522094079376,17.31774549051389,42.19054557671874
2013-08-17 22:00:00,6.591577566362664,14.837595046704099,39.47263033004576
2013-08-17 23:00:00,6.5915774712551976,14.837593120736845,36.924172113527995
2013-08-18 00:00:00,6.591577446134061,14.837049727382102,36.845505486789484
2013-08-18 01:00:00,6.591577139184575,14.83220075358999,36.74514907668047
2013-08-18 02:00:00,6.591577010234668,14.802028938591707,36.5378666706818
2013-08-18 03:00:00,6.59157683711872,14.802016807581577,36.53776770131257
2013-08-18 04:00:00,6.5915765721902755,14.802017569513044,36.5377668033842
2013-08-18 05:00:00,6.591560836714728,15.584911597865702,31.47972502336399
2013-08-18 06:00:00,0.036688618098837375,14.04466298303219,21.431599468849782
2013-08-18 07:00:00,0.02514750236519649,12.899337748334524,21.143374009141127
2013-08-18 08:00:00,0.03668904954490338,13.083065016550197,23.820323959008
2013-08-18 09:00:00,0.03669245829102252,13.08306501394799,23.50460042730748
2013-08-18 10:00:00,6.607919063097106,13.778447866823381,23.881697838150494
2013-08-18 11:00:00,6.341761230452969,12.899182551199562,20.94507974533977
2013-08-18 12:00:00,0.3094044363950312,3.360386572283274,6.314237197203347
2013-08-18 13:00:00,6.3373704347776805,9.809511128450886,12.938989751906899
2013-08-18 14:00:00,8.632492949088109,11.639228050951438,20.42687176200848
2013-08-18 15:00:00,9.837680883631519,12.899342353880868,21.58402041444917
2013-08-18 16:00:00,31.37759946908472,32.92979367802462,36.098391859802426
2013-08-18 17:00:00,58.22409334686213,58.7813731310276,63.177766612517246
2013-08-18 18:00:00,58.22409364918734,60.09527565821163,64.02207470916746
2013-08-18 19:00:00,58.22409371467381,60.09528677390293,64.23541512135417
2013-08-18 20:00:00,58.224094477956164,60.82561164421733,64.48524916091165
2013-08-18 21:00:00,59.60228668518116,61.23421123966594,65.56248907199377
2013-08-18 22:00:00,60.24538425287326,62.642471213961926,65.70184255756473
2013-08-18 23:00:00,60.375495394500135,62.96985087442223,65.69681856074062
2013-08-19 00:00:00,60.66031635680729,62.969849066151575,66.1838642473343
2013-08-19 01:00:00,60.73516931062854,62.96985125705175,66.23316641759807
2013-08-19 02:00:00,60.735179726571474,62.969851323633016,66.23317509326927
2013-08-19 03:00:00,61.413947644570655,62.96985153262273,66.68308739003838
2013-08-19 04:00:00,61.443634607100066,62.969851919824194,66.924724678838
2013-08-19 05:00:00,60.53249182510691,62.969851341820345,67.06408265121435
2013-08-19 06:00:00,58.502951706321966,60.08119443034293,64.9004007028848
2013-08-19 07:00:00,58.224093680173326,59.29628466239786,63.58599106789652
2013-08-19 08:00:00,58.22409364596566,56.4866224927174,62.54459108312701
2013-08-19 09:00:00,58.224093616091075,56.48662115096911,62.54458909457565
2013-08-19 10:00:00,58.22409357958668,56.48662122351786,62.544588796354894
2013-08-19 11:00:00,58.22409184633848,56.48662132640261,62.54458868403837
2013-08-19 12:00:00,58.224091260636996,56.486621324002286,62.54458870799879
2013-08-19 13:00:00,58.22409108022394,56.48662132059855,62.544588994961615
2013-08-19 14:00:00,58.22409107877171,56.48662166708021,62.5445889722565
2013-08-19 15:00:00,58.22409135294963,56.48662296240207,62.81985114167633
2013-08-19 16:00:00,58.224093154267955,59.29628490183056,64.31295534718767
2013-08-19 17:00:00,58.22409365394954,59.80726306712481,65.30790349897815
2013-08-19 18:00:00,58.224094196065096,62.96985157052508,65.5171126237661
2013-08-19 19:00:00,60.39369813659801,62.969852263788304,65.80211598268777
2013-08-19 20:00:00,60.39379195294926,62.96985281669013,65.8021424233486
2013-08-19 21:00:00,60.387330529044554,62.96985277681108,65.73325715603586
2013-08-19 22:00:00,58.224094006550715,62.969852225396046,64.98337060518222
2013-08-19 23:00:00,58.22409382463302,62.969852236873365,65.11815228338618
2013-08-20 00:00:00,58.22409391049244,62.96985230967003,65.11815672631542
2013-08-20 01:00:00,58.22409423564503,62.969852414123835,65.11866902728802
2013-08-20 02:00:00,58.22409452511638,62.969852533039465,66.04927945542654
2013-08-20 03:00:00,58.2241293677758,62.96985292836045,66.05224316193627
2013-08-20 04:00:00,60.53245220053991,62.96985527484265,66.4118868738397
2013-08-20 05:00:00,60.744221106499154,63.94715998778952,66.66942598369077
2013-08-20 06:00:00,59.30107248386917,62.96985350370753,62.366241078468796
2013-08-20 07:00:00,58.22409374786269,59.35177204496686,60.1826327445688
2013-08-20 08:00:00,58.22409371433811,59.29628579543896,60.1826314271481
2013-08-20 09:00:00,58.22409371625034,59.29628542179539,60.182631309776404
2013-08-20 10:00:00,58.22409373603667,59.29628522457625,60.18263144808567
2013-08-20 11:00:00,58.22409372810887,59.29628492566556,60.18263151859903
2013-08-20 12:00:00,58.22409372359434,59.29628518902691,60.182631643262404
2013-08-20 13:00:00,58.22409371672348,59.296285573262566,60.18263184751432
2013-08-20 14:00:00,58.22409371218703,59.29628599803991,60.18263224349928
2013-08-20 15:00:00,58.224093711232086,59.29628717668033,60.22202255548626
2013-08-20 16:00:00,58.22409375360184,61.5234899011287,62.602721770229245
2013-08-20 17:00:00,60.53248320587819,62.165969924470666,66.42761626141497
2013-08-20 18:00:00,62.7990191943297,64.6678569339226,67.4509164452577
2013-08-20 19:00:00,62.797381114622596,64.66250930413442,67.44696390753018
2013-08-20 20:00:00,62.74047872134116,64.60657257846563,67.41026164792454
2013-08-20 21:00:00,61.9719178554953,63.94804951079274,66.95068093167636
2013-08-20 22:00:00,60.532483409248826,62.96985380536719,66.5774101173002
2013-08-20 23:00:00,60.393704278686485,62.96985283019672,66.5971901752473
2013-08-21 00:00:00,60.3937000891945,62.9698524062991,66.57602721883656
2013-08-21 01:00:00,58.2241301935608,62.969852454879906,66.57612147105824
2013-08-21 02:00:00,58.22409506774213,62.96985249802426,66.62147789657497
2013-08-21 03:00:00,58.22409428399978,62.969852658613725,66.91016289069472
2013-08-21 04:00:00,58.224094161443276,62.96985341243235,66.94604683635195
2013-08-21 05:00:00,58.224094150648206,62.96985358763555,67.04541423622472
2013-08-21 06:00:00,52.18497081206783,54.05390349713887,52.733403570622954
2013-08-21 07:00:00,50.552280321900106,50.99511446901672,47.14404096653054
2013-08-21 08:00:00,41.738971563017955,41.783887200442706,43.20803148489297
2013-08-21 09:00:00,41.73897149797746,41.78388331596976,43.20803096008737
2013-08-21 10:00:00,41.73897148938804,41.78388319757403,43.20803092188396
2013-08-21 11:00:00,41.738971525641524,41.783883108916655,43.208030819547844
2013-08-21 12:00:00,41.738971687125826,41.783883182627235,43.20803090741606
2013-08-21 13:00:00,41.73897259664441,41.783883458942846,43.208031257606514
2013-08-21 14:00:00,43.28634241737229,41.78388886308725,44.50404324506572
2013-08-21 15:00:00,58.224093603861455,57.19087603441103,57.4055740722637
2013-08-21 16:00:00,58.22409397426329,59.8072999142043,63.79654269684186
2013-08-21 17:00:00,60.53478293084089,63.11080506073887,66.8651026392243
2013-08-21 18:00:00,73.01046451843364,75.49457057558362,78.94028086540095
2013-08-21 19:00:00,74.53942279382937,76.61339632392604,78.94028514205908
2013-08-21 20:00:00,74.53943356119188,76.61342106435228,78.94028663762982
2013-08-21 21:00:00,74.4631211420727,76.36631233290261,78.94028664466808
2013-08-21 22:00:00,74.75904340202362,77.32455303942086,78.94029059591055
2013-08-21 23:00:00,74.75906414476611,77.32462078228929,78.94029066417255
2013-08-22 00:00:00,74.75907222855069,77.32464532645143,78.94029105357254
2013-08-22 01:00:00,74.75907271640204,77.32464704023262,78.94029136129477
2013-08-22 02:00:00,74.75907297797562,77.3246473064129,78.94029207814675
2013-08-22 03:00:00,74.75907344093547,77.32464753098812,78.94029261998888
2013-08-22 04:00:00,74.7590739020146,77.32464772307856,78.9402930758164
2013-08-22 05:00:00,74.75907414104292,77.3246479318556,78.94029312671152
2013-08-22 06:00:00,65.75862163003018,69.56113603935358,53.040808351137514
2013-08-22 07:00:00,58.22409411208457,59.29628671067405,50.689035211482015
2013-08-22 08:00:00,58.2240938808688,59.29628535652462,47.795096969017195
2013-08-22 09:00:00,58.22409385798607,59.29628515907185,47.79509577988011
2013-08-22 10:00:00,58.22409386541429,59.29628510368043,47.795095962137715
2013-08-22 11:00:00,58.22409390515292,59.29628524632291,47.795096245818
2013-08-22 12:00:00,58.22409401141827,59.29628552014221,47.79509662094511
2013-08-22 13:00:00,58.22409418942288,59.29628579586595,47.79509701464175
2013-08-22 14:00:00,58.22409442501433,59.29628734533645,50.64529511684202
2013-08-22 15:00:00,58.22409495858081,61.892003724473525,59.806936689588746
2013-08-22 16:00:00,60.532481981581014,62.96985328257422,64.87481774394338
2013-08-22 17:00:00,64.22969751196392,65.70662576629984,69.55116865998647
2013-08-22 18:00:00,65.02200662936878,67.18968848346343,69.76698406520799
2013-08-22 19:00:00,64.81782282649566,67.39070255543405,69.6131626206207
2013-08-22 20:00:00,62.99222728652447,64.55571385827905,67.27824367130559
2013-08-22 21:00:00,60.936398342161986,62.96985779386236,66.18992899819456
2013-08-22 22:00:00,60.39373806898039,62.969854515841696,65.90144761081233
2013-08-22 23:00:00,60.39370298213584,62.96985402066961,65.9014367232635
2013-08-23 00:00:00,60.39352919901904,62.96985378452876,65.9236850336879
2013-08-23 01:00:00,60.53204654486862,62.96985427281538,66.07100139410714
2013-08-23 02:00:00,60.53248470637711,62.969854555772486,66.07092249458344
2013-08-23 03:00:00,60.86968517519475,62.969854270861575,65.9828555244173
2013-08-23 04:00:00,60.93639767646071,62.96985394328049,66.42978274314191
2013-08-23 05:00:00,61.18360124533742,62.96985342738458,65.92094278813455
2013-08-23 06:00:00,58.224094193917544,59.296284989588635,60.64078400587133
2013-08-23 07:00:00,58.22409372217004,59.035371583362206,57.13993855890038
2013-08-23 08:00:00,58.2240929274934,49.82574765003087,51.22936049609183
2013-08-23 09:00:00,49.65109067923901,48.507831333638855,50.972468363056855
2013-08-23 10:00:00,48.9015222799322,48.50783108685614,50.9724682696038
2013-08-23 11:00:00,48.67124279724495,48.50783102381336,50.97246817364374
2013-08-23 12:00:00,48.563023250290655,48.50783100113456,50.972468229632966
2013-08-23 13:00:00,48.56302306750711,48.50783116520107,50.97246949433884
2013-08-23 14:00:00,48.563023098392605,48.50783187406767,50.97247468461169
2013-08-23 15:00:00,48.56302333871081,50.220549665457284,52.2334276547616
2013-08-23 16:00:00,56.50293577963322,59.29628550982695,62.18961973589362
2013-08-23 17:00:00,58.2240933295365,61.85319978467973,63.35891950614753
2013-08-23 18:00:00,58.22409344690346,61.853200315740935,63.35891975882466
2013-08-23 19:00:00,56.42909643835244,60.5306405881651,62.69584886573583
2013-08-23 20:00:00,53.34042752495253,59.29628611690031,61.93118303466465
2013-08-23 21:00:00,48.5630244081914,59.29628287712991,60.87347396268014
2013-08-23 22:00:00,48.67166682116723,59.29628603712255,59.88215607260539
2013-08-23 23:00:00,48.563024535362395,59.29628579961195,59.80837214295027
2013-08-24 00:00:00,48.563024289787094,59.29628574364059,59.80837246782988
2013-08-24 01:00:00,48.563037032990586,59.296285645722314,59.86958438951181
2013-08-24 02:00:00,48.66448292571986,59.296285531069266,60.877719530482615
2013-08-24 03:00:00,48.664554449605504,59.296285518567835,60.87949600697324
2013-08-24 04:00:00,48.664574670138315,59.296285710530974,61.014628950952854
2013-08-24 05:00:00,48.5630242395518,59.29628591573849,60.791488245102244
2013-08-24 06:00:00,8.655066792660401,59.29628568912543,17.386431795469214
2013-08-24 07:00:00,8.655066760120034,59.296285661121296,16.094284447278635
2013-08-24 08:00:00,8.655066601975602,59.29628565895142,15.540375402381114
2013-08-24 09:00:00,8.655066601653726,59.296285424515396,15.540375077486491
2013-08-24 10:00:00,8.655066931111438,59.2962853456328,15.54037524125444
2013-08-24 11:00:00,8.65506764747139,59.29628529710605,15.540375304254571
2013-08-24 12:00:00,8.66257780199079,59.29628503732719,15.541996942313647
2013-08-24 13:00:00,8.665507646184437,59.29628529429166,15.544870977081166
2013-08-24 14:00:00,9.92198104541504,59.2962852469971,16.073187877988545
2013-08-24 15:00:00,34.731204668613394,59.29628525030153,39.7577324320582
2013-08-24 16:00:00,50.22184712993754,59.2962857140393,52.02473273789014
2013-08-24 17:00:00,55.67393217475669,59.296287830634306,58.70220595851049
2013-08-24 18:00:00,55.673937164116225,59.29628912164689,58.70220239492831
2013-08-24 19:00:00,55.673941976742654,59.296288322711845,58.61528673788421
2013-08-24 20:00:00,55.6739442996996,59.29628791436961,58.61528456475849
2013-08-24 21:00:00,55.673945477143526,59.29628760339861,58.615281416065834
2013-08-24 22:00:00,55.673947705980375,59.29628659760246,58.353974486675156
2013-08-24 23:00:00,55.67394604815792,59.29628631284306,58.528327481698014
2013-08-25 00:00:00,55.67394658636643,59.29628675245967,58.592943758629666
2013-08-25 01:00:00,55.67394839519541,59.296287482627854,58.70220201706318
2013-08-25 02:00:00,55.67394847893571,59.29629101524546,58.70220610999373
2013-08-25 03:00:00,55.67394798134024,59.29629028264386,58.70220719680509
2013-08-25 04:00:00,55.67394217578599,59.29628684200384,58.70220729549409
2013-08-25 05:00:00,55.67393535609099,59.29628514442198,58.70220439984407
2013-08-25 06:00:00,40.66722051797226,44.04463085494241,45.76503937574819
2013-08-25 07:00:00,34.810978646367516,36.87277816833837,40.547618681664915
2013-08-25 08:00:00,32.92038843241407,36.81323054573744,40.53367809145055
2013-08-25 09:00:00,32.920382308027555,36.813230432105726,40.533675869617355
2013-08-25 10:00:00,32.92038226299824,36.81323060590904,40.53367537658797
2013-08-25 11:00:00,32.9203821155725,36.81323054399396,40.53367532490088
2013-08-25 12:00:00,32.92038209897136,36.81323065320692,40.53367577744732
2013-08-25 13:00:00,32.920382171424,36.813231177361104,40.53548592381934
2013-08-25 14:00:00,32.920382354301225,36.81323317582583,41.19708845071681
2013-08-25 15:00:00,32.92038282495912,38.35066158443089,42.958338911218604
2013-08-25 16:00:00,45.41620758915376,49.38571716865217,52.21196389883209
2013-08-25 17:00:00,55.70267786625815,59.92016548065151,60.693778062686185
2013-08-25 18:00:00,55.313261486788285,59.920171989381146,60.641950260363025
2013-08-25 19:00:00,55.3038710718588,59.92017283633775,60.20964188378646
2013-08-25 20:00:00,50.43447146961841,60.09958376180505,60.11964414919782
2013-08-25 21:00:00,48.41422636995725,60.54084537293547,59.39660347029731
2013-08-25 22:00:00,47.18301651571362,60.54084662231954,58.78833894142917
2013-08-25 23:00:00,48.30279221735347,60.540815038134966,60.09308151173707
2013-08-26 00:00:00,50.199038229152904,59.29628865984396,60.746204869980886
2013-08-26 01:00:00,55.31860872593255,59.73711699352959,61.10761814547053
2013-08-26 02:00:00,55.68850647276836,59.92015938183294,61.20439207424647
2013-08-26 03:00:00,56.094187801452186,59.92016227448281,61.20440340768197
2013-08-26 04:00:00,56.09418861938671,59.29634539136426,61.20479886509412
2013-08-26 05:00:00,56.094188830501004,59.91964399661143,61.20368450177536
2013-08-26 06:00:00,53.03808120165535,57.8588813251273,57.304053349096215
2013-08-26 07:00:00,42.94078273282507,47.38417188686151,49.213598344498585
2013-08-26 08:00:00,42.940780191424416,47.343536259622944,49.182691595484876
2013-08-26 09:00:00,42.940780188805,47.34353590138659,49.182691272785405
2013-08-26 10:00:00,42.94078048907642,47.34353596399483,49.18269127021703
2013-08-26 11:00:00,42.940780225379854,47.34353597700813,49.18269106040327
2013-08-26 12:00:00,42.94078017686745,47.3435362116526,49.18269128240863
2013-08-26 13:00:00,42.94078044645407,47.34353689494369,49.18269191464333
2013-08-26 14:00:00,43.629819053304935,47.345484604246124,49.188960082110434
2013-08-26 15:00:00,52.89436552745129,56.46705925176108,58.85175625074519
2013-08-26 16:00:00,58.22408699209463,60.10865959367091,63.73139421126438
2013-08-26 17:00:00,58.22409367820667,60.176881837535355,64.46907025951506
2013-08-26 18:00:00,58.22409369390772,61.8893541035763,64.59008395691718
2013-08-26 19:00:00,58.224093644880625,61.88935011859061,64.590081341876
2013-08-26 20:00:00,58.22409357459492,61.895513265389134,64.59010974974792
2013-08-26 21:00:00,58.224093525056155,61.897724920714694,64.58973428605101
2013-08-26 22:00:00,58.22409359046657,61.331272349832496,64.48490464955269
2013-08-26 23:00:00,58.22409363748831,61.8870692541533,64.59004520805983
2013-08-27 00:00:00,58.224093677339766,61.76789283535835,64.59231468725413
2013-08-27 01:00:00,58.22409370978852,61.61098520284953,64.61380843622305
2013-08-27 02:00:00,58.22409406432248,63.178177069926804,64.77646654302579
2013-08-27 03:00:00,60.532483128651194,64.98777764573549,65.71273969702372
2013-08-27 04:00:00,64.11152988374721,68.58331361882902,68.5570919393576
2013-08-27 05:00:00,69.64631672895639,73.51828792064957,72.24777603305678
2013-08-27 06:00:00,58.92967137434052,63.56550495182214,64.34671902662606
2013-08-27 07:00:00,58.224093740840864,60.35651010739629,63.03176967763482
2013-08-27 08:00:00,58.224093634661145,60.104296448457,62.99305901806271
2013-08-27 09:00:00,58.22409357200174,60.10429409151652,62.99305889703512
2013-08-27 10:00:00,58.2240935305691,60.10429397527867,62.99305900422867
2013-08-27 11:00:00,58.22409353636536,60.1042939472771,62.99305922070855
2013-08-27 12:00:00,58.22409359832681,60.10429402194242,62.993059789916266
2013-08-27 13:00:00,58.224093657592874,60.10429428111312,62.99551177489784
2013-08-27 14:00:00,58.224093710291484,60.104294375113035,63.12445488954353
2013-08-27 15:00:00,58.22409377554297,60.10429502115612,63.22818616703155
2013-08-27 16:00:00,58.261853888318974,60.10429630458246,64.84672032403158
2013-08-27 17:00:00,61.4436418266842,62.96985727998573,67.9616610122189
2013-08-27 18:00:00,63.790636561974914,65.27533249278247,69.57725247859128
2013-08-27 19:00:00,62.07768593546123,64.12411051317851,68.65285947488877
2013-08-27 20:00:00,61.24608203486803,63.24901967719273,67.89220090692767
2013-08-27 21:00:00,61.49120056585216,63.58247168619075,68.21179705556479
2013-08-27 22:00:00,60.681372588702295,63.25730692413625,67.31713610193553
2013-08-27 23:00:00,61.65298541552671,64.06899042567173,68.07899323531599
2013-08-28 00:00:00,62.83837621020944,64.52729276548924,69.32286947033175
2013-08-28 01:00:00,65.83391674107776,67.82018868264848,71.71785524728635
2013-08-28 02:00:00,70.65014017573989,73.21872805201608,76.0362756441078
2013-08-28 03:00:00,71.95296260538544,74.0757732398351,76.6676664689802
2013-08-28 04:00:00,71.95297229841404,74.07580458976683,76.66144057456181
2013-08-28 05:00:00,71.95297293203579,74.07580481035352,76.52706837174907
2013-08-28 06:00:00,66.12809665539885,69.93721404443728,69.04200211044676
2013-08-28 07:00:00,58.224093747638335,59.29633670564979,62.88637405418448
2013-08-28 08:00:00,58.22409370397079,59.29632747383861,62.88637210218619
2013-08-28 09:00:00,58.22409369276783,59.296327089981574,62.88637198078284
2013-08-28 10:00:00,58.22409371131156,59.29632730518986,62.88637205764817
2013-08-28 11:00:00,58.224093735854446,59.29632769954396,62.88637220214218
2013-08-28 12:00:00,58.224093738678015,59.29632798625942,62.88637232187763
2013-08-28 13:00:00,58.224093745940735,59.2963281104401,62.886372537894424
2013-08-28 14:00:00,58.22409376109275,59.29632866808977,62.886372925937486
2013-08-28 15:00:00,58.22409380196916,60.1684723932922,62.90141318015758
2013-08-28 16:00:00,58.224094283156575,60.479230784266626,64.80980574672331
2013-08-28 17:00:00,62.40258150440121,63.911832832016174,68.0565918830031
2013-08-28 18:00:00,71.50784394372485,74.07579068233333,75.9982562921369
2013-08-28 19:00:00,71.50784355851908,74.07578949272529,75.92872753049858
2013-08-28 20:00:00,71.24317339623951,73.21873539442679,75.88387017113375
2013-08-28 21:00:00,71.12233820201348,72.82746128075571,75.65169498240546
2013-08-28 22:00:00,64.85910545844199,66.32489916982836,68.90275429741409
2013-08-28 23:00:00,64.85906312666589,66.32485801353123,68.90277220728503
2013-08-29 00:00:00,63.5461087066222,65.03513109484476,68.71645705199796
2013-08-29 01:00:00,63.07058181801375,64.56806520840965,68.53997583889205
2013-08-29 02:00:00,60.532483185754096,64.4858622882421,68.51264156799868
2013-08-29 03:00:00,58.224098485890934,63.58291564437768,68.21240810806901
2013-08-29 04:00:00,58.22409550012591,63.703454358332664,68.2524879842679
2013-08-29 05:00:00,58.22411535233249,63.68643299235064,68.51995756921188
2013-08-29 06:00:00,58.2240937683347,61.892011124389064,59.166547869149895
2013-08-29 07:00:00,58.22409256556379,59.296286229866155,53.916977521514184
2013-08-29 08:00:00,52.01258329732691,54.2922721108354,49.950623809152326
2013-08-29 09:00:00,52.012573820646175,54.29226691747329,49.95060123660586
2013-08-29 10:00:00,52.01257360594875,54.29226675294862,49.950601314391925
2013-08-29 11:00:00,52.012573572883014,54.292266730478865,49.95060129631446
2013-08-29 12:00:00,52.01257358138713,54.292266887087614,49.95060155147644
2013-08-29 13:00:00,52.012573653700194,54.29226723196511,49.95067370575901
2013-08-29 14:00:00,52.01257495740679,54.29226847928319,52.02122237607701
2013-08-29 15:00:00,53.194485601870475,55.85534243654275,56.214972785625086
2013-08-29 16:00:00,58.22409365916173,60.64905244403898,64.09355646579652
2013-08-29 17:00:00,58.224094124852925,62.969851583141256,66.46607263289229
2013-08-29 18:00:00,60.528020481642386,63.104067054901364,66.46615512465685
2013-08-29 19:00:00,60.532480899087204,63.104071298343605,66.46614757502094
2013-08-29 20:00:00,60.48198226948034,63.058068067507186,66.45373066099582
2013-08-29 21:00:00,60.28838453612472,62.969854721138724,66.46614028562662
2013-08-29 22:00:00,58.22409385958685,62.96985355729934,66.46408267981526
2013-08-29 23:00:00,58.224093814846654,62.96985324727953,66.46397119216095
2013-08-30 00:00:00,58.22409379298682,62.969853126584525,66.39534589676427
2013-08-30 01:00:00,58.22409380098501,62.96985346039433,66.39558263853111
2013-08-30 02:00:00,58.22409384361494,62.96985399512695,66.36812112743871
2013-08-30 03:00:00,58.224094019323736,62.96985429946437,66.42801811776225
2013-08-30 04:00:00,60.39369661796475,62.969854656126486,66.45188840344322
2013-08-30 05:00:00,60.532482022093035,62.96985507528653,66.44050798224718
2013-08-30 06:00:00,58.2240937075414,54.295340690598294,53.401134590477895
2013-08-30 07:00:00,58.22409312317156,44.07974464640198,46.7649042642556
2013-08-30 08:00:00,47.173007273960756,41.96789071775265,44.5973427087788
2013-08-30 09:00:00,47.173006610551234,41.9678892591285,44.597342275561964
2013-08-30 10:00:00,47.17300668899299,41.96788916174944,44.597342353510726
2013-08-30 11:00:00,47.17300658868406,39.97439618764277,44.59734239304517
2013-08-30 12:00:00,47.17300652062115,39.974396203911155,44.597342442722834
2013-08-30 13:00:00,47.17300648050827,39.97439695248556,44.597342727052194
2013-08-30 14:00:00,47.17300648289115,40.48314263572988,46.069246604648946
2013-08-30 15:00:00,47.17300662027264,41.96789060050124,49.61820710274136
2013-08-30 16:00:00,54.99003618116,46.73325351932221,60.34388350384803
2013-08-30 17:00:00,56.50293510883306,56.897410986090655,63.569129695850634
2013-08-30 18:00:00,55.56698957509465,56.89741484647732,63.57092084143194
2013-08-30 19:00:00,55.08177383878194,57.10544655775883,63.5492524148252
2013-08-30 20:00:00,54.20561405982313,56.71793391482099,63.49285759990594
2013-08-30 21:00:00,53.890187262269436,56.55424778806036,63.41070722706394
2013-08-30 22:00:00,53.13621010052758,56.89693191472326,63.265810931088836
2013-08-30 23:00:00,53.13610060314156,57.105441734650825,63.25770127415071
2013-08-31 00:00:00,51.20988675114571,57.10544469417022,63.25769185622296
2013-08-31 01:00:00,52.006307350957464,57.10544457710991,63.25769184988504
2013-08-31 02:00:00,53.13620893486426,57.105445761528074,63.19217844068204
2013-08-31 03:00:00,53.13624223651901,57.1054465197225,63.159897143294266
2013-08-31 04:00:00,55.1660861576097,57.105443074208345,63.17053192954349
2013-08-31 05:00:00,55.16609533374999,57.10544420825169,62.83697068492773
2013-08-31 06:00:00,7.4154653646663515,13.784948335546911,13.188448701902711
2013-08-31 07:00:00,7.415464618162218,10.440929667994503,12.685700493822814
2013-08-31 08:00:00,6.3684002976170975,9.280885252913915,11.610315427774548
2013-08-31 09:00:00,5.986461029092917,8.950176489865457,11.586641197761054
2013-08-31 10:00:00,5.986461103463149,8.938767542558892,11.588620311645021
2013-08-31 11:00:00,5.986460934977412,8.935838484573868,11.366277887929115
2013-08-31 12:00:00,5.986460616388634,8.935837441152463,11.366240441526203
2013-08-31 13:00:00,5.9076686577054165,8.935837616622672,11.342238688622427
2013-08-31 14:00:00,5.98643747613267,8.937275788257068,11.288521625846748
2013-08-31 15:00:00,5.986462011076558,8.938767857164027,11.528564620586124
2013-08-31 16:00:00,6.826321260049393,11.965864783416698,14.736009394326395
2013-08-31 17:00:00,30.267601520592187,42.57441137624338,41.28290073764348
2013-08-31 18:00:00,30.26754848988573,51.97108308040918,42.0257439453367
2013-08-31 19:00:00,32.13281922675459,51.971083108421894,43.48157383858473
2013-08-31 20:00:00,37.19829812942887,51.97108250519811,44.11436106957108
2013-08-31 21:00:00,37.383723858322156,51.970952606362076,44.18584174182415
2013-08-31 22:00:00,37.39211663352449,51.96986690614835,44.401188519745254
2013-08-31 23:00:00,37.39211642347658,51.96836118624669,44.40118823679491
2013-09-01 00:00:00,37.39211216140319,51.89499240593732,44.40118616183838
2013-09-01 01:00:00,37.3921158590079,51.89495066248612,44.401192035451224
2013-09-01 02:00:00,37.39211051519003,51.89497105810644,44.40119350308834
2013-09-01 03:00:00,37.39211197784035,51.89506033680151,44.401192985113894
2013-09-01 04:00:00,37.39211010277344,51.89497374564932,44.16144049957685
2013-09-01 05:00:00,37.39208089521444,51.89502610563369,43.8461266229407
2013-09-01 06:00:00,0.05581584227245414,2.700459243577353,5.423246485155873
2013-09-01 07:00:00,0.03670095858187935,2.68126695792428,5.39947173542965
2013-09-01 08:00:00,0.025145237818523118,2.6664535153323907,5.389369227348159
2013-09-01 09:00:00,0.025145001553641636,2.658025074905781,5.388683738917508
2013-09-01 10:00:00,0.025145064080086394,2.658025106237032,5.388682385699289
2013-09-01 11:00:00,0.025145040702607376,2.6580249623443195,5.387763538622509
2013-09-01 12:00:00,0.025145057394440916,2.6580247238068955,5.386723477110059
2013-09-01 13:00:00,0.02514509593106059,2.6580251217617508,5.386445075327883
2013-09-01 14:00:00,0.025145126358355026,2.658025410718761,5.3871315381607845
2013-09-01 15:00:00,0.0251453778145421,2.658027260706041,5.391197152632863
2013-09-01 16:00:00,0.0366868589701411,2.8282068797508577,7.24526417696049
2013-09-01 17:00:00,5.442826409743117,10.14520767332122,11.642777649420331
2013-09-01 18:00:00,6.744312626017002,11.045658754663119,11.667865126192636
2013-09-01 19:00:00,6.744312868226935,11.045659492461127,11.66786489573274
2013-09-01 20:00:00,6.744313040388607,11.045659420023991,11.669813647949944
2013-09-01 21:00:00,6.744313026276871,11.045658658404768,11.669817956140536
2013-09-01 22:00:00,6.62213907979816,10.629912712088288,11.667862959782312
2013-09-01 23:00:00,5.442830562906614,10.155680278736181,11.666016863394649
2013-09-02 00:00:00,5.442828063849919,10.157418326171127,11.667864042182536
2013-09-02 01:00:00,5.442827765369955,10.159166487120533,11.668038918837937
2013-09-02 02:00:00,5.442828116160287,10.160913241397683,11.66601568835334
2013-09-02 03:00:00,5.442829731166178,10.162660239980436,11.665814790840734
2013-09-02 04:00:00,5.531074566290641,10.291148228530538,11.665788889513685
2013-09-02 05:00:00,6.744310791656092,11.042770879720582,11.669286311314842
2013-09-02 06:00:00,0.025145278793571393,2.677889016467977,5.417490088184264
2013-09-02 07:00:00,0.025145185618147367,2.668055732909911,5.410192619046348
2013-09-02 08:00:00,0.025145115462459816,2.6451353871100967,5.397908977053405
2013-09-02 09:00:00,0.02514510388332429,2.6451345004142,5.397906911210693
2013-09-02 10:00:00,0.025145123072063118,2.6451340475786616,5.397908100857481
2013-09-02 11:00:00,0.025145114884973455,2.6451311688277475,5.39790620742026
2013-09-02 12:00:00,0.02514508921526214,2.6451239740511943,5.397898782996214
2013-09-02 13:00:00,0.02514509253104604,2.645125454675247,5.397904989677021
2013-09-02 14:00:00,0.025145117499874182,2.6451337383686147,5.405536798366036
2013-09-02 15:00:00,0.025145135762326278,2.645147955261567,5.409376221365942
2013-09-02 16:00:00,0.036183252961971266,8.60421510037679,7.5192915597719825
2013-09-02 17:00:00,13.843202993191614,56.48162814988756,26.34584707128407
2013-09-02 18:00:00,25.13269556263986,62.548454240516065,28.352808916815626
2013-09-02 19:00:00,25.13269639730399,62.96985368561839,28.365791819894703
2013-09-02 20:00:00,25.132699560682102,62.9698536785419,28.366111096212954
2013-09-02 21:00:00,26.02625814812274,62.96985364665341,29.858190817731497
2013-09-02 22:00:00,27.22501872909283,62.96985351941172,30.800915595232247
2013-09-02 23:00:00,27.640887215250636,62.969853583358805,31.590020511425266
2013-09-03 00:00:00,29.702287176058586,62.96985361205054,33.11982421175664
2013-09-03 01:00:00,36.396750265877074,62.96985357811306,43.65255462066629
2013-09-03 02:00:00,50.25336006006482,59.29628746297513,54.05905696677477
2013-09-03 03:00:00,58.224048432331564,62.18710968203704,59.42883527563242
2013-09-03 04:00:00,58.22409365088892,62.764792952980436,59.96020629560723
2013-09-03 05:00:00,58.22409375306939,62.96985289339176,61.330142293748075
2013-09-03 06:00:00,58.22409380336826,62.6268316865002,53.04212086527175
2013-09-03 07:00:00,58.22409375410023,58.333441056005455,50.9633911992489
2013-09-03 08:00:00,58.22409370773672,58.333426170910926,49.66858159165319
2013-09-03 09:00:00,58.224093715979464,58.33342544115174,49.66858295992793
2013-09-03 10:00:00,58.22409374139322,58.33342544595474,50.202548206572075
2013-09-03 11:00:00,58.22409375771265,58.33342548889518,50.20254838216491
2013-09-03 12:00:00,58.22409378900933,58.33342580681658,50.20254847863765
2013-09-03 13:00:00,58.22409389042532,58.33342749841106,50.20255161133895
2013-09-03 14:00:00,58.22409435892155,59.296285472970325,53.09827481848722
2013-09-03 15:00:00,58.22409526298704,59.29630081837862,58.34658455407034
2013-09-03 16:00:00,58.43691319221701,60.190096315312154,62.996915583122096
2013-09-03 17:00:00,66.82209059218549,68.25315784342811,70.04690967135728
2013-09-03 18:00:00,72.16910911238247,73.55679720458473,72.32581483330618
2013-09-03 19:00:00,72.16910911969254,73.55679747093579,72.33073269470776
2013-09-03 20:00:00,72.16910935386215,73.55679564928795,72.35502166398066
2013-09-03 21:00:00,72.16910916584658,73.55679517979318,72.37949325491216
2013-09-03 22:00:00,69.03583560886209,71.45746900769777,72.37958656876303
2013-09-03 23:00:00,68.78373004094541,71.20608227739496,72.46634429174387
2013-09-04 00:00:00,67.78490377999033,69.19893927370234,72.33285254887791
2013-09-04 01:00:00,67.33324271075816,68.75526821472435,72.22068780302897
2013-09-04 02:00:00,67.34742076061308,68.76919553187001,72.24563789589864
2013-09-04 03:00:00,68.31569473137034,69.72034056548111,73.25038759725135
2013-09-04 04:00:00,68.57936196632815,69.97934345148717,73.39054328857091
2013-09-04 05:00:00,68.87667499315026,70.94201266244593,73.3808387142948
2013-09-04 06:00:00,62.01543438101503,63.53153464143881,54.19822288676397
2013-09-04 07:00:00,58.224093877574525,59.296286520723214,52.47626983524015
2013-09-04 08:00:00,58.22409368609996,54.61394727501989,48.6270422496544
2013-09-04 09:00:00,58.22409362656877,54.56232818094912,48.6169799899791
2013-09-04 10:00:00,58.2240934155209,54.562328007611754,48.6169796952013
2013-09-04 11:00:00,58.22409310597482,54.562327956308316,48.6169795584662
2013-09-04 12:00:00,58.224093156786,54.56232803816223,48.61697964907523
2013-09-04 13:00:00,58.22409341003276,54.562328316883026,48.616979852121986
2013-09-04 14:00:00,58.224093458390996,54.5623298364658,50.54047912832797
2013-09-04 15:00:00,58.22409367314218,56.168774593984814,56.47689934116446
2013-09-04 16:00:00,58.22409380322518,60.07041828847005,65.04899917042033
2013-09-04 17:00:00,58.22409394907753,62.96985302234895,66.80474288915626
2013-09-04 18:00:00,58.22409378145558,62.969853525599355,66.53411917879795
2013-09-04 19:00:00,58.22409370503818,62.969853226663865,66.41211307788201
2013-09-04 20:00:00,58.224093615414915,62.96985262428782,65.33645079169862
2013-09-04 21:00:00,58.224093379362785,62.96981118228492,65.3363994725885
2013-09-04 22:00:00,58.22409299831192,62.917487170981985,65.19602763628627
2013-09-04 23:00:00,58.22409307670544,61.94182062460389,65.18899646207298
2013-09-05 00:00:00,58.22409317186902,61.21369753715101,65.19074760150961
2013-09-05 01:00:00,58.22409324781321,61.216635090111076,65.19086588900598
2013-09-05 02:00:00,58.2240933896255,61.79736571217721,65.188998093989
2013-09-05 03:00:00,58.22409348873942,61.941841002806314,65.1889954143527
2013-09-05 04:00:00,58.22409348187797,62.11626851728307,65.18899769111334
2013-09-05 05:00:00,58.224093324384036,62.16729939553163,65.18915301694437
2013-09-05 06:00:00,10.199639767643701,14.099389138452732,16.77199942224484
2013-09-05 07:00:00,8.241643032121143,11.898362350049695,15.944277736017815
2013-09-05 08:00:00,8.241642602289229,11.898345270345587,14.36225824636148
2013-09-05 09:00:00,8.241642558849295,11.898345015655398,14.227427382600512
2013-09-05 10:00:00,8.241642695639928,11.89834496114582,14.22742610275761
2013-09-05 11:00:00,8.241642762194024,11.89834493572273,14.227425873133067
2013-09-05 12:00:00,8.241642994959728,11.898345063444705,14.22742595903203
2013-09-05 13:00:00,8.241645296405435,11.89834545343145,14.227426135178941
2013-09-05 14:00:00,8.944784538224043,12.028356538104294,14.549984854723345
2013-09-05 15:00:00,45.8700296255257,51.96803428476293,45.238068650614956
2013-09-05 16:00:00,58.22409334220974,59.64168027127121,59.66573539182023
2013-09-05 17:00:00,58.224093753883444,60.06269805424019,60.60669999706812
2013-09-05 18:00:00,58.22409381621836,60.062713678267876,59.577924024056436
2013-09-05 19:00:00,58.224093826144646,60.06271326666691,57.05421619428282
2013-09-05 20:00:00,58.22409378700968,60.06270373714398,56.87224941284281
2013-09-05 21:00:00,58.22409375805261,60.062670085192764,56.71816578263603
2013-09-05 22:00:00,58.22409373525052,60.06266292854016,56.72980724653032
2013-09-05 23:00:00,58.22409372379458,60.06266345299382,57.44138694735509
2013-09-06 00:00:00,58.22409371082165,60.06266341068158,58.46776969818591
2013-09-06 01:00:00,58.22409369192768,60.04214648266017,59.321210146310115
2013-09-06 02:00:00,58.22409366987735,60.04214861498905,59.32121984390408
2013-09-06 03:00:00,58.224093622981464,60.041839161446674,59.31971778052249
2013-09-06 04:00:00,58.224093507312155,60.03376507639995,59.32050478968447
2013-09-06 05:00:00,58.22409347429363,60.0267683631287,59.27078974042263
2013-09-06 06:00:00,55.75969141622542,59.29628654498517,6.144601821757107
2013-09-06 07:00:00,47.91516876270035,51.96804022234507,6.06774743721746
2013-09-06 08:00:00,47.91516878671782,51.96803921157232,6.001272284005073
2013-09-06 09:00:00,47.91516884971197,51.96803275624275,6.00127207394361
2013-09-06 10:00:00,47.91516965607003,51.96803922391914,6.00127148176375
2013-09-06 11:00:00,47.91516994334353,51.96813722232632,6.001237327041767
2013-09-06 12:00:00,56.64395835361598,54.49309172909247,6.001272192551266
2013-09-06 13:00:00,58.224093405268285,54.493091721433636,6.001273595312343
2013-09-06 14:00:00,58.224093204944374,54.493099022489154,6.155580120269309
2013-09-06 15:00:00,58.224092520790535,59.296286329412446,38.04880341779223
2013-09-06 16:00:00,58.22409363955259,59.4813289967479,56.563774100366935
2013-09-06 17:00:00,58.224094146468985,60.875990363179916,61.62060254856597
2013-09-06 18:00:00,58.355127915682836,62.9698515279562,61.774093887513224
2013-09-06 19:00:00,60.45088929212206,62.96985339251962,62.38874023344912
2013-09-06 20:00:00,60.62409521314649,62.96985378508296,62.498359212922814
2013-09-06 21:00:00,60.56436652272065,62.96985356400176,62.38154087313992
2013-09-06 22:00:00,61.11758624594726,62.969853796888344,63.152973348903984
2013-09-06 23:00:00,60.39370326121357,62.96985370123605,63.04102844806516
2013-09-07 00:00:00,58.22409730848781,62.9698533367792,63.61407157880332
2013-09-07 01:00:00,58.22409409839604,62.969853296591644,63.92457094791253
2013-09-07 02:00:00,58.224094198509576,62.969853231320215,64.50793215794103
2013-09-07 03:00:00,58.82319244103304,62.969853001830145,64.50794064442944
2013-09-07 04:00:00,58.2240955411908,62.96985239689357,64.510046796071
2013-09-07 05:00:00,58.224106863360944,62.96985005947315,64.56495977591429
2013-09-07 06:00:00,59.24508926895159,62.93124406341177,42.9899658685057
2013-09-07 07:00:00,58.22409370621295,56.50281882334102,40.707138743451985
2013-09-07 08:00:00,58.224093676964515,54.63583291081269,37.75777920878382
2013-09-07 09:00:00,58.22409368865947,54.63583256960576,37.75777026691655
2013-09-07 10:00:00,58.22409370189006,54.63583174199883,37.75777017422612
2013-09-07 11:00:00,58.22409368726691,54.63583297549353,37.75777021898325
2013-09-07 12:00:00,58.224093692077425,54.63583345098848,37.75777039946441
2013-09-07 13:00:00,58.224093697247326,54.63583321428387,37.757771076353656
2013-09-07 14:00:00,58.224093686069736,54.635833779933,39.713023809107305
2013-09-07 15:00:00,58.22409370725016,58.15283845503307,57.531791446934186
2013-09-07 16:00:00,58.22409406370417,61.53919749544516,64.70927661145508
2013-09-07 17:00:00,58.22409474715661,62.96985295005667,65.54985949246391
2013-09-07 18:00:00,60.39370118510503,62.969853503941145,65.5498597177616
2013-09-07 19:00:00,60.39370559731544,62.96985354719219,65.07535359240508
2013-09-07 20:00:00,60.53247032147264,62.96985350197455,64.92421106380097
2013-09-07 21:00:00,60.532470951316725,62.96985341965206,64.92420663219306
2013-09-07 22:00:00,60.53247235417152,62.96985343602355,64.80331320137293
2013-09-07 23:00:00,60.63120745207404,62.96985356295636,64.81302956282735
2013-09-08 00:00:00,60.63471898574818,62.97692089001456,64.81341267800809
2013-09-08 01:00:00,60.631254462926975,62.96985588471001,64.81304112226105
2013-09-08 02:00:00,60.631228161200504,62.969856297396724,64.81303270745033
2013-09-08 03:00:00,60.63120836089593,62.9698589073846,64.8130237507748
2013-09-08 04:00:00,60.59611994168586,62.969855239316644,64.78093128285373
2013-09-08 05:00:00,60.39368739141299,62.969854079027684,64.69979367692495
2013-09-08 06:00:00,58.22409383130285,59.668321908603,56.38576523044917
2013-09-08 07:00:00,58.22409368686974,58.745063666737266,52.3489995059807
2013-09-08 08:00:00,58.224093595400326,58.15284176444384,52.34896016032257
2013-09-08 09:00:00,58.22409350495867,58.15284110423171,52.34896008165111
2013-09-08 10:00:00,58.22409343356902,58.15284114705187,52.348960235805116
2013-09-08 11:00:00,58.2240933593477,58.15284156001989,52.34896019684713
2013-09-08 12:00:00,58.22409337646653,58.15284319440148,52.34896408733953
2013-09-08 13:00:00,58.224093490204204,58.434732317620686,53.514015557528865
2013-09-08 14:00:00,58.22409362446473,59.29628643827052,56.772235284313744
2013-09-08 15:00:00,58.22409365284794,59.97568366960236,58.75538578128813
2013-09-08 16:00:00,58.22409375616649,60.38040096816606,62.60375304600756
2013-09-08 17:00:00,59.42566889050618,62.96985333623027,63.673015854173286
2013-09-08 18:00:00,60.60554799046498,63.178948947870595,64.12758766524804
2013-09-08 19:00:00,61.08307672100346,62.97050805479752,65.61388697335818
2013-09-08 20:00:00,60.53248473494444,62.9698543114431,65.82692863330814
2013-09-08 21:00:00,60.39371238902093,62.9698537089625,66.17656244480723
2013-09-08 22:00:00,60.532483159638424,62.969853651378465,66.45164731759094
2013-09-08 23:00:00,60.5324823093507,62.969853568091374,66.46711250485376
2013-09-09 00:00:00,60.532485741496714,62.969853604139004,66.47081152914801
2013-09-09 01:00:00,61.443630998810036,62.969853985859444,66.57819620476494
2013-09-09 02:00:00,61.764767565253806,63.28530258257134,66.54378082383666
2013-09-09 03:00:00,68.76137587279003,72.61753369157799,69.68812978253385
2013-09-09 04:00:00,69.58099876602448,73.45180063643998,71.31006097872286
2013-09-09 05:00:00,69.5810206432001,73.4518227077152,71.31003155894251
2013-09-09 06:00:00,68.76138077220496,72.61754090094468,67.85759096795312
2013-09-09 07:00:00,58.22409367652294,59.29811832766256,61.53155150506516
2013-09-09 08:00:00,58.22409363380828,59.29811702798682,59.79350661779849
2013-09-09 09:00:00,58.22409362890722,59.296287308319435,59.77412082624988
2013-09-09 10:00:00,58.22409360922042,59.29811283523229,59.774119963974684
2013-09-09 11:00:00,58.22409360016494,59.298118134455954,59.77411987353152
2013-09-09 12:00:00,58.22409360702189,59.65470685756663,59.774119878086076
2013-09-09 13:00:00,58.2240936304636,59.97575130629822,59.77412010639644
2013-09-09 14:00:00,58.22409365339723,60.17157495804903,59.893353646187556
2013-09-09 15:00:00,58.22409385979199,61.89199504645503,60.694966570630754
2013-09-09 16:00:00,60.532482047808884,62.96985336890112,64.70965369406593
2013-09-09 17:00:00,62.80314711186396,64.26911942090665,66.44216061503177
2013-09-09 18:00:00,64.83229920013054,65.5268392208433,67.44261394234879
2013-09-09 19:00:00,61.44364543035615,62.96985439313015,66.51677356760442
2013-09-09 20:00:00,61.44364013669701,62.96985342293315,66.39988042551278
2013-09-09 21:00:00,60.7155387909059,62.25463639307322,66.10076475385998
2013-09-09 22:00:00,60.11553508920831,61.665245131014885,65.42577648248643
2013-09-09 23:00:00,58.2240955609468,60.19750880003355,64.72155992651567
2013-09-10 00:00:00,58.22409376341618,60.171577273645255,64.57541730868427
2013-09-10 01:00:00,58.224093682714226,60.171573715257864,64.69252674978038
2013-09-10 02:00:00,58.22409364974267,60.17157576985083,64.72646387944542
2013-09-10 03:00:00,58.22409362194303,60.30009585585839,64.92029832519226
2013-09-10 04:00:00,58.22409359558269,60.30009817884529,64.93356311247676
2013-09-10 05:00:00,58.22409359094288,60.30009704298622,64.94466342593658
2013-09-10 06:00:00,56.60871867991933,56.535496962311484,63.84605078802121
2013-09-10 07:00:00,46.00536822835104,45.747166707623165,59.917958352956454
2013-09-10 08:00:00,45.83300077221554,45.574810243698444,59.91795798276685
2013-09-10 09:00:00,45.8329968176159,45.57478714350368,59.91795796071666
2013-09-10 10:00:00,45.83299668735408,45.574777265379886,59.91795767316411
2013-09-10 11:00:00,45.832996653703105,45.57474970531232,59.917958213057
2013-09-10 12:00:00,45.83299663915724,43.9460302348616,59.91796011992581
2013-09-10 13:00:00,45.832996639819086,43.91053009226734,59.921972709733986
2013-09-10 14:00:00,45.83299665807683,43.18912305881951,60.42169114031765
2013-09-10 15:00:00,45.832996864996964,45.57476206815263,60.601412631270044
2013-09-10 16:00:00,45.833004156837646,45.747151089437665,62.602052610842236
2013-09-10 17:00:00,45.833006639065275,45.74717048180617,63.94134280119152
2013-09-10 18:00:00,45.832997301292856,45.74716911706254,63.27705565638812
2013-09-10 19:00:00,45.83299719879043,45.74717234700485,63.27705256884055
2013-09-10 20:00:00,45.83299743374507,45.74716934977875,63.19538200637667
2013-09-10 21:00:00,45.83299771626812,45.74716453549451,63.201144564218794
2013-09-10 22:00:00,45.83299808828208,45.74716853108036,63.20114527390996
2013-09-10 23:00:00,45.83299768080856,45.747169203841814,63.201144222015614
2013-09-11 00:00:00,45.832997756008865,45.74717091989102,63.20114382082808
2013-09-11 01:00:00,45.83299852724456,45.74717171654841,63.20114369584378
2013-09-11 02:00:00,45.833001771910936,45.747174635864475,63.20114523300555
2013-09-11 03:00:00,47.52065107044771,47.355905167330384,63.29252507741409
2013-09-11 04:00:00,50.08693622785778,52.30763883950003,63.605299881792284
2013-09-11 05:00:00,56.06916420255755,57.69045736469235,64.17509054414536
2013-09-11 06:00:00,55.14274939296933,56.780430566288665,62.78253549070029
2013-09-11 07:00:00,47.924521769764006,55.02144561403474,62.270822389009574
2013-09-11 08:00:00,47.92452032920318,55.0214444304294,62.27082194303767
2013-09-11 09:00:00,47.9245203568903,55.021445360554324,62.27082227662795
2013-09-11 10:00:00,47.92452072744795,55.02144634971107,62.27082272633885
2013-09-11 11:00:00,47.92452181849824,55.02148813152481,62.270826762261414
2013-09-11 12:00:00,47.92452190253633,56.46056507017018,62.3689582504244
2013-09-11 13:00:00,47.92452217712788,58.814555473900846,62.87085236822727
2013-09-11 14:00:00,47.92452320528189,59.296285634552326,63.462432443810464
2013-09-11 15:00:00,50.930563937547255,59.296287006976236,64.99889521021171
2013-09-11 16:00:00,53.81739450418608,60.76098849550927,66.41469275773633
2013-09-11 17:00:00,56.632891505553545,61.82825342563144,67.24825839595145
2013-09-11 18:00:00,58.22409182981053,62.18103858797992,67.45706738449847
2013-09-11 19:00:00,58.2240932071107,62.18105170413172,67.45727760682142
2013-09-11 20:00:00,58.22409339297821,62.18105217382057,67.4621008493536
2013-09-11 21:00:00,58.22409346636474,62.181184467268665,67.42462048139718
2013-09-11 22:00:00,58.224093425251404,62.301144729738276,67.48065337899325
2013-09-11 23:00:00,58.22409348003116,62.46214044698809,67.56616771387674
2013-09-12 00:00:00,58.224093507188236,63.085562750939246,67.97321038834325
2013-09-12 01:00:00,58.22409352508674,63.65743812407662,68.29768641205409
2013-09-12 02:00:00,58.2240935548782,64.47171310446998,68.62743123761881
2013-09-12 03:00:00,58.22409360621601,64.5175152251606,68.73825428978417
2013-09-12 04:00:00,58.22409586742548,66.80317782669614,70.72192837353218
2013-09-12 05:00:00,70.35668477326475,76.17680103580268,80.05613049211432
2013-09-12 06:00:00,69.94237072551827,74.08893147721659,74.27752091340317
2013-09-12 07:00:00,58.22409606145043,62.18104720145317,66.78935372555578
2013-09-12 08:00:00,58.224094611171495,62.18104200591954,66.78935283888934
2013-09-12 09:00:00,58.224094655487676,62.181043598886355,66.78935286477922
2013-09-12 10:00:00,58.22409481456409,62.181049340492294,66.7893528440052
2013-09-12 11:00:00,58.22409482619426,62.18104912864847,66.78935289578867
2013-09-12 12:00:00,58.22409499525091,62.1810482789513,66.78935250116405
2013-09-12 13:00:00,58.22409628637024,62.1810475650434,66.78935340951423
2013-09-12 14:00:00,60.40859054710531,62.181313822018375,66.789357487121
2013-09-12 15:00:00,61.44363859413648,62.96985485819945,67.68363361163672
2013-09-12 16:00:00,65.26130996188176,66.28830578631693,73.02165830481948
2013-09-12 17:00:00,80.59425728117304,80.23873022280712,85.19837106641705
2013-09-12 18:00:00,80.5942907125111,80.23873161509499,85.1983716358193
2013-09-12 19:00:00,80.59429102179043,80.23873160433676,85.19837148553813
2013-09-12 20:00:00,80.59429089908586,80.23873173188063,85.1983711355789
2013-09-12 21:00:00,80.59429061185389,80.23873060127136,85.1317152439567
2013-09-12 22:00:00,80.47742668920509,80.23870606271784,85.10428916344756
2013-09-12 23:00:00,80.24903852799106,79.8892779678622,84.57955761868755
2013-09-13 00:00:00,77.67680115438516,78.91584489424388,84.1075081350755
2013-09-13 01:00:00,74.66918661561377,75.96143994534717,82.31187264832914
2013-09-13 02:00:00,71.86722110157513,75.84522675113723,81.63302678374225
2013-09-13 03:00:00,72.15949737515372,75.84480869709354,81.71658560437436
2013-09-13 04:00:00,73.22441231499556,79.17521926733026,83.9425341158864
2013-09-13 05:00:00,72.72289857904765,78.67157830894114,83.25570032240722
2013-09-13 06:00:00,58.22409380648452,62.96985395193852,67.10684172859114
2013-09-13 07:00:00,58.2240934846278,62.08406882727618,63.89678671778275
2013-09-13 08:00:00,58.224093360044954,62.08406789917293,63.89677602816079
2013-09-13 09:00:00,58.22409290084768,62.08406522716411,63.896775680935185
2013-09-13 10:00:00,58.22409283016177,62.08406675347093,63.89677557190543
2013-09-13 11:00:00,58.2240929085164,62.084068255977186,63.89677550837804
2013-09-13 12:00:00,58.224093052950614,62.084068741691965,63.896775515874076
2013-09-13 13:00:00,58.224093230299076,62.084069650870774,63.89677563738079
2013-09-13 14:00:00,58.224093359243035,62.72924597241615,63.89677608335044
2013-09-13 15:00:00,58.224093430605755,62.08407244990503,63.90934393993306
2013-09-13 16:00:00,58.224093490765156,62.08407436728845,66.08189628423061
2013-09-13 17:00:00,58.2240936263694,63.52287822420899,67.14166748273259
2013-09-13 18:00:00,58.22409377023205,63.52305959575946,67.14168942628586
2013-09-13 19:00:00,58.22409373274016,62.9699432105801,66.78432311273147
2013-09-13 20:00:00,58.224093720687286,62.969850386561944,66.50680119158507
2013-09-13 21:00:00,58.2240939539134,62.084073756021745,66.06360463210736
2013-09-13 22:00:00,58.22409464647571,62.084065568813855,65.01780303403393
2013-09-13 23:00:00,58.52435809492784,62.0840658636786,65.01778189141595
2013-09-14 00:00:00,58.42992593328574,62.08406862057184,64.89504239809513
2013-09-14 01:00:00,58.22409600055369,62.08406849499858,64.87935354948884
2013-09-14 02:00:00,58.224093934597214,62.08406474535009,64.7681436184062
2013-09-14 03:00:00,58.224093583691726,60.648493617686725,64.80045881554983
2013-09-14 04:00:00,58.22409349764704,60.64824989620701,64.80063570816523
2013-09-14 05:00:00,58.224093453199785,60.43488885673597,65.06838562438487
2013-09-14 06:00:00,52.439800261184395,59.29628632271361,61.00763171054847
2013-09-14 07:00:00,45.12207372555152,50.41734399221135,53.17375147670765
2013-09-14 08:00:00,42.45617228798448,50.417342820110264,52.518368227802
2013-09-14 09:00:00,42.45617213824446,50.41734254239699,52.518367703767595
2013-09-14 10:00:00,42.45617215383707,50.41734334153578,52.518367881712884
2013-09-14 11:00:00,42.45617204925083,50.41734326997312,52.51836766037494
2013-09-14 12:00:00,42.45617200505129,50.41734332256391,52.51836757362597
2013-09-14 13:00:00,42.45617187304538,50.41734432802749,52.55812399725803
2013-09-14 14:00:00,42.45617196739442,50.417348999558456,52.57948540823609
2013-09-14 15:00:00,42.456171907205196,50.43073332606244,53.634574142373516
2013-09-14 16:00:00,42.45617271195336,58.30504272634373,62.03651862004509
2013-09-14 17:00:00,46.91713748172138,59.296289835213564,62.62501984630227
2013-09-14 18:00:00,49.45795727500117,59.29628721058373,61.03325413581465
2013-09-14 19:00:00,49.52508518478166,59.29628681638566,61.03027706693478
2013-09-14 20:00:00,51.61034017766458,59.29628742262258,61.24137479074285
2013-09-14 21:00:00,50.895155788474426,59.633305023929545,61.26845120913337
2013-09-14 22:00:00,54.829171416634615,59.296288100400545,60.92263513679881
2013-09-14 23:00:00,55.03029112250116,59.65160274636886,61.03421693442631
2013-09-15 00:00:00,54.83139018851311,59.29628709511468,61.00099524070438
2013-09-15 01:00:00,54.83132727853567,59.29628731916109,61.102835506321505
2013-09-15 02:00:00,56.63289197019619,59.29629688838256,61.08876672943271
2013-09-15 03:00:00,57.94719593026402,59.75078835555966,61.314940847683786
2013-09-15 04:00:00,57.947196428086116,60.34048821635376,61.672863803272776
2013-09-15 05:00:00,57.947196753064205,61.09367704506875,62.16720404944789
2013-09-15 06:00:00,9.773055975925864,13.572903696013281,20.283385657987154
2013-09-15 07:00:00,9.773053554036402,12.664961823457464,20.033244668282478
2013-09-15 08:00:00,7.956227273362878,10.93213819800927,19.166631217194535
2013-09-15 09:00:00,7.411135357596774,10.932138025178077,19.16663145911671
2013-09-15 10:00:00,7.411135478851804,10.932137586308844,19.16662522099235
2013-09-15 11:00:00,7.411135166939873,10.932136772377746,19.076141624568073
2013-09-15 12:00:00,7.41113465946238,10.93213648997251,19.07614272685735
2013-09-15 13:00:00,7.411133527228004,10.932136475213117,19.076144589167974
2013-09-15 14:00:00,6.223875409969502,10.932135165896675,19.25768436892485
2013-09-15 15:00:00,7.411134530667189,10.932137688550103,19.527261907142922
2013-09-15 16:00:00,7.421488715638194,11.503007669603761,24.313988983728827
2013-09-15 17:00:00,7.423219938039191,11.303241440121308,24.960501671733113
2013-09-15 18:00:00,7.411129265342274,11.29755690797689,24.96085966018687
2013-09-15 19:00:00,0.02514608189041925,7.805474346966673,24.632916863599434
2013-09-15 20:00:00,0.025145382897546236,7.632359277302959,23.644073473733116
2013-09-15 21:00:00,0.0251452508908769,2.6580235175676203,20.32459317582552
2013-09-15 22:00:00,0.02514523754485224,2.657411453426798,19.991280455599615
2013-09-15 23:00:00,0.025145232086159586,2.6574105713666527,19.99068639110031
2013-09-16 00:00:00,0.025145236688100717,2.657409795536839,19.99068671529143
2013-09-16 01:00:00,0.025145296033861255,2.6574104111564147,19.99068540734823
2013-09-16 02:00:00,0.025145900910566083,2.6574108158221885,19.993405347349857
2013-09-16 03:00:00,0.02807338890336059,2.658020308314761,20.010282484702195
2013-09-16 04:00:00,0.028085834056990694,2.6580246879437848,19.029735734948503
2013-09-16 05:00:00,0.037378132619732406,2.6580261428897,19.421222420287688
2013-09-16 06:00:00,0.03738201745597919,2.6668420596057905,14.735183948560858
2013-09-16 07:00:00,0.025145256539406913,2.658023774569982,14.21458962245157
2013-09-16 08:00:00,0.025145144219095215,2.6573753446671793,13.24367810956301
2013-09-16 09:00:00,0.025145130233745292,2.657374702958299,12.089673922600962
2013-09-16 10:00:00,0.025145150237869045,2.657375191113267,12.331688395167806
2013-09-16 11:00:00,0.025145128008812773,2.6573750999827785,12.355834556304826
2013-09-16 12:00:00,0.02514513642311253,2.6573751765314375,13.963984151273777
2013-09-16 13:00:00,0.0251451682116824,2.6573757589718987,16.857983032343228
2013-09-16 14:00:00,0.025145334884762713,2.6574266646138374,16.860606503048302
2013-09-16 15:00:00,0.025146093338673303,2.658025261631817,20.401445988080106
2013-09-16 16:00:00,7.4629680323829914,11.21846335988377,29.09171069163093
2013-09-16 17:00:00,9.255438823761786,12.93743849736735,37.610272299862615
2013-09-16 18:00:00,9.255440031498875,12.937441395469712,37.58991180174578
2013-09-16 19:00:00,9.255440126181094,12.93744078949624,37.61027581546264
2013-09-16 20:00:00,9.255440117767408,12.93744049567509,37.610276733087396
2013-09-16 21:00:00,9.255438964702686,12.937440990340153,37.610279201480374
2013-09-16 22:00:00,7.4768416043912955,12.123654390516279,37.265632304856396
2013-09-16 23:00:00,7.476841242538619,12.123651933449228,36.64513013422602
2013-09-17 00:00:00,7.476841720552832,12.123651375980014,35.82059197559529
2013-09-17 01:00:00,7.478557917767036,12.076213440439734,35.13480512870212
2013-09-17 02:00:00,7.476843834740014,12.06305840804416,34.977972294107246
2013-09-17 03:00:00,7.476842014906123,11.982239728193573,34.422826006784376
2013-09-17 04:00:00,7.476841514101873,11.21937068134752,29.057628640341207
2013-09-17 05:00:00,7.476840546043054,10.43090230680336,28.110893546543096
2013-09-17 06:00:00,5.626177007903402,9.551136412885638,12.960468786611212
2013-09-17 07:00:00,4.537134818842881,8.896682518367868,12.217145460147398
2013-09-17 08:00:00,0.02514581925729194,8.89886197429003,8.419397455403523
2013-09-17 09:00:00,0.025145380645205072,4.146179268008143,8.211291972391304
2013-09-17 10:00:00,4.5371222617630504,8.896679841226192,12.205134549433087
2013-09-17 11:00:00,4.537136106545494,8.896682367669523,12.08905823911483
2013-09-17 12:00:00,4.537137717217492,8.896685283934094,12.012848373399713
2013-09-17 13:00:00,4.537138076817873,8.896741289777268,11.951169224456265
2013-09-17 14:00:00,6.437097965825771,10.613883323843122,12.521764996789805
2013-09-17 15:00:00,8.9717781231299,13.450497410887237,14.880644881701508
2013-09-17 16:00:00,47.62693421574535,59.25981043969571,55.115908267778366
2013-09-17 17:00:00,52.75571126040519,59.2962877327852,63.00963076803079
2013-09-17 18:00:00,56.51897713801722,59.29628748690913,63.55054530570159
2013-09-17 19:00:00,58.22407735892467,59.296289354463255,64.12454092194491
2013-09-17 20:00:00,58.224093241637675,59.29629239702843,64.11987100648446
2013-09-17 21:00:00,58.224093326058686,59.296290558988915,64.11089959861069
2013-09-17 22:00:00,58.2240934195204,59.80725677005945,64.29128445399854
2013-09-17 23:00:00,58.22409363592543,59.807263101507445,64.28702913965495
2013-09-18 00:00:00,58.224093623698245,59.80726506099848,64.24487772744295
2013-09-18 01:00:00,58.2240936041638,59.86294205760007,64.31780839846508
2013-09-18 02:00:00,58.22409362605288,60.60110849778816,64.72741767270823
2013-09-18 03:00:00,58.22409361679023,61.63149579752144,65.49979138587851
2013-09-18 04:00:00,58.2240956074656,62.96985268306777,65.92184003534591
2013-09-18 05:00:00,60.3937102078131,62.96985384626478,66.1426534139065
2013-09-18 06:00:00,60.53248201129931,62.969854089735215,65.77831973173265
2013-09-18 07:00:00,58.224093403389865,59.25510336366614,63.9426614097951
2013-09-18 08:00:00,58.2240933412495,59.25981641873603,63.94362722491348
2013-09-18 09:00:00,58.224093345111825,59.20906409996443,63.933212067964654
2013-09-18 10:00:00,58.2240932910275,59.20906359155479,63.93321189977871
2013-09-18 11:00:00,58.224093268753094,59.2090636445973,63.93321192946046
2013-09-18 12:00:00,58.22409314290776,59.20906335566696,63.933212215863854
2013-09-18 13:00:00,58.22408191307161,59.209062959953044,63.93321237703111
2013-09-18 14:00:00,58.2240817347616,59.20906247276974,63.956769498594234
2013-09-18 15:00:00,58.22408170285266,59.209062719621286,64.22091258317609
2013-09-18 16:00:00,58.22408192618501,59.48124681203838,65.29880083130212
2013-09-18 17:00:00,58.22408825242358,61.85729610050227,66.34657723914228
2013-09-18 18:00:00,58.2240930939485,60.059556265875614,65.65221764474178
2013-09-18 19:00:00,58.224093052769206,60.12893483879367,65.37132670295456
2013-09-18 20:00:00,58.224093156781734,60.0685592327242,65.32329178448228
2013-09-18 21:00:00,58.22409318656899,60.072987124543744,65.32597429910061
2013-09-18 22:00:00,58.224082349013266,59.909854106217054,65.26027942931385
2013-09-18 23:00:00,58.22408211046062,59.88862448490451,65.2522490024299
2013-09-19 00:00:00,58.224082025640385,59.8886188872062,65.25224251765327
2013-09-19 01:00:00,58.224082263198085,59.90712133918949,65.2262347379737
2013-09-19 02:00:00,58.224091547768815,59.90712726650351,65.22623649071842
2013-09-19 03:00:00,58.224093193321345,59.93703667575782,65.2263971586928
2013-09-19 04:00:00,58.22409323345014,60.133126715857934,65.27262666672362
2013-09-19 05:00:00,58.22409328805916,60.52891435906904,65.48222245822895
2013-09-19 06:00:00,58.22409329436841,62.78445714013431,63.13227740025284
2013-09-19 07:00:00,52.688456647457784,53.491001121669065,58.508645032649234
2013-09-19 08:00:00,52.68845584913684,53.49100043103583,58.50864465275647
2013-09-19 09:00:00,52.68845605065612,53.490904354771615,58.50864444044553
2013-09-19 10:00:00,55.30902005797854,53.49099815786242,58.50864477274117
2013-09-19 11:00:00,52.688456018347026,53.490996546284535,58.50864500864886
2013-09-19 12:00:00,52.68845549116433,53.49099978695913,58.50864519316093
2013-09-19 13:00:00,52.68845469057913,53.491001584235896,58.50865299710564
2013-09-19 14:00:00,52.68845489105474,53.49100386666981,59.16285880042701
2013-09-19 15:00:00,52.68845572479688,53.56892914673282,60.34567891966943
2013-09-19 16:00:00,52.68845922618688,55.047481162362715,64.05434346904691
2013-09-19 17:00:00,53.32913693452956,56.818299844933115,64.54627858945942
2013-09-19 18:00:00,52.68845885395167,54.63841667515852,64.52943287663014
2013-09-19 19:00:00,52.68845856862217,54.63374625338593,64.49017889925786
2013-09-19 20:00:00,52.688458609425325,54.63376101302658,64.49016998465707
2013-09-19 21:00:00,52.68846115683734,55.27026720593636,64.23650445243779
2013-09-19 22:00:00,56.502937273612076,59.019014671201425,64.30257277645237
2013-09-19 23:00:00,57.238790959876916,59.01902352272962,64.30258469283238
2013-09-20 00:00:00,57.34863025230275,59.10153523190158,64.41533008106018
2013-09-20 01:00:00,58.22409160145043,59.80726574793704,64.65166613556897
2013-09-20 02:00:00,58.2240931277431,59.98400652295395,64.7455553540838
2013-09-20 03:00:00,58.224093194258984,60.30009726656604,65.09984587327756
2013-09-20 04:00:00,58.22409323357097,60.62208273334398,65.17052845083364
2013-09-20 05:00:00,58.224093252921996,61.38360256233167,65.39045431814675
2013-09-20 06:00:00,58.22409324877718,61.3836064851081,64.46981855979695
2013-09-20 07:00:00,58.22409271706078,61.38360705790177,64.08175466656874
2013-09-20 08:00:00,58.22409242311642,61.38360627014656,64.05829562030306
2013-09-20 09:00:00,58.22409257292697,61.38360742712707,64.05829589167584
2013-09-20 10:00:00,58.224093128029224,61.38361490668127,64.05829583836073
2013-09-20 11:00:00,58.224092864975496,61.38361502232008,64.05829574440389
2013-09-20 12:00:00,58.22409274520622,61.38361495158138,64.0582958036747
2013-09-20 13:00:00,58.22409292712766,61.383615452399475,64.05829598272166
2013-09-20 14:00:00,58.22409299447782,61.38361632994332,64.05829717556949
2013-09-20 15:00:00,58.2240931688979,61.383619181552,64.0867752386679
2013-09-20 16:00:00,58.22409324353663,61.443218160637116,65.11239051551217
2013-09-20 17:00:00,58.22409337136545,62.97693062665135,65.74616487990578
2013-09-20 18:00:00,58.36147478919044,64.35245780048601,65.81490515019422
2013-09-20 19:00:00,61.24156126790482,64.9357121724381,66.0475335128307
2013-09-20 20:00:00,61.36232494761242,64.93572050607946,66.02228569335266
2013-09-20 21:00:00,61.401604938122766,64.93572561435155,66.10502448347191
2013-09-20 22:00:00,60.632333503338785,63.20830816992984,65.98276101571976
2013-09-20 23:00:00,60.53248212342146,62.976926168859094,65.97445097216143
2013-09-21 00:00:00,60.400779811243204,62.97692227653324,65.94343261600041
2013-09-21 01:00:00,58.224094526402105,62.976921049660405,65.94347084627442
2013-09-21 02:00:00,58.22409444120218,62.96985511136079,65.60767219885169
2013-09-21 03:00:00,58.224105836821785,62.96985460869713,65.60768503762223
2013-09-21 04:00:00,60.39369626740752,62.969854278965734,65.90471834833603
2013-09-21 05:00:00,60.39370225670499,62.96985448292597,65.9443783014906
2013-09-21 06:00:00,60.393703798240395,62.96985411082088,65.73075026239039
2013-09-21 07:00:00,58.609570006949355,62.96985317631291,62.383015211246764
2013-09-21 08:00:00,58.224093260722626,61.44322070467887,61.22278058268926
2013-09-21 09:00:00,58.22409323806077,61.443220272818515,61.27425795543918
2013-09-21 10:00:00,58.2240931924172,61.44322047469249,61.219334018873894
2013-09-21 11:00:00,58.224093137413504,61.44322059847048,61.21933208478316
2013-09-21 12:00:00,58.224093045258144,61.44322057896078,61.21933189652456
2013-09-21 13:00:00,58.22409212109398,61.44322062634648,61.21933227837468
2013-09-21 14:00:00,58.22409212527063,61.44322062988954,61.22440495882454
2013-09-21 15:00:00,58.22409222673955,61.44322203708825,62.21406959224437
2013-09-21 16:00:00,58.22409320982654,61.4432235897574,63.939309870764326
2013-09-21 17:00:00,58.224093223959926,62.96985365450734,65.65218208859538
2013-09-21 18:00:00,58.22409322161333,62.96985367892951,65.57494372642621
2013-09-21 19:00:00,58.224093221844825,62.955753368601584,64.29782588096027
2013-09-21 20:00:00,58.224093218884285,62.63671179325924,63.84598845476253
2013-09-21 21:00:00,58.22409318705219,62.57153868068862,63.81196425778338
2013-09-21 22:00:00,58.22409311052203,62.481807152516645,63.76516076159671
2013-09-21 23:00:00,58.22409303513568,62.48384400218043,63.75420600089276
2013-09-22 00:00:00,58.22409305689973,62.48422972387548,63.75295771583967
2013-09-22 01:00:00,58.224092852515,62.484261431125645,63.752920669186686
2013-09-22 02:00:00,58.224092263443396,62.61774748250433,63.69831535746113
2013-09-22 03:00:00,58.22409215775802,62.47574701148935,63.67063121510811
2013-09-22 04:00:00,58.22409203303014,62.427899208886345,63.66130342561551
2013-09-22 05:00:00,58.22409196783425,62.43502195187325,63.558325787845455
2013-09-22 06:00:00,9.506766988907891,59.29628675773583,14.90496559042373
2013-09-22 07:00:00,7.730281345631813,56.0512580401436,13.887816999865107
2013-09-22 08:00:00,7.709523713596031,56.05125763792499,13.208401538335435
2013-09-22 09:00:00,7.70952342214067,56.05125760464777,13.208356411707143
2013-09-22 10:00:00,7.70952311713426,56.05125763042013,13.177552719359488
2013-09-22 11:00:00,7.709523015571417,56.05125768970604,13.177553397151264
2013-09-22 12:00:00,7.709522375480456,56.05125781311734,13.17755249698111
2013-09-22 13:00:00,7.70952267593282,56.05125979461921,13.17756059506062
2013-09-22 14:00:00,7.7095276666510335,59.296286443611514,13.675886088654908
2013-09-22 15:00:00,9.057580177470614,59.296296194801855,18.80831845928055
2013-09-22 16:00:00,44.007069139609115,62.96985312192151,35.967976757059304
2013-09-22 17:00:00,58.224090585288224,62.842854252005054,40.66701790090007
2013-09-22 18:00:00,58.224092866003986,62.842836584214936,40.657229287701036
2013-09-22 19:00:00,58.22409303757129,62.84283568280425,38.43155355167915
2013-09-22 20:00:00,58.22409312257714,62.84284147547883,38.02201941231959
2013-09-22 21:00:00,58.22409314149741,62.842837779550244,37.91997141090638
2013-09-22 22:00:00,58.224093150959035,62.842831615443245,37.87500536174003
2013-09-22 23:00:00,58.22409316830309,62.84282918196872,37.875000102647135
2013-09-23 00:00:00,58.22409320810016,62.84283508857781,37.875008406372665
2013-09-23 01:00:00,58.2240932502542,62.84284016184129,38.43153622038453
2013-09-23 02:00:00,58.22409328470309,62.8428698765375,39.739302344313295
2013-09-23 03:00:00,58.22409331475328,62.932380886113435,40.21656314617001
2013-09-23 04:00:00,58.22409337043252,62.840709132194945,40.21656077914708
2013-09-23 05:00:00,58.22409347802504,63.172921434248785,40.1576200881013
2013-09-23 06:00:00,58.22409322690022,64.6195452263019,21.218869742810995
2013-09-23 07:00:00,58.22409318934889,59.29629331434711,20.74027940340387
2013-09-23 08:00:00,58.224093176027,59.29628751633407,18.08604513046936
2013-09-23 09:00:00,58.22409318882865,59.29628726039539,18.501186352957177
2013-09-23 10:00:00,58.22409318923964,59.29628705635858,18.50682921211633
2013-09-23 11:00:00,58.224093207334974,59.296286980457474,18.509051253682514
2013-09-23 12:00:00,58.22409322199298,59.29628684814417,18.504074609160924
2013-09-23 13:00:00,58.22409323213682,59.29628665836995,18.178727560825415
2013-09-23 14:00:00,58.22409325114004,59.296286826844714,21.954772927742894
2013-09-23 15:00:00,58.22409336338761,59.296286965993325,44.214657528805034
2013-09-23 16:00:00,60.53247579751348,61.85635558581516,60.547050764377836
2013-09-23 17:00:00,64.59847649749861,66.05902477987873,64.86174276156974
2013-09-23 18:00:00,65.1383928121534,66.8551697123159,64.96699829672366
2013-09-23 19:00:00,63.637024874689075,66.05900962038656,65.90887047287126
2013-09-23 20:00:00,62.776155741895415,65.41743401119149,66.09782202323088
2013-09-23 21:00:00,62.76778324403349,65.41641459383172,66.13296834151701
2013-09-23 22:00:00,62.842082600720225,65.41642716909995,66.03684217045097
2013-09-23 23:00:00,63.485134519873476,66.05900736737081,66.43189495897911
2013-09-24 00:00:00,63.485146271754566,66.05901740296869,66.43751378228674
2013-09-24 01:00:00,63.48515587798896,66.05901880732932,66.57496504550058
2013-09-24 02:00:00,63.78359522016335,66.3571932624485,66.69513351572844
2013-09-24 03:00:00,63.94121291696802,66.34013531558955,66.74107333150394
2013-09-24 04:00:00,70.65401034932665,73.22259449977928,68.78262898372165
2013-09-24 05:00:00,74.75621998925106,73.59962602010735,68.94478347829461
2013-09-24 06:00:00,74.75621990170984,72.61536794424588,63.91320539690064
2013-09-24 07:00:00,60.53247914379176,61.13605530902919,60.63909485380716
2013-09-24 08:00:00,60.532478313097386,59.29628717524204,56.860587223635015
2013-09-24 09:00:00,60.53247819702859,59.2962867279105,56.86058671173014
2013-09-24 10:00:00,60.5324780929694,59.29628662653101,56.8605866325675
2013-09-24 11:00:00,60.53247811956022,59.29628661365389,56.860586723747886
2013-09-24 12:00:00,60.53247823001611,59.296286667067974,56.86058692417037
2013-09-24 13:00:00,60.532478450410004,59.29628688302714,56.868623970559746
2013-09-24 14:00:00,60.53247960977911,59.29629031216746,58.156453726645736
2013-09-24 15:00:00,62.02406485715929,62.04361400138382,63.14295821424629
2013-09-24 16:00:00,91.21711410597908,95.47443859543809,85.98022531348975
2013-09-24 17:00:00,112.6384909153979,117.47568764671774,101.5725969370831
2013-09-24 18:00:00,112.63849061723334,117.47568742361527,101.55794042261691
2013-09-24 19:00:00,112.63848716468546,117.47568389760566,100.73135331581332
2013-09-24 20:00:00,112.63846326644209,117.47565532934964,100.73135289577054
2013-09-24 21:00:00,112.63844380875076,117.47561153791827,100.99092082925945
2013-09-24 22:00:00,112.18590711891186,116.8178502845263,100.54032823946544
2013-09-24 23:00:00,112.18582097230733,116.81776136432498,103.48093628399921
2013-09-25 00:00:00,107.98176069342112,112.53859534425199,101.07300634088136
2013-09-25 01:00:00,112.18588268881608,116.81782675586673,103.48102643838172
2013-09-25 02:00:00,112.63836023519234,117.47560164949371,103.67204247625232
2013-09-25 03:00:00,112.63841679075564,117.47568820021212,103.67205622738445
2013-09-25 04:00:00,112.63849006166325,117.47569067709479,103.67207018587231
2013-09-25 05:00:00,112.63849083951054,117.47569079782332,103.67208200444344
2013-09-25 06:00:00,71.90637684792453,75.86965633048638,71.69851053711808
2013-09-25 07:00:00,61.582701982656054,62.38492896248764,64.0166515968494
2013-09-25 08:00:00,60.5324798407539,61.93225287202639,61.795594789004156
2013-09-25 09:00:00,58.56881908339419,61.93225202727573,61.79559455676531
2013-09-25 10:00:00,58.22409980628037,60.81682094754024,61.79559442459915
2013-09-25 11:00:00,58.224093623716534,59.50680197349817,61.79559449144822
2013-09-25 12:00:00,58.22409361395527,60.81673981750591,61.79559468244383
2013-09-25 13:00:00,58.568562129601496,61.93224049462897,61.80120086297021
2013-09-25 14:00:00,58.56856894109999,61.93225280112556,63.57870114039463
2013-09-25 15:00:00,59.59704789956098,61.932269394748424,64.89613368931528
2013-09-25 16:00:00,62.67362772284164,65.24809706813842,66.93415241686056
2013-09-25 17:00:00,67.80692761709876,71.64603657739453,70.40163337466439
2013-09-25 18:00:00,60.53248091098422,65.63554274521204,66.8011664472203
2013-09-25 19:00:00,58.22409337832243,62.969854344213935,65.90182470953987
2013-09-25 20:00:00,58.22409314580934,62.96985380717623,65.6660592927193
2013-09-25 21:00:00,58.22409308579834,62.969853456170945,65.59884376204397
2013-09-25 22:00:00,58.2240930510271,62.92645862296045,65.54652710464346
2013-09-25 23:00:00,58.22409300257345,62.92637504525446,65.54445414325262
2013-09-26 00:00:00,58.224092939608674,62.92637563421418,65.42111178642334
2013-09-26 01:00:00,58.2240928857561,62.969852003273324,65.28842227567499
2013-09-26 02:00:00,58.224092881895366,62.96984573293652,65.28842685392426
2013-09-26 03:00:00,58.224092906982605,62.96985094019631,65.34102701485146
2013-09-26 04:00:00,58.224092914828084,62.969853079791264,65.81012556171727
2013-09-26 05:00:00,58.22409291360705,62.96985346525433,65.81012650838478
2013-09-26 06:00:00,58.109676835115685,62.96985371594958,64.96158487035905
2013-09-26 07:00:00,58.10967629397855,61.37618671111767,64.5483256876105
2013-09-26 08:00:00,58.10967665341252,60.81676949163758,64.52186992466922
2013-09-26 09:00:00,58.109676979916486,60.797597192186565,64.52186991186149
2013-09-26 10:00:00,58.22409090912949,60.81676713622787,64.53138656991206
2013-09-26 11:00:00,58.224092880849135,60.81676874936484,64.53138760192955
2013-09-26 12:00:00,58.22409305170232,60.8167651215706,64.53942321699994
2013-09-26 13:00:00,58.224093206298065,60.629275885829976,64.57032182643674
2013-09-26 14:00:00,60.532481774956224,62.96985143210234,66.08521067197144
2013-09-26 15:00:00,60.53247910220775,62.969852472974715,66.00726300664547
2013-09-26 16:00:00,61.91572178377144,63.4335855865864,67.61713252228273
2013-09-26 17:00:00,66.96959808821519,68.39805709753763,70.149988507148
2013-09-26 18:00:00,66.34054362456256,67.78013099779758,69.64972192625328
2013-09-26 19:00:00,63.50985068007665,64.99951420790464,68.25984189575652
2013-09-26 20:00:00,63.22927309046695,64.72390031311853,68.13535481663507
2013-09-26 21:00:00,63.02698801094366,64.52519335056168,68.0274298020872
2013-09-26 22:00:00,61.823334618154355,63.433559337956034,67.42753937783058
2013-09-26 23:00:00,62.65038594686634,64.15525455163089,67.68148503211694
2013-09-27 00:00:00,63.028660417152786,64.5268359420238,68.03018959662866
2013-09-27 01:00:00,63.47365136570962,64.96395470709895,68.25254183702884
2013-09-27 02:00:00,65.1528172773201,66.6134154811207,68.77805811440632
2013-09-27 03:00:00,65.73701156441325,67.18727487326257,69.11092981927139
2013-09-27 04:00:00,66.4253255991858,67.86341275222624,69.63228296642566
2013-09-27 05:00:00,67.252378357897,68.6758342838349,70.24318500115504
2013-09-27 06:00:00,64.85844079942706,66.32424638038667,68.86466755052349
2013-09-27 07:00:00,58.22409335171633,60.56717314326166,63.99605568184186
2013-09-27 08:00:00,58.22409300308805,59.94460760850816,63.39148928716315
2013-09-27 09:00:00,58.224092923742596,59.350323707830576,63.39148875439883
2013-09-27 10:00:00,58.22409288492474,59.3503223555758,63.391488534211874
2013-09-27 11:00:00,58.22409286802488,59.35032212176634,63.39148873449627
2013-09-27 12:00:00,58.22409289252817,59.35032225095645,63.391488753606204
2013-09-27 13:00:00,58.22409291796839,59.35032270977202,63.39148896582094
2013-09-27 14:00:00,58.22409295443291,59.35032703316425,63.40633484263588
2013-09-27 15:00:00,58.22409300352126,59.994173410615005,64.04217681271464
2013-09-27 16:00:00,61.77698475183757,62.969855309558376,68.154001583075
2013-09-27 17:00:00,66.156424444538,67.59926870505595,71.30227365950948
2013-09-27 18:00:00,63.48526710224062,64.97536629159023,69.45761678563287
2013-09-27 19:00:00,61.53478857966138,63.25739296063631,68.39112758577083
2013-09-27 20:00:00,61.50390034264528,62.969879221912116,68.35300811252876
2013-09-27 21:00:00,60.393704237416955,62.969853480972944,68.39406763079258
2013-09-27 22:00:00,58.22409357271639,62.96985341100354,68.4191516237038
2013-09-27 23:00:00,58.224093188377196,62.969853443361266,68.4273610408051
2013-09-28 00:00:00,58.22409299834271,62.969853429992476,68.42741027084982
2013-09-28 01:00:00,58.22409293642632,62.96985340411051,68.42763851986486
2013-09-28 02:00:00,58.22409289931562,62.96985323691251,68.42765572218134
2013-09-28 03:00:00,58.22409288408731,62.96985307084517,68.4396577011364
2013-09-28 04:00:00,58.22409284283203,62.96985296371616,68.44269273705592
2013-09-28 05:00:00,58.22409277410583,62.96985267113233,68.6095608208541
2013-09-28 06:00:00,45.645241255644954,48.6926882443376,58.01073766045285
2013-09-28 07:00:00,36.343065947194646,40.774955936809114,52.36277233773107
2013-09-28 08:00:00,36.3430655303765,39.537361401747084,49.24939190537965
2013-09-28 09:00:00,32.39529186683361,35.328316267620814,49.22340891313677
2013-09-28 10:00:00,27.63961032717166,35.20431859516005,49.22340938592978
2013-09-28 11:00:00,27.639609405257357,35.08395522478655,49.2234092502336
2013-09-28 12:00:00,27.639609282985187,35.08396497914841,49.223410738798144
2013-09-28 13:00:00,27.639609306272753,35.31887842124112,49.223411258823035
2013-09-28 14:00:00,27.63960956795825,35.328316258627254,50.06104222168086
2013-09-28 15:00:00,27.6396109392804,35.32831769779443,54.3642473118806
2013-09-28 16:00:00,34.14774655024661,41.046811416887884,59.28795015615515
2013-09-28 17:00:00,34.14774647970438,41.208316110674794,59.137808813029515
2013-09-28 18:00:00,29.273958487639927,38.10442620328056,59.008204642026385
2013-09-28 19:00:00,27.639608226715072,36.5203420058663,57.31027695386147
2013-09-28 20:00:00,27.639607581136257,36.34591329873508,54.83215507575105
2013-09-28 21:00:00,27.63960720924928,36.28886856432671,54.441728376146806
2013-09-28 22:00:00,27.639605928958993,36.14378429496837,53.96169992318233
2013-09-28 23:00:00,27.639606456729197,36.14379316223698,53.961702837644644
2013-09-29 00:00:00,27.63960545782918,36.14561128125056,53.96170297675407
2013-09-29 01:00:00,27.639603987391222,36.14409774505766,53.96170128664141
2013-09-29 02:00:00,25.824845342865874,35.32831844775728,53.96170186122088
2013-09-29 03:00:00,19.31275073314512,32.08793086976068,53.96170237688525
2013-09-29 04:00:00,8.971777720132748,33.710912354162836,53.96169689978198
2013-09-29 05:00:00,8.971775768518947,34.44323069560526,53.54488044930756
2013-09-29 06:00:00,0.025145219959103297,2.6928640782960125,29.552091697244016
2013-09-29 07:00:00,0.0251451103166978,2.6580085042010944,27.99712945935351
2013-09-29 08:00:00,0.025144769086545133,2.6580072228820053,24.932632830231043
2013-09-29 09:00:00,0.025143597237731134,2.658006525265833,24.932632334617956
2013-09-29 10:00:00,0.02514351897834108,2.658006623771899,24.91760247400915
2013-09-29 11:00:00,0.025143538337219225,2.6580066431810048,24.93262842617723
2013-09-29 12:00:00,0.025143636872197735,2.6580048362403437,24.929623862685432
2013-09-29 13:00:00,0.02514396285562171,2.6580066888960756,24.929934848238958
2013-09-29 14:00:00,0.0251450777305074,2.6580108510183185,27.135980585918233
2013-09-29 15:00:00,0.025145179217967793,2.669710786078016,30.421417641727217
2013-09-29 16:00:00,0.0395026852974046,34.700733465157235,43.73910836974044
2013-09-29 17:00:00,6.494131468763061,44.0413394968047,42.89523791883807
2013-09-29 18:00:00,6.4941289115305665,42.381345937320695,42.894423304159055
2013-09-29 19:00:00,6.494129121572285,42.3813458885549,42.38445136239874
2013-09-29 20:00:00,6.494130344567819,42.381342852579266,44.01919590305742
2013-09-29 21:00:00,6.494131207970551,42.381343097221425,44.496921966095044
2013-09-29 22:00:00,6.494130451406686,42.38134288150168,43.5835033994228
2013-09-29 23:00:00,8.036617618001786,42.38134412413076,48.22073404574721
2013-09-30 00:00:00,8.038488362747914,42.38135720173083,51.07948297394576
2013-09-30 01:00:00,8.040354934674408,44.30313601910582,52.30403186301989
2013-09-30 02:00:00,8.042219272349797,44.36741952140985,52.55712528742225
2013-09-30 03:00:00,8.042219608125398,44.40909550366724,52.81727003559781
2013-09-30 04:00:00,8.042219835387211,44.409096158915716,52.90494067837715
2013-09-30 05:00:00,8.04222007615907,44.40909620625678,52.86825642397221
2013-09-30 06:00:00,0.05581803255296686,36.03355353340067,48.63805586906718
2013-09-30 07:00:00,0.02514809630183,29.927107079934846,41.24382195500222
2013-09-30 08:00:00,0.025146718946997434,29.66501842732103,41.192732274168634
2013-09-30 09:00:00,0.025146153080613413,29.665018084799243,41.19273178515964
2013-09-30 10:00:00,0.025146630030986362,29.6650180546854,41.19273249733695
2013-09-30 11:00:00,0.02514671273498428,29.665018086093934,41.19273377239405
2013-09-30 12:00:00,0.025146967570753333,29.665018140358903,41.30200149699991
2013-09-30 13:00:00,0.025147816269633715,29.6650183309004,41.82967210854737
2013-09-30 14:00:00,0.02642481066607655,29.665018976614526,43.29207308432518
2013-09-30 15:00:00,8.066525948572828,34.504812680158665,46.23092783986434
2013-09-30 16:00:00,33.99593258571436,51.18671075973583,57.28608624715107
2013-09-30 17:00:00,33.96981866937186,52.48734972521123,57.63950539983589
2013-09-30 18:00:00,32.048636840231474,52.487211357388645,57.59119945615523
2013-09-30 19:00:00,31.603325472308,52.38338056138547,57.50370353111079
2013-09-30 20:00:00,27.5166530505851,52.233379908683645,57.780606531796685
2013-09-30 21:00:00,30.7702130718569,52.48733787072214,57.92891300480693
2013-09-30 22:00:00,27.516646311431554,51.65509955711878,57.40684805480106
2013-09-30 23:00:00,32.96758545379404,52.48732090993163,57.928723122999884
2013-10-01 00:00:00,33.995938483227015,52.48734478528949,58.24542073960191
2013-10-01 01:00:00,33.99593843235371,52.487351188372905,58.37282183558132
2013-10-01 02:00:00,33.99593057759323,52.487352211490254,58.45580891941984
2013-10-01 03:00:00,33.79375084656624,52.487352663343344,58.45581279780047
2013-10-01 04:00:00,33.995937175593994,52.48735313699689,58.48085440741884
2013-10-01 05:00:00,33.99593921731745,52.48735262425803,58.45626979324151
2013-10-01 06:00:00,4.183240442372847,16.60196532028332,37.249744243569936
2013-10-01 07:00:00,4.183239954607537,11.68608595040119,32.269730472014075
2013-10-01 08:00:00,3.3683590541308175,9.94437009608585,31.168184201486056
2013-10-01 09:00:00,3.368358717211635,5.98654928954024,31.168183725825777
2013-10-01 10:00:00,3.368358702868098,2.658025177117226,31.136723091496464
2013-10-01 11:00:00,3.368358698172675,2.6580250863934247,31.136716734941437
2013-10-01 12:00:00,3.3683588325383806,2.658027981373084,31.11800384738398
2013-10-01 13:00:00,3.368359312481552,9.944367692919544,31.16820070971663
2013-10-01 14:00:00,3.3683701048193146,9.944371134377345,33.203810667907696
2013-10-01 15:00:00,7.465150196243059,29.845501280329923,45.34532813530057
2013-10-01 16:00:00,9.213858598085737,36.25767615204037,52.11719893129462
2013-10-01 17:00:00,9.213870477426363,36.257676994478494,52.117199193171
2013-10-01 18:00:00,8.117241367004558,36.25767396264416,51.88649825887979
2013-10-01 19:00:00,8.119123305496919,35.72925068336357,51.05153881803058
2013-10-01 20:00:00,8.120980110555747,35.50295254635833,50.9658746793494
2013-10-01 21:00:00,8.122866062027787,34.40455395268172,50.22225799004385
2013-10-01 22:00:00,7.443171296948053,27.707387586390837,46.602957387528065
2013-10-01 23:00:00,7.457831056564936,29.845499573512573,47.6204932928833
2013-10-02 00:00:00,8.128551676201239,34.12160247512514,50.78071443807239
2013-10-02 01:00:00,8.13044023446336,35.378348458738415,51.4489544434323
2013-10-02 02:00:00,8.132327744625858,35.53743790953891,51.56848106927159
2013-10-02 03:00:00,8.134214378877648,35.56926909335947,51.75475632126606
2013-10-02 04:00:00,8.136107788305152,35.731889808902835,51.98223935222907
2013-10-02 05:00:00,8.137996964956104,35.73186530314704,51.874679571570425
2013-10-02 06:00:00,0.025145688712508094,5.0263596039053695,8.867412961629018
2013-10-02 07:00:00,0.025145228462872368,5.026359281069186,8.757292963253292
2013-10-02 08:00:00,0.02514522019484344,4.551126856606304,8.152510344247137
2013-10-02 09:00:00,0.025145180195558108,4.264238536382992,7.718514503760108
2013-10-02 10:00:00,0.02514519931388934,4.075133301668242,7.28013503218594
2013-10-02 11:00:00,0.025145188210573852,3.846977329426,7.0101849688327125
2013-10-02 12:00:00,0.025145240680401484,4.259942948753071,7.4083741925190045
2013-10-02 13:00:00,0.02514521794155991,4.43377506699285,8.074450296995971
2013-10-02 14:00:00,0.02514526085429753,4.748430878823824,8.702593035686611
2013-10-02 15:00:00,0.6518034084985542,9.799623973301486,15.60430527275863
2013-10-02 16:00:00,1.2716234688272832,11.508386536034216,23.463834262667618
2013-10-02 17:00:00,1.271623338921424,11.508394954486814,23.462904715342702
2013-10-02 18:00:00,1.1975654409916106,11.508389250273996,23.214435378640992
2013-10-02 19:00:00,1.0099515530867949,11.346737842601158,22.476894142925822
2013-10-02 20:00:00,1.0099504496748937,10.283051831812866,21.93643179974299
2013-10-02 21:00:00,1.009951030256317,10.281542463080314,21.972808015577655
2013-10-02 22:00:00,1.0099501057315419,10.23502874584653,20.85879554883151
2013-10-02 23:00:00,1.0099512649430025,10.227499913346534,21.46002510980697
2013-10-03 00:00:00,1.0192303631435602,10.253514382877512,22.444997093781303
2013-10-03 01:00:00,1.271591998402594,10.802064390643931,23.19431414695886
2013-10-03 02:00:00,1.2625613988982776,11.495495682950416,23.461319107399632
2013-10-03 03:00:00,1.2716238846522472,11.508390797083013,23.44170919619168
2013-10-03 04:00:00,1.2716249012067211,11.508390789690608,22.749683287404082
2013-10-03 05:00:00,1.271625072924537,11.508386107139373,22.373491906319025
2013-10-03 06:00:00,0.025145571300624694,3.4743237172464188,6.6447981342379006
2013-10-03 07:00:00,0.025145210441621314,3.474319611519576,6.596137538361081
2013-10-03 08:00:00,0.025145107381649764,3.29204096195023,6.351151094777675
2013-10-03 09:00:00,0.02514507691746159,2.96966107040112,5.830130440682371
2013-10-03 10:00:00,0.025145085881866636,2.7748256772283373,5.473507833760841
2013-10-03 11:00:00,0.025145054447123522,2.7742355390121882,5.4723338788518845
2013-10-03 12:00:00,0.02514504045190734,3.1734919340612393,6.07965759190108
2013-10-03 13:00:00,0.02514508151860298,3.292034238260964,6.339019387546114
2013-10-03 14:00:00,0.02514510435227334,3.3621607948845296,6.630356823199964
2013-10-03 15:00:00,0.02514549380051994,2.658037927459577,7.470092960339885
2013-10-03 16:00:00,0.025145817016942545,2.6696856832931837,13.851236453675078
2013-10-03 17:00:00,0.025146143425027138,7.941509996334452,14.922046932061658
2013-10-03 18:00:00,0.025145824200700873,8.907517468529202,15.110340838272403
2013-10-03 19:00:00,0.025146095399599236,8.904963760416834,15.109843174409294
2013-10-03 20:00:00,0.025146595582894293,9.739346679790295,15.349947576118161
2013-10-03 21:00:00,0.025147674939792707,10.222761749567882,15.449150074542072
2013-10-03 22:00:00,0.025148709265800078,11.564156783324954,15.724418924205631
2013-10-03 23:00:00,0.025184124606496223,12.217245496637748,15.755477064186397
2013-10-04 00:00:00,0.03617712499946836,12.232815523897305,15.758499859420931
2013-10-04 01:00:00,0.036186492430588316,12.232815595909198,15.758508223198964
2013-10-04 02:00:00,0.03618560662703924,12.232815454363397,15.75851251904509
2013-10-04 03:00:00,0.036030601924118916,12.232815077840911,15.758513385310158
2013-10-04 04:00:00,0.025162984610782375,12.232816666579662,15.758529561557474
2013-10-04 05:00:00,0.03618391462372118,12.232817271554413,15.758516875418158
2013-10-04 06:00:00,0.036183020893062336,12.23279278989305,14.444420786788655
2013-10-04 07:00:00,0.02514797963838483,10.25278030924942,13.461178775839324
2013-10-04 08:00:00,0.02514594975892535,9.598196313433554,12.741952912096163
2013-10-04 09:00:00,0.02514575740342308,8.386283677298263,10.901056547805531
2013-10-04 10:00:00,0.025148549232458028,10.342289586178243,13.220089882634998
2013-10-04 11:00:00,0.025148751740349824,10.252780608446976,13.223253770124934
2013-10-04 12:00:00,0.02514965082403216,10.252782135348504,14.271454453437197
2013-10-04 13:00:00,0.028593112349701497,11.745113237222707,14.779315169829147
2013-10-04 14:00:00,7.143958904301799,14.348989692782435,18.938733774778818
2013-10-04 15:00:00,8.679765130073491,36.31728676074661,37.4724051065218
2013-10-04 16:00:00,36.15415988591155,54.61285090460481,55.30885910082019
2013-10-04 17:00:00,36.15417261097628,57.80680958554977,55.51849855067871
2013-10-04 18:00:00,36.16227517736032,57.87770442761095,55.527192498937154
2013-10-04 19:00:00,36.154170749425795,57.880088900711996,55.527804176056684
2013-10-04 20:00:00,36.154171043472175,57.880099373612154,55.52781437956878
2013-10-04 21:00:00,36.15417195975181,57.88009580434172,55.52839368563295
2013-10-04 22:00:00,37.07192860317771,57.88009674362458,56.43983474142576
2013-10-04 23:00:00,49.985071373938815,58.162383188078664,56.7224175292043
2013-10-05 00:00:00,50.70295228801892,58.16238318312325,57.0647079944862
2013-10-05 01:00:00,53.87024725515869,58.16238316091278,57.5682742007607
2013-10-05 02:00:00,53.870248893742385,58.162383314681726,58.66862070240944
2013-10-05 03:00:00,53.87024898771649,58.16238341627544,58.93929370931382
2013-10-05 04:00:00,53.870249024590144,58.16238354858542,59.17709459654059
2013-10-05 05:00:00,53.87024904413784,58.16238361966219,60.0731519066165
2013-10-05 06:00:00,53.87024908883775,58.16238378618337,60.430108062318105
2013-10-05 07:00:00,53.87024902740385,57.88009805104751,59.83644027614565
2013-10-05 08:00:00,53.87024900965952,57.880096691532934,59.836441208863484
2013-10-05 09:00:00,53.87024899529266,57.880098892847435,60.568371541119724
2013-10-05 10:00:00,53.87024897624172,57.88009926607654,60.81335315165711
2013-10-05 11:00:00,53.87024901065196,57.880099281197445,60.83123976518957
2013-10-05 12:00:00,53.87024906780557,57.88009877729097,61.363223469308195
2013-10-05 13:00:00,53.870249089811544,57.88009958359731,61.857813208946766
2013-10-05 14:00:00,53.87024919761423,57.88009950556251,62.21334192491859
2013-10-05 15:00:00,53.87024955956586,58.16238248389576,62.53642550167378
2013-10-05 16:00:00,56.97325200781125,60.102827775516694,64.24920800323795
2013-10-05 17:00:00,56.973252442403705,61.10532584627991,64.41016792720423
2013-10-05 18:00:00,56.973252340632435,60.398835977330194,64.40965209669065
2013-10-05 19:00:00,56.973252748072525,60.97783380687764,64.37018279530459
2013-10-05 20:00:00,57.745850946106245,60.32395135244991,64.19439516775078
2013-10-05 21:00:00,58.74961644124005,60.32349668080671,64.19590075053112
2013-10-05 22:00:00,58.74961952507371,60.32349315458876,64.20145518714952
2013-10-05 23:00:00,58.74961810534495,60.323491145021684,64.20455534924436
2013-10-06 00:00:00,58.7494448589352,60.32332088455258,64.20500792199336
2013-10-06 01:00:00,58.3152957811763,59.89685266572745,64.25665409080916
2013-10-06 02:00:00,58.31528995239349,59.89684774674111,64.25665513840774
2013-10-06 03:00:00,58.31529133551598,59.896849357435165,64.25665705318809
2013-10-06 04:00:00,58.31529391765361,59.89685131759428,64.25665877245804
2013-10-06 05:00:00,58.32358452439484,59.90499473885386,64.26814988215011
2013-10-06 06:00:00,58.74960223314968,60.32347591250622,64.14128032693357
2013-10-06 07:00:00,56.149055067035064,57.805047778781955,62.09104968101782
2013-10-06 08:00:00,53.870250068481056,57.75321379948867,62.09103276425348
2013-10-06 09:00:00,53.870249100305884,57.753212650385564,62.09103258890606
2013-10-06 10:00:00,53.87024904632417,57.75321189047786,62.09103219814246
2013-10-06 11:00:00,53.87024906237981,57.753212003004045,62.09103214146298
2013-10-06 12:00:00,53.87024905777981,57.753212071153214,62.09103214020223
2013-10-06 13:00:00,53.870249056612884,57.75321221908283,62.091029786353786
2013-10-06 14:00:00,53.87024908655037,57.75321260258209,62.16258596968305
2013-10-06 15:00:00,53.87024912704964,58.162381177999535,63.1372037276268
2013-10-06 16:00:00,53.87024948930017,59.63813339227061,64.57390663106041
2013-10-06 17:00:00,53.8702504383323,60.034805492862716,64.63933197846247
2013-10-06 18:00:00,53.87027630808516,59.961820748680964,64.60847061711878
2013-10-06 19:00:00,53.870250392048625,59.679218889823005,64.13651641232138
2013-10-06 20:00:00,53.870249260532056,58.938360362171416,63.861291143396286
2013-10-06 21:00:00,53.87024906117852,58.16238463668115,63.2135334487719
2013-10-06 22:00:00,53.87024899603107,58.16238352844744,62.936770585155045
2013-10-06 23:00:00,53.87024898507671,58.162383597643235,62.93676785032725
2013-10-07 00:00:00,53.87024897689865,58.162383562493574,62.93676703174715
2013-10-07 01:00:00,53.87024898508273,58.162383579145725,62.93676794461392
2013-10-07 02:00:00,53.87024899854529,58.16238362610367,62.936768235185006
2013-10-07 03:00:00,53.87024902587093,58.16238385103367,63.04885758105387
2013-10-07 04:00:00,53.87024909337071,58.36345222718075,63.389531715002725
2013-10-07 05:00:00,53.87024936157993,58.93832404758164,63.75100058739482
2013-10-07 06:00:00,53.87024910987399,58.387700356893276,62.35556515846317
2013-10-07 07:00:00,53.870248918436836,56.897593961951834,60.29326912716811
2013-10-07 08:00:00,53.870247583318715,56.78083384542931,60.110004928121604
2013-10-07 09:00:00,53.870247163442194,56.78083339530136,60.11000465883764
2013-10-07 10:00:00,53.8702471647022,56.780833117222855,60.11000434492818
2013-10-07 11:00:00,53.87024729642492,56.780833707783884,60.11000431160982
2013-10-07 12:00:00,53.87024771542014,56.78083439503992,60.11000449515584
2013-10-07 13:00:00,53.87024880772647,56.78083574778693,60.11023922614449
2013-10-07 14:00:00,53.87024891403929,57.116920543942825,60.26325188308198
2013-10-07 15:00:00,53.87024900779578,58.16237500293236,61.76622383610999
2013-10-07 16:00:00,53.87024947415144,59.61525217919475,64.49971604506325
2013-10-07 17:00:00,53.87025161838353,60.03312024339991,64.77626519606089
2013-10-07 18:00:00,53.870251896313604,59.92523236576454,64.55405857108944
2013-10-07 19:00:00,53.87025034462111,59.53758035270996,64.33321344827101
2013-10-07 20:00:00,53.870249478599604,59.44299890442021,64.14780784427889
2013-10-07 21:00:00,53.870249194032716,58.16239913230254,63.531281275273436
2013-10-07 22:00:00,53.87024895475716,58.16238374197076,63.144924370885064
2013-10-07 23:00:00,53.87024894526998,58.1623838954082,63.21034230039894
2013-10-08 00:00:00,53.87024894331467,58.162384147442445,63.2559378180051
2013-10-08 01:00:00,53.87024894077255,58.16238412687684,63.368779896752265
2013-10-08 02:00:00,53.87024894216251,58.16238444781329,63.58991241694282
2013-10-08 03:00:00,53.870248933109536,58.16238966990088,63.710832749972454
2013-10-08 04:00:00,53.870248907713616,59.24277174874092,64.21124842977066
2013-10-08 05:00:00,53.87024889180438,59.47842943242353,64.22753639652791
2013-10-08 06:00:00,53.87024887476079,58.162384310870955,62.78322210758005
2013-10-08 07:00:00,53.87024880780302,58.16238333203327,60.26011476915121
2013-10-08 08:00:00,53.87024878884504,58.16237683679124,60.02683009425239
2013-10-08 09:00:00,53.87024871260637,58.16237555172032,60.02682967863141
2013-10-08 10:00:00,53.87024859148926,58.16237407506728,60.02682953288777
2013-10-08 11:00:00,53.870248474202505,58.162374388497476,60.026829724634595
2013-10-08 12:00:00,53.87024817901382,58.16237505590755,60.02682983190423
2013-10-08 13:00:00,53.87024835998152,58.162375956758986,60.03456402264758
2013-10-08 14:00:00,53.87024864882317,58.16237668020687,60.24328341961899
2013-10-08 15:00:00,53.87024873281434,58.16238076957382,61.805052710275845
2013-10-08 16:00:00,53.87024880985432,58.16238342728358,63.007597863451295
2013-10-08 17:00:00,53.87024891062855,58.162384210629874,63.1314299849602
2013-10-08 18:00:00,53.870249114508326,58.16238440357056,63.19111126222242
2013-10-08 19:00:00,53.87024895003671,58.162383501393144,62.380964258383585
2013-10-08 20:00:00,53.870248807555626,58.16238314102505,61.919559910331884
2013-10-08 21:00:00,53.87024875395976,58.16238299109105,61.85836967548245
2013-10-08 22:00:00,53.870248704339865,58.16238282756814,61.629817399682864
2013-10-08 23:00:00,53.87024867294209,58.16238282405618,61.630439162906306
2013-10-09 00:00:00,53.87024864113637,58.162382872052,61.63043990326462
2013-10-09 01:00:00,53.870248594112034,58.16238283972358,61.63043851191858
2013-10-09 02:00:00,53.87024857926494,58.162382927246895,61.63044105746803
2013-10-09 03:00:00,53.870248542317135,58.162382982962185,61.95288198423075
2013-10-09 04:00:00,53.87024845465332,58.16238305776946,62.77425321994981
2013-10-09 05:00:00,53.87024818542336,58.162382975292104,62.5482424448315
2013-10-09 06:00:00,53.179511585796206,58.16238273382795,61.63043916795682
2013-10-09 07:00:00,51.423212670395706,54.19131877749822,60.43899491048236
2013-10-09 08:00:00,48.476462398107095,52.5801905294747,59.62645801461883
2013-10-09 09:00:00,47.17298199511162,52.212021354565195,59.52269642716035
2013-10-09 10:00:00,46.58722518240811,52.2119961727805,59.50402729991911
2013-10-09 11:00:00,45.651646279573114,52.05836802776363,59.432734241224104
2013-10-09 12:00:00,45.651645964918515,52.048911300213554,59.414521076371976
2013-10-09 13:00:00,45.65164584943314,50.52321402343113,59.66583873036518
2013-10-09 14:00:00,45.65164557483605,51.95324164453715,59.58484290921116
2013-10-09 15:00:00,45.65164576954069,50.763406304330736,58.88127901297489
2013-10-09 16:00:00,45.651646193641305,51.289779963376404,59.54601816965904
2013-10-09 17:00:00,45.65164687297872,52.21200147808884,60.613088126797855
2013-10-09 18:00:00,45.65164622636308,52.2120029051068,60.66747473282544
2013-10-09 19:00:00,45.651645889759145,52.212004031506304,60.42575222776213
2013-10-09 20:00:00,45.65164586306694,52.21199679796056,60.40857854986117
2013-10-09 21:00:00,45.651647038870024,49.5946355130535,60.39716148864532
2013-10-09 22:00:00,46.85735244352139,50.27803801759264,60.48773887934556
2013-10-09 23:00:00,47.708144047705346,50.780714206469,61.25776740219864
2013-10-10 00:00:00,50.48316427853414,52.48765825182112,61.55346475436793
2013-10-10 01:00:00,50.73665174700983,52.632631875534535,61.594974524503314
2013-10-10 02:00:00,50.7451483587865,52.63388146371925,61.60382865530391
2013-10-10 03:00:00,52.61641162984311,53.49858539640825,61.73671979566576
2013-10-10 04:00:00,52.84899241083744,53.80652731850307,62.04647479388904
2013-10-10 05:00:00,52.98660145530224,54.279206386352385,62.0486271196043
2013-10-10 06:00:00,51.62508672239556,53.161987452555444,61.99317496332575
2013-10-10 07:00:00,43.72775695359798,39.82883013036104,60.94445026980213
2013-10-10 08:00:00,41.796254771765334,33.379277546804666,60.835605739785876
2013-10-10 09:00:00,41.79625467500723,33.26679551384018,60.82990714990151
2013-10-10 10:00:00,41.79625482135954,33.37988198752704,60.83000669395494
2013-10-10 11:00:00,41.79625484069306,33.37954732425021,60.83794054116253
2013-10-10 12:00:00,41.796254849980095,33.379882616791846,60.907714552364006
2013-10-10 13:00:00,41.796255238316995,33.37988306695249,61.02620557309984
2013-10-10 14:00:00,43.05537930521054,35.35233051903234,61.58612448127631
2013-10-10 15:00:00,50.52570133656357,52.438171112565186,62.98776192904167
2013-10-10 16:00:00,53.17951017522624,57.77640488249234,64.11173432715047
2013-10-10 17:00:00,53.179510127999386,57.929897448817606,63.834971261931855
2013-10-10 18:00:00,53.17951009844656,57.83025808097907,63.469430156931935
2013-10-10 19:00:00,53.17950999337367,56.868223936019966,62.57390514757783
2013-10-10 20:00:00,53.17950999870388,56.86821499846925,62.0149653165256
2013-10-10 21:00:00,53.17950940413085,55.804277594930056,61.49515871114732
2013-10-10 22:00:00,50.87224611439293,55.80426118436551,61.51928798178721
2013-10-10 23:00:00,46.20758073547819,55.80425709272683,61.5192873320216
2013-10-11 00:00:00,44.107769206129255,55.80425958287418,61.51928729451136
2013-10-11 01:00:00,43.61489102805808,55.91331454060483,61.50958239381504
2013-10-11 02:00:00,43.581995630302195,55.811497332608845,61.414714900261494
2013-10-11 03:00:00,43.72787211466361,55.81113192662408,61.43085777114104
2013-10-11 04:00:00,46.207578161167476,52.43817887740873,59.867463031241776
2013-10-11 05:00:00,46.20759001038904,52.21200588822392,57.97915819639348
2013-10-11 06:00:00,44.68565946497751,49.252331905904725,48.679813941096796
2013-10-11 07:00:00,44.07522043334494,48.05695825924369,42.9866638950016
2013-10-11 08:00:00,41.91467442332808,45.90302532928943,39.56899372325033
2013-10-11 09:00:00,41.9146730756528,46.57840642441371,39.523809031612224
2013-10-11 10:00:00,41.91467256379242,46.50201593251874,41.46018720921057
2013-10-11 11:00:00,41.91467251122048,46.438416029641566,41.45942395354598
2013-10-11 12:00:00,41.91467158833137,46.438413159242415,41.45942209115895
2013-10-11 13:00:00,41.80840605429345,46.32728681791583,41.3976170078592
2013-10-11 14:00:00,41.91467341745002,48.506825769584474,42.664005737066695
2013-10-11 15:00:00,41.91467347781058,48.98944766734799,43.00669375583707
2013-10-11 16:00:00,41.91467346869271,52.66313204993056,43.70655252221176
2013-10-11 17:00:00,41.91467339177537,53.91633658826536,43.63090350269676
2013-10-11 18:00:00,41.9146735732762,53.73055645801241,43.56103563976579
2013-10-11 19:00:00,41.91467373039697,53.47243711434431,43.510724143920015
2013-10-11 20:00:00,41.91467355924962,53.35527587548239,44.23224603179455
2013-10-11 21:00:00,41.91467318575415,52.43818332724162,44.119842041682446
2013-10-11 22:00:00,41.9146737282669,52.438180950371496,48.56027647841045
2013-10-11 23:00:00,41.914674523995316,52.33788550803612,49.03858806245253
2013-10-12 00:00:00,44.72313495425984,49.9211624912637,49.534695775547426
2013-10-12 01:00:00,44.918095280128846,50.025732597660095,50.224333810692954
2013-10-12 02:00:00,44.723173461602485,49.37491428607826,53.16506412880986
2013-10-12 03:00:00,46.88363720633152,50.13313931183107,54.41864372423515
2013-10-12 04:00:00,50.72187808363754,52.43776409918284,56.860449403523546
2013-10-12 05:00:00,52.17970791042915,53.8698027179924,57.82651608598807
2013-10-12 06:00:00,53.17950957224241,54.54362461840762,57.93704667956148
2013-10-12 07:00:00,50.93617526714513,48.24257616443362,50.50142990580152
2013-10-12 08:00:00,50.68020019870911,48.058330702248675,50.12120642405689
2013-10-12 09:00:00,46.305369513358904,48.05833055540855,50.12120462016976
2013-10-12 10:00:00,45.82569680761368,48.058330922403314,50.72743873086938
2013-10-12 11:00:00,45.825683730043046,48.0583299736809,50.72755366167502
2013-10-12 12:00:00,46.459202977049465,48.05833143626823,50.110287136885795
2013-10-12 13:00:00,46.33444302863674,48.28650217411801,50.1132764276171
2013-10-12 14:00:00,50.01410488109062,50.47856448914653,50.31053094269626
2013-10-12 15:00:00,53.179510017592364,54.75727289028483,52.73995958180484
2013-10-12 16:00:00,53.179510113832336,57.28900413720199,56.70269864831122
2013-10-12 17:00:00,53.179510110704086,57.85166331446207,56.81793546224924
2013-10-12 18:00:00,53.179510072667746,57.76995316902526,56.85942404373893
2013-10-12 19:00:00,53.17951000623687,57.851671525053185,56.890687130216214
2013-10-12 20:00:00,53.17950997799564,58.099982783261495,57.029329966743425
2013-10-12 21:00:00,53.17950996021421,57.85166201529263,57.57908705639661
2013-10-12 22:00:00,53.179509741324374,57.81086832778186,58.189748162367174
2013-10-12 23:00:00,53.179509964667076,57.78415070087973,58.215194664947624
2013-10-13 00:00:00,53.179510019453275,56.63662201891043,58.538995267463896
2013-10-13 01:00:00,53.179509874976894,55.945961567009974,59.04765628468132
2013-10-13 02:00:00,52.79342339618165,55.37518047749798,59.51714569949394
2013-10-13 03:00:00,47.446717704730624,53.93850335716295,59.31174110122164
2013-10-13 04:00:00,45.27982812905925,50.87623428430534,58.43182929959114
2013-10-13 05:00:00,43.60146422449937,47.570725924521824,58.64886755352378
2013-10-13 06:00:00,8.660269037150076,47.57072313373115,56.1046372747824
2013-10-13 07:00:00,0.025150039779268708,38.607772308419975,49.02837121110701
2013-10-13 08:00:00,0.025146124516030228,38.60777094436168,48.59417033024874
2013-10-13 09:00:00,0.02514558018133545,38.60776967571272,48.678314489399625
2013-10-13 10:00:00,0.02514576213046796,38.607772230739364,48.90174521163596
2013-10-13 11:00:00,0.025145770657127562,42.48988574592316,50.14478222976287
2013-10-13 12:00:00,0.025145446393515996,42.48988475369202,49.89461935755474
2013-10-13 13:00:00,0.025145549546503644,43.09897659391312,49.894622941825666
2013-10-13 14:00:00,0.025146427136169505,43.148485267988846,50.42278263369387
2013-10-13 15:00:00,0.025148131713003848,51.91349798287752,60.397431850324516
2013-10-13 16:00:00,0.025247249051858035,53.41117785624128,61.8094073408198
2013-10-13 17:00:00,8.656005656848752,53.41118134904825,61.83173361988014
2013-10-13 18:00:00,8.678373108299756,53.41118303688165,61.807837783859
2013-10-13 19:00:00,8.680389132025256,53.41119065125053,61.79594622889029
2013-10-13 20:00:00,8.68240440650366,53.41188870494925,61.79275258263516
2013-10-13 21:00:00,8.6844206723204,53.5299107689033,61.723250534406866
2013-10-13 22:00:00,8.971748155003574,54.011320655883075,61.822042804931314
2013-10-13 23:00:00,8.972054952603488,55.263424892824645,62.077453651218484
2013-10-14 00:00:00,31.1275497798522,55.34143458497913,62.09356490707631
2013-10-14 01:00:00,32.48877059553818,55.38791156110286,62.10573444772299
2013-10-14 02:00:00,32.95080883583973,55.38791952466814,62.104535629396004
2013-10-14 03:00:00,46.62238891958009,56.20061048876631,62.39206532468535
2013-10-14 04:00:00,50.680143092511244,56.31775905720738,62.48532223252479
2013-10-14 05:00:00,51.05269839648529,56.317830999940995,62.60313984508027
2013-10-14 06:00:00,50.77552610288031,56.31781290999883,62.14865027779148
2013-10-14 07:00:00,50.680157110465174,55.848174897053234,61.06789716625101
2013-10-14 08:00:00,50.68015720559591,55.26351411327008,61.055992586937364
2013-10-14 09:00:00,50.68015742802137,55.263443651057266,61.055991610402806
2013-10-14 10:00:00,50.6801581316087,55.26345055895837,61.05598577492179
2013-10-14 11:00:00,50.68016204563633,55.26344218041341,61.217738815722065
2013-10-14 12:00:00,50.68016313712158,55.26345202482906,61.055992523221725
2013-10-14 13:00:00,52.09721571284077,55.91798455466418,61.080955821763055
2013-10-14 14:00:00,53.179504976265356,56.44103199666234,61.69204487726074
2013-10-14 15:00:00,53.179509850189504,58.03191366720291,63.09622404192174
2013-10-14 16:00:00,53.17951004190897,58.145952622452995,64.10375677708335
2013-10-14 17:00:00,53.17951005123843,58.14595302368539,63.72739618206687
2013-10-14 18:00:00,53.17951000249055,58.14614949501329,63.41954520743447
2013-10-14 19:00:00,53.17950990313766,58.08878348157693,63.17028585145956
2013-10-14 20:00:00,53.17950991623605,58.0319135790947,62.749037937300635
2013-10-14 21:00:00,53.17950993885337,58.00174911384805,62.48437043232735
2013-10-14 22:00:00,53.17951003549382,58.03191680804178,62.4675902845773
2013-10-14 23:00:00,53.17951007163766,58.03247851091589,62.46759164154207
2013-10-15 00:00:00,53.17951010031399,58.03194908171893,62.46759187474451
2013-10-15 01:00:00,53.1795101524159,58.03191736252448,62.46761368777006
2013-10-15 02:00:00,53.179510175717056,58.03191669179869,62.76590657682066
2013-10-15 03:00:00,53.17951015414733,58.031910147830395,63.08735291776103
2013-10-15 04:00:00,53.17951013294887,57.3591458204786,63.27538967207552
2013-10-15 05:00:00,53.17951014554839,57.361496007276564,63.430962076536744
2013-10-15 06:00:00,53.17951017947713,56.992494826672804,62.83347915639751
2013-10-15 07:00:00,53.17951013633887,56.90556112636415,62.312806510002886
2013-10-15 08:00:00,53.17951011077664,56.880152126347184,62.285517312070446
2013-10-15 09:00:00,53.17951014566454,56.89149350194769,62.35975641352835
2013-10-15 10:00:00,53.17951022445484,56.96641779264872,62.460277489658715
2013-10-15 11:00:00,53.179510420029196,57.546458356967086,62.67690049474545
2013-10-15 12:00:00,53.17951028856779,57.546459185807166,62.67690153068046
2013-10-15 13:00:00,53.1795102436737,57.54646222342225,62.77561750381134
2013-10-15 14:00:00,53.17951025034357,58.03891971800312,63.39794932873764
2013-10-15 15:00:00,53.17951079055549,58.138319497862376,64.8541172512909
2013-10-15 16:00:00,53.17951338291935,58.13832041743649,65.55228229823226
2013-10-15 17:00:00,53.17951319505623,58.13832204564138,65.51955767102854
2013-10-15 18:00:00,53.17951094443566,58.138320511296975,65.21709411687756
2013-10-15 19:00:00,53.179510228245164,58.13832018877482,64.73450022160377
2013-10-15 20:00:00,53.179510154966536,58.13832003108538,64.36726680889697
2013-10-15 21:00:00,53.17951012689674,58.13831990192135,64.12424775873703
2013-10-15 22:00:00,53.1795101229689,58.13831951523837,63.97158107532688
2013-10-15 23:00:00,53.17951012802193,58.1383154323856,63.942360964253815
2013-10-16 00:00:00,53.179510118967876,58.13831823662122,64.07240125082518
2013-10-16 01:00:00,53.179510118268375,58.17240389866736,64.09299645057916
2013-10-16 02:00:00,53.179510227916666,60.242968914821994,64.09397602767548
2013-10-16 03:00:00,53.1795130345946,60.59164121232438,64.12624445385639
2013-10-16 04:00:00,56.885514425034955,60.99530576186307,64.77305680945314
2013-10-16 05:00:00,58.494276434668684,61.071822744960045,65.97518806021999
2013-10-16 06:00:00,54.64129655052465,60.243001110900174,65.81076868683228
2013-10-16 07:00:00,53.17951539179432,58.138312249918705,62.71036378448341
2013-10-16 08:00:00,53.17951226248405,56.58561338832519,62.48093381548146
2013-10-16 09:00:00,53.179510660283185,56.981551792993926,62.65488731102025
2013-10-16 10:00:00,53.1795124469513,57.73796755875602,63.02368746734616
2013-10-16 11:00:00,53.179514798705384,58.13831503103907,63.222448466680135
2013-10-16 12:00:00,53.179514726690044,58.21669038376093,63.21734767053677
2013-10-16 13:00:00,53.17951517324213,58.21669324695596,63.11988881710048
2013-10-16 14:00:00,53.17951058569605,58.138331226910694,63.35910873300236
2013-10-16 15:00:00,53.17951027621457,58.138323727639914,65.28457093933481
2013-10-16 16:00:00,53.17951006551927,58.13831804805189,66.51852722382323
2013-10-16 17:00:00,53.179509979789195,56.15787990676489,66.17925309530011
2013-10-16 18:00:00,53.17950927197216,57.45046759793468,64.74101242740845
2013-10-16 19:00:00,48.99375195919071,48.75288403258756,63.536462710815115
2013-10-16 20:00:00,35.686999255285215,41.27882223601079,62.87178645831073
2013-10-16 21:00:00,35.68699791078664,41.513163284802225,62.71503359871539
2013-10-16 22:00:00,35.686997745308226,41.51241691185349,62.71503765823568
2013-10-16 23:00:00,35.68699709440991,41.513148040212485,62.71503411632771
2013-10-17 00:00:00,19.886955330136733,34.737648860794266,62.715031272245504
2013-10-17 01:00:00,6.151034411980299,26.257764634164353,62.351509806021525
2013-10-17 02:00:00,7.678470528637725,26.936908681712286,61.824664666457515
2013-10-17 03:00:00,1.6418782642949847,24.126160339690507,61.64719552258638
2013-10-17 04:00:00,0.025146255305149155,23.286042718480303,60.527135450382524
2013-10-17 05:00:00,0.02514629186856842,21.069040566626317,47.859873585587536
2013-10-17 06:00:00,0.025146902783305388,17.152976476771656,32.781643296417656
2013-10-17 07:00:00,0.02514554474486941,15.455001649264624,26.391106354529143
2013-10-17 08:00:00,0.025145358667986166,12.914677386029378,25.37443696851951
2013-10-17 09:00:00,0.025145373010927192,12.823998389330932,23.618894842499998
2013-10-17 10:00:00,0.025145377345990767,10.024022194888524,23.266412350589917
2013-10-17 11:00:00,0.025145446078105274,17.152982934534336,23.48339626952916
2013-10-17 12:00:00,0.025145445285984357,25.898423230429994,23.795422319226155
2013-10-17 13:00:00,0.025145406186698162,26.092611857094724,23.786984428964942
2013-10-17 14:00:00,0.025145285816033074,37.388324948112455,25.520285151244444
2013-10-17 15:00:00,0.025165263417181262,54.71258401073705,32.98291057207573
2013-10-17 16:00:00,10.608479599140594,54.757267538715475,36.51913274026286
2013-10-17 17:00:00,35.557947648777656,58.1069462769202,41.9205576398142
2013-10-17 18:00:00,38.39263602561919,58.138322072691416,40.98736721704124
2013-10-17 19:00:00,42.31221531619983,58.467215722969954,37.28329575252379
2013-10-17 20:00:00,47.61617036575833,58.138319451589034,35.21610670280316
2013-10-17 21:00:00,52.933192381410024,57.65655653457985,36.821176384307364
2013-10-17 22:00:00,53.17950965164568,57.65655437919156,36.830260660981224
2013-10-17 23:00:00,53.17950973035021,57.6565547034136,36.82910440622534
2013-10-18 00:00:00,53.179509775299465,57.65655777569293,36.8292942846798
2013-10-18 01:00:00,53.17950980466319,57.656557781084274,37.76516307443781
2013-10-18 02:00:00,53.17950986108094,57.656571187179246,48.57167879629488
2013-10-18 03:00:00,53.17951278443224,57.39800879081959,55.97062561074988
2013-10-18 04:00:00,54.49836643170878,58.43861153307637,57.65183033932517
2013-10-18 05:00:00,55.561619150774696,59.249543272131966,58.922478366205915
2013-10-18 06:00:00,55.561619430735114,59.12922365055609,59.68910119899546
2013-10-18 07:00:00,53.57585439850643,55.44480236072031,55.46340881372869
2013-10-18 08:00:00,53.17950985616865,53.507048769822276,53.05307807446248
2013-10-18 09:00:00,53.179509729800316,52.97352475071357,53.009421459357625
2013-10-18 10:00:00,53.179509697884626,52.622188084467844,53.60475307656704
2013-10-18 11:00:00,53.17950970643792,52.062203753895815,53.71538760912652
2013-10-18 12:00:00,53.179509631210564,50.60751887893578,53.63118698167204
2013-10-18 13:00:00,53.179509604339984,50.323096870926776,53.73201082881938
2013-10-18 14:00:00,53.17950958850486,52.62218915620415,56.68681558191423
2013-10-18 15:00:00,53.17950969244868,54.3218243921814,61.02376611969964
2013-10-18 16:00:00,55.56161869927315,60.128325516813796,65.15948275080596
2013-10-18 17:00:00,53.68057914741198,57.21325566282855,63.829635262441755
2013-10-18 18:00:00,52.97677362245198,55.282861809211084,61.82164693225883
2013-10-18 19:00:00,52.51058221496743,54.404536123820684,60.88100202075209
2013-10-18 20:00:00,47.83133149533938,49.881360655727704,60.121061504272554
2013-10-18 21:00:00,47.17300807231659,49.34792071760493,59.90183155141869
2013-10-18 22:00:00,44.98484550790079,48.16896551193862,58.90029661524452
2013-10-18 23:00:00,44.98484530931985,48.168968506660256,58.90029365023999
2013-10-19 00:00:00,44.98484527487353,48.16896851333408,58.90028739830765
2013-10-19 01:00:00,44.98484411837042,48.16895791402747,58.90018795131249
2013-10-19 02:00:00,44.984844178664126,48.168958870448776,58.90000061366171
2013-10-19 03:00:00,44.98484567042689,48.19989597113389,58.87477059832968
2013-10-19 04:00:00,44.98484592425473,49.496758757463276,58.33011067053741
2013-10-19 05:00:00,44.98484586288166,50.323095269339326,58.30758226339042
2013-10-19 06:00:00,30.443132412366644,37.59087903968223,41.70099600675003
2013-10-19 07:00:00,27.594167199083934,32.08344647487891,36.17866035355341
2013-10-19 08:00:00,27.576660286052835,30.763670846562448,34.599844749312496
2013-10-19 09:00:00,27.594166321768338,30.77992464585112,34.59984496733797
2013-10-19 10:00:00,27.59416761274507,30.779940179339853,34.59984493175466
2013-10-19 11:00:00,27.594171401299093,30.779936788586713,34.599844975211504
2013-10-19 12:00:00,28.473315524144198,31.191054249747673,34.60377349209201
2013-10-19 13:00:00,28.84631215071428,31.48922488797222,34.977677241595806
2013-10-19 14:00:00,33.35687019340851,35.3799455962582,40.51079174007007
2013-10-19 15:00:00,38.1835483408518,39.142654266474366,47.96496111893473
2013-10-19 16:00:00,38.18354898648928,39.76587871254385,49.24640100137841
2013-10-19 17:00:00,38.183548935455676,40.541395738245654,49.06894349337337
2013-10-19 18:00:00,38.183545682874104,40.5413914069533,48.62278215676735
2013-10-19 19:00:00,36.316571725879434,38.47612199440105,47.485169497447224
2013-10-19 20:00:00,33.63557095679364,37.14950504836594,47.34113288244055
2013-10-19 21:00:00,30.908608923645353,34.3088229844818,45.97964987872239
2013-10-19 22:00:00,30.9086090481101,34.60719033373277,45.340765169271265
2013-10-19 23:00:00,30.908610475035676,34.198167806039365,45.9555312698035
2013-10-20 00:00:00,30.908615473124595,34.239625069381695,45.94420965524119
2013-10-20 01:00:00,30.908612352189266,34.24156537876857,46.02503340044776
2013-10-20 02:00:00,30.90861306019531,34.24877315639597,46.06944726617992
2013-10-20 03:00:00,30.908609647062608,34.19358096351079,46.52015266901152
2013-10-20 04:00:00,30.90861150669456,34.1927548455062,46.580822507497224
2013-10-20 05:00:00,33.624654818726874,35.450624089389706,46.5772620174893
2013-10-20 06:00:00,11.101042874780694,19.198160582440615,45.962377870005845
2013-10-20 07:00:00,9.00039987543952,16.89614262536226,43.77764213338727
2013-10-20 08:00:00,8.971779541862492,16.89611978864081,43.79421745281216
2013-10-20 09:00:00,8.971778685242878,16.89611868949177,43.10250901775576
2013-10-20 10:00:00,8.971779072567934,16.896118781599345,44.10649790185054
2013-10-20 11:00:00,8.971778921868815,16.712241776725385,44.12327639217115
2013-10-20 12:00:00,8.971778563717782,16.89610714662674,44.376847763675656
2013-10-20 13:00:00,8.971776783276018,16.15373014323977,47.13584614278033
2013-10-20 14:00:00,8.971779086319428,16.896118723965365,51.067011370520156
2013-10-20 15:00:00,8.971787133642245,16.89612314023974,53.155437090212864
2013-10-20 16:00:00,11.10104000985502,18.868660033886403,53.230395250841404
2013-10-20 17:00:00,11.101048179190617,18.868681275043038,53.230394880344036
2013-10-20 18:00:00,11.101046488592202,18.86807753201089,53.155493411741524
2013-10-20 19:00:00,9.025498169201231,16.896121240414388,53.15544578189307
2013-10-20 20:00:00,8.971776822225648,16.896189131689116,51.356038391613446
2013-10-20 21:00:00,5.182921965723189,15.324444084966828,50.83361145601543
2013-10-20 22:00:00,0.025402405797364323,12.821423138403798,49.22297736585555
2013-10-20 23:00:00,8.969837873644316,17.21108650749735,49.43136718229912
2013-10-21 00:00:00,8.971777312997428,17.136162090500672,49.00673055045246
2013-10-21 01:00:00,8.971793981790393,17.783593595805392,43.904812713797355
2013-10-21 02:00:00,9.040166321740418,17.727996831571055,43.22641536594938
2013-10-21 03:00:00,9.042268829556487,19.569546525727155,43.68047900770319
2013-10-21 04:00:00,9.04436805910505,19.569548388684638,43.360094582298686
2013-10-21 05:00:00,9.046467526597144,19.56954886492786,43.80292635429282
2013-10-21 06:00:00,11.101051216683183,18.523555487639484,39.98205019752769
2013-10-21 07:00:00,9.460563271257428,12.720480237577675,32.668187950249184
2013-10-21 08:00:00,9.052768320652136,12.286094559743375,31.04828459325919
2013-10-21 09:00:00,8.97179207186307,11.591736024051073,27.19379680121442
2013-10-21 10:00:00,9.056968556939633,11.00200682461417,38.39847833751946
2013-10-21 11:00:00,8.971789791651192,10.776072128996724,38.39338526853003
2013-10-21 12:00:00,8.971786649996503,10.954531219245066,38.30579606819316
2013-10-21 13:00:00,8.971786750503291,13.742859571880505,38.524008894760975
2013-10-21 14:00:00,8.971787631266677,13.742857741143073,44.89789695555673
2013-10-21 15:00:00,8.972331998323051,13.2919516943013,51.30776586644557
2013-10-21 16:00:00,9.069584342971885,13.387503962232074,51.65651245819293
2013-10-21 17:00:00,8.971788095438253,13.430959291991652,51.74789427419687
2013-10-21 18:00:00,8.97177680856768,13.26258540798377,51.70888986964169
2013-10-21 19:00:00,3.098792927542283,10.685352470303851,51.62877714266283
2013-10-21 20:00:00,0.7759226200898334,9.404635594180338,48.913162821233485
2013-10-21 21:00:00,8.971336846805636,12.918292987383953,47.31761202743851
2013-10-21 22:00:00,8.971786479333304,12.938695522864109,44.422088926020784
2013-10-21 23:00:00,8.971787637242805,12.938697575250554,43.894198538745705
2013-10-22 00:00:00,8.971789884754212,12.938699430440373,43.88009721523079
2013-10-22 01:00:00,8.971788515600553,12.938698262403559,44.23679188946118
2013-10-22 02:00:00,8.97178710723267,12.937124197315523,44.74258291140754
2013-10-22 03:00:00,8.97178676327668,12.922133377100025,44.84072314239497
2013-10-22 04:00:00,8.97178656889755,12.922131967198876,44.84077981589659
2013-10-22 05:00:00,8.971779490585968,12.896516943800638,44.72970913268854
2013-10-22 06:00:00,0.03738524863992677,2.6580247436243956,9.097486867422067
2013-10-22 07:00:00,0.025145301523436515,2.6451299784051825,9.079173788387942
2013-10-22 08:00:00,0.025144996228120615,2.6451234721469916,8.220764215738976
2013-10-22 09:00:00,0.0251448443888772,2.645123301723191,6.434659067505764
2013-10-22 10:00:00,0.025144655702100744,2.6451233959642972,5.5092722657609885
2013-10-22 11:00:00,0.02514475102365076,2.6451234287802916,5.507906709705124
2013-10-22 12:00:00,0.0251449055722784,2.6451235652320793,5.507803974809189
2013-10-22 13:00:00,0.025145060529628206,2.6451243338702306,6.571943442039636
2013-10-22 14:00:00,0.02514513280845599,2.6458783702787825,8.635337656946753
2013-10-22 15:00:00,0.025145250891559976,2.658025533769856,13.533595163825835
2013-10-22 16:00:00,0.02514535534598979,2.6696316770717026,16.541759308969613
2013-10-22 17:00:00,0.02514547550503569,2.669634020744081,16.541535078464083
2013-10-22 18:00:00,0.025145786138214277,2.669632869273944,16.484950521927537
2013-10-22 19:00:00,0.025146337245370538,2.6695691191791804,16.484878826893585
2013-10-22 20:00:00,0.025145975471399788,2.669390573436274,16.486393538511727
2013-10-22 21:00:00,0.025145713469013734,2.6695921870062196,16.486384053882176
2013-10-22 22:00:00,0.02514535225012332,2.6580262481143246,16.483329844012957
2013-10-22 23:00:00,0.025145408860212617,2.6580262798037877,16.485908957230226
2013-10-23 00:00:00,0.025145514787811674,2.6580255431724895,16.486988194978565
2013-10-23 01:00:00,0.025145456012062993,2.6580255470501077,16.506339268365963
2013-10-23 02:00:00,0.025145656769163853,2.6580252372046935,16.514478568223492
2013-10-23 03:00:00,0.025145697679687582,2.6580256009269467,16.515404731949452
2013-10-23 04:00:00,0.025145647510787378,2.658026749745515,16.5666176865808
2013-10-23 05:00:00,0.025145458799226087,2.6580242985366613,16.600444083562074
2013-10-23 06:00:00,0.02514535216616316,2.6580235907352776,17.222990395833072
2013-10-23 07:00:00,0.025145214030818906,2.6574084393158657,16.308349951372882
2013-10-23 08:00:00,0.02514512148242565,2.64947518878706,15.784533436342679
2013-10-23 09:00:00,0.025145106370161853,2.6494995484036052,15.818172883415917
2013-10-23 10:00:00,0.025145198324243535,2.6495145938839997,15.818349616478342
2013-10-23 11:00:00,0.02514514033484946,2.6495092726210525,15.818171174823458
2013-10-23 12:00:00,0.025145125437469336,2.6494976646905837,15.818168698643456
2013-10-23 13:00:00,0.025145133105192893,2.649483404078138,16.70511210747236
2013-10-23 14:00:00,0.025145115214444427,2.6495018585599084,19.308445390523907
2013-10-23 15:00:00,0.02514518746228581,2.6495163863178117,22.36180852458898
2013-10-23 16:00:00,0.025145296394333355,2.657416121885994,22.881230557038556
2013-10-23 17:00:00,0.025145411642994473,2.6687343987052325,22.88343735492952
2013-10-23 18:00:00,0.025145818732086066,11.111496046631633,24.5291107816334
2013-10-23 19:00:00,0.025147639425285424,11.888759043560583,24.68061571060864
2013-10-23 20:00:00,0.03618268432761422,37.04077885291896,26.007191254251794
2013-10-23 21:00:00,8.42031777649164,46.31522394706463,26.027337239325647
2013-10-23 22:00:00,8.538443868474001,46.31523054159489,26.04404280359983
2013-10-23 23:00:00,9.186078814211807,49.60635139236296,28.65549006802923
2013-10-24 00:00:00,9.188226556929393,51.67090164643775,30.78497845029642
2013-10-24 01:00:00,25.804660847444836,52.354229745545545,34.93276532701057
2013-10-24 02:00:00,28.932666918914787,52.57777671980434,35.803713065133465
2013-10-24 03:00:00,28.93267093330965,54.13762105415455,35.975957834634265
2013-10-24 04:00:00,28.93267139038742,56.58833902218374,36.08558687058362
2013-10-24 05:00:00,28.932671790613618,56.58833980001614,36.08753587525724
2013-10-24 06:00:00,28.932671541394104,56.58833983499878,35.3483848735073
2013-10-24 07:00:00,28.93266824831428,56.588338985321755,33.305934654915426
2013-10-24 08:00:00,23.415401532603582,56.586594044995486,30.403047532806823
2013-10-24 09:00:00,23.415398167723495,51.79313916396156,29.357205262325124
2013-10-24 10:00:00,23.415398221158025,51.79313900200112,29.338437682769964
2013-10-24 11:00:00,23.415398325452607,51.79313998872969,29.34218361152746
2013-10-24 12:00:00,23.415398747221655,52.114484893404565,29.342870551668412
2013-10-24 13:00:00,25.468452653505572,52.40932251890751,29.765544489825103
2013-10-24 14:00:00,43.19059099040981,51.793140097120954,46.34936780796789
2013-10-24 15:00:00,52.51058204777811,56.001478547482634,57.45446359922005
2013-10-24 16:00:00,52.51058225712688,56.58833972652916,58.92899171297628
2013-10-24 17:00:00,52.51058240091818,56.58833958383037,58.92890433759676
2013-10-24 18:00:00,52.5105863294665,56.58833848921774,58.874733272993915
2013-10-24 19:00:00,52.5105863862819,56.588333768693296,59.02328908222214
2013-10-24 20:00:00,52.510585314620535,54.80827047592575,59.0534816457235
2013-10-24 21:00:00,52.51058613034143,51.79314794867035,59.844140177860744
2013-10-24 22:00:00,52.510582213405165,51.715363026446944,59.85942870737563
2013-10-24 23:00:00,52.51058214004776,51.71535736401314,59.859428256288076
2013-10-25 00:00:00,52.510582080372025,51.7153570995157,59.85942755440421
2013-10-25 01:00:00,52.51058191166651,51.793134568213375,59.852475548082786
2013-10-25 02:00:00,51.712163391747424,51.79313542391418,59.595883808209535
2013-10-25 03:00:00,43.952601969265714,39.20510680989887,59.3338073555404
2013-10-25 04:00:00,42.51350888215869,34.81383057361108,59.33998514116736
2013-10-25 05:00:00,38.1074435364673,29.118377557057897,58.49632622559484
2013-10-25 06:00:00,8.971784544380888,12.19983147979254,33.072145222228315
2013-10-25 07:00:00,8.971778202578186,11.782196199706465,28.932059000781692
2013-10-25 08:00:00,7.247081148144413,10.468152306674732,27.99296231163035
2013-10-25 09:00:00,4.408875174173105,9.054267908769754,25.696492693267743
2013-10-25 10:00:00,7.247080020975213,10.31112495928862,26.112357131946766
2013-10-25 11:00:00,7.247079039682635,10.311103661904625,25.875823567671887
2013-10-25 12:00:00,7.05128234503592,9.985949749511976,26.863892522575277
2013-10-25 13:00:00,7.247080082493637,10.311159175655886,25.69005486923932
2013-10-25 14:00:00,7.743433454709605,11.012843936325979,25.180941830888244
2013-10-25 15:00:00,8.97177597154971,12.645019627468752,24.120783296967247
2013-10-25 16:00:00,8.971779512307476,12.88737970910407,22.314408913096216
2013-10-25 17:00:00,8.791278221056295,12.887587270921635,21.625445285788146
2013-10-25 18:00:00,8.526034699442686,12.887393605440735,21.574147012322065
2013-10-25 19:00:00,7.247075802653741,12.274166579189014,21.104863548678324
2013-10-25 20:00:00,5.369106714887855,11.285468215596698,20.396647242173607
2013-10-25 21:00:00,0.037396056727273204,9.479826510622551,17.205475752959423
2013-10-25 22:00:00,0.0373838459948907,10.252888028089657,20.887249073782918
2013-10-25 23:00:00,0.03738163282107597,11.002111477796433,21.198362364156758
2013-10-26 00:00:00,0.1123294703786507,11.001937613717349,21.19836101128747
2013-10-26 01:00:00,4.8053768296522605,11.002156712904217,22.06357037981192
2013-10-26 02:00:00,0.12887016422544195,8.703410467832608,20.325810401323988
2013-10-26 03:00:00,0.13160910190985547,8.690863782650208,20.200954432328864
2013-10-26 04:00:00,0.13160022864211599,8.690857632819338,20.20095664383998
2013-10-26 05:00:00,0.036690339911860645,8.44060214520179,19.510485594858913
2013-10-26 06:00:00,0.025145185919715773,2.706283910402694,6.097112904175405
2013-10-26 07:00:00,0.02514514847036487,2.69055871555177,6.090759708702654
2013-10-26 08:00:00,0.025145095099543595,2.6696851298841118,5.953838168430488
2013-10-26 09:00:00,0.025144998296548704,2.669600200655207,5.63716472852397
2013-10-26 10:00:00,0.025145056211911605,2.6478885278712885,5.383869615534728
2013-10-26 11:00:00,0.025144935960936067,2.6458543676617365,5.382220850190714
2013-10-26 12:00:00,0.02514494512212076,2.6580251987767065,5.46005067515674
2013-10-26 13:00:00,0.025144968593573448,2.658025393472309,5.934874162078918
2013-10-26 14:00:00,0.025145070618121636,2.6580246343948186,6.154712680108983
2013-10-26 15:00:00,0.025145204721595607,2.6580237956251898,7.406462831460011
2013-10-26 16:00:00,0.025145365895035108,2.658024416648149,7.831581680474789
2013-10-26 17:00:00,0.0251453806688766,2.65802445789293,7.831579349126906
2013-10-26 18:00:00,0.025145435885452195,2.6580245834340728,7.831559215253626
2013-10-26 19:00:00,0.025145481947225063,2.6580247015332756,7.831715135563995
2013-10-26 20:00:00,0.02514552177996391,2.65802479833798,7.833880805016509
2013-10-26 21:00:00,0.02514536444342505,2.6580249337986532,7.833960814272051
2013-10-26 22:00:00,0.02514529163666657,2.6580259135177373,7.833962051897399
2013-10-26 23:00:00,0.025145308802588168,2.6580246387057094,7.833883638189212
2013-10-27 00:00:00,0.025145242568869727,2.658024168854154,7.831510763076364
2013-10-27 01:00:00,0.025145235600732004,2.6574225118497297,7.831365773234263
2013-10-27 02:00:00,0.025145218700971105,2.6574098446966454,7.831352638678319
2013-10-27 03:00:00,0.025145202873706377,2.657409287200445,7.831350182071396
2013-10-27 04:00:00,0.02514520039969495,2.6574088232879567,7.831347551648655
2013-10-27 05:00:00,0.025145195171593242,2.6574082148397937,7.831345629701161
2013-10-27 06:00:00,0.02514519258989721,2.65740722362744,7.527291311482343
2013-10-27 07:00:00,0.025145162805168323,2.6451337225955887,6.01169232453886
2013-10-27 08:00:00,0.0251451529197697,2.645124415905117,5.8454238610743126
2013-10-27 09:00:00,0.02514512185991888,2.645124236649553,5.669452131206276
2013-10-27 10:00:00,0.025145114114294768,2.645123637228894,5.669243934091728
2013-10-27 11:00:00,0.025145091853239737,2.6451235435780815,5.991442610723876
2013-10-27 12:00:00,0.025145107453899466,2.6451235678333047,6.01397670021269
2013-10-27 13:00:00,0.025145149064037416,2.645123698774454,6.080906065184791
2013-10-27 14:00:00,0.025145145894100118,2.645608572859631,7.1781563650084195
2013-10-27 15:00:00,0.025145162061302014,2.649515632286479,7.464685162614945
2013-10-27 16:00:00,0.025145213975267876,2.657409161741692,8.072506483780913
2013-10-27 17:00:00,0.0251452151082602,2.6574086658163467,8.07250870855557
2013-10-27 18:00:00,0.025145227137839253,2.657406409265404,8.072510090980348
2013-10-27 19:00:00,0.02514522859335618,2.6574070108389938,8.072510220513884
2013-10-27 20:00:00,0.025145222518323795,2.657407634919407,8.072509612307822
2013-10-27 21:00:00,0.025145225046018693,2.6574074757730792,8.072510777858824
2013-10-27 22:00:00,0.025145231255149787,2.6574089465610258,8.072510839200172
2013-10-27 23:00:00,0.025145290391751757,2.6574093195250232,8.072510399349987
2013-10-28 00:00:00,0.025145263103758256,2.657410648022599,8.072504529397392
2013-10-28 01:00:00,0.025145323701375965,7.592486960687563,8.072505742903719
2013-10-28 02:00:00,0.02514532822608953,7.592486618334837,8.18720522764792
2013-10-28 03:00:00,0.02514533082818679,7.592491695012008,8.187207688720484
2013-10-28 04:00:00,0.02515334581477707,7.592484254499102,8.186882173138718
2013-10-28 05:00:00,0.42573664663968114,7.116890989229482,8.187211039861138
2013-10-28 06:00:00,0.42573718769147467,7.592488147866418,9.034566844859373
2013-10-28 07:00:00,0.4257371082969174,11.59321994131085,6.978008439237573
2013-10-28 08:00:00,0.42573685832179736,2.690543902087307,6.512750321025527
2013-10-28 09:00:00,0.425736870001938,2.658025583423671,6.291904838720431
2013-10-28 10:00:00,0.14331649975402422,2.6580244533064765,5.621547274558189
2013-10-28 11:00:00,0.02514660138577706,2.658023322350181,5.4017242132969665
2013-10-28 12:00:00,0.02514518531431234,2.658023553452032,5.424847962661237
2013-10-28 13:00:00,0.025145137056378396,2.658024010126052,5.934942235410453
2013-10-28 14:00:00,0.02514516718527986,2.6451241811847415,6.599680090229334
2013-10-28 15:00:00,0.025145236678198544,2.649521169935926,10.010491162495809
2013-10-28 16:00:00,0.02514522235602467,2.6574091851126926,11.429147739178479
2013-10-28 17:00:00,0.025145219489672226,2.6574077003211243,11.374086700878355
2013-10-28 18:00:00,0.02514522278024237,2.6573848190304914,11.33872456430566
2013-10-28 19:00:00,0.025145220712138695,2.6574055900590823,11.338724360353698
2013-10-28 20:00:00,0.025145218143844635,2.6574093686190676,11.337411368604332
2013-10-28 21:00:00,0.025145219973575,2.6574098901341947,11.337411430166911
2013-10-28 22:00:00,0.025145227963483327,2.657410444648663,11.337411335194176
2013-10-28 23:00:00,0.025145227916818187,2.657410608161314,11.337405529381929
2013-10-29 00:00:00,0.02514522622432961,2.6574112861008756,11.338723248498699
2013-10-29 01:00:00,0.025145228508880096,2.6574113671426884,11.338723340759273
2013-10-29 02:00:00,0.02514522359171109,2.6574113274763036,11.33872343196428
2013-10-29 03:00:00,0.025145222289884465,2.657410928290986,11.338723542056217
2013-10-29 04:00:00,0.025145222459231523,2.6574105854968275,11.33872376690558
2013-10-29 05:00:00,0.025145221679841043,2.657410519991597,11.338725507253693
2013-10-29 06:00:00,0.025145232539023014,2.6574101513994193,11.338729841712354
2013-10-29 07:00:00,0.025145247798572655,2.6574060330811813,11.328582298249309
2013-10-29 08:00:00,0.025145173112563302,2.6456150230003312,10.657896082484271
2013-10-29 09:00:00,0.02514515747284735,2.6456126257168315,10.131857555264219
2013-10-29 10:00:00,0.025145150681743937,2.6458841642829065,9.219538522747282
2013-10-29 11:00:00,0.02514515273616922,2.64588288618219,9.883737301351157
2013-10-29 12:00:00,0.025145157067942608,2.6458894206551364,9.885093580614736
2013-10-29 13:00:00,0.025145140061309353,2.6494765525949076,9.864841913670606
2013-10-29 14:00:00,0.0251452712625536,2.6501757420369376,11.091764690952658
2013-10-29 15:00:00,0.025145342649780567,2.658023521555795,18.060002889247727
2013-10-29 16:00:00,0.03668937603060136,10.874741434258908,22.242128595530872
2013-10-29 17:00:00,8.971778300004166,19.612957208578198,23.945398370943927
2013-10-29 18:00:00,9.487190129162201,31.8144301682203,28.671960918279353
2013-10-29 19:00:00,10.408013567506549,31.814431746579714,29.082118915313195
2013-10-29 20:00:00,10.635604520545828,31.90406024753464,29.21661475899782
2013-10-29 21:00:00,10.683324157061271,31.8144324639133,29.299220407696822
2013-10-29 22:00:00,10.722973787043816,31.814431131479477,30.15340916904269
2013-10-29 23:00:00,10.853977761437685,31.814431591367423,30.52764099202662
2013-10-30 00:00:00,11.0179268444116,31.814450067953906,30.57847364421591
2013-10-30 01:00:00,11.147720930452943,34.605933387561514,30.659752707665675
2013-10-30 02:00:00,11.242587247679005,40.0074111294162,30.69780308202722
2013-10-30 03:00:00,11.434119259006513,40.95282632309179,30.760920474014895
2013-10-30 04:00:00,11.734632754159811,42.13344435561478,30.89509354172253
2013-10-30 05:00:00,11.734633323234949,42.13344635448864,30.931914412818074
2013-10-30 06:00:00,11.73463394998934,42.13344657687503,30.93191573715763
2013-10-30 07:00:00,10.015033096824762,15.05035271851002,16.78287070014794
2013-10-30 08:00:00,8.719601368958095,12.668625655700346,15.411016808264838
2013-10-30 09:00:00,8.719601011406272,11.93118706734501,15.030174652954562
2013-10-30 10:00:00,8.719600904209635,11.4363569181208,11.660933586862866
2013-10-30 11:00:00,8.719601023119912,11.43635647261899,11.691327679870202
2013-10-30 12:00:00,8.719601192220921,11.436357628195818,13.754787544052798
2013-10-30 13:00:00,8.71960223833402,11.730304281020615,15.235956119236263
2013-10-30 14:00:00,9.538084075465276,12.668634313666363,17.39943686017199
2013-10-30 15:00:00,11.835598230763441,27.269725102306854,32.01192035124381
2013-10-30 16:00:00,11.835598509830195,32.860417711071584,37.009801127341866
2013-10-30 17:00:00,11.83559851886683,32.86041032072641,37.071848983998464
2013-10-30 18:00:00,11.835598479817628,32.860407978019225,37.07533247484123
2013-10-30 19:00:00,11.835598378877595,32.860345550560204,37.074769954687916
2013-10-30 20:00:00,11.835598130424135,31.176570508055676,36.72942148678281
2013-10-30 21:00:00,9.566772436044673,29.40533745922456,36.36583727594242
2013-10-30 22:00:00,9.566768521667873,27.093692261108917,34.04757284874384
2013-10-30 23:00:00,9.56676879104819,26.604116244566438,33.85198133359053
2013-10-31 00:00:00,9.566768792192066,26.585407092916626,33.85316699694765
2013-10-31 01:00:00,9.566768644237797,28.40531570875861,35.030495596129526
2013-10-31 02:00:00,9.566767980043345,34.0616289396452,36.305470838349876
2013-10-31 03:00:00,8.971778035890571,34.06165995898529,36.210426442840706
2013-10-31 04:00:00,0.036694095650501135,34.478362356528194,36.43123898495441
2013-10-31 05:00:00,0.03669942449520089,34.478362923550186,36.46006525591641
2013-10-31 06:00:00,9.56676075124422,34.47836318760663,36.49015868849175
2013-10-31 07:00:00,7.923625161838859,12.909853561937915,14.606870459793653
2013-10-31 08:00:00,7.321338868453013,10.93482128379095,13.125706892589761
2013-10-31 09:00:00,7.298685212608502,10.858970245946697,13.27549786051969
2013-10-31 10:00:00,7.694957667854766,10.934755819729634,13.183468906105738
2013-10-31 11:00:00,7.207121219423385,10.553246551760296,13.16549199515537
2013-10-31 12:00:00,7.153378934619476,10.373823611444653,13.191671077371314
2013-10-31 13:00:00,6.9803463780293455,10.078484847777446,13.424888197746824
2013-10-31 14:00:00,7.030791300224164,9.96451952839255,15.151792717788734
2013-10-31 15:00:00,0.31654542363036825,8.30880867411187,27.51493680765556
2013-10-31 16:00:00,6.672478231036845,10.186270951130627,28.159398140866436
2013-10-31 17:00:00,0.025146575638971432,2.6695874274356584,25.39789346805526
2013-10-31 18:00:00,0.025145888688444334,2.6580259245711186,25.280966328690624
2013-10-31 19:00:00,0.025145678296866692,2.658025282818966,25.256031709854575
2013-10-31 20:00:00,0.02514573434514343,2.658025207239545,25.253637192711196
2013-10-31 21:00:00,0.025146714538815056,2.6580254963929213,24.937973699387705
2013-10-31 22:00:00,6.804842720611918,9.891538042030671,27.34498488253645
2013-10-31 23:00:00,6.904205626443629,9.893227595257322,27.37150103740774
2013-11-01 00:00:00,8.509109402005938,11.510221542917805,27.909270885363014
2013-11-01 01:00:00,9.588991879539636,12.639349077153685,28.34463512640815
2013-11-01 02:00:00,9.611265713048425,19.81341761663624,29.98716733173015
2013-11-01 03:00:00,9.61349575644135,31.183690311294487,31.275932978102418
2013-11-01 04:00:00,9.615727703755262,34.893961979372705,31.49661403735761
2013-11-01 05:00:00,9.622420846645847,43.200802230553016,31.264785159734494
2013-11-01 06:00:00,9.622427496873469,46.74184672651897,31.14370284817572
2013-11-01 07:00:00,3.3104621652574155,46.74184960559645,24.472099653879063
2013-11-01 08:00:00,0.03669406484624523,46.74184785258819,20.35684709971892
2013-11-01 09:00:00,0.867687746216323,46.741848215240864,20.78395354470254
2013-11-01 10:00:00,8.61219181918101,47.27427275662468,21.74255369010917
2013-11-01 11:00:00,4.036971713749508,47.274275003672486,19.771208914739226
2013-11-01 12:00:00,7.107061731074493,47.27427711753387,21.406282235972853
2013-11-01 13:00:00,11.466458160488589,49.55700585393783,27.429786853717886
2013-11-01 14:00:00,44.7274801189998,50.561720326672074,50.607529750736475
2013-11-01 15:00:00,51.73324308431261,54.19482028082085,57.58295686544443
2013-11-01 16:00:00,52.45971533895034,54.21390319384332,58.96750078724409
2013-11-01 17:00:00,52.459730737802936,54.213890736203986,59.085968812245554
2013-11-01 18:00:00,52.51058191639652,54.24030154612026,59.39535646929041
2013-11-01 19:00:00,52.51058192678258,54.19482428188224,59.581846996659884
2013-11-01 20:00:00,52.51058196257249,54.19482507582436,59.5818484889625
2013-11-01 21:00:00,52.5105817755163,54.194825018361996,59.58184816024328
2013-11-01 22:00:00,52.51058054534427,54.19482491544266,59.597126733322185
2013-11-01 23:00:00,52.51031983883735,54.19482353326894,59.59705084719474
2013-11-02 00:00:00,52.51058206468689,54.19482398506391,59.59631020844794
2013-11-02 01:00:00,52.51058220416958,54.19482593203699,59.59583265434302
2013-11-02 02:00:00,52.51058233777725,54.19482551086946,59.59582920492327
2013-11-02 03:00:00,52.51058895365304,54.19483194168325,59.597128668446224
2013-11-02 04:00:00,53.74261008076745,55.40505683747057,59.84547979918888
2013-11-02 05:00:00,54.6339201549637,56.28059978035367,60.025150594473224
2013-11-02 06:00:00,54.669676238927465,56.31572277143616,60.04611256100227
2013-11-02 07:00:00,52.51058263503838,53.3140076507127,57.20471852988936
2013-11-02 08:00:00,52.510582558285094,41.2199893743898,56.661325064254356
2013-11-02 09:00:00,52.510582632714446,41.75942179436469,56.66132365665752
2013-11-02 10:00:00,52.51058262373469,41.219988414670894,56.656399205619486
2013-11-02 11:00:00,52.51058251066216,40.06113071551874,56.65691951145383
2013-11-02 12:00:00,52.51058241713148,12.034298999795936,56.656918757528686
2013-11-02 13:00:00,52.5105822520116,12.008807677184524,56.65033859096386
2013-11-02 14:00:00,52.51058200370797,13.42788174834807,56.73007692944044
2013-11-02 15:00:00,48.71989445970643,22.774043945113107,57.7849510112019
2013-11-02 16:00:00,38.857877637310004,28.377608521815418,58.10032152593518
2013-11-02 17:00:00,37.84028086678244,27.538525394711037,57.93615823067838
2013-11-02 18:00:00,9.721155310059398,14.672769201353173,57.734284354436646
2013-11-02 19:00:00,0.025147227743397792,10.236411356168603,55.91133975319189
2013-11-02 20:00:00,0.025145398598740182,10.235767115949807,54.22562193205986
2013-11-02 21:00:00,0.025145304939837295,4.099092717882959,51.2104338207349
2013-11-02 22:00:00,0.02514527920185688,2.6580242894834165,35.84812202012958
2013-11-02 23:00:00,0.02514528690059551,2.657411434952904,34.43559643352819
2013-11-03 00:00:00,0.02514521878271081,2.657411988081286,34.41265142902743
2013-11-03 01:00:00,0.025145211083458473,2.6574113055171886,34.41240983566205
2013-11-03 02:00:00,0.02514520900171704,2.6574110141591616,34.35114324916047
2013-11-03 03:00:00,0.025145207908915168,2.6574106829015687,34.040253097654
2013-11-03 04:00:00,0.02514520982687108,2.6574107866748706,33.988550144360936
2013-11-03 05:00:00,0.02514521400657609,2.6574106979212027,28.192706029096193
2013-11-03 06:00:00,0.02514521552271232,2.6574106398071224,25.917908179696553
2013-11-03 07:00:00,0.025145202917243117,2.6574087942143465,15.841100569466535
2013-11-03 08:00:00,0.025145163592704134,2.6495163386950695,15.225077336745558
2013-11-03 09:00:00,0.025145117975428163,2.649496194456087,15.225076790606275
2013-11-03 10:00:00,0.0251451529032486,2.6459642246297954,15.178912939431692
2013-11-03 11:00:00,0.025145131058282314,2.6458897959580487,6.663562187665159
2013-11-03 12:00:00,0.0251451375875238,2.6458935270219377,6.677600035082258
2013-11-03 13:00:00,0.02514515041991713,2.6458917409474947,7.3408185264431305
2013-11-03 14:00:00,0.02514519432006296,2.649551276514059,10.833082729994551
2013-11-03 15:00:00,0.025145208571268788,2.6574086110079325,18.910196293869816
2013-11-03 16:00:00,0.025145269664092054,8.469903032615466,20.874738445624438
2013-11-03 17:00:00,0.025145379947235934,16.721248026426917,23.126826129916893
2013-11-03 18:00:00,0.025145397426024153,19.272214380515706,23.56678662088096
2013-11-03 19:00:00,0.025145434982261537,19.272233705280826,23.520553960954686
2013-11-03 20:00:00,0.025145444702512957,19.272213337330072,23.790629773901166
2013-11-03 21:00:00,0.02514545271243159,19.272210476774937,23.933083137531483
2013-11-03 22:00:00,0.025145411431243464,19.272219104374503,23.93308540893875
2013-11-03 23:00:00,0.02514565928000529,19.27221218921574,23.933084946278946
2013-11-04 00:00:00,0.036190811354202435,19.272213292343285,23.93308665111426
2013-11-04 01:00:00,10.251522798787795,20.18240507977082,23.933086000241516
2013-11-04 02:00:00,27.498100745527896,30.6170886404458,26.144446371499726
2013-11-04 03:00:00,41.11572230403316,41.96511380692757,28.763163394503877
2013-11-04 04:00:00,43.75131496193915,44.201099852767875,29.32494956766918
2013-11-04 05:00:00,44.91492247739617,45.599951155748954,29.897130894727724
2013-11-04 06:00:00,44.91492201742179,44.43494657382394,33.08667922883405
2013-11-04 07:00:00,43.57504512825212,43.64999008036955,33.648073595507675
2013-11-04 08:00:00,36.36102304703517,38.0397720713678,34.79885207682541
2013-11-04 09:00:00,36.064600698654075,38.03977080712553,40.180763351388826
2013-11-04 10:00:00,36.36102208369043,38.03977109703363,41.672924660250466
2013-11-04 11:00:00,36.06458837420166,38.03976454142529,41.93153933373266
2013-11-04 12:00:00,36.187833744266065,38.039771322559346,42.50876700200448
2013-11-04 13:00:00,35.44523456392428,38.03977150077081,44.792151078488885
2013-11-04 14:00:00,37.0206691316456,41.06181320521833,48.48020010213372
2013-11-04 15:00:00,42.9644303556292,50.78495516529708,54.44962886291895
2013-11-04 16:00:00,45.3507208243011,53.301122752,55.70510117508143
2013-11-04 17:00:00,45.285781124926174,53.30112758489171,55.705116068300164
2013-11-04 18:00:00,45.285778644976396,53.30112771941229,55.705117346305315
2013-11-04 19:00:00,45.28574950509925,53.30112760393493,55.66298917759527
2013-11-04 20:00:00,45.28577973999511,53.301127850391204,55.46978255032966
2013-11-04 21:00:00,45.300959821792176,53.30112845761146,55.46978418059097
2013-11-04 22:00:00,40.39160251627546,53.30112858568824,54.39181704654685
2013-11-04 23:00:00,40.116193167133375,53.30112809575698,51.15642076533106
2013-11-05 00:00:00,40.1161934190489,53.30112815812028,50.163563378074585
2013-11-05 01:00:00,40.11619296525127,53.30112855000424,50.12905845578205
2013-11-05 02:00:00,40.468685295394955,53.30113369574139,49.65613589910892
2013-11-05 03:00:00,44.641136915325895,53.30112792777002,51.42169415149305
2013-11-05 04:00:00,47.17298483099089,53.301127851062,51.95947910654994
2013-11-05 05:00:00,49.55091026047547,53.3011284464064,52.195475665914856
2013-11-05 06:00:00,49.5509362693576,53.30112816556498,52.34552212115863
2013-11-05 07:00:00,45.69163570653952,52.438888943604915,49.036145156856115
2013-11-05 08:00:00,35.669535259157065,38.146077256498174,40.85320422212088
2013-11-05 09:00:00,36.56397546305397,38.146067032497264,41.110183308974435
2013-11-05 10:00:00,36.56400282101868,38.1460679843416,42.470455393252045
2013-11-05 11:00:00,36.56400236800106,38.14606743216821,43.21086658181684
2013-11-05 12:00:00,36.55399780894533,38.0791256951353,44.27011157985435
2013-11-05 13:00:00,37.39862457434868,26.287394368442694,45.33428516585962
2013-11-05 14:00:00,42.11014330869896,23.301345904997607,54.669302334510576
2013-11-05 15:00:00,52.01259820621134,23.441977413261696,61.22820917794708
2013-11-05 16:00:00,52.01260012683896,23.442204074344115,61.239580400802275
2013-11-05 17:00:00,52.012600310171365,22.413714822385963,61.25810012151574
2013-11-05 18:00:00,52.012600410945915,22.413168313848242,60.66618640337498
2013-11-05 19:00:00,52.01260029031021,17.40958516185844,59.70192528773365
2013-11-05 20:00:00,52.012599783826595,17.016662778368676,59.295159591579186
2013-11-05 21:00:00,42.110143005936465,26.932955046301355,59.10899140304588
2013-11-05 22:00:00,40.872159224199045,29.021441155311688,60.7128341144723
2013-11-05 23:00:00,14.407573291438855,22.413300142194785,60.25369732164195
2013-11-06 00:00:00,8.971798417521356,21.852748296164247,58.618802927671595
2013-11-06 01:00:00,8.971771421006002,21.85275165984401,56.78060844796652
2013-11-06 02:00:00,8.971775297298082,24.26472986997399,49.307810128126555
2013-11-06 03:00:00,8.971820970142552,24.52410273665742,48.690464264129666
2013-11-06 04:00:00,27.331124578245184,31.756741547090847,51.153984517941105
2013-11-06 05:00:00,36.29672760097146,40.89665542977718,53.99794344262648
2013-11-06 06:00:00,42.11014226341715,46.62958105446546,48.61897555835356
2013-11-06 07:00:00,42.8193035182168,50.84291487726529,48.561552502180454
2013-11-06 08:00:00,46.12446954148744,50.8537606867269,58.380525146640245
2013-11-06 09:00:00,46.12449394748838,52.13592529857011,58.446886296007925
2013-11-06 10:00:00,46.12449453343708,51.78502346308088,55.87542707325046
2013-11-06 11:00:00,46.39993927343714,53.20711346424909,57.181043689343326
2013-11-06 12:00:00,46.89608366116777,53.41014565310146,58.20729224300991
2013-11-06 13:00:00,50.27999550045977,53.8059900453907,58.49507720389035
2013-11-06 14:00:00,51.93565272679943,55.491219462073474,59.86527000798096
2013-11-06 15:00:00,52.51058257240888,54.194827682864656,61.35229259004514
2013-11-06 16:00:00,52.51058267686855,54.7499312167758,61.55762121834618
2013-11-06 17:00:00,52.51058274480457,53.44616463985249,61.55756515274123
2013-11-06 18:00:00,52.51058270890662,53.44616693497798,61.55752679718538
2013-11-06 19:00:00,52.510582649375195,53.44418950140876,61.50161620837105
2013-11-06 20:00:00,52.51058262495894,53.44419108054994,61.50161375263858
2013-11-06 21:00:00,52.51058258897881,53.44417677335298,61.50161250643041
2013-11-06 22:00:00,52.510582659280864,53.44406485946292,61.50149093902231
2013-11-06 23:00:00,52.51058247640771,53.44306610787545,61.49562984328757
2013-11-07 00:00:00,52.51057241794222,53.433182659382965,61.39886443072976
2013-11-07 01:00:00,47.58608144316802,50.94390799811325,60.13256079474818
2013-11-07 02:00:00,46.12717310591917,50.84291748562643,59.78004711620148
2013-11-07 03:00:00,46.12451597075273,50.8429172134525,59.207273088179946
2013-11-07 04:00:00,45.5795581048466,50.84291697008434,59.30089606541046
2013-11-07 05:00:00,45.579434043752336,50.84291689915403,59.3213866702791
2013-11-07 06:00:00,46.12451594828852,53.30112741212162,59.78732321605072
2013-11-07 07:00:00,49.78399092957486,53.301127860754995,57.02151733904076
2013-11-07 08:00:00,46.12451578978313,48.194355807762264,51.466574950468825
2013-11-07 09:00:00,46.12451592525057,47.284758135106074,50.043925570952375
2013-11-07 10:00:00,46.124515986367044,47.89151533710543,51.294330754684495
2013-11-07 11:00:00,46.12451638241718,49.38646350073806,51.86233929861325
2013-11-07 12:00:00,46.12451993549769,48.80570368190936,52.01937531257895
2013-11-07 13:00:00,46.13829845956591,48.05020672756748,51.94816162263359
2013-11-07 14:00:00,51.849268946784576,53.8166931476969,59.02106555502316
2013-11-07 15:00:00,53.19451654955387,57.46464363441233,63.038732804371435
2013-11-07 16:00:00,53.19452818358086,59.30720289571298,63.78934425096438
2013-11-07 17:00:00,53.1945286593243,59.30720508473752,63.785693423969825
2013-11-07 18:00:00,53.19452886301853,59.30720566352404,63.793913158534146
2013-11-07 19:00:00,53.19452898392957,59.307205923525046,63.807233940141145
2013-11-07 20:00:00,53.194529060648726,59.30720607616166,63.80962662652003
2013-11-07 21:00:00,53.1945291287202,59.307206280153615,63.80092463573796
2013-11-07 22:00:00,53.19452918050111,59.30720651018069,63.77892654924666
2013-11-07 23:00:00,53.1945292260782,59.307206785727224,63.7804716367382
2013-11-08 00:00:00,53.1945292709564,59.30720737413736,63.8058799988227
2013-11-08 01:00:00,53.19452930622566,59.30720904032605,63.80587380453493
2013-11-08 02:00:00,53.19452936107182,59.74743963864439,63.78838991653108
2013-11-08 03:00:00,53.19452938627489,60.689261054262246,63.81997777726265
2013-11-08 04:00:00,53.194529539864014,62.15737697582625,63.94064732425161
2013-11-08 05:00:00,53.19452961739662,62.381624088399306,63.99160017511048
2013-11-08 06:00:00,53.19452964788842,62.49919657064419,64.12077324303341
2013-11-08 07:00:00,53.194529649591004,62.01745661501069,63.2328447489067
2013-11-08 08:00:00,51.52026525628795,60.899266651621154,62.33775401514981
2013-11-08 09:00:00,51.2318860345475,60.77315749959555,62.370098347357285
2013-11-08 10:00:00,51.23188601533365,60.773155319401376,62.36311665365343
2013-11-08 11:00:00,51.23188612265088,60.77314474551327,62.36311658652386
2013-11-08 12:00:00,51.26951262943355,60.77315962485401,62.35542423816237
2013-11-08 13:00:00,56.191054303813175,60.77317336167919,63.057911466819625
2013-11-08 14:00:00,57.11505326313305,60.773177371481054,64.4430313184629
2013-11-08 15:00:00,57.1150536163892,62.157432743712235,64.97530405794357
2013-11-08 16:00:00,57.38200197710372,62.62874237173357,64.95319450622826
2013-11-08 17:00:00,58.580243764372824,62.156495394843006,64.80302613767107
2013-11-08 18:00:00,58.761636854192474,60.77316738210587,64.98316572620698
2013-11-08 19:00:00,58.4168019451785,59.996562842586144,64.95355070593392
2013-11-08 20:00:00,58.37839313475708,59.958833913031135,64.95478378192043
2013-11-08 21:00:00,57.115054124252566,59.26601270263951,64.74318732580487
2013-11-08 22:00:00,57.11505382108992,59.34609604998838,64.61888498042133
2013-11-08 23:00:00,57.11505370237804,58.440623373260514,64.38981246556693
2013-11-09 00:00:00,57.11505359538528,58.71784248176392,64.19464798992114
2013-11-09 01:00:00,56.079690166747056,58.232848374651915,63.351384285206656
2013-11-09 02:00:00,51.23189333938999,56.1803058673218,61.862273796333646
2013-11-09 03:00:00,51.231883761173094,56.180303836401315,51.09777788562811
2013-11-09 04:00:00,0.02515464853542975,56.18030382623053,50.411468932533275
2013-11-09 05:00:00,0.025146289869442243,56.18030309952099,50.41138565202734
2013-11-09 06:00:00,0.025146625422803187,56.18030366468117,43.93700550544394
2013-11-09 07:00:00,0.02514838391801829,17.337875894674244,23.701553745618973
2013-11-09 08:00:00,0.025145357559178978,14.521515918283505,17.612832948034757
2013-11-09 09:00:00,0.02514530157411807,9.607923536860458,17.742791171367458
2013-11-09 10:00:00,0.02514535681292748,9.581512912060496,17.737644359873997
2013-11-09 11:00:00,0.02514531820621967,9.196430803631163,13.28275873188042
2013-11-09 12:00:00,0.0251452660255842,10.721499663112805,7.863894989997906
2013-11-09 13:00:00,0.025145542062138638,14.521505944784074,9.527659628681018
2013-11-09 14:00:00,0.0366890545629628,32.72104551056884,20.10131478456713
2013-11-09 15:00:00,38.57329097565219,58.708343187657135,39.481942434342976
2013-11-09 16:00:00,50.587431840540965,58.85412462012602,41.61263352551858
2013-11-09 17:00:00,54.104207300330955,58.85412518343975,57.64748315299658
2013-11-09 18:00:00,55.87752264488147,58.854125597352535,61.09757472085636
2013-11-09 19:00:00,56.03692285479736,58.854125734384134,62.08568646272919
2013-11-09 20:00:00,56.63186287062186,58.8541255340456,62.503518665441355
2013-11-09 21:00:00,57.11505366883138,58.854124943322915,62.964793891409094
2013-11-09 22:00:00,57.11505386210386,58.854125431494886,63.44590402747638
2013-11-09 23:00:00,57.115053914417466,58.854129213044416,63.915324715140024
2013-11-10 00:00:00,57.115054006741865,58.9338278826043,64.21733402082681
2013-11-10 01:00:00,57.11505402477327,59.15307064727436,64.42838439064097
2013-11-10 02:00:00,57.11505403801515,61.82640478455034,65.29236882949897
2013-11-10 03:00:00,57.115054045621804,62.181230390022904,65.37375564114039
2013-11-10 04:00:00,57.11505409024901,61.417601241520245,65.40273534877653
2013-11-10 05:00:00,57.11505402385284,61.41759692494758,65.47413994137166
2013-11-10 06:00:00,57.11505400875851,61.41758052070765,65.76086533989213
2013-11-10 07:00:00,57.11505198659971,59.65306336774767,64.64399199820532
2013-11-10 08:00:00,49.147747177202376,45.11463845249019,64.07223938484178
2013-11-10 09:00:00,46.243127099964106,40.79681011819196,63.61689821487745
2013-11-10 10:00:00,46.24312679362974,41.18030047598742,63.61689968973864
2013-11-10 11:00:00,46.24312675337949,40.65706377066492,63.61689968712155
2013-11-10 12:00:00,46.24312677623412,40.657070451831856,63.629009062304355
2013-11-10 13:00:00,46.24312719086847,44.60647492918374,64.13286948324084
2013-11-10 14:00:00,49.43403027357543,56.15904136982467,64.8706873403553
2013-11-10 15:00:00,54.03309390036251,59.109180698537095,65.9343347238102
2013-11-10 16:00:00,54.03323602326198,60.94824658304466,66.50286119341077
2013-11-10 17:00:00,54.03323770082294,62.09072437054229,66.69802639192764
2013-11-10 18:00:00,54.47548448668624,62.22379396456625,66.68988533011351
2013-11-10 19:00:00,55.526098630430134,62.53050217980605,66.59987527045945
2013-11-10 20:00:00,57.11505565481262,62.53050262269885,66.58757924795131
2013-11-10 21:00:00,58.13822641930062,62.53050287404202,66.67159364074563
2013-11-10 22:00:00,58.13822686258721,62.53050198601847,66.89707679872286
2013-11-10 23:00:00,58.17167784706357,62.530501859897655,66.91497463872625
2013-11-11 00:00:00,60.77284979311064,62.53050214093011,67.53111739507897
2013-11-11 01:00:00,61.7131350863495,62.882646372243755,67.80731319157435
2013-11-11 02:00:00,63.8855037835011,65.36852102262043,68.64433852390853
2013-11-11 03:00:00,66.7324734797541,68.16513752239484,70.35012183298542
2013-11-11 04:00:00,66.73247139438436,72.38739008234181,74.65154915583858
2013-11-11 05:00:00,65.94600585885692,69.76153120776266,76.31930325518879
2013-11-11 06:00:00,58.13822832738187,62.090740408487235,76.43680193106935
2013-11-11 07:00:00,56.631780221975255,42.047225461391776,68.5222831083124
2013-11-11 08:00:00,45.85168157942866,34.53609234256511,65.38507699348779
2013-11-11 09:00:00,45.85167605808253,34.536070759124776,65.3850768861408
2013-11-11 10:00:00,45.85167613346677,34.536092698645724,65.18845858995572
2013-11-11 11:00:00,45.85167620053913,34.536092236180274,65.147016477364
2013-11-11 12:00:00,45.85167627331405,34.53609221304024,65.10874087573424
2013-11-11 13:00:00,48.739127866383875,44.17679329025006,65.05344914094563
2013-11-11 14:00:00,48.18182397177284,50.76697556737365,65.37435157549447
2013-11-11 15:00:00,51.70332248234389,60.083503805792446,68.17943614516274
2013-11-11 16:00:00,49.65112841771758,61.59758335811662,69.10139026681868
2013-11-11 17:00:00,45.85169525726104,61.59751943643226,68.5730370124449
2013-11-11 18:00:00,0.07402926539523405,59.62383540351748,68.0356102060426
2013-11-11 19:00:00,0.03668911514425837,59.55883900465572,67.73424800180074
2013-11-11 20:00:00,0.0366889578164481,59.46628128202016,66.22786668852204
2013-11-11 21:00:00,0.03668798503541854,59.212377829741875,66.22385377224197
2013-11-11 22:00:00,0.036688073439522954,58.88355179357599,64.90063524486398
2013-11-11 23:00:00,0.03668944575877951,58.88660564372616,64.90057703795837
2013-11-12 00:00:00,0.036689744357422976,59.182579126603954,64.78038086068038
2013-11-12 01:00:00,8.971743842670161,58.883536832824504,64.4066665764275
2013-11-12 02:00:00,45.85167626737616,59.55883384693921,64.7831616978376
2013-11-12 03:00:00,46.2908892387137,59.55884150263024,64.48386527674964
2013-11-12 04:00:00,53.16395448618251,59.55838950850201,65.52894245278065
2013-11-12 05:00:00,58.13820483952353,62.03750468753157,66.94695253804373
2013-11-12 06:00:00,58.138535839868695,62.205677667269555,67.07707842187115
2013-11-12 07:00:00,58.13856893096914,62.530501451606,64.27426847724065
2013-11-12 08:00:00,58.13856927651359,60.78950627782936,61.22071165961838
2013-11-12 09:00:00,58.13857270402775,61.166313026661044,61.15164305373158
2013-11-12 10:00:00,58.42620343156242,62.09772758739197,61.7167575800135
2013-11-12 11:00:00,58.426203595352504,62.097727941395256,61.71675765085524
2013-11-12 12:00:00,58.42620366171555,62.098884040660025,61.717529844552814
2013-11-12 13:00:00,58.42620373771318,62.53049707088906,64.45629521225987
2013-11-12 14:00:00,58.42620378822693,62.75369613470371,68.32069221903717
2013-11-12 15:00:00,58.42620388864857,71.50080167327012,89.99963903505204
2013-11-12 16:00:00,58.42620391030871,72.69245930382812,90.71117103596264
2013-11-12 17:00:00,58.426203922619464,73.66671692478512,91.34100517293268
2013-11-12 18:00:00,58.426203919260615,73.66674363192358,91.34105987667084
2013-11-12 19:00:00,58.42620385302355,66.55178800444895,88.73105155323394
2013-11-12 20:00:00,58.4262037860708,66.55070221029226,88.21450422600427
2013-11-12 21:00:00,58.42620329916545,65.1778732410192,86.6731166940118
2013-11-12 22:00:00,58.42620319860788,64.41538482954101,85.5365420438003
2013-11-12 23:00:00,58.42620368061967,64.49509981359297,85.17539624690357
2013-11-13 00:00:00,58.426203645507364,64.17609934126071,84.8995613898843
2013-11-13 01:00:00,58.42620375643354,64.01455374606485,84.93434014380182
2013-11-13 02:00:00,58.42620351206369,65.17786499717371,85.13074443324629
2013-11-13 03:00:00,58.4262042497665,65.17787136610792,85.47857922484668
2013-11-13 04:00:00,58.42620471163175,65.86686081932125,85.68778274627589
2013-11-13 05:00:00,58.42620529111579,66.40334947354567,85.70373529178032
2013-11-13 06:00:00,58.42620577293926,66.55871465855613,85.80494629415762
2013-11-13 07:00:00,58.42620597189509,66.55871130870925,82.17052293715145
2013-11-13 08:00:00,58.426205920684865,62.53050141088245,79.61619486633164
2013-11-13 09:00:00,58.42620603180559,62.530500882038915,79.50710585075439
2013-11-13 10:00:00,58.42620620601825,62.53050098261977,79.05211797842112
2013-11-13 11:00:00,58.42620631918319,62.53050050762856,78.68498974359308
2013-11-13 12:00:00,58.4262064216467,62.5305013864708,78.9725103149029
2013-11-13 13:00:00,58.42620654806121,62.53050199945325,79.46825699325488
2013-11-13 14:00:00,58.4262067250743,62.53050357998877,83.79993944799145
2013-11-13 15:00:00,58.42620860798967,89.43238837070211,105.93251407048496
2013-11-13 16:00:00,58.426206944979974,91.61238536240243,107.08759452052743
2013-11-13 17:00:00,58.42620681082519,91.61238193768976,107.3231677693625
2013-11-13 18:00:00,58.42620680770219,91.61238223831081,107.2093219151226
2013-11-13 19:00:00,58.426206768782066,91.61238278334163,106.93852991886257
2013-11-13 20:00:00,58.42620674755746,91.61237883308613,106.90658341727134
2013-11-13 21:00:00,58.426206706692824,91.51398304168346,106.86028254845571
2013-11-13 22:00:00,58.42620664248699,87.50030527455752,102.48240875166779
2013-11-13 23:00:00,58.42620631807723,86.68770330136037,101.94892223139873
2013-11-14 00:00:00,58.4262041058575,86.59125442139309,101.30609871326898
2013-11-14 01:00:00,58.42620324949755,86.10164423356109,101.09489440252065
2013-11-14 02:00:00,58.42620025714332,78.56087092118932,97.06513819254826
2013-11-14 03:00:00,53.19451688846446,78.4794355140022,96.66799086133534
2013-11-14 04:00:00,53.19451615305053,78.48277046692246,100.20480220346856
2013-11-14 05:00:00,53.19451560909217,75.21258767258519,99.34225811875979
2013-11-14 06:00:00,53.19451368001217,58.22391041255336,99.53824180444826
2013-11-14 07:00:00,53.19451360666672,40.0516244497265,92.1416300835757
2013-11-14 08:00:00,53.19451437373215,37.40769245637503,90.75007274241995
2013-11-14 09:00:00,53.194520906303964,37.26731249537184,90.76184524627314
2013-11-14 10:00:00,58.426205737280995,41.70087038891811,91.2629870897685
2013-11-14 11:00:00,58.42620849832449,37.923714109433845,92.02503984515924
2013-11-14 12:00:00,61.040132119084966,39.88336600608721,96.75286922884251
2013-11-14 13:00:00,61.040140054340974,40.05160253588775,98.85066322301581
2013-11-14 14:00:00,61.04014180099142,42.88442979895132,145.3406115973009
2013-11-14 15:00:00,61.04014247427434,64.10962717660384,160.39475766823242
2013-11-14 16:00:00,61.04014272271815,79.63374595494022,168.92865979055784
2013-11-14 17:00:00,61.04014286384553,79.70137891287874,169.7419506714374
2013-11-14 18:00:00,61.04014297186246,78.65382878344865,170.11567258197977
2013-11-14 19:00:00,61.04014308508365,73.54561196348777,170.90081322307483
2013-11-14 20:00:00,61.04014322913533,59.32331424387285,170.15260334306018
2013-11-14 21:00:00,61.040143401120304,59.32332124558706,170.1589727184005
2013-11-14 22:00:00,61.04014376095261,58.82780272219537,170.1413449750513
2013-11-14 23:00:00,61.0401442133614,58.477092236869716,171.14952899093728
2013-11-15 00:00:00,61.040145029356815,58.45912659592693,171.1642839552655
2013-11-15 01:00:00,61.04014602527368,59.51981173824715,171.33452617632148
2013-11-15 02:00:00,61.0401468323653,59.968892381810086,171.3836429026257
2013-11-15 03:00:00,61.04014732672934,61.935920925825336,171.30322727126833
2013-11-15 04:00:00,61.040147852889596,63.32906228287787,171.11846601699344
2013-11-15 05:00:00,61.04014820922688,62.879664979458774,172.63315432782207
2013-11-15 06:00:00,61.04014839524264,64.68452329761558,172.63344753276394
2013-11-15 07:00:00,61.04014848568362,64.68452841990016,171.19156948718273
2013-11-15 08:00:00,61.0401484173442,64.68452697566873,148.01662817446453
2013-11-15 09:00:00,61.04014851710651,64.6845270050007,144.9975152068298
2013-11-15 10:00:00,61.04014883982093,64.68452850991024,144.15299573063223
2013-11-15 11:00:00,61.04015121278758,64.68453072116003,144.52350246510437
2013-11-15 12:00:00,62.59758539552551,64.97190530789318,146.50849912485094
2013-11-15 13:00:00,63.03326106356778,62.81214508774965,146.1375696839361
2013-11-15 14:00:00,76.13234963566131,65.60746591682816,152.06169727679335
2013-11-15 15:00:00,77.84361214664813,75.48197348979208,169.39004747649483
2013-11-15 16:00:00,77.84361225233684,77.11986668606163,171.16242928273536
2013-11-15 17:00:00,77.84361226356465,77.97113589781438,170.54577976438523
2013-11-15 18:00:00,77.84361226111128,108.54955776116442,160.14959774860938
2013-11-15 19:00:00,77.84361211600593,127.05596484686512,154.10936665705836
2013-11-15 20:00:00,77.84361172091721,127.18040143363815,150.1003962451301
2013-11-15 21:00:00,77.84343790390827,131.03295027258784,149.4741225298134
2013-11-15 22:00:00,63.033262208516994,131.03296135491374,147.71507946275727
2013-11-15 23:00:00,63.03326014072037,131.0329589551639,145.31737923410697
2013-11-16 00:00:00,63.033259834628836,131.0329578613228,145.86427611262252
2013-11-16 01:00:00,63.03325954568946,131.03295558566006,145.58663346038037
2013-11-16 02:00:00,63.03325530900124,131.03294446387454,140.45953200603356
2013-11-16 03:00:00,61.04014931988282,131.03294950619824,138.71506676825976
2013-11-16 04:00:00,61.0401508821535,131.0329510768343,138.05456235781534
2013-11-16 05:00:00,61.040150089144234,131.03294982252706,138.05456721135195
2013-11-16 06:00:00,61.04014891413345,131.03295457705048,136.6305654848582
2013-11-16 07:00:00,61.0401486632414,106.42744010561822,114.8400169047532
2013-11-16 08:00:00,61.04014864157027,98.92197867920076,108.761675957428
2013-11-16 09:00:00,61.04014864437965,98.9219617794114,108.52738220183473
2013-11-16 10:00:00,61.04014865003119,91.37405459402027,104.47203085215409
2013-11-16 11:00:00,61.040148655271,98.67392040845144,102.95263156979658
2013-11-16 12:00:00,61.040148656182915,79.30062645498121,99.04743708892677
2013-11-16 13:00:00,61.04014865913038,98.92195635192395,105.69116610605043
2013-11-16 14:00:00,61.040148666374456,104.89308055772318,112.54805709970292
2013-11-16 15:00:00,61.04014870961959,121.94285182559776,122.08057369366563
2013-11-16 16:00:00,61.04014871024379,121.94285324121816,118.58951051262716
2013-11-16 17:00:00,61.04014872212417,121.94285371470151,118.46722731300787
2013-11-16 18:00:00,61.04014874131143,121.94285418759381,118.46722821343411
2013-11-16 19:00:00,61.040148771861205,121.94285453419445,118.46723208637324
2013-11-16 20:00:00,61.040148938446904,121.94285476652666,121.3442424594888
2013-11-16 21:00:00,61.04014991351604,121.94285492425942,126.99683627565474
2013-11-16 22:00:00,61.04015176684716,121.94285663625946,127.60859007020392
2013-11-16 23:00:00,64.91508149568783,121.94285696700703,127.93135212842918
2013-11-17 00:00:00,67.83817113511778,121.94285686176255,129.62474456640635
2013-11-17 01:00:00,113.39957668053711,123.57124591986901,131.55559533669845
2013-11-17 02:00:00,117.09410753775344,127.36267627447492,134.04725329677197
2013-11-17 03:00:00,130.6633882387051,139.6216313206501,142.1640292906566
2013-11-17 04:00:00,145.90951705982923,158.07004686688254,148.17453017239234
2013-11-17 05:00:00,172.25274450315453,179.35240042717268,165.28119403310322
2013-11-17 06:00:00,178.53113806964936,184.348338486697,169.35642375405106
2013-11-17 07:00:00,183.99930810884237,189.9142000980272,173.1586693952093
2013-11-17 08:00:00,182.69919640311278,188.5908597574641,172.5197791897331
2013-11-17 09:00:00,182.25214227261304,184.34819356014356,173.5367491030711
2013-11-17 10:00:00,184.4192527528638,184.3481961559166,175.773243049086
2013-11-17 11:00:00,185.00786032512053,184.3481980980172,176.6434749565066
2013-11-17 12:00:00,185.0078634695757,184.3482031139026,186.17913496628947
2013-11-17 13:00:00,188.51415771178418,187.79246670336317,191.27608659927014
2013-11-17 14:00:00,205.7086127536315,205.5906588025474,209.33603580256184
2013-11-17 15:00:00,213.82622249525184,213.68177570357557,216.06971738128462
2013-11-17 16:00:00,214.57633405105676,214.4186761715342,216.84288681477187
2013-11-17 17:00:00,213.79478682462812,213.6911364608877,216.86722697759055
2013-11-17 18:00:00,211.42088283370686,211.9776861914864,215.85010949385062
2013-11-17 19:00:00,205.3223726386975,207.79168012033085,213.75540833866913
2013-11-17 20:00:00,202.98483549351928,202.0071577478196,212.19647508845392
2013-11-17 21:00:00,195.26023942527465,194.41921052365137,204.51337745266989
2013-11-17 22:00:00,184.4192529831184,186.09500990845746,197.626222323453
2013-11-17 23:00:00,184.4192526769246,184.34820696390696,192.0836720837393
2013-11-18 00:00:00,184.41925244327186,184.34829116592772,192.02765058398344
2013-11-18 01:00:00,184.4192530394491,184.34820130090253,191.21088391645975
2013-11-18 02:00:00,184.41925336235923,184.34819990782324,191.08063152231526
2013-11-18 03:00:00,184.419252956709,184.34820236480613,191.5539509281587
2013-11-18 04:00:00,184.41925829405116,184.34820588012064,190.2090218843637
2013-11-18 05:00:00,193.01204047517157,192.33569584322174,195.63214183747905
2013-11-18 06:00:00,202.99889506226106,202.02096522107416,198.7858839382483
2013-11-18 07:00:00,154.04476417719127,180.61268942028977,169.75209030006826
2013-11-18 08:00:00,144.91957585409796,151.44237527972402,143.12676156323076
2013-11-18 09:00:00,144.9195759098018,151.44237620480789,143.12095546150272
2013-11-18 10:00:00,144.9195753691567,151.44237583543006,143.12030344006305
2013-11-18 11:00:00,137.42586970015154,151.44237370826892,143.12029582377616
2013-11-18 12:00:00,144.91955674328935,151.4423729794913,143.12029569125164
2013-11-18 13:00:00,144.91957464405263,151.44236133316204,143.12523020588546
2013-11-18 14:00:00,144.91957350675887,151.44237287302488,147.07265604783737
2013-11-18 15:00:00,144.91957554053027,154.138256311466,153.0739887941142
2013-11-18 16:00:00,144.91957010620743,154.13825121406853,152.98965112893814
2013-11-18 17:00:00,141.56552108035999,150.6313264562679,150.54911805268912
2013-11-18 18:00:00,122.50723070582288,143.959682339425,145.32693737849866
2013-11-18 19:00:00,117.36478800755916,143.9596798083301,144.24245061985556
2013-11-18 20:00:00,68.13841070447657,143.95967012581968,144.12045346571395
2013-11-18 21:00:00,68.13840940913829,143.95968078199073,143.9291318977192
2013-11-18 22:00:00,63.03332530003573,143.95968111065724,144.57633325478565
2013-11-18 23:00:00,68.13835197457139,143.95968117481203,144.70856171124709
2013-11-19 00:00:00,68.1384072854217,143.9596822598411,143.7611998140523
2013-11-19 01:00:00,62.849762828945934,143.9596820576157,142.35639072990048
2013-11-19 02:00:00,61.0402140056398,143.95968168497504,145.4197855821298
2013-11-19 03:00:00,61.040149668698305,143.9596818948506,145.42030394457078
2013-11-19 04:00:00,61.040149647646246,143.95968213438297,145.42031047943752
2013-11-19 05:00:00,61.040149513321346,143.95968254775195,145.420309156302
2013-11-19 06:00:00,61.04014922649449,143.95967994858466,145.42050489001932
2013-11-19 07:00:00,61.04014894324762,116.04751955207826,142.8978511636806
2013-11-19 08:00:00,61.040148885842605,97.65965237673672,141.79520098985228
2013-11-19 09:00:00,61.04014886370113,91.64969364859112,142.13514502942493
2013-11-19 10:00:00,61.040148916751065,90.6486972541766,141.9525954908444
2013-11-19 11:00:00,61.04014887657636,73.35116111853834,141.9348991494517
2013-11-19 12:00:00,61.040148829950326,68.10977117556804,144.14344031993474
2013-11-19 13:00:00,61.04014877296811,66.9425653222478,146.12265170899926
2013-11-19 14:00:00,61.04014876638984,67.67507739676334,147.75054765519386
2013-11-19 15:00:00,61.040148748567226,68.53810734001395,148.27401849192412
2013-11-19 16:00:00,61.040148739885986,68.6354634632068,148.00222581375468
2013-11-19 17:00:00,61.040148766277504,68.57113430228011,147.91772574415467
2013-11-19 18:00:00,61.040148840744955,67.44708363243356,147.42982377527602
2013-11-19 19:00:00,61.040148939623286,67.44892443935316,147.83314613789284
2013-11-19 20:00:00,61.04014940832552,67.35185914179547,147.00533249496013
2013-11-19 21:00:00,61.04018135667354,66.55036169747375,147.0787959044887
2013-11-19 22:00:00,75.38296034769799,73.01782975586285,147.0236960663669
2013-11-19 23:00:00,71.98227595051753,71.50101662515813,147.0745118608334
2013-11-20 00:00:00,62.84975763362535,66.8902621238762,147.07491142046453
2013-11-20 01:00:00,61.040150356411765,65.57606316158628,147.0950447572749
2013-11-20 02:00:00,61.04014972514525,65.75676381365601,147.09504553670604
2013-11-20 03:00:00,61.04015015571207,65.75688498681339,147.09504507056084
2013-11-20 04:00:00,61.04014942691922,65.7758159703954,147.09503675500403
2013-11-20 05:00:00,61.04014922294989,66.1907471084505,147.3496121134981
2013-11-20 06:00:00,61.04014899345775,70.85897765963392,147.3446074761987
2013-11-20 07:00:00,61.04014890808182,86.57163212787373,145.9107262508207
2013-11-20 08:00:00,61.04014877275147,59.46824525239135,141.09805886774225
2013-11-20 09:00:00,61.04014758400193,58.49119118887644,141.09040693049238
2013-11-20 10:00:00,61.04014733060305,58.084460063545905,141.1184829365359
2013-11-20 11:00:00,61.04014730186792,56.277715190175634,141.23389196787778
2013-11-20 12:00:00,61.0401469872955,54.14869189238832,141.90139246815434
2013-11-20 13:00:00,61.040146757820985,45.56347510964341,143.76368387023413
2013-11-20 14:00:00,61.04014790757686,45.716646657836485,147.38985402892772
2013-11-20 15:00:00,61.04014880473986,54.14867989838857,151.27328726491965
2013-11-20 16:00:00,61.04014879351023,53.763096380242,148.74491615172732
2013-11-20 17:00:00,61.04014870270454,54.14872526923668,147.95745996695686
2013-11-20 18:00:00,61.04014833801335,55.15667555030314,147.53488911313113
2013-11-20 19:00:00,61.04014735525579,56.49361692677894,147.6652642893884
2013-11-20 20:00:00,61.04014718012039,56.83152916361801,147.10859492290692
2013-11-20 21:00:00,61.04014791428963,56.8585668296258,146.60603911720395
2013-11-20 22:00:00,61.04014783012994,67.20495092917167,143.32435149511653
2013-11-20 23:00:00,61.04014783634597,68.1823230928496,142.74718499079313
2013-11-21 00:00:00,61.040147906743634,68.284568816149,142.7431094016174
2013-11-21 01:00:00,61.04014784271129,116.04752204553131,142.78403089181782
2013-11-21 02:00:00,61.04014796843964,116.04752580932131,142.7840306359937
2013-11-21 03:00:00,61.0401483455751,116.04758862112803,142.78403294209275
2013-11-21 04:00:00,61.04014873433258,116.04759538065981,142.7840335444154
2013-11-21 05:00:00,61.040148821653275,116.04758969096567,145.85624370291387
2013-11-21 06:00:00,61.0401488433999,116.04759714687953,149.10599775814947
2013-11-21 07:00:00,61.040148857032946,116.04759919587487,146.50602983225681
2013-11-21 08:00:00,61.04014882324184,116.04374754069228,136.92266791252635
2013-11-21 09:00:00,61.04014870673084,94.4781409277611,137.07309448152697
2013-11-21 10:00:00,61.040148569533926,86.37998683446293,136.7643356844638
2013-11-21 11:00:00,61.04014859181149,69.70285922651259,136.81761124332343
2013-11-21 12:00:00,61.04014879233752,69.70280816499468,136.8183287409424
2013-11-21 13:00:00,61.040148844775075,78.01083948411654,138.7710189255046
2013-11-21 14:00:00,61.04014893426612,87.4271646208156,141.50446097769782
2013-11-21 15:00:00,61.04014906886554,92.07406905074272,141.47770897369443
2013-11-21 16:00:00,61.040149016991684,92.07407141387715,141.4040663407307
2013-11-21 17:00:00,61.040148998053574,91.15726627956036,140.29910861626618
2013-11-21 18:00:00,61.04014894858321,90.54894753277453,138.5933477051065
2013-11-21 19:00:00,61.04014893409578,86.20979471061968,137.87136737278334
2013-11-21 20:00:00,61.04014894236326,86.5048284057433,137.8576992159405
2013-11-21 21:00:00,61.040148928475396,82.31420482054217,137.52877452605566
2013-11-21 22:00:00,61.04014889991304,83.92540347659967,136.42708316415073
2013-11-21 23:00:00,61.04014890615341,69.35472531460404,136.28465533094814
2013-11-22 00:00:00,61.04014890389045,69.35470969421613,136.2846473233264
2013-11-22 01:00:00,61.040148904263326,68.56340787231774,136.27860083553387
2013-11-22 02:00:00,61.040148900823695,67.73780658444942,136.1145423898244
2013-11-22 03:00:00,61.040148896213935,67.55184454620841,133.8744313227183
2013-11-22 04:00:00,61.040148880660546,66.40170053656472,125.35365853618772
2013-11-22 05:00:00,61.040148871223295,66.511668537298,122.9985885080734
2013-11-22 06:00:00,61.04014887175679,66.51274663266977,122.68965867023293
2013-11-22 07:00:00,61.04014887343888,65.60745049929567,120.47984476145022
2013-11-22 08:00:00,61.040148867067224,65.60577957323646,120.85471969394868
2013-11-22 09:00:00,61.04014886262156,65.60577890486044,120.62230672078023
2013-11-22 10:00:00,61.04014883020642,65.99523195745317,129.86253128218158
2013-11-22 11:00:00,61.04014874344782,66.18441247875191,129.9305476426822
2013-11-22 12:00:00,61.040148751137245,66.18435325886435,129.92915294964078
2013-11-22 13:00:00,61.04014870961002,65.60744330767203,129.85968485368454
2013-11-22 14:00:00,61.04014879742634,65.99187136927839,135.36338470078277
2013-11-22 15:00:00,61.04014886591327,66.52422266760537,136.0604837318647
2013-11-22 16:00:00,61.04014887809117,66.46254295301829,136.1021807694564
2013-11-22 17:00:00,61.040148900763874,66.46320835078838,136.10137760735867
2013-11-22 18:00:00,61.04014891797646,66.46254279681482,136.1021858490732
2013-11-22 19:00:00,61.04014893501011,66.46931060909057,136.17546225058723
2013-11-22 20:00:00,61.04014899162462,66.85233241973583,137.57633118914273
2013-11-22 21:00:00,61.0401490378546,66.87582817437811,137.61734326981613
2013-11-22 22:00:00,61.040151492409464,67.49838800048533,140.72231455980912
2013-11-22 23:00:00,61.04015183105835,67.49834464428037,140.72232565474164
2013-11-23 00:00:00,61.04015255532223,67.44127819986608,140.72396644438115
2013-11-23 01:00:00,63.03326115211025,68.53775774000526,140.7239490705065
2013-11-23 02:00:00,68.48568647814898,73.40598028302492,140.723964517786
2013-11-23 03:00:00,75.3829824600242,79.40639303621823,140.70172960516715
2013-11-23 04:00:00,75.38298504622814,79.16024763637549,140.80245677212582
2013-11-23 05:00:00,75.38298531057764,78.86680144701539,140.89177966794682
2013-11-23 06:00:00,75.38298553466831,77.49465601661478,141.19794447678157
2013-11-23 07:00:00,75.38298052406087,73.66262805421894,139.38671574697997
2013-11-23 08:00:00,71.442512435419,73.53403379315736,133.86615003237605
2013-11-23 09:00:00,69.69356682195055,71.97198573495218,133.86621870128408
2013-11-23 10:00:00,70.58331673082914,73.3162325482463,133.785322823962
2013-11-23 11:00:00,70.3249259201801,73.24932819712346,133.7440634904373
2013-11-23 12:00:00,71.3086308780052,73.53403765138995,133.90909368289132
2013-11-23 13:00:00,72.30609470727083,73.53403895687848,134.044206677161
2013-11-23 14:00:00,75.38297619097258,73.53403973879517,135.6674383742431
2013-11-23 15:00:00,75.38298105951617,77.40315135756538,139.38762615217246
2013-11-23 16:00:00,75.38297954596388,77.40319066931664,139.3876113318854
2013-11-23 17:00:00,70.90063016327548,73.53402339301071,139.0882070893486
2013-11-23 18:00:00,63.03325925157407,67.55105519500457,134.67813135291115
2013-11-23 19:00:00,61.54992045473969,66.67953063634499,134.557742227123
2013-11-23 20:00:00,61.04014939798862,66.7971669269751,134.1812181399585
2013-11-23 21:00:00,61.040149208859546,66.79718327360645,134.1812094841187
2013-11-23 22:00:00,61.04014909532567,73.53368942346705,133.65906934631192
2013-11-23 23:00:00,61.04014902076452,73.53401954611829,133.65603806461243
2013-11-24 00:00:00,61.04014897701559,71.36094800720734,133.72618868962317
2013-11-24 01:00:00,61.04014894584777,71.21186053040982,133.7261867214599
2013-11-24 02:00:00,61.04014892868646,68.44875502994066,133.72616781275224
2013-11-24 03:00:00,61.040148916296985,66.672110393917,131.9579921477035
2013-11-24 04:00:00,61.04014891367044,66.6721713245803,131.95799031092375
2013-11-24 05:00:00,61.040148908624566,73.53403629060273,126.9770177237233
2013-11-24 06:00:00,61.04014890104017,73.53403970406669,107.70938848130591
2013-11-24 07:00:00,61.04014867472437,71.90018615061759,81.66154178128076
2013-11-24 08:00:00,60.25152515857021,70.24112281286428,80.27884214315992
2013-11-24 09:00:00,60.25152445123357,70.24112243628001,80.27882731850279
2013-11-24 10:00:00,60.25152459897566,70.90375163396672,80.4828031048508
2013-11-24 11:00:00,60.25152200469112,70.05846943856672,79.67015468415374
2013-11-24 12:00:00,60.25152498537557,70.72348014220687,80.28984039829778
2013-11-24 13:00:00,60.251525286284604,70.08252268306765,80.48346447942559
2013-11-24 14:00:00,60.25152673414349,68.71525406058643,80.90985664879327
2013-11-24 15:00:00,61.04014537613891,66.28243592758912,82.03873832478087
2013-11-24 16:00:00,61.04014849587628,65.60747720600352,82.7874800914456
2013-11-24 17:00:00,61.04014876321945,65.60747496733654,85.55417294110613
2013-11-24 18:00:00,61.04014881566207,67.08736142261782,84.3894754649819
2013-11-24 19:00:00,61.04014885888738,65.60746833112762,86.23377292179157
2013-11-24 20:00:00,61.04014887376537,65.60748819938169,88.1736214186597
2013-11-24 21:00:00,61.040148875292566,66.55206258578158,88.10553010548439
2013-11-24 22:00:00,61.040148892713844,67.15272775262277,88.06272574997212
2013-11-24 23:00:00,61.040148879616,68.62269017317773,87.9363289832457
2013-11-25 00:00:00,61.040148873752536,73.53401638541352,87.87667327346713
2013-11-25 01:00:00,61.04014887431771,73.53404139313932,87.03042658031492
2013-11-25 02:00:00,61.04014887021566,73.53404264088883,86.88505739378991
2013-11-25 03:00:00,61.04014887921867,73.53404441112335,88.02070292423105
2013-11-25 04:00:00,61.04014889622716,73.53404842242558,88.82627163380835
2013-11-25 05:00:00,61.04014893650331,74.23912163824924,88.81811410562437
2013-11-25 06:00:00,61.040148937368485,74.2392438915603,89.47249512998235
2013-11-25 07:00:00,61.04014893350228,75.83586279836595,88.02886603523045
2013-11-25 08:00:00,61.040148195791936,71.6102370206994,74.18742836079727
2013-11-25 09:00:00,61.040147324486405,69.2469782772019,72.39212459417377
2013-11-25 10:00:00,61.04014774746214,66.73626920050829,70.44215303694361
2013-11-25 11:00:00,61.040147588224386,65.60752374965176,70.33418802460476
2013-11-25 12:00:00,61.040147382484776,65.60746728788517,70.69382635401436
2013-11-25 13:00:00,61.04014797981184,73.45670744747754,78.4631297228463
2013-11-25 14:00:00,61.04014868097753,73.93628257737858,85.84773720551607
2013-11-25 15:00:00,61.04014893362959,69.00980926256368,98.2469363647989
2013-11-25 16:00:00,61.040148954040184,69.00980820143278,93.13445953964043
2013-11-25 17:00:00,61.04014896830554,69.00980778915743,98.92728693745059
2013-11-25 18:00:00,61.04014896996346,69.00982910438927,107.76748683558228
2013-11-25 19:00:00,61.040148988818885,69.7499679049166,112.2576709806039
2013-11-25 20:00:00,61.040148994140665,69.60257204405703,113.12563176084636
2013-11-25 21:00:00,61.0401489918285,69.95589083785859,112.74552187865453
2013-11-25 22:00:00,61.040149004284416,69.95619401927789,112.70776484605064
2013-11-25 23:00:00,61.04014901995222,73.92519143529758,112.71687335509604
2013-11-26 00:00:00,61.04014904339265,107.536655298608,113.80022988860246
2013-11-26 01:00:00,61.040149079572565,109.86298909711829,115.34156972613374
2013-11-26 02:00:00,61.04014934382277,114.34361583069787,117.4766756273997
2013-11-26 03:00:00,61.04835588893706,117.52225793585644,119.4739604008811
2013-11-26 04:00:00,67.38487079024954,117.92987840657867,121.22992987610944
2013-11-26 05:00:00,89.69003664459319,119.8201135218548,122.84382111232266
2013-11-26 06:00:00,97.48407109528108,122.04517029106124,125.32648407647352
2013-11-26 07:00:00,97.48407284512118,120.14393883906608,124.60706323972656
2013-11-26 08:00:00,97.48407306671527,105.80978062216052,108.76019707431321
2013-11-26 09:00:00,97.48407222671963,104.54064636337488,105.90794662762723
2013-11-26 10:00:00,97.48407263340917,104.5406487831126,105.83083843802848
2013-11-26 11:00:00,97.48458329351742,104.54118168147305,106.33885574870045
2013-11-26 12:00:00,99.20555679784962,106.34060282435881,109.31705444276247
2013-11-26 13:00:00,100.40389936191744,107.59356108133917,113.51054168692016
2013-11-26 14:00:00,120.64635863660754,128.75866993544116,134.85436505585565
2013-11-26 15:00:00,120.6463595239136,131.0646655056607,137.45487275759177
2013-11-26 16:00:00,120.64635953029126,130.56997639991224,136.2849446270296
2013-11-26 17:00:00,120.64635945631997,129.70729131135502,136.5981184217791
2013-11-26 18:00:00,120.64635934248913,128.86476371000717,136.71904562080834
2013-11-26 19:00:00,120.64635932528068,128.7586761339838,136.65882280959036
2013-11-26 20:00:00,120.64635916010597,128.7586710129837,136.6588149363387
2013-11-26 21:00:00,120.6463589845307,128.75867018652053,136.21469505408203
2013-11-26 22:00:00,116.76287912638595,124.69818326173373,131.2735672985744
2013-11-26 23:00:00,112.61062202526111,120.35667869770492,128.40062593885008
2013-11-27 00:00:00,97.70348566079159,119.06795396605342,127.25620951580679
2013-11-27 01:00:00,97.70348508790954,118.93702020965708,126.1391300040485
2013-11-27 02:00:00,66.84256231955132,118.96051545209777,124.16706167073066
2013-11-27 03:00:00,61.040149977318684,118.93702161295977,123.73294415374488
2013-11-27 04:00:00,61.04014922421187,118.93701547915254,123.765275979413
2013-11-27 05:00:00,61.04014924532257,118.9370100992349,123.15574794854483
2013-11-27 06:00:00,62.682384195245014,120.36009203381533,109.08149011375225
2013-11-27 07:00:00,61.040163963740525,118.01337851498926,102.51084807599197
2013-11-27 08:00:00,61.04015251589069,78.84433570594538,77.49719675503809
2013-11-27 09:00:00,61.04014946188024,70.57763926370669,69.57736532746382
2013-11-27 10:00:00,61.0401491621462,69.40985680235211,67.37656579520414
2013-11-27 11:00:00,61.040149107213715,69.19672686116499,67.38898744281921
2013-11-27 12:00:00,61.04014914659779,69.40955969308823,69.6529849055696
2013-11-27 13:00:00,61.040149267814236,69.57295914493086,72.04087435545307
2013-11-27 14:00:00,61.04014948195101,79.02120443565566,82.50437782438709
2013-11-27 15:00:00,61.04015177433214,123.08001135407194,100.17474059098514
2013-11-27 16:00:00,75.02990576003043,123.08007954330472,100.17475310069317
2013-11-27 17:00:00,75.38298153071223,123.08007887638445,100.17475297292046
2013-11-27 18:00:00,75.38298158634736,123.08007224651462,100.17475154279339
2013-11-27 19:00:00,75.38298104625567,123.08005331164104,100.17474797196822
2013-11-27 20:00:00,75.38297948125899,123.08006192053443,100.1747498900483
2013-11-27 21:00:00,75.38297641856407,123.080068933148,100.17475133216068
2013-11-27 22:00:00,61.04015310495437,123.08007730733101,100.17475267166986
2013-11-27 23:00:00,61.04015086306054,123.0800812343124,100.17475347183637
2013-11-28 00:00:00,61.04015001413257,123.08008203866312,100.17475430032206
2013-11-28 01:00:00,61.040149728330555,123.08007947041216,100.17475255656214
2013-11-28 02:00:00,61.04014960961888,123.97769435105207,96.33832994540876
2013-11-28 03:00:00,61.04014950344257,125.58243478518814,93.00418880890282
2013-11-28 04:00:00,61.04014949401686,128.10154923111077,94.26380393414813
2013-11-28 05:00:00,61.04014937051686,130.0922525767523,98.58400167114266
2013-11-28 06:00:00,61.04014931519199,133.14953367563518,98.06262174805215
2013-11-28 07:00:00,61.040149145249266,133.71829222021293,97.2449769834728
2013-11-28 08:00:00,61.04014908431601,133.14955089379524,91.36483477533561
2013-11-28 09:00:00,61.040149069957316,131.88506143440165,91.36491008257929
2013-11-28 10:00:00,61.04014906165212,108.84407326232777,91.56329931066216
2013-11-28 11:00:00,61.040149041480056,120.1480432052318,95.79246892069037
2013-11-28 12:00:00,61.04014902695234,128.9807512381914,91.80979099051629
2013-11-28 13:00:00,61.040149030188275,133.14953058126855,86.77401181470891
2013-11-28 14:00:00,61.04014903782128,133.78405561776074,87.02382630125292
2013-11-28 15:00:00,61.04014904514658,133.7840579588345,85.76731021964207
2013-11-28 16:00:00,61.040149047525816,133.78405818770446,85.81320812611061
2013-11-28 17:00:00,61.04014905222826,133.7840581182694,85.78192992215486
2013-11-28 18:00:00,61.04014906651581,133.78405797207841,88.09530187588831
2013-11-28 19:00:00,61.040149112285086,133.7840580160631,90.0344744673682
2013-11-28 20:00:00,61.04014914674576,133.78405720305136,90.3577169857038
2013-11-28 21:00:00,61.04014919585324,133.78402117179425,95.16324375240643
2013-11-28 22:00:00,61.04014944913164,130.06932100758792,100.61337276708294
2013-11-28 23:00:00,61.04014918840642,128.45424507927632,105.08397220231116
2013-11-29 00:00:00,61.04014909583122,128.45424870925083,107.40071927995096
2013-11-29 01:00:00,61.040149035507255,128.98836353215708,107.83876519467687
2013-11-29 02:00:00,61.04014899990545,130.40681159264167,108.70689002761912
2013-11-29 03:00:00,61.04014899731438,130.9410622324995,109.48563731684493
2013-11-29 04:00:00,61.0401489855824,131.36824334918262,109.67218660371529
2013-11-29 05:00:00,61.04014896148867,128.45425054080675,111.71739003957252
2013-11-29 06:00:00,61.040148921036206,128.45424648886106,112.32263614826583
2013-11-29 07:00:00,29.510785800843596,84.8056172571514,94.77015380396807
2013-11-29 08:00:00,23.883671771762984,75.83424651736087,84.5003142814395
2013-11-29 09:00:00,8.971779375959924,33.573677837451456,73.15633216270349
2013-11-29 10:00:00,0.025146148766786332,23.493967298833848,62.74408367145325
2013-11-29 11:00:00,0.025145313379707514,2.6580643024166517,56.87971733498273
2013-11-29 12:00:00,0.02514523820096146,2.6580245780975993,58.975775300140604
2013-11-29 13:00:00,0.025145220538550433,2.658020722964628,58.960350468376866
2013-11-29 14:00:00,0.02514522747714895,2.6574691108085826,62.71406560350739
2013-11-29 15:00:00,0.02514524349916722,2.657412941209023,62.7140558724977
2013-11-29 16:00:00,0.02514525099164795,2.6574124436096396,62.71405416197838
2013-11-29 17:00:00,0.025145287009701464,2.6574163277213314,62.660765234803094
2013-11-29 18:00:00,0.025145328570388356,2.6574690298492163,61.85341461147938
2013-11-29 19:00:00,0.02514532902666484,2.657491469386198,61.76427615742756
2013-11-29 20:00:00,0.02514533808632061,2.658024326834563,61.55483501770728
2013-11-29 21:00:00,0.025145396081553865,2.658024785386811,61.612900092318625
2013-11-29 22:00:00,0.025145547249869008,2.658026136883898,64.51614167834079
2013-11-29 23:00:00,0.025146105061032948,2.6580263644979873,64.52848579768394
2013-11-30 00:00:00,0.034755038354715474,2.6580333048176414,64.88088451425007
2013-11-30 01:00:00,23.883669281264766,27.585548364130542,70.00471319471248
2013-11-30 02:00:00,24.21798406205273,27.93509950462458,70.07643023150285
2013-11-30 03:00:00,24.556974020297194,21.78275138980694,72.92595761331857
2013-11-30 04:00:00,25.305753603643723,21.598597301281437,73.66831926102877
2013-11-30 05:00:00,44.15820695353781,44.26750729301985,82.36694659835473
2013-11-30 06:00:00,58.077908750578295,61.185048990705546,90.21142007476834
2013-11-30 07:00:00,59.48276115323195,63.43438081454957,88.3008444517806
2013-11-30 08:00:00,59.48276412363578,63.63920533897029,84.3876192286724
2013-11-30 09:00:00,59.48276775867248,63.59207897470971,82.95980212672441
2013-11-30 10:00:00,60.17612498715906,64.74060551741147,83.10309474556401
2013-11-30 11:00:00,61.040148324511,65.60746853138356,83.7432518061529
2013-11-30 12:00:00,61.040148702999964,65.60747454195945,91.32626276995002
2013-11-30 13:00:00,61.04014888819491,67.25183319359489,91.7148036746604
2013-11-30 14:00:00,61.04014894749808,76.80225455430164,96.05842609421595
2013-11-30 15:00:00,61.04014899164228,76.80225857880932,99.97884656787146
2013-11-30 16:00:00,61.04014900551371,81.48749433846854,99.77948489379398
2013-11-30 17:00:00,61.04014900572123,86.61359907760784,99.56758672569799
2013-11-30 18:00:00,61.04014897587455,79.57156395770818,95.11815348043604
2013-11-30 19:00:00,61.040148957958756,79.04730214929153,94.94804422907623
2013-11-30 20:00:00,61.0401489707062,79.04722856451939,94.80647332585285
2013-11-30 21:00:00,61.04014900114497,79.21564376354044,91.85320869092165
2013-11-30 22:00:00,61.0401490021557,79.17599992344681,91.8450562365546
2013-11-30 23:00:00,61.04014900152393,79.16359866159961,91.8425076695808
2013-12-01 00:00:00,61.04014900960433,79.16361792726724,91.57683563299713
2013-12-01 01:00:00,61.04014900082984,79.13479819058877,91.53971104342362
2013-12-01 02:00:00,61.04014898825554,77.36906709378796,89.62890278409716
2013-12-01 03:00:00,61.040148974030515,76.80226966202416,83.78260099695137
2013-12-01 04:00:00,61.04014895540706,76.80226096091677,83.74519164158673
2013-12-01 05:00:00,61.0401489517786,76.80225058931816,82.82188508331008
2013-12-01 06:00:00,61.040148958368796,76.80221426414094,80.98184791535965
2013-12-01 07:00:00,61.04014895899808,66.43561931587709,65.39045085479424
2013-12-01 08:00:00,61.04014881452923,65.60747860183386,52.301953655796304
2013-12-01 09:00:00,61.04014793619868,65.60747087133967,46.2614920661789
2013-12-01 10:00:00,61.04014800881696,65.60746969858988,46.04209277417369
2013-12-01 11:00:00,61.040148207755145,65.60746742270679,45.81917020454872
2013-12-01 12:00:00,61.04014862742251,65.60747143930624,46.48225973684729
2013-12-01 13:00:00,61.04014896433529,68.28162843975132,56.61059451080762
2013-12-01 14:00:00,61.04014897579715,115.06600081985746,74.57999300239844
2013-12-01 15:00:00,61.04014900184026,158.53440669328822,88.79882003332649
2013-12-01 16:00:00,61.04014900203309,157.0295878035709,89.742614321551
2013-12-01 17:00:00,61.040148996750126,156.14364573119758,92.98279618794265
2013-12-01 18:00:00,61.040149002801186,144.33653638420276,99.7154809074347
2013-12-01 19:00:00,61.04014902441087,143.19334207375314,111.39665216748098
2013-12-01 20:00:00,61.04014904790177,143.193343308745,111.94186896516912
2013-12-01 21:00:00,61.040149071012614,142.28714661057845,132.10035894044714
2013-12-01 22:00:00,61.04014909669076,143.19334206827472,134.5038648110874
2013-12-01 23:00:00,61.04014935173546,144.33654004340602,137.6214369591486
2013-12-02 00:00:00,61.04017765490377,144.3365432530642,138.9672697433465
2013-12-02 01:00:00,73.0422249325658,144.3365423663744,141.33357907826948
2013-12-02 02:00:00,137.61045181942845,151.3090090438301,147.23008539897555
2013-12-02 03:00:00,141.28195032030632,153.14054727786143,153.34465765532897
2013-12-02 04:00:00,165.49172933620017,172.91115879088235,170.83546295786093
2013-12-02 05:00:00,175.39550720806696,177.60333159941501,172.02137901818017
2013-12-02 06:00:00,175.3955098083204,174.70720644645368,172.03657757323802
2013-12-02 07:00:00,175.39550973437971,174.70579016165064,171.27768541791923
2013-12-02 08:00:00,152.69879269787063,153.50663077865732,142.7530044483716
2013-12-02 09:00:00,142.0502976405159,144.336542705524,139.20346955484814
2013-12-02 10:00:00,142.05029727610673,144.33654247177478,138.9165264853451
2013-12-02 11:00:00,142.0502973317837,144.336542377219,138.1504532333955
2013-12-02 12:00:00,142.05029745869047,144.3365425871101,139.34330853992216
2013-12-02 13:00:00,142.05029779269557,144.33654538072324,140.98336984583793
2013-12-02 14:00:00,171.4905727865905,170.2928731188777,167.44894713275804
2013-12-02 15:00:00,209.55444108876785,209.64713938000148,203.11916433967266
2013-12-02 16:00:00,209.55444106164987,209.64713985557782,203.1190425776036
2013-12-02 17:00:00,209.5544405386633,209.64714005479547,203.10856021929143
2013-12-02 18:00:00,209.5544405911843,209.64713984229377,203.11914790030792
2013-12-02 19:00:00,207.17918921909504,209.647133732981,199.4928897050427
2013-12-02 20:00:00,185.46658552332735,189.47025697885343,184.52373589857027
2013-12-02 21:00:00,172.3681989896918,172.29815579839766,175.4332315903859
2013-12-02 22:00:00,169.71903233727716,170.29288993614642,173.7844230620905
2013-12-02 23:00:00,169.71903190315462,170.29286982519602,172.6755864699547
2013-12-03 00:00:00,169.71903190639281,170.29286968886984,172.67098929243795
2013-12-03 01:00:00,169.7190321113884,170.29287029100857,172.667836482681
2013-12-03 02:00:00,169.71903214474813,170.29287225949417,172.6678425282396
2013-12-03 03:00:00,169.71903248176477,170.29286892456992,171.33023350357405
2013-12-03 04:00:00,169.71903453442272,170.29286882405447,172.17203846211277
2013-12-03 05:00:00,170.83205641079223,170.42317128042845,172.6694251897109
2013-12-03 06:00:00,172.40333277959752,172.769784362518,173.32858225579747
2013-12-03 07:00:00,86.87610284314742,135.41723392098797,131.980398802354
2013-12-03 08:00:00,86.87610237037913,102.52556918041397,107.59274032971263
2013-12-03 09:00:00,86.70981288295988,92.2986709500289,97.24941274869929
2013-12-03 10:00:00,70.34957724383142,76.91084877499236,80.22500812814036
2013-12-03 11:00:00,70.34957659597889,77.03369995569236,81.15079502021615
2013-12-03 12:00:00,71.00390711516263,94.54757585654276,99.69094112204976
2013-12-03 13:00:00,71.99711660429787,97.14785897881715,104.52897534118667
2013-12-03 14:00:00,77.84262799279887,112.72094876448708,122.4742471947141
2013-12-03 15:00:00,84.49578149045125,127.78761542287369,134.31417574877645
2013-12-03 16:00:00,85.67767799523583,127.78761608725861,134.13612573214306
2013-12-03 17:00:00,86.87610103058293,127.78761506837294,134.12522647074042
2013-12-03 18:00:00,86.8761004410903,127.7876137135398,134.119179140997
2013-12-03 19:00:00,70.34958282026317,127.78762147263555,132.42756440848598
2013-12-03 20:00:00,63.123682982708345,127.78761510683242,132.0895634330484
2013-12-03 21:00:00,61.04015153985568,122.19476801222197,129.585663459356
2013-12-03 22:00:00,61.04014900950703,115.68374896570813,124.06081343559403
2013-12-03 23:00:00,61.040148899158,115.68375339281164,124.05928535821239
2013-12-04 00:00:00,61.040148777999036,113.05991234878894,122.46954177084586
2013-12-04 01:00:00,61.040148589265165,111.9269508112651,113.07386773414218
2013-12-04 02:00:00,61.0401482576934,111.9269496595992,113.07569643601873
2013-12-04 03:00:00,61.04014771803559,111.571354186891,111.91348875353174
2013-12-04 04:00:00,61.04014654632933,111.57133880696132,111.85626084232962
2013-12-04 05:00:00,61.040141554175705,109.01114485437485,111.85007725177765
2013-12-04 06:00:00,59.46420283932396,94.44815430322906,109.33113177184504
2013-12-04 07:00:00,59.10898744421115,69.09759791210332,77.32000395005744
2013-12-04 08:00:00,49.145230834146105,63.11002069398055,54.60663308680065
2013-12-04 09:00:00,49.048673795546684,60.08513318462414,50.71089564484108
2013-12-04 10:00:00,41.83865072025865,59.77980889555117,48.351708421968866
2013-12-04 11:00:00,46.21691039596499,55.038912577596996,49.66578281697845
2013-12-04 12:00:00,46.206826961188106,53.31630210351353,50.77068731144646
2013-12-04 13:00:00,49.83265209633974,56.71474138692026,57.776487233062646
2013-12-04 14:00:00,52.17841439148754,63.501443358694566,68.08554161573728
2013-12-04 15:00:00,56.682614284232294,69.2436668953017,72.05451008678489
2013-12-04 16:00:00,56.76447117007672,70.50962200146984,70.56595047846953
2013-12-04 17:00:00,57.558523046558385,71.1068887086628,70.66966473832953
2013-12-04 18:00:00,59.01807630826991,72.074467169272,72.00719161013231
2013-12-04 19:00:00,59.180099113772926,72.17801259149752,72.06102606795825
2013-12-04 20:00:00,51.97783480148668,66.91050358399677,68.5784354358678
2013-12-04 21:00:00,49.14522927586299,66.78792580744897,68.54152288177146
2013-12-04 22:00:00,49.14523010905111,66.96068317404128,68.57483192156674
2013-12-04 23:00:00,49.14522815728063,67.1898536344832,62.89163987932172
2013-12-05 00:00:00,49.14520774605848,66.41109278163331,60.69737348033025
2013-12-05 01:00:00,45.27360345725662,66.55855823601037,60.728773281457144
2013-12-05 02:00:00,8.971832607872638,50.01716427491452,59.5974107065593
2013-12-05 03:00:00,8.971772241687697,50.01717610369591,59.597387386788476
2013-12-05 04:00:00,0.03737863490529009,50.0171573005083,59.59740618616896
2013-12-05 05:00:00,0.036177633777942135,47.59985715637471,59.10107075222078
2013-12-05 06:00:00,0.0251456579103747,40.28857984456877,57.60071909179651
2013-12-05 07:00:00,0.02514556846429654,32.313939883796714,53.903093489603854
2013-12-05 08:00:00,0.025145768181408665,22.59114416862391,36.14983254728783
2013-12-05 09:00:00,0.03668930814259166,19.946053926842175,33.05094793621312
2013-12-05 10:00:00,34.98963792430809,36.2740762807362,27.69466616977595
2013-12-05 11:00:00,48.557565562896414,36.273847679301596,41.938482946411625
2013-12-05 12:00:00,57.586880268420316,23.206662992623986,45.89363038517283
2013-12-05 13:00:00,59.464191555243815,2.658029624656923,46.270541735796016
2013-12-05 14:00:00,59.464191698326935,2.658026303696066,52.012696361628734
2013-12-05 15:00:00,59.46419168912408,2.6580271913313185,54.96336688799581
2013-12-05 16:00:00,56.46749527823478,2.6580269612900373,54.46937404008158
2013-12-05 17:00:00,56.46737444540093,2.658026801496898,54.68736173888729
2013-12-05 18:00:00,57.257211726247114,2.658025870947339,54.46421400108712
2013-12-05 19:00:00,56.467364635482944,2.6580266593687663,54.29106625397278
2013-12-05 20:00:00,51.068745155286415,2.6580272529778655,53.37492169875218
2013-12-05 21:00:00,40.05636609990255,2.6797441508193036,50.65580689952642
2013-12-05 22:00:00,0.037407608538013816,2.6580294707149426,44.503693585828046
2013-12-05 23:00:00,0.025145708768008618,2.6581676734171773,44.595013441779784
2013-12-06 00:00:00,0.02514617961308024,2.6580274176488374,44.27739691981192
2013-12-06 01:00:00,0.06690316915753287,2.683212509749198,44.282547360788925
2013-12-06 02:00:00,0.06627117446765804,2.6810405813933116,37.45521078412791
2013-12-06 03:00:00,0.025160662064989396,2.6580296540895385,37.779235314196185
2013-12-06 04:00:00,0.02514534859988773,2.658025597258179,35.328153838637135
2013-12-06 05:00:00,0.02514529981818149,2.6579153202235295,37.214443373793074
2013-12-06 06:00:00,0.02514546595416211,2.657412988652872,37.21434861038619
2013-12-06 07:00:00,0.02514524158374236,17.2805359385806,34.507419903944644
2013-12-06 08:00:00,0.025145262274843323,14.932243901025696,21.25742502025961
2013-12-06 09:00:00,0.02514525367722736,6.806794117318386,11.940694604043307
2013-12-06 10:00:00,0.025145283534382633,11.028654182520828,10.78843158434248
2013-12-06 11:00:00,0.02514524413196882,10.802227521829078,9.532585365471297
2013-12-06 12:00:00,0.025145263020922935,6.806688524231047,13.40939672066857
2013-12-06 13:00:00,0.025145240843617606,14.697038596147902,22.108639525203827
2013-12-06 14:00:00,0.025145286656488096,50.36160065504761,36.84259946184913
2013-12-06 15:00:00,0.025145338180360216,59.427965381929354,38.07544523562192
2013-12-06 16:00:00,0.02514536666756539,59.42796674003338,38.94285479223233
2013-12-06 17:00:00,0.02514546380712941,59.42796738809858,39.977151898264786
2013-12-06 18:00:00,0.025145692820508953,59.42796760646643,39.96980442082786
2013-12-06 19:00:00,0.025146712773403707,59.42796777507135,39.97081613397841
2013-12-06 20:00:00,0.025169874125243467,59.4279679006,45.01894422000243
2013-12-06 21:00:00,0.03618242563881064,59.427968359679134,45.15230484911904
2013-12-06 22:00:00,8.971779367416646,59.42796815205688,45.157526044802665
2013-12-06 23:00:00,49.97437931037496,59.42804843521727,45.15754242964071
2013-12-07 00:00:00,49.97439420491477,60.07258167493599,45.283175878482396
2013-12-07 01:00:00,49.974394439326446,63.11002047953995,45.875237876379394
2013-12-07 02:00:00,49.974396510716275,63.11002090153902,45.87523819711357
2013-12-07 03:00:00,56.35035029481472,63.110021175695074,46.34698745546529
2013-12-07 04:00:00,58.46662400540222,63.110021317301225,46.501870081214825
2013-12-07 05:00:00,59.464191750341044,63.11002198663976,46.50187076879224
2013-12-07 06:00:00,59.464191886634005,63.11002256626451,46.50187233900561
2013-12-07 07:00:00,59.464191958788696,63.11002208369169,46.20838132097613
2013-12-07 08:00:00,59.46419202924249,62.97599849387906,47.8810003133063
2013-12-07 09:00:00,59.4641921121729,62.38969894815016,53.749412044473054
2013-12-07 10:00:00,59.464192031363396,62.97813577073419,65.54123270077481
2013-12-07 11:00:00,59.464191940117274,62.61184832433027,65.47314153910865
2013-12-07 12:00:00,59.46419189616841,62.452100656090145,65.62792310586822
2013-12-07 13:00:00,59.464191915762825,62.449910071257804,67.81472937075434
2013-12-07 14:00:00,59.4641919301156,63.5462943227834,73.72912193297202
2013-12-07 15:00:00,59.46419196911732,69.95648797920167,88.7399997840623
2013-12-07 16:00:00,59.46419197060168,74.77928827739592,89.93745490266429
2013-12-07 17:00:00,59.46419193324667,75.70281411668067,90.34816793556078
2013-12-07 18:00:00,59.46419190911874,75.82167516852299,90.55694123637483
2013-12-07 19:00:00,59.46419188961136,75.83137208812343,90.54984409478226
2013-12-07 20:00:00,59.464191853213,75.20989364309189,90.66007294076032
2013-12-07 21:00:00,59.464191772782584,74.17861952020101,89.67161316839369
2013-12-07 22:00:00,57.78297777256972,70.10788160397945,90.26559622602872
2013-12-07 23:00:00,55.912617545211624,68.93707327215022,88.91716416194555
2013-12-08 00:00:00,51.05326073183796,63.11003114172428,84.5559497006808
2013-12-08 01:00:00,51.053254646866094,63.10998170745497,81.37150923580515
2013-12-08 02:00:00,51.05325438070274,59.47720274489891,78.58458175184865
2013-12-08 03:00:00,51.05325265617466,59.47715991410339,78.77272185585068
2013-12-08 04:00:00,51.05325261239895,59.47714875516746,79.03663564149441
2013-12-08 05:00:00,51.053252128149246,59.47715288915585,79.03812248625428
2013-12-08 06:00:00,51.0532513892591,59.4771422365535,77.42771352367566
2013-12-08 07:00:00,15.424578154249097,42.780901217943644,64.70089312406922
2013-12-08 08:00:00,8.971779944412535,30.843508764569698,45.38248357454212
2013-12-08 09:00:00,0.03618474797930996,17.282664315630207,37.463971606888
2013-12-08 10:00:00,0.03618488552099084,20.82730874974384,36.57289678460822
2013-12-08 11:00:00,0.025145605111738602,2.6580253070576627,32.7068406271095
2013-12-08 12:00:00,0.0251453042697983,2.6580249100079305,32.35582182411138
2013-12-08 13:00:00,0.025145252518274635,2.6580249045442605,33.396347225555864
2013-12-08 14:00:00,0.02514523599334944,2.658025267276353,41.38792781955621
2013-12-08 15:00:00,0.02514525766323311,2.658025115251296,43.42846663917996
2013-12-08 16:00:00,0.02514524796547872,2.6580246738791438,43.42846979105699
2013-12-08 17:00:00,0.025145241117056013,2.658024521393116,43.43521744303231
2013-12-08 18:00:00,0.025145238656789897,2.6580244561888593,43.43522273947471
2013-12-08 19:00:00,0.025145238906850102,2.6580243566933404,43.42858531427628
2013-12-08 20:00:00,0.025145235327620623,2.6580242312530533,43.43222357141353
2013-12-08 21:00:00,0.025145283208109014,2.658024300857978,43.43079703013302
2013-12-08 22:00:00,0.025145297319122763,2.658023981639787,48.864565732072606
2013-12-08 23:00:00,0.025145311018722562,2.658024137505561,52.70817129920939
2013-12-09 00:00:00,0.02514531340831469,2.658024450565551,52.70817327214907
2013-12-09 01:00:00,0.025145317066116488,2.6580246685416595,52.712920664969225
2013-12-09 02:00:00,0.025145330128794986,2.664824587028664,52.789601973325425
2013-12-09 03:00:00,0.025145517966776346,2.6687141034772206,52.98860891609065
2013-12-09 04:00:00,0.025145531641311652,11.307782702228007,54.07628487813762
2013-12-09 05:00:00,0.025145643912946946,16.339255080659758,56.967691439774704
2013-12-09 06:00:00,0.02515546333330537,51.730077984503055,62.18284563603449
2013-12-09 07:00:00,8.971777801646667,52.16225552459878,61.14665545679724
2013-12-09 08:00:00,15.499524720123155,52.162260925721895,52.851199497686224
2013-12-09 09:00:00,15.269874972305232,52.162260199760546,43.62039320154991
2013-12-09 10:00:00,38.60129025657037,52.16226726070734,55.20529625024382
2013-12-09 11:00:00,45.75362116097233,52.17300519799809,59.50508146707107
2013-12-09 12:00:00,52.01259768843468,57.1204180725301,64.44108018050778
2013-12-09 13:00:00,57.45419673484561,63.110020800663605,73.17014671475587
2013-12-09 14:00:00,59.464191397204615,67.31623093292994,83.44949994567381
2013-12-09 15:00:00,59.46419175967911,94.03957275279406,111.36433328530829
2013-12-09 16:00:00,59.46419176850179,113.16461315654082,127.62461283347156
2013-12-09 17:00:00,59.46419179353788,114.8933011520001,129.40013816139665
2013-12-09 18:00:00,59.464191810180765,117.58673969883523,130.94007023917032
2013-12-09 19:00:00,59.464191810473686,118.44748082051538,131.701902992252
2013-12-09 20:00:00,59.46419182192464,118.93139601203383,131.9828505313542
2013-12-09 21:00:00,59.464191837659264,119.47823290915827,132.14949188530807
2013-12-09 22:00:00,59.464192077771195,119.47824502278664,132.14949534002847
2013-12-09 23:00:00,59.4641920963589,119.4782383687539,132.70573362489728
2013-12-10 00:00:00,59.464191947580666,119.47823374478955,134.18602277785888
2013-12-10 01:00:00,59.464191884595365,118.68417952251497,133.7796370940279
2013-12-10 02:00:00,59.46419185840434,118.20747299075121,133.59855059891404
2013-12-10 03:00:00,59.46419182066727,118.12493345270283,133.71507353859496
2013-12-10 04:00:00,59.46419181081444,118.32510994776608,133.79085104283317
2013-12-10 05:00:00,59.46419180366262,119.4782305205001,134.2272724803558
2013-12-10 06:00:00,59.46419180512423,119.47823705582854,134.57836684350085
2013-12-10 07:00:00,59.46419180938963,83.4394009408759,126.82413311048883
2013-12-10 08:00:00,59.464191791422415,74.40299020868993,109.8626600103011
2013-12-10 09:00:00,59.46419130926068,67.2460706552229,99.6834489180916
2013-12-10 10:00:00,59.464190593681764,65.8468979853799,88.72232194353843
2013-12-10 11:00:00,59.464190594822455,68.06375426787008,96.56864553227807
2013-12-10 12:00:00,59.4641906094194,68.06375653755502,105.26946102449617
2013-12-10 13:00:00,59.4641910402689,68.22771505597453,112.41203620742704
2013-12-10 14:00:00,59.4641917700916,73.45500474454323,139.40085493093468
2013-12-10 15:00:00,59.46419184354533,140.64650759090904,149.69853159896084
2013-12-10 16:00:00,59.46419185011174,140.15002879275178,149.18525381867144
2013-12-10 17:00:00,59.46419183235674,140.12918994818597,148.87931526121432
2013-12-10 18:00:00,59.46419183960978,135.6015620070386,146.0482095119626
2013-12-10 19:00:00,59.46419183209072,135.60155748994376,146.0477073431852
2013-12-10 20:00:00,59.464191820162696,135.60066207770822,146.04721052207415
2013-12-10 21:00:00,59.46419180828266,135.6006587314294,146.04711632023296
2013-12-10 22:00:00,59.46419183715664,135.60110357135494,146.04770951673885
2013-12-10 23:00:00,59.46419183966116,135.6006690080582,146.04771041900088
2013-12-11 00:00:00,59.46419187103589,135.6006633365491,146.04776359886827
2013-12-11 01:00:00,59.46419192321817,135.60066247173518,146.7430354419052
2013-12-11 02:00:00,59.464192309108945,135.600662406792,148.4866316401854
2013-12-11 03:00:00,60.51418764159,135.60066289823365,149.1849975994309
2013-12-11 04:00:00,65.72770034329368,135.60066355261233,149.64418954832564
2013-12-11 05:00:00,66.64711116166934,135.60066399117076,150.16699628650258
2013-12-11 06:00:00,67.57921174495274,135.60069471941193,151.55231506944634
2013-12-11 07:00:00,68.52434732546634,79.63538747875411,152.98219509483798
2013-12-11 08:00:00,67.92748678706816,74.56245380396835,145.57409574504274
2013-12-11 09:00:00,59.46419206808062,64.98250414556135,145.61172279202765
2013-12-11 10:00:00,59.464191964968514,64.98250047507729,144.78855244418344
2013-12-11 11:00:00,59.46419187122386,64.98249361230152,144.4329590488134
2013-12-11 12:00:00,59.464191841770955,64.98250246894524,145.67688428786497
2013-12-11 13:00:00,59.46419188589795,64.98250411757111,147.94901949639078
2013-12-11 14:00:00,59.464192069710094,67.79133839440638,157.78460585741936
2013-12-11 15:00:00,59.46419246549103,108.25300562447731,158.14340035223577
2013-12-11 16:00:00,59.4641921507148,106.30030847995263,157.66869499683045
2013-12-11 17:00:00,59.4641919384837,104.58848977383724,156.96205099270165
2013-12-11 18:00:00,59.46419188826088,103.80801052334333,156.34976285295588
2013-12-11 19:00:00,59.464191816047546,103.42353399896659,156.00491177049346
2013-12-11 20:00:00,59.46419175747719,102.67575202530118,155.72889625585907
2013-12-11 21:00:00,59.464191682338196,100.45113349396023,155.50442229756513
2013-12-11 22:00:00,59.464191695700535,100.16040778162683,156.14986374350235
2013-12-11 23:00:00,59.46419165010932,97.95971671154832,155.50441037594155
2013-12-12 00:00:00,59.46419163235519,94.61918363529269,154.24377062034154
2013-12-12 01:00:00,59.464191625620906,94.6191874222993,154.2437799366458
2013-12-12 02:00:00,59.46419161374679,94.61918033290824,154.23805110777158
2013-12-12 03:00:00,59.46419159114332,94.61918039487054,154.24377672732786
2013-12-12 04:00:00,59.46419158002786,94.61917836783249,153.93211111417844
2013-12-12 05:00:00,59.464191547211634,94.61917771436173,153.72083004474675
2013-12-12 06:00:00,59.46419149693235,94.6191779329449,153.62773699796617
2013-12-12 07:00:00,59.46419141890946,82.57025703448055,139.35167274221604
2013-12-12 08:00:00,59.46419132899518,81.42349398279997,126.48017902030412
2013-12-12 09:00:00,59.46418903150093,72.43141810907244,113.48412400138363
2013-12-12 10:00:00,59.464191369292806,89.68964916394144,125.93320903324809
2013-12-12 11:00:00,59.46419091591682,71.87851015364568,111.49247309190454
2013-12-12 12:00:00,59.46419100587734,72.30144263858283,112.35622604990648
2013-12-12 13:00:00,59.46419122731612,77.29322190574688,118.14460370989163
2013-12-12 14:00:00,59.46419134275567,89.68958759677712,122.85913447058978
2013-12-12 15:00:00,59.46419133609362,95.71219880342761,123.79413803993509
2013-12-12 16:00:00,59.464191304546745,89.68183845804867,110.88086798979218
2013-12-12 17:00:00,59.46419128071443,89.67964148825395,110.89272763526826
2013-12-12 18:00:00,59.464191257052455,89.6796406037968,107.64288071265666
2013-12-12 19:00:00,59.464191245695844,89.62269082528775,103.59484716575749
2013-12-12 20:00:00,59.464191225435435,89.68968565132724,103.43407321609112
2013-12-12 21:00:00,59.464191189758665,89.68192095871952,103.38505919293523
2013-12-12 22:00:00,59.464191287581386,89.68971068673827,103.43407678675578
2013-12-12 23:00:00,59.46419125151689,89.68968833666902,103.43400921003769
2013-12-13 00:00:00,59.46419127352706,89.68968950631125,103.43399519203152
2013-12-13 01:00:00,59.46419129670659,89.68969081139578,103.43399182212893
2013-12-13 02:00:00,59.46419130606257,89.68970573824512,103.43407314759719
2013-12-13 03:00:00,59.464191316352625,89.70036897501328,103.4366176902547
2013-12-13 04:00:00,59.464191304195424,92.38769716674216,120.664077406375
2013-12-13 05:00:00,59.46419128991907,95.71218979019606,124.19790607559545
2013-12-13 06:00:00,59.46419127912584,96.62325353242795,126.61815466569323
2013-12-13 07:00:00,59.46419125906948,86.76236079963464,133.1162623883417
2013-12-13 08:00:00,59.46419118642027,76.60413219342236,117.43803891276389
2013-12-13 09:00:00,59.46419100531767,70.75535284579341,108.2870060944806
2013-12-13 10:00:00,59.46419088579295,65.71905122068243,109.4714054740897
2013-12-13 11:00:00,59.46419043374024,65.71892844416499,111.63333710647215
2013-12-13 12:00:00,59.46419039027848,69.8696654635492,113.39440162423489
2013-12-13 13:00:00,59.46419089302487,70.75535201874158,122.06207496929962
2013-12-13 14:00:00,59.46419094372242,74.47561673838209,134.1952034379158
2013-12-13 15:00:00,59.46419095072426,86.76235827510015,137.23604079492023
2013-12-13 16:00:00,59.46419092579037,86.7623486656915,136.3568547199472
2013-12-13 17:00:00,59.46419088869902,83.86146932410483,135.71802980860457
2013-12-13 18:00:00,59.464190835513385,77.62472698989278,134.83973048674707
2013-12-13 19:00:00,59.464190754635005,78.1163665043399,134.43113294380967
2013-12-13 20:00:00,59.46419068154229,70.75535402705712,129.70012569992178
2013-12-13 21:00:00,59.46419057837953,69.82835416521375,127.93518271172204
2013-12-13 22:00:00,59.46419062896001,69.58097877096408,127.4165425464271
2013-12-13 23:00:00,59.464190472179745,69.59156353219828,127.33734874027304
2013-12-14 00:00:00,59.46419025540206,69.59152685938294,126.8661085893471
2013-12-14 01:00:00,59.46419026902658,69.59156858247117,126.86610712365375
2013-12-14 02:00:00,59.46419045597908,69.88208444633166,124.70222683957883
2013-12-14 03:00:00,59.464190597055,65.94719860381906,111.51485383864546
2013-12-14 04:00:00,59.46419062769959,66.1240004020289,112.74253830940883
2013-12-14 05:00:00,59.46419062011119,68.28878749042211,113.13904870765202
2013-12-14 06:00:00,59.46419061418533,69.6800007914022,116.00405732723152
2013-12-14 07:00:00,53.389321331697026,45.17370172573189,93.8391866059613
2013-12-14 08:00:00,53.389321312554635,45.1736741150746,81.04781325709105
2013-12-14 09:00:00,53.38932076805431,37.068541006468514,79.66751413568133
2013-12-14 10:00:00,53.38932112994648,37.068557423273575,79.24407345066676
2013-12-14 11:00:00,53.38931375163826,37.068539570761395,79.24454879475815
2013-12-14 12:00:00,51.20999535546253,37.06853903479203,80.11717710656234
2013-12-14 13:00:00,52.0125368907686,37.06853824153664,82.88948100489087
2013-12-14 14:00:00,52.653006541704556,37.07090864730173,86.24154747061057
2013-12-14 15:00:00,53.38932106990681,45.17370252819579,86.65116947966284
2013-12-14 16:00:00,53.38932084914784,45.17370239917834,87.21013543611451
2013-12-14 17:00:00,49.65113662771333,45.17370003616855,87.37270138857923
2013-12-14 18:00:00,8.971779827617297,26.043404030364147,86.3955077779823
2013-12-14 19:00:00,0.025146052545242346,14.923597718133003,84.76195070311385
2013-12-14 20:00:00,0.025145392850429386,3.9128743482442356,76.2797425135646
2013-12-14 21:00:00,0.025145306043172274,2.658023643929504,59.86874672800602
2013-12-14 22:00:00,0.02514521579424278,2.65742156615187,59.86242415897525
2013-12-14 23:00:00,0.02514520680555266,2.657412163888728,59.862410031006426
2013-12-15 00:00:00,0.0251452042605447,2.657411126895119,59.861894711572475
2013-12-15 01:00:00,0.025145202453271218,2.6574112323094936,59.858811716601224
2013-12-15 02:00:00,0.0251452005281359,2.6574117078817867,59.858806862831834
2013-12-15 03:00:00,0.02514520302083515,2.6574115876101234,49.596409541094424
2013-12-15 04:00:00,0.025145207257425858,2.657414173978663,47.283970621377534
2013-12-15 05:00:00,0.025145204148375618,2.657417659307744,47.28396811472515
2013-12-15 06:00:00,0.02514524142095321,16.808543628289684,47.38925450315656
2013-12-15 07:00:00,0.025145305365188882,14.256113887580685,39.53097569694351
2013-12-15 08:00:00,0.02514539973289608,14.249310841654175,31.5125519294415
2013-12-15 09:00:00,0.025145353284053255,2.659298852923588,23.730445139401702
2013-12-15 10:00:00,0.037378422671772306,2.658025341032583,20.01273456480422
2013-12-15 11:00:00,0.03737841403068776,2.658026373264099,17.520542352678873
2013-12-15 12:00:00,8.971778067569462,11.993974412020766,28.749008860809717
2013-12-15 13:00:00,13.327934325252013,16.548685156476882,36.772671867711416
2013-12-15 14:00:00,13.190990355322537,16.40549649575752,43.94441029486834
2013-12-15 15:00:00,13.066599510387752,21.386657823902624,50.74010159009313
2013-12-15 16:00:00,4.178092883371271,10.75770118727895,46.449297345367484
2013-12-15 17:00:00,0.025148565644476387,2.6580255483431303,43.192717968182805
2013-12-15 18:00:00,0.025145471183930387,2.6580246244794377,43.470171966800194
2013-12-15 19:00:00,0.02514528568481193,2.6580244487249414,42.559989920309434
2013-12-15 20:00:00,0.02514525494433549,2.658024216662943,42.750138707892745
2013-12-15 21:00:00,0.025145237158830644,2.658023597976778,42.74221386267136
2013-12-15 22:00:00,0.025145222038841505,2.658019443881856,42.55728216177789
2013-12-15 23:00:00,0.02514522232970231,2.6579985709795864,40.301603561707445
2013-12-16 00:00:00,0.025145224551099594,2.6580079769680616,39.6683246945256
2013-12-16 01:00:00,0.02514522076214995,2.6579988131524335,39.66831823171375
2013-12-16 02:00:00,0.025145218278580097,2.6579888170567956,39.66831427392871
2013-12-16 03:00:00,0.025145216000726466,2.657985653219518,39.668314130330224
2013-12-16 04:00:00,0.025145217613236827,2.6579835894292927,39.668313958490884
2013-12-16 05:00:00,0.025145223032910852,2.657985067352632,39.66831386138008
2013-12-16 06:00:00,0.02514522150856766,2.6579868974039114,39.6683130260978
2013-12-16 07:00:00,0.025145205385892485,2.6579861203124313,28.38376850880657
2013-12-16 08:00:00,0.025145205857886165,2.65741454482601,14.54799951111756
2013-12-16 09:00:00,0.025145121900535947,2.645881243888453,5.586165891342811
2013-12-16 10:00:00,0.025145099828995453,2.65802394689522,5.474844850843209
2013-12-16 11:00:00,0.025145121658661104,2.645123575010871,5.382616104032091
2013-12-16 12:00:00,0.025145103856534096,2.657938007072496,5.579202690587006
2013-12-16 13:00:00,0.025145198647114193,6.774500310557995,7.728817539811558
2013-12-16 14:00:00,0.025145352759026938,12.377399926586818,30.322073313842225
2013-12-16 15:00:00,0.025145648467658925,40.5533264272017,47.15185262031542
2013-12-16 16:00:00,0.02514552518811218,40.553467865962055,47.15188033932278
2013-12-16 17:00:00,0.025146731572549007,36.817782949733036,46.423715747426954
2013-12-16 18:00:00,8.971778077844203,40.960695685303186,47.23125673951299
2013-12-16 19:00:00,49.81258576039719,56.568352567544025,50.27352476319678
2013-12-16 20:00:00,58.84084580600092,60.956413991833884,51.57338680634265
2013-12-16 21:00:00,59.46418998950021,61.41813967516522,53.6499567801022
2013-12-16 22:00:00,59.464190377411136,61.57021302517888,74.16708109452169
2013-12-16 23:00:00,59.46419041171569,61.59896375730556,74.68340514067144
2013-12-17 00:00:00,59.464190434031885,61.73985206878474,77.30538585064947
2013-12-17 01:00:00,59.46419042269125,61.79100247601926,77.62920729856612
2013-12-17 02:00:00,59.46419042102155,61.68208331723355,77.34930870181259
2013-12-17 03:00:00,59.464190399630375,61.64583800170111,77.37763589585616
2013-12-17 04:00:00,59.46419039134879,61.64587235146726,77.3776438088164
2013-12-17 05:00:00,59.464190418418305,62.02630901271062,77.09722816211935
2013-12-17 06:00:00,59.464190701618705,64.65996967301342,77.13586706188961
2013-12-17 07:00:00,60.54737779493822,67.13967512335215,77.1310995097295
2013-12-17 08:00:00,60.54737869693679,64.65996832992306,69.27989002965798
2013-12-17 09:00:00,60.368406568082655,61.418142340345376,65.92803247421611
2013-12-17 10:00:00,60.547365138378154,61.435474239880904,65.47485598861375
2013-12-17 11:00:00,60.54736727001574,61.997645955967606,65.9139230084296
2013-12-17 12:00:00,64.66548319647349,64.65997891661418,70.42412276612953
2013-12-17 13:00:00,76.15641702528902,76.38648835654024,77.36735016653068
2013-12-17 14:00:00,134.92627364705334,135.15255846854026,139.16397326403947
2013-12-17 15:00:00,137.8660469386974,135.15256667123674,160.57118939457118
2013-12-17 16:00:00,137.86604734125086,135.15256652092228,160.97526652048404
2013-12-17 17:00:00,137.86604711458145,135.15256629179055,160.92091220470996
2013-12-17 18:00:00,137.8660469840141,135.15255968960471,160.96749342352481
2013-12-17 19:00:00,137.86604654282422,134.61459683964077,161.37066913495892
2013-12-17 20:00:00,137.86604593302349,134.6143754690338,161.4025584175185
2013-12-17 21:00:00,80.36891663518271,96.08780443394086,161.454490226471
2013-12-17 22:00:00,59.46419069489982,66.85817071673056,161.11326022387527
2013-12-17 23:00:00,59.46419035014728,66.85802167475084,161.11313157254483
2013-12-18 00:00:00,59.46419027478825,62.92581294149351,149.4486607629595
2013-12-18 01:00:00,59.46419019997767,65.38522842539777,144.08385719070407
2013-12-18 02:00:00,59.46419004591569,65.45592381938704,143.77074254436184
2013-12-18 03:00:00,58.84084754257008,62.061111414534615,120.88475411082581
2013-12-18 04:00:00,57.29124577356781,61.41814013522435,118.25049958840059
2013-12-18 05:00:00,56.24139855946109,61.41813883477092,117.9211740111244
2013-12-18 06:00:00,9.276631201667133,37.91932181885224,110.39459380370117
2013-12-18 07:00:00,4.953220384229228,34.58838544080674,91.71192403882745
2013-12-18 08:00:00,3.0286097629829927,34.5883868257503,79.13430514756328
2013-12-18 09:00:00,0.03737955971520477,29.381715310995574,70.62044649992573
2013-12-18 10:00:00,16.314583600647595,34.58837485576756,68.83114403284323
2013-12-18 11:00:00,8.971778057311615,27.259420784376033,68.69485434116966
2013-12-18 12:00:00,0.7446108821570165,23.31529185448224,69.71213558495585
2013-12-18 13:00:00,8.971778189166233,24.680450360924578,80.8742713322352
2013-12-18 14:00:00,16.318367375890542,29.37941404664228,88.54449598904716
2013-12-18 15:00:00,20.194259171587785,30.223977728389762,90.3192974834401
2013-12-18 16:00:00,16.337290013979825,22.64761238851474,86.03748582203666
2013-12-18 17:00:00,0.037384488603932856,13.997652113580148,83.86096064986276
2013-12-18 18:00:00,0.02514584952175225,10.25059238928175,81.64680607465898
2013-12-18 19:00:00,0.025145426589698167,2.658024924244508,69.78890484325474
2013-12-18 20:00:00,0.025145334848692767,2.6580243878926435,69.78337313661396
2013-12-18 21:00:00,0.02514528940942666,2.657415712724191,69.24975390148016
2013-12-18 22:00:00,0.02514526859290291,2.657411934068151,64.83400131513345
2013-12-18 23:00:00,0.025145250011322097,2.657411474737509,64.77383427132959
2013-12-19 00:00:00,0.025145204701692937,2.6574111614643616,64.77373217885635
2013-12-19 01:00:00,0.025145198218809405,2.6574110693964914,61.101933413657775
2013-12-19 02:00:00,0.02514519644629331,2.657411027747489,54.489059529505454
2013-12-19 03:00:00,0.025145195608282107,2.6574110112412193,54.48895476707296
2013-12-19 04:00:00,0.025145195352465722,2.6574110751925057,54.48895651453648
2013-12-19 05:00:00,0.02514519611881158,2.6574112890326154,54.488953404677055
2013-12-19 06:00:00,0.02514520244057743,2.657411427989409,54.48894728417355
2013-12-19 07:00:00,0.025145256097236328,2.657412376995565,54.48893868035905
2013-12-19 08:00:00,0.025145417521339114,11.307781034054699,51.04037996935124
2013-12-19 09:00:00,0.025145355547331494,2.6574120860703796,48.688162851482005
2013-12-19 10:00:00,0.02807871596809394,2.658024667441341,43.442316833256555
2013-12-19 11:00:00,0.028074896460966475,2.6580238919393016,43.93825943144249
2013-12-19 12:00:00,0.02515326391885183,2.6592976658550525,43.9842060067184
2013-12-19 13:00:00,8.556987426116319,11.56027551086079,51.61054032918282
2013-12-19 14:00:00,43.067507453029975,52.527384088410265,79.1720187465039
2013-12-19 15:00:00,53.19453438421042,61.288386897602905,89.25918247141136
2013-12-19 16:00:00,53.194534506281606,61.72727555455244,89.83623565213573
2013-12-19 17:00:00,53.19453452349506,61.64428572844643,89.81920641218507
2013-12-19 18:00:00,53.19453445281925,61.55995325472333,89.80190351169202
2013-12-19 19:00:00,53.194534413610874,60.96403137832077,89.72643532986041
2013-12-19 20:00:00,53.194534180337506,60.671613095778895,91.14976312289765
2013-12-19 21:00:00,53.19453333828488,60.7201513289791,91.1464870596365
2013-12-19 22:00:00,49.65113546248203,58.999989536092635,90.68016066673911
2013-12-19 23:00:00,43.067507582920385,55.621929245173206,90.34623416391015
2013-12-20 00:00:00,40.0071510542399,52.5274088690368,89.35191910108674
2013-12-20 01:00:00,37.33744822550649,52.527392696527556,89.35192619688877
2013-12-20 02:00:00,37.33746016318344,52.52739089322973,89.36902603921203
2013-12-20 03:00:00,37.33740925947266,52.527389549088326,89.36910987394413
2013-12-20 04:00:00,37.33739117774333,52.52738809894421,89.27805972285226
2013-12-20 05:00:00,37.337482766094155,52.527401269232726,87.74573346932192
2013-12-20 06:00:00,43.06745641225404,53.543446170698594,88.94129990498323
2013-12-20 07:00:00,8.971782882304197,24.858759114258152,76.58659583521313
2013-12-20 08:00:00,0.3695597774331972,19.031865676139986,69.74980339771783
2013-12-20 09:00:00,0.025145639853554294,2.6580249436098904,63.407528318950675
2013-12-20 10:00:00,0.025145680868348414,2.658024846541405,63.438126816656805
2013-12-20 11:00:00,0.025145331541633818,2.658024454527247,58.768719147833615
2013-12-20 12:00:00,0.025145262666500048,2.658024445565437,55.990076769583105
2013-12-20 13:00:00,0.02514523782554555,2.658024641319763,59.79849497415688
2013-12-20 14:00:00,0.025145302219096402,2.658025000460354,58.70798794670169
2013-12-20 15:00:00,0.025145476154547097,2.6687433846992534,56.589782452369846
2013-12-20 16:00:00,0.02514541385664354,2.668405212868281,54.074915612990814
2013-12-20 17:00:00,0.02514531443432097,2.658027551916548,54.33151922951287
2013-12-20 18:00:00,0.025145289696276624,2.6580253046395965,54.331514409618094
2013-12-20 19:00:00,0.025145283300291883,2.6580242987140887,54.329496787544564
2013-12-20 20:00:00,0.025145245019957845,2.658022849376214,54.32949580298753
2013-12-20 21:00:00,0.02514521621446855,2.657420978856392,54.329279447751766
2013-12-20 22:00:00,0.025145205531217484,2.657411824224436,54.32927352130048
2013-12-20 23:00:00,0.025145201433714248,2.657411245466749,54.32927342075968
2013-12-21 00:00:00,0.02514520052942642,2.657411143613506,54.3292733269167
2013-12-21 01:00:00,0.025145201324248908,2.657411085399902,54.32927323263096
2013-12-21 02:00:00,0.025145200909911358,2.6574110259351404,54.329273082087944
2013-12-21 03:00:00,0.02514520016670138,2.6574110545270218,54.32927282214683
2013-12-21 04:00:00,0.025145198430582168,2.657411135216366,54.32927224522451
2013-12-21 05:00:00,0.02514519724653552,2.6574111755040493,54.32927122419916
2013-12-21 06:00:00,0.02514520076367232,2.6574110369734614,54.32385131394208
2013-12-21 07:00:00,0.0251451975595668,2.6574109731113436,33.933987678883355
2013-12-21 08:00:00,0.025145204653700577,2.6574102581391386,27.88349155420471
2013-12-21 09:00:00,0.02514520087274451,2.6495173501196665,26.283639326569357
2013-12-21 10:00:00,0.025145146417957964,2.64951389542893,21.7630252666098
2013-12-21 11:00:00,0.025145128419734278,2.649511978259218,12.252809691100996
2013-12-21 12:00:00,0.02514513416871788,2.649516517321236,21.950214688677356
2013-12-21 13:00:00,0.02514515161028509,2.657409577743885,26.953953750051326
2013-12-21 14:00:00,0.02514514773707335,2.6574102885744875,28.472690427003037
2013-12-21 15:00:00,0.025145159293189917,2.6574106595752265,29.443855629016994
2013-12-21 16:00:00,0.025145174354118408,2.6574105249417714,29.443855830453238
2013-12-21 17:00:00,0.025145207235724477,2.657410492869636,29.44385528734101
2013-12-21 18:00:00,0.025145201905019298,2.65741043491225,29.44385419583695
2013-12-21 19:00:00,0.025145202258090384,2.6574102815127127,29.443853929086252
2013-12-21 20:00:00,0.02514520206777211,2.657410020661582,29.443853453319768
2013-12-21 21:00:00,0.025145281095442513,2.657409627003585,29.443851527155452
2013-12-21 22:00:00,0.02514520605585636,2.657409577361483,29.443850532375002
2013-12-21 23:00:00,0.025145208667980194,2.657409402339257,29.44384936868986
2013-12-22 00:00:00,0.025145207092405003,2.657409213093466,29.443847750852456
2013-12-22 01:00:00,0.025145208927032973,2.6574091788769323,29.44384762469845
2013-12-22 02:00:00,0.025145209978394218,2.6574094458925877,29.443847523758464
2013-12-22 03:00:00,0.02514521168743879,2.6574098100645847,29.443847581698158
2013-12-22 04:00:00,0.02514521444043484,2.6574101171512012,29.443847859763565
2013-12-22 05:00:00,0.0251452160997192,2.6574103519770342,29.443847648384832
2013-12-22 06:00:00,0.025145219871868452,2.6574103252692556,29.43770141495189
2013-12-22 07:00:00,0.02514521300410159,2.6574104958691147,27.446227460814477
2013-12-22 08:00:00,0.02514521392018424,2.657410050289419,22.936694625080094
2013-12-22 09:00:00,0.02514516844588332,2.649515296875003,22.22177330090512
2013-12-22 10:00:00,0.025145160612385864,2.6495117833698276,8.159628388170423
2013-12-22 11:00:00,0.025145134991122798,2.6495095759336937,8.125430010518315
2013-12-22 12:00:00,0.0251451450845865,2.649511700787129,18.642397884703527
2013-12-22 13:00:00,0.02514516285628414,2.64951382392181,20.9816210753809
2013-12-22 14:00:00,0.025145194954262144,2.6574093664227747,23.537578307038558
2013-12-22 15:00:00,0.02514520784338671,2.6574096580690143,24.301184801777737
2013-12-22 16:00:00,0.025145217173080034,2.6574092153255893,24.301191666447266
2013-12-22 17:00:00,0.0251452338979393,2.6574090166510134,24.30375553475308
2013-12-22 18:00:00,0.025145248977821028,2.657409278910688,24.303755455265296
2013-12-22 19:00:00,0.025145262327808626,2.6574092469380135,24.303755260415507
2013-12-22 20:00:00,0.025145259519644265,2.657409726157346,24.303755044881314
2013-12-22 21:00:00,0.025145241155419374,2.6574103826793425,24.303746648140596
2013-12-22 22:00:00,0.025145271661495414,2.6574112666322858,24.30374621106948
2013-12-22 23:00:00,0.025145275948688192,2.6574119892005634,24.303746906259015
2013-12-23 00:00:00,0.025145282226301767,2.657411760120475,24.303746894686007
2013-12-23 01:00:00,0.025145311434259257,2.657411886576059,24.30374650654376
2013-12-23 02:00:00,0.025145382968592284,2.657417952190111,24.303747914846177
2013-12-23 03:00:00,0.02514549794020529,2.6580240255967094,24.303864186903056
2013-12-23 04:00:00,0.025146027561276305,2.658024356528941,24.303866714539367
2013-12-23 05:00:00,0.02514698943162904,2.658024697463111,24.303872850512406
2013-12-23 06:00:00,0.02514686279051019,2.658024779975841,24.306272840389568
2013-12-23 07:00:00,0.025145495461509466,2.658025250904686,21.873419364779053
2013-12-23 08:00:00,0.02514540422375693,2.658024684312544,18.915539698869466
2013-12-23 09:00:00,0.02514520596451205,2.6574129584904584,9.722646774625632
2013-12-23 10:00:00,0.025145153607573155,2.6456119271771352,6.465439962885089
2013-12-23 11:00:00,0.0251451641884897,2.6457401938595284,6.202668146448715
2013-12-23 12:00:00,0.025145155906589025,2.645817880029905,6.015121678558712
2013-12-23 13:00:00,0.025145194184088154,2.657407487662348,5.831756193504978
2013-12-23 14:00:00,0.025145193828191977,2.6574100263247615,17.742754331933497
2013-12-23 15:00:00,0.02514522512286129,2.657410758191956,20.589976051299708
2013-12-23 16:00:00,1.5128470805949135,2.6592875486383183,20.585349809484054
2013-12-23 17:00:00,4.511428490722767,2.6592879533338625,20.74275265469718
2013-12-23 18:00:00,16.794201593870934,2.6580267196210934,22.98647311321627
2013-12-23 19:00:00,19.096732612962963,8.020621953682896,25.657247423600424
2013-12-23 20:00:00,19.468737641619462,7.869786104974591,25.93582749500255
2013-12-23 21:00:00,16.789004801737995,10.871813545706889,25.38458954923881
2013-12-23 22:00:00,0.02514603555379648,2.6580245480950544,20.586469792447595
2013-12-23 23:00:00,0.025145327120788624,2.657411684473604,20.566702512027845
2013-12-24 00:00:00,0.028079963261564395,2.658024789891936,20.490999159192533
2013-12-24 01:00:00,4.610591381161605,2.6696862458095603,20.591967862443425
2013-12-24 02:00:00,16.825372275542065,11.56000069118874,23.95669866980817
2013-12-24 03:00:00,16.829275092891532,11.366139027777734,23.988682871313188
2013-12-24 04:00:00,16.833176380572056,11.36612840238228,23.991995401433016
2013-12-24 05:00:00,17.06754434763623,11.366790651704548,25.537012350883778
2013-12-24 06:00:00,16.840979791354563,11.52976501128694,25.511886992139054
2013-12-24 07:00:00,8.971786420292025,11.215036651402109,21.312403876887444
2013-12-24 08:00:00,0.03665029083803445,2.658024156178905,15.591262575270878
2013-12-24 09:00:00,0.025145389331219948,2.6454733640163703,6.571187157633102
2013-12-24 10:00:00,0.025145145779833754,2.649502632837622,5.580572149341891
2013-12-24 11:00:00,0.025145151944451428,2.6494941986985543,5.5762429249794945
2013-12-24 12:00:00,0.02514515352458764,2.6494928333129297,5.574754865998634
2013-12-24 13:00:00,0.02514521511351733,2.65734583812166,9.767909105936175
2013-12-24 14:00:00,0.025145203175493014,2.657410133707075,20.275597837250807
2013-12-24 15:00:00,0.025145199623747647,2.6574106975862106,25.919051684877417
2013-12-24 16:00:00,0.025145200637016533,2.6574108534566325,25.90984166691689
2013-12-24 17:00:00,0.02514521506618843,2.6574110760428837,25.86244604242814
2013-12-24 18:00:00,0.025145322464155608,2.657411271794617,25.926992344331374
2013-12-24 19:00:00,0.025147467473917186,2.6574126641086995,25.92699289367959
2013-12-24 20:00:00,0.02807664214267431,2.6580240543883296,25.95139912948183
2013-12-24 21:00:00,0.0345550805268799,2.6580255334126566,25.921611748676533
2013-12-24 22:00:00,0.035997406873115874,2.6580253725903815,25.993491804157713
2013-12-24 23:00:00,0.03618425249681675,2.658025917227762,25.993551759127293
2013-12-25 00:00:00,0.03738088832233882,2.658025720063764,25.993950597660465
2013-12-25 01:00:00,0.0373796676984504,2.658025696749833,25.99401307901128
2013-12-25 02:00:00,0.03617739959130918,2.658025735692164,26.066183698069707
2013-12-25 03:00:00,0.03669027318521904,2.658026884016189,26.066315735755204
2013-12-25 04:00:00,0.03666756307207514,2.6673141111154632,26.13724422640977
2013-12-25 05:00:00,0.03409417956745587,2.664540970723599,26.22114672184872
2013-12-25 06:00:00,0.02514652972154252,2.6697100063710653,26.23265571661628
2013-12-25 07:00:00,0.02514584792658482,8.089265105717978,27.533203319089452
2013-12-25 08:00:00,0.02515541773546626,10.526825081973325,27.54398570844137
2013-12-25 09:00:00,0.025145310782736865,8.54562080030786,26.856619358971862
2013-12-25 10:00:00,0.025145670931556195,8.22798446028222,27.230088469616753
2013-12-25 11:00:00,0.036680791567102175,11.888769754919775,27.992720545565767
2013-12-25 12:00:00,0.036691006976569226,28.506452814288785,38.439340924765624
2013-12-25 13:00:00,8.304304943398211,50.98262463001246,54.59075051245855
2013-12-25 14:00:00,16.966355460802895,61.418138910407116,65.85993284273562
2013-12-25 15:00:00,58.84084475958964,61.737645039857824,73.04580929379792
2013-12-25 16:00:00,59.464186496281926,62.208832814430004,73.01504863954136
2013-12-25 17:00:00,59.464188292803335,62.27047927284606,73.7188682903941
2013-12-25 18:00:00,59.46418948497631,62.10757092588862,76.53966226748707
2013-12-25 19:00:00,59.4641896478063,62.73039372238752,77.78155119606315
2013-12-25 20:00:00,59.4641897176854,64.58082018316892,78.07391472001177
2013-12-25 21:00:00,59.46418976226905,66.53781656917091,78.43186363542388
2013-12-25 22:00:00,59.46418978224645,66.5378203748263,80.387580712472
2013-12-25 23:00:00,59.46418986958902,67.69374870404006,81.52193737892333
2013-12-26 00:00:00,59.46421229028547,72.33238343644692,80.96501037473554
2013-12-26 01:00:00,68.82427132297131,75.95637069117696,81.30882898177168
2013-12-26 02:00:00,72.39888677626422,78.31208409243872,81.45667340424602
2013-12-26 03:00:00,73.3539157114632,79.31064694692105,82.07881768333529
2013-12-26 04:00:00,73.43734996609106,80.69802418822862,82.92700797866783
2013-12-26 05:00:00,73.43735037286662,81.55552717484582,83.67180268664968
2013-12-26 06:00:00,73.43735031508533,81.55552977662603,84.3595891394964
2013-12-26 07:00:00,70.99885495839096,81.55552819430063,85.06631602899851
2013-12-26 08:00:00,70.9988549782942,80.49493470824362,83.83477668044469
2013-12-26 09:00:00,67.57732366797673,66.5378208341011,79.90150453337498
2013-12-26 10:00:00,61.58851837309276,66.53781820967416,80.0095111465633
2013-12-26 11:00:00,61.58851266145207,63.330781568521864,80.91856939094603
2013-12-26 12:00:00,61.5885146017744,65.67385546957277,81.8537245365827
2013-12-26 13:00:00,61.588516090165164,66.53781051480314,82.68624804402745
2013-12-26 14:00:00,61.588516534789754,66.53782129568602,83.45985560292621
2013-12-26 15:00:00,61.58851642031257,73.24252148199545,85.32328080795477
2013-12-26 16:00:00,59.46419055253222,74.51273245368421,85.55805485744067
2013-12-26 17:00:00,59.46418995805981,74.42295368531855,85.49305949025788
2013-12-26 18:00:00,59.46418985585104,73.93167007365699,85.5489246911897
2013-12-26 19:00:00,59.46418981236079,67.9233209963742,85.04010745285306
2013-12-26 20:00:00,59.46418970949058,66.53782267842799,85.21268683216317
2013-12-26 21:00:00,59.464189049087274,66.53781401484035,82.46318215680311
2013-12-26 22:00:00,57.48900685268168,46.70073630835456,80.18331058180893
2013-12-26 23:00:00,57.489002061696915,46.139771602263714,78.14629536523353
2013-12-27 00:00:00,52.98219537505877,39.40971046652299,76.21250191578469
2013-12-27 01:00:00,8.971777724735876,16.06941501934454,74.44066272532994
2013-12-27 02:00:00,0.02514583196482904,6.680320377229911,74.41842768308614
2013-12-27 03:00:00,0.025145314316690287,2.659509995840186,69.41765018641775
2013-12-27 04:00:00,0.02514524920107317,2.658024369947959,53.79273533987336
2013-12-27 05:00:00,0.02514525033828757,2.657411110694484,50.4926311152339
2013-12-27 06:00:00,0.025145235675940864,2.6574108659321527,45.533332751752106
2013-12-27 07:00:00,0.027519219604361014,2.657418277795484,21.052832199678015
2013-12-27 08:00:00,0.03735998725075205,2.658024324656104,18.838783528757084
2013-12-27 09:00:00,0.02514651948815451,2.6573927391424443,6.417464017947091
2013-12-27 10:00:00,0.025145348094932664,2.6572230221925452,5.94461442714573
2013-12-27 11:00:00,0.025145214556418972,2.6573958757163894,5.944683769693881
2013-12-27 12:00:00,0.025145222211667914,2.657399234216546,6.472484823415212
2013-12-27 13:00:00,0.027510805738443233,2.657409928025619,9.621117017213704
2013-12-27 14:00:00,0.027505007514307626,2.657408780702026,19.73602491423427
2013-12-27 15:00:00,0.025145212296513675,2.657410585561304,24.251776238339147
2013-12-27 16:00:00,0.025145219964639167,2.65741061843057,24.25177735705107
2013-12-27 17:00:00,0.02514522184741091,2.6574107234103566,24.251777524979374
2013-12-27 18:00:00,0.02514523872484013,2.657410701684721,24.251778385605306
2013-12-27 19:00:00,0.025145244705418426,2.6574107256638024,24.251778205960996
2013-12-27 20:00:00,0.02514526872473349,2.657410796493385,24.251777722739817
2013-12-27 21:00:00,0.025145329603464328,2.657411005292761,24.25177833836348
2013-12-27 22:00:00,0.025145764655657984,2.6574119387037896,24.251778437029863
2013-12-27 23:00:00,0.025150527694445445,2.657415419767841,24.25177938147496
2013-12-28 00:00:00,0.02517284769455047,2.6574260480848153,24.251781536364632
2013-12-28 01:00:00,0.02523350393531646,2.6575356614909094,24.25180317281456
2013-12-28 02:00:00,0.028077001639137025,2.6580244961468313,24.251898013307056
2013-12-28 03:00:00,0.03455581180954656,2.658025235874383,24.25392140839473
2013-12-28 04:00:00,0.036183761072533384,2.658026578492735,24.254429533027725
2013-12-28 05:00:00,0.03738374231886946,2.658031510299137,24.25480359018554
2013-12-28 06:00:00,8.971778834103903,12.34291946693008,26.672778542922018
2013-12-28 07:00:00,12.51508976236019,20.885799125068615,31.29187941325693
2013-12-28 08:00:00,15.247581500128124,25.33702573682238,29.886319965294305
2013-12-28 09:00:00,11.304537563363482,16.311639471428435,18.774151574965884
2013-12-28 10:00:00,0.03669022103662331,13.79690178344168,16.803184412918426
2013-12-28 11:00:00,0.03668447521800396,12.698350905286944,15.871594706976532
2013-12-28 12:00:00,0.025147267027688547,18.647663593872796,24.042017112258442
2013-12-28 13:00:00,12.330478174466936,23.474759460700923,34.134739781003375
2013-12-28 14:00:00,43.88616741861453,49.5812337174733,54.44319013607641
2013-12-28 15:00:00,53.582865441161445,58.66571532148519,61.41434112114448
2013-12-28 16:00:00,54.61500021343667,59.717611872377525,61.8858658077163
2013-12-28 17:00:00,55.29243946733063,59.6275053824433,62.369608075378665
2013-12-28 18:00:00,55.29244289031186,59.6274179235738,63.14394307646912
2013-12-28 19:00:00,55.355472063527586,60.34019938716182,63.5938803616861
2013-12-28 20:00:00,55.35547180349025,60.38642982608329,63.69684835984528
2013-12-28 21:00:00,55.35544379794366,60.38642976473873,63.702797719357584
2013-12-28 22:00:00,54.93479674440934,60.38642931900813,63.6645073884722
2013-12-28 23:00:00,55.35546784044643,60.38642920837864,63.66419930379904
2013-12-29 00:00:00,55.35546881646323,60.386426786721785,63.66419599394055
2013-12-29 01:00:00,54.21840625921102,59.30294694674835,63.14950104585466
2013-12-29 02:00:00,51.671801711979725,57.68515503516236,62.58975814109108
2013-12-29 03:00:00,52.13548858632332,57.73815817476516,62.41732635794314
2013-12-29 04:00:00,51.65296527622616,57.210036817484934,61.82290363671367
2013-12-29 05:00:00,52.37152331431548,57.548936953342604,61.941222200848124
2013-12-29 06:00:00,52.460249355233685,57.54890594408895,61.88925185619031
2013-12-29 07:00:00,21.427308118297642,44.18836973340966,50.775250439609906
2013-12-29 08:00:00,21.427307932754985,32.33313422371711,43.201393323143115
2013-12-29 09:00:00,17.33605366104891,29.634001558448144,39.88869607695633
2013-12-29 10:00:00,17.336052544090595,29.703132267427833,40.02658141094589
2013-12-29 11:00:00,13.301977498446936,27.793063924231383,36.18067722233348
2013-12-29 12:00:00,13.252694250429126,27.55816391707195,35.67485224739311
2013-12-29 13:00:00,16.73799327184457,29.33820776783136,38.133180489644644
2013-12-29 14:00:00,17.578663754996274,29.74299713726126,41.507411781764205
2013-12-29 15:00:00,21.501845974978174,34.34579893237568,46.528222598561996
2013-12-29 16:00:00,21.50184586074392,35.88119860844774,46.84334086354641
2013-12-29 17:00:00,21.50184582009,35.88118077736285,46.84326973710072
2013-12-29 18:00:00,20.348009563141908,34.34580031488482,45.20438785236961
2013-12-29 19:00:00,20.632566436212,30.600194571302907,40.65422507638537
2013-12-29 20:00:00,18.78946057575623,30.352842824052594,40.4080582458412
2013-12-29 21:00:00,19.134367228334636,30.552077692797987,40.39472763564698
2013-12-29 22:00:00,17.39643025573122,29.581975596681612,42.908724072450376
2013-12-29 23:00:00,17.396430093800376,25.827121480707323,43.13326284333515
2013-12-30 00:00:00,17.396429336657054,23.058320884782677,42.51298179407383
2013-12-30 01:00:00,17.396417173847915,20.80260904176923,42.095085541919126
2013-12-30 02:00:00,12.09593249144493,15.26053269442249,41.14638093574788
2013-12-30 03:00:00,8.502018112093493,11.502806709801067,40.372472120541765
2013-12-30 04:00:00,0.025223527170311694,6.902762827108622,40.47230770908133
2013-12-30 05:00:00,0.025145806402571833,5.427943965866255,41.069127928258894
2013-12-30 06:00:00,0.02514545179966339,4.8842744668758735,41.17962745448985
2013-12-30 07:00:00,0.02514535233171423,2.658025425801564,33.251261972708576
2013-12-30 08:00:00,0.025145243007550347,2.6580246209551275,25.778639895596278
2013-12-30 09:00:00,0.025145162206071242,2.6458838433966023,9.457162214916128
2013-12-30 10:00:00,0.02514518024185477,2.658023045493906,8.001107527636776
2013-12-30 11:00:00,0.02514517462169565,2.6580240674130753,7.820365154520676
2013-12-30 12:00:00,0.025145167613457607,2.649490721055266,7.36886832120787
2013-12-30 13:00:00,0.0251452106259117,2.6580159585556697,9.862198100776567
2013-12-30 14:00:00,0.025145201958426656,2.658015622241982,29.221157051967694
2013-12-30 15:00:00,0.025145257667550606,2.6580235421082463,31.850721518018304
2013-12-30 16:00:00,0.02807751383613863,2.6580242592552543,30.364388256854866
2013-12-30 17:00:00,0.03618490727917884,2.669523158418328,30.361531435470525
2013-12-30 18:00:00,0.02514527589054266,2.6696813685822263,30.361560250787853
2013-12-30 19:00:00,0.025145245545265444,16.888016232177996,33.13301721880229
2013-12-30 20:00:00,0.02514528309643066,16.92131957185898,33.13950830495308
2013-12-30 21:00:00,0.02514544084228187,17.376557762934542,33.29977108440054
2013-12-30 22:00:00,0.025147333010102198,17.557407229559633,33.28377623551704
2013-12-30 23:00:00,0.025145769630567045,16.082267982004147,33.05279005038443
2013-12-31 00:00:00,0.025147557940986803,15.83910000611888,33.05279038635447
2013-12-31 01:00:00,0.03648876707728914,15.838812795712716,33.052879351932035
2013-12-31 02:00:00,1.1636226521502073,15.335791674692679,33.17313760182675
2013-12-31 03:00:00,1.2283729488335,15.335781988297011,41.732585080628134
2013-12-31 04:00:00,8.971774396481095,15.262421978359171,42.16626568072787
2013-12-31 05:00:00,8.971778419657648,15.360134528672148,43.415275288551015
2013-12-31 06:00:00,8.971777180692358,15.105473735278714,43.41527613616493
2013-12-31 07:00:00,8.97177649203151,14.38600678284341,40.57704200102173
2013-12-31 08:00:00,0.03766669688099686,10.041921839317698,36.2701581616732
2013-12-31 09:00:00,0.025145468708828674,2.658027023627733,24.044857374822065
2013-12-31 10:00:00,0.025145389044860456,2.65802556490169,9.514001638230734
2013-12-31 11:00:00,0.025145344548486766,2.6580407644867035,10.737389337675374
2013-12-31 12:00:00,0.025145346392691056,2.6580297459701407,20.884126531250516
2013-12-31 13:00:00,0.02514546083948424,2.6580703252618654,31.688623657046435
2013-12-31 14:00:00,0.02514572667033603,2.6810986841265105,36.54723788877958
2013-12-31 15:00:00,9.430676832745043,16.556727526418552,42.763278866318856
2013-12-31 16:00:00,8.971779065754147,17.107123889917926,40.61994736524263
2013-12-31 17:00:00,0.025148256217889266,8.223871368693342,35.600164712918186
2013-12-31 18:00:00,0.02514538847461162,2.6592871522420714,33.315427373480624
2013-12-31 19:00:00,0.0251452816302848,2.6580270932088257,33.31298693179057
2013-12-31 20:00:00,0.02514529167175561,2.658024604176877,34.18719632518556
2013-12-31 21:00:00,0.025145323182723736,2.658024698796115,34.235004500623226
2013-12-31 22:00:00,0.02514604763580613,2.658025119734807,33.29720988005955
2013-12-31 23:00:00,0.025146798651753857,2.658025427416751,33.29942358717178
