snapshot,NL,BE,DE
2013-01-01 00:00:00,1.7269588166175156,21.879745460641978,31.44272023888676
2013-01-01 02:00:00,6.15906529730186,22.48105255900242,37.88006100518781
2013-01-01 04:00:00,28.429891670972196,23.321947927094385,44.02280776570133
2013-01-01 06:00:00,32.254106042849784,33.47708676583002,52.689253345270195
2013-01-01 08:00:00,39.49885341580832,44.6501827256936,53.80247274628024
2013-01-01 10:00:00,41.54633153389022,47.730131890961275,56.165590627608196
2013-01-01 12:00:00,35.67720724034842,45.39391912163086,56.99828973826649
2013-01-01 14:00:00,39.03284994809239,50.9756781300672,60.90297082353064
2013-01-01 16:00:00,42.134916340685436,53.832531187471425,62.561259703312246
2013-01-01 18:00:00,35.677210658651106,53.70393237893131,61.54678430097925
2013-01-01 20:00:00,35.677207612466916,52.63524154763716,60.74573659752475
2013-01-01 22:00:00,35.677207556036194,51.56655845198405,59.602951753108876
2013-01-02 00:00:00,35.67720930093843,53.0901177335287,60.39230552499522
2013-01-02 02:00:00,39.38604956561328,57.50057064880336,60.40932510280696
2013-01-02 04:00:00,44.07199205133091,58.83646767785626,62.21427183948337
2013-01-02 06:00:00,44.07199379336527,59.53566996733616,63.170273416557905
2013-01-02 08:00:00,44.07199283347709,54.85508503385206,57.91592902319236
2013-01-02 10:00:00,43.60880372982365,54.8308946835308,55.522307957707255
2013-01-02 12:00:00,39.874593783353404,54.85508379109163,56.91133961758398
2013-01-02 14:00:00,44.07199044305702,55.038798015240644,62.791406386799636
2013-01-02 16:00:00,43.737790354635415,55.07205206492678,65.94222092519473
2013-01-02 18:00:00,38.30826616842946,54.92772674221226,65.15567337134124
2013-01-02 20:00:00,28.744482416478327,48.81906922425098,60.3446260944927
2013-01-02 22:00:00,9.297156841674509,35.64775946449814,42.56916526874062
2013-01-03 00:00:00,0.03811967522287345,24.06801240332473,34.862540327413896
2013-01-03 02:00:00,8.448095586451274,31.82810359522744,34.531910001053035
2013-01-03 04:00:00,9.692488263090187,36.660066984814506,35.6221410301215
2013-01-03 06:00:00,10.21170217053735,36.66013282027403,35.31907512467793
2013-01-03 08:00:00,25.927495872375445,36.66013633958006,36.50351693079579
2013-01-03 10:00:00,28.787779864465413,40.907760298729315,38.33300496553627
2013-01-03 12:00:00,28.801121698572295,45.08051973416474,38.359029381009925
2013-01-03 14:00:00,28.814470268572858,58.355519993521796,42.00122204759042
2013-01-03 16:00:00,37.117232641384604,59.39073207629582,44.585646659626704
2013-01-03 18:00:00,45.9340869278221,59.39072913330796,44.56770935270761
2013-01-03 20:00:00,49.09437436715897,59.39072913379994,50.16111020906487
2013-01-03 22:00:00,44.41987775144136,59.39072966984199,51.076015887763894
2013-01-04 00:00:00,40.03384781987738,59.39073035219797,46.06235006454417
2013-01-04 02:00:00,39.74533919126418,59.390731748890964,49.457800850968376
2013-01-04 04:00:00,39.74533961520423,60.89517215644938,48.98782299196419
2013-01-04 06:00:00,40.4882197104644,63.02657758926537,49.81490636212568
2013-01-04 08:00:00,42.22487562802527,63.070200196118066,44.52602233769039
2013-01-04 10:00:00,43.29212067352005,63.07020115305992,44.532041713811694
2013-01-04 12:00:00,44.7117635886964,63.070203263091194,42.637917161171586
2013-01-04 14:00:00,47.11957651260647,67.06319965395981,43.35256109598282
2013-01-04 16:00:00,49.016926449449116,71.00173300276299,43.41478415361638
2013-01-04 18:00:00,49.02284284554689,71.00173742829543,43.4084904757087
2013-01-04 20:00:00,49.03551214165195,71.00174252861737,43.40974844097652
2013-01-04 22:00:00,58.58050910651257,71.00174354993129,46.38091751286649
2013-01-05 00:00:00,58.580516597928025,71.00174403679617,51.83080197637631
2013-01-05 02:00:00,58.58051921229099,71.00174596500489,63.98014970018068
2013-01-05 04:00:00,63.44116516643068,71.0017852124023,69.9436913094408
2013-01-05 06:00:00,70.82960916741402,73.49303395460888,73.76942623520124
2013-01-05 08:00:00,72.52448406576616,74.47584285460027,77.22649621602994
2013-01-05 10:00:00,77.15907688174639,78.40677112477542,81.62568109588369
2013-01-05 12:00:00,78.2764634471041,79.50438680381434,83.31785612602111
2013-01-05 14:00:00,85.65725085293964,89.19674142575644,92.39924192078148
2013-01-05 16:00:00,87.8238465970442,96.1271064875649,98.18200280852446
2013-01-05 18:00:00,79.47002714456521,93.37575031761205,97.47689359866183
2013-01-05 20:00:00,71.11620773257894,88.36425071592515,97.0244201217397
2013-01-05 22:00:00,71.11620763969023,87.73721345250769,96.50047963540896
2013-01-06 00:00:00,71.1162077456737,85.9732909055208,93.5233192553102
2013-01-06 02:00:00,71.11620793151678,84.26236255025809,89.30330405900557
2013-01-06 04:00:00,71.1162081747287,84.26236211767113,88.3088847773486
2013-01-06 06:00:00,71.11620829318534,84.26236136892086,88.3205484768771
2013-01-06 08:00:00,71.1162088330249,84.2623601028522,86.68292805756006
2013-01-06 10:00:00,71.11621043284582,84.45334190136151,86.61584875607956
2013-01-06 12:00:00,72.6979886166061,87.06694226777978,87.10942563710884
2013-01-06 14:00:00,128.14386519343785,135.98966936413535,119.76824374742591
2013-01-06 16:00:00,191.87691987356365,189.91617462640676,155.74713384867732
2013-01-06 18:00:00,201.8872589339196,195.17376799312947,169.13743607633342
2013-01-06 20:00:00,201.9766200649037,198.69844197801876,194.27322863200786
2013-01-06 22:00:00,201.86758279232959,200.90915968515372,206.5384071146828
2013-01-07 00:00:00,193.16480093072977,201.99676714136024,210.40563477881622
2013-01-07 02:00:00,191.5010886823269,206.32937905236764,215.98057066143616
2013-01-07 04:00:00,199.5392081417629,211.50170541981714,219.44453615359697
2013-01-07 06:00:00,145.13120956390742,212.7678562105574,219.34909821939476
2013-01-07 08:00:00,89.48885366891292,206.84655181271847,217.18778814066624
2013-01-07 10:00:00,80.97685919393075,206.84650398889846,216.06678866444094
2013-01-07 12:00:00,72.94644490427656,206.84650412858704,216.01906705018666
2013-01-07 14:00:00,72.46486442949654,210.19225597362467,218.69255973627594
2013-01-07 16:00:00,72.46486358703015,212.95086839774177,220.48325452454043
2013-01-07 18:00:00,72.46486359808566,209.57788140938942,218.73694978829266
2013-01-07 20:00:00,72.46486366452396,206.84650903688834,217.2997794025852
2013-01-07 22:00:00,72.4648636953272,206.8465059707443,216.755187388753
2013-01-08 00:00:00,72.46486372137099,206.84650605078505,215.82231318826462
2013-01-08 02:00:00,72.46486385593164,206.84650606191423,215.73436403440846
2013-01-08 04:00:00,72.46486410053389,207.22773891283606,215.8122988876283
2013-01-08 06:00:00,72.46486431650398,208.6080786692254,216.09586179861589
2013-01-08 08:00:00,72.46486469869726,208.60808018282538,215.87356171806212
2013-01-08 10:00:00,72.46486490557486,208.60808344249097,217.0041893585655
2013-01-08 12:00:00,72.46486501118758,208.608083228144,217.35650181339446
2013-01-08 14:00:00,72.46486661978079,211.74363378350526,219.33539589261338
2013-01-08 16:00:00,89.48885419777321,212.32913558341784,220.80961655588072
2013-01-08 18:00:00,80.4715074201431,212.3185112624123,220.81702237408734
2013-01-08 20:00:00,77.72163981772727,209.7308972772451,219.81935032508483
2013-01-08 22:00:00,81.07359340146101,208.60808674206802,219.4231388709298
2013-01-09 00:00:00,72.4648667587006,208.60808398752533,219.44173774763237
2013-01-09 02:00:00,72.46486588613965,208.60808343607607,218.69991988512083
2013-01-09 04:00:00,72.4648660498402,208.60808412603353,218.32035935781764
2013-01-09 06:00:00,72.4648660181382,208.60808459358438,191.44575928567795
2013-01-09 08:00:00,72.46486609851559,208.60792396696604,163.6246088164832
2013-01-09 10:00:00,72.4648741682027,208.60808135741524,162.73944581554733
2013-01-09 12:00:00,90.69270033170051,208.67087972717573,158.0073077053515
2013-01-09 14:00:00,111.99237385910277,213.47488829186875,159.7168893641587
2013-01-09 16:00:00,111.9923749508754,216.27372366361885,159.787653640123
2013-01-09 18:00:00,111.99237484493892,216.23732309562462,157.7179894678437
2013-01-09 20:00:00,111.99237257979448,216.2009238212783,157.58816218875876
2013-01-09 22:00:00,90.69271628294129,213.66766164929382,157.63621921198612
2013-01-10 00:00:00,81.5787930012994,213.47673656914753,157.53670073614785
2013-01-10 02:00:00,81.5787910215207,213.4767369438894,157.84986567823685
2013-01-10 04:00:00,90.69271657915053,214.7613447354861,156.62374245790573
2013-01-10 06:00:00,90.72505900245872,216.53929223294375,156.04606526648934
2013-01-10 08:00:00,80.97686117720674,211.4188438722734,152.5643828366792
2013-01-10 10:00:00,72.46486629525066,204.98424865513576,150.40317186051033
2013-01-10 12:00:00,72.4648662217563,206.84649661675417,151.66330039733026
2013-01-10 14:00:00,73.72475049771045,211.64953036789365,183.53503867321518
2013-01-10 16:00:00,77.09705473774183,215.83581806261628,201.87525444769352
2013-01-10 18:00:00,75.01409183969494,215.73014405863182,202.03441984832952
2013-01-10 20:00:00,78.72240697186109,214.701583557733,201.87848554398653
2013-01-10 22:00:00,187.10905628368465,213.47673915913367,201.6628291367611
2013-01-11 00:00:00,200.13267074085937,213.47673860146148,201.76940673535432
2013-01-11 02:00:00,209.28161452688272,213.47673989573426,201.96018999249767
2013-01-11 04:00:00,212.5706518523588,216.5919538917151,203.86215212756275
2013-01-11 06:00:00,219.42749151112113,224.2000366608056,208.10464411755686
2013-01-11 08:00:00,219.39376570766188,217.9931802023371,206.01202852034058
2013-01-11 10:00:00,219.0810732665464,213.5173090878515,208.69382867613854
2013-01-11 12:00:00,219.0810748020553,213.51731427933677,210.9323305110293
2013-01-11 14:00:00,219.9331446554596,219.12617574258257,214.9395802634129
2013-01-11 16:00:00,223.72957841529785,227.45177955028475,219.9258505856742
2013-01-11 18:00:00,224.53420686425022,229.73434327653683,222.17563190885534
2013-01-11 20:00:00,221.16145096055118,221.10381727841678,220.12461872642973
2013-01-11 22:00:00,219.12339932134188,215.28500986123169,217.54588942192743
2013-01-12 00:00:00,219.08107550807802,215.23892557587772,216.90727081788896
2013-01-12 02:00:00,219.08107334017672,215.21127806774962,216.81854028031802
2013-01-12 04:00:00,219.07263669598814,215.22052321247304,223.10134393389427
2013-01-12 06:00:00,219.04717888977424,215.1743763588911,224.63893429234778
2013-01-12 08:00:00,199.52276119348062,200.45972733412123,211.78847007986974
2013-01-12 10:00:00,190.00194933990053,192.96125030553375,211.61969058749156
2013-01-12 12:00:00,190.00195153556274,192.96125408405877,213.19634086698994
2013-01-12 14:00:00,200.72661091154134,203.9784614074166,217.88486457936386
2013-01-12 16:00:00,210.85486407813988,209.72776739073163,222.54151032995594
2013-01-12 18:00:00,194.92579192262667,207.26399432128548,222.06110746458546
2013-01-12 20:00:00,191.66156186528988,205.9750356424664,218.56096651886713
2013-01-12 22:00:00,191.11742304204324,205.0750391628618,217.17104714100358
2013-01-13 00:00:00,191.11742487230893,205.06550316968185,217.14828868266517
2013-01-13 02:00:00,198.15199826865364,206.37335517350863,219.28377801470737
2013-01-13 04:00:00,217.29323929965807,215.96894338571465,226.56836821535668
2013-01-13 06:00:00,218.61376598337992,217.65907116919857,227.30325785476512
2013-01-13 08:00:00,201.70137187543236,209.27111193666565,215.99538241934317
2013-01-13 10:00:00,193.56200989735987,205.06549774358814,214.995251961147
2013-01-13 12:00:00,204.02234289009525,206.48126115779976,216.1604677242106
2013-01-13 14:00:00,218.84259706152508,218.93600993261845,227.3371692788573
2013-01-13 16:00:00,228.67005976713472,235.38237874428603,235.1771338875829
2013-01-13 18:00:00,230.3554624067788,236.99896481612734,235.4807843926606
2013-01-13 20:00:00,230.35547394968455,237.14341109623928,231.56826487429817
2013-01-13 22:00:00,230.25815065791244,236.9989665176609,231.0331638912931
2013-01-14 00:00:00,233.990733874892,236.99902860361652,233.56996288661406
2013-01-14 02:00:00,240.2758300009688,238.6380592941611,237.6456802755843
2013-01-14 04:00:00,284.1949794145876,276.464888414104,259.46443013177714
2013-01-14 06:00:00,290.80428563340865,280.85277220865737,260.2111233376713
2013-01-14 08:00:00,244.47641332744294,242.00725795613096,237.40786254469526
2013-01-14 10:00:00,221.16384217236194,218.8929247881478,228.01403027110695
2013-01-14 12:00:00,218.26870544308844,214.1344776006962,228.45694133636403
2013-01-14 14:00:00,218.0662502418587,214.09710702192996,239.50758172085028
2013-01-14 16:00:00,219.9795148003,214.05968440664245,250.5825531665264
2013-01-14 18:00:00,145.46861946976514,214.0222543741435,251.98778623622735
2013-01-14 20:00:00,72.69799069845479,213.33670602498995,252.63585267320167
2013-01-14 22:00:00,115.47654682207803,213.30861260327384,247.56801818505988
2013-01-15 00:00:00,118.11500342736484,213.90987814833807,247.79244375702822
2013-01-15 02:00:00,214.24957356120308,213.87238772835508,248.0003108303815
2013-01-15 04:00:00,218.35681246164728,217.08355268313585,274.93775494341844
2013-01-15 06:00:00,245.86616919313371,248.77084738570557,296.4243632802205
2013-01-15 08:00:00,256.07570416061077,250.07111757830376,274.2802011924012
2013-01-15 10:00:00,259.28326497504514,255.77614108828243,272.4646758477446
2013-01-15 12:00:00,301.18782593591067,298.47239180625155,312.3878985032519
2013-01-15 14:00:00,675.195293835619,672.1438652225181,670.9080776260294
2013-01-15 16:00:00,862.0258862422647,878.4414827325982,842.6387465264925
2013-01-15 18:00:00,869.2984548975835,872.3594185989255,854.3266299858967
2013-01-15 20:00:00,832.0267837269369,853.5895059660112,820.6367147331691
2013-01-15 22:00:00,825.6948512672666,837.550609110086,815.035451198863
2013-01-16 00:00:00,825.6948540992107,837.5506140943426,815.0395665967255
2013-01-16 02:00:00,850.299799892905,855.1482609975202,838.2175085810268
2013-01-16 04:00:00,1232.1832335827737,1186.0190419769622,1110.311609603822
2013-01-16 06:00:00,1262.3221573221117,1226.774445023756,1136.009633255145
2013-01-16 08:00:00,1188.4474289772647,1158.1967918334383,1117.3546746249385
2013-01-16 10:00:00,1104.0434024313918,1095.972474490246,1088.0310820599386
2013-01-16 12:00:00,1183.6742845131682,1102.287813770322,1097.925802652127
2013-01-16 14:00:00,1354.008358362773,1317.9996672193872,1207.5494606889254
2013-01-16 16:00:00,1474.2054471663282,1474.641320365969,1290.3790033358787
2013-01-16 18:00:00,1495.7503078094035,1517.2512983864954,1305.4564585712828
2013-01-16 20:00:00,1326.5072097446628,1533.298689156481,1114.0323654182089
2013-01-16 22:00:00,1257.4792470174643,1354.7286253416073,1075.8916479544523
2013-01-17 00:00:00,1257.4792469197664,1354.7281164006613,1075.8916475032343
2013-01-17 02:00:00,1266.2727419150758,1364.1833545277643,1078.3091743651637
2013-01-17 04:00:00,1479.6968433503625,1492.9603524868953,1129.3943068623507
2013-01-17 06:00:00,938.9139840509524,1282.2548517115058,710.4824118840482
2013-01-17 08:00:00,302.4888850048404,324.56721073888775,251.75902629662636
2013-01-17 10:00:00,263.5192026125661,266.1614202231782,233.93332587311818
2013-01-17 12:00:00,272.8368091122477,275.6052268988956,239.38754393910935
2013-01-17 14:00:00,306.48228742324534,308.7739845432821,256.03326151055376
2013-01-17 16:00:00,285.4914758660233,287.33835447964975,254.31774267850625
2013-01-17 18:00:00,223.1402750040985,219.8137070791053,224.77392516443396
2013-01-17 20:00:00,221.47546262196335,219.08295027004402,222.8079475034438
2013-01-17 22:00:00,223.9841751192582,228.69324940142218,223.26583712462437
2013-01-18 00:00:00,219.88803478228328,224.8482288615631,222.27105830649964
2013-01-18 02:00:00,201.30240484093787,214.8767019105615,218.44943215409594
2013-01-18 04:00:00,72.46486583547751,212.47285023327356,215.53317738882487
2013-01-18 06:00:00,72.46486557084484,212.43468960361665,214.7591714962395
2013-01-18 08:00:00,72.46486549540703,191.87223184404215,206.8147933823352
2013-01-18 10:00:00,72.4648654694582,190.56227820994394,205.25083035869622
2013-01-18 12:00:00,72.46486543221447,188.90165607552615,203.67081886555286
2013-01-18 14:00:00,72.46486542997573,191.8040523798527,206.56137653465674
2013-01-18 16:00:00,72.4648653482516,189.97349833080006,206.14848018767896
2013-01-18 18:00:00,72.46486506195112,142.45398059099927,181.07112187934177
2013-01-18 20:00:00,72.46486491503009,126.42753863760987,169.6908656290616
2013-01-18 22:00:00,72.4648651692561,160.6611432986345,190.58069178542075
2013-01-19 00:00:00,72.46486487272578,143.59186701120868,178.50101576142322
2013-01-19 02:00:00,72.46486499859583,129.1038949241796,169.5722647061529
2013-01-19 04:00:00,72.46486450529125,119.6896867241188,167.85217528257124
2013-01-19 06:00:00,72.46486371994942,110.19358151343928,166.551537306126
2013-01-19 08:00:00,72.25916430252052,100.5953074928656,155.73771331221516
2013-01-19 10:00:00,72.46486485922335,105.5673449877599,155.59217419167052
2013-01-19 12:00:00,72.46486448761976,106.29476454257197,155.67996290581084
2013-01-19 14:00:00,72.4648640920849,106.17269594022262,157.9212025816911
2013-01-19 16:00:00,72.46486455785207,98.28484999144415,157.82851092427012
2013-01-19 18:00:00,72.46486474303106,92.05694874875903,157.07705664127462
2013-01-19 20:00:00,72.4648647076554,111.68352073184727,163.42590837130626
2013-01-19 22:00:00,72.46486462698923,115.32755680083594,166.03873040271992
2013-01-20 00:00:00,72.46486303978342,121.70693660958075,168.4849891587609
2013-01-20 02:00:00,72.05348815039537,109.44099748549414,162.25868157417597
2013-01-20 04:00:00,72.0534759010743,89.64207523606828,153.99717010066894
2013-01-20 06:00:00,72.05347147673818,87.91115249071919,153.1782134407901
2013-01-20 08:00:00,67.8466507697149,83.96659380601822,149.3062833196644
2013-01-20 10:00:00,67.25935579504767,97.27651671958904,151.2830920915672
2013-01-20 12:00:00,65.7174048451551,96.3156260046583,150.77627957438648
2013-01-20 14:00:00,64.17544659437525,95.71542207849643,152.12655618409332
2013-01-20 16:00:00,44.54628966795535,95.71545394975956,152.3969880282803
2013-01-20 18:00:00,24.943572037876145,95.71551180382393,144.81656195976896
2013-01-20 20:00:00,49.97983244195778,95.71549131260048,143.0046043852932
2013-01-20 22:00:00,72.46486374791778,120.12919269499125,158.9173934247338
2013-01-21 00:00:00,72.4648645734284,115.70857529697687,156.74323707428755
2013-01-21 02:00:00,72.46486510436628,156.79738962706995,170.60790748551796
2013-01-21 04:00:00,72.46486518604915,197.55618984773386,179.63921618903004
2013-01-21 06:00:00,72.46486519336855,200.3618654899076,168.39560036430476
2013-01-21 08:00:00,72.46486520574226,201.43010282565285,163.62687706482205
2013-01-21 10:00:00,72.46486528365762,202.89369174374522,164.59317922955933
2013-01-21 12:00:00,72.464865294399,210.31296683095997,165.91458630881897
2013-01-21 14:00:00,72.46486528851489,211.35899336685986,167.92551404228516
2013-01-21 16:00:00,72.46486526712857,211.45400916794563,169.2045535427868
2013-01-21 18:00:00,72.46486527610618,211.42240709843833,169.71790382384899
2013-01-21 20:00:00,72.46486531103449,211.38023009928014,168.65435553874835
2013-01-21 22:00:00,72.46486538929588,211.26427006969914,191.8252366630064
2013-01-22 00:00:00,72.46486545008588,211.2642671584561,204.03452631302196
2013-01-22 02:00:00,72.46486554821476,211.25359557296184,205.79788844201283
2013-01-22 04:00:00,72.46486598430423,211.33798222349148,209.3933506473736
2013-01-22 06:00:00,72.46492129422388,211.32862138436104,212.10964610947948
2013-01-22 08:00:00,184.36245859189938,205.59705814298263,207.59022998498477
2013-01-22 10:00:00,193.5589049425313,203.05200900006673,210.25693804977675
2013-01-22 12:00:00,199.38893091489666,204.96397091543423,210.71092161408347
2013-01-22 14:00:00,209.09316088297516,210.4258861705535,221.7332617059514
2013-01-22 16:00:00,214.65860206553634,215.2284786337704,233.04717310635883
2013-01-22 18:00:00,214.62266664572405,213.75737905452814,233.38590818288725
2013-01-22 20:00:00,210.3295565491861,217.14136728570332,235.55582769204966
2013-01-22 22:00:00,214.55075606273272,218.56881992397342,233.38953098061722
2013-01-23 00:00:00,214.51477817903714,219.12517881349316,234.20004483484885
2013-01-23 02:00:00,214.47877817755437,219.75414142443086,238.21149238801445
2013-01-23 04:00:00,222.4958049808891,248.5458096384147,274.0969085747538
2013-01-23 06:00:00,235.16875588939615,264.1260903822887,285.12022357768774
2013-01-23 08:00:00,249.86578906644678,265.06313959732483,277.67961386157015
2013-01-23 10:00:00,281.53570505274456,282.36854901015056,295.7953889646112
2013-01-23 12:00:00,327.49525342312916,328.25908134323777,337.9334404588842
2013-01-23 14:00:00,359.7026984853985,347.3141471008233,381.4433906035355
2013-01-23 16:00:00,346.60916604106546,352.8341856637725,401.9845840446633
2013-01-23 18:00:00,297.1793444197877,351.1223600571459,390.5641106932052
2013-01-23 20:00:00,345.31154669325144,340.2101930453215,400.4615224176408
2013-01-23 22:00:00,372.70047219767565,350.91287286764003,404.6735957934467
2013-01-24 00:00:00,380.28076530981957,358.46810856577855,410.86356470689134
2013-01-24 02:00:00,392.7082508009213,371.91245356428476,421.28722242550236
2013-01-24 04:00:00,591.4194191765939,583.5697118886058,609.1169884615624
2013-01-24 06:00:00,617.9384315745247,609.6196050290284,638.1654647401397
2013-01-24 08:00:00,635.343474392683,626.7167506309682,645.916348817643
2013-01-24 10:00:00,674.6124867851152,644.2957203588821,666.297263113003
2013-01-24 12:00:00,708.0460704573165,662.369501681804,688.0962513192417
2013-01-24 14:00:00,731.2634759439618,680.9529015756007,711.0572875424141
2013-01-24 16:00:00,770.5167919687004,700.0601598606347,727.7326488338713
2013-01-24 18:00:00,825.081368198847,719.7043925746169,739.1024135910807
2013-01-24 20:00:00,772.3290841561528,715.3677624273776,723.0634932188193
2013-01-24 22:00:00,712.9629079353191,667.4937716266165,705.1252303493145
2013-01-25 00:00:00,712.9629078102303,667.4937708221801,705.1252312233555
2013-01-25 02:00:00,717.9486614908975,681.355321089927,715.9037939827481
2013-01-25 04:00:00,798.7768087320137,772.978448794054,798.4213149936268
2013-01-25 06:00:00,480.47530602574165,497.99435572167533,520.2236157712309
2013-01-25 08:00:00,218.31579598593186,218.59323698083844,238.6727203604649
2013-01-25 10:00:00,186.89466568811488,209.08603673857561,229.01640242948432
2013-01-25 12:00:00,186.3872470781146,209.04631148929064,229.40495688324603
2013-01-25 14:00:00,189.23623214873192,209.00656823707905,234.11427095175614
2013-01-25 16:00:00,72.46486374337942,207.9116120743281,225.83571055869172
2013-01-25 18:00:00,69.863412202624,195.21204997438403,210.45733727858743
2013-01-25 20:00:00,67.26196827097087,176.0895715990696,196.37750878217943
2013-01-25 22:00:00,67.26196739682783,150.25669966445344,182.88610086153818
2013-01-26 00:00:00,67.2619664590934,113.7309184838406,166.45004487900727
2013-01-26 02:00:00,67.26196628170379,114.28724467481612,164.65642655965598
2013-01-26 04:00:00,67.26196609436975,101.43539519932285,164.12287746717124
2013-01-26 06:00:00,67.26196559973353,78.20779515723275,158.69557844557727
2013-01-26 08:00:00,65.1522701220012,71.80370471625933,140.60143107042893
2013-01-26 10:00:00,67.26196545534494,85.46734125341446,142.32215681387248
2013-01-26 12:00:00,67.26196360723445,85.50570574150774,137.957470594509
2013-01-26 14:00:00,67.26196565682662,85.59210449792761,149.94283184138172
2013-01-26 16:00:00,67.26196568875119,85.57261674832966,121.76774773341174
2013-01-26 18:00:00,67.26196562399485,85.57264670616209,122.82518212382016
2013-01-26 20:00:00,66.35795084698933,71.99530756294132,120.26227272893681
2013-01-26 22:00:00,53.63331515840308,58.690668844461456,134.13043563053
2013-01-27 00:00:00,11.19680894530096,14.319914017326639,124.8921738807363
2013-01-27 02:00:00,0.036025418157522804,2.655782400953073,123.55331627626344
2013-01-27 04:00:00,0.02555222792376685,2.6557801425886214,125.6407553755667
2013-01-27 06:00:00,0.0255315129544618,2.655779132771388,113.03418123255656
2013-01-27 08:00:00,0.025530614612434797,2.6557757070861934,87.25402996184374
2013-01-27 10:00:00,0.025530694822242253,2.655774719139842,82.9847716912389
2013-01-27 12:00:00,0.025530454381997303,2.6557753579296515,85.10397331024234
2013-01-27 14:00:00,0.025530567540044603,2.6557796774992215,79.10304264111888
2013-01-27 16:00:00,0.02656145733931245,2.6570106992424534,78.91821566511763
2013-01-27 18:00:00,0.03770499095762,2.668021309573308,79.17274234018882
2013-01-27 20:00:00,0.0322291637689639,24.219653904668668,94.43430072341336
2013-01-27 22:00:00,0.03181556003299075,23.86251799148038,101.8521027731378
2013-01-28 00:00:00,4.505329279806078,27.35031735691218,103.09786814040177
2013-01-28 02:00:00,9.37889480467387,30.34564339965907,104.20559415665124
2013-01-28 04:00:00,26.104240480409707,30.894778897867248,104.274682369875
2013-01-28 06:00:00,26.609185039028624,39.2607666293609,89.82315610059146
2013-01-28 08:00:00,17.538420644538377,25.30036916935223,61.399589609337774
2013-01-28 10:00:00,3.9955172413721347,18.229888452331195,61.65949819693687
2013-01-28 12:00:00,0.0333324622804752,2.655775343183383,53.49395140599603
2013-01-28 14:00:00,23.55111400658219,24.61400677574995,63.05282437305628
2013-01-28 16:00:00,9.132080220667053,12.169237467887331,59.565323011750536
2013-01-28 18:00:00,0.0255306024995932,2.6557769093061276,52.348125505895226
2013-01-28 20:00:00,0.025530627620029153,2.6557756064060904,50.18103174727973
2013-01-28 22:00:00,0.025530629867952848,2.6557754390241213,43.53210590487636
2013-01-29 00:00:00,0.0255305817438278,2.655775535525791,37.55746744041038
2013-01-29 02:00:00,0.025530616420068403,2.6557753662080557,37.178179778424635
2013-01-29 04:00:00,0.02553062040457545,2.6560161944758587,34.959948239380395
2013-01-29 06:00:00,0.02553065762179945,2.6570131403252026,32.4050577253762
2013-01-29 08:00:00,0.025531598542207448,5.577928123749234,25.22995966598758
2013-01-29 10:00:00,0.02901553588700185,2.661753322230992,25.229961395161006
2013-01-29 12:00:00,0.0291375762270908,2.6566356106498104,25.229961682092412
2013-01-29 14:00:00,0.0288734132410304,2.655776759809107,25.827758969123256
2013-01-29 16:00:00,0.028050376853462698,2.6557766968086085,34.66600075804465
2013-01-29 18:00:00,0.026377658373627398,2.655775286279206,37.60172159707563
2013-01-29 20:00:00,0.025532671263697453,2.6557752356066464,34.78363181767057
2013-01-29 22:00:00,0.025530619362132197,2.6557752037888642,26.064201653412994
2013-01-30 00:00:00,0.025530614359926103,2.6557751899705053,26.06268585349276
2013-01-30 02:00:00,0.0255306117260294,2.655775226151649,26.062682938649324
2013-01-30 04:00:00,0.02553061510606565,2.655775228333023,22.392842581899554
2013-01-30 06:00:00,0.025530637187122153,2.6557751792401385,12.862642832048726
2013-01-30 08:00:00,0.02553065536555655,2.655774706841157,6.4285973571451125
2013-01-30 10:00:00,0.02553044732594825,2.655774510985364,6.330091839717147
2013-01-30 12:00:00,0.025530461986257,2.6557628777678093,6.210708832430058
2013-01-30 14:00:00,0.025530420241007552,2.65577360868546,6.400343435960445
2013-01-30 16:00:00,0.0255306945356643,2.655775082322826,6.541121364639966
2013-01-30 18:00:00,0.02553069503231635,2.655775070183563,6.564797726979378
2013-01-30 20:00:00,0.0255315035601396,2.655775016541969,6.564806533111858
2013-01-30 22:00:00,0.0288721594277533,2.6557766294458354,6.5647949308608755
2013-01-31 00:00:00,0.0263800482784547,2.6557756636986114,6.541047301483012
2013-01-31 02:00:00,0.025530531221447397,2.655776302730488,6.579411875917022
2013-01-31 04:00:00,0.0255305740428062,2.655775967124023,6.593548350737069
2013-01-31 06:00:00,0.02553114421403005,2.6557754493774546,6.565223431306123
2013-01-31 08:00:00,0.02553038624615825,2.655774384536124,5.378783544672164
2013-01-31 10:00:00,0.02553035496116095,2.6557742960754416,5.375308634009409
2013-01-31 12:00:00,0.025530316193650898,2.655762955580051,5.375588363609653
2013-01-31 14:00:00,0.02553069847970715,2.6557551230947003,7.6464212370349545
2013-01-31 16:00:00,0.0255329420934129,2.6557755759306154,33.34136991614401
2013-01-31 18:00:00,0.02553285764146425,2.6557757772330115,36.386536210854715
2013-01-31 20:00:00,0.0255330025116497,2.655776111470404,40.5437270252211
2013-01-31 22:00:00,0.02553787417712365,2.6557772316172343,40.53008157369922
2013-02-01 00:00:00,0.0274155872805888,2.656426980439665,42.123886577244804
2013-02-01 02:00:00,11.459107750567707,21.98695410179028,45.29961310708337
2013-02-01 04:00:00,47.09582004996983,55.897615331202786,53.93829575099082
2013-02-01 06:00:00,57.54068238447783,62.60834945498991,68.20654859037624
2013-02-01 08:00:00,61.523996968431874,64.86244415011689,69.27413993285
2013-02-01 10:00:00,65.40643271204672,66.86202543806408,71.21070097603655
2013-02-01 12:00:00,66.81573107472414,67.22974111616524,73.96477808594199
2013-02-01 14:00:00,72.3415613195165,69.35288895393265,92.18133373484474
2013-02-01 16:00:00,81.44379494461514,73.26212726027377,102.4749804157162
2013-02-01 18:00:00,71.91249911102946,69.40888402354446,102.426429567564
2013-02-01 20:00:00,67.26196584036191,67.32064161853839,101.25515340855111
2013-02-01 22:00:00,67.26196560294674,67.22976684422558,92.64565144182248
2013-02-02 00:00:00,67.26196554053887,67.22974892726083,90.5420201961643
2013-02-02 02:00:00,67.26196539746849,67.22974255675753,89.42613374994934
2013-02-02 04:00:00,67.2619586009001,67.22975051277994,89.96890135577976
2013-02-02 06:00:00,61.286140383249275,67.22955941326887,84.88678491510157
2013-02-02 08:00:00,28.616724686014177,37.81017163815966,72.54261446439767
2013-02-02 10:00:00,25.787610881345657,35.322761345183594,71.34100921998095
2013-02-02 12:00:00,6.509849546676538,11.776286219394928,60.34474258315801
2013-02-02 14:00:00,49.143597934159395,45.67460460253738,72.76894120481892
2013-02-02 16:00:00,55.43856723992323,64.05054107581566,76.9972051359164
2013-02-02 18:00:00,55.457825639374704,64.86245008708131,78.7499981301284
2013-02-02 20:00:00,55.48351842816037,64.862450431474,78.75091994296199
2013-02-02 22:00:00,55.50922395574223,64.89046430837581,78.78201054533258
2013-02-03 00:00:00,55.53493925597782,64.89046331346728,78.77579354656362
2013-02-03 02:00:00,55.94279543491235,65.31186738851383,78.60001347151791
2013-02-03 04:00:00,63.66679306115477,70.72713248677385,83.19053719783867
2013-02-03 06:00:00,65.45394522452506,71.34327342321927,81.94083618804906
2013-02-03 08:00:00,55.94124716539936,63.70603397716315,70.1908624887327
2013-02-03 10:00:00,22.3136245155306,28.63125836041627,35.56133506251132
2013-02-03 12:00:00,0.025530433420822653,2.976022850323543,8.397797340641562
2013-02-03 14:00:00,0.02553071365328965,2.6570091030728804,42.657099006078354
2013-02-03 16:00:00,1.2800617374142775,6.852816467545887,42.69821474118943
2013-02-03 18:00:00,2.616361138247226,11.30046901224214,40.94477451489291
2013-02-03 20:00:00,0.0290148056423953,2.6617544090247733,40.467399921860924
2013-02-03 22:00:00,0.0292541610699314,2.657012132051162,42.30226463926071
2013-02-04 00:00:00,19.99049175139024,22.244321215476866,49.765301690849185
2013-02-04 02:00:00,47.996357020039596,43.99787122245854,62.80907310035424
2013-02-04 04:00:00,45.00690292559776,33.339612143042004,67.18309079717392
2013-02-04 06:00:00,4.499066343840498,9.030205511206553,50.49065727822533
2013-02-04 08:00:00,0.025530454217020798,2.655777724058125,37.714833917240206
2013-02-04 10:00:00,0.0255302891284055,2.6557798193637323,20.47416490787805
2013-02-04 12:00:00,0.0255302984867556,2.6557751000155365,17.187631630356357
2013-02-04 14:00:00,0.02553044395781785,2.655775984400117,30.303339903699957
2013-02-04 16:00:00,0.0255316792108198,2.6565448775103686,32.84952576483931
2013-02-04 18:00:00,0.025531159529250502,2.655790657547932,32.85053292013111
2013-02-04 20:00:00,0.0255308765181347,2.6557768873960574,32.84111457444292
2013-02-04 22:00:00,0.0255307465608175,2.655780672914804,32.841115353131414
2013-02-05 00:00:00,0.02553069954730825,2.65577640067532,32.84581938631233
2013-02-05 02:00:00,0.02553067879357805,2.655775671172184,32.85011572973553
2013-02-05 04:00:00,0.0255307792298178,2.655775569776776,32.84610140220306
2013-02-05 06:00:00,0.02637787793952015,2.655775417412074,34.601782960356374
2013-02-05 08:00:00,0.025531116174131598,2.6506180487305104,12.448325556193844
2013-02-05 10:00:00,0.04252290559723225,2.6557746686267447,20.22766259649832
2013-02-05 12:00:00,0.03931438575863315,2.6557745250785487,21.63312429414696
2013-02-05 14:00:00,0.03398566764796535,2.662245219703791,40.46139776094948
2013-02-05 16:00:00,65.95573799308934,66.24079381657012,94.73511138936344
2013-02-05 18:00:00,67.26196690954629,65.484081971557,97.23804399287334
2013-02-05 20:00:00,67.26196794948409,64.10095913869719,97.45981854725487
2013-02-05 22:00:00,75.56053547843432,64.1009383934686,96.90440354593264
2013-02-06 00:00:00,76.06977858838133,64.10094895542522,97.88229285184468
2013-02-06 02:00:00,76.73277413488165,64.12231674334927,101.36205094696575
2013-02-06 04:00:00,80.04385186090758,73.75549891382062,118.44715736160296
2013-02-06 06:00:00,67.26196854978582,81.73464850568922,119.41777062028928
2013-02-06 08:00:00,67.26196822817263,66.68266959598591,97.88319812922725
2013-02-06 10:00:00,67.26196560795302,20.237208021198626,96.25536310431599
2013-02-06 12:00:00,67.26196641978001,12.546038816901696,98.23948642170744
2013-02-06 14:00:00,67.2619686513438,40.31831724033128,150.11948853827607
2013-02-06 16:00:00,67.2619687129069,90.81034461958734,199.04038983189795
2013-02-06 18:00:00,67.26196873250008,92.05422805807949,191.65106034856967
2013-02-06 20:00:00,67.26196885236834,91.42780373702847,191.59959405452375
2013-02-06 22:00:00,67.26196900346017,90.80118810542092,193.16133705111037
2013-02-07 00:00:00,67.26196921486341,90.80118814244048,191.56284540729004
2013-02-07 02:00:00,67.26196959101324,90.80118775615134,190.88876948696435
2013-02-07 04:00:00,67.26197303909622,91.54981387799397,192.8011567549522
2013-02-07 06:00:00,80.52042482032303,91.09662539963831,195.879879739837
2013-02-07 08:00:00,81.24801003704786,87.38646942160628,195.45632513918238
2013-02-07 10:00:00,81.24802326171718,88.89263906111997,197.14168245568783
2013-02-07 12:00:00,82.58447766449655,89.48651873858887,198.60160026792033
2013-02-07 14:00:00,84.52084493550815,92.18993383276944,206.7566637427263
2013-02-07 16:00:00,119.59398685137067,185.33124609269396,212.27884202558516
2013-02-07 18:00:00,168.39394097753654,202.13631775746188,212.56881711262264
2013-02-07 20:00:00,169.56340958289945,202.28634096830856,212.01722584022414
2013-02-07 22:00:00,169.56341408323348,202.13633218740017,211.3702955998461
2013-02-08 00:00:00,169.5634615579104,202.51708795890457,211.23744876628814
2013-02-08 02:00:00,191.11455865391991,202.22211599978434,211.176559262357
2013-02-08 04:00:00,193.48405999413512,202.20332949403266,212.4334580404624
2013-02-08 06:00:00,205.088185016395,205.0723622045386,214.0133554082256
2013-02-08 08:00:00,203.11683682187302,202.1363590775373,209.54897935557375
2013-02-08 10:00:00,203.11683641936165,202.13631449063374,209.75176206826552
2013-02-08 12:00:00,203.1168384093789,202.13630378281698,210.12937466961765
2013-02-08 14:00:00,205.59948261780914,204.5750219382031,212.99774139975023
2013-02-08 16:00:00,208.34237988596283,207.2694060986591,217.8577642036432
2013-02-08 18:00:00,208.41817407582076,207.34386075879422,218.8812227183721
2013-02-08 20:00:00,208.34237593018307,207.34386356149815,216.05810518902635
2013-02-08 22:00:00,208.45500967729745,207.38004516582663,216.09525411147763
2013-02-09 00:00:00,208.80315374787764,208.43626708065491,216.02918218881794
2013-02-09 02:00:00,214.86882173078305,215.2778508759584,219.3366653173976
2013-02-09 04:00:00,224.96326408554455,221.51637073804412,227.85688695973542
2013-02-09 06:00:00,231.30014867789873,227.6818732322316,231.16437803056328
2013-02-09 08:00:00,214.86987804574153,214.51838944869252,217.0872977462455
2013-02-09 10:00:00,207.07401552536498,209.2285324094369,215.8587850553623
2013-02-09 12:00:00,210.00834341653,209.79067457649302,216.7051640025463
2013-02-09 14:00:00,219.6868746340997,218.09426702720958,226.79276534132265
2013-02-09 16:00:00,243.91082681083185,242.20864105497245,250.659514002558
2013-02-09 18:00:00,239.9292004041186,245.59924499571258,255.69119322025375
2013-02-09 20:00:00,214.82013450922892,229.06791856296064,239.44512053765027
2013-02-09 22:00:00,206.10647797730894,211.5058965446272,229.67396077922868
2013-02-10 00:00:00,205.82465090099726,206.90847429707836,229.3832818764213
2013-02-10 02:00:00,205.82465015023826,205.00648960566872,230.84561092596766
2013-02-10 04:00:00,203.55464811237061,203.56520503775408,236.98179659471043
2013-02-10 06:00:00,136.99050631259854,153.19445440421148,205.7015463738618
2013-02-10 08:00:00,83.54066880712739,88.96750757570533,150.36007793105165
2013-02-10 10:00:00,82.60166581236038,72.73686341460406,135.9169595317273
2013-02-10 12:00:00,75.13511695812917,11.8855041568013,131.5553897966002
2013-02-10 14:00:00,69.86956948118855,36.942565830785014,151.20710684638988
2013-02-10 16:00:00,71.04108368719794,64.42550032408123,159.33373906381465
2013-02-10 18:00:00,52.22535815527664,54.3106306387735,152.18451288262514
2013-02-10 20:00:00,25.977499070806623,35.209387562594905,142.51363992795987
2013-02-10 22:00:00,18.396046353692675,29.630300225085605,132.46659417494905
2013-02-11 00:00:00,43.235525868893944,71.04271612720765,139.5532776077983
2013-02-11 02:00:00,52.856500266518125,79.54486017053746,143.73742338560402
2013-02-11 04:00:00,50.67748424500671,82.77107436638688,144.06448381136062
2013-02-11 06:00:00,53.73260794076425,87.54314625191631,143.97527309389864
2013-02-11 08:00:00,46.74925722144753,87.85499757862166,122.5527303735586
2013-02-11 10:00:00,12.079792866179872,87.85499959332321,66.80655541847403
2013-02-11 12:00:00,53.55120587159232,88.35178319861416,93.09399711758772
2013-02-11 14:00:00,81.66676324401915,92.99708780847578,147.15198404298295
2013-02-11 16:00:00,83.5406681124614,130.1625097615851,163.88497321934227
2013-02-11 18:00:00,83.54066860332091,129.61751273641985,163.20068033718852
2013-02-11 20:00:00,83.54066929347529,169.00699042641952,177.325252234901
2013-02-11 22:00:00,83.54066950690238,169.00708460337242,183.74066974704894
2013-02-12 00:00:00,83.54066960204798,169.98350380977672,186.32354825717653
2013-02-12 02:00:00,83.54066970778993,183.5981814181585,194.3972269960558
2013-02-12 04:00:00,83.54066977851576,198.54247327266324,201.43842083243197
2013-02-12 06:00:00,83.54066985423844,200.59274097218255,203.06405557258194
2013-02-12 08:00:00,83.5406699348761,201.4516252502097,199.18046698802397
2013-02-12 10:00:00,83.5406727119093,200.96961955992734,200.1207730866378
2013-02-12 12:00:00,190.50876592203508,207.94664839028732,205.53829836366444
2013-02-12 14:00:00,206.5410623209402,218.4032694853925,217.58588153051227
2013-02-12 16:00:00,214.5495114773301,227.34864802891684,226.75201394855185
2013-02-12 18:00:00,220.5930117837534,231.25259401270753,229.61009501912474
2013-02-12 20:00:00,221.19903367872593,229.71160345976992,228.30374733215268
2013-02-12 22:00:00,220.77958787533433,223.15298141145996,227.57049087319632
2013-02-13 00:00:00,221.08065779517744,223.10873418135105,227.52450492723668
2013-02-13 02:00:00,223.37945824467226,225.07897779155914,229.41109529749662
2013-02-13 04:00:00,257.6438544613533,259.77199068502114,261.50245978660314
2013-02-13 06:00:00,254.60094999039086,245.0962048327453,258.9796016456382
2013-02-13 08:00:00,213.88961706710424,191.80269646514182,216.61815055991391
2013-02-13 10:00:00,202.02708129609226,182.72240995771142,211.41341970444722
2013-02-13 12:00:00,199.35181822263513,182.7222839175352,214.49863524654228
2013-02-13 14:00:00,201.94943422475598,191.0912014608708,220.4376355876743
2013-02-13 16:00:00,204.43522946506988,207.3826326161901,228.4785735297542
2013-02-13 18:00:00,84.50846518287617,206.0505905526553,226.42601678651522
2013-02-13 20:00:00,83.5406704631609,200.65238006682995,215.0083393626992
2013-02-13 22:00:00,83.54067038147974,196.61890604646186,211.32646364605841
2013-02-14 00:00:00,83.54067028355703,194.62218728336916,210.28919588040452
2013-02-14 02:00:00,83.54067016233799,191.61767307177394,208.89028737713323
2013-02-14 04:00:00,83.5406692034615,144.37965303367753,202.22307548942163
2013-02-14 06:00:00,80.20998998704195,87.74041899621741,162.7751972315501
2013-02-14 08:00:00,45.646558577197744,82.9781253483828,138.31225599874875
2013-02-14 10:00:00,43.86618365393145,77.26685131599713,125.86026494577595
2013-02-14 12:00:00,47.22100708388317,81.0677296948091,129.29432714669068
2013-02-14 14:00:00,77.06564570253724,86.75843168916717,152.64727196299555
2013-02-14 16:00:00,83.54066882422677,95.69404805483866,160.3299532831486
2013-02-14 18:00:00,83.54067069786751,113.23540870429949,162.39157653370603
2013-02-14 20:00:00,135.13191352558036,165.27775453727185,174.43788669886203
2013-02-14 22:00:00,201.98455868262525,206.8465026970006,202.21322936569177
2013-02-15 00:00:00,203.70892245497748,206.84650421792483,207.70236156100373
2013-02-15 02:00:00,206.801692867278,206.84651530391818,209.93165162822885
2013-02-15 04:00:00,208.00279090938585,207.48107832109685,211.28169368485592
2013-02-15 06:00:00,209.8958201312828,209.73132362710592,213.7855872035562
2013-02-15 08:00:00,210.1615796160246,206.84650166553996,210.76943773373358
2013-02-15 10:00:00,211.6984595305094,206.8464987741605,211.9812014992031
2013-02-15 12:00:00,213.79597541778375,207.52735303188493,213.5979255550651
2013-02-15 14:00:00,214.15397739713734,212.54148103268076,220.64224190392557
2013-02-15 16:00:00,218.55014885672276,221.66433554123165,227.26444490263097
2013-02-15 18:00:00,222.69720519944542,225.48083747861915,228.59202341269054
2013-02-15 20:00:00,216.6981216831776,224.11373919272043,226.81139125040437
2013-02-15 22:00:00,220.43176834862302,223.28072254084447,226.12979071021653
2013-02-16 00:00:00,218.4083366970146,221.96991991683223,226.04980042855954
2013-02-16 02:00:00,216.35493031349063,220.14591114171384,225.69596505457295
2013-02-16 04:00:00,219.3169800958022,220.8657102707528,227.05210320709898
2013-02-16 06:00:00,222.31541677379113,223.28944687833075,227.27364550758688
2013-02-16 08:00:00,215.17077495422836,213.97699953190767,221.19388411784655
2013-02-16 10:00:00,215.17077430761657,213.97700005876322,221.19388427720372
2013-02-16 12:00:00,215.1710243391115,213.97700012933805,221.19388465563173
2013-02-16 14:00:00,215.2029880145908,213.9770015395734,221.97293040182544
2013-02-16 16:00:00,220.62654713855238,220.3066074190454,229.36475545356328
2013-02-16 18:00:00,221.5743696429731,220.88978323198558,228.80396393407466
2013-02-16 20:00:00,215.7484107859218,214.28920700984384,224.64580608595514
2013-02-16 22:00:00,215.20644809760995,213.9841900437155,224.30706554484135
2013-02-17 00:00:00,215.17077468212528,213.97700148722052,224.28421902138635
2013-02-17 02:00:00,215.1707741171943,213.97699999313227,224.34390638766132
2013-02-17 04:00:00,215.17077581571937,213.97699955355608,225.97911657070824
2013-02-17 06:00:00,213.2142313319373,213.72685859078712,223.161164085292
2013-02-17 08:00:00,211.25767747210222,207.70913638953073,218.2997777168487
2013-02-17 10:00:00,211.2576784831815,207.57924103328384,218.345746472234
2013-02-17 12:00:00,211.2577021120083,207.57924076685157,218.61055568590797
2013-02-17 14:00:00,212.50740313287716,207.57924435617534,220.0213436448122
2013-02-17 16:00:00,221.6013426490373,214.82868358465083,225.85385713120309
2013-02-17 18:00:00,223.1402697687979,212.7606578418095,225.34022899070322
2013-02-17 20:00:00,212.84324549200664,210.78857338853712,221.7657420713045
2013-02-17 22:00:00,211.88824858943153,209.19971669675277,221.37596577132234
2013-02-18 00:00:00,211.76898482051263,207.8359840344096,221.43399610355516
2013-02-18 02:00:00,211.805410711008,207.57925180038816,221.5469284825587
2013-02-18 04:00:00,224.7007453462966,211.7408750597047,226.12307953941755
2013-02-18 06:00:00,230.08275757183452,186.70410855006472,224.94937158582795
2013-02-18 08:00:00,206.68828049424792,127.46074085879388,205.29948292177744
2013-02-18 10:00:00,203.04532889536057,124.13104955438706,204.90460090950074
2013-02-18 12:00:00,204.46528205117573,124.13104995737132,205.04506201752147
2013-02-18 14:00:00,211.387291744888,155.98454052513773,210.8903137763919
2013-02-18 16:00:00,218.3354828584047,213.68380872849195,217.64789430460146
2013-02-18 18:00:00,217.55004959861884,212.90738835979488,217.1295536302271
2013-02-18 20:00:00,209.2766418349109,212.13049640476987,210.02216488389277
2013-02-18 22:00:00,207.98361633102041,211.59669711110507,204.93793850463854
2013-02-19 00:00:00,204.15043748431486,213.4767162466024,204.53671678839842
2013-02-19 02:00:00,201.7143290267324,210.81058686380783,194.35279340570705
2013-02-19 04:00:00,200.93750538291116,209.52652732613268,201.35222180176842
2013-02-19 06:00:00,162.5002965662958,207.1927460452195,190.1826479589983
2013-02-19 08:00:00,121.95526960682128,159.57488045782964,155.03163335717107
2013-02-19 10:00:00,121.95526950725242,143.8046229225955,133.99270429192194
2013-02-19 12:00:00,121.95526233775945,142.51843698472513,142.74441512001485
2013-02-19 14:00:00,92.94682451257472,172.5030945517493,171.34642132021216
2013-02-19 16:00:00,83.70390446914939,199.96708561334583,185.4061513365877
2013-02-19 18:00:00,83.5406715741431,200.70161209794685,186.6920143010567
2013-02-19 20:00:00,83.54067160329086,200.6810869353113,186.01312198274783
2013-02-19 22:00:00,83.54067257689081,182.50012310542502,180.60478767285667
2013-02-20 00:00:00,83.704065758599,182.4357307760891,180.5251470404745
2013-02-20 02:00:00,83.62195141290783,182.74841933024993,180.89755849176706
2013-02-20 04:00:00,85.38791304805241,185.7653660162438,185.63701678246827
2013-02-20 06:00:00,85.47625244646973,149.86432185395995,185.49558652525366
2013-02-20 08:00:00,83.5406714895738,89.85354556006578,147.36759191474732
2013-02-20 10:00:00,83.5406715568063,88.15227341039603,155.12457806413403
2013-02-20 12:00:00,84.508463408198,88.04845194889589,170.33765725866584
2013-02-20 14:00:00,85.38792209174561,95.3938398744209,184.57241887292378
2013-02-20 16:00:00,86.515912438523,142.16139756273418,197.1821362918834
2013-02-20 18:00:00,87.58598188392455,145.09564527347257,197.58101998114745
2013-02-20 20:00:00,86.54633586762307,143.1439909395391,197.58105062793913
2013-02-20 22:00:00,87.51504459361396,141.19231645198232,197.67107684419705
2013-02-21 00:00:00,88.62861725424486,141.1923143069786,197.67118967822103
2013-02-21 02:00:00,109.20359226696233,153.59806183724712,198.48722397271604
2013-02-21 04:00:00,133.8647406661284,167.4684506311675,199.80202963428883
2013-02-21 06:00:00,136.67950936620448,170.04353326659566,197.09738418002473
2013-02-21 08:00:00,95.14407194556567,97.99340755056207,181.5209724442571
2013-02-21 10:00:00,83.54067279399712,91.7588135393606,187.0335121433244
2013-02-21 12:00:00,98.85688911419717,103.56569378235031,191.4873234325362
2013-02-21 14:00:00,148.68537343172648,155.6691834167424,195.06220256097825
2013-02-21 16:00:00,158.14175508161878,187.5387693738422,203.59686680471935
2013-02-21 18:00:00,83.54067594540899,187.8267987083214,202.86715314338846
2013-02-21 20:00:00,84.42011727442247,187.19964835637484,202.5411589257088
2013-02-21 22:00:00,149.71798025786126,186.25444179512624,203.45783779463156
2013-02-22 00:00:00,149.77567659878076,186.25443810571764,203.3961499910334
2013-02-22 02:00:00,165.0109516552497,187.5387056398,203.8837606072305
2013-02-22 04:00:00,185.52535664746233,188.75977425361214,205.81570266487256
2013-02-22 06:00:00,179.68221737466882,186.50415907165674,199.45762055729222
2013-02-22 08:00:00,83.54067170441017,93.2628961891134,170.1798082709754
2013-02-22 10:00:00,83.76634690052629,91.60885234105339,176.4237593402536
2013-02-22 12:00:00,83.58098624663121,91.67310732947519,177.2801801526614
2013-02-22 14:00:00,83.54067171958937,108.4149852587268,177.0627134209006
2013-02-22 16:00:00,83.54067178254633,174.26445692084303,189.39621864003283
2013-02-22 18:00:00,83.54067169111485,178.54472899721338,187.97331487849928
2013-02-22 20:00:00,115.0490583753659,171.8199444301414,183.60068821664328
2013-02-22 22:00:00,150.25443442276446,171.88051860732776,183.61312320020784
2013-02-23 00:00:00,151.3052389671402,171.85023976725728,183.61136921891392
2013-02-23 02:00:00,154.06974366997218,171.88052720831655,182.55077975450143
2013-02-23 04:00:00,123.64565621466045,178.488529445115,176.7977292798452
2013-02-23 06:00:00,84.50846106437132,181.11102179054984,155.04307374179254
2013-02-23 08:00:00,83.54067135082624,122.74772640490372,111.95155527907761
2013-02-23 10:00:00,83.54067090292827,126.28510554975853,111.63431130888361
2013-02-23 12:00:00,83.54067112726825,126.28556411546575,118.74257733533193
2013-02-23 14:00:00,83.5406709620146,133.74109609224394,128.77392993399664
2013-02-23 16:00:00,83.54067116929807,165.21001920020007,142.01621542735518
2013-02-23 18:00:00,83.54067124466914,166.33918299666846,142.42668425032164
2013-02-23 20:00:00,83.54067121854249,161.91512519574675,143.3642882862269
2013-02-23 22:00:00,83.5406711805922,157.8002859446978,143.98215944533894
2013-02-24 00:00:00,83.54067097043018,157.49106147841462,143.87562319181163
2013-02-24 02:00:00,83.54067031699392,157.491061433877,143.87742485666314
2013-02-24 04:00:00,83.54066989004573,157.49090462988636,143.86364943828153
2013-02-24 06:00:00,83.54066972744327,149.72802535439166,140.86584496606818
2013-02-24 08:00:00,63.96088696374353,112.37266724346995,121.4711046353508
2013-02-24 10:00:00,45.80097967905775,99.06053751384664,117.09800390579758
2013-02-24 12:00:00,46.69530564034292,109.25109133286094,119.79357052969323
2013-02-24 14:00:00,81.76867800481895,132.35385718721932,133.86240583920835
2013-02-24 16:00:00,83.54067165307973,168.57160255284572,149.91548760859595
2013-02-24 18:00:00,83.54067176348323,169.7241724447878,153.40851630742964
2013-02-24 20:00:00,83.54067183048957,169.72395481309846,153.77043341655605
2013-02-24 22:00:00,83.54067189830928,169.72393562277688,153.76287256221937
2013-02-25 00:00:00,83.54067195914308,169.72393489276317,153.7497281482834
2013-02-25 02:00:00,83.54067198937486,169.72393514768245,153.20256041714327
2013-02-25 04:00:00,83.5406720174222,169.72405700702046,153.44651485015402
2013-02-25 06:00:00,83.54067205135345,169.73664295748435,153.8067586595326
2013-02-25 08:00:00,83.54067206684729,161.46128338169228,146.85608221102277
2013-02-25 10:00:00,83.54067218883122,147.13236652991642,138.98907944574307
2013-02-25 12:00:00,83.54067218508669,147.39538646115258,137.66168159892158
2013-02-25 14:00:00,83.54067212223066,160.69483965661055,151.16564629175963
2013-02-25 16:00:00,83.54067216427507,182.7481522624396,173.60769721166162
2013-02-25 18:00:00,83.54067222096593,183.99924438088283,175.56801700905405
2013-02-25 20:00:00,83.54067228457032,183.9992527649827,191.8682903138132
2013-02-25 22:00:00,83.54067233521502,184.07855317932803,199.1893301079219
2013-02-26 00:00:00,83.54067234195455,186.73643904661384,201.86160518429313
2013-02-26 02:00:00,83.54067227782025,192.68385217286996,204.74553590290395
2013-02-26 04:00:00,83.54069966121367,192.4656886985381,204.85610640662514
2013-02-26 06:00:00,157.6507700834451,193.17991471924697,205.19637755090343
2013-02-26 08:00:00,171.09172842018913,192.4063930124377,203.99532250698
2013-02-26 10:00:00,183.1811812194487,192.40639207346052,205.46092870846635
2013-02-26 12:00:00,189.91559644149726,192.4063973644018,212.70217558895473
2013-02-26 14:00:00,193.83729554548808,198.25118187125236,213.75932898443034
2013-02-26 16:00:00,197.4301477613124,207.5615576036874,214.97773007625995
2013-02-26 18:00:00,197.40832306805015,207.3857498321518,214.55045406966042
2013-02-26 20:00:00,196.86791098211222,206.1384369535469,213.99950327215373
2013-02-26 22:00:00,196.86791093635713,206.49246912058243,213.7244330350452
2013-02-27 00:00:00,196.8679105671282,206.1384390270512,213.6613487589209
2013-02-27 02:00:00,197.32092140857804,206.13844082693308,213.65816859447594
2013-02-27 04:00:00,201.9424474668036,209.07283926957996,214.56756278449507
2013-02-27 06:00:00,206.80889648369526,211.93074472667462,215.77168137266082
2013-02-27 08:00:00,205.64120995092196,209.91149839787607,213.31325010493856
2013-02-27 10:00:00,197.8245911826366,208.09986401069068,213.37930797808232
2013-02-27 12:00:00,197.7525732428001,206.47083429184144,213.5804786977709
2013-02-27 14:00:00,197.5220817935293,206.84649562774325,213.90471230652477
2013-02-27 16:00:00,197.69351879872863,209.15623251425444,215.37691630802476
2013-02-27 18:00:00,197.6779255745979,210.01352477358813,215.50526452733158
2013-02-27 20:00:00,197.51111275890418,209.66142037474305,214.490776760217
2013-02-27 22:00:00,197.5111129701619,206.8464901814425,213.82459468110602
2013-02-28 00:00:00,197.87390508509964,206.84649538976507,213.9171043425994
2013-02-28 02:00:00,201.8589774863117,206.846496431931,213.70353417016628
2013-02-28 04:00:00,205.6732259513878,208.20679734269248,213.69487879632703
2013-02-28 06:00:00,202.63678597087184,208.1968428433443,210.1146551342775
2013-02-28 08:00:00,197.60169217349488,197.7972950013027,196.47609121946186
2013-02-28 10:00:00,198.0658442407435,197.17467139946103,196.95376473948943
2013-02-28 12:00:00,198.06584198974258,197.17467289812456,197.50176773211933
2013-02-28 14:00:00,198.06584481458805,197.620606713963,198.42339946435712
2013-02-28 16:00:00,197.50250847735677,202.1861743953292,202.18213765198044
2013-02-28 18:00:00,188.02142916974395,199.73478051267278,196.5991526987404
2013-02-28 20:00:00,160.41223159141563,197.0683401279604,193.81736911576925
2013-02-28 22:00:00,160.4122261996538,197.1746713415357,193.76210916267638
2013-03-01 00:00:00,160.41222546839472,197.1746716337742,193.506098839656
2013-03-01 02:00:00,160.4122237271404,197.1746705907363,193.0223450607264
2013-03-01 04:00:00,102.8270560925733,195.80803046249696,189.24227187495998
2013-03-01 06:00:00,83.54067300321853,193.71973290361575,188.1718839037996
2013-03-01 08:00:00,83.54067258262971,191.1504061857264,186.71872360044932
2013-03-01 10:00:00,83.54067265760445,187.9104723180954,187.7291619097569
2013-03-01 12:00:00,83.54067278970656,195.90945245315493,193.99278803790736
2013-03-01 14:00:00,83.54067264139763,195.9395243982527,194.15495937110467
2013-03-01 16:00:00,102.98018705133532,204.51257374025235,203.1576431759342
2013-03-01 18:00:00,149.22408498370896,211.6842199195192,203.63454334691664
2013-03-01 20:00:00,179.685823505361,212.46386925268234,204.57841591031934
2013-03-01 22:00:00,208.34781317041933,211.86679988109347,205.73084584054712
2013-03-02 00:00:00,208.49783693555503,212.58047136111657,208.54746126552814
2013-03-02 02:00:00,208.09072796040283,212.25802450610146,209.5042136754319
2013-03-02 04:00:00,208.73167860214792,215.26292104754424,208.38645230707186
2013-03-02 06:00:00,209.50820873168155,222.44256965175322,179.5615181281518
2013-03-02 08:00:00,209.5082080347856,211.52468274337673,141.42194519294114
2013-03-02 10:00:00,196.45831735232684,211.68418226779875,128.74416178428902
2013-03-02 12:00:00,178.8239759893048,211.68421452090817,127.78137095542256
2013-03-02 14:00:00,176.7503156012674,211.68426854123476,132.46545304075622
2013-03-02 16:00:00,173.83245632595327,238.83159923217116,152.1202887977015
2013-03-02 18:00:00,169.68054006301537,268.5442178385606,151.05250496243661
2013-03-02 20:00:00,161.46803356271266,274.1360168226152,150.35612174494094
2013-03-02 22:00:00,166.4089225097993,265.10442116578747,150.3572728630974
2013-03-03 00:00:00,169.68054143266582,256.0728236021057,150.314467206858
2013-03-03 02:00:00,174.76762325852798,261.25864278613204,150.09466049207327
2013-03-03 04:00:00,191.89033884398816,268.54432624148023,148.98265674725283
2013-03-03 06:00:00,197.29539898821722,254.0304895937025,138.21944755688043
2013-03-03 08:00:00,197.35638961916624,200.4063129528684,116.90324566658117
2013-03-03 10:00:00,198.97259900273218,190.50257801497364,115.84580544837007
2013-03-03 12:00:00,212.2148305250705,189.95686497904802,124.69829420371053
2013-03-03 14:00:00,214.56557873995683,191.26692641512557,142.5935773492582
2013-03-03 16:00:00,214.04272179083074,210.7000811241242,207.2383270405493
2013-03-03 18:00:00,212.82020507545803,213.47679613106772,207.87320451525892
2013-03-03 20:00:00,211.49992898150472,206.26049794900482,208.5842835006922
2013-03-03 22:00:00,209.10272815224334,203.37559111859042,207.82517980463905
2013-03-04 00:00:00,206.83566085441066,201.82796382102458,206.94364198409758
2013-03-04 02:00:00,199.8595556255218,201.02661052370888,206.32967927509378
2013-03-04 04:00:00,197.5907965819929,196.70801042069462,203.99293207209638
2013-03-04 06:00:00,141.74262881250812,141.84728897035353,147.27488494837615
2013-03-04 08:00:00,75.48199233109969,74.53145472648384,77.04673901271104
2013-03-04 10:00:00,71.93325457991824,70.93672601573567,76.03427682397854
2013-03-04 12:00:00,71.93325448069643,70.93672625254256,76.04513585478485
2013-03-04 14:00:00,74.14215244579384,75.63952532744452,78.99049362443523
2013-03-04 16:00:00,79.03060941964152,84.80275039172288,93.97919329337172
2013-03-04 18:00:00,77.141756428058,82.04499663109402,90.686196012627
2013-03-04 20:00:00,71.93325591052024,82.04499567454913,86.97477088899228
2013-03-04 22:00:00,71.93328357786419,82.04499903171592,85.92113712750131
2013-03-05 00:00:00,79.03060653673222,84.23802484270284,86.52379863563914
2013-03-05 02:00:00,79.0306090348558,89.56965199650148,87.75762372591544
2013-03-05 04:00:00,79.0306091346875,97.93430657632783,94.99158359422033
2013-03-05 06:00:00,78.8624486100851,90.7082971587264,89.65757570098387
2013-03-05 08:00:00,66.04244803365552,67.4867983694142,74.39051247829559
2013-03-05 10:00:00,66.0424474756222,67.48679607370029,74.185425054136
2013-03-05 12:00:00,66.04244825418647,67.48679666116826,74.27102409602631
2013-03-05 14:00:00,77.17796727334287,83.24130492021706,84.46188443988146
2013-03-05 16:00:00,121.89327965605722,121.28469085390563,173.12060280650945
2013-03-05 18:00:00,142.78317755373695,134.5269961195225,172.51124427235953
2013-03-05 20:00:00,142.7831745668969,133.97602011905224,169.2256880975875
2013-03-05 22:00:00,163.42711346330213,150.47040158771526,183.94431046302935
2013-03-06 00:00:00,175.97933840554674,160.22580100912143,189.53527151511975
2013-03-06 02:00:00,182.33271267511634,164.65722738215504,194.80576141421204
2013-03-06 04:00:00,183.71952524001438,164.6579800967592,197.18413446398108
2013-03-06 06:00:00,137.99926927122948,129.74394745934308,147.233338496075
2013-03-06 08:00:00,92.27901246352394,95.15755901927106,98.20686379089798
2013-03-06 10:00:00,79.4943270856252,81.78123827836117,82.44208821310264
2013-03-06 12:00:00,79.03060858447492,81.15407016082398,81.55642013193993
2013-03-06 14:00:00,80.91532086271876,82.55100211379943,85.65712715517142
2013-03-06 16:00:00,91.73002256324759,90.84178759139533,97.67184208880289
2013-03-06 18:00:00,75.53378852577296,83.9479251335276,87.29779965022828
2013-03-06 20:00:00,59.38536484003892,83.9479202172417,86.31915546033571
2013-03-06 22:00:00,58.76184239260184,83.94791953396832,86.22468084208589
2013-03-07 00:00:00,58.76184139238299,83.94791959499162,86.15179631914589
2013-03-07 02:00:00,58.76184071605671,83.94791985979174,86.27089685455755
2013-03-07 04:00:00,58.76183993421129,83.9479202886966,84.61087912516614
2013-03-07 06:00:00,58.76183897505884,82.50276775384478,77.54641581495734
2013-03-07 08:00:00,58.76183761691689,66.25875236002678,65.75064160430733
2013-03-07 10:00:00,58.76183744848639,66.25874574323556,65.56476014622208
2013-03-07 12:00:00,58.76183733927246,66.2587436854449,63.553411977042785
2013-03-07 14:00:00,58.76183718426441,66.25875362840713,62.22265401736104
2013-03-07 16:00:00,58.761836868177525,66.25875524339054,49.05720666059878
2013-03-07 18:00:00,58.76183598417141,66.25874970099315,47.9032029960232
2013-03-07 20:00:00,58.76183541927335,66.25874829294611,47.532866613153274
2013-03-07 22:00:00,58.761835644630736,66.25874817699352,48.073126174895506
2013-03-08 00:00:00,58.761835779083256,66.25874760557332,48.06738200538396
2013-03-08 02:00:00,58.76183599619789,66.25874771069705,48.07028158714392
2013-03-08 04:00:00,58.76183603773929,66.25874753104037,48.102661518085384
2013-03-08 06:00:00,58.76183575620546,65.91621505517385,43.84262879060246
2013-03-08 08:00:00,47.145745586718526,65.15487907287506,33.29694581458929
2013-03-08 10:00:00,28.391898173283266,65.15487102470657,29.89106347297587
2013-03-08 12:00:00,47.34972885517121,65.63931149272403,33.58291240654923
2013-03-08 14:00:00,58.761835351969054,66.07697353437855,44.72810414283464
2013-03-08 16:00:00,58.76183555902656,66.25874610288176,64.12614295763211
2013-03-08 18:00:00,58.761833717775254,66.25874572315823,65.00427849362418
2013-03-08 20:00:00,58.761832036967455,66.25874958604608,70.08607885344156
2013-03-08 22:00:00,58.76183539293054,66.65905302751887,73.7932440424108
2013-03-09 00:00:00,58.76183521403644,66.2907768654301,73.50069923112534
2013-03-09 02:00:00,58.761835098781575,65.89520128951273,73.1293958359924
2013-03-09 04:00:00,58.761834811246175,64.73604011913712,72.0998491285927
2013-03-09 06:00:00,58.76182899073784,64.97639229034067,68.76701560908984
2013-03-09 08:00:00,49.260666129813075,65.93182893063413,55.73042744521982
2013-03-09 10:00:00,57.25888227880537,64.27427837858792,61.049535594386754
2013-03-09 12:00:00,58.76183531793039,63.046163633493606,64.18144204506383
2013-03-09 14:00:00,58.76183561368897,66.01986380081995,68.85430252991367
2013-03-09 16:00:00,58.7618356989187,66.64813879041154,72.94690944018092
2013-03-09 18:00:00,58.761835694493044,67.03755139571565,68.62272918250588
2013-03-09 20:00:00,58.76183568900814,66.30678234845644,68.35366692621301
2013-03-09 22:00:00,58.761835697339535,67.90230984018046,72.02890951202068
2013-03-10 00:00:00,58.76183564213497,67.37596681930965,71.63835525793473
2013-03-10 02:00:00,58.76183555548812,66.30678639522012,70.44335426126764
2013-03-10 04:00:00,58.76183545217488,67.79691296708835,68.78143228264416
2013-03-10 06:00:00,58.72588146147329,63.28557556409751,64.2563871943123
2013-03-10 08:00:00,47.23290088482893,56.40175921093211,38.872654598823246
2013-03-10 10:00:00,47.4613912188912,56.5186159089917,38.584428342867845
2013-03-10 12:00:00,47.8388410174578,57.13330044750033,39.69596739530274
2013-03-10 14:00:00,50.944388996560576,60.16985169745481,43.16602236811502
2013-03-10 16:00:00,58.761834831386906,75.87112356195948,67.62168409576736
2013-03-10 18:00:00,58.761834747021155,75.87113899536926,78.73480018951591
2013-03-10 20:00:00,58.761834096826895,75.87115406028997,83.09559964854948
2013-03-10 22:00:00,58.76183486192994,75.87116724289139,92.63100468234995
2013-03-11 00:00:00,58.76183480110133,76.38349575390203,93.02045074254565
2013-03-11 02:00:00,58.761834819160974,75.87114079053532,95.13836900819945
2013-03-11 04:00:00,58.76183456272107,73.24167265447552,95.4980241048773
2013-03-11 06:00:00,58.761830620319174,71.35679802164495,93.05485961948878
2013-03-11 08:00:00,28.719126304790578,63.03886098761576,89.87452095418077
2013-03-11 10:00:00,52.99136720911356,68.10803452169327,92.08615221078732
2013-03-11 12:00:00,58.76182928772152,68.82955691568873,90.97574033344335
2013-03-11 14:00:00,56.59736169633052,65.99354824857932,104.54394673590757
2013-03-11 16:00:00,58.76183093973891,73.98764485531986,158.98235798990356
2013-03-11 18:00:00,58.76183472043459,75.01952519103568,187.84751478433185
2013-03-11 20:00:00,58.76183471252875,75.0193287192147,189.70980256806223
2013-03-11 22:00:00,58.761834766172775,75.87112425572624,194.29360259896174
2013-03-12 00:00:00,58.76183481715161,74.98845973292839,194.2992021103955
2013-03-12 02:00:00,58.76183505234846,72.10412111038671,195.53365735791175
2013-03-12 04:00:00,58.76183518033272,75.0193175134589,195.24213082361126
2013-03-12 06:00:00,58.7618353255055,63.62195846272027,190.6366721513841
2013-03-12 08:00:00,58.7618353069379,53.497660487970975,182.6963857058629
2013-03-12 10:00:00,58.761835454239076,54.84020582177197,186.69539267422846
2013-03-12 12:00:00,59.69841900838301,55.13979262944375,189.56017661771665
2013-03-12 14:00:00,138.80735601623815,102.59274867821094,194.4168160536742
2013-03-12 16:00:00,193.21901144207368,198.81180220674756,213.61200963413273
2013-03-12 18:00:00,198.8182834111192,198.78038388602175,214.95159708444598
2013-03-12 20:00:00,201.9372507553577,201.0280015415476,210.90776603696264
2013-03-12 22:00:00,199.96614071184746,202.11298279897562,210.8806366008132
2013-03-13 00:00:00,199.92340802091195,202.2516612036435,211.06722095511296
2013-03-13 02:00:00,199.8806577482682,202.2516617466229,211.51726158970325
2013-03-13 04:00:00,206.47798614358533,206.84652855873807,217.5742957088193
2013-03-13 06:00:00,203.70798621421108,202.71699972416644,214.57136372825465
2013-03-13 08:00:00,192.9076721973002,198.07320475245518,209.61870438880834
2013-03-13 10:00:00,161.57718484074786,191.23176134777754,208.44455735839557
2013-03-13 12:00:00,161.57717733739986,191.23176067110177,208.9959595561632
2013-03-13 14:00:00,111.10606792343006,196.0593590448483,213.40908255381325
2013-03-13 16:00:00,60.634981321181215,202.49320037549109,224.58152848302723
2013-03-13 18:00:00,112.78640342911447,206.23081345679518,227.1324046293204
2013-03-13 20:00:00,161.57717711611045,201.05226269893785,218.7950825172531
2013-03-13 22:00:00,161.57717818976823,198.29930047618575,212.94334520757877
2013-03-14 00:00:00,161.57717800385063,197.55183393507707,212.2745044792531
2013-03-14 02:00:00,166.51988586101058,197.01846090157875,213.86637621394772
2013-03-14 04:00:00,199.32298966284554,203.16081602515334,221.67727956917471
2013-03-14 06:00:00,201.0035140966014,206.2216047715362,216.08639386373773
2013-03-14 08:00:00,184.78034020509932,188.09795385088137,196.15115674449936
2013-03-14 10:00:00,197.701514454779,196.81677907769972,204.4972342440629
2013-03-14 12:00:00,198.7752557969739,197.8715241295783,206.61226384101695
2013-03-14 14:00:00,198.93605706302836,197.8715252561399,207.72556297839617
2013-03-14 16:00:00,212.97802276592017,206.28569820526974,223.81857218374728
2013-03-14 18:00:00,223.14007658931052,207.1917056322538,231.21111177854482
2013-03-14 20:00:00,210.1805037452896,205.33805214030815,219.4640937937006
2013-03-14 22:00:00,191.1913882267133,198.540629456952,208.6747510904313
2013-03-15 00:00:00,180.72233289534222,197.87152770899223,208.24037639903628
2013-03-15 02:00:00,59.02482719191639,197.87152564771213,209.54475446483747
2013-03-15 04:00:00,58.76183475335563,197.56791655321888,214.19621381931995
2013-03-15 06:00:00,58.76183441993413,135.2948510727739,178.78983218553702
2013-03-15 08:00:00,58.76183398705061,57.77743800888402,118.6578621509471
2013-03-15 10:00:00,57.67959545281621,52.66579025312879,89.54284751408808
2013-03-15 12:00:00,52.24561344432438,48.046538097035466,66.11231548330332
2013-03-15 14:00:00,58.76183313166484,52.00217118288802,114.19579744901495
2013-03-15 16:00:00,58.76183324493658,61.696571218895016,152.9572306086555
2013-03-15 18:00:00,58.761833109704014,62.949232880022755,153.57418363500986
2013-03-15 20:00:00,58.76183246790872,63.19783113320429,124.75767751443476
2013-03-15 22:00:00,57.28977803100502,62.42914264078409,114.1019878278673
2013-03-16 00:00:00,48.075514986139794,62.09886080379684,112.80925061437708
2013-03-16 02:00:00,47.2209310181407,62.09885434150142,113.80838246336101
2013-03-16 04:00:00,42.40281073313102,54.05549785948865,114.35596968668554
2013-03-16 06:00:00,4.49907777123087,14.404847270045403,54.345058196647905
2013-03-16 08:00:00,0.0255303435268761,2.8486211570450237,5.5539859316253875
2013-03-16 10:00:00,0.0255304911790543,2.658690469462358,5.3797729716549645
2013-03-16 12:00:00,0.02553031186861565,6.980999184236332,5.37925451260908
2013-03-16 14:00:00,6.8144395898235794,38.559668421939705,15.468092313456085
2013-03-16 16:00:00,0.031939497057284605,59.36546122645855,44.24467451090811
2013-03-16 18:00:00,0.025530604895091097,47.59358348478787,30.842167277635113
2013-03-16 20:00:00,0.025531411273579198,34.73952527196266,30.84216873889683
2013-03-16 22:00:00,0.0255318570883471,38.91002147319112,31.04807125609876
2013-03-17 00:00:00,4.51648392664376,59.47633271982592,33.26745589155857
2013-03-17 02:00:00,14.62863257446313,59.52148051965461,35.3460425742456
2013-03-17 04:00:00,32.020810958250514,59.52148029884647,38.06428346195621
2013-03-17 06:00:00,47.142742154053266,59.521482022323106,34.64381718842091
2013-03-17 08:00:00,24.055355993904314,59.431200067674936,19.347624798534643
2013-03-17 10:00:00,43.95287330489606,59.4763397670353,21.072922084936472
2013-03-17 12:00:00,50.238254161948774,59.52147833295564,25.221077421058787
2013-03-17 14:00:00,57.56254673653426,61.052204260965055,39.388678298727214
2013-03-17 16:00:00,57.090192208783805,62.638429967438576,47.18947175419349
2013-03-17 18:00:00,52.63652767309834,61.42857393679412,47.16635051047718
2013-03-17 20:00:00,54.601350054445646,61.442493296047886,46.873905854673666
2013-03-17 22:00:00,58.761829943222025,69.38644571414217,48.86483430875804
2013-03-18 00:00:00,58.7618328697794,71.26792418687832,49.38765744226722
2013-03-18 02:00:00,58.76183295557613,73.20240123869807,50.240900697903704
2013-03-18 04:00:00,58.76183311090425,85.5924901862127,53.470957536081706
2013-03-18 06:00:00,58.76183310772329,79.18750508790868,59.60293085531504
2013-03-18 08:00:00,58.76183290043186,63.34871674605798,62.21401932055079
2013-03-18 10:00:00,58.76183312338247,63.34870342376513,69.74306752910714
2013-03-18 12:00:00,59.67602788607637,63.348732414145545,70.56915823777092
2013-03-18 14:00:00,65.43397901810526,71.75813354062169,73.70267267627028
2013-03-18 16:00:00,79.00576882653601,111.58044420212866,85.64753635567985
2013-03-18 18:00:00,79.0057666243502,130.72118666191525,86.58728936332895
2013-03-18 20:00:00,63.97356850740222,134.1741672700967,88.39420648429257
2013-03-18 22:00:00,63.97356472225175,137.16110524037535,94.44586042319652
2013-03-19 00:00:00,63.9735644514879,151.7991845846538,94.5118276114051
2013-03-19 02:00:00,63.98096262887739,152.34318582843113,100.47569643821475
2013-03-19 04:00:00,58.76183372046607,152.45645109226842,114.76715483944265
2013-03-19 06:00:00,58.761833345690576,133.68474105896289,100.51689057819542
2013-03-19 08:00:00,58.76183321503866,94.59163457218264,76.9624617206726
2013-03-19 10:00:00,58.76183349900899,93.55715693399539,73.21556060730836
2013-03-19 12:00:00,58.76183409771036,93.55715549096794,74.71027480749359
2013-03-19 14:00:00,58.76183400665538,93.55715551710068,82.10570331499
2013-03-19 16:00:00,58.761833447152966,113.70000601698166,119.73307314618381
2013-03-19 18:00:00,58.76183319555264,120.7695137987189,124.86449594893672
2013-03-19 20:00:00,58.76183314949611,115.83876320233202,123.45259002417889
2013-03-19 22:00:00,58.76183321648524,115.9541730028495,123.46411324113751
2013-03-20 00:00:00,58.76183319252361,115.83768718958612,124.77944424134229
2013-03-20 02:00:00,58.76183310201894,116.43668349272863,125.97947009212461
2013-03-20 04:00:00,58.76183301563786,130.62353823866397,141.33848914097464
2013-03-20 06:00:00,58.76183293988452,121.24387899950955,131.84559827515403
2013-03-20 08:00:00,58.76183288323464,106.2883347968615,112.07180825681871
2013-03-20 10:00:00,58.761832990516886,99.7689367016595,109.75285649095053
2013-03-20 12:00:00,58.76183315259575,101.1350953454947,110.79642234554171
2013-03-20 14:00:00,103.12420950549011,112.05161203745647,120.89104637017184
2013-03-20 16:00:00,170.9185021864104,172.78826824045967,182.31420115569716
2013-03-20 18:00:00,178.37490504307402,179.005245605756,186.80537402330737
2013-03-20 20:00:00,197.26438058817925,198.12131809468846,198.32683305318184
2013-03-20 22:00:00,207.6086039103269,209.54583432643867,204.34935170685873
2013-03-21 00:00:00,207.2616689132683,206.84650124499737,205.04906194919135
2013-03-21 02:00:00,206.19560068018757,207.4537025988048,204.85043672343912
2013-03-21 04:00:00,204.6233928523165,205.2856212900506,205.3036375472892
2013-03-21 06:00:00,184.5460760547203,184.0808301149218,195.41000687468411
2013-03-21 08:00:00,161.22842515688353,127.07140083295013,184.32800043797215
2013-03-21 10:00:00,161.2284231176826,127.07139996786645,184.33254945304037
2013-03-21 12:00:00,161.2284538335869,127.07140032873332,184.32806833624207
2013-03-21 14:00:00,161.23983598679348,127.07140028952185,184.35413195178228
2013-03-21 16:00:00,161.25123072273874,146.1546386116213,189.12853475679947
2013-03-21 18:00:00,110.94309853653841,156.2886375854044,190.6657813166096
2013-03-21 20:00:00,58.761832440041616,129.67416733441317,187.9003292055893
2013-03-21 22:00:00,58.76183204169366,127.07140217121861,185.94950328769454
2013-03-22 00:00:00,58.76183134780189,127.07140181732511,186.01648034201054
2013-03-22 02:00:00,58.761825710075605,127.071401743761,185.68064119022696
2013-03-22 04:00:00,58.583777411855934,127.07140372036719,183.81611609244365
2013-03-22 06:00:00,38.52339224687456,72.3597784490463,108.41004788983057
2013-03-22 08:00:00,1.8862362000919568,2.730567209844918,8.90984639379981
2013-03-22 10:00:00,0.0255305674656621,2.64545999127058,5.526573432632625
2013-03-22 12:00:00,0.0255302772086654,2.64547027312042,5.7349311009498685
2013-03-22 14:00:00,0.02553041389406035,2.6665191987127472,13.175874282354911
2013-03-22 16:00:00,0.02637702258424475,2.655808893101913,43.16842460399379
2013-03-22 18:00:00,0.02553249860980365,2.6557767964224714,41.72994053363102
2013-03-22 20:00:00,0.025531376964951752,2.6557777174101855,41.717194586449445
2013-03-22 22:00:00,0.0255318160952756,2.6569999267797977,38.12164357350284
2013-03-23 00:00:00,0.02553071134197305,2.6557883403918434,36.20045282619502
2013-03-23 02:00:00,0.025530830714873998,2.6557945949236004,36.190225292240825
2013-03-23 04:00:00,0.0255311098521893,2.655789855826998,36.773227140701515
2013-03-23 06:00:00,0.025531826328513897,2.6557780755379654,33.54127545744042
2013-03-23 08:00:00,0.02553020259284915,2.6557753983388217,12.771832475872818
2013-03-23 10:00:00,0.02553016722230415,2.6557761798766295,7.512812340136355
2013-03-23 12:00:00,0.02553018675524615,2.655775861790808,9.646050998386572
2013-03-23 14:00:00,0.0255304700869229,2.655776629011597,35.23254586460329
2013-03-23 16:00:00,0.0255310902368693,2.6570099668408647,47.45544594204277
2013-03-23 18:00:00,0.0255311994347706,2.6570080777472125,47.776436189961935
2013-03-23 20:00:00,0.025531352353112498,2.657008584690556,47.98111030954206
2013-03-23 22:00:00,0.0255403679455593,2.657011645734271,52.14945374560443
2013-03-24 00:00:00,0.0255322448806673,2.6570098789335646,52.149450422799354
2013-03-24 02:00:00,0.0255317832506776,2.6570100741968323,52.274509985305556
2013-03-24 04:00:00,0.0255323791435587,2.657010779495123,51.9290338482598
2013-03-24 06:00:00,0.0255318051130183,2.6566328083338897,48.23591519322184
2013-03-24 08:00:00,0.0255302821341805,2.655776595496115,32.95759017332972
2013-03-24 10:00:00,0.02553031431895445,2.655781015853811,13.812834195383832
2013-03-24 12:00:00,0.025530289933081103,2.65577629588379,7.618023662413025
2013-03-24 14:00:00,0.02553038826083285,2.6557779684125036,36.07066004816895
2013-03-24 16:00:00,0.02553111101098245,2.6570101159791975,46.29203486649634
2013-03-24 18:00:00,0.02553120434054015,2.6570097804638335,47.404906882763555
2013-03-24 20:00:00,0.0255314065493895,2.6570093233503504,47.40528076854914
2013-03-24 22:00:00,0.026548788931044648,2.657011366137278,47.60532471498254
2013-03-25 00:00:00,0.026518449291150402,2.6570113983702655,47.724974269429744
2013-03-25 02:00:00,0.02756238104234575,2.657012329397221,47.72497468330499
2013-03-25 04:00:00,0.0255379848455647,2.657012629704857,47.74718719616206
2013-03-25 06:00:00,0.025540904725690303,2.6570111503368543,47.00185552478878
2013-03-25 08:00:00,0.025530407894819,2.6557758444648703,38.65052499995599
2013-03-25 10:00:00,0.02553025772937505,2.6557740953650906,36.83204568633419
2013-03-25 12:00:00,0.025530251283834147,2.6557724152721125,40.242217448874904
2013-03-25 14:00:00,0.0255303778547077,2.6557774854312477,43.777607092938275
2013-03-25 16:00:00,0.0317494954142471,2.674337174082054,56.55339572919303
2013-03-25 18:00:00,0.9329855569560155,5.679965185079735,56.77251276145484
2013-03-25 20:00:00,12.402812141645963,16.057837314713204,59.78167829137081
2013-03-25 22:00:00,54.01165891552592,61.64201138319432,73.10209883057433
2013-03-26 00:00:00,56.59734341194078,63.06821000936778,82.77197162518549
2013-03-26 02:00:00,56.66251269817113,63.06819689590198,87.172299552136
2013-03-26 04:00:00,56.75980941082064,63.06916597214843,88.76047262379711
2013-03-26 06:00:00,56.686661813585665,62.432455571587056,84.670076755158
2013-03-26 08:00:00,0.0255305652910394,29.608600365828806,69.38051905783173
2013-03-26 10:00:00,0.0255301660989148,2.6451280196003006,45.94003318630243
2013-03-26 12:00:00,0.025530328808700098,2.6512319930800894,46.68843788663955
2013-03-26 14:00:00,23.097530153059637,51.74617445445614,77.5101781489882
2013-03-26 16:00:00,57.589069405885624,70.43845943364418,103.25519636214722
2013-03-26 18:00:00,58.580794751310606,79.67044341996767,107.5781972507861
2013-03-26 20:00:00,58.58079473487055,79.14551884026,107.51649000377114
2013-03-26 22:00:00,58.58079467170538,79.57983182683813,107.34118820869402
2013-03-27 00:00:00,58.580794653092966,80.20558969109584,109.72535231246205
2013-03-27 02:00:00,58.58079457872557,85.30690350901669,115.91431805487164
2013-03-27 04:00:00,58.580794470302415,92.3677562560678,122.07607159683158
2013-03-27 06:00:00,58.580794157312376,78.66090075015165,107.92014178927104
2013-03-27 08:00:00,56.205312703022315,61.303366839515306,76.30041586747942
2013-03-27 10:00:00,56.597328119279666,61.23595999579862,74.07414471029887
2013-03-27 12:00:00,55.97166341732776,61.44409983310667,75.09133595455413
2013-03-27 14:00:00,57.226239115855336,62.89792520451182,81.34939300230629
2013-03-27 16:00:00,58.580793813501444,87.5827234299887,100.5995061516387
2013-03-27 18:00:00,58.58079384258658,93.59150810248619,103.33936314908642
2013-03-27 20:00:00,58.580793748808915,98.23984250445545,111.21809516911573
2013-03-27 22:00:00,58.58079366584215,102.49250538901322,115.20828649270635
2013-03-28 00:00:00,58.58079361458894,105.14486228999026,116.4078950142949
2013-03-28 02:00:00,58.58079352966452,114.4247565894807,128.36096477799552
2013-03-28 04:00:00,58.58079343698046,114.95543393875502,134.18471643967143
2013-03-28 06:00:00,58.5807933302701,104.24601003341542,126.19594222133117
2013-03-28 08:00:00,58.580793075548705,86.89589622336004,104.61043690943453
2013-03-28 10:00:00,58.580793073020445,86.89587777689485,100.1058798698381
2013-03-28 12:00:00,58.58079315990035,88.67244003392334,107.7091929610105
2013-03-28 14:00:00,58.580793115746005,91.47587486778589,116.01819574447555
2013-03-28 16:00:00,58.580793482126744,150.62395166700645,157.21818893261167
2013-03-28 18:00:00,60.63496410666262,158.8515356722932,164.27818010491845
2013-03-28 20:00:00,89.40253331702654,158.85153764373135,164.11712276833424
2013-03-28 22:00:00,95.10627110826132,158.85154394974802,164.52142163498434
2013-03-29 00:00:00,95.77149875847442,159.32769025949307,165.49982586936204
2013-03-29 02:00:00,98.46968499240097,164.3453696075572,168.94370401963198
2013-03-29 04:00:00,150.13810773487336,168.90089858123375,172.55860752128757
2013-03-29 06:00:00,143.54486081717306,163.15566939752645,165.42249978762015
2013-03-29 08:00:00,140.808946961374,154.45049495013285,155.42292463314362
2013-03-29 10:00:00,163.20836739650042,160.9031997150756,156.7474983818836
2013-03-29 12:00:00,167.8057976335911,173.43060367277178,158.45661045360288
2013-03-29 14:00:00,172.5327194557239,178.24221589918443,167.77276129206638
2013-03-29 16:00:00,177.39278904573746,196.6415809180804,194.75352092745354
2013-03-29 18:00:00,185.74491840712392,202.55881382993823,206.0214240092584
2013-03-29 20:00:00,191.02218154522603,201.90052488218083,206.7789656427314
2013-03-29 22:00:00,201.46149478611193,200.96978215950668,208.68193664096327
2013-03-30 00:00:00,201.56549824759333,200.6124057906373,208.53344895036966
2013-03-30 02:00:00,201.01090065518608,200.06762113784654,207.85494897376987
2013-03-30 04:00:00,198.6860956748736,200.40759969233176,205.71484729735545
2013-03-30 06:00:00,171.2426898910656,170.2716050049014,184.68287214272982
2013-03-30 08:00:00,151.51453066159155,141.05870982309972,177.83538800864977
2013-03-30 10:00:00,151.5145453597617,141.17786587519595,177.83538774654392
2013-03-30 12:00:00,152.37215155091621,144.2200460832275,177.8676936041267
2013-03-30 14:00:00,154.20114710132623,148.20878882543676,180.42146356698584
2013-03-30 16:00:00,170.581478921865,171.74639010614447,203.39832856948945
2013-03-30 18:00:00,179.9162478120383,196.21884249205542,207.84420172827265
2013-03-30 20:00:00,177.11096722246248,197.56332595713548,207.36616544271578
2013-03-30 22:00:00,177.04386136326605,197.3832696878012,207.45165715702524
2013-03-31 00:00:00,188.68011596005533,198.43428942581747,209.00265494615877
2013-03-31 02:00:00,193.68356104445633,204.10724986748636,207.80075057327542
2013-03-31 04:00:00,196.22684153326514,206.0544300586625,206.63156668781454
2013-03-31 06:00:00,179.648580668475,186.81219452008347,186.76185980943836
2013-03-31 08:00:00,165.0899358054321,167.4659429361556,170.29542848384588
2013-03-31 10:00:00,168.56968105891713,168.40797501570856,170.29543667159004
2013-03-31 12:00:00,169.74042725631944,169.3503862857678,170.29543703340082
2013-03-31 14:00:00,170.9274975501786,170.51639838761818,171.28487307376136
2013-03-31 16:00:00,182.71286940777597,182.09328292976642,184.58270562333956
2013-03-31 18:00:00,192.12686994201906,191.34075041580832,193.43975959735496
2013-03-31 20:00:00,179.88279711772338,180.4793319082313,191.51722859143024
2013-03-31 22:00:00,169.74036082283936,171.6823782083988,188.38596309045766
2013-04-01 00:00:00,172.26349393845877,175.21451939809165,190.63986338741176
2013-04-01 02:00:00,186.23465968532776,185.80266803497608,193.00619957838768
2013-04-01 04:00:00,189.8747207593804,189.03083898149964,194.63520521535386
2013-04-01 06:00:00,72.34802014124367,61.23041945258013,99.8353831860619
2013-04-01 08:00:00,58.5807886242038,44.764843669281476,86.78339481226614
2013-04-01 10:00:00,58.58078798737131,16.52129774629916,87.37990101404606
2013-04-01 12:00:00,58.58078790995974,7.924837368298363,87.91453170436276
2013-04-01 14:00:00,58.580788129586466,18.501653576946158,91.09896377694359
2013-04-01 16:00:00,59.155289620050574,58.02988271762304,133.35457423379626
2013-04-01 18:00:00,59.53860647845451,63.070129778124425,142.66267962082313
2013-04-01 20:00:00,58.62151032255656,62.90092303006621,142.89084619714168
2013-04-01 22:00:00,58.675830907586096,61.25570386397929,142.89290927276247
2013-04-02 00:00:00,60.00347876421205,62.90092466572518,145.7499325836164
2013-04-02 02:00:00,86.29051999677004,73.31391083643904,150.27672409652297
2013-04-02 04:00:00,89.89530335073499,75.03469508110123,150.33732780650752
2013-04-02 06:00:00,66.11449055540812,59.77913929068536,95.91031388355583
2013-04-02 08:00:00,57.52720624896728,53.74942439091551,80.70853853947773
2013-04-02 10:00:00,56.12283063070851,43.47969631382552,82.30300213353661
2013-04-02 12:00:00,56.122830280393,48.53515188577174,81.66761853504035
2013-04-02 14:00:00,56.14233172148558,52.161077861703504,83.29889875562647
2013-04-02 16:00:00,58.176696776186084,61.23041551988508,92.01176230595463
2013-04-02 18:00:00,58.58078580003434,63.07012847421042,93.6575610664274
2013-04-02 20:00:00,56.41863290909991,63.07012779019402,91.00469387959697
2013-04-02 22:00:00,56.4251417056571,63.070128064209015,91.21295664281921
2013-04-03 00:00:00,58.58078545158852,63.07013135870126,93.78519842299164
2013-04-03 02:00:00,58.580786281912694,70.15931282760872,99.54289871870941
2013-04-03 04:00:00,58.58078610661447,72.24871336341761,99.36349502803884
2013-04-03 06:00:00,58.580785476018804,65.38496432478877,80.12981870929531
2013-04-03 08:00:00,53.51139638524897,52.18270711511545,67.07237918971319
2013-04-03 10:00:00,51.10089154491553,48.803219257884116,66.6032722297729
2013-04-03 12:00:00,51.343286256998,49.04869536611747,67.07880095437943
2013-04-03 14:00:00,51.70240626734634,49.41785768501487,69.7476474272151
2013-04-03 16:00:00,57.1302742362416,58.45747432678246,79.4522988621515
2013-04-03 18:00:00,58.58078378331783,63.0480443771561,82.20363662334887
2013-04-03 20:00:00,56.588445705720645,60.583566278753906,81.58941080803618
2013-04-03 22:00:00,56.579550566005274,58.209953472580864,81.634084552847
2013-04-04 00:00:00,56.59920781591665,58.20995387212385,81.69660286715398
2013-04-04 02:00:00,57.98926967140114,61.1419225040472,87.63723554522029
2013-04-04 04:00:00,58.58078426955943,64.96687066351816,93.66988062776653
2013-04-04 06:00:00,56.97618750395682,56.71439726027714,77.53212891841117
2013-04-04 08:00:00,47.63327311965179,45.500309309761704,71.36945022547934
2013-04-04 10:00:00,44.84712899453979,9.834905748920809,65.06094993283892
2013-04-04 12:00:00,53.57497739088352,23.43738853092496,63.02479911474636
2013-04-04 14:00:00,56.68683821789678,49.334252930948,70.95184070292399
2013-04-04 16:00:00,58.082377026135035,56.96370491067495,106.78270795259166
2013-04-04 18:00:00,58.58078285397367,58.44459460452148,107.49781546016416
2013-04-04 20:00:00,57.14874857903071,58.212727307092194,107.98990620139502
2013-04-04 22:00:00,57.14874859884931,58.21046908610671,108.97593971894608
2013-04-05 00:00:00,57.14876502818466,58.66421505823918,114.85356534630432
2013-04-05 02:00:00,58.580783387384926,66.59290583239431,141.64508419325028
2013-04-05 04:00:00,58.580783684562405,73.67922709915773,146.96418291782038
2013-04-05 06:00:00,58.580783569368116,72.29136183284882,145.0501658732934
2013-04-05 08:00:00,58.58078282476358,69.40937786879024,144.96772285102497
2013-04-05 10:00:00,58.58078319850179,69.40937973433242,145.1330505012722
2013-04-05 12:00:00,58.58078329943409,69.87653058307644,146.4223010666576
2013-04-05 14:00:00,58.58078339813031,76.68627038460689,150.35065088715749
2013-04-05 16:00:00,58.58078558895669,86.65283986841912,190.8341124004983
2013-04-05 18:00:00,62.599325606686975,88.93069136777748,198.9923652985424
2013-04-05 20:00:00,65.92492156046566,89.09720612321064,202.85050146119738
2013-04-05 22:00:00,67.78241832848353,88.87653626962143,201.85865926051716
2013-04-06 00:00:00,86.09834505676251,89.09723472024288,202.2225353490566
2013-04-06 02:00:00,106.00108947461425,91.48577081937408,204.53844090173942
2013-04-06 04:00:00,106.0011025699294,91.42395937345049,204.65104238544427
2013-04-06 06:00:00,106.00110177741965,90.15238175151245,198.71125683302037
2013-04-06 08:00:00,85.83978520001757,87.32256946149272,191.3216790026514
2013-04-06 10:00:00,85.83978486214684,87.32256958732663,190.97117414034773
2013-04-06 12:00:00,85.83978544869618,87.32256781406218,190.97120123272651
2013-04-06 14:00:00,94.6733247799288,87.32256905727252,191.05485397063083
2013-04-06 16:00:00,176.61046998354445,155.75330849942043,203.65016675407736
2013-04-06 18:00:00,210.33384600604776,213.3677419923003,215.12334121813714
2013-04-06 20:00:00,209.90250287224956,213.367746908965,213.85243714160885
2013-04-06 22:00:00,208.15748669536603,212.8887940424757,211.745581835746
2013-04-07 00:00:00,205.91553317905695,209.0042469024973,210.68191126542882
2013-04-07 02:00:00,205.04010327870424,208.2878193049112,209.23727458285327
2013-04-07 04:00:00,205.33323230367975,210.93597072635373,207.8619807736306
2013-04-07 06:00:00,72.34801153852001,74.94468191767058,80.11429453527907
2013-04-07 08:00:00,58.580785541535406,59.390706505311705,71.36698500996904
2013-04-07 10:00:00,58.580782156208585,59.39070566463478,71.36837203921849
2013-04-07 12:00:00,58.580782419900174,59.39070571337045,71.45014561070275
2013-04-07 14:00:00,60.13987270227126,60.67191740659486,72.1325115728453
2013-04-07 16:00:00,159.91541102195117,131.3857597289042,170.9196690128449
2013-04-07 18:00:00,206.2695185966996,175.73795017193487,207.63325778574585
2013-04-07 20:00:00,199.8899872235786,167.99891536490696,207.52494301314704
2013-04-07 22:00:00,180.3017488573688,142.82580062172784,205.25647858555413
2013-04-08 00:00:00,179.72609397718662,142.82579698302132,205.2851106384383
2013-04-08 02:00:00,169.97288010886106,143.76342890349656,205.4725450064969
2013-04-08 04:00:00,169.69238462796756,142.82620712018158,205.47265622360356
2013-04-08 06:00:00,60.453040062392986,62.320600382602066,72.87697154656342
2013-04-08 08:00:00,52.766989235943925,53.29863322414242,62.28107269723384
2013-04-08 10:00:00,50.607890478551454,52.31781886130193,62.20837258329596
2013-04-08 12:00:00,50.60789071255923,54.279814473132234,62.20837368986643
2013-04-08 14:00:00,53.076344643278915,57.80875537783197,64.82770564314195
2013-04-08 16:00:00,58.176734937848266,62.143308449974214,68.61986595314087
2013-04-08 18:00:00,58.58077200482768,61.96640752820986,68.06697384315987
2013-04-08 20:00:00,55.708577412312515,61.26497811633121,67.47464582195195
2013-04-08 22:00:00,55.474900695998215,61.14564270901515,67.24724849433964
2013-04-09 00:00:00,56.51809567060171,61.37890372398121,67.29961969895803
2013-04-09 02:00:00,58.149747529668545,61.49822758574615,67.43239275152328
2013-04-09 04:00:00,58.58077219001469,61.82613641890571,67.49445017890838
2013-04-09 06:00:00,43.77781551709786,45.616026105772555,49.651162660209266
2013-04-09 08:00:00,40.77422449521428,42.665576504404136,44.850902402476166
2013-04-09 10:00:00,40.7742246338406,42.66557788533288,44.866533303853956
2013-04-09 12:00:00,40.774231110616114,42.66557875770252,44.969999642175395
2013-04-09 14:00:00,46.936115527108576,50.39448018676073,50.143661013610995
2013-04-09 16:00:00,58.09016406925831,61.755179317664116,61.76542423466737
2013-04-09 18:00:00,58.553125814509734,62.66210422306886,60.7694247767928
2013-04-09 20:00:00,58.525477490198305,63.0696544786037,60.45654086904091
2013-04-09 22:00:00,58.52685804648104,63.069655622825465,60.45692326675763
2013-04-10 00:00:00,58.58077211757485,63.06966987035184,60.4645354740904
2013-04-10 02:00:00,58.58077278790985,62.67095305812947,62.24540803366626
2013-04-10 04:00:00,58.580772972684564,64.70195780481315,63.90935887534405
2013-04-10 06:00:00,58.580772710370695,62.66015143104943,58.45830036678572
2013-04-10 08:00:00,58.58077265957193,60.42874727128174,55.93172267466225
2013-04-10 10:00:00,58.58077264405815,60.42874753527629,55.931722146754566
2013-04-10 12:00:00,58.580772602717296,60.42874799039709,55.9317223828687
2013-04-10 14:00:00,58.58077273074035,60.42874960948891,56.27763693310628
2013-04-10 16:00:00,61.41575827714644,64.30868686086154,64.36700838094072
2013-04-10 18:00:00,72.34800152731455,65.30941679121163,66.49843567697575
2013-04-10 20:00:00,72.3479973371978,64.35155882496105,65.71005552702181
2013-04-10 22:00:00,66.08587461751031,63.06965778279735,65.65473573114237
2013-04-11 00:00:00,61.272690860629126,62.77183448648027,66.08178261823281
2013-04-11 02:00:00,58.924998207309656,60.895372760893366,65.5385917627679
2013-04-11 04:00:00,58.58077387805979,61.29164188834234,64.10770281744357
2013-04-11 06:00:00,58.580772197635895,59.39026206969224,60.441063935298416
2013-04-11 08:00:00,58.58077207895858,59.39025569690348,58.470936076975676
2013-04-11 10:00:00,58.58077207568266,59.39025498121502,58.43164967530569
2013-04-11 12:00:00,58.58077202703595,59.39025481603932,58.43164990612587
2013-04-11 14:00:00,58.58077232111943,59.39026255650924,59.39915225057502
2013-04-11 16:00:00,59.30828194662722,62.53553825020238,63.84787110722525
2013-04-11 18:00:00,61.74297330761125,65.30870150781563,65.39882062161973
2013-04-11 20:00:00,61.617993814554126,63.06966687267569,65.60041006481683
2013-04-11 22:00:00,63.684298581333906,63.06972708558392,65.8199735735098
2013-04-12 00:00:00,65.36340329562094,63.06976178110372,65.81923494486941
2013-04-12 02:00:00,65.41977257700319,63.06966141114325,65.85386832459315
2013-04-12 04:00:00,65.18709380804002,63.06965397756325,65.60431469288471
2013-04-12 06:00:00,59.04717913519069,54.69886292521082,53.4782083158577
2013-04-12 08:00:00,55.993246802662014,47.022157750114616,48.451540369107946
2013-04-12 10:00:00,52.882170088484884,47.02215732906835,48.45153910383793
2013-04-12 12:00:00,52.881723872716506,47.02215722462886,48.607804040726336
2013-04-12 14:00:00,55.32208261631292,47.02215842539597,50.30074546537254
2013-04-12 16:00:00,55.32208268769442,57.38306298932306,57.32791888103221
2013-04-12 18:00:00,55.32208132478806,59.32554454174894,57.49176406961116
2013-04-12 20:00:00,51.12425918876181,59.32554399329848,55.24151183004652
2013-04-12 22:00:00,50.44137730919301,59.32554225007577,53.11621793508582
2013-04-13 00:00:00,50.44137647903097,59.32554402211386,53.24752640562541
2013-04-13 02:00:00,50.44137625826351,59.32554340103097,53.24754914995286
2013-04-13 04:00:00,50.441376138202024,59.3255447919834,53.2475773355417
2013-04-13 06:00:00,16.670263577623036,8.348051424732983,14.695250767692219
2013-04-13 08:00:00,16.670263496777153,7.671196437079635,14.289473335359904
2013-04-13 10:00:00,16.670257911320007,7.090001635664532,14.2894884407009
2013-04-13 12:00:00,13.481805157069584,6.3848043177760605,14.300916259045842
2013-04-13 14:00:00,13.481804802972135,7.089999658600812,14.437692622326097
2013-04-13 16:00:00,16.589205726452374,7.380690678896894,26.518206073936568
2013-04-13 18:00:00,16.66920299980574,7.671305968056085,28.942673793603554
2013-04-13 20:00:00,10.848267170144627,7.9016794277243525,28.702525954528028
2013-04-13 22:00:00,8.972517529708933,8.065476670216631,27.731221785942346
2013-04-14 00:00:00,8.972517332803967,8.881007864314473,27.282420212340075
2013-04-14 02:00:00,8.972517412883278,8.881005537837208,27.282431440279122
2013-04-14 04:00:00,8.97251735800171,8.88102222586258,27.220051024809152
2013-04-14 06:00:00,0.043099945863477096,2.664625204938436,5.40150518548422
2013-04-14 08:00:00,0.0259628195289135,2.645531965664647,5.379607096473459
2013-04-14 10:00:00,0.025838177492424202,2.644761997440842,5.379145911967685
2013-04-14 12:00:00,0.025837800805212953,2.644761872831078,5.379245565097361
2013-04-14 14:00:00,0.025837894882011297,2.6451153111374035,5.388804507666
2013-04-14 16:00:00,0.5261994435163744,3.6044404280117597,8.21519324013222
2013-04-14 18:00:00,0.59454181501609,5.031436010354646,8.545010236990404
2013-04-14 20:00:00,0.09118299430073024,4.535563517807294,8.267143165585683
2013-04-14 22:00:00,0.0255413468663116,4.2913297247825515,7.794976961759414
2013-04-15 00:00:00,0.2492881733856758,4.479341713209157,7.826296277811975
2013-04-15 02:00:00,1.2480654928115578,4.86823079683676,8.110941386856025
2013-04-15 04:00:00,1.9548954485560492,5.059686673227339,8.534886497955874
2013-04-15 06:00:00,1.5623560515059074,4.422892636167341,6.533354445631637
2013-04-15 08:00:00,1.5623375513099478,4.422890411210542,6.461842309832347
2013-04-15 10:00:00,1.5623576822661533,4.422835765363711,6.472581097471707
2013-04-15 12:00:00,1.663246026328311,4.289900192429355,6.883260471295811
2013-04-15 14:00:00,3.3008426758648772,5.855084454570553,12.07077275876071
2013-04-15 16:00:00,23.04245844242046,24.104481176054747,35.07671812859878
2013-04-15 18:00:00,28.629965005199146,28.440150646953402,38.76523800095726
2013-04-15 20:00:00,28.629965187910237,28.440151287344285,40.92999079294732
2013-04-15 22:00:00,27.74822913486465,28.440144355725067,40.93507609633747
2013-04-16 00:00:00,26.866469319238348,28.44007840962245,40.941775732661156
2013-04-16 02:00:00,24.956540291274173,25.772479849413102,40.60832470522601
2013-04-16 04:00:00,23.169165325140597,23.514127399403925,40.27488272065955
2013-04-16 06:00:00,3.002425861460936,5.7144740303655635,8.883414652910055
2013-04-16 08:00:00,2.4563738271519884,5.123473424218851,8.198954615051044
2013-04-16 10:00:00,2.4210765492858677,5.097654774009875,8.198949473809995
2013-04-16 12:00:00,0.025532950494528653,4.024204560564979,7.786881479259518
2013-04-16 14:00:00,2.5915690693399673,5.4084217241458745,8.401978054562207
2013-04-16 16:00:00,4.576650494901422,10.990279422056592,14.743296851346168
2013-04-16 18:00:00,6.090785393041571,15.133064876466914,16.39478151723865
2013-04-16 20:00:00,6.092927295234911,17.831323188940843,16.271938463538817
2013-04-16 22:00:00,7.750956154108287,18.104703033213447,16.176213735707883
2013-04-17 00:00:00,8.734969994718568,18.104707257124087,16.28087681570178
2013-04-17 02:00:00,13.860016081644769,18.104707116845766,17.576552210478333
2013-04-17 04:00:00,14.258802843992036,17.786601655953778,17.809418045281475
2013-04-17 06:00:00,3.5373922245264895,6.091108130392797,8.84343894917122
2013-04-17 08:00:00,3.1907833420970255,5.313420236597651,8.196886223444096
2013-04-17 10:00:00,2.8441745328762806,4.893067232806559,8.167944572174985
2013-04-17 12:00:00,2.4876860834575716,5.077632013409998,8.139809279386633
2013-04-17 14:00:00,2.8445486108035,5.165997453684991,8.453884034160438
2013-04-17 16:00:00,3.5373885076975973,5.788143187122445,9.500502269094987
2013-04-17 18:00:00,3.537387991737969,5.7881444879301664,9.507355116144593
2013-04-17 20:00:00,2.7474535165004834,5.5285650024072615,9.080973365499805
2013-04-17 22:00:00,0.025530724862118652,2.8153391922247004,8.004168470865459
2013-04-18 00:00:00,0.0255304353328293,2.655775589009845,7.721262664162213
2013-04-18 02:00:00,0.02553046029440885,2.6557772084467937,7.30409904395459
2013-04-18 04:00:00,0.02553048959607715,2.6565137909335856,7.194520074866738
2013-04-18 06:00:00,0.025530044370453198,2.651408447391884,5.376850178970297
2013-04-18 08:00:00,0.02513174834914635,2.6454584762019633,5.373718133518447
2013-04-18 10:00:00,0.025131647059274502,2.6454579544813606,5.373717803399281
2013-04-18 12:00:00,0.02513208975477755,2.6454580396245344,5.374165985530279
2013-04-18 14:00:00,0.0255301988733883,2.6454584891383712,5.3773664129414644
2013-04-18 16:00:00,0.02553050073663095,2.6514105351445107,7.9441511587307625
2013-04-18 18:00:00,0.02553138960715045,2.662869619496772,9.26673356462984
2013-04-18 20:00:00,0.02553315544779315,2.6744817377264507,9.269434418318347
2013-04-18 22:00:00,0.02646990986076735,3.0351952416424246,9.351936352779331
2013-04-19 00:00:00,0.0384145043939847,7.4043926171634045,10.688595208126486
2013-04-19 02:00:00,4.638810055040432,9.77503696734733,11.17362149728989
2013-04-19 04:00:00,4.829324393982086,16.331329875161163,11.51830698936542
2013-04-19 06:00:00,4.6436616659758165,17.233502164378606,11.136699518281349
2013-04-19 08:00:00,5.9268922792248695,16.122014828733505,11.145960669159027
2013-04-19 10:00:00,10.597052311899887,16.12201782062626,12.622322819133139
2013-04-19 12:00:00,10.597051466135632,16.122017945532114,13.172855948607411
2013-04-19 14:00:00,10.597055582228434,16.12201994669217,15.50314970688579
2013-04-19 16:00:00,24.967268409269046,29.71162346542509,29.329208024391214
2013-04-19 18:00:00,33.95644631505065,42.89016356333675,32.5049286827404
2013-04-19 20:00:00,37.32666587345214,42.89016422428989,32.26073043555738
2013-04-19 22:00:00,40.851987525253634,42.89016411458911,32.039226791814
2013-04-20 00:00:00,41.38491798993576,42.89016425455607,32.66250080656778
2013-04-20 02:00:00,41.38491820828082,42.89016422642831,36.676240190080335
2013-04-20 04:00:00,41.3849183490158,42.89016398545915,37.87888627062155
2013-04-20 06:00:00,40.15282736888037,20.156687229232944,33.30293002407538
2013-04-20 08:00:00,31.50468994375396,15.949020330534529,31.166991801788566
2013-04-20 10:00:00,31.50468840583475,15.949019425119838,31.166992050028025
2013-04-20 12:00:00,31.504688478637373,15.949019561004906,31.350671313194418
2013-04-20 14:00:00,36.22182959002207,19.090084130020493,36.11145806079883
2013-04-20 16:00:00,41.38491825795542,40.56336262370802,45.85031168655743
2013-04-20 18:00:00,41.38491853538097,44.63133284262851,47.62419433141872
2013-04-20 20:00:00,41.38491843240943,44.19585314013989,47.60702340904666
2013-04-20 22:00:00,41.38491840727277,43.8097314632423,47.588381799157574
2013-04-21 00:00:00,41.384918446585786,44.63120225500917,47.62414120188757
2013-04-21 02:00:00,41.38491874664143,44.63136352743585,47.62418262844772
2013-04-21 04:00:00,41.67524106198907,44.63136493809476,47.29196691208503
2013-04-21 06:00:00,41.38491840930237,39.88360084865645,36.994550491025805
2013-04-21 08:00:00,41.384917980487266,32.45818745772932,31.572606357810134
2013-04-21 10:00:00,41.384917747724934,32.31760147330807,31.57260925007552
2013-04-21 12:00:00,41.38491815519954,32.31760144378742,31.572606348687046
2013-04-21 14:00:00,41.38491836490402,34.387312032139256,37.14742845362611
2013-04-21 16:00:00,42.62525565192877,44.27562104758967,47.209918548236686
2013-04-21 18:00:00,43.392569432833575,45.506212748603126,47.65254598441436
2013-04-21 20:00:00,42.02530974716305,45.403330235930795,47.6255566705062
2013-04-21 22:00:00,41.53635478177129,45.22192526784373,47.66769189616373
2013-04-22 00:00:00,41.38491889536906,45.203504862988254,47.709761231612845
2013-04-22 02:00:00,41.38493659386802,45.30048911640624,47.81930438029825
2013-04-22 04:00:00,42.02575512879202,45.40378834648475,47.86904259624784
2013-04-22 06:00:00,10.847533875715815,12.891976188871157,18.095439424495645
2013-04-22 08:00:00,7.887414015142011,9.286195923481724,16.659507186071323
2013-04-22 10:00:00,5.658447804034495,8.366005541595698,16.032025101590268
2013-04-22 12:00:00,5.658447279535835,8.183192155264582,15.553931471304214
2013-04-22 14:00:00,5.658447469533394,8.3660036241918,15.553308897584632
2013-04-22 16:00:00,7.011792738070275,11.122585708235334,17.635521986851025
2013-04-22 18:00:00,7.01179664535405,12.40541585903738,17.95947076539235
2013-04-22 20:00:00,6.216255819236694,12.40541551837152,17.515102241753638
2013-04-22 22:00:00,5.658446830079658,11.66483360192008,16.10504532418429
2013-04-23 00:00:00,5.658446556704142,11.749151851920594,16.04601071711577
2013-04-23 02:00:00,5.658446810944897,11.887397314464408,15.877570347352496
2013-04-23 04:00:00,5.658479350289726,11.889290540098047,15.621754534314471
2013-04-23 06:00:00,3.7801926880193295,9.006858491334375,8.256243177830349
2013-04-23 08:00:00,3.9378180957712505,8.273794281272107,7.829751511738529
2013-04-23 10:00:00,4.368359689644587,8.273794656937937,7.963344667629336
2013-04-23 12:00:00,4.205067623668096,8.273794516215155,7.93387637038707
2013-04-23 14:00:00,4.3446228354705685,8.33666574943582,8.093165831004235
2013-04-23 16:00:00,18.445415443240314,23.142657669665947,19.004373264259122
2013-04-23 18:00:00,34.17526904095135,42.788973760586885,28.630973794618267
2013-04-23 20:00:00,35.27846575922838,43.30976087076018,29.16253100313067
2013-04-23 22:00:00,37.09196165904876,44.7323839019831,30.205454399284495
2013-04-24 00:00:00,37.09196220728666,44.73238504490892,30.40538134812056
2013-04-24 02:00:00,38.54971706740003,45.50619924748757,30.669788522608478
2013-04-24 04:00:00,38.54974799122806,45.5061992328091,30.669787707304447
2013-04-24 06:00:00,0.062481859401764345,2.6924853799764095,5.407826361550253
2013-04-24 08:00:00,0.02938208678960475,2.6584197458146672,5.376863196591925
2013-04-24 10:00:00,0.029381615112098247,2.658418474937524,5.376736330655218
2013-04-24 12:00:00,0.02937937707221435,2.6584183089249946,5.376431566178287
2013-04-24 14:00:00,0.02938294994648035,2.675380300870151,5.37976326883102
2013-04-24 16:00:00,5.648668489797727,33.929490102480344,15.714057155423278
2013-04-24 18:00:00,20.837852391407925,43.41943679645935,29.345312919912832
2013-04-24 20:00:00,41.38491824709131,43.632613346761396,42.545346048203584
2013-04-24 22:00:00,42.10438511877025,45.2698740567715,46.43234422666302
2013-04-25 00:00:00,42.70019701120247,45.5126964040619,46.68434042599556
2013-04-25 02:00:00,42.70019713026352,45.51269947978377,46.75523103689606
2013-04-25 04:00:00,42.700135670783496,45.51269926723362,46.75523252017297
2013-04-25 06:00:00,29.834376070983822,30.319832301362958,28.74432428123977
2013-04-25 08:00:00,25.00728709907466,24.347051819004548,24.552367436218336
2013-04-25 10:00:00,22.701687438357226,24.3470450808474,24.364735343582428
2013-04-25 12:00:00,22.701686697862378,24.347045667740513,24.364735765269216
2013-04-25 14:00:00,22.701687348987065,24.785684715542274,25.899928888189233
2013-04-25 16:00:00,38.18999355057002,40.76044449973884,44.59945347843248
2013-04-25 18:00:00,41.38491886510458,45.466064175720476,46.6704189431197
2013-04-25 20:00:00,41.38491871906356,45.46603675314205,46.67039522455934
2013-04-25 22:00:00,41.38491868702479,45.46606263969668,46.67039457529141
2013-04-26 00:00:00,41.384918663168705,45.48586322069021,46.43497808261121
2013-04-26 02:00:00,41.384918813579375,45.35885216361166,46.37244403089761
2013-04-26 04:00:00,41.86599028193941,45.50621151032392,46.51882573820926
2013-04-26 06:00:00,41.38491919567846,43.034416291824535,42.9177133433284
2013-04-26 08:00:00,41.38491879919916,40.805966445065835,41.16512698664653
2013-04-26 10:00:00,41.38491858836611,40.80596622875449,41.165127160692315
2013-04-26 12:00:00,41.38491848409879,40.80596685076313,41.781413955969654
2013-04-26 14:00:00,41.38491843617233,40.8059677599648,45.1854351942536
2013-04-26 16:00:00,41.38491871271981,42.32562226939882,47.15093687713085
2013-04-26 18:00:00,41.991821461837894,45.36924225362576,48.14248332558998
2013-04-26 20:00:00,42.63749910824075,45.506214744443255,48.01957795089517
2013-04-26 22:00:00,42.16030782264131,45.50621505664333,48.02034241345699
2013-04-27 00:00:00,42.16016927639811,45.5062148658108,48.02182309946434
2013-04-27 02:00:00,43.39256544154371,45.50621498881641,48.27521609407623
2013-04-27 04:00:00,43.865606945476316,45.50621484399028,48.36855843153853
2013-04-27 06:00:00,41.38491952653756,39.39628605654121,47.00150653447036
2013-04-27 08:00:00,41.384918069553535,35.21863429218167,45.80276019348234
2013-04-27 10:00:00,41.38491793051698,35.21863454606305,45.9472764959785
2013-04-27 12:00:00,41.384916573451484,35.21863460078406,45.80275730243327
2013-04-27 14:00:00,41.38491605212168,35.21881068968251,45.88567445417736
2013-04-27 16:00:00,41.384916891528384,38.61565250623666,46.73283514053426
2013-04-27 18:00:00,41.38491815552504,44.55827231276818,47.87616902296867
2013-04-27 20:00:00,41.38491826093029,44.65924584562425,47.83392775838775
2013-04-27 22:00:00,41.627611629202185,44.998525318354154,47.83914224967813
2013-04-28 00:00:00,42.16468170143166,45.354189554818525,47.97854939991529
2013-04-28 02:00:00,42.82155255554595,45.506214557941306,48.96991526080288
2013-04-28 04:00:00,42.665629900998184,45.50621434418024,49.07617522932585
2013-04-28 06:00:00,19.46504506341297,19.587628517002393,27.66118727835242
2013-04-28 08:00:00,15.162432147721667,15.207980326241413,24.49042217490892
2013-04-28 10:00:00,14.798916383569477,15.207977169096683,23.730703545111446
2013-04-28 12:00:00,14.798916082942185,15.207977914017926,23.310800369362425
2013-04-28 14:00:00,14.798916564549963,15.576701884212783,23.508596939059146
2013-04-28 16:00:00,17.887266919655683,21.081909313844875,26.095277719802876
2013-04-28 18:00:00,18.29632755033576,22.058939453075375,26.75436799260816
2013-04-28 20:00:00,18.296326491057044,21.70539145461068,26.307942662857656
2013-04-28 22:00:00,15.675414170001904,19.653387815004177,24.022552216027133
2013-04-29 00:00:00,14.79891430357996,18.76349803157548,23.596183341637857
2013-04-29 02:00:00,14.79891294068439,18.661564707585825,23.577147093089504
2013-04-29 04:00:00,11.885723807743052,18.732634481179286,23.530347693208427
2013-04-29 06:00:00,0.0802636293037568,5.729040790765099,11.325639813483944
2013-04-29 08:00:00,0.03810991947601475,5.3863123874357495,10.575023675315514
2013-04-29 10:00:00,0.33665306366275977,5.128366306271245,10.59366910145296
2013-04-29 12:00:00,0.33594987241235047,5.391516236158543,10.262508440462101
2013-04-29 14:00:00,0.1382522886245407,5.570203268044386,10.44291179681229
2013-04-29 16:00:00,4.046806343877506,10.58108557174432,15.646724706198206
2013-04-29 18:00:00,15.808085224393153,35.652627554575645,23.741542674743023
2013-04-29 20:00:00,14.987165034338826,38.28291049384321,23.59278562706389
2013-04-29 22:00:00,14.255764171833677,39.17701724065987,23.136204934981446
2013-04-30 00:00:00,14.47625498260265,40.248946007799674,23.283075338999147
2013-04-30 02:00:00,17.99800489145311,40.550285108746365,24.235980132737545
2013-04-30 04:00:00,29.160907380951784,40.681589258611865,27.069808269606895
2013-04-30 06:00:00,29.011055395177614,30.14059103292943,25.718787975245863
2013-04-30 08:00:00,23.59923005703346,24.89148437211149,24.173111851833212
2013-04-30 10:00:00,23.59923004763601,24.89148242849783,24.173114895046176
2013-04-30 12:00:00,23.599230048339034,24.89148282349165,24.334908767782835
2013-04-30 14:00:00,28.55144858977163,31.12914409544868,32.709105587197755
2013-04-30 16:00:00,41.33186362489064,43.82082867044422,46.44784077742797
2013-04-30 18:00:00,41.38491776865979,44.75149188540345,47.382455959422174
2013-04-30 20:00:00,41.38491771736035,44.751491895681454,47.373960461630546
2013-04-30 22:00:00,41.38491789185933,44.7514880855326,47.428088635233905
2013-05-01 00:00:00,41.3849186535336,44.75149425435783,47.42809504451837
2013-05-01 02:00:00,41.38492214064698,44.75150093630913,47.436990726447476
2013-05-01 04:00:00,41.384921229003666,44.75149188647126,47.48221116968821
2013-05-01 06:00:00,41.384916837735275,37.079477440525395,42.65489781004136
2013-05-01 08:00:00,33.50365152852194,31.082401512917635,37.518307582908335
2013-05-01 10:00:00,33.5036474548765,31.082400582513316,37.518130971631706
2013-05-01 12:00:00,33.50364777051017,31.082400987930335,37.51813182400794
2013-05-01 14:00:00,40.073353294186845,36.79072080358442,40.589419996801254
2013-05-01 16:00:00,41.38491763146323,43.20167122266986,47.91037521777601
2013-05-01 18:00:00,41.384917664929056,43.810828547261565,48.32366526354108
2013-05-01 20:00:00,41.384917629697654,43.71434031306888,48.07876182167037
2013-05-01 22:00:00,41.38491787084026,43.81101294588963,48.239459608372044
2013-05-02 00:00:00,41.38491810609703,43.8110148374346,48.35436724359026
2013-05-02 02:00:00,41.38491776259774,43.81104255221683,48.354356415597465
2013-05-02 04:00:00,41.384917623022275,44.76977896449004,48.34737149394654
2013-05-02 06:00:00,41.38491413357587,43.5124916599199,47.11462309275598
2013-05-02 08:00:00,38.761821332366864,42.02964130577503,46.057563656338985
2013-05-02 10:00:00,39.15919243415504,42.459899282730824,46.274052389038204
2013-05-02 12:00:00,38.761810551851966,42.02963042787364,46.057562503225014
2013-05-02 14:00:00,38.76181098177862,42.02963053246637,46.0860333037932
2013-05-02 16:00:00,40.0392879843528,42.75081026413753,47.140883748460496
2013-05-02 18:00:00,41.38491693517884,44.84972307818782,47.732841003453366
2013-05-02 20:00:00,41.38491683164212,44.75226016199015,47.64075686271573
2013-05-02 22:00:00,41.38491734051232,44.75149907016184,47.22093022741684
2013-05-03 00:00:00,41.493472118768715,44.86240246381512,47.353557188634596
2013-05-03 02:00:00,41.60234727565371,44.972810870351,47.66257595068902
2013-05-03 04:00:00,42.21322427233562,45.47157533370019,48.00448455151822
2013-05-03 06:00:00,41.38491729578395,25.083433541585798,46.49352557492439
2013-05-03 08:00:00,41.16197090012794,17.09376058808806,46.09389626830717
2013-05-03 10:00:00,40.93902461645379,16.430687340822317,46.09386455445591
2013-05-03 12:00:00,41.22612874051532,16.430695852581856,46.093866446017806
2013-05-03 14:00:00,41.3849162933257,16.431254455629638,46.11178072234556
2013-05-03 16:00:00,41.38491724346392,25.961804192652963,47.89678283015342
2013-05-03 18:00:00,41.38491723432979,34.60562527814062,49.07372562433407
2013-05-03 20:00:00,41.38491709220461,34.605621375961064,48.320689236632475
2013-05-03 22:00:00,41.161954937904696,34.42739197879055,48.017328846446944
2013-05-04 00:00:00,38.50119660980832,34.42737992496278,47.65809017981276
2013-05-04 02:00:00,38.501195892256476,34.42737920181203,47.644369292572705
2013-05-04 04:00:00,38.50119566017448,34.51650684070943,47.51419927769548
2013-05-04 06:00:00,2.292653518675806,4.551566649931268,9.600849199786346
2013-05-04 08:00:00,1.8359413398658326,2.6562638779603494,9.071952178783183
2013-05-04 10:00:00,1.83594095266531,2.6562596568226455,9.071951945294284
2013-05-04 12:00:00,1.8359403440619118,2.6562601325431276,9.072030050948225
2013-05-04 14:00:00,1.8359443775946036,2.6571680701549494,9.19054854548633
2013-05-04 16:00:00,10.535083307365381,14.111207609829563,18.750980255658774
2013-05-04 18:00:00,25.774618363647853,36.48952216519638,35.23142059468303
2013-05-04 20:00:00,26.047957505104513,42.53884619900137,35.54858902459545
2013-05-04 22:00:00,37.412073075383454,42.89016750783439,42.780710277634455
2013-05-05 00:00:00,38.76384344378189,42.89016841778147,43.318135205360946
2013-05-05 02:00:00,41.16197084558135,42.890168970299555,43.318151438720975
2013-05-05 04:00:00,41.38491370730375,42.890169367872524,43.31814428671886
2013-05-05 06:00:00,10.910211790651314,11.897775240451399,13.294172041837182
2013-05-05 08:00:00,8.539419586033432,9.877725874096745,12.106630622863827
2013-05-05 10:00:00,8.539419402036756,9.877725478243809,12.106630713691054
2013-05-05 12:00:00,8.53941963165892,9.87772614107918,12.111813089827882
2013-05-05 14:00:00,14.160794350460293,13.529745480838093,17.23813741887771
2013-05-05 16:00:00,41.18330299708559,42.55415871339629,45.39262924357577
2013-05-05 18:00:00,41.70670286263508,45.07904054190833,47.74059445456166
2013-05-05 20:00:00,41.70669379208057,45.079024083897195,47.74056192573338
2013-05-05 22:00:00,41.38491735531674,45.078998667092904,47.740516259854616
2013-05-06 00:00:00,41.38491709217872,45.07899846322546,47.740539935523586
2013-05-06 02:00:00,41.3849170927751,45.07899334928082,47.74052801157462
2013-05-06 04:00:00,41.38491743336206,45.07901582275338,47.631977974260174
2013-05-06 06:00:00,41.16197728506115,39.31436366897633,40.27720893345668
2013-05-06 08:00:00,40.93903623078554,34.79822388060312,36.53662829696235
2013-05-06 10:00:00,40.9390366254187,34.798223436380226,36.5366268851368
2013-05-06 12:00:00,41.159315759746484,35.03179822632254,36.9417624243102
2013-05-06 14:00:00,41.3849164567994,40.67975863461983,42.32291538655768
2013-05-06 16:00:00,41.9726784050618,45.13346359240275,47.87253611659743
2013-05-06 18:00:00,42.869925977050116,46.19182732472247,48.312149712305406
2013-05-06 20:00:00,42.73270818871008,46.12336595931582,48.114889573631764
2013-05-06 22:00:00,42.30799034297796,45.69106473273107,47.99675265448879
2013-05-07 00:00:00,42.75528678635098,46.146347059567034,48.29270693451922
2013-05-07 02:00:00,42.84465528934585,46.23731196160793,48.27018861349488
2013-05-07 04:00:00,42.11478563684443,46.19182270692416,48.304370539399116
2013-05-07 06:00:00,40.93430128979426,41.757881751398955,45.401022434148175
2013-05-07 08:00:00,32.17345135800857,33.678652175957815,38.3665056217248
2013-05-07 10:00:00,31.308214887748104,33.47704994866578,37.690713826730644
2013-05-07 12:00:00,31.30821519498968,33.47705070075834,37.69071321534861
2013-05-07 14:00:00,31.3818633186061,33.70767502825241,37.820136951312385
2013-05-07 16:00:00,34.10448009894523,37.316299431236516,40.68287826580891
2013-05-07 18:00:00,37.62692523306568,40.926374501716666,43.925680081736694
2013-05-07 20:00:00,34.076099209119455,37.629192704156054,40.65836290592118
2013-05-07 22:00:00,31.68004381587532,34.255571488636704,37.95040510686561
2013-05-08 00:00:00,31.6293626681147,34.15418244248555,38.08513517747785
2013-05-08 02:00:00,31.888492503997668,34.05253290856629,38.49777268170178
2013-05-08 04:00:00,33.80504354419763,34.052532070117664,38.61029034970609
2013-05-08 06:00:00,7.58716363272631,9.923805407651468,11.255852750001168
2013-05-08 08:00:00,6.779058305264997,9.145948092384232,10.554225205997334
2013-05-08 10:00:00,6.779058143506736,9.145950028111248,10.559569746740095
2013-05-08 12:00:00,6.779058201491372,9.145960140627434,10.586980320763955
2013-05-08 14:00:00,6.868549703469006,9.358500379674581,12.651770936504878
2013-05-08 16:00:00,11.873330620877722,14.022974694796538,25.558586280434227
2013-05-08 18:00:00,12.350455421048398,15.446133223986799,27.501814695228727
2013-05-08 20:00:00,12.251537503198392,15.402253411289362,26.893604795638932
2013-05-08 22:00:00,11.955507063527167,15.164885018117907,26.816132003068347
2013-05-09 00:00:00,11.998110385719992,15.157729405648258,25.625804491404136
2013-05-09 02:00:00,10.143077263851126,14.471962533826979,26.228989534768704
2013-05-09 04:00:00,10.605707874714332,14.729539408964825,26.296310775923345
2013-05-09 06:00:00,5.074521474525816,6.953428462473873,17.241543568322832
2013-05-09 08:00:00,4.511226981324339,6.347908316889534,16.716718944312756
2013-05-09 10:00:00,4.511226456620072,6.347910987377027,16.716720270834102
2013-05-09 12:00:00,4.511226487423903,6.347914908351591,16.820678718354625
2013-05-09 14:00:00,4.536675883049821,6.802458664854882,20.733178322023797
2013-05-09 16:00:00,5.117308277953762,7.931860633237174,31.55521934293495
2013-05-09 18:00:00,5.671431967296667,9.645689803860154,33.31867882184889
2013-05-09 20:00:00,5.6714320082287735,9.645690405587725,33.31867577315187
2013-05-09 22:00:00,5.12209084210717,8.998384762458759,33.19649562296925
2013-05-10 00:00:00,4.572751724655539,8.320230517159297,33.11286909157215
2013-05-10 02:00:00,4.572753230743996,8.326635848998299,32.12308759669914
2013-05-10 04:00:00,4.518075612279079,8.34979254253356,30.20440238182611
2013-05-10 06:00:00,0.03145504426322235,5.769041959786574,9.33047992660624
2013-05-10 08:00:00,0.02553027177909615,2.7293165339892376,7.773858215370443
2013-05-10 10:00:00,0.0255309137357841,3.5921047215806077,7.9176550879580105
2013-05-10 12:00:00,0.02553041243706245,3.5949647102420634,7.876631001124416
2013-05-10 14:00:00,0.031755841912324,4.802265935348473,8.61833779036779
2013-05-10 16:00:00,2.319104400124676,8.002575309655942,12.796258100845527
2013-05-10 18:00:00,7.235453842526289,10.976527471889465,17.83062757716261
2013-05-10 20:00:00,8.489871675153497,11.590152214069649,18.452077132312
2013-05-10 22:00:00,8.401905710724154,11.590128908859096,19.653418022203375
2013-05-11 00:00:00,8.445905105104234,11.59015252278733,19.69023036940092
2013-05-11 02:00:00,8.489874204484813,11.590152176312465,21.976434579469043
2013-05-11 04:00:00,8.489874780072395,11.59015361859591,23.4212403654301
2013-05-11 06:00:00,5.16625137397952,8.005056265790742,20.125429168621082
2013-05-11 08:00:00,4.612299937612649,7.224838524198847,19.113124192303168
2013-05-11 10:00:00,4.61230952145776,7.224648781670652,19.174540011647565
2013-05-11 12:00:00,4.612275609001506,7.224624270209756,19.855284462894105
2013-05-11 14:00:00,4.6122759111241685,7.224627635132904,21.210693996361464
2013-05-11 16:00:00,4.614962326698782,7.268113913429213,22.895896908961156
2013-05-11 18:00:00,5.199896072819035,7.933985243058502,24.085586517120866
2013-05-11 20:00:00,5.6127726320508895,8.549958331300699,24.137832351106653
2013-05-11 22:00:00,4.6219340455388505,7.838980704406474,23.107645936121074
2013-05-12 00:00:00,4.986236255925226,8.009106796393375,23.200609425538964
2013-05-12 02:00:00,6.7242140454822055,8.707072028720821,23.409569728284573
2013-05-12 04:00:00,7.618578733372761,8.709806444089207,23.435945719084188
2013-05-12 06:00:00,5.7521001363980755,7.8421770092596805,16.69086873387026
2013-05-12 08:00:00,4.638093049108065,7.282823349735766,16.32838604686066
2013-05-12 10:00:00,4.638092903862987,7.282826580811024,16.686674979846952
2013-05-12 12:00:00,4.638093093334183,7.282821069348746,16.700106873340335
2013-05-12 14:00:00,4.6440368298379,7.282821719734173,18.31730941100899
2013-05-12 16:00:00,5.244153297014444,7.416755572313927,21.44930958860595
2013-05-12 18:00:00,5.766772027119081,8.64235555635156,23.52795951181439
2013-05-12 20:00:00,5.766770811560413,8.642355829040172,23.527879919607926
2013-05-12 22:00:00,4.766171135905578,7.97954862670789,22.378409850952682
2013-05-13 00:00:00,4.649977761490707,7.477910971785585,21.71822168391105
2013-05-13 02:00:00,4.65159890104294,7.4779098788792275,21.335499102106972
2013-05-13 04:00:00,4.653763840281028,7.487510175069815,21.01193725647869
2013-05-13 06:00:00,3.2536897219278558,6.150462020561636,9.168822930935544
2013-05-13 08:00:00,0.8815660648065151,3.5344943563296187,6.626502489458823
2013-05-13 10:00:00,3.270706274019681,5.892049070446308,8.747002064854748
2013-05-13 12:00:00,4.168424101485661,6.19900288222334,9.552617511889
2013-05-13 14:00:00,4.664584556541843,6.838252561433837,10.496759461021625
2013-05-13 16:00:00,5.476113137581212,8.601837832015189,15.857424057305565
2013-05-13 18:00:00,6.295217602798427,10.345993211007208,19.06684438335257
2013-05-13 20:00:00,5.340383745955892,9.802549924757354,19.816930836494983
2013-05-13 22:00:00,5.078019032225525,9.532476036929914,19.753634158924513
2013-05-14 00:00:00,5.078023488839419,9.53272823234483,20.380591911861735
2013-05-14 02:00:00,6.196347186411238,10.003403398788578,20.484628592383267
2013-05-14 04:00:00,7.950664221939862,11.676512903293698,20.26039853447052
2013-05-14 06:00:00,6.675408498937459,10.72060628828438,12.547712407399782
2013-05-14 08:00:00,6.418929689741752,10.1362642057171,12.149874640347015
2013-05-14 10:00:00,6.418930924651685,10.136284124209698,12.149877708081718
2013-05-14 12:00:00,7.437097473826142,10.82932823353443,12.769518824644493
2013-05-14 14:00:00,12.956425932608106,16.256324536103918,18.625350722780805
2013-05-14 16:00:00,14.929563030764312,17.74840071920491,23.788799165777757
2013-05-14 18:00:00,15.587860276008753,18.218696823744423,24.71753928758738
2013-05-14 20:00:00,14.929562486620469,18.21868924197295,24.33003080466307
2013-05-14 22:00:00,12.940393743143826,15.234740146989298,22.935077413989212
2013-05-15 00:00:00,12.07183497235378,15.234734115442375,21.269907394874732
2013-05-15 02:00:00,12.07183273553429,15.233488051700128,21.150531551327262
2013-05-15 04:00:00,12.07183306502986,15.23281615573821,19.938309301986237
2013-05-15 06:00:00,3.7161259802559514,6.4436424780614665,7.576521848858005
2013-05-15 08:00:00,3.742736573066801,6.396927646226857,7.596501218011489
2013-05-15 10:00:00,3.6295007327456883,6.289250621460784,7.596501399932416
2013-05-15 12:00:00,3.6224061105508336,6.262984011167468,7.599117948152962
2013-05-15 14:00:00,4.112521418954479,6.852050886739091,8.640015604712106
2013-05-15 16:00:00,17.30528157150014,23.298868085796038,27.803582805813804
2013-05-15 18:00:00,40.64633246460977,44.91049523674789,46.40771008286379
2013-05-15 20:00:00,41.384913533102505,45.28767684437967,46.7605993721907
2013-05-15 22:00:00,41.384916452518226,45.30460553443767,47.154792393876775
2013-05-16 00:00:00,42.131185227458204,45.787654777432614,47.31612653238875
2013-05-16 02:00:00,44.065485468137325,47.299467526185225,48.06457972478812
2013-05-16 04:00:00,45.48524774813191,49.551811229454394,48.35590761158861
2013-05-16 06:00:00,43.650870755527414,45.66866461669142,36.542659091474434
2013-05-16 08:00:00,42.799348767976625,44.30309586594837,35.67226470004655
2013-05-16 10:00:00,41.384916695554395,44.30309604802224,35.286641866445905
2013-05-16 12:00:00,41.384916538413336,44.3030968795618,35.28484896891384
2013-05-16 14:00:00,41.38491617720757,44.30309999018848,35.45888349754552
2013-05-16 16:00:00,40.24111891403349,44.95458101391989,36.628136780805
2013-05-16 18:00:00,40.2411187407844,45.50622272166292,37.24269167632876
2013-05-16 20:00:00,40.241119085168684,45.50622405622886,36.92001134002409
2013-05-16 22:00:00,40.24111995607261,45.50623357532839,37.299732602291876
2013-05-17 00:00:00,41.384829202349096,46.00212222627498,37.53393605606921
2013-05-17 02:00:00,41.3849163856453,46.49541950120751,37.6784354783552
2013-05-17 04:00:00,41.38491633710552,45.61332009858765,37.86466599918302
2013-05-17 06:00:00,41.38491634050787,45.50622508148573,35.529879967660534
2013-05-17 08:00:00,41.38491636701841,45.50622420746091,35.05114582674425
2013-05-17 10:00:00,41.38491640952541,45.50622401207359,35.05938008722228
2013-05-17 12:00:00,41.38491650599401,45.50622415959586,35.26978730221315
2013-05-17 14:00:00,41.38491668441809,45.506224946061735,39.734961829400746
2013-05-17 16:00:00,41.54369719493164,45.50622610374586,41.49048304376665
2013-05-17 18:00:00,42.767868213598746,45.50622762765546,41.80885827182057
2013-05-17 20:00:00,44.13668857424189,45.506228060933374,41.41263109913431
2013-05-17 22:00:00,41.384917887542606,45.506228334706435,40.55315108659909
2013-05-18 00:00:00,41.38491705659077,45.50622860365168,40.55315220696542
2013-05-18 02:00:00,41.38491687726389,45.50622892465377,40.49956811090255
2013-05-18 04:00:00,41.384916785703254,45.506229143126944,39.895864284401135
2013-05-18 06:00:00,41.38491662638221,42.89018322311776,24.099119291239177
2013-05-18 08:00:00,41.384916676557886,42.89017896744271,23.73244320694834
2013-05-18 10:00:00,41.38491687850714,42.890179232908245,23.73244294730921
2013-05-18 12:00:00,41.38491691192161,42.890178860616174,23.931591295700947
2013-05-18 14:00:00,41.38491700076277,42.890179165069725,25.030161155441153
2013-05-18 16:00:00,41.38491715110132,43.1558211661292,45.0923360803681
2013-05-18 18:00:00,42.54743492439748,45.70331760412999,48.30889115609497
2013-05-18 20:00:00,42.65170030015503,46.04090850260717,48.308891905595644
2013-05-18 22:00:00,42.651711788681695,46.04091264596923,48.30889448265624
2013-05-19 00:00:00,43.86571045939172,46.04091268090272,48.30889685732484
2013-05-19 02:00:00,43.86571134522631,46.422987221451166,48.42957037440925
2013-05-19 04:00:00,43.517712929334266,46.92238876793323,48.52985517489724
2013-05-19 06:00:00,41.38491698971278,42.890152493817595,43.385718648321074
2013-05-19 08:00:00,41.38491668171062,41.90220226283243,42.26742266551395
2013-05-19 10:00:00,41.38491595809174,41.90220135774841,42.5895179060238
2013-05-19 12:00:00,41.384915613381196,41.90220243773176,44.0719673592048
2013-05-19 14:00:00,41.384916188204095,42.06222067051718,44.97658652046857
2013-05-19 16:00:00,41.38491686004334,43.17605420352055,47.0815133080592
2013-05-19 18:00:00,41.38492416115368,44.55174393136731,47.8857716391189
2013-05-19 20:00:00,41.41434445510656,44.78147689352109,47.7245058856272
2013-05-19 22:00:00,41.414372319353895,44.78147894196083,47.7245060515328
2013-05-20 00:00:00,41.41438271364652,44.78149013944214,47.69425256114495
2013-05-20 02:00:00,41.3849230329936,44.781477855261045,47.66400910772206
2013-05-20 04:00:00,41.38491758450159,44.781482606518296,47.40712721863312
2013-05-20 06:00:00,41.384917315581895,44.781476612949376,42.017983553915016
2013-05-20 08:00:00,41.38491706608444,43.972732523238896,41.81947256912994
2013-05-20 10:00:00,41.39963816467902,44.31338350736196,41.819473080822085
2013-05-20 12:00:00,41.384917113783146,43.46184171373323,41.83609133102951
2013-05-20 14:00:00,41.38491704528404,43.46184171472985,42.613569506046595
2013-05-20 16:00:00,41.38491741302696,43.46184188867103,46.82640194613833
2013-05-20 18:00:00,41.38492130348186,44.29611419195612,47.87848526126295
2013-05-20 20:00:00,41.384917383098085,43.461851653601116,47.87718760316215
2013-05-20 22:00:00,41.384917140918205,44.37706421949338,47.84095447686024
2013-05-21 00:00:00,41.38491705854084,43.461842483758915,47.8060252089152
2013-05-21 02:00:00,41.384917063974356,43.46184179445648,47.80603918248845
2013-05-21 04:00:00,41.384917000732244,43.46184186659663,47.63243677616421
2013-05-21 06:00:00,30.014478705119693,37.739765531860044,38.347919288964235
2013-05-21 08:00:00,29.890650237299177,34.509969502562015,35.48050735216968
2013-05-21 10:00:00,29.66582522467594,34.50996958198438,36.809285108954796
2013-05-21 12:00:00,28.698029092642475,34.509970370132905,36.225196435049654
2013-05-21 14:00:00,29.034389010168486,34.50997622454631,35.733919328987355
2013-05-21 16:00:00,29.641419970864934,36.71537067851027,39.342422467131414
2013-05-21 18:00:00,25.549788277679244,40.42938624989658,40.635937649158905
2013-05-21 20:00:00,20.842741281910627,40.05973601611677,38.01932842224101
2013-05-21 22:00:00,20.842737770011524,38.21248647003062,34.14747319739233
2013-05-22 00:00:00,20.842737593826964,38.212473297433434,34.14747206293212
2013-05-22 02:00:00,20.84273723122713,38.21246709947341,34.13001737691165
2013-05-22 04:00:00,20.842736682401465,38.39733519562749,33.320866099286434
2013-05-22 06:00:00,1.5158066709397529,12.547389765746093,9.236919515020912
2013-05-22 08:00:00,0.02553025808032565,11.413581080009148,8.696970911647854
2013-05-22 10:00:00,0.025530413316271948,11.413580706116369,8.616919230041384
2013-05-22 12:00:00,0.02553036111787825,11.41358035938051,8.537134641210029
2013-05-22 14:00:00,0.025530349536998398,11.413584308545328,8.237853093797597
2013-05-22 16:00:00,1.838695787219367,11.568482269254572,8.894475607369735
2013-05-22 18:00:00,7.662004301809107,13.571784845624494,10.720125379130739
2013-05-22 20:00:00,10.848023575603788,13.335221194307021,11.556285299811542
2013-05-22 22:00:00,9.540278459567883,12.281391279670839,12.83105844672659
2013-05-23 00:00:00,9.272249717123376,12.001172337643546,13.597782767802885
2013-05-23 02:00:00,9.452537231128696,11.930959202762775,14.898595257041524
2013-05-23 04:00:00,9.929002846788064,12.145964719311106,15.547275578110032
2013-05-23 06:00:00,9.787559322748866,11.365514785078766,15.334662725743673
2013-05-23 08:00:00,9.787566093744918,10.907548497697958,15.363861168675754
2013-05-23 10:00:00,9.787560249353962,10.907547692426329,15.686712854786272
2013-05-23 12:00:00,12.558238169516967,10.907547839105103,24.254905970148663
2013-05-23 14:00:00,18.650729575549413,10.907549403442097,37.44249713169826
2013-05-23 16:00:00,34.58514634283388,20.896233040750946,46.92332682544138
2013-05-23 18:00:00,38.489176726123304,37.927304796989986,47.87552460516781
2013-05-23 20:00:00,38.498936081066375,38.00657867524584,47.85165561672801
2013-05-23 22:00:00,38.488619374915615,38.00655727625848,47.83103375554905
2013-05-24 00:00:00,38.49746503551657,38.00658136181099,47.84544420664156
2013-05-24 02:00:00,39.30258900210728,38.00660541300432,48.50055186079854
2013-05-24 04:00:00,40.27840949340339,38.00660702252517,48.92425863940313
2013-05-24 06:00:00,37.66671079862002,17.570751223300068,46.54972349928606
2013-05-24 08:00:00,37.666708219848246,15.990185478432622,46.16555652925775
2013-05-24 10:00:00,38.15754720471486,15.990185435541129,46.16555656979178
2013-05-24 12:00:00,41.16199597939138,15.990185242230588,46.16555766083522
2013-05-24 14:00:00,41.38491665800187,17.186915334100654,46.29833622059816
2013-05-24 16:00:00,41.38491680511981,38.224427808056134,48.175662744183654
2013-05-24 18:00:00,41.384916981499785,43.0238197566143,48.85833410605896
2013-05-24 20:00:00,41.384916826047345,43.585625697279205,48.340750650524356
2013-05-24 22:00:00,41.384916900981864,44.08649388655729,48.57682384080702
2013-05-25 00:00:00,41.384916813794774,44.00721125277624,48.35127020718025
2013-05-25 02:00:00,41.38491676049803,44.08648878938102,48.34075061189951
2013-05-25 04:00:00,41.38491664830717,44.086442945414234,47.81816960539501
2013-05-25 06:00:00,6.400239284870075,12.538919585293437,15.516692832857004
2013-05-25 08:00:00,4.997577143708993,11.546066043168835,14.515451997325787
2013-05-25 10:00:00,4.997576756169631,11.54606617354535,14.51544817089776
2013-05-25 12:00:00,4.9975767704775444,11.546067679129496,14.51544843390491
2013-05-25 14:00:00,4.9975772103135006,11.546082703459579,14.515462826905146
2013-05-25 16:00:00,5.596745018726965,19.355959798141946,16.32301525291676
2013-05-25 18:00:00,6.195169868937057,31.51452752607262,16.830426597824207
2013-05-25 20:00:00,6.195908647624886,31.55084828203946,16.82137995031006
2013-05-25 22:00:00,5.188102564244372,31.550863486774574,15.786975110603949
2013-05-26 00:00:00,4.99932472663785,31.550863976161722,15.645663952475738
2013-05-26 02:00:00,5.001648352753039,31.550860485474647,15.588264065281788
2013-05-26 04:00:00,5.000506450027063,31.550845947110066,15.298674764167073
2013-05-26 06:00:00,0.23268118089924045,20.32425025991875,9.327491451281883
2013-05-26 08:00:00,0.025531842307856,17.598786584120177,8.943477972268575
2013-05-26 10:00:00,0.0255303840217762,17.598783955288695,8.124682039785938
2013-05-26 12:00:00,0.0255304876833126,17.598782036741646,8.476255181144072
2013-05-26 14:00:00,0.2934526146849438,17.598786459398813,9.44810518158608
2013-05-26 16:00:00,3.1944222628315955,27.890678701318063,19.036897279508217
2013-05-26 18:00:00,5.020289370497904,42.89018415509291,24.285283084592955
2013-05-26 20:00:00,5.164510709124572,42.89018767089128,24.78755156727138
2013-05-26 22:00:00,15.338363456392408,42.89018429447407,27.6050524796124
2013-05-27 00:00:00,34.1868538969341,42.890188391577,30.690871830502047
2013-05-27 02:00:00,41.156256685151675,42.890189601497696,32.99582111324775
2013-05-27 04:00:00,41.156258105044955,42.89018987821633,34.586506763308115
2013-05-27 06:00:00,25.569197305916497,5.382343543045229,31.29542453757726
2013-05-27 08:00:00,22.87347174956291,2.6557741826963888,30.74453491048364
2013-05-27 10:00:00,22.873471807172177,2.6557734287083337,31.071464492778837
2013-05-27 12:00:00,22.8734722935451,2.655773884638127,31.14323167774169
2013-05-27 14:00:00,28.675699126448663,2.655775144671585,34.66862421749495
2013-05-27 16:00:00,41.38491606496662,21.65996092559662,45.36113547244201
2013-05-27 18:00:00,41.384916858628415,43.32625298720181,48.06057959402564
2013-05-27 20:00:00,41.38491677088535,43.32630576549351,48.076463170966726
2013-05-27 22:00:00,41.38491695439718,43.32630457167342,48.070384830741304
2013-05-28 00:00:00,41.38491662913539,43.32629334054189,48.070379427939386
2013-05-28 02:00:00,41.38491647464153,43.3262754920366,48.03867534611866
2013-05-28 04:00:00,41.38491637716847,43.29601041520303,47.949173408404704
2013-05-28 06:00:00,16.55487560868238,19.751602671835798,27.987316991228564
2013-05-28 08:00:00,13.822742408273719,17.595408945790233,25.960034595752443
2013-05-28 10:00:00,13.822740884828917,17.59540888733636,25.833057145374
2013-05-28 12:00:00,13.822741028253692,17.985578470009308,25.671758295515943
2013-05-28 14:00:00,17.07386721350712,31.450502895580087,28.73830639311235
2013-05-28 16:00:00,38.065205358318835,41.37247952041626,44.8247628061066
2013-05-28 18:00:00,40.9259593508622,44.161418972108095,47.128519785742355
2013-05-28 20:00:00,40.14199757402723,43.53966692308598,46.592353873502304
2013-05-28 22:00:00,40.06383677932833,43.17387715896094,46.03685189863813
2013-05-29 00:00:00,40.92794473114783,43.35586167583228,46.14721145637645
2013-05-29 02:00:00,41.3849164088778,43.44350676014852,46.07086248821039
2013-05-29 04:00:00,40.966954665167364,43.44342508154756,45.98551830431659
2013-05-29 06:00:00,40.06372724255599,42.340930225375075,42.733744255477426
2013-05-29 08:00:00,38.90867929726331,41.79166890795681,42.73373813568596
2013-05-29 10:00:00,39.578758026598535,41.83305462475791,42.77450052153155
2013-05-29 12:00:00,38.908669220244235,41.79166985471164,42.733738232039066
2013-05-29 14:00:00,38.90866913827158,41.79167376886646,43.03627376556256
2013-05-29 16:00:00,40.14679233249098,43.00373047203337,46.21317714565738
2013-05-29 18:00:00,41.38491653476445,45.15940917654429,48.59211347908284
2013-05-29 20:00:00,41.38491665901523,45.50624156380401,48.58321578207871
2013-05-29 22:00:00,41.80518353797456,45.09260832170642,48.47910793550998
2013-05-30 00:00:00,42.69280198371597,44.81458411549271,48.68924628940147
2013-05-30 02:00:00,43.28021819891309,44.81647023054414,48.69118694394521
2013-05-30 04:00:00,43.865746140529666,44.806543480156186,48.665903948253046
2013-05-30 06:00:00,41.38491649783125,40.4264310586029,39.68401565046035
2013-05-30 08:00:00,41.384916362533545,40.42616729105133,37.18902106733297
2013-05-30 10:00:00,41.384916345530684,40.42616806766064,36.88301551362265
2013-05-30 12:00:00,41.38491625080537,40.42616846012936,36.88300935071216
2013-05-30 14:00:00,41.38491618631048,40.42616758435478,37.10713059985605
2013-05-30 16:00:00,41.384916168926715,40.937811747054916,40.32835905913464
2013-05-30 18:00:00,41.384916112076596,42.862565691382486,40.19200507978087
2013-05-30 20:00:00,41.384915264990696,42.89019359331884,33.793485824517326
2013-05-30 22:00:00,34.5366385903656,42.8901935347276,32.29886031696006
2013-05-31 00:00:00,33.500674224174944,42.86248093958022,32.29885429547347
2013-05-31 02:00:00,33.50067367743133,40.82335966798624,30.34851269206872
2013-05-31 04:00:00,33.34803465422428,40.62484609382494,29.828090654134925
2013-05-31 06:00:00,0.057575216111203004,6.897635982297741,12.262939678794588
2013-05-31 08:00:00,0.025530342282235302,6.481143744371526,12.242317169673559
2013-05-31 10:00:00,0.0255301629507187,6.064686577893826,12.24260400227711
2013-05-31 12:00:00,0.02553012404842295,5.321794069982303,12.291286488063843
2013-05-31 14:00:00,0.0255302987238994,6.064683188862406,13.760931225508973
2013-05-31 16:00:00,0.0260480753061631,8.786018669602594,17.008580304295
2013-05-31 18:00:00,3.2277685116113726,12.807382346506456,18.06978535566227
2013-05-31 20:00:00,3.3875083546673093,13.312057092851562,18.257377607043324
2013-05-31 22:00:00,3.4025493251875463,13.612008254038328,18.380581748721205
2013-06-01 00:00:00,3.4041352170856927,13.612023551651092,18.402950529097517
2013-06-01 02:00:00,3.4057213679495804,13.612021042443406,18.4036130400385
2013-06-01 04:00:00,3.407308626944615,13.538880683749676,18.138101015512092
2013-06-01 06:00:00,3.408896531236956,6.924448839497309,9.75392880312381
2013-06-01 08:00:00,3.410484667438964,6.232674698371125,9.68920830720109
2013-06-01 10:00:00,3.4041111357052616,6.086405789171171,9.661395195290432
2013-06-01 12:00:00,3.396545000929165,6.086403218845395,9.588487063454703
2013-06-01 14:00:00,3.396544328432629,6.08681236886141,9.486636172851599
2013-06-01 16:00:00,2.0659196336048216,15.025605375853445,9.58222608208408
2013-06-01 18:00:00,2.2199718034909908,25.331640629386992,9.24798309720971
2013-06-01 20:00:00,3.4200330251405022,27.730592418326417,8.895253737122532
2013-06-01 22:00:00,3.4216278678968575,27.75947303520016,8.87897860074251
2013-06-02 00:00:00,3.4232227520083347,27.788158806506264,8.542760837449565
2013-06-02 02:00:00,3.42481892102239,27.788159642117172,8.541746977199681
2013-06-02 04:00:00,4.2596510253620945,27.788159887609496,8.355400408276612
2013-06-02 06:00:00,3.429212173374265,6.044647436270705,6.089785780523566
2013-06-02 08:00:00,3.4292104513579993,5.418074709460556,6.089112069071913
2013-06-02 10:00:00,3.4308078364627654,5.418074197527701,6.089108800127212
2013-06-02 12:00:00,3.432585971639562,5.596595896853657,6.0891214711082835
2013-06-02 14:00:00,3.4344067618752647,6.005111089046434,6.08977627877365
2013-06-02 16:00:00,6.405950888951756,10.887623717796231,7.874023744219223
2013-06-02 18:00:00,8.972603423699638,34.676704457323645,8.664264299516152
2013-06-02 20:00:00,8.972608040428828,38.052200138410484,9.33888127906745
2013-06-02 22:00:00,10.940622787474602,38.05219287167449,9.96803597005034
2013-06-03 00:00:00,11.103349654300693,38.05302539251356,10.015088472487266
2013-06-03 02:00:00,11.103349107035502,38.05383496749467,10.001531608269763
2013-06-03 04:00:00,10.037976263245184,38.05383189189128,10.073156993721904
2013-06-03 06:00:00,3.8939117444927436,13.464949008907297,9.060999049180268
2013-06-03 08:00:00,3.473497422432069,11.837403643207912,8.839446951506945
2013-06-03 10:00:00,3.473497871624361,11.38755417382005,8.882260265844257
2013-06-03 12:00:00,3.4734977831685576,11.387553459112368,8.935731070856368
2013-06-03 14:00:00,3.4734980818221874,11.387554040652494,9.011463714558257
2013-06-03 16:00:00,5.013679075548146,11.896288951148343,11.289937236935682
2013-06-03 18:00:00,7.820881519502162,14.76215565505029,14.241098886623057
2013-06-03 20:00:00,8.163449261887095,14.762167523564717,14.259606944963167
2013-06-03 22:00:00,9.255444927262644,14.76216208950613,14.412160421061646
2013-06-04 00:00:00,9.681419406866993,14.762172927711426,14.499202500071906
2013-06-04 02:00:00,9.681421222227888,14.762198608464578,14.499205280358122
2013-06-04 04:00:00,9.681408686703264,14.762198153154813,14.499197607677285
2013-06-04 06:00:00,5.239089171346158,8.298790749268028,11.05599303203223
2013-06-04 08:00:00,4.22255447254838,7.199624079028094,10.353259878866993
2013-06-04 10:00:00,4.222554161939742,7.199619968971523,10.353259289655352
2013-06-04 12:00:00,4.222554558030854,7.19961977964331,10.353261412762773
2013-06-04 14:00:00,4.654206403485983,7.443125546364815,10.70275171725164
2013-06-04 16:00:00,19.78391991007883,21.476883702863073,28.669294964275434
2013-06-04 18:00:00,40.55536309515925,43.66940376819758,47.270522175791726
2013-06-04 20:00:00,41.1619935088506,43.97674363864651,47.41857534157989
2013-06-04 22:00:00,41.3849155906181,43.976883528896806,47.483085038306285
2013-06-05 00:00:00,41.38491581563693,43.97689163466416,47.48308890465281
2013-06-05 02:00:00,41.38491636591593,43.97689523663841,47.48309023920464
2013-06-05 04:00:00,41.38491899604449,43.97689694948542,47.48308889582469
2013-06-05 06:00:00,41.38491562331898,36.91335160897467,29.97126207479129
2013-06-05 08:00:00,40.93913527751772,32.37281096780083,27.227348075875845
2013-06-05 10:00:00,40.939127948989196,32.372810384352924,27.13989435179613
2013-06-05 12:00:00,40.939128889723754,32.37281093999965,27.142220748965784
2013-06-05 14:00:00,41.16202392757865,33.78026870919025,29.644089120825022
2013-06-05 16:00:00,41.38491572709803,42.15052795643215,44.43685748981588
2013-06-05 18:00:00,41.38491851871963,44.21163627035318,47.19880063777566
2013-06-05 20:00:00,41.38491578082004,44.21170842144247,47.19154089779363
2013-06-05 22:00:00,41.384915798610365,44.211697110857784,47.19869906200293
2013-06-06 00:00:00,41.38491599900746,44.21169702291671,47.26180329330117
2013-06-06 02:00:00,41.38498859459436,44.21168451894661,47.30742027676402
2013-06-06 04:00:00,41.38499497436672,44.211697382630696,47.31135883036217
2013-06-06 06:00:00,36.51428079658434,23.626837742328853,26.941807657220217
2013-06-06 08:00:00,27.792635411263888,19.088980676106203,23.826050555694266
2013-06-06 10:00:00,27.792634541331317,19.0889798765105,23.171227781664314
2013-06-06 12:00:00,27.792634694844516,19.088980416194786,23.172625982150944
2013-06-06 14:00:00,27.79263711613906,19.40073260123175,24.71041101502662
2013-06-06 16:00:00,37.320024458174835,39.15206903412603,43.1723670698848
2013-06-06 18:00:00,41.382476803624805,43.12900403779736,47.20890434258101
2013-06-06 20:00:00,40.93916051181449,43.00160215818999,47.10876521837663
2013-06-06 22:00:00,41.38491433160472,43.1289934751663,47.18191066490097
2013-06-07 00:00:00,41.3849095624009,43.13128355851898,47.208941143594984
2013-06-07 02:00:00,41.3849150648893,43.13130126112473,47.208951182741075
2013-06-07 04:00:00,41.38491547927947,43.1313013322496,47.16089281422268
2013-06-07 06:00:00,11.184005788192529,14.194329265211529,24.624412328944768
2013-06-07 08:00:00,8.97262030645901,11.760183020388098,22.64642509650438
2013-06-07 10:00:00,8.972620096031356,11.760182328411156,22.64642101234131
2013-06-07 12:00:00,8.972620520839264,11.76018285102259,22.73366871645663
2013-06-07 14:00:00,9.173618566205693,12.245625733948378,23.596224300366874
2013-06-07 16:00:00,28.87706798506374,31.84671059506522,38.991284952365326
2013-06-07 18:00:00,40.28664070948994,42.89020039758216,47.30412593438491
2013-06-07 20:00:00,38.59164830734582,42.89020134747338,47.30412074045045
2013-06-07 22:00:00,40.71006897904991,42.94589167081433,47.299674060781605
2013-06-08 00:00:00,41.162020528646366,43.0015799939449,47.30412729710326
2013-06-08 02:00:00,41.3849072035988,43.00158075086373,47.30412711587145
2013-06-08 04:00:00,41.38491101538534,42.945937955617886,47.07728091587926
2013-06-08 06:00:00,9.425233249742409,11.740015015574304,14.856676418993349
2013-06-08 08:00:00,7.722360168632955,10.43381777570167,14.24300655308055
2013-06-08 10:00:00,7.722359957648267,10.433793525140938,14.243077808260827
2013-06-08 12:00:00,7.722359872132146,10.433794133496974,14.403750495154522
2013-06-08 14:00:00,7.8869339563069385,10.628198917705763,14.866324875498874
2013-06-08 16:00:00,21.900570834777685,26.478747620862414,31.938116020151437
2013-06-08 18:00:00,36.49731789238411,41.23769269352684,45.56929402032803
2013-06-08 20:00:00,39.197471145620774,42.6459761418479,46.121940353108094
2013-06-08 22:00:00,40.81304031327343,42.89020141748091,46.20961724220015
2013-06-09 00:00:00,41.384914681988704,42.89020202546139,46.216921230535036
2013-06-09 02:00:00,41.38491501623274,42.89020258770729,46.21935802661177
2013-06-09 04:00:00,40.81304038223634,42.8901963022025,46.06096854348681
2013-06-09 06:00:00,39.16872515723696,41.57633738778029,40.08222271667455
2013-06-09 08:00:00,33.50067938019566,34.72172324168322,36.93544661573361
2013-06-09 10:00:00,33.50067808727295,34.7217224793949,36.83127444966064
2013-06-09 12:00:00,33.5006774623247,34.721722555403126,36.84845244597247
2013-06-09 14:00:00,34.75401506379505,36.999788496025296,39.303725542752474
2013-06-09 16:00:00,41.384910813727586,43.0762183576626,47.76491710947994
2013-06-09 18:00:00,41.38491535107893,43.36386840804978,48.58391113674062
2013-06-09 20:00:00,41.3849153349793,43.67431177972716,48.47316536196303
2013-06-09 22:00:00,41.38491536914224,44.325000384495304,48.45564406448234
2013-06-10 00:00:00,41.38491562069595,44.98565118966181,48.76117697648796
2013-06-10 02:00:00,41.38491612075126,45.61942585785192,49.23043673845779
2013-06-10 04:00:00,42.248059480367246,45.804403065878645,49.629787285076816
2013-06-10 06:00:00,41.80298973660736,43.87054773719963,47.92970041502548
2013-06-10 08:00:00,41.38491578413149,43.26762860160884,47.355340656064
2013-06-10 10:00:00,41.38491563468771,43.26223742268522,47.35348831378593
2013-06-10 12:00:00,41.38491566336701,43.26223583677981,47.35348826118689
2013-06-10 14:00:00,41.384915796064064,43.26223586718592,47.39119466898376
2013-06-10 16:00:00,42.625340822602126,44.482327960364685,48.840551989974955
2013-06-10 18:00:00,47.81170737273521,49.68618920045286,53.99059126048575
2013-06-10 20:00:00,47.76402954200397,49.53173224267632,53.95945404895261
2013-06-10 22:00:00,50.83966656967937,49.531713374041566,53.99061010068759
2013-06-11 00:00:00,50.78647064683137,49.53172516642783,53.99062564063156
2013-06-11 02:00:00,50.78640786126384,49.531733436637936,53.990632149920586
2013-06-11 04:00:00,49.338812066760624,49.58509262546321,53.94590835813543
2013-06-11 06:00:00,41.384915847141784,40.44824814793662,45.181992445729534
2013-06-11 08:00:00,43.52706157112677,38.539011771091154,47.26029857013539
2013-06-11 10:00:00,41.384915203884574,35.32161499295387,44.425581490021266
2013-06-11 12:00:00,41.38491182579976,34.75734851020847,43.315874629913154
2013-06-11 14:00:00,41.38491490366759,34.757349653820846,43.3212860031026
2013-06-11 16:00:00,41.384915427850416,35.57963119499476,46.56094956861331
2013-06-11 18:00:00,41.38491563331715,41.490826729919796,49.18144086791487
2013-06-11 20:00:00,41.384915224247734,42.32067300121753,48.9025366807348
2013-06-11 22:00:00,37.078484691366796,35.10556680761789,47.75851450159188
2013-06-12 00:00:00,36.9709504809087,34.75735254647293,47.758510294144855
2013-06-12 02:00:00,36.9709504083164,34.7573511168887,47.75851552548208
2013-06-12 04:00:00,36.97095006458974,34.757350712737626,46.23351557606742
2013-06-12 06:00:00,3.6363352363482977,6.387687107588132,9.968614487350257
2013-06-12 08:00:00,3.6263865803288726,6.225952418092119,9.421751646850108
2013-06-12 10:00:00,3.5111975281588954,6.194738659679555,9.346556232493189
2013-06-12 12:00:00,3.5817749908403735,6.131062226779498,9.334331498012304
2013-06-12 14:00:00,3.6293456701399345,6.259286101086614,9.452281404953938
2013-06-12 16:00:00,4.082707549358574,7.356769593437676,11.436592484790829
2013-06-12 18:00:00,4.522935448993463,7.501510325927694,12.392767307226633
2013-06-12 20:00:00,4.522935017603974,7.501508735444723,12.380312787275422
2013-06-12 22:00:00,3.6424696171495556,7.498112209428518,12.01438294205121
2013-06-13 00:00:00,3.642469635680278,6.884096478810001,11.783836513726744
2013-06-13 02:00:00,3.642470063490175,7.498677849817837,11.827852187365142
2013-06-13 04:00:00,3.643741735518054,7.500941729441289,11.571008633115966
2013-06-13 06:00:00,0.02553061031219625,4.496456273715402,5.385552673771686
2013-06-13 08:00:00,0.02553072216845095,3.168439201796539,5.387523739107763
2013-06-13 10:00:00,0.02553100993855005,3.163373151673153,5.381636301240982
2013-06-13 12:00:00,0.025530623169124148,3.160697175057737,5.3815654990678645
2013-06-13 14:00:00,0.0255315846119789,2.657009345830283,5.380099332462367
2013-06-13 16:00:00,0.02559353887230055,4.88282945495506,8.62503828844252
2013-06-13 18:00:00,0.04231501308623195,5.742655060683552,9.08301751484756
2013-06-13 20:00:00,0.0261287074454362,7.202894929606392,9.062422938490677
2013-06-13 22:00:00,0.025530996380037002,7.205029284781726,8.97671339853794
2013-06-14 00:00:00,0.0273630690431843,7.27010254938345,8.842284727054263
2013-06-14 02:00:00,0.5565454583688668,9.165939736250198,8.601577510459819
2013-06-14 04:00:00,0.7064780044920693,9.16594059956148,8.85808600296833
2013-06-14 06:00:00,0.5511426054853186,5.176381922687918,5.7767282638761
2013-06-14 08:00:00,0.5511397457589118,4.890161160798398,5.732805596948523
2013-06-14 10:00:00,1.2551909156326047,4.8968713369337875,5.789355175642994
2013-06-14 12:00:00,1.261463507100303,4.896872299460575,5.834649338964807
2013-06-14 14:00:00,3.2559603737170275,5.873328067120531,8.723028942373809
2013-06-14 16:00:00,11.782578863566126,13.419048848514292,18.389305331253066
2013-06-14 18:00:00,15.672323064024514,16.450145573442782,27.451903375874352
2013-06-14 20:00:00,15.672322990529892,16.450145688447076,28.30252876023103
2013-06-14 22:00:00,15.610690642597536,16.249076067091387,28.302521819072943
2013-06-15 00:00:00,13.094279291782073,13.802239758011257,27.74579052999864
2013-06-15 02:00:00,12.673473547736409,13.802237793680707,26.690950461310813
2013-06-15 04:00:00,12.673472784278779,13.802239754506555,25.327965028222202
2013-06-15 06:00:00,0.03756964486340745,2.66035261860104,5.389866240433086
2013-06-15 08:00:00,0.0255301409938153,2.6454668378374464,5.3735283685379995
2013-06-15 10:00:00,0.02552982209739605,2.645459630901002,5.3735283019313975
2013-06-15 12:00:00,0.025529492683376648,2.6454596137044373,5.3735285968122355
2013-06-15 14:00:00,0.0255298946657618,2.645461691282976,5.374301829857181
2013-06-15 16:00:00,0.02553030852537405,2.9278981104880772,6.706553856283859
2013-06-15 18:00:00,0.37262674629459425,6.177756779466778,10.096541003937599
2013-06-15 20:00:00,0.8162688408547256,6.383210825974276,10.502370985183202
2013-06-15 22:00:00,0.8162671420727524,6.375862045903872,10.501880445316157
2013-06-16 00:00:00,0.9136178053397237,6.457652875804552,10.408673717530306
2013-06-16 02:00:00,0.9136187366760814,7.260926725615934,10.459567612944166
2013-06-16 04:00:00,0.8360531535898013,7.292073696593609,10.397571449459578
2013-06-16 06:00:00,0.0255304112218404,6.838161774815251,5.3838731098315975
2013-06-16 08:00:00,0.025530316348927752,6.384182471278191,5.374060621344109
2013-06-16 10:00:00,0.02553059255983685,6.384182943034272,5.374061203969672
2013-06-16 12:00:00,0.027221827053678198,7.826849499995884,5.374093016414438
2013-06-16 14:00:00,1.8782231061413963,17.58086155232767,5.375773597192415
2013-06-16 16:00:00,30.77043615877757,43.859412419182576,15.60897914981095
2013-06-16 18:00:00,41.66800122175756,45.32778956699849,43.57951045182048
2013-06-16 20:00:00,42.63372024767138,46.022608709888,46.608554655820356
2013-06-16 22:00:00,43.24976033548992,46.02262930086562,46.620895167316235
2013-06-17 00:00:00,43.8657713334281,46.02263389974187,46.62089817761034
2013-06-17 02:00:00,42.526460964523096,45.67521510281426,46.62089848458693
2013-06-17 04:00:00,41.90204310354362,44.5936082849767,46.53686587187525
2013-06-17 06:00:00,41.384915097223825,42.82753299903244,27.548758083031288
2013-06-17 08:00:00,41.074416760710136,41.79564646502487,24.314966495100798
2013-06-17 10:00:00,40.939158044207815,41.795683949516096,24.101452030326442
2013-06-17 12:00:00,41.384914758007085,41.79564519305411,24.440294224524543
2013-06-17 14:00:00,40.93915225799569,41.79564497201551,28.543472414293724
2013-06-17 16:00:00,41.14384421865988,42.82753307663795,44.90452927899796
2013-06-17 18:00:00,41.38491518860417,45.01431097440231,47.33358231133635
2013-06-17 20:00:00,41.38491519269128,45.065289177579615,47.32027961905061
2013-06-17 22:00:00,41.38491510008579,44.75149797097195,47.259113169783674
2013-06-18 00:00:00,41.38491525828197,45.06529138698696,47.32027840585177
2013-06-18 02:00:00,41.384915293616245,45.06530056466434,47.32028138580992
2013-06-18 04:00:00,41.38491525925053,45.06841569861051,47.31757704564187
2013-06-18 06:00:00,23.708683003410847,28.417368657860838,26.29122379814322
2013-06-18 08:00:00,21.208263654434564,24.693136268410264,23.893772344729264
2013-06-18 10:00:00,21.208263575486647,24.693135994347017,23.45327209910962
2013-06-18 12:00:00,21.386454284083207,25.252223986982692,23.504291770385425
2013-06-18 14:00:00,35.023036711224535,37.36369272000617,27.196380826653826
2013-06-18 16:00:00,41.400293505097984,44.321109051986426,44.86524392353043
2013-06-18 18:00:00,43.052685426766665,50.15115402388026,47.107447119560646
2013-06-18 20:00:00,46.139116182580835,52.9652291255827,47.07639171622853
2013-06-18 22:00:00,42.476059585989816,47.51022594042489,46.98201542897647
2013-06-19 00:00:00,42.51394252620213,47.12736542137196,46.95046194185223
2013-06-19 02:00:00,43.133878002833725,46.744501339687346,46.982024199092756
2013-06-19 04:00:00,43.63932952535744,46.6017259250845,46.9228414106627
2013-06-19 06:00:00,42.625347695105674,44.730932769473384,29.531852633097394
2013-06-19 08:00:00,41.384915293344314,43.85941885443028,27.638775664047895
2013-06-19 10:00:00,41.384914918166245,43.85941857490948,27.520741213734162
2013-06-19 12:00:00,41.38491480360145,43.8594212786828,27.66838214217257
2013-06-19 14:00:00,41.38491538534022,43.85941941223575,30.511415821841695
2013-06-19 16:00:00,41.38491579717213,44.061980475654856,45.817601855074074
2013-06-19 18:00:00,41.44894284694581,45.10660200796286,46.94571725368405
2013-06-19 20:00:00,41.38491657427535,45.106598101503714,46.915844463576235
2013-06-19 22:00:00,41.62614737242744,45.174590320415376,47.30483721263332
2013-06-20 00:00:00,41.384915900689,45.10660113981691,47.29158512589976
2013-06-20 02:00:00,41.38491583053619,45.10660145559218,47.291586209996254
2013-06-20 04:00:00,41.38491593951031,45.106599819379284,47.291585079131536
2013-06-20 06:00:00,41.38491556249137,43.85942845132371,34.4126440750401
2013-06-20 08:00:00,41.38491522724339,43.85942564681706,32.50883896598974
2013-06-20 10:00:00,41.38491533229942,43.85942376430714,32.1534918171029
2013-06-20 12:00:00,41.3849159247393,43.85941786222148,32.15367806225801
2013-06-20 14:00:00,41.38491563355892,43.85941826129195,39.638723075003064
2013-06-20 16:00:00,41.38491561241125,44.08095570446447,46.94478481654127
2013-06-20 18:00:00,41.384916189536995,45.074668645828595,47.55032581563886
2013-06-20 20:00:00,41.54366710722631,45.07467063404174,47.548838431398934
2013-06-20 22:00:00,41.54103993377498,45.31587710170608,47.5440554228267
2013-06-21 00:00:00,41.59042885861835,44.9606785908241,47.50646620057562
2013-06-21 02:00:00,41.38491678862576,44.08099579147378,47.41502117433752
2013-06-21 04:00:00,41.38491658173575,43.85943013203726,46.847743969741785
2013-06-21 06:00:00,9.27603147565893,11.423284004474436,6.519286964661317
2013-06-21 08:00:00,8.709485093006645,10.91882592870035,6.306696711205817
2013-06-21 10:00:00,3.820568561678524,10.918825267356407,6.284919131775601
2013-06-21 12:00:00,1.472656425806199,10.91882493157188,6.2639054534024385
2013-06-21 14:00:00,0.0266788068555149,10.918826403937626,5.8275728905752135
2013-06-21 16:00:00,1.7836017115929865,12.025972026391727,8.342542811483609
2013-06-21 18:00:00,4.265824878924844,13.024498067373813,10.682109955489054
2013-06-21 20:00:00,4.742809876607101,13.024498609277035,10.936415570461332
2013-06-21 22:00:00,4.742809972462753,11.757465976463067,11.0299983757969
2013-06-22 00:00:00,3.8476234291070863,11.027446757758977,10.825786730247962
2013-06-22 02:00:00,3.829921278340464,9.467060682170295,10.851022760937234
2013-06-22 04:00:00,3.82591401179499,7.66313798804735,10.790215867243383
2013-06-22 06:00:00,0.02553036580231155,2.650450625516754,5.5949817614456165
2013-06-22 08:00:00,0.02553008798437705,2.6471904202804994,5.553104023332418
2013-06-22 10:00:00,0.025530184915028148,2.6471955203448054,5.55310387662737
2013-06-22 12:00:00,0.02553019546013955,2.6471946384121625,5.553331575752033
2013-06-22 14:00:00,0.0255301739615881,2.6471979837024167,5.562974474472983
2013-06-22 16:00:00,0.025530402182029,2.651578916365173,7.934305306844374
2013-06-22 18:00:00,0.02553081677704035,2.6560151867265165,8.387478061802458
2013-06-22 20:00:00,0.0255347260783076,2.660839488244525,8.389694682351752
2013-06-22 22:00:00,0.02553180104022425,2.656255167571826,8.303867849266233
2013-06-23 00:00:00,0.0303852910867779,2.6603732935942617,8.385139028578566
2013-06-23 02:00:00,0.03094535112961535,2.664448186018677,8.388421020432077
2013-06-23 04:00:00,0.0255318839868046,2.6603738895945495,8.339315540301355
2013-06-23 06:00:00,0.025530180165360197,2.6484593680391164,6.503443189197922
2013-06-23 08:00:00,0.02553011549178765,2.6473227723931108,6.461525109296433
2013-06-23 10:00:00,0.02553021215830235,2.6472780181856006,6.461458304541198
2013-06-23 12:00:00,0.025530319965662948,2.647256185643628,6.463936867339342
2013-06-23 14:00:00,0.0255306162572602,2.647246696419349,6.598934094866038
2013-06-23 16:00:00,0.6596942085295918,3.310661235775788,12.534438038853997
2013-06-23 18:00:00,3.8657546445185362,6.531670043272576,22.09802501072661
2013-06-23 20:00:00,3.8675549059149024,6.546959687617067,22.310564317251504
2013-06-23 22:00:00,3.8663052403718305,6.567703758858926,21.39721099340472
2013-06-24 00:00:00,3.871156194548718,6.659309419382696,21.856920932027464
2013-06-24 02:00:00,5.830264200065288,8.708759268219545,22.63140443549657
2013-06-24 04:00:00,9.284337006607139,11.73125820943812,22.18075617828881
2013-06-24 06:00:00,9.28434574395253,11.735025659008183,21.40067147055142
2013-06-24 08:00:00,10.352276630115988,12.828705338735249,22.101227681593265
2013-06-24 10:00:00,10.17774549297074,13.319706255431253,22.475856250474607
2013-06-24 12:00:00,10.387508685672753,13.545850384107599,22.611490922426068
2013-06-24 14:00:00,13.674048617219796,17.004340837926375,25.52708299251737
2013-06-24 16:00:00,33.457588106044334,41.942482314569375,42.98229967687462
2013-06-24 18:00:00,41.275614362069625,44.64024185982555,47.382693464084966
2013-06-24 20:00:00,41.384915792090275,44.75149613628369,47.40438205443115
2013-06-24 22:00:00,41.384915918360974,44.75149664224432,47.40438038212426
2013-06-25 00:00:00,41.384915908698645,44.75149702271736,47.40437978366225
2013-06-25 02:00:00,41.38491599724466,44.75149757864817,47.404368313924905
2013-06-25 04:00:00,41.384915946920444,44.75149530534843,47.13097351122748
2013-06-25 06:00:00,19.070603389610994,37.92950400467301,18.97205863498152
2013-06-25 08:00:00,18.944597708092363,34.21182193805332,17.765551746707885
2013-06-25 10:00:00,18.944597820255986,34.21182219319985,17.201297747612198
2013-06-25 12:00:00,18.94459796088894,34.21182248961517,16.733891628843423
2013-06-25 14:00:00,18.944598494002214,34.211828531382054,16.695547311472346
2013-06-25 16:00:00,19.666500318230355,39.195483813536754,16.932399684682863
2013-06-25 18:00:00,37.44279693319707,45.68479408511387,17.26797911887578
2013-06-25 20:00:00,41.38491585442543,47.51013434838943,17.219641093718515
2013-06-25 22:00:00,41.38491594260658,46.31439563110662,17.178031200703924
2013-06-26 00:00:00,41.38491592838426,45.10327942822386,17.11522978305844
2013-06-26 02:00:00,41.3849157373545,45.15512029288635,17.137997677376315
2013-06-26 04:00:00,41.384855095158926,44.62086317885345,17.113144967769653
2013-06-26 06:00:00,22.334404421962294,29.86795403909999,8.476271251992188
2013-06-26 08:00:00,19.97824786208428,26.996514207147076,8.468471250967683
2013-06-26 10:00:00,19.978250874495135,26.996517253658013,8.47191453917641
2013-06-26 12:00:00,19.978248935571667,27.54767854185966,8.47179836660519
2013-06-26 14:00:00,19.97824863982572,28.25980557288758,8.485253539584495
2013-06-26 16:00:00,19.97824881942831,39.93158639494429,13.23946809841807
2013-06-26 18:00:00,19.978252141496718,43.85943049027915,20.431060554523253
2013-06-26 20:00:00,19.978249462999422,43.859430853217404,25.08208144025545
2013-06-26 22:00:00,19.978248993860703,43.85943082487832,26.04990730338218
2013-06-27 00:00:00,20.393809520080453,43.85943069072964,26.578579075593574
2013-06-27 02:00:00,24.690563434300742,43.85943086997982,30.351164736928602
2013-06-27 04:00:00,24.690563736812997,43.85943029695626,30.892333029482053
2013-06-27 06:00:00,19.49047388925417,31.049179418286364,26.21912035076336
2013-06-27 08:00:00,19.490471726857393,29.112307649462654,26.097431106632015
2013-06-27 10:00:00,19.490472021781173,29.112308313951594,26.43071066017228
2013-06-27 12:00:00,19.490472811817433,29.11231082006973,26.757626846539917
2013-06-27 14:00:00,20.622925503202282,29.112318196897462,29.568498292172713
2013-06-27 16:00:00,33.34216443356684,37.27743964534845,40.52858511955098
2013-06-27 18:00:00,36.85377356512164,43.85942963886366,43.96937684063423
2013-06-27 20:00:00,35.217539225447624,43.859431222089896,43.94082920117507
2013-06-27 22:00:00,30.30418651354006,43.859431754831185,43.0002472146205
2013-06-28 00:00:00,33.83133236329366,43.85943163853021,43.20318178544422
2013-06-28 02:00:00,35.46387568182563,43.85943167785372,43.45637779761551
2013-06-28 04:00:00,35.791197667348506,43.85943177470418,43.02484544893488
2013-06-28 06:00:00,12.665078310460832,16.82240446721429,17.659641339983434
2013-06-28 08:00:00,12.665078615510005,14.993890421821309,17.417565224390348
2013-06-28 10:00:00,12.82137691480538,14.993888717159356,17.41757740558433
2013-06-28 12:00:00,12.925648096932274,14.993884713761002,17.483543364624865
2013-06-28 14:00:00,12.665080654730868,14.993845348525067,17.774589036022633
2013-06-28 16:00:00,13.872190789516456,15.404069029937862,24.16066393390653
2013-06-28 18:00:00,15.661958683940592,17.08197752554362,28.40691489851214
2013-06-28 20:00:00,15.328135803074401,16.87080143085969,28.40006643111266
2013-06-28 22:00:00,12.72106301906495,14.998037437323518,27.119606193999033
2013-06-29 00:00:00,12.665078295785769,14.993888911918269,27.036622255525153
2013-06-29 02:00:00,12.665078274843122,15.279338841171715,27.074753599380493
2013-06-29 04:00:00,12.66507841967376,15.855109216275569,27.0464600265324
2013-06-29 06:00:00,3.6316210013275634,14.130550434529923,10.50833632099748
2013-06-29 08:00:00,3.2773204648224588,14.130547174854637,10.031745511260814
2013-06-29 10:00:00,3.2773208920606898,14.135003798861744,9.918320948759526
2013-06-29 12:00:00,3.2773325583158903,14.134993417948259,9.875632258768448
2013-06-29 14:00:00,3.504354777439091,14.134996706402465,9.046297733942653
2013-06-29 16:00:00,9.223521895506604,25.42497236092546,9.702572724764652
2013-06-29 18:00:00,41.38491548046631,43.85943105886877,13.588604362681167
2013-06-29 20:00:00,41.38491620265344,43.85943260283807,15.528169679414834
2013-06-29 22:00:00,41.38491610595551,43.859434031214306,15.666775903805364
2013-06-30 00:00:00,41.29730699219398,43.85943308924239,15.74307484514251
2013-06-30 02:00:00,33.5006764471558,43.859432199461644,15.824659301429406
2013-06-30 04:00:00,33.500674807560465,43.85943197341295,15.82492210471601
2013-06-30 06:00:00,4.09937100183291,6.288713665465979,8.665307776120581
2013-06-30 08:00:00,4.011060926379406,5.772586498055297,8.456902177064679
2013-06-30 10:00:00,4.012457198525626,5.772585049716527,8.4627293152204
2013-06-30 12:00:00,4.014325187615672,5.7725883094677855,8.541508100524036
2013-06-30 14:00:00,4.016194727171782,5.843751008788107,8.681059107629027
2013-06-30 16:00:00,13.320938280671498,11.003988863187491,18.832766649494424
2013-06-30 18:00:00,26.41634477403923,23.272565016712985,33.85971511954229
2013-06-30 20:00:00,25.266283848975384,23.27410465168345,33.89109695984904
2013-06-30 22:00:00,23.815016067809324,23.532084706745625,33.850544891883914
2013-07-01 00:00:00,23.0767229722779,23.57904080971825,33.838023745894105
2013-07-01 02:00:00,23.21360341669375,26.87463334954143,33.84430825222742
2013-07-01 04:00:00,24.46607169914987,26.855968356290887,33.74926889593423
2013-07-01 06:00:00,13.663737234487442,17.049029756087176,10.932523307892133
2013-07-01 08:00:00,13.663737280287016,15.327804138823218,10.466371921831474
2013-07-01 10:00:00,13.663744081431206,15.327803517549356,10.466372417698064
2013-07-01 12:00:00,13.663738589897779,15.32780386546012,10.466382730131905
2013-07-01 14:00:00,23.83145288014553,15.443899620045194,11.596416282718788
2013-07-01 16:00:00,41.88864814228394,40.89271491969651,43.44790438377771
2013-07-01 18:00:00,44.561919852426016,47.01684321850001,50.2705064768038
2013-07-01 20:00:00,44.692559833327756,47.016868095041346,50.340231356549396
2013-07-01 22:00:00,44.6925557674689,47.01685475080672,50.34023170491527
2013-07-02 00:00:00,44.692557964191934,47.01689510674978,50.34023081194902
2013-07-02 02:00:00,44.69257354321772,47.016936154144474,50.34023128872468
2013-07-02 04:00:00,44.692566428124536,47.01692222328377,50.34022839271686
2013-07-02 06:00:00,42.96966603937189,22.43013752548807,24.324610503140885
2013-07-02 08:00:00,38.5948498275375,18.569875239739552,21.891334543601502
2013-07-02 10:00:00,34.78432152098098,18.149164473164383,21.891331992733235
2013-07-02 12:00:00,34.78432097433001,18.149164965022813,21.89133227881142
2013-07-02 14:00:00,34.78432097586874,18.766296475155738,23.325262406976066
2013-07-02 16:00:00,38.876981852218,27.856302996052023,42.66048476580615
2013-07-02 18:00:00,42.96966432548166,44.1779708253633,49.08245856011395
2013-07-02 20:00:00,38.68039865183826,40.57541394245986,46.66149050971366
2013-07-02 22:00:00,34.784321263118386,36.26176417545388,42.92071516309669
2013-07-03 00:00:00,34.784321134474446,36.26176243673683,41.99389154155034
2013-07-03 02:00:00,34.79726413458464,37.160571147723594,41.738807813160975
2013-07-03 04:00:00,38.22255075735271,43.62154728245743,42.773795870093394
2013-07-03 06:00:00,41.919142134394036,43.62154034008583,42.89136005834337
2013-07-03 08:00:00,42.96966842332407,42.93722639206095,43.08948955487611
2013-07-03 10:00:00,44.08779572759393,44.16605691265031,44.06791937830037
2013-07-03 12:00:00,45.4132542383697,43.21434058734552,44.213864479399895
2013-07-03 14:00:00,45.95037123106055,43.21434049917659,44.98968621527152
2013-07-03 16:00:00,47.345400149671875,45.98326388862402,51.396918062246975
2013-07-03 18:00:00,47.34543215099627,49.04167777708943,53.44888609559868
2013-07-03 20:00:00,47.345469428389194,49.0417984991069,53.44888563215343
2013-07-03 22:00:00,47.34546229511511,49.04177983165782,53.44888396947756
2013-07-04 00:00:00,47.34544682105982,49.04176648910658,53.448882201368136
2013-07-04 02:00:00,47.34542289927009,49.041788492400684,53.51898188019776
2013-07-04 04:00:00,47.34542409801105,49.04178990460865,53.59818607684397
2013-07-04 06:00:00,22.112957833605186,21.631125769170083,37.54202978349775
2013-07-04 08:00:00,18.58308328476756,18.920957869117636,34.740276649575165
2013-07-04 10:00:00,16.620710538840633,18.920957857093253,34.577104334597124
2013-07-04 12:00:00,16.620710080258107,18.920958078322226,34.6585068905057
2013-07-04 14:00:00,16.620710237244495,18.920959989277936,34.943744731305046
2013-07-04 16:00:00,18.05564681115626,20.571871584256805,39.26971862105278
2013-07-04 18:00:00,45.447050528913664,47.012552080890195,54.25801886102058
2013-07-04 20:00:00,47.345402708412735,50.21066960031365,54.67520492647857
2013-07-04 22:00:00,48.923205740154735,52.424468469291966,54.882668367426746
2013-07-05 00:00:00,49.304374884558506,52.69771876870594,54.949682180915595
2013-07-05 02:00:00,49.444709834310956,52.84056232976124,54.984997519413774
2013-07-05 04:00:00,49.44471089962539,52.79555074484608,54.925035020056065
2013-07-05 06:00:00,49.44471034036684,51.60105203554983,49.803266708140505
2013-07-05 08:00:00,49.4447102334778,49.70491558584068,46.31621685818256
2013-07-05 10:00:00,49.444710308516804,48.6735023854725,46.082930502327386
2013-07-05 12:00:00,49.4447104324412,48.67350222249222,46.08292958465241
2013-07-05 14:00:00,49.444710827505844,48.673504621703714,46.08293199063126
2013-07-05 16:00:00,49.761218928474634,51.88435275744678,52.02339991605711
2013-07-05 18:00:00,53.15865885351066,55.177021476576,57.04606271409684
2013-07-05 20:00:00,51.60808789688018,55.12673361883776,57.0316925037576
2013-07-05 22:00:00,51.55520081652638,55.103471114167604,57.02434489451787
2013-07-06 00:00:00,51.55517774702774,55.10344997743741,57.02434389222492
2013-07-06 02:00:00,51.555170235944374,55.10344507140937,57.02434628558479
2013-07-06 04:00:00,51.36673744651415,54.91163937319395,56.92328728436991
2013-07-06 06:00:00,49.44471134284019,32.28226702830898,28.584183663904806
2013-07-06 08:00:00,47.20076960148531,25.887925273289575,24.91254087244743
2013-07-06 10:00:00,46.16714261855797,25.887924744308435,24.91253977160768
2013-07-06 12:00:00,43.42036757597562,25.887925268355414,24.91254266996623
2013-07-06 14:00:00,44.793737516295124,26.349793485472595,26.707618957554157
2013-07-06 16:00:00,49.44471162414903,48.46275106949272,48.27538575490347
2013-07-06 18:00:00,49.444713093320374,53.835413327427304,54.91443113143856
2013-07-06 20:00:00,49.444712503355795,53.835414205618804,54.8989305630628
2013-07-06 22:00:00,49.444712764601725,53.83541341194608,54.898931191398894
2013-07-07 00:00:00,49.6209481753435,53.83541461986444,54.98155707963839
2013-07-07 02:00:00,49.731094226144094,53.83541534714044,55.033197944666455
2013-07-07 04:00:00,49.73109734030015,53.83541558677561,55.03319532009645
2013-07-07 06:00:00,49.44471234770096,24.559552944996476,26.307973694970944
2013-07-07 08:00:00,47.67357546038909,19.90465431795142,22.539030692326573
2013-07-07 10:00:00,45.90243193121917,19.904651816009324,22.31412596572481
2013-07-07 12:00:00,45.90240742815874,19.90465205501977,22.42103277752957
2013-07-07 14:00:00,46.313970695805494,20.415068917388584,23.791361048298548
2013-07-07 16:00:00,49.444712702624,43.289035439146645,44.76635205215036
2013-07-07 18:00:00,49.44471294850804,53.835413409071606,54.81190986512208
2013-07-07 20:00:00,49.44471290672644,53.83541387279861,54.811908705070536
2013-07-07 22:00:00,49.444713083877005,53.83541413681762,54.81190907448662
2013-07-08 00:00:00,49.444713243519224,53.835414585427955,54.81191137604078
2013-07-08 02:00:00,49.44471340218959,53.83541489875441,54.81191233842771
2013-07-08 04:00:00,49.44471349391277,53.835415018110666,54.81191204511107
2013-07-08 06:00:00,7.68285652554381,8.999356555390612,16.663626977671253
2013-07-08 08:00:00,6.202005245826976,7.601555787823087,14.464041938585485
2013-07-08 10:00:00,6.202004537663182,7.60155396621218,14.274839929488621
2013-07-08 12:00:00,6.2020044999348505,7.601554170006855,14.226949516641971
2013-07-08 14:00:00,6.202005241395431,8.08130548776651,16.13182263750055
2013-07-08 16:00:00,34.738590582651874,35.47741105180776,41.67012169036019
2013-07-08 18:00:00,49.44471384720693,53.83541343636317,54.69216125226408
2013-07-08 20:00:00,49.444713504405605,53.835414831939524,54.68396350954799
2013-07-08 22:00:00,49.44471423556075,53.83541496411912,54.69215008331068
2013-07-09 00:00:00,49.44471447014692,53.835415364170274,54.700342171716144
2013-07-09 02:00:00,49.44471474031478,53.83541588785635,54.70034477569624
2013-07-09 04:00:00,49.44471591375499,53.83541607427081,54.7003438362314
2013-07-09 06:00:00,49.44471347814944,26.166500007983856,28.70571651376619
2013-07-09 08:00:00,46.503550337244064,23.361229801439478,26.724958310809726
2013-07-09 10:00:00,39.61815254069242,21.17281281484813,24.042060114926237
2013-07-09 12:00:00,39.61815203053099,21.17281299081627,23.74818350726823
2013-07-09 14:00:00,39.61815255117651,21.54323694325761,24.387859378323505
2013-07-09 16:00:00,44.59801640694192,39.50744370144771,39.20098766268393
2013-07-09 18:00:00,48.93736007224937,53.835416324316085,42.77575132062614
2013-07-09 20:00:00,48.93735580268353,53.8354172142688,40.921230552575366
2013-07-09 22:00:00,41.99322847244213,53.835417200985006,37.8320010561617
2013-07-10 00:00:00,40.83471475928803,53.83541391360071,37.84360706523934
2013-07-10 02:00:00,39.61815450263188,53.83541080655194,37.672447168198424
2013-07-10 04:00:00,39.61815349386037,53.83533228046055,37.296773125989034
2013-07-10 06:00:00,4.239495127888242,7.963442153804223,8.83218341520475
2013-07-10 08:00:00,4.239495089845521,6.928025214566878,8.552489701188469
2013-07-10 10:00:00,4.241471395485473,6.928025006069904,8.552490260960354
2013-07-10 12:00:00,4.239498209476965,6.9285264056017795,8.553053330577427
2013-07-10 14:00:00,4.239498076776686,7.550126948412659,8.748710976420655
2013-07-10 16:00:00,10.243848611642374,14.19186116285144,17.00189167335379
2013-07-10 18:00:00,26.953623037039286,37.368154183687835,35.098970392122766
2013-07-10 20:00:00,34.69135820853054,47.85258247084228,38.937242879610515
2013-07-10 22:00:00,43.064778492771865,53.83540603681958,45.16313193639366
2013-07-11 00:00:00,44.06974544677057,53.83541697073409,45.6755495131941
2013-07-11 02:00:00,49.23631693348624,53.83541762524247,46.368500351492116
2013-07-11 04:00:00,49.444715352394255,53.83541797281859,46.41213678797115
2013-07-11 06:00:00,49.44471164082011,48.804277746601926,30.595131373077766
2013-07-11 08:00:00,49.44470932351905,40.009081948403306,27.94077291909506
2013-07-11 10:00:00,49.44471346267267,40.009067670076206,27.940771865647278
2013-07-11 12:00:00,49.44471460461892,40.009067305198954,27.941090508455353
2013-07-11 14:00:00,49.444716933655414,40.00906995006247,28.267932268593157
2013-07-11 16:00:00,53.671572816511656,50.1362010888721,48.60765441172104
2013-07-11 18:00:00,54.62106788383769,56.34594549818805,56.817936612410136
2013-07-11 20:00:00,54.62107262251753,56.34594642164867,56.81793956046275
2013-07-11 22:00:00,54.62108587562105,56.345946555176766,56.81793970840016
2013-07-12 00:00:00,54.728933021384925,56.34594679289282,56.81794195288633
2013-07-12 02:00:00,54.83677718056208,56.34595035370947,56.86876272074075
2013-07-12 04:00:00,54.83677812718496,56.3459568706495,56.843493423286056
2013-07-12 06:00:00,54.83677837088804,55.7190348238789,36.289639346975974
2013-07-12 08:00:00,54.83677849149883,54.17762575656255,33.96265772584615
2013-07-12 10:00:00,54.836779257537515,54.17761951129967,33.938680671188024
2013-07-12 12:00:00,54.836779529379896,54.177619535022785,33.93868095458896
2013-07-12 14:00:00,54.83677972162353,54.17762439830509,34.693312882169806
2013-07-12 16:00:00,54.836780101778785,55.26181010067383,52.84414010109819
2013-07-12 18:00:00,55.128270813528985,58.251320923557024,58.454341946135685
2013-07-12 20:00:00,56.19791284785927,59.82912541811476,58.761889526201784
2013-07-12 22:00:00,56.1979199884739,59.829127487104614,58.72350612783812
2013-07-13 00:00:00,56.19792413908316,59.82913345585552,58.65550006613293
2013-07-13 02:00:00,56.19792426720835,59.829134598544144,58.47603270812746
2013-07-13 04:00:00,56.725453894259104,59.829112095717925,58.476011664130695
2013-07-13 06:00:00,54.83678089239842,43.011666137277984,24.506690738482998
2013-07-13 08:00:00,54.836780653606894,34.33856834788932,20.68744324133717
2013-07-13 10:00:00,54.83677951322642,33.512358522090196,20.67846961763918
2013-07-13 12:00:00,54.8367792689412,33.512358180911534,20.391778408673634
2013-07-13 14:00:00,54.83678048558039,33.9504788612801,20.627712842796427
2013-07-13 16:00:00,54.8367815871234,45.755367552829426,36.78197600048131
2013-07-13 18:00:00,54.83678197875608,56.3459492581933,44.859745565015714
2013-07-13 20:00:00,54.83678211330465,56.34595140348963,44.85972748721027
2013-07-13 22:00:00,54.836782453567764,56.345946913636425,44.85974632724133
2013-07-14 00:00:00,54.8367826453659,56.3459501867295,44.492053002453645
2013-07-14 02:00:00,54.8367825774817,56.34595294864469,44.124356869805
2013-07-14 04:00:00,54.836782704166495,56.34594585295085,43.94267910028742
2013-07-14 06:00:00,54.836782777019025,8.57410946786902,7.245344998519924
2013-07-14 08:00:00,54.83678279685337,7.267532553606758,7.032892155487594
2013-07-14 10:00:00,54.836782707437514,7.267531646647831,7.0328921012370635
2013-07-14 12:00:00,54.8367822356993,7.267532265754397,7.0328928646051825
2013-07-14 14:00:00,54.83678330148343,8.01715068283185,7.142585250220898
2013-07-14 16:00:00,54.83678364451487,51.54324790530306,26.24941533235955
2013-07-14 18:00:00,56.91723028476561,57.10346158907109,50.88783724017212
2013-07-14 20:00:00,56.85360442329697,57.10349534099338,53.24729758586953
2013-07-14 22:00:00,56.74941161790923,57.09223763229632,53.67847663088085
2013-07-15 00:00:00,56.74929844940421,57.09224893079151,53.79253717233142
2013-07-15 02:00:00,56.78043025340722,57.09224969386167,53.79253759177427
2013-07-15 04:00:00,56.81153810323416,57.092251329920856,53.685747310840924
2013-07-15 06:00:00,54.836784086164066,27.17927047858299,16.858100285880717
2013-07-15 08:00:00,54.83678241442764,21.878830322465856,15.406284522373095
2013-07-15 10:00:00,54.836781053766,21.878829271741438,15.406284613405077
2013-07-15 12:00:00,54.83678125511139,21.8788296547392,15.406284499231832
2013-07-15 14:00:00,54.83678288097573,22.30207411629255,15.861988603946624
2013-07-15 16:00:00,54.83678465805295,52.32179091136157,43.28652055979536
2013-07-15 18:00:00,56.96712062042852,58.991958942477744,57.81824054367287
2013-07-15 20:00:00,57.38777556275289,59.03707335683718,57.93996692292248
2013-07-15 22:00:00,56.13265828952778,59.03707438441923,57.93996904210999
2013-07-16 00:00:00,56.02175741912261,59.03707613652357,57.939970341851954
2013-07-16 02:00:00,55.20028106621302,59.037075692673284,57.93997101615784
2013-07-16 04:00:00,55.01850732400423,58.880611521858036,57.909473549180774
2013-07-16 06:00:00,54.83678549944818,54.245599263714396,28.195097583244948
2013-07-16 08:00:00,54.83678506844235,46.11954641975676,25.004399973710942
2013-07-16 10:00:00,54.83678496593134,46.11954506768239,25.004399691221618
2013-07-16 12:00:00,54.8367853422927,46.11954534710949,25.004995866013665
2013-07-16 14:00:00,54.836785906960266,48.4105644567777,28.669705364737695
2013-07-16 16:00:00,54.83678687291149,55.719040483667996,54.92420786752085
2013-07-16 18:00:00,55.23431527201815,58.84831039254381,59.26949173391868
2013-07-16 20:00:00,54.942850156922326,58.551639270329474,59.183105557590515
2013-07-16 22:00:00,54.942861864102085,58.55164899894598,59.18311600872295
2013-07-17 00:00:00,55.42576234421368,59.03706409574634,59.31707661792682
2013-07-17 02:00:00,58.75610304922562,59.03710901832994,59.317086166489055
2013-07-17 04:00:00,57.094013666742725,59.03716137087825,59.31709570776712
2013-07-17 06:00:00,55.39931872848616,56.34595280941919,35.626586602050985
2013-07-17 08:00:00,54.83678665100729,50.701582356949686,31.52950216262342
2013-07-17 10:00:00,54.83678660154748,50.701579018071214,31.26391497230441
2013-07-17 12:00:00,54.83678669443593,50.70157892323403,31.278788386941237
2013-07-17 14:00:00,54.836786910335164,51.40028714192394,35.37495647814187
2013-07-17 16:00:00,54.83678731865895,55.71903329185282,54.03003559523707
2013-07-17 18:00:00,54.83678822850986,56.354042785646016,57.28145399532722
2013-07-17 20:00:00,54.8367878489523,56.34595190009607,57.277839316974834
2013-07-17 22:00:00,54.83678789736311,56.34594899974573,57.277837478917405
2013-07-18 00:00:00,54.83678833027992,56.34595629888633,57.27784304889071
2013-07-18 02:00:00,54.836788895543236,56.68154285233207,57.4103222038676
2013-07-18 04:00:00,54.836789276253015,56.90200652038773,57.547059536750055
2013-07-18 06:00:00,54.8367870667506,15.88793151341974,15.91511266550129
2013-07-18 08:00:00,45.80071959794013,13.346803898429147,13.962694072006975
2013-07-18 10:00:00,44.39666279785725,13.346795909184625,13.951603425879613
2013-07-18 12:00:00,44.39666271897453,13.346796054526818,13.951607674269518
2013-07-18 14:00:00,44.39666326676222,13.346806099802336,14.555260716449421
2013-07-18 16:00:00,48.24029986737018,45.88287090435185,39.96528722325331
2013-07-18 18:00:00,54.83678507503671,56.34594608085236,44.528590248772126
2013-07-18 20:00:00,54.83678017812976,56.34594663603079,44.5285841407912
2013-07-18 22:00:00,54.83678799842353,56.345946550372645,44.52855614806299
2013-07-19 00:00:00,54.836788186660144,56.3459468635847,43.98072230464757
2013-07-19 02:00:00,54.836788274407894,56.34594694556536,43.78731022257717
2013-07-19 04:00:00,54.83678835453422,56.345946553093135,41.76042769087456
2013-07-19 06:00:00,10.037930234954247,8.419040199224268,5.520206750011287
2013-07-19 08:00:00,8.972556789687594,7.145751723181149,5.500076000035962
2013-07-19 10:00:00,8.972556891268539,7.145750877703959,5.49556535931201
2013-07-19 12:00:00,8.97255720312096,7.145751272645629,5.517342404042571
2013-07-19 14:00:00,8.972557658559783,7.149488157418798,7.578551377546128
2013-07-19 16:00:00,29.876104575362632,32.14452790404596,34.16478658766836
2013-07-19 18:00:00,47.72095003841177,53.274803829435065,51.42635050990566
2013-07-19 20:00:00,46.54673082145786,53.835260441153125,54.20467588734418
2013-07-19 22:00:00,51.89076150273125,56.345945634618005,55.866148316116565
2013-07-20 00:00:00,54.46050030795655,56.34594689030804,56.91825364265571
2013-07-20 02:00:00,54.836788839797705,56.34594742489355,56.95628358825242
2013-07-20 04:00:00,54.8367884924897,56.34594765095176,56.956284021788775
2013-07-20 06:00:00,48.97944555049998,49.05069744180348,33.59277855355141
2013-07-20 08:00:00,44.396698333018094,43.19733514201768,29.524171420739812
2013-07-20 10:00:00,44.39669928787329,43.197329932847396,29.258584010247397
2013-07-20 12:00:00,44.396698912581876,43.19732970322174,29.258584222254676
2013-07-20 14:00:00,44.39669953146173,43.197330721627125,30.212982796175414
2013-07-20 16:00:00,52.44658545055235,49.5982489264819,51.54446768585605
2013-07-20 18:00:00,54.8367894981849,57.51340144170403,58.80972658513738
2013-07-20 20:00:00,54.836789459517476,57.513404896209025,58.809716660208636
2013-07-20 22:00:00,54.83678954916918,57.513406399390284,58.80971852643067
2013-07-21 00:00:00,54.836789679519484,57.513408976715624,58.80973787478166
2013-07-21 02:00:00,54.83678971655671,57.513409559353846,58.8097390087469
2013-07-21 04:00:00,54.83678969199937,57.513409558927066,58.80973848167294
2013-07-21 06:00:00,38.64541578043996,26.83178240429529,21.414521052448794
2013-07-21 08:00:00,30.576648308440333,22.966513559951224,19.32907667776228
2013-07-21 10:00:00,30.576648552708868,22.96650699387231,19.329076240747586
2013-07-21 12:00:00,30.57664930725977,22.96650757555785,19.329076989315215
2013-07-21 14:00:00,39.126846675870716,25.52725022399563,23.458168377651518
2013-07-21 16:00:00,54.53152695695239,55.20250974723941,55.936185763603916
2013-07-21 18:00:00,54.83678987274142,59.16850670450857,60.0167185252014
2013-07-21 20:00:00,54.836789773871054,59.201992497716994,60.016718320427884
2013-07-21 22:00:00,54.8367898706523,59.20199073291559,60.01671812014781
2013-07-22 00:00:00,54.836790006619005,59.20199442500483,60.01671958003088
2013-07-22 02:00:00,55.58178771393276,59.2019993602847,60.01672278308646
2013-07-22 04:00:00,55.581795591762415,59.202003362833885,60.0167259427612
2013-07-22 06:00:00,54.836789729178705,55.719039883675705,38.680458107941206
2013-07-22 08:00:00,53.687002566336005,46.11781898043033,32.78631158349839
2013-07-22 10:00:00,53.68699541639245,46.117817597839704,32.67825529668848
2013-07-22 12:00:00,53.68699587495387,46.11781816067787,32.67825712925975
2013-07-22 14:00:00,54.26189298829422,50.60499044479569,36.295057408011644
2013-07-22 16:00:00,54.83678977457875,56.716727818864214,57.47724839542711
2013-07-22 18:00:00,54.83678991179252,58.87319371991396,60.172135590618936
2013-07-22 20:00:00,54.83678993324376,58.873224712117704,60.05834258349607
2013-07-22 22:00:00,54.83678984379395,58.717367516523595,60.0283933611372
2013-07-23 00:00:00,54.836789893803875,58.87317507708774,60.17214082106476
2013-07-23 02:00:00,54.836789899541,58.87320217668527,60.17214781152188
2013-07-23 04:00:00,54.83678995336878,58.8732326638984,60.17215131412526
2013-07-23 06:00:00,54.26189169734877,55.56072814402554,39.80229154537155
2013-07-23 08:00:00,50.019341040603464,45.05189478180428,34.34416208646913
2013-07-23 10:00:00,50.01934024560012,45.051894313953646,34.33727165038047
2013-07-23 12:00:00,50.019340758782214,45.05189491860516,34.60947365119717
2013-07-23 14:00:00,52.512158719442624,51.00508879532535,48.49672730558949
2013-07-23 16:00:00,54.836789307281435,56.81733160096197,58.43027815651343
2013-07-23 18:00:00,54.83678992110642,58.97844745887217,60.31370519658863
2013-07-23 20:00:00,54.83678988249993,58.894666328630095,60.27458868326351
2013-07-23 22:00:00,54.83678984106078,58.747499546337465,60.27344972824959
2013-07-24 00:00:00,54.83678988393696,58.604617239947245,60.27343503843727
2013-07-24 02:00:00,54.83678996865562,58.60461480064893,60.27343752443818
2013-07-24 04:00:00,54.836790073644906,58.60461809133413,60.26589019990857
2013-07-24 06:00:00,54.836790029616395,56.34595250394594,56.85016050925358
2013-07-24 08:00:00,54.836790048173796,56.34595080944531,53.690429771532834
2013-07-24 10:00:00,54.836789989712926,56.345950662743135,53.708333720135116
2013-07-24 12:00:00,54.83679000666129,56.345950293360076,55.27261553642967
2013-07-24 14:00:00,54.83679011350917,56.345950685264256,57.54161502463044
2013-07-24 16:00:00,54.836790934855955,56.926455913100256,60.89518391952745
2013-07-24 18:00:00,59.31669857127184,61.20952086579095,64.33915559154565
2013-07-24 20:00:00,60.22854776909354,62.27607616524749,64.87265265455672
2013-07-24 22:00:00,59.930031936816356,61.482501909878465,65.2939855818605
2013-07-25 00:00:00,60.00675663869846,61.5578702692535,65.47519518193717
2013-07-25 02:00:00,60.65598844500693,62.19549608749508,66.14585208066762
2013-07-25 04:00:00,60.59492719653668,62.13563081344866,66.0690332342549
2013-07-25 06:00:00,54.836791144457365,56.41265959909319,51.0501341594029
2013-07-25 08:00:00,54.836790365169946,54.34629354858396,48.792565099282655
2013-07-25 10:00:00,54.83679040524605,54.34629300426925,48.79256482101003
2013-07-25 12:00:00,54.83679050222865,54.346293267227864,48.97671385286492
2013-07-25 14:00:00,54.8367906211686,55.346121508467455,53.76154466189396
2013-07-25 16:00:00,56.44405426320127,57.99148921502502,61.67134234002259
2013-07-25 18:00:00,63.06088389674886,62.60275599490474,67.33245326029999
2013-07-25 20:00:00,61.81610023923157,62.36426859964889,67.27344074273876
2013-07-25 22:00:00,59.73071889017284,60.86968671083716,66.95855625057546
2013-07-26 00:00:00,59.71222894364258,60.82869074789406,66.95524285788483
2013-07-26 02:00:00,59.76372169813307,61.7694459895482,67.11392052043401
2013-07-26 04:00:00,57.43859924124793,61.76944881742379,66.60192935624553
2013-07-26 06:00:00,54.83679105129801,59.04223938514171,48.08457856554496
2013-07-26 08:00:00,54.83679103977117,57.69410837956235,45.83665629992761
2013-07-26 10:00:00,54.83679077293294,56.34595606066972,45.836656157019846
2013-07-26 12:00:00,54.83679080343348,56.345954765112324,45.97080602167787
2013-07-26 14:00:00,54.83679167692114,56.345956042161944,51.61437222248367
2013-07-26 16:00:00,57.44024092233502,60.186679582457785,62.0243997719748
2013-07-26 18:00:00,71.7361785632483,74.60845364765837,76.26267036389912
2013-07-26 20:00:00,72.20300997305043,76.12014061386867,76.2626687770056
2013-07-26 22:00:00,72.20300406324526,76.12014021953254,76.26267004085364
2013-07-27 00:00:00,72.20300123814931,76.12014059540675,76.26267104264421
2013-07-27 02:00:00,72.2030014067453,76.12013965772607,76.26267239072055
2013-07-27 04:00:00,72.20297585929158,76.12006157654666,76.11783460307157
2013-07-27 06:00:00,54.83679063484709,56.39962680027856,38.59289035234961
2013-07-27 08:00:00,54.83679047723462,56.3459552247036,35.34681281726984
2013-07-27 10:00:00,50.502069394247386,48.61333333725155,33.34953077424861
2013-07-27 12:00:00,44.39669343980947,46.2047724763614,33.0058652792266
2013-07-27 14:00:00,44.972155631167254,46.20477283106097,35.860373992259134
2013-07-27 16:00:00,54.26184063664477,55.26182034172152,54.944288293153605
2013-07-27 18:00:00,54.83679064829215,56.453297079944576,57.97607705003595
2013-07-27 20:00:00,54.83678996206484,56.39963286455064,57.944423651539545
2013-07-27 22:00:00,54.83678458231857,56.399625929715214,57.328636643049634
2013-07-28 00:00:00,51.59352930720189,55.09069390980807,57.151727341579694
2013-07-28 02:00:00,44.52596706528128,46.76576049284876,51.703867297924376
2013-07-28 04:00:00,43.30886850217751,46.214363563292416,49.64189746746859
2013-07-28 06:00:00,3.328815924562237,6.616861280333145,9.519752206339014
2013-07-28 08:00:00,3.3288157881675104,6.186140800619711,8.951265651825896
2013-07-28 10:00:00,3.3288166441475653,6.186140920807366,8.955650073275926
2013-07-28 12:00:00,3.412628613632895,6.1861423476881985,8.961118563171329
2013-07-28 14:00:00,4.531168128744584,6.943473145166045,10.364957308739005
2013-07-28 16:00:00,28.77233712432968,22.58088663919272,41.50000430333861
2013-07-28 18:00:00,48.748123563457256,47.34504903969007,58.17998959584062
2013-07-28 20:00:00,48.96165604871496,47.345068459918615,58.31998287546786
2013-07-28 22:00:00,48.961655280524,44.59722901965226,58.32219572009803
2013-07-29 00:00:00,46.15294427176977,41.31220218262179,58.32219391246557
2013-07-29 02:00:00,40.75366844887186,40.15756401409806,58.32219060237708
2013-07-29 04:00:00,40.9131764107718,43.50133191810134,58.404376266523265
2013-07-29 06:00:00,5.669867518868536,9.951168249553218,54.31327507222764
2013-07-29 08:00:00,5.06302611262615,8.940984777013922,52.35397759857099
2013-07-29 10:00:00,5.063026408874449,8.940984996218138,52.256872447934114
2013-07-29 12:00:00,5.063026552676192,8.940984744383377,52.76751181641055
2013-07-29 14:00:00,5.085033741355804,8.940985529505394,53.82849538565839
2013-07-29 16:00:00,12.459134208271259,15.60888082378368,56.12149428589869
2013-07-29 18:00:00,41.89824221195069,43.10338810853007,58.531159753878086
2013-07-29 20:00:00,41.898244573976015,44.48575207750023,55.909611805286104
2013-07-29 22:00:00,40.80510185709089,43.34537779119255,54.82004584972442
2013-07-30 00:00:00,40.22025522237067,44.48575171435729,53.473698108794906
2013-07-30 02:00:00,39.155927472621244,44.402492146025594,52.505853590180806
2013-07-30 04:00:00,39.098113352336895,44.40248505187526,52.67009295858321
2013-07-30 06:00:00,4.739240406035256,11.717428494324912,10.729901943992658
2013-07-30 08:00:00,4.739230667410236,11.269050401924925,10.213094167648562
2013-07-30 10:00:00,4.741994247650011,11.269051484350559,10.213094601797085
2013-07-30 12:00:00,4.746408087827092,11.30974517879722,10.213093869788107
2013-07-30 14:00:00,4.748618828958666,11.490537118022615,10.291023722815368
2013-07-30 16:00:00,17.411819806937796,21.76071945892007,23.674592640908095
2013-07-30 18:00:00,33.488846257465255,36.39702653976153,40.958986930306
2013-07-30 20:00:00,33.80061076330149,36.3970270878886,41.40622749420041
2013-07-30 22:00:00,33.16043080380116,35.85767508913793,40.16513022935534
2013-07-31 00:00:00,33.023811899280446,35.58937600474004,39.97368050157625
2013-07-31 02:00:00,33.341036175601744,35.72846668093358,39.4527077324349
2013-07-31 04:00:00,33.48883386957853,36.39702356024267,39.1402268260066
2013-07-31 06:00:00,11.190185841279966,17.77300022865799,13.03652720993643
2013-07-31 08:00:00,10.406405042726544,16.86350800944882,12.309213089631381
2013-07-31 10:00:00,10.406405882674985,16.863508963122325,12.30921419329143
2013-07-31 12:00:00,10.406407823145676,16.86350918275596,12.309379570680516
2013-07-31 14:00:00,14.954665594825485,18.821655937036127,12.428510948851418
2013-07-31 16:00:00,54.01593991329685,52.081479765169505,45.78644417810391
2013-07-31 18:00:00,55.2399482407435,58.44370169071639,59.95155820145391
2013-07-31 20:00:00,55.23995029423029,58.44370914480835,59.95155910693158
2013-07-31 22:00:00,54.836790945565,58.44369625778961,59.95155845200312
2013-08-01 00:00:00,54.8367907974943,58.44366048878929,59.95155705883458
2013-08-01 02:00:00,54.83679038172426,58.436948112711576,59.893229819490905
2013-08-01 04:00:00,54.83679004147709,58.44367858469934,59.83329218438077
2013-08-01 06:00:00,7.728745496865667,10.314707146713433,23.449208915527734
2013-08-01 08:00:00,6.5764486096086054,8.722060671072953,21.264919331074438
2013-08-01 10:00:00,6.5764487673760055,8.634484962623787,21.264919150109314
2013-08-01 12:00:00,6.576449134054284,8.634485004538714,21.264919357740443
2013-08-01 14:00:00,7.094640614620056,8.703275017194994,23.558867755009764
2013-08-01 16:00:00,41.03648641407103,21.656982010922807,52.09922075158636
2013-08-01 18:00:00,45.3558401804596,39.37319246469957,56.64821149694093
2013-08-01 20:00:00,36.71715813155376,38.53378511056508,55.89320976118712
2013-08-01 22:00:00,36.71712648086246,38.533779324593446,52.74101364258263
2013-08-02 00:00:00,36.717129266068774,44.30444489334476,52.756353399998915
2013-08-02 02:00:00,37.979092263492696,44.66616961040104,52.860683455345466
2013-08-02 04:00:00,39.241143021060964,44.66647016146359,52.860904644934045
2013-08-02 06:00:00,5.796508230366387,9.236029558847594,11.050763615436338
2013-08-02 08:00:00,5.796508466610374,7.787362888446297,10.058932544605696
2013-08-02 10:00:00,5.988706747165512,7.787361866536823,9.98737215812756
2013-08-02 12:00:00,6.506431965424165,7.787362202206745,9.990988759595941
2013-08-02 14:00:00,19.71809145317207,8.229858901669875,10.835498104783523
2013-08-02 16:00:00,34.669348521214744,19.008438149222854,34.94976539778824
2013-08-02 18:00:00,33.63570306154387,32.2844982620783,37.0756050204765
2013-08-02 20:00:00,30.262291790464566,30.060879212630546,33.74677667740129
2013-08-02 22:00:00,27.73680321943187,28.39533620983899,31.247916316005927
2013-08-03 00:00:00,30.5854111154991,27.620590192819684,31.695968060303663
2013-08-03 02:00:00,26.386557342594195,27.630065192372534,31.83439142533798
2013-08-03 04:00:00,25.088730826217272,27.082339273863035,30.966569725479733
2013-08-03 06:00:00,0.0415548423971903,2.6704950550804325,5.402515840096899
2013-08-03 08:00:00,0.02553053253291555,2.645450184621187,5.387760561988681
2013-08-03 10:00:00,0.02553058569653295,2.6454485126153857,5.387853963967574
2013-08-03 12:00:00,0.02553041893627915,2.6454488476198685,5.388282273360209
2013-08-03 14:00:00,0.02553186248669935,2.6454549348565646,5.397215395500529
2013-08-03 16:00:00,12.612407248873698,14.147782025673228,26.111571819745567
2013-08-03 18:00:00,52.549993851552884,57.509321699720374,58.91503670746967
2013-08-03 20:00:00,54.83678994637328,58.07030300719153,59.44921407699323
2013-08-03 22:00:00,54.83678962222503,58.070301560318256,59.449216767160934
2013-08-04 00:00:00,54.83677141538327,58.070240789393374,59.44921814205611
2013-08-04 02:00:00,54.83678961101081,58.07030210260828,59.44921836505187
2013-08-04 04:00:00,54.83679058488748,58.070303734012285,59.44921788369845
2013-08-04 06:00:00,9.102376493962119,11.915212200338555,26.65973319773273
2013-08-04 08:00:00,7.915384479810982,10.388010393410621,23.335133701209724
2013-08-04 10:00:00,7.91538464638402,10.38801019432622,23.298042098079105
2013-08-04 12:00:00,7.915385254966516,10.388010735576636,23.35184301972803
2013-08-04 14:00:00,8.940689507149166,10.822549623949767,25.234684820534454
2013-08-04 16:00:00,50.50207294676606,36.099130212773034,54.99893911522712
2013-08-04 18:00:00,54.83679107403614,57.440715203071875,60.35378484270113
2013-08-04 20:00:00,54.83679107711798,57.44082072450543,60.35378478582817
2013-08-04 22:00:00,54.836791009685825,57.440820284712046,60.353756526913315
2013-08-05 00:00:00,54.8367907488482,57.44082551032703,60.35374313895787
2013-08-05 02:00:00,54.8367908627239,57.4407520495952,60.19200587850064
2013-08-05 04:00:00,54.8367909611299,57.3210344645628,60.161646734274406
2013-08-05 06:00:00,27.568439490936285,13.410139455602216,19.598666592797926
2013-08-05 08:00:00,22.309332714280195,11.818914143519653,17.13992839351885
2013-08-05 10:00:00,22.309332613007882,11.818913599417503,17.139926293656224
2013-08-05 12:00:00,22.309332505664244,11.818913733456366,17.139927328084557
2013-08-05 14:00:00,22.309332993773054,12.490526836061951,18.2976161130069
2013-08-05 16:00:00,40.54109616677103,42.06437477797138,43.89583718479761
2013-08-05 18:00:00,47.83064599835296,53.48617166804201,47.50314882555687
2013-08-05 20:00:00,48.06118143292246,51.87962867127216,44.978797910270366
2013-08-05 22:00:00,45.14627164310386,46.73406141091205,42.601090920679184
2013-08-06 00:00:00,38.257030104095264,46.73406930092179,42.781459391369026
2013-08-06 02:00:00,38.257020823312814,53.84796442668636,45.30464672528697
2013-08-06 04:00:00,38.25702092133286,56.34595826896228,46.152041966736846
2013-08-06 06:00:00,4.930355659421364,50.63187862142156,10.186207743364088
2013-08-06 08:00:00,4.930925599035625,45.39844640766329,9.787749770906654
2013-08-06 10:00:00,5.55184385305616,45.39844625142776,9.78775244024293
2013-08-06 12:00:00,31.64275203110764,46.06625329956826,10.13290425165898
2013-08-06 14:00:00,54.83679052053029,53.89060633728202,24.208442559825556
2013-08-06 16:00:00,54.83679133359817,56.79851047632985,56.26952574683821
2013-08-06 18:00:00,62.74980308542682,65.40087276879157,61.98112654437469
2013-08-06 20:00:00,61.25757627773501,63.33476923119946,62.68963382060064
2013-08-06 22:00:00,57.463049834280966,59.56571629617768,62.395915173263944
2013-08-07 00:00:00,57.462680591056284,59.56453104296851,62.39591357722242
2013-08-07 02:00:00,57.46267422056168,59.56451158555861,62.395913784198775
2013-08-07 04:00:00,56.558142348276476,58.93777713106148,62.017627541165155
2013-08-07 06:00:00,54.83679125908154,57.0707873202659,58.98409332861653
2013-08-07 08:00:00,54.493332187206036,57.070786402347466,53.847525882653926
2013-08-07 10:00:00,54.49333050150959,57.07078676121843,53.44565512012824
2013-08-07 12:00:00,54.14987100372876,57.07078645316932,53.588142224034755
2013-08-07 14:00:00,54.14986964356095,57.070787147000885,55.641500329738086
2013-08-07 16:00:00,54.14986974574674,57.07078832201944,59.47435951816408
2013-08-07 18:00:00,54.493330767945295,58.87512539788895,60.76179434114144
2013-08-07 20:00:00,54.836790926998475,59.05705436792988,60.72687611563215
2013-08-07 22:00:00,54.836790027779664,60.59366494061821,60.58541841197592
2013-08-08 00:00:00,54.836791005037476,59.25657801278486,60.66807984988579
2013-08-08 02:00:00,54.83679009637232,59.04219786885773,60.64176146216537
2013-08-08 04:00:00,54.83679110984739,59.153894358057826,60.66842456754189
2013-08-08 06:00:00,54.0649918484398,56.037885195644215,56.149546715267064
2013-08-08 08:00:00,48.83870921612471,51.07772596045863,51.7849062958922
2013-08-08 10:00:00,48.83870878289595,51.07772588078595,51.38999581822938
2013-08-08 12:00:00,48.8387090444095,51.077725686423236,51.389994344014475
2013-08-08 14:00:00,50.398540150888394,51.07772706132593,51.59717144965372
2013-08-08 16:00:00,54.83679124251162,56.380268602730645,55.25611181252274
2013-08-08 18:00:00,56.58618745979922,60.03168566426889,60.418067551422794
2013-08-08 20:00:00,56.71323794088278,59.82916080023219,60.731410854824944
2013-08-08 22:00:00,56.71296024074902,59.8291602996319,60.59396972480719
2013-08-09 00:00:00,55.36464403675197,59.82915973853312,60.46001278023725
2013-08-09 02:00:00,54.83679134842126,59.82915980048886,60.864304571101826
2013-08-09 04:00:00,54.8367912399891,59.829159949878516,61.060976855391004
2013-08-09 06:00:00,39.80865224345555,35.42768216236793,54.765861466162875
2013-08-09 08:00:00,34.7894182108529,30.234221307475984,50.40773907532917
2013-08-09 10:00:00,34.78941807334423,30.234220735988124,50.407739050183395
2013-08-09 12:00:00,35.11802172581625,30.234220805239268,50.40773926009767
2013-08-09 14:00:00,43.669965520482265,30.234221023724388,52.23207594915019
2013-08-09 16:00:00,54.06499633587218,43.527842924403,59.6886841396021
2013-08-09 18:00:00,55.499539278394806,59.62378560036265,61.454430878345356
2013-08-09 20:00:00,56.16228985177625,59.62381650875476,61.33332297432106
2013-08-09 22:00:00,54.836791382491974,59.4181987917556,60.95208168725588
2013-08-10 00:00:00,54.83679124459958,59.00693189492605,60.5317538200818
2013-08-10 02:00:00,54.83679126137472,59.01499638139468,60.5400049050062
2013-08-10 04:00:00,54.836791284064674,59.01498908674348,60.44881066205005
2013-08-10 06:00:00,11.820180945082104,29.420518485038833,23.186889225510576
2013-08-10 08:00:00,10.037911876718844,26.393077356103703,20.83038109190594
2013-08-10 10:00:00,8.972544716370727,26.39307740911652,20.179604142149934
2013-08-10 12:00:00,8.972544172214707,26.393077668964686,20.073510841234295
2013-08-10 14:00:00,8.972544231131266,26.393084250016614,20.878169035001484
2013-08-10 16:00:00,21.382444684136388,38.451213071726144,36.500364472502746
2013-08-10 18:00:00,53.27168757271289,56.345963862480446,55.24644932432186
2013-08-10 20:00:00,54.83676981031368,56.34596605844996,55.200103986129506
2013-08-10 22:00:00,52.880425515775194,56.345961531060304,55.15393463854811
2013-08-11 00:00:00,51.254385662297,56.34596103422784,55.13297590188777
2013-08-11 02:00:00,51.510534679125385,56.34596112408218,55.12853841027073
2013-08-11 04:00:00,52.43990119569735,56.34596104360969,54.83052335570007
2013-08-11 06:00:00,5.739761963075045,9.980948552166211,10.038884020663504
2013-08-11 08:00:00,4.645644928536368,8.61549395351527,9.169288054361093
2013-08-11 10:00:00,4.645641094179092,8.615493840504659,9.16928783634214
2013-08-11 12:00:00,4.64564024493794,8.6154942863453,9.169287871150011
2013-08-11 14:00:00,4.678673019818611,8.615494825479574,9.402822028438589
2013-08-11 16:00:00,15.559926289781988,18.942508292173542,22.788488458189924
2013-08-11 18:00:00,34.90762684300699,49.026289477008,41.6030869986299
2013-08-11 20:00:00,34.907572607304104,56.21407113777159,41.6030872675695
2013-08-11 22:00:00,34.49622417899303,56.214071048585154,41.48152370785719
2013-08-12 00:00:00,34.90748020942942,56.25827980003659,41.60307976255068
2013-08-12 02:00:00,34.907514365881,56.258280422327836,41.60308567007973
2013-08-12 04:00:00,34.90762515512934,56.25828160232051,41.602625501924734
2013-08-12 06:00:00,6.019874935263369,12.33159786429886,10.820062470690345
2013-08-12 08:00:00,5.377630991431268,10.812627968123705,10.28423584592105
2013-08-12 10:00:00,5.37763085359547,10.812627187034554,10.28423625541779
2013-08-12 12:00:00,5.377630837574452,10.812627450257285,10.299536209471981
2013-08-12 14:00:00,5.453447815829824,10.812629254664797,10.985013565274253
2013-08-12 16:00:00,20.69459400065657,23.519048026581828,29.116015990804712
2013-08-12 18:00:00,42.88085943941957,46.1068127854508,48.556226368256574
2013-08-12 20:00:00,42.880859310370504,46.16378619647347,48.55622700446479
2013-08-12 22:00:00,41.90544674768938,45.620602629785736,48.555305020887516
2013-08-13 00:00:00,39.18032817220828,45.656111080597555,48.223519903777536
2013-08-13 02:00:00,38.19546850405423,45.76379384387694,47.916511413715
2013-08-13 04:00:00,39.08045017441452,46.21657589520625,48.11964317769211
2013-08-13 06:00:00,4.877709123148137,8.451276009663966,10.375243302057974
2013-08-13 08:00:00,4.0157504694178865,7.827993161583446,9.506146409645321
2013-08-13 10:00:00,3.921972637475046,7.827993144552551,9.49957066958411
2013-08-13 12:00:00,4.015739884536838,7.828000334110445,9.496308258737066
2013-08-13 14:00:00,4.111441308278134,7.831013576199468,9.62597515748369
2013-08-13 16:00:00,11.133299278947618,41.04476183177274,18.505494896232385
2013-08-13 18:00:00,33.873719934501295,56.345976294476614,30.095983659718513
2013-08-13 20:00:00,40.213443024247184,56.345964940064135,30.662893526231834
2013-08-13 22:00:00,35.83332984326802,56.34596284656502,29.91929022515584
2013-08-14 00:00:00,35.83333378413259,56.345962749467795,29.42694016286269
2013-08-14 02:00:00,52.200196259803576,57.72932020756453,29.98013492391769
2013-08-14 04:00:00,54.83679118233967,59.112667130315415,30.762305815920918
2013-08-14 06:00:00,54.8367911644578,48.435454538179165,12.483445071950163
2013-08-14 08:00:00,54.836775563109725,43.46468010014903,11.500952521357029
2013-08-14 10:00:00,54.83677870992393,43.464679941596756,11.814534047408388
2013-08-14 12:00:00,54.83677592054462,43.46468177516351,11.890507960440672
2013-08-14 14:00:00,54.836782069750896,43.871946538373884,12.94258293072662
2013-08-14 16:00:00,54.83679148157687,56.34595640568253,47.1826995601747
2013-08-14 18:00:00,54.836807547976946,58.44369090964134,58.59116945241638
2013-08-14 20:00:00,54.83679483889509,58.44369028216279,59.1401033569763
2013-08-14 22:00:00,54.83679159990446,58.44368402885209,58.92638061062728
2013-08-15 00:00:00,54.8367913423172,58.18417061473092,59.29149179317091
2013-08-15 02:00:00,54.83678104159127,57.92499717185413,59.368505326151315
2013-08-15 04:00:00,54.83677591800539,57.92498209131221,59.368500001323866
2013-08-15 06:00:00,7.2208056338534945,11.034986603430973,12.190019487174002
2013-08-15 08:00:00,6.500804483677743,9.565012712607858,11.277589864194418
2013-08-15 10:00:00,6.500804744170015,9.565012346220012,11.277589479298433
2013-08-15 12:00:00,6.500804309778836,9.565010329170832,11.277813935459363
2013-08-15 14:00:00,6.500804839855364,9.566613920094195,13.94077724514885
2013-08-15 16:00:00,19.725952343273427,28.559444195437877,44.460159462779956
2013-08-15 18:00:00,37.654890597954946,42.423997491757575,49.15452559818411
2013-08-15 20:00:00,37.654890148777426,42.42399272856258,48.7218229256093
2013-08-15 22:00:00,30.479366967639947,42.42397120560018,48.52041265776217
2013-08-16 00:00:00,30.479354429722587,42.42396723371499,48.30733153885035
2013-08-16 02:00:00,30.479354544182293,42.423829261621265,48.71076610325715
2013-08-16 04:00:00,37.55834118820823,42.42398113009193,48.710882909885
2013-08-16 06:00:00,4.652871368824681,8.545331063681113,9.561948554140125
2013-08-16 08:00:00,4.149777525701409,7.91217212799938,8.809384860023053
2013-08-16 10:00:00,4.149777654203243,7.912171769022301,8.809381729132092
2013-08-16 12:00:00,4.149836817569159,7.912365908379799,8.804802005628556
2013-08-16 14:00:00,5.140521826639749,16.38339635579939,9.822437145264479
2013-08-16 16:00:00,49.616741676791825,52.13151842347504,51.17029223773764
2013-08-16 18:00:00,54.83679204120702,58.44368279213127,57.958250822223796
2013-08-16 20:00:00,54.836792202306924,58.44368615860907,58.04342055570899
2013-08-16 22:00:00,54.83680770377755,58.4437011307937,58.85033637743885
2013-08-17 00:00:00,54.83680702021551,58.44370293176369,58.850347168101585
2013-08-17 02:00:00,54.8368075637938,58.44370415261153,58.850355426141405
2013-08-17 04:00:00,54.836806916619565,58.4436976310885,58.85035452681406
2013-08-17 06:00:00,7.295989197711846,9.488675855602885,17.905387482293044
2013-08-17 08:00:00,6.410246694313466,8.569849306139336,16.286964394766283
2013-08-17 10:00:00,5.252243112473846,7.937214191888632,16.193086836610206
2013-08-17 12:00:00,5.252242243843111,7.790764179182771,16.164222275427633
2013-08-17 14:00:00,5.252242642740491,7.854179835050445,16.518607192714278
2013-08-17 16:00:00,5.886533527173315,9.636248451836918,28.95925126564164
2013-08-17 18:00:00,6.52082591526221,12.633540772115085,32.911979546594765
2013-08-17 20:00:00,6.520822845431788,12.633541074155026,32.34866843022343
2013-08-17 22:00:00,5.260762651435968,11.006054330516172,29.142186319967223
2013-08-18 00:00:00,5.262598614971175,11.003703601867949,28.902641573036924
2013-08-18 02:00:00,5.265044417478144,11.006333602047047,28.876231127755105
2013-08-18 04:00:00,5.2638189726879725,11.358466513895241,28.84591311304714
2013-08-18 06:00:00,4.976113512516146,10.372721915146196,12.362003725801777
2013-08-18 08:00:00,4.5511689575816945,10.809818257494179,13.162686105544324
2013-08-18 10:00:00,5.2748462811856065,10.03305469556358,12.836357047613898
2013-08-18 12:00:00,4.760658157533158,9.244766410471758,9.64677896341374
2013-08-18 14:00:00,6.454281166969707,9.350880278399163,12.626908748215019
2013-08-18 16:00:00,32.235413249730996,33.225139073710224,35.3041150236693
2013-08-18 18:00:00,54.83679193759832,57.01677000277611,60.499589908758324
2013-08-18 20:00:00,54.83679229732246,57.016763243714266,60.69317563775978
2013-08-18 22:00:00,54.8690676022591,57.024487932668336,60.71857453197619
2013-08-19 00:00:00,56.7135907418139,58.9853533446,61.45152441666553
2013-08-19 02:00:00,57.053309223782364,59.14203640325632,61.87478700543885
2013-08-19 04:00:00,57.29032850459047,59.14203620747482,62.27195380899805
2013-08-19 06:00:00,54.836792036271135,55.38924432630309,60.04518364800441
2013-08-19 08:00:00,54.836791858293566,46.153632093226506,55.45396204889768
2013-08-19 10:00:00,53.17999270904666,46.15363182186786,55.45373804551706
2013-08-19 12:00:00,51.52319354917612,46.15363192817658,55.45373795880808
2013-08-19 14:00:00,51.52319369414347,46.153634962723714,55.618059398157484
2013-08-19 16:00:00,54.83678899299877,55.164582833868984,59.22633771047785
2013-08-19 18:00:00,55.13670145303236,59.03904034496608,60.76875355360029
2013-08-19 20:00:00,55.43661682318813,59.054231133657666,60.64179532961709
2013-08-19 22:00:00,54.83679278539488,58.93842827045219,60.37439991498662
2013-08-20 00:00:00,54.8367928003226,59.119964274663204,60.49362900604733
2013-08-20 02:00:00,54.83687746476772,59.553990824771596,60.783434631226676
2013-08-20 04:00:00,56.5361849129134,60.17338913806082,61.026790126917234
2013-08-20 06:00:00,54.836793540407214,57.49870551453799,57.182679275188576
2013-08-20 08:00:00,54.836791968855735,55.092139999475165,55.30951000968855
2013-08-20 10:00:00,54.8367920975854,55.09213868293855,55.35877312876923
2013-08-20 12:00:00,54.83679216421158,55.09213974686242,55.3587726857007
2013-08-20 14:00:00,54.83679221870021,55.09214349148283,55.89839166370689
2013-08-20 16:00:00,56.067210873234714,58.118165082490975,60.30753973474381
2013-08-20 18:00:00,58.48143569369161,61.33117265348912,63.32054635594025
2013-08-20 20:00:00,58.311011282682344,60.78582483525109,63.31871811842064
2013-08-20 22:00:00,57.373033770461845,59.96105167228313,63.21434399293943
2013-08-21 00:00:00,55.15432434332372,59.89034565390325,63.192412171331235
2013-08-21 02:00:00,54.836793420403154,59.890394153650305,63.19433392397612
2013-08-21 04:00:00,54.83679287704747,59.89041705584682,63.206882384927624
2013-08-21 06:00:00,35.71379762057423,37.200858242765136,35.05259761848571
2013-08-21 08:00:00,28.921299765272273,29.749141086515113,32.24443589369366
2013-08-21 10:00:00,28.921299706910034,29.749140002360782,32.24432199284415
2013-08-21 12:00:00,28.92130093636624,29.749140462310642,32.244991971303236
2013-08-21 14:00:00,42.84129971478848,35.147175040131394,37.46146490526891
2013-08-21 16:00:00,56.141048416513094,58.07684513566483,61.08567957891677
2013-08-21 18:00:00,65.46632327203645,66.92085754671425,70.61452870267883
2013-08-21 20:00:00,65.4663319118879,66.92086625178435,70.61453143469156
2013-08-21 22:00:00,65.46634005451715,66.92088144634957,70.61453564245785
2013-08-22 00:00:00,65.70400427089862,67.69047811069179,70.61454068586974
2013-08-22 02:00:00,65.84488647456276,68.14662088105675,70.61455680875052
2013-08-22 04:00:00,66.54887227025243,70.33703641622536,70.61980485940767
2013-08-22 06:00:00,59.16342185588725,61.79875101908918,41.19375180078827
2013-08-22 08:00:00,54.83679273931993,56.34595379409063,39.2088296094324
2013-08-22 10:00:00,54.83679276548665,56.34595370933298,39.20882816762044
2013-08-22 12:00:00,54.836793129799304,56.345958087096804,39.208830408502806
2013-08-22 14:00:00,54.83679401679608,56.73286135433342,44.43894112716576
2013-08-22 16:00:00,57.19968369791697,60.05318148092079,61.12611725837288
2013-08-22 18:00:00,59.623196212726405,62.155316122900736,63.06400360855494
2013-08-22 20:00:00,58.23613570219108,60.66550604257335,62.126912346800296
2013-08-22 22:00:00,56.99948202373899,59.89040538494247,61.83942338041646
2013-08-23 00:00:00,56.99970318911008,59.8904059658508,61.83945631791408
2013-08-23 02:00:00,57.58467856941278,59.89041480206929,62.112254998133345
2013-08-23 04:00:00,57.896784693262155,59.89038191647634,62.31109938140193
2013-08-23 06:00:00,51.49942010748026,49.56728036471128,51.06455789597536
2013-08-23 08:00:00,46.684580790603015,39.46337822782736,42.99164574777197
2013-08-23 10:00:00,39.21324327332593,39.41051179064695,42.991645276434724
2013-08-23 12:00:00,39.21324218577655,39.41051160218335,42.99164548204887
2013-08-23 14:00:00,39.213242262477706,40.167179105553885,43.53797902906471
2013-08-23 16:00:00,47.96762534467871,53.65976935676565,53.545850980597805
2013-08-23 18:00:00,47.60631562564461,56.3459658154446,53.85141651213708
2013-08-23 20:00:00,40.58373678558983,56.345957464369505,50.27189012693576
2013-08-23 22:00:00,39.213242170572094,56.345966048310395,49.02895879724403
2013-08-24 00:00:00,39.21324210637036,56.34596598140318,49.35824097353098
2013-08-24 02:00:00,39.213242235066474,56.34596602640053,49.6336663862722
2013-08-24 04:00:00,39.21324205035256,56.345966895442366,49.65335620782706
2013-08-24 06:00:00,5.451226551615818,56.345965633752236,13.580697425637073
2013-08-24 08:00:00,5.4518530119169295,56.345962515581284,12.97715348694944
2013-08-24 10:00:00,5.454394989187924,56.34595671459583,12.97715359334659
2013-08-24 12:00:00,5.456931868525161,56.34595601733221,13.081063091791123
2013-08-24 14:00:00,10.054276586068422,56.34595708241346,16.294902209728836
2013-08-24 16:00:00,41.13839273017307,56.345966115151725,42.24336255895933
2013-08-24 18:00:00,44.61884802209765,56.345966514800295,44.308031379711124
2013-08-24 20:00:00,45.95101353769668,56.345966472059104,44.21533688236043
2013-08-24 22:00:00,45.69065480990446,56.34596648977161,43.88008131594684
2013-08-25 00:00:00,45.598250643462805,56.34596638596288,44.423479901369824
2013-08-25 02:00:00,45.96137686142385,56.34596041079833,44.80443048630286
2013-08-25 04:00:00,45.961376211077905,56.34595513466411,44.80172432293926
2013-08-25 06:00:00,28.295485282656436,32.162116625398184,32.96495524589694
2013-08-25 08:00:00,25.896823898649274,29.049851588744414,31.23258695858295
2013-08-25 10:00:00,25.89682313532565,29.04985166914564,31.178306351888867
2013-08-25 12:00:00,25.896823143552417,29.049852913553458,31.21525647568101
2013-08-25 14:00:00,25.896824387042063,30.043274968950435,31.816544106047807
2013-08-25 16:00:00,37.9683272964586,49.976488024757955,45.79860394141129
2013-08-25 18:00:00,41.29294057308067,56.34596924109911,49.15823024923782
2013-08-25 20:00:00,33.971041641881165,56.34597095061298,46.89448469017165
2013-08-25 22:00:00,33.97104163712973,56.345970570148395,47.15203583554407
2013-08-26 00:00:00,37.938208945867146,56.34596775700201,48.95404165961895
2013-08-26 02:00:00,42.34804520561951,56.345967418326325,49.64778904267769
2013-08-26 04:00:00,42.34804609928426,56.345967310206305,49.63482543694713
2013-08-26 06:00:00,29.889083584663496,39.54997652538532,36.52332236867579
2013-08-26 08:00:00,26.739893744939394,34.42458141870017,34.49183309733463
2013-08-26 10:00:00,26.739893774668392,34.424581348487735,34.49183261684132
2013-08-26 12:00:00,26.739894069192697,34.891235998246174,34.59061040051741
2013-08-26 14:00:00,31.006198877178644,36.47242846325098,36.823248178770314
2013-08-26 16:00:00,54.489660413880486,56.62474225172364,58.95974582625678
2013-08-26 18:00:00,54.83679237767119,57.158834303281935,60.15787220616194
2013-08-26 20:00:00,54.83678332851985,58.20054554459726,59.89621468886407
2013-08-26 22:00:00,54.836788536168065,57.207614237245856,60.11569641062456
2013-08-27 00:00:00,54.83679265871085,57.67671503946099,60.19746046014234
2013-08-27 02:00:00,54.83679296882433,58.604602863640054,60.222153256541
2013-08-27 04:00:00,56.45460582861685,60.23135165407479,61.010271175117424
2013-08-27 06:00:00,54.96699999321348,57.6953471255042,58.849688741252066
2013-08-27 08:00:00,54.836792245227144,56.345967101230926,58.121780480219556
2013-08-27 10:00:00,54.83679170137781,56.34596637765716,58.121780535643424
2013-08-27 12:00:00,54.836792338164784,56.345966632096115,58.12363217010174
2013-08-27 14:00:00,54.8367926853286,56.34596746330517,59.10449764293509
2013-08-27 16:00:00,56.230590595605406,57.781819483869505,61.91129717121001
2013-08-27 18:00:00,58.349093843549404,60.42269894845085,63.94738918733589
2013-08-27 20:00:00,57.84980247711584,60.422695108678965,63.86225419227064
2013-08-27 22:00:00,57.29034531512959,60.42268098333552,63.8408151731807
2013-08-28 00:00:00,58.28588951050569,60.86166780243771,64.22635685802092
2013-08-28 02:00:00,60.11484560518278,62.119154101179696,65.10111282451183
2013-08-28 04:00:00,63.93799574259718,66.52518797560809,68.51542211216614
2013-08-28 06:00:00,56.063578467201296,58.38432947662612,59.671257846472216
2013-08-28 08:00:00,54.83679300010964,56.34596661666809,58.298488062320715
2013-08-28 10:00:00,54.836793105675206,56.34596683875885,58.29848795333585
2013-08-28 12:00:00,54.83679319612561,56.34596751747756,58.29848835066008
2013-08-28 14:00:00,54.83679327931429,56.34596856103651,58.360325605644306
2013-08-28 16:00:00,56.84676829064997,58.48796261145066,62.13219420963674
2013-08-28 18:00:00,60.055487188834206,62.34181362463683,64.45974857341338
2013-08-28 20:00:00,59.950920087428464,62.05135824885852,64.52594838919163
2013-08-28 22:00:00,59.74380303877888,61.33117603253079,64.54543163862854
2013-08-29 00:00:00,59.71770232755934,61.29724307734371,64.5887186014907
2013-08-29 02:00:00,56.063599239215165,60.33088170015971,64.24479090153068
2013-08-29 04:00:00,55.617241131815376,60.33088304225578,64.25106260792558
2013-08-29 06:00:00,54.83679264372897,56.34596905516983,45.379790203218946
2013-08-29 08:00:00,45.95412309498013,46.11784069377006,38.77578612700198
2013-08-29 10:00:00,45.91891210119007,46.11783819229339,38.76934900583609
2013-08-29 12:00:00,45.91891216832238,46.117838678995646,38.77805502006106
2013-08-29 14:00:00,46.568976804189745,47.28291375679467,44.87500222443359
2013-08-29 16:00:00,54.83679329642618,57.840238039333585,60.96005145299803
2013-08-29 18:00:00,55.431275694995136,60.02176377881261,62.173378336254274
2013-08-29 20:00:00,55.38720170394187,60.02176112890906,62.16704844740218
2013-08-29 22:00:00,54.83679327547094,59.82916781158765,62.15233923496284
2013-08-30 00:00:00,54.836793218756675,59.82916805827407,62.152314151012234
2013-08-30 02:00:00,54.836793412044734,59.8292262877155,62.152302793917485
2013-08-30 04:00:00,55.42154400310864,60.02551400351055,62.12269613287954
2013-08-30 06:00:00,54.550008333389265,32.185120073478444,32.59414347345616
2013-08-30 08:00:00,43.932111005012025,26.520949077131625,30.5369183389915
2013-08-30 10:00:00,43.932110567880486,26.520933399670618,30.536918078574992
2013-08-30 12:00:00,43.93211034764755,26.520931036504514,30.53936476993441
2013-08-30 14:00:00,43.932110337676846,26.89469000534727,32.73252217435309
2013-08-30 16:00:00,49.49279985295532,40.02194446720804,55.81792127212941
2013-08-30 18:00:00,49.500373676140214,50.70229894959751,58.75589463681648
2013-08-30 20:00:00,45.73814160946379,49.09489166874755,58.576273711858676
2013-08-30 22:00:00,43.93212247667502,49.27905352052862,56.268158763007705
2013-08-31 00:00:00,43.93211129961995,49.15005934698206,56.18635378231687
2013-08-31 02:00:00,43.93211201236523,49.279043783826836,56.26813805636968
2013-08-31 04:00:00,45.195859424211775,49.31406673604306,56.26314163348291
2013-08-31 06:00:00,6.78611638430743,11.017225969296485,11.814653450536579
2013-08-31 08:00:00,5.674871390848339,9.731907312108644,10.935045137255418
2013-08-31 10:00:00,5.674870836983821,9.731904746811963,10.928662251266974
2013-08-31 12:00:00,5.674870590990435,9.731903561564337,10.833967791881719
2013-08-31 14:00:00,5.676190593518342,9.733853868206424,10.971536917677064
2013-08-31 16:00:00,7.325692790506999,23.39179448874629,19.123564456952682
2013-08-31 18:00:00,14.599895914184259,49.56763107669549,27.562642851092527
2013-08-31 20:00:00,19.96508999479507,49.56763022449284,29.597392138996703
2013-08-31 22:00:00,19.966236270634276,49.56509527529474,29.25679791154422
2013-09-01 00:00:00,19.966235116795076,49.56508477354246,29.91429940953497
2013-09-01 02:00:00,19.230773650173013,49.56509100745197,29.914307045485813
2013-09-01 04:00:00,19.376996724544107,49.565091954690445,29.914306726362494
2013-09-01 06:00:00,0.4674950823702046,3.163626296093888,5.794568470351248
2013-09-01 08:00:00,0.35756264705032015,3.052117658552219,5.703543877385854
2013-09-01 10:00:00,0.35756235173166706,3.0196149988710497,5.69605600139897
2013-09-01 12:00:00,0.354645462809141,3.0196196678293683,5.658372486206632
2013-09-01 14:00:00,0.19300185704373374,3.026063811886205,5.740083449707566
2013-09-01 16:00:00,5.038011813953095,9.105525959946316,9.383882763675203
2013-09-01 18:00:00,5.713907091298675,10.963220572922566,10.1039383559866
2013-09-01 20:00:00,5.716563264183427,10.964182721428676,10.103874131911233
2013-09-01 22:00:00,5.7172274536473235,9.795599037235382,10.084806212079798
2013-09-02 00:00:00,5.369884026861051,9.795591679992683,10.094127126569422
2013-09-02 02:00:00,5.509332716890203,9.795604360291126,10.044650938324864
2013-09-02 04:00:00,5.696382150158047,9.798115230518597,10.012291781665315
2013-09-02 06:00:00,0.0255323250086859,2.675758049300558,5.396104945468624
2013-09-02 08:00:00,0.02553035053264265,2.6455665354292615,5.377421331308266
2013-09-02 10:00:00,0.02553059500958375,2.6455639937983833,5.374739352497116
2013-09-02 12:00:00,0.025530443246312498,2.645540457082658,5.374963689035872
2013-09-02 14:00:00,0.02553042216634385,2.647746003608832,5.393745331834218
2013-09-02 16:00:00,2.8868920815766193,29.288094930628198,13.605152333264023
2013-09-02 18:00:00,5.745866412680873,59.54604818088798,20.387330840059526
2013-09-02 20:00:00,5.748539164275698,59.60659081947521,20.580709659913776
2013-09-02 22:00:00,7.5490347021760815,59.606548552354695,21.57263135395553
2013-09-03 00:00:00,13.509079505861667,59.606418149004526,23.752642642578525
2013-09-03 02:00:00,36.65427286197132,58.196764497357776,38.4364704966801
2013-09-03 04:00:00,54.836792769445665,59.606797910132485,49.746250546709696
2013-09-03 06:00:00,54.83679320131719,56.35414678823576,35.74644800327855
2013-09-03 08:00:00,54.836793052216436,48.75910553682015,34.659440371930515
2013-09-03 10:00:00,54.8367932257718,48.75910224569868,36.969897687248576
2013-09-03 12:00:00,54.83679334928462,48.759104463766626,37.10132805185805
2013-09-03 14:00:00,54.83679378026511,55.63762841881642,44.855424112254525
2013-09-03 16:00:00,57.53891870171382,59.32066276025195,62.46461105105979
2013-09-03 18:00:00,66.77088013273584,66.51001201510633,65.68521405718647
2013-09-03 20:00:00,65.29465367683488,64.71803344274471,65.37331712667253
2013-09-03 22:00:00,60.19007269893921,61.79215561533421,65.21760818843624
2013-09-04 00:00:00,60.16603078106637,61.714326293751945,65.21985280536995
2013-09-04 02:00:00,60.16606261013057,61.71439946982245,65.24530515634255
2013-09-04 04:00:00,60.75410238643656,62.29198719768904,65.67802859927627
2013-09-04 06:00:00,55.798565979973624,56.35425554986681,40.89627810658784
2013-09-04 08:00:00,54.83679255382478,46.11781692872934,38.23742732981509
2013-09-04 10:00:00,53.98310719906992,46.11781573779163,38.23742698139591
2013-09-04 12:00:00,53.98310620964464,46.11781591108013,38.23742741019181
2013-09-04 14:00:00,54.836789898569734,47.86433361315781,44.373438392522985
2013-09-04 16:00:00,54.83679342039929,57.90844055704996,61.05601158399643
2013-09-04 18:00:00,54.836793278538366,59.739067515886205,61.92421014638547
2013-09-04 20:00:00,54.13493507004045,59.108587061150615,61.52201860111509
2013-09-04 22:00:00,53.98310513847736,59.04211672247439,61.47334778553228
2013-09-05 00:00:00,53.98310477089936,59.0421578025674,61.36900289621363
2013-09-05 02:00:00,53.98310482164301,59.04215894606865,61.36900185851211
2013-09-05 04:00:00,53.983106815522504,59.042150252104875,61.36899727802037
2013-09-05 06:00:00,6.528388981398908,9.40414824102998,13.069370811405332
2013-09-05 08:00:00,5.831426261219588,8.540649404861647,11.596994264016539
2013-09-05 10:00:00,5.832029225125083,8.540648763454598,11.596322205991964
2013-09-05 12:00:00,5.834666710339382,8.54064991784683,11.596446074413784
2013-09-05 14:00:00,11.96755608191993,17.928283469949967,14.80644450453467
2013-09-05 16:00:00,53.48278745743977,58.18432270224617,48.70101002326108
2013-09-05 18:00:00,54.836793396687305,59.92592403407245,47.038031808712745
2013-09-05 20:00:00,54.83679337403936,59.82916907649968,45.34017106193941
2013-09-05 22:00:00,54.83679333732809,59.82916892722403,45.340168249597866
2013-09-06 00:00:00,54.8367932579675,59.82916915794435,47.199518004074804
2013-09-06 02:00:00,54.83678890307455,59.829168312080284,47.20225348543145
2013-09-06 04:00:00,53.227976582863704,59.829140964796395,45.98199442397345
2013-09-06 06:00:00,44.225346697786236,49.95132312913947,5.42352789890638
2013-09-06 08:00:00,42.28288866759899,44.97168179200132,5.400374989975189
2013-09-06 10:00:00,42.28288954645957,44.97168876328372,5.40009076715546
2013-09-06 12:00:00,51.65897090844429,51.16989168491395,5.400377575148748
2013-09-06 14:00:00,54.836790822361,51.980762451551016,8.005104576096052
2013-09-06 16:00:00,54.83679330111118,56.75052921935708,49.73354035838365
2013-09-06 18:00:00,54.83679513571644,59.82917073287467,53.77263957939966
2013-09-06 20:00:00,58.49181346566192,59.829171123260295,54.88751171752227
2013-09-06 22:00:00,54.937902615107824,59.82917132255713,56.83898898979007
2013-09-07 00:00:00,54.836793708790836,59.82916839892026,57.952466001935846
2013-09-07 02:00:00,54.83679361199071,59.8291550514744,58.29747402491635
2013-09-07 04:00:00,54.83679381359455,59.8291393186213,58.62190669221191
2013-09-07 06:00:00,54.83679365209416,54.14166622784407,38.149426851175384
2013-09-07 08:00:00,54.83679358096878,45.25585757073077,33.4551492630154
2013-09-07 10:00:00,54.83679364861306,45.2558575477624,33.455148692011264
2013-09-07 12:00:00,54.83679370821325,45.255858115338185,33.490221012988954
2013-09-07 14:00:00,54.83679370961923,48.53479624864441,42.943001920849255
2013-09-07 16:00:00,54.836794973580766,58.919724054771116,59.4785581406763
2013-09-07 18:00:00,54.908535150605445,59.829171241217765,59.62077801423392
2013-09-07 20:00:00,54.908499909826666,59.82917098481708,59.416049439214014
2013-09-07 22:00:00,54.87266172699455,59.829170818048155,59.451899700702384
2013-09-08 00:00:00,58.31088908966333,59.939266900682284,59.480361610790226
2013-09-08 02:00:00,59.70689611349144,59.86443254818435,59.442443901041244
2013-09-08 04:00:00,55.793537921472904,58.666601488138824,58.635298457525664
2013-09-08 06:00:00,54.836793957433756,56.513713664889075,44.64214817676249
2013-09-08 08:00:00,54.83679369143615,49.10327058824032,41.921591902093766
2013-09-08 10:00:00,54.836793386365,49.10326941613603,41.921592395058966
2013-09-08 12:00:00,54.836793404275426,50.79574375634016,43.111613513787795
2013-09-08 14:00:00,54.83679385113279,56.34596988464545,52.13110387700778
2013-09-08 16:00:00,55.35124220086227,58.18315867627995,58.32260656759318
2013-09-08 18:00:00,56.70164505060593,60.0226811716886,60.5989064409509
2013-09-08 20:00:00,57.29063446704396,60.0226766650604,61.78593176636586
2013-09-08 22:00:00,57.38902951735681,60.02162273330582,62.37006207638228
2013-09-09 00:00:00,57.44566916927279,60.02162072159287,62.432114503990654
2013-09-09 02:00:00,58.11663380125623,60.48047487966032,62.53664724193255
2013-09-09 04:00:00,61.38567071542006,65.12764292767646,63.292431374472145
2013-09-09 06:00:00,56.901569008709195,62.35756168542426,57.01636879983043
2013-09-09 08:00:00,54.83679395997723,55.85661813174613,53.806773461355746
2013-09-09 10:00:00,54.8367939435237,55.856619050323715,53.80152217865681
2013-09-09 12:00:00,54.83679400987222,56.3459705567819,53.80152233448557
2013-09-09 14:00:00,54.83679425622409,56.34597291853875,54.59372496914142
2013-09-09 16:00:00,58.23029604646639,59.439001838005524,60.21142144641459
2013-09-09 18:00:00,60.92842121505629,59.93043688981773,61.87301361771897
2013-09-09 20:00:00,57.29032541619534,59.34336582519076,60.7060545684905
2013-09-09 22:00:00,54.83679467182567,57.23692273561814,60.180068804640065
2013-09-10 00:00:00,54.836794092198204,57.23600269713613,60.18081940870553
2013-09-10 02:00:00,54.83679415169328,57.2359982561231,60.18196467277619
2013-09-10 04:00:00,54.83679380302029,57.23599659806419,60.17754308629375
2013-09-10 06:00:00,34.13077044949142,30.25399608536166,51.77824161504694
2013-09-10 08:00:00,30.532692358205956,26.49507210958305,50.15282151223096
2013-09-10 10:00:00,30.532691324947514,26.495071894410348,50.15282141348714
2013-09-10 12:00:00,30.532691235064544,26.495070767531708,50.297154895885306
2013-09-10 14:00:00,30.532691319532425,26.495073492225508,50.4415159386037
2013-09-10 16:00:00,30.532692086599425,27.320041009478626,53.02673769123531
2013-09-10 18:00:00,30.532691647332662,29.213723153844803,53.768110471984706
2013-09-10 20:00:00,30.532691926143507,28.591302374315106,54.06013885555579
2013-09-10 22:00:00,30.532692278912467,28.051465887121108,54.39285341199147
2013-09-11 00:00:00,30.532692789216654,28.051466455936346,54.35018389147052
2013-09-11 02:00:00,30.806135225294277,28.186494412346768,54.33541990233623
2013-09-11 04:00:00,34.60889058039586,31.84186561422547,55.96011037608039
2013-09-11 06:00:00,34.38915643728592,33.97363645692347,53.18499152797098
2013-09-11 08:00:00,32.001093354391784,32.9847812836024,52.596975004802246
2013-09-11 10:00:00,32.32203613577696,34.135602026806346,52.63693067971893
2013-09-11 12:00:00,33.04686395620923,46.565737805510636,54.71129552023203
2013-09-11 14:00:00,33.7107136397205,54.197206003528564,59.06803843517016
2013-09-11 16:00:00,50.19481249557312,56.51399383201509,61.572756661474365
2013-09-11 18:00:00,54.836779507545444,57.791134607733426,62.293938512882335
2013-09-11 20:00:00,54.83679367889224,58.39257082205795,62.30894949118747
2013-09-11 22:00:00,54.83679387133061,58.485737410815034,62.29826517203726
2013-09-12 00:00:00,54.83679406648292,58.54570698539162,62.30143042218337
2013-09-12 02:00:00,54.83679412751048,59.60334178763676,62.79922976577105
2013-09-12 04:00:00,56.13297147714401,61.69653375353211,65.45960606989203
2013-09-12 06:00:00,56.694858574552256,60.00867967098131,62.45511630823468
2013-09-12 08:00:00,54.83679445820539,57.79113958430325,61.35904394052421
2013-09-12 10:00:00,54.83679457897557,57.79114052299198,61.35904384493004
2013-09-12 12:00:00,54.83679534486539,57.79114141183548,61.35904418138103
2013-09-12 14:00:00,55.58674431322115,58.128136420219334,61.52827962838738
2013-09-12 16:00:00,63.966375797267084,64.91794636531863,70.04308184813684
2013-09-12 18:00:00,69.22977182057711,69.55873881075442,74.11114938335798
2013-09-12 20:00:00,69.17844978327977,69.55873804189324,74.08868150662443
2013-09-12 22:00:00,61.44891644703246,62.97451248488293,68.46791035540855
2013-09-13 00:00:00,60.08519680967075,60.61229348199699,67.84156451366042
2013-09-13 02:00:00,59.18213999969129,60.02409853715476,67.17841403507049
2013-09-13 04:00:00,58.285988732509196,60.02269572038823,68.04643272863538
2013-09-13 06:00:00,54.83679451381688,58.50728363659714,62.03510255472007
2013-09-13 08:00:00,54.83679309658042,56.991888844628676,59.80249975720548
2013-09-13 10:00:00,54.836792521087155,56.99188919631478,59.80249907347809
2013-09-13 12:00:00,54.836793009470014,56.99189093662081,59.802499146401274
2013-09-13 14:00:00,54.836793631543664,56.99189869744679,59.84669723407642
2013-09-13 16:00:00,54.83679422372082,58.89424097258873,62.4567567689083
2013-09-13 18:00:00,54.8367945098107,60.14897309390083,62.451233626940976
2013-09-13 20:00:00,54.83679438315421,58.5823234268064,61.18408969351728
2013-09-13 22:00:00,54.91207378411957,57.31420474017571,60.93639152233522
2013-09-14 00:00:00,54.83679927612654,57.06703725530177,60.756819837365086
2013-09-14 02:00:00,54.836794306147596,56.991891032639685,60.89775276627756
2013-09-14 04:00:00,54.83679415490539,56.99189061677829,61.05444797804243
2013-09-14 06:00:00,35.76645406269184,45.092373307525065,48.27951589407181
2013-09-14 08:00:00,31.477724484677964,42.70666675590276,44.65386010332983
2013-09-14 10:00:00,31.477724314405616,42.70666719846136,44.653858504199334
2013-09-14 12:00:00,31.47772427608282,42.70666786022407,44.653788211875984
2013-09-14 14:00:00,31.477724494120416,44.903402918162605,45.152012276665374
2013-09-14 16:00:00,31.60246781200952,55.09129357509137,54.20383663229024
2013-09-14 18:00:00,37.039112970443064,56.34597471479387,54.09848276802663
2013-09-14 20:00:00,43.34582862093632,56.34597457302884,54.08179760117437
2013-09-14 22:00:00,45.64498730269791,56.345973090822625,54.03761321451729
2013-09-15 00:00:00,47.19084231908576,56.34597263936304,54.10275048731594
2013-09-15 02:00:00,48.67949378181909,56.345972279202535,54.151516701047186
2013-09-15 04:00:00,50.13959132885697,54.570752028794686,54.26821369270225
2013-09-15 06:00:00,7.674467172561447,10.193618403529838,14.972195580294354
2013-09-15 08:00:00,6.1635346707759116,8.87427027538082,14.023659626471998
2013-09-15 10:00:00,6.097257745927512,8.874270204954728,13.853136310892118
2013-09-15 12:00:00,5.998273181813584,8.87427014618989,13.510980077567993
2013-09-15 14:00:00,5.998272837221826,8.883701887986824,13.902145167458862
2013-09-15 16:00:00,6.174999573577109,9.522613363627183,14.83311924158226
2013-09-15 18:00:00,6.087710697795976,9.290854522575955,15.012170116942542
2013-09-15 20:00:00,2.335026567514894,5.563131883003052,13.537033635426418
2013-09-15 22:00:00,0.02553071247875335,2.6560147003147527,11.246202327186698
2013-09-16 00:00:00,0.0255314645536615,2.65577794785442,11.237666737333484
2013-09-16 02:00:00,0.02824318659901675,2.6564045628160526,11.229192646208425
2013-09-16 04:00:00,0.042664957446822596,2.670658342832498,11.24032550131512
2013-09-16 06:00:00,0.0318475365278968,2.662113393184905,9.775929194252004
2013-09-16 08:00:00,0.02553014061848235,2.645461578124163,9.378198463840352
2013-09-16 10:00:00,0.025530227854518098,2.645460789814484,10.250148636338695
2013-09-16 12:00:00,0.0255303740755604,2.6454611566406836,10.74613900478521
2013-09-16 14:00:00,0.03150693798621635,2.652658775898024,12.10934826323417
2013-09-16 16:00:00,6.60019809580363,9.614486924983936,19.636289483844944
2013-09-16 18:00:00,7.691256997204434,11.065500354363127,20.803245141995223
2013-09-16 20:00:00,7.575456852996923,11.065515359583422,20.80324533946433
2013-09-16 22:00:00,6.21818729216583,10.218759078348588,20.511837326843704
2013-09-17 00:00:00,6.2210761623169315,9.68889522866277,19.852783264305838
2013-09-17 02:00:00,6.223967333875386,9.440679191259068,19.355087300554306
2013-09-17 04:00:00,6.2268604027802645,9.6315320348072,19.31715850856884
2013-09-17 06:00:00,6.000975382809379,9.41904717763893,12.65370520557832
2013-09-17 08:00:00,1.5334081538715387,8.922950699768279,9.734746092049193
2013-09-17 10:00:00,5.747924979114494,8.935925901893109,12.06566098931285
2013-09-17 12:00:00,5.828775926518057,9.024896581784251,12.052193692513438
2013-09-17 14:00:00,6.293457595833711,35.0709689450037,12.710830589197954
2013-09-17 16:00:00,39.561695381225576,54.30007250251345,47.54879272201397
2013-09-17 18:00:00,50.01231217934312,55.61242206152309,54.087040413332915
2013-09-17 20:00:00,54.83679332852386,56.34597286874959,54.47619842149249
2013-09-17 22:00:00,54.83679404995348,56.34597350737051,57.416969241683184
2013-09-18 00:00:00,54.836794044758506,56.345974511679024,58.21827240298701
2013-09-18 02:00:00,54.83679411635069,56.34597574470175,59.52428908353155
2013-09-18 04:00:00,54.83679475872739,56.624653680202414,60.119504360346696
2013-09-18 06:00:00,54.836794328404636,54.721576771863155,59.14411972614943
2013-09-18 08:00:00,54.83679398047801,52.97785738660634,58.60034475386762
2013-09-18 10:00:00,54.83679382789758,52.97785771660165,58.60034507864759
2013-09-18 12:00:00,53.474317475034795,52.97785789931177,58.605136705045226
2013-09-18 14:00:00,53.47430394114429,52.977857966677846,58.984061144757575
2013-09-18 16:00:00,53.50167519290934,52.97786769754657,61.24344206437297
2013-09-18 18:00:00,53.47431355921324,53.22624662386218,61.34931176275896
2013-09-18 20:00:00,54.24156681694366,55.803250934536585,60.87461860814909
2013-09-18 22:00:00,53.47430945621102,55.76080176791987,60.7772986516386
2013-09-19 00:00:00,53.474311506574296,55.77521415272137,60.77449259638015
2013-09-19 02:00:00,54.13282622883261,56.13535569519027,60.851761779422816
2013-09-19 04:00:00,54.66604943707799,56.83602447476733,60.944447087405734
2013-09-19 06:00:00,46.50533294957599,45.25862133355213,55.78780390539192
2013-09-19 08:00:00,41.61189534067151,37.41508165857276,52.25634546960276
2013-09-19 10:00:00,43.59263504947795,37.4150814861353,52.25634589536476
2013-09-19 12:00:00,41.61189459074214,37.41508199960404,52.256347090810195
2013-09-19 14:00:00,41.6118950530013,37.415083643657255,52.28336580722944
2013-09-19 16:00:00,42.66909488294432,37.415153592568785,59.031964481747494
2013-09-19 18:00:00,42.61944041919379,37.415173607332676,60.16778976202305
2013-09-19 20:00:00,41.611909360577286,37.41517755114736,59.02439442723417
2013-09-19 22:00:00,47.08806571620205,48.89516129573922,58.04475230966532
2013-09-20 00:00:00,49.690732204054,51.145944113461894,58.34328640476833
2013-09-20 02:00:00,53.66037830293216,55.79284720431859,59.908621100721355
2013-09-20 04:00:00,54.83679348079153,57.50487630130138,60.59589125693027
2013-09-20 06:00:00,54.83679285092243,57.47524456474715,59.59061388960309
2013-09-20 08:00:00,54.8367855295272,56.34597301946174,59.062770089654656
2013-09-20 10:00:00,54.83678952949778,56.345975127005005,59.06277136127092
2013-09-20 12:00:00,54.83678590924844,56.34597596702301,59.062771203833094
2013-09-20 14:00:00,54.83678692973274,56.34597722866626,59.4300700933
2013-09-20 16:00:00,54.83679384859448,58.32771077029977,61.156655903723795
2013-09-20 18:00:00,56.038200345082146,60.25454187877439,61.48894039401589
2013-09-20 20:00:00,57.60003184085076,61.25629530960475,61.71922547536879
2013-09-20 22:00:00,56.976292699480275,60.036641160183606,61.69301819267834
2013-09-21 00:00:00,55.43060015560908,59.988554249865146,61.550718176415714
2013-09-21 02:00:00,55.158542560977864,59.92547410030088,61.50035182612982
2013-09-21 04:00:00,55.86981691559737,60.031710579860395,61.56846889088019
2013-09-21 06:00:00,54.83679461847426,59.83593759736674,60.498193799860665
2013-09-21 08:00:00,54.836793958902106,56.345975231069986,57.04625857098203
2013-09-21 10:00:00,54.83679379768002,56.34597508591527,57.0262597584187
2013-09-21 12:00:00,54.8367904325593,56.34597516968708,56.93327881165681
2013-09-21 14:00:00,54.83678798808025,56.34597569107781,57.66692559432606
2013-09-21 16:00:00,54.836793939144876,58.590180958948885,60.88596150489377
2013-09-21 18:00:00,54.83679392855049,59.53888022581658,61.208657128839306
2013-09-21 20:00:00,54.836793873814024,58.943840906574074,60.56635507453409
2013-09-21 22:00:00,54.83679323829853,58.58736880841629,60.2694806786981
2013-09-22 00:00:00,54.836790585915054,58.56910657929015,60.265563931869295
2013-09-22 02:00:00,54.83678761637764,58.501522366167706,59.94855908929304
2013-09-22 04:00:00,54.83678746876368,58.50151893315869,59.66838362506353
2013-09-22 06:00:00,6.423652134500051,55.93429905144689,12.207295444185165
2013-09-22 08:00:00,6.412548797352505,55.5226218241294,11.189533121284
2013-09-22 10:00:00,6.41255226476732,55.522621893171845,10.923755051762797
2013-09-22 12:00:00,6.414783964963284,55.52262304436277,11.164669486853663
2013-09-22 14:00:00,6.417773921196147,56.345974427610074,13.135572876160182
2013-09-22 16:00:00,42.24401440461255,58.19120767823465,32.05591831500706
2013-09-22 18:00:00,54.836788687582995,61.32604199647845,33.71103322733957
2013-09-22 20:00:00,54.83679363461688,61.2918078026284,33.39451616390092
2013-09-22 22:00:00,54.83679378866654,61.29021499530657,33.00594960527923
2013-09-23 00:00:00,54.83679397747939,61.293462260865354,33.394512980037305
2013-09-23 02:00:00,54.836794018263596,61.42707069120879,33.70800053057637
2013-09-23 04:00:00,54.83679413537864,61.688615277187424,33.834125695842175
2013-09-23 06:00:00,54.8367940492416,59.092069532691134,16.279790023631843
2013-09-23 08:00:00,54.836793988561354,56.345976121412576,15.242983507096591
2013-09-23 10:00:00,54.836794004469866,56.345975726649144,14.731541884468696
2013-09-23 12:00:00,54.83679410108683,56.34597543573844,14.21101545386665
2013-09-23 14:00:00,54.836794691854706,56.345975780488196,18.308386485903576
2013-09-23 16:00:00,59.814253007940806,60.141350515043825,56.77444863439295
2013-09-23 18:00:00,61.75566010068882,62.46849277207273,60.15423783513944
2013-09-23 20:00:00,61.40270827812124,62.38467078483624,60.98853376314176
2013-09-23 22:00:00,61.402503592853776,62.384588337049536,61.66804209652794
2013-09-24 00:00:00,61.456085371881905,62.38464086764171,61.74641656804742
2013-09-24 02:00:00,62.53845249108385,62.46083192437261,61.84568652067433
2013-09-24 04:00:00,67.56904658469722,66.75932362980691,63.313455099545024
2013-09-24 06:00:00,64.22433930671144,62.890366539646436,55.93958308523911
2013-09-24 08:00:00,57.25307431212265,56.34596901239264,50.87080725354616
2013-09-24 10:00:00,57.25307393252092,56.34596684493047,50.87080664708206
2013-09-24 12:00:00,57.25307430876212,56.34596742447626,50.87080917387257
2013-09-24 14:00:00,57.34990065498168,57.0837603065103,55.58920122754044
2013-09-24 16:00:00,73.12821999933364,73.97911513589958,70.52043540533225
2013-09-24 18:00:00,80.81456698323996,79.9462454330999,73.93793786490076
2013-09-24 20:00:00,80.81447096588155,79.9462396942537,73.93793055163503
2013-09-24 22:00:00,75.96195388614332,79.94624451459742,73.58949571139826
2013-09-25 00:00:00,75.4354565782385,79.41034938132707,73.66452141267739
2013-09-25 02:00:00,79.7039987107706,79.94623089700787,74.18326793708584
2013-09-25 04:00:00,80.81457371261502,79.94624758971317,74.8397582567176
2013-09-25 06:00:00,63.1957229005408,66.22566750987903,63.01295208117253
2013-09-25 08:00:00,54.83682547656791,56.570597378496,56.88672425712865
2013-09-25 10:00:00,54.836794320045456,56.57058045358665,56.86526232388523
2013-09-25 12:00:00,54.836794320866794,56.57058061096501,56.88676727621393
2013-09-25 14:00:00,54.8392912515623,56.86244606402407,60.704956363167
2013-09-25 16:00:00,58.182638712764515,61.3910028955969,63.13331628481882
2013-09-25 18:00:00,55.670762249600614,60.98817466995173,62.61881171233527
2013-09-25 20:00:00,54.836793945855575,59.617901160817176,62.296562752159666
2013-09-25 22:00:00,54.83679318384996,59.527671551208684,61.99461965885436
2013-09-26 00:00:00,54.836792932009814,59.606994849985156,61.830066050245684
2013-09-26 02:00:00,54.836792844217214,59.53145719153278,61.905330215255574
2013-09-26 04:00:00,54.83679310528423,59.59266442680969,62.01940056276066
2013-09-26 06:00:00,54.532463077984836,58.438939621119765,61.21762612530675
2013-09-26 08:00:00,54.53246312244935,57.15430204360072,60.347362543719626
2013-09-26 10:00:00,54.7557941557797,57.15430186277807,60.37081004970963
2013-09-26 12:00:00,54.83679401289719,57.15430485112593,60.394248189504715
2013-09-26 14:00:00,57.09453070177992,58.74196358548721,62.134290879279646
2013-09-26 16:00:00,59.62194766821666,61.17987018116291,64.72742898129847
2013-09-26 18:00:00,59.5080549887953,61.067991553847335,64.77112632053448
2013-09-26 20:00:00,58.41956964534505,60.022894729816684,64.24912111842
2013-09-26 22:00:00,58.42892806571229,60.02289341660245,64.18447737495543
2013-09-27 00:00:00,58.95670139128207,60.526390877372165,64.55840903231922
2013-09-27 02:00:00,59.99303469542201,61.54438870343854,64.94572868137399
2013-09-27 04:00:00,61.09849116975858,62.63028871600956,65.7361050659877
2013-09-27 06:00:00,57.22844830303906,59.184007850283216,62.09077967751567
2013-09-27 08:00:00,54.83679373642108,55.64293300364294,58.847263395027966
2013-09-27 10:00:00,54.83679348676908,55.20944832703519,58.8472629413188
2013-09-27 12:00:00,54.83679354631232,55.2094485633601,58.84726331523659
2013-09-27 14:00:00,54.836793687885475,55.798883162007,59.321568065116566
2013-09-27 16:00:00,59.26383981658405,60.807485997296716,64.48756198063286
2013-09-27 18:00:00,57.9758203578237,59.54228319170378,63.98277900468035
2013-09-27 20:00:00,57.128130016589836,59.5422319030688,63.72277872664067
2013-09-27 22:00:00,54.83679470011143,59.5422416738391,63.73569000527708
2013-09-28 00:00:00,54.83679368371446,59.54224149060708,63.886836831221856
2013-09-28 02:00:00,54.83679364270225,59.54224031387545,64.01552374088914
2013-09-28 04:00:00,54.83679341402091,59.54223882950073,63.95013744866317
2013-09-28 06:00:00,15.502672269481394,21.353302979174668,40.14657769320225
2013-09-28 08:00:00,9.309803289044847,14.698121231870855,36.17193448950968
2013-09-28 10:00:00,6.656905083868688,13.446547382905704,35.40382461508884
2013-09-28 12:00:00,6.6569046152535645,13.446494013581088,35.40382509430377
2013-09-28 14:00:00,6.656904780412962,13.446550699670945,40.29107727382308
2013-09-28 16:00:00,8.244459693452661,15.340232005467675,46.4483253575696
2013-09-28 18:00:00,7.450680941093624,14.151810439368516,45.00060746358403
2013-09-28 20:00:00,6.656903386145403,13.917693669542203,43.114970123229256
2013-09-28 22:00:00,6.65690288954384,13.917673110262623,43.114967367047655
2013-09-29 00:00:00,6.656902748054397,13.682093919592564,43.11496834624579
2013-09-29 02:00:00,6.656902608156227,13.446558982564751,43.107004775738815
2013-09-29 04:00:00,6.656907118077678,13.446552882071545,41.86606986199044
2013-09-29 06:00:00,0.02553036833127255,2.6981234664669715,19.427560906755044
2013-09-29 08:00:00,0.0255300738088771,2.656825681100221,17.777259038050097
2013-09-29 10:00:00,0.02553002682718275,2.6568004993703096,17.77725885222644
2013-09-29 12:00:00,0.0255301039834955,2.656761359628102,17.777259309415207
2013-09-29 14:00:00,0.0255302945538588,5.9628531186763,20.965135828675535
2013-09-29 16:00:00,0.02553440919857145,13.707280799464737,30.80332144065891
2013-09-29 18:00:00,0.0255318350673122,15.45272520779023,30.020738745715974
2013-09-29 20:00:00,0.0273350808475635,15.371120689336866,30.33734695904303
2013-09-29 22:00:00,0.6741927510768098,15.371123911460526,30.44552907068096
2013-09-30 00:00:00,3.827574943363265,16.886227202393755,32.89343649632073
2013-09-30 02:00:00,3.8275710192357435,18.387360877111757,34.55775472249405
2013-09-30 04:00:00,3.8275755154757674,18.387361492729504,34.856934489306134
2013-09-30 06:00:00,0.04155501137515945,13.460998795555355,31.918263286499744
2013-09-30 08:00:00,0.02553034906300845,12.311829905878675,29.87494847060436
2013-09-30 10:00:00,0.02553040630592475,12.311829558928434,29.87495098215677
2013-09-30 12:00:00,0.02553069770102305,12.31183000157461,30.17031484751768
2013-09-30 14:00:00,1.1051593845390935,12.840268065693587,31.802166701469993
2013-09-30 16:00:00,7.722777451727671,29.888533029500927,43.75617732683387
2013-09-30 18:00:00,7.4487239759712,30.557253588067052,43.32895085491939
2013-09-30 20:00:00,6.7221575272662495,30.747754461325968,43.942915776258396
2013-09-30 22:00:00,7.523584846206112,31.012110678583106,44.27125118429451
2013-10-01 00:00:00,8.325017770401544,31.36563346229697,45.79935650961016
2013-10-01 02:00:00,8.302233096737684,31.365634044432714,45.799369474557274
2013-10-01 04:00:00,8.325017105465594,31.365631550807734,45.79937437589029
2013-10-01 06:00:00,2.737699264062263,11.724902934692677,28.96321817214173
2013-10-01 08:00:00,2.1964281033061983,9.59481788939607,26.13675141258357
2013-10-01 10:00:00,2.196427934461882,2.6562568274675504,26.136750868375312
2013-10-01 12:00:00,2.1964283222592997,9.4591829799202,26.228666381414424
2013-10-01 14:00:00,4.786946532685046,10.178919445513547,31.360142676384292
2013-10-01 16:00:00,8.231635622378642,12.134039826935947,38.54085759718964
2013-10-01 18:00:00,6.754238664758656,12.086671399773042,37.66170421624409
2013-10-01 20:00:00,6.757375627411848,10.625880480185561,36.28924109480941
2013-10-01 22:00:00,6.760514977470784,10.618844150733427,35.73618492324031
2013-10-02 00:00:00,6.763657173668486,10.79567027066943,37.20242657512139
2013-10-02 02:00:00,6.766799770792838,11.360200865849812,38.290321099138865
2013-10-02 04:00:00,6.769943099211113,11.71108646692887,38.18939474418147
2013-10-02 06:00:00,0.04164383841279665,9.494172135547142,12.063767482269224
2013-10-02 08:00:00,0.025608744202528,8.619070334646977,10.724730183110747
2013-10-02 10:00:00,0.0255738425492083,7.2761258722388344,8.672155834303293
2013-10-02 12:00:00,0.025892898161203,8.167877142216634,9.787487910014008
2013-10-02 14:00:00,2.0114807175291816,9.071086835135059,12.757904180293707
2013-10-02 16:00:00,6.788834855540136,11.21657428360129,14.854981105402324
2013-10-02 18:00:00,6.770459093273635,11.133152078917165,14.570853570623314
2013-10-02 20:00:00,6.053246703339141,11.12332728502616,14.111896197753431
2013-10-02 22:00:00,5.795328769542506,10.763995044751564,13.486808890125165
2013-10-03 00:00:00,6.4277308323652855,11.125792821926936,14.405558196537788
2013-10-03 02:00:00,6.8046203893096155,11.14898956348188,14.755878040011511
2013-10-03 04:00:00,6.807781758671725,11.152954179831259,14.584187102146162
2013-10-03 06:00:00,0.025530618423757902,8.838436481157919,5.474540038341791
2013-10-03 08:00:00,0.0255302398071831,7.636732548481687,5.415024619311049
2013-10-03 10:00:00,0.02553018405680045,6.885673363406271,5.38611538186063
2013-10-03 12:00:00,0.025530216965198797,7.63673560432952,5.432241163912028
2013-10-03 14:00:00,0.03181818894794295,8.237584938560264,6.9519113505715975
2013-10-03 16:00:00,0.04363939629493355,9.547625565375636,10.460069256006458
2013-10-03 18:00:00,0.04089524478449015,9.551067187826748,10.459363044842211
2013-10-03 20:00:00,0.043641254557650055,10.130641049207695,10.461412390363098
2013-10-03 22:00:00,0.0617454562108035,11.108577568525234,11.018616039488977
2013-10-04 00:00:00,0.0799382386571269,11.304947913974406,11.538464661372895
2013-10-04 02:00:00,0.07993794540208646,11.251309647260552,11.539578549603608
2013-10-04 04:00:00,0.061795066506744156,11.200660315311335,11.54351185554659
2013-10-04 06:00:00,0.0617914160440058,10.419133482894726,11.037876831348195
2013-10-04 08:00:00,0.04092165704687075,9.634612980379089,10.878908501827212
2013-10-04 10:00:00,0.0436447365847419,9.952351154702757,11.15360525824959
2013-10-04 12:00:00,0.04903544616055685,10.128987372366801,12.533316280958775
2013-10-04 14:00:00,6.861748839289742,16.446261849961285,21.441851715440617
2013-10-04 16:00:00,10.096395415588203,52.28515574112869,45.70242410059765
2013-10-04 18:00:00,10.369071174924683,58.61144074044158,45.660040831930274
2013-10-04 20:00:00,10.608751391466964,58.611458385179034,46.062969705427406
2013-10-04 22:00:00,28.07168614891519,58.468778269862234,50.62748077440328
2013-10-05 00:00:00,49.996121002886674,57.673654948265536,52.87059067862971
2013-10-05 02:00:00,54.02567770098638,58.29168325107871,55.90627139595554
2013-10-05 04:00:00,54.02567814136609,58.572479778193156,57.520409219049995
2013-10-05 06:00:00,54.02567817634667,57.48768903649831,57.91210547499114
2013-10-05 08:00:00,54.02567806328866,56.59705479434355,58.11777100020177
2013-10-05 10:00:00,54.0256780018122,56.59705587287202,59.24387382572921
2013-10-05 12:00:00,54.02567817100186,56.597056377255555,60.320039892269804
2013-10-05 14:00:00,54.025678688239054,57.04086536611821,61.240855462804255
2013-10-05 16:00:00,56.28544951091909,58.68660253478747,62.807524187843235
2013-10-05 18:00:00,56.52846919597813,58.93925683689637,62.76685723290055
2013-10-05 20:00:00,56.648524551624945,58.93927078173526,62.294236425438356
2013-10-05 22:00:00,57.15734737034471,58.9392625580155,62.725934570425565
2013-10-06 00:00:00,57.14145317856186,58.939258539153826,62.901412474050865
2013-10-06 02:00:00,57.11829935848746,58.93367288561044,62.84363900904245
2013-10-06 04:00:00,57.1573594105009,58.93925830990115,62.867068401949176
2013-10-06 06:00:00,56.119928062059095,58.04640930543915,61.839994571605786
2013-10-06 08:00:00,54.02567852856542,56.53221133038722,60.78343055034462
2013-10-06 10:00:00,54.02567804545104,56.532207252456715,60.783429422489526
2013-10-06 12:00:00,54.025678018658425,56.53220893702914,60.786594496911924
2013-10-06 14:00:00,54.025678088365424,56.9545219874804,61.23567652434299
2013-10-06 16:00:00,54.02568001824898,58.68182361875782,62.90722693383313
2013-10-06 18:00:00,55.06925721816553,58.748004834133766,62.64946946005482
2013-10-06 20:00:00,54.02567822470799,58.61940372759572,62.259762626078526
2013-10-06 22:00:00,54.02567787042321,58.61940312796768,60.89596425916686
2013-10-07 00:00:00,54.02567781134073,58.61940307161782,60.89597823563113
2013-10-07 02:00:00,54.025677870957395,58.61940300873974,61.32613385011368
2013-10-07 04:00:00,54.02567824070529,58.61944651751669,62.290112026911515
2013-10-07 06:00:00,54.02567790616638,57.579932652809276,60.702500453518255
2013-10-07 08:00:00,52.506386534261,55.20944507474082,58.57916549675393
2013-10-07 10:00:00,52.50638646882476,55.20944465570152,58.57916496297651
2013-10-07 12:00:00,52.50638969310286,55.209447036049085,58.57916567706836
2013-10-07 14:00:00,54.0256764738015,56.55171202621847,59.56864587615303
2013-10-07 16:00:00,54.02568342088534,58.61940242297225,62.6465353608034
2013-10-07 18:00:00,54.02568828349659,58.61940250949721,62.34209787186323
2013-10-07 20:00:00,54.025678385783266,58.61940213705614,62.00676636730197
2013-10-07 22:00:00,54.025677743440454,58.61940158244067,61.855537124083455
2013-10-08 00:00:00,54.02567770637761,58.619401641383185,61.913844588845166
2013-10-08 02:00:00,54.02567767439871,58.61940159240713,62.093493750417544
2013-10-08 04:00:00,54.0256775925033,58.619402828112705,62.691189086069784
2013-10-08 06:00:00,54.02567743483286,57.77982659957412,60.52578680213393
2013-10-08 08:00:00,54.02567676614733,56.62896892961461,58.142916058216954
2013-10-08 10:00:00,54.02567534773671,56.628966752253234,58.142915936273425
2013-10-08 12:00:00,54.02567534123169,56.62896752279808,58.14291664692003
2013-10-08 14:00:00,54.025677080157465,57.13193457049299,59.21716957256828
2013-10-08 16:00:00,54.0256773697667,58.61940114123267,61.20847354506161
2013-10-08 18:00:00,54.02567758466206,58.619401122083914,60.43547120112451
2013-10-08 20:00:00,54.025677191805826,58.61940045055039,60.180728138332455
2013-10-08 22:00:00,54.02567700400489,58.61939781360858,60.188448414043535
2013-10-09 00:00:00,54.02567688371386,58.61939856574122,60.187956579209164
2013-10-09 02:00:00,54.025676807535305,58.61939791200143,60.21645170398636
2013-10-09 04:00:00,54.025676543631114,58.61939365994968,60.35849116224457
2013-10-09 06:00:00,44.59235245315433,51.74606688207566,56.76410156451164
2013-10-09 08:00:00,37.31348008441656,42.84302500860615,53.393519946194644
2013-10-09 10:00:00,36.1504382905891,42.843012178500146,52.62606772389978
2013-10-09 12:00:00,36.150437760630965,42.843011323880404,52.73704605442059
2013-10-09 14:00:00,36.150437684361876,42.84301162279337,52.607590600687814
2013-10-09 16:00:00,36.150438164963134,42.84301396460924,52.97852513120438
2013-10-09 18:00:00,36.150438084411135,42.843013586144735,53.92789664270932
2013-10-09 20:00:00,36.150438611797284,42.843012031563426,53.92106115761025
2013-10-09 22:00:00,38.54750930609522,42.84301205388428,54.34150074465309
2013-10-10 00:00:00,43.63243576360911,44.968696530568124,57.80406857337632
2013-10-10 02:00:00,45.18099301825595,46.15997578432355,58.83591814412712
2013-10-10 04:00:00,45.74699339451538,45.946784624727485,59.51146228896894
2013-10-10 06:00:00,42.139436419564994,33.59024574336538,58.926099832192335
2013-10-10 08:00:00,37.03395674450884,29.99704333418222,58.33005096650326
2013-10-10 10:00:00,37.03395682298628,29.997042698810347,58.3300480950201
2013-10-10 12:00:00,37.033957242146315,29.997046386973672,58.38258903315435
2013-10-10 14:00:00,40.548943438291985,33.22028181448805,59.36215122701586
2013-10-10 16:00:00,51.70815509319283,47.27559174518806,61.96611443793644
2013-10-10 18:00:00,51.708154714902584,48.628582663527354,60.79187927449472
2013-10-10 20:00:00,49.54769002370081,47.820907063805095,60.141975492291564
2013-10-10 22:00:00,45.15680245503394,44.49604631679848,59.668109496191775
2013-10-11 00:00:00,41.86249999094205,44.6432699006437,58.60474358412671
2013-10-11 02:00:00,41.862500109188176,44.496032190407014,57.494897285580834
2013-10-11 04:00:00,43.264873842616,45.305071573693695,56.678506342342104
2013-10-11 06:00:00,38.95723697657162,44.49602807182868,35.54726703068255
2013-10-11 08:00:00,32.95973036458558,44.496027126952264,35.09722807013709
2013-10-11 10:00:00,32.959729700518324,44.49602756122515,35.274309269859465
2013-10-11 12:00:00,32.95972973125597,44.49602791007928,35.232845502709964
2013-10-11 14:00:00,32.959729986148254,44.7203576514795,35.140359951813515
2013-10-11 16:00:00,32.959730057301584,46.72826816747687,35.94291236607451
2013-10-11 18:00:00,32.95973012774961,46.72826606332675,35.8121594417988
2013-10-11 20:00:00,32.95973002583814,46.72826266425452,35.90688539512631
2013-10-11 22:00:00,32.95973079007574,44.94470976566542,36.76360655205023
2013-10-12 00:00:00,34.93947186858645,44.94468550359205,41.45102505236844
2013-10-12 02:00:00,40.83819936785291,45.83649724779082,48.023208046798246
2013-10-12 04:00:00,47.183107401902745,50.059546488641324,51.089616765647804
2013-10-12 06:00:00,49.966494504502805,49.0670941264777,49.57459856207399
2013-10-12 08:00:00,45.52399002376868,44.94467880561527,46.10427896671912
2013-10-12 10:00:00,43.103530257746655,44.94467959306219,46.728187197897384
2013-10-12 12:00:00,43.26114324514779,44.99798276919425,46.156635314446845
2013-10-12 14:00:00,49.05162722932359,51.10466886113619,47.079284574904776
2013-10-12 16:00:00,53.240292521889714,57.30041292197372,51.14809351607132
2013-10-12 18:00:00,53.10313660793827,57.32487955149482,52.22718576915868
2013-10-12 20:00:00,52.5438787026232,57.04088037768288,52.18454103822702
2013-10-12 22:00:00,52.37085283336194,56.95468226583425,52.22340510499756
2013-10-13 00:00:00,51.22372174242412,55.51491399787368,53.04205379778483
2013-10-13 02:00:00,45.39805395282773,49.70386030625459,54.40890422941306
2013-10-13 04:00:00,42.82187196921514,46.91822908254264,54.15971109360902
2013-10-13 06:00:00,7.203823993656851,27.57450183080287,42.139256520533095
2013-10-13 08:00:00,7.203821293392094,24.943785684161803,38.62684038927334
2013-10-13 10:00:00,7.203825460401503,24.944535151273932,40.74278421171491
2013-10-13 12:00:00,3.6146810894332413,25.54455876847899,40.88578409994331
2013-10-13 14:00:00,7.214704481239838,29.789213502524355,47.32816218110595
2013-10-13 16:00:00,7.218056895297199,44.74060707764736,58.35174629670445
2013-10-13 18:00:00,7.221409842222598,45.23761463694326,58.450897620660804
2013-10-13 20:00:00,7.224764347811726,45.84585176088332,58.518535701291924
2013-10-13 22:00:00,7.22812507547839,45.84585947992419,58.63970508132541
2013-10-14 00:00:00,8.90454296944877,45.84587972584333,58.876284634435784
2013-10-14 02:00:00,19.30997389418121,51.36856491370381,60.007900142648005
2013-10-14 04:00:00,43.80909750490349,54.44631737168727,60.427379691711394
2013-10-14 06:00:00,45.74756311315962,55.73321091592801,59.47224625543387
2013-10-14 08:00:00,45.74756630620013,55.20775388732535,58.258259278104354
2013-10-14 10:00:00,45.79144556583333,55.208730381160564,58.25826023427204
2013-10-14 12:00:00,48.35475243945979,55.209437612922855,58.345166556624584
2013-10-14 14:00:00,52.81133453089572,56.116700134655964,60.10999421768685
2013-10-14 16:00:00,54.02440172285317,57.69814882271009,61.39200091926011
2013-10-14 18:00:00,53.784699550033096,57.37492032974159,61.024070329184354
2013-10-14 20:00:00,53.61762973316305,57.202752440119475,60.83222585855919
2013-10-14 22:00:00,53.647475758826616,57.23311610843075,60.78154993386511
2013-10-15 00:00:00,54.025674876227086,57.26354268100049,60.78867874723376
2013-10-15 02:00:00,54.02567516380863,57.25935116610175,60.773806268261026
2013-10-15 04:00:00,54.02567525964803,57.202757226753434,60.94307527292206
2013-10-15 06:00:00,54.02567515756321,57.202757805848336,60.43237677604597
2013-10-15 08:00:00,54.02567507643177,57.20275595644291,60.188272398755544
2013-10-15 10:00:00,54.025675165614636,57.202756010127715,60.21833767115031
2013-10-15 12:00:00,54.02567529651296,57.20275590599643,60.26058485007432
2013-10-15 14:00:00,54.025675320865716,57.20275632668917,61.61275453309922
2013-10-15 16:00:00,54.02567543424248,58.619395502611496,63.25735176893026
2013-10-15 18:00:00,54.02567526393331,58.28104304389272,63.03129758705931
2013-10-15 20:00:00,54.02567514407092,57.20275964951973,62.292249107319705
2013-10-15 22:00:00,54.025675133738375,57.20276061989878,62.03627961816871
2013-10-16 00:00:00,54.02567511927706,58.00032493132494,61.884500736754205
2013-10-16 02:00:00,54.025675544128525,58.92414615556473,61.93779703391783
2013-10-16 04:00:00,57.157409240244434,60.48901829841165,63.15743784242012
2013-10-16 06:00:00,54.025676740298906,53.02177661785889,61.580705472916904
2013-10-16 08:00:00,54.02567515702685,41.65326279906412,60.04542779484061
2013-10-16 10:00:00,54.025675319423925,41.65323728822537,60.04586646992304
2013-10-16 12:00:00,54.025675338397534,41.65324649380921,60.053446259927526
2013-10-16 14:00:00,54.02567511044806,41.86333809180033,61.977089363647536
2013-10-16 16:00:00,54.025674404414055,43.2996432765088,65.06147473094661
2013-10-16 18:00:00,40.6430294432935,34.452623248851346,61.68830905311277
2013-10-16 20:00:00,16.59462958689393,27.2431120489306,59.267364851027935
2013-10-16 22:00:00,9.216259898123578,27.24311053449788,58.9743769678427
2013-10-17 00:00:00,9.21625869408954,27.243108911974947,57.640439513512185
2013-10-17 02:00:00,9.21625793532297,27.24310156379945,57.33029702987524
2013-10-17 04:00:00,9.09440627518435,21.483275526963183,51.13091680660946
2013-10-17 06:00:00,2.664959340427757,14.121311199769991,13.880830864383375
2013-10-17 08:00:00,0.02553027803864535,14.326835427788913,10.79788569075688
2013-10-17 10:00:00,0.0255302530469668,14.326846001849429,9.822518364275787
2013-10-17 12:00:00,0.0255302683252746,14.326853411857613,9.773455769797156
2013-10-17 14:00:00,0.025530353580783198,37.012935857258675,12.888428635507765
2013-10-17 16:00:00,4.780473749702743,55.20943866812123,24.311104338527528
2013-10-17 18:00:00,7.3841960018770845,55.60325408130409,23.740635116865647
2013-10-17 20:00:00,29.926752581742612,55.9970867379588,26.920892417265755
2013-10-17 22:00:00,52.0601420350832,56.778642848764605,31.45337277418129
2013-10-18 00:00:00,54.0256747237911,56.77245103952337,33.605088776173844
2013-10-18 02:00:00,54.02567485218993,56.77211296353099,38.11564230605033
2013-10-18 04:00:00,54.02567561781034,56.77243138740856,50.91435457088522
2013-10-18 06:00:00,54.02567492172447,50.33122556771586,49.29401403656401
2013-10-18 08:00:00,54.025674783651496,45.001206940210864,44.75702014904421
2013-10-18 10:00:00,54.02567472827464,41.88476774764294,46.080506351996306
2013-10-18 12:00:00,54.025674638175275,40.1177364282146,48.782475456392575
2013-10-18 14:00:00,54.02567468162312,40.28684289770547,55.887238258346045
2013-10-18 16:00:00,54.02567466337837,48.93843604006367,59.53626157126361
2013-10-18 18:00:00,52.31786966957941,45.49545441643485,59.12749438845498
2013-10-18 20:00:00,40.782706621026335,40.86932754460334,56.95382934783867
2013-10-18 22:00:00,38.0622954575128,39.68615378150633,54.63575421744649
2013-10-19 00:00:00,38.062295154063406,39.68615332235705,54.27473979001542
2013-10-19 02:00:00,38.062295081560585,39.68615365421532,54.378434949007065
2013-10-19 04:00:00,38.062295142274394,39.68615405597936,54.17966095294331
2013-10-19 06:00:00,9.242721666055793,13.036631548651645,17.92627485453642
2013-10-19 08:00:00,8.947184326045562,11.93729217485437,15.851802072499794
2013-10-19 10:00:00,8.947187475886185,11.937292255929371,15.638228838864903
2013-10-19 12:00:00,9.085046442257672,11.963300406939641,15.93006957600975
2013-10-19 14:00:00,11.290111081522658,13.39447885299516,18.994267188229568
2013-10-19 16:00:00,11.468778952033674,14.805317790069203,20.982614305176973
2013-10-19 18:00:00,10.763355396278989,13.26457951981979,20.478413814064076
2013-10-19 20:00:00,9.312496034606411,12.608051263229488,19.992086517975412
2013-10-19 22:00:00,9.268603581840674,12.541879409111145,20.35394568680305
2013-10-20 00:00:00,9.317904257440816,12.618480920484116,20.999950982938202
2013-10-20 02:00:00,9.268609080835962,12.621956923438137,21.04533133867909
2013-10-20 04:00:00,9.676067609072629,12.625667538455465,21.48217267816846
2013-10-20 06:00:00,8.287605062948113,11.514098752460631,20.6841158451358
2013-10-20 08:00:00,7.493858286112859,10.228139586736134,19.44968080653763
2013-10-20 10:00:00,7.493858911127431,10.228138646149826,20.74851884097982
2013-10-20 12:00:00,7.493858668887052,10.229022081827974,24.17617762052543
2013-10-20 14:00:00,7.501740378706778,10.699764833101677,33.44909848742866
2013-10-20 16:00:00,9.138044841202207,11.877670487664398,34.11949398278462
2013-10-20 18:00:00,8.904909609647902,11.806273581966703,33.911853559809146
2013-10-20 20:00:00,7.514762546415268,11.543717543153353,33.18846598841982
2013-10-20 22:00:00,7.515636312518813,11.401103130563676,32.674845019561786
2013-10-21 00:00:00,7.5191279656704815,11.590128941768096,32.61085732518211
2013-10-21 02:00:00,7.522620842444477,11.837732618211724,32.54130415777078
2013-10-21 04:00:00,7.526117532448129,12.747785209554316,32.848603172370574
2013-10-21 06:00:00,7.5322360863801014,11.470199383411083,21.307326920746373
2013-10-21 08:00:00,7.533108835112108,10.437877234547525,19.63353595096737
2013-10-21 10:00:00,7.536605139506957,10.299095520733168,20.029486354012047
2013-10-21 12:00:00,7.53599518376195,10.299096334359831,19.93645935410904
2013-10-21 14:00:00,7.543607585625395,10.390346655286983,28.728153843576777
2013-10-21 16:00:00,7.547111676153868,11.096374957144809,32.71988109998126
2013-10-21 18:00:00,7.550612239880784,10.605029433978759,31.869661975687258
2013-10-21 20:00:00,7.533974254267112,10.372237993392062,30.854550653815473
2013-10-21 22:00:00,7.533979516485804,10.371825678071431,29.125130579246544
2013-10-22 00:00:00,7.536803152641951,10.373393669352744,28.412808229857987
2013-10-22 02:00:00,7.533979378600122,10.335212881731572,28.76064984888145
2013-10-22 04:00:00,7.568163284791626,10.160825787602061,28.760653977787477
2013-10-22 06:00:00,0.0264523770935899,2.6560144645507684,9.75065858435123
2013-10-22 08:00:00,0.025530246459480502,2.6454525019818234,7.945226488696787
2013-10-22 10:00:00,0.025530246900170098,2.645449491417942,5.62392290559063
2013-10-22 12:00:00,0.02553028577173025,2.645454942086477,6.714957073491959
2013-10-22 14:00:00,0.02553101771636505,2.650657053916226,9.825729956965024
2013-10-22 16:00:00,0.0267015796078569,2.65737671838857,11.092140869655998
2013-10-22 18:00:00,0.0275944395674146,2.6570111501650793,10.946940777103014
2013-10-22 20:00:00,0.02759364821986495,2.657011074093611,10.904629912439441
2013-10-22 22:00:00,0.02553309690682545,2.6559935586326606,11.138915260866167
2013-10-23 00:00:00,0.02553990245504855,2.6559902881211053,11.184117781574882
2013-10-23 02:00:00,0.025546423718878802,2.6559974438034564,11.252420558469527
2013-10-23 04:00:00,0.025535079849535153,2.6562571648987037,11.34234910081992
2013-10-23 06:00:00,0.02553230047598445,2.6560217020112855,11.221532763822259
2013-10-23 08:00:00,0.0255302058441414,2.6501403721486483,11.111869026102354
2013-10-23 10:00:00,0.02553120737540955,2.6542094392872673,11.16211657179199
2013-10-23 12:00:00,0.02553031376357165,2.6479043209554107,11.166812347463653
2013-10-23 14:00:00,0.0255304430897936,2.6528442571847637,11.679695784227121
2013-10-23 16:00:00,0.025530612239685252,6.3742456765079005,13.482004746294148
2013-10-23 18:00:00,0.02554345822232005,12.828025879232266,13.665863745131
2013-10-23 20:00:00,0.028049410478822902,36.389294254444906,15.012408443274438
2013-10-23 22:00:00,0.03343520212968635,44.6291827430516,15.838118157923116
2013-10-24 00:00:00,7.645872907798582,49.19484700464387,19.760449328405585
2013-10-24 02:00:00,7.649427778146377,51.62530482231259,20.192921714855892
2013-10-24 04:00:00,8.506070888362933,55.682591925296016,20.314140550479664
2013-10-24 06:00:00,8.288518152195875,55.16283117431077,19.49065037682873
2013-10-24 08:00:00,7.66097560825358,51.61765590367135,18.228814707171242
2013-10-24 10:00:00,7.662754421440793,45.70881770540541,17.325764675634133
2013-10-24 12:00:00,7.729406686782622,45.58051044130589,17.35008628751271
2013-10-24 14:00:00,38.07908741610483,50.39497353152409,40.657287411554094
2013-10-24 16:00:00,54.02567391092262,55.68260195214995,59.80787509276
2013-10-24 18:00:00,54.02567451112439,55.68259958306125,59.7902955719616
2013-10-24 20:00:00,54.025674145235186,50.91236562651517,59.84224483531695
2013-10-24 22:00:00,54.02567396492993,45.58051149049338,59.969888511181566
2013-10-25 00:00:00,53.394318651425706,45.580510633184105,59.96647847821116
2013-10-25 02:00:00,46.52669202876727,45.580509658167784,59.30178687217905
2013-10-25 04:00:00,43.73968803676822,45.580506666142185,57.45787558052183
2013-10-25 06:00:00,7.699308004229078,10.697967717901633,23.72325963336351
2013-10-25 08:00:00,7.598680509289081,9.849785174384259,21.67890764902723
2013-10-25 10:00:00,7.600476960037273,10.417611516408995,21.679353419357177
2013-10-25 12:00:00,7.603157521181291,10.441203321940908,21.048690887363307
2013-10-25 14:00:00,7.495385953690928,10.45769442179177,16.72807352834161
2013-10-25 16:00:00,7.717203042352503,10.682644501306607,16.0297239650218
2013-10-25 18:00:00,7.493946805305017,10.457729523593688,15.842516595425042
2013-10-25 20:00:00,7.494534635194357,10.458538187653165,15.909658407651563
2013-10-25 22:00:00,7.495383173003685,10.4621103767519,15.91059691102543
2013-10-26 00:00:00,7.495384427527954,10.465749149409483,15.738732029032237
2013-10-26 02:00:00,7.495383842976405,10.469391085029734,15.73630631578408
2013-10-26 04:00:00,7.4916040286769405,10.473033851706017,15.767573231300602
2013-10-26 06:00:00,0.025530655642832897,2.68106943357163,5.747633347084353
2013-10-26 08:00:00,0.0255302450462228,2.650368424873961,5.521058945582711
2013-10-26 10:00:00,0.025530285928850198,2.6552831173799536,5.386368472986629
2013-10-26 12:00:00,0.0255303117836984,2.655284249353203,5.412644564894443
2013-10-26 14:00:00,0.0255304500611243,2.655512373814227,6.437350270073933
2013-10-26 16:00:00,0.02553384370520585,2.65577539051369,7.0998794704864725
2013-10-26 18:00:00,0.0255573688138224,2.655775544696029,7.092712984722393
2013-10-26 20:00:00,0.026340755628163,2.6557753914374085,7.092903184735677
2013-10-26 22:00:00,0.025531612994334,2.656255466822313,7.09284581974848
2013-10-27 00:00:00,0.02553056848407945,2.656249849756505,7.094862369593246
2013-10-27 02:00:00,0.025530444665659,2.6560157901484582,7.098510750192073
2013-10-27 04:00:00,0.025530382853912452,2.6557751362216973,6.858429724622283
2013-10-27 06:00:00,0.02553030633292825,2.6554729542626783,6.084885650878531
2013-10-27 08:00:00,0.025530239883395152,2.6482244665343924,5.396894147297361
2013-10-27 10:00:00,0.025530186026470253,2.6468279982681393,5.396609282349182
2013-10-27 12:00:00,0.02553016481551395,2.646829270335023,5.40030010879766
2013-10-27 14:00:00,0.02553021913311155,2.653157409993656,5.398996501400469
2013-10-27 16:00:00,0.02553028135621235,2.6557746546494876,5.40565870395997
2013-10-27 18:00:00,0.02553027868643155,2.6557746465683545,5.405657767174772
2013-10-27 20:00:00,0.02553027127513345,2.655775562116758,5.4056582929444446
2013-10-27 22:00:00,0.02553026266774225,2.6566319000964587,5.405657168753981
2013-10-28 00:00:00,0.0255302685198524,2.718855785749557,5.405658176528993
2013-10-28 02:00:00,0.0255303053699039,7.5821390435161256,5.405658517502175
2013-10-28 04:00:00,0.03181906739104625,7.5821391874970026,5.408383337473828
2013-10-28 06:00:00,0.04128368797891435,5.135914431472162,5.405899157906648
2013-10-28 08:00:00,0.047777961747701755,2.6566360755379286,5.407579886754749
2013-10-28 10:00:00,0.027116920595433698,2.650353961399137,5.376793051030592
2013-10-28 12:00:00,0.02553025736380605,2.6454903717356153,5.385458675061121
2013-10-28 14:00:00,0.02553038752660225,2.6556857006457077,7.105249859692886
2013-10-28 16:00:00,0.02553030700064795,2.6557747337801114,10.626918482023239
2013-10-28 18:00:00,0.0255303363615636,2.6557758093829653,11.043066584484315
2013-10-28 20:00:00,0.025530316560586047,2.656247680749386,11.215981094704258
2013-10-28 22:00:00,0.0255303855489701,2.6557866174474354,11.215983803769173
2013-10-29 00:00:00,0.0255304225514278,2.6557760777775536,11.21598434549152
2013-10-29 02:00:00,0.0255304289501898,2.655777448875794,11.215986461409617
2013-10-29 04:00:00,0.0255303217363259,2.65626348856287,11.218132849547747
2013-10-29 06:00:00,0.02553027601836535,2.65701049270075,11.153752130128971
2013-10-29 08:00:00,0.0255302509574911,2.6512245839168473,10.40508032026141
2013-10-29 10:00:00,0.025530233900441,2.655607211216048,8.986587243296494
2013-10-29 12:00:00,0.02553028952941315,2.6557599713409434,9.624274269627868
2013-10-29 14:00:00,0.02553204292211815,2.6560166688559166,12.522248436572799
2013-10-29 16:00:00,6.77860181994059,12.357030048194261,17.876167697226528
2013-10-29 18:00:00,7.894784195655559,33.67811293390912,21.13295815163445
2013-10-29 20:00:00,7.898453564640987,33.67811729484123,21.34220660290138
2013-10-29 22:00:00,7.902122641298702,33.67811674242179,21.580249965891063
2013-10-30 00:00:00,7.906626016283841,33.73431220381516,21.75663046383172
2013-10-30 02:00:00,7.909460886135458,39.85583047993576,21.98700374561004
2013-10-30 04:00:00,7.913135320411836,40.98829445126601,22.144607870631607
2013-10-30 06:00:00,8.175990342559182,28.342023480030214,19.173572267059026
2013-10-30 08:00:00,7.919566093407269,13.046235242613392,14.864791076060634
2013-10-30 10:00:00,7.922321274706434,12.54921039218768,14.370860279277682
2013-10-30 12:00:00,7.927842229464526,12.250494260845386,14.478374839312092
2013-10-30 14:00:00,8.904671850060454,17.367476613754604,23.29995983017137
2013-10-30 16:00:00,9.851079514548081,25.565150011665857,32.969375466246305
2013-10-30 18:00:00,9.851079375002662,25.56513543307589,32.98191469885806
2013-10-30 20:00:00,9.411819755642323,23.566911659278688,32.574156246993006
2013-10-30 22:00:00,7.9582665399079,22.185742808702933,30.491505588822818
2013-10-31 00:00:00,7.958266299002465,22.18574223767692,30.55107899967232
2013-10-31 02:00:00,7.958266071733995,25.34262951581863,31.054194902156986
2013-10-31 04:00:00,7.958265895036145,28.148322422274678,31.404348575049532
2013-10-31 06:00:00,7.959197848986003,20.476048154634956,23.376482570269456
2013-10-31 08:00:00,7.95826547128515,10.848661767521186,14.055049099545066
2013-10-31 10:00:00,7.95826484281397,10.848657916649959,13.367194875433
2013-10-31 12:00:00,7.958344476556974,10.848658085745225,14.026479984887015
2013-10-31 14:00:00,7.87724455240898,10.84876934208307,20.498222932839155
2013-10-31 16:00:00,7.874824875639815,11.15456971650907,24.190128717583757
2013-10-31 18:00:00,7.168000219805095,10.389170511561487,24.040033988847924
2013-10-31 20:00:00,3.6706993347130594,6.602038383141163,22.642501145198203
2013-10-31 22:00:00,7.76228648800315,10.892665499881623,23.715340696249648
2013-11-01 00:00:00,7.986027631815608,11.590157204787857,23.773884546994253
2013-11-01 02:00:00,7.998083919592943,12.717365441062611,24.19551714270508
2013-11-01 04:00:00,8.001797600431892,35.18888020012282,24.610623803680717
2013-11-01 06:00:00,7.061575862817369,43.09128378725095,22.739655274314046
2013-11-01 08:00:00,3.4107887886040618,42.10633342067112,18.730627514337293
2013-11-01 10:00:00,5.338579873145493,41.2906981675179,18.229319306000168
2013-11-01 12:00:00,6.298349583472938,41.29069875122352,19.537867064458933
2013-11-01 14:00:00,39.270531364378265,50.6119862998477,45.34140299113708
2013-11-01 16:00:00,48.79612204839007,52.87698136145444,54.02125368790302
2013-11-01 18:00:00,50.46679312241833,55.20943506748941,55.223741212593005
2013-11-01 20:00:00,50.949652179227314,55.209435906802256,55.76819552436234
2013-11-01 22:00:00,51.67662947319296,55.20943916508206,56.740875902527236
2013-11-02 00:00:00,54.0256734103835,55.29685297876105,57.309272595930196
2013-11-02 02:00:00,54.025674097952944,55.384260632313215,57.442040837450534
2013-11-02 04:00:00,54.81979526435188,55.384316561389724,57.69562779324298
2013-11-02 06:00:00,55.23645154878176,36.68543463638661,51.443806668953115
2013-11-02 08:00:00,54.025674033197575,15.924077043770307,43.18256170567588
2013-11-02 10:00:00,54.025674058743995,13.374147223728247,43.75845024688989
2013-11-02 12:00:00,54.02567386665264,10.824209201311163,44.23327584688469
2013-11-02 14:00:00,44.94162828212485,10.824210213383815,44.949640003708296
2013-11-02 16:00:00,19.237013883059298,12.773547328325773,44.18860745808732
2013-11-02 18:00:00,8.077385448794928,10.82421256427926,41.208984632078966
2013-11-02 20:00:00,4.079229185315346,9.000995258385057,35.35544853413636
2013-11-02 22:00:00,0.025533273799849647,2.6557779428168278,23.881367078669896
2013-11-03 00:00:00,0.0255306570789881,2.655778494781048,22.742893278640597
2013-11-03 02:00:00,0.02553060717196525,2.655776347539395,22.73190221516169
2013-11-03 04:00:00,0.0255306376528147,2.655776018378549,18.81583932188741
2013-11-03 06:00:00,0.025530554653694,2.655775263654858,14.57503023353755
2013-11-03 08:00:00,0.02553021248999205,2.6554464912877522,11.667626999328867
2013-11-03 10:00:00,0.0255302459388763,2.647800840571083,9.991114694607507
2013-11-03 12:00:00,0.0255302445762302,2.6557122087147325,6.952453829901733
2013-11-03 14:00:00,0.025530503585519747,2.656387873073778,8.563233048933778
2013-11-03 16:00:00,0.02553049425590125,11.04379991307717,10.68529345302077
2013-11-03 18:00:00,0.025530463900804302,11.099773380270243,10.679686164205098
2013-11-03 20:00:00,0.02553053451135755,11.027452472191886,10.771907490168616
2013-11-03 22:00:00,0.0255308286506238,11.027452999338706,10.748831782018438
2013-11-04 00:00:00,3.1048997916533194,11.099003129207217,11.28101563037334
2013-11-04 02:00:00,8.783562577224163,13.215043952403288,12.635343944866033
2013-11-04 04:00:00,11.909825670939341,15.823869322575659,13.604986515007894
2013-11-04 06:00:00,12.18857421761216,15.824196265755706,15.252326783899262
2013-11-04 08:00:00,10.161685534162977,13.295239701646071,15.797860480006944
2013-11-04 10:00:00,9.851638380410982,13.295206578969612,15.765240402345732
2013-11-04 12:00:00,9.851637899741796,13.29520572737485,16.54897807176929
2013-11-04 14:00:00,11.020100548861318,27.7824546340897,23.215317846559632
2013-11-04 16:00:00,11.320317417431301,55.195158400875854,31.371612097004334
2013-11-04 18:00:00,9.851638540194017,55.19989290182352,32.075421351771695
2013-11-04 20:00:00,9.851638206503507,55.175532088332105,32.01922610715078
2013-11-04 22:00:00,9.851638108546975,55.20943820271398,31.525087578321333
2013-11-05 00:00:00,9.85163862049017,55.20943876234451,30.07847059181732
2013-11-05 02:00:00,13.307478502764578,55.20943927945475,30.42252141437487
2013-11-05 04:00:00,17.154328292850202,55.209439516019316,30.919828861957818
2013-11-05 06:00:00,17.154330473977733,37.64487520133182,26.536283016713234
2013-11-05 08:00:00,13.873899945758392,17.575542075152235,20.05135051618897
2013-11-05 10:00:00,13.952039674309553,16.961525858203107,20.091170746541785
2013-11-05 12:00:00,14.09484748090167,15.934265784085353,25.080561438938922
2013-11-05 14:00:00,17.15425740698411,16.74269003135701,37.944020711955105
2013-11-05 16:00:00,17.154331114568556,16.74272781446115,41.3603411428089
2013-11-05 18:00:00,17.1543311669122,16.74270574625755,41.04754136461126
2013-11-05 20:00:00,16.58600818558176,16.584994455762562,40.77837551596065
2013-11-05 22:00:00,13.873898322632675,16.3352936805471,40.54367758265475
2013-11-06 00:00:00,11.963813548111286,16.19742246354897,39.882573975628105
2013-11-06 02:00:00,12.051176617046009,16.046168033114327,38.55048407413318
2013-11-06 04:00:00,13.588479495144814,16.56064621922529,37.97992251796509
2013-11-06 06:00:00,17.584629233680943,29.961359900346544,38.10932933292375
2013-11-06 08:00:00,25.89127608678198,50.27791271073287,40.8892041599139
2013-11-06 10:00:00,29.746552786254455,52.16569995734302,41.349232134740845
2013-11-06 12:00:00,36.68120986881567,54.19029814264864,45.41737212949438
2013-11-06 14:00:00,44.33238543457311,55.20761997975312,51.107750174274344
2013-11-06 16:00:00,44.91451486597826,55.207613457715894,52.495458432294285
2013-11-06 18:00:00,44.91451458036636,51.01189452682539,52.49545302239454
2013-11-06 20:00:00,44.83642400825458,45.229511667885234,52.38704587223263
2013-11-06 22:00:00,43.36795565290964,45.19577745018674,52.180959469563206
2013-11-07 00:00:00,36.3596514472556,45.19577503815558,47.27963805345158
2013-11-07 02:00:00,36.3596481423118,45.195775064422435,46.973181924338505
2013-11-07 04:00:00,36.264289230901475,45.19577531444213,46.570228351206445
2013-11-07 06:00:00,32.996297127455904,44.93372516300411,39.69786875513809
2013-11-07 08:00:00,29.63294547746348,33.21771597220862,32.340414290389624
2013-11-07 10:00:00,29.632945832950675,32.22937531546259,33.13584195127628
2013-11-07 12:00:00,29.632946418438795,32.229375212478075,33.47404676747733
2013-11-07 14:00:00,42.867949625025204,45.88089374328716,48.06401397409948
2013-11-07 16:00:00,53.62958356040108,57.21491391802337,57.561472263080404
2013-11-07 18:00:00,54.02567435192831,57.3970222934539,57.914560610236286
2013-11-07 20:00:00,54.02566540413413,56.68399190138288,57.99456458777239
2013-11-07 22:00:00,53.811256606222365,57.16429939096337,57.52607890333941
2013-11-08 00:00:00,54.022780517634956,56.74200346827422,58.156898243849625
2013-11-08 02:00:00,53.90999263479647,57.90428116385536,59.24720860640784
2013-11-08 04:00:00,54.02567454025338,58.353121333230234,59.721354400945046
2013-11-08 06:00:00,53.83321868442323,58.22495002988411,58.81801418198742
2013-11-08 08:00:00,46.44177722122195,55.75318828833049,55.63623295932596
2013-11-08 10:00:00,43.74584168711574,55.75318601137273,54.60052251932631
2013-11-08 12:00:00,49.87653386719796,55.92828909661461,56.34366071116396
2013-11-08 14:00:00,54.02567526475342,57.98244180100585,60.07511897214964
2013-11-08 16:00:00,54.02574684513294,58.4195910010572,60.46956081032299
2013-11-08 18:00:00,54.02575250455074,57.52190486410282,60.47584107932842
2013-11-08 20:00:00,54.02567578312751,55.928428308891675,60.45360174144733
2013-11-08 22:00:00,54.02567533974735,54.34936861832091,58.819908868171524
2013-11-09 00:00:00,48.65510765324697,50.78098671168424,54.766885581499764
2013-11-09 02:00:00,30.047102695381668,53.31619054994455,43.9551866397327
2013-11-09 04:00:00,0.0255306268571275,53.31619245961653,33.90944589179072
2013-11-09 06:00:00,0.02553056348523535,35.949235172959334,25.102874082814836
2013-11-09 08:00:00,0.0255303229355967,14.406402459625443,14.213340418630303
2013-11-09 10:00:00,0.0255303951858892,15.39586105869362,10.050491133463222
2013-11-09 12:00:00,0.02553069167660735,15.536730403860759,6.772680338297998
2013-11-09 14:00:00,10.506753663396852,54.09834980472246,21.042997003879638
2013-11-09 16:00:00,41.690771349555106,55.328833590200276,38.89572139397698
2013-11-09 18:00:00,44.93368377830343,55.753187898799425,42.29293453107119
2013-11-09 20:00:00,47.31819411538027,55.71549041027133,48.35154110236688
2013-11-09 22:00:00,50.34797455620266,55.753188812304415,52.265590194046595
2013-11-10 00:00:00,54.02567555375105,55.75319171232098,57.54551869932918
2013-11-10 02:00:00,54.02567599314442,57.00648364697876,59.33618081825193
2013-11-10 04:00:00,54.025676218659505,56.60415100933136,60.508785879299616
2013-11-10 06:00:00,54.02567023059903,54.8587201697555,61.06558981939263
2013-11-10 08:00:00,44.757590931690956,39.954312729745155,60.51341796835919
2013-11-10 10:00:00,43.739680217154344,38.8424139390644,60.345900143591265
2013-11-10 12:00:00,43.73968035869325,40.20768922836699,60.83708348388684
2013-11-10 14:00:00,46.104926191747516,54.85721279313301,61.704029602006045
2013-11-10 16:00:00,51.87646523649073,58.772017534584435,62.052779360727754
2013-11-10 18:00:00,52.615783348416244,58.77275150218176,62.0530657350436
2013-11-10 20:00:00,54.57228326550059,59.518517181375756,62.48856863887718
2013-11-10 22:00:00,55.48696656397547,59.66868179717757,63.64224668870097
2013-11-11 00:00:00,59.28796615866782,60.011142017886684,64.37889252160055
2013-11-11 02:00:00,64.82580378730218,64.10589044572633,66.77499878848374
2013-11-11 04:00:00,65.01222167429353,65.76768135963646,73.57319053510105
2013-11-11 06:00:00,43.36052492724227,44.09646887374428,71.0622921265277
2013-11-11 08:00:00,24.05335219200286,23.5861899405431,63.054097676376216
2013-11-11 10:00:00,21.516753089015047,23.586189137495374,62.74434104020831
2013-11-11 12:00:00,21.52389280123014,23.58620276157027,62.74434225986085
2013-11-11 14:00:00,26.5899515673934,51.00457907823588,64.82705718224148
2013-11-11 16:00:00,24.053352262549446,59.669727465835656,66.46041306231726
2013-11-11 18:00:00,21.516749613647114,59.24227004034148,65.19696208725787
2013-11-11 20:00:00,21.516747425119924,58.088882162750345,63.25622173277443
2013-11-11 22:00:00,21.516748880194868,58.08887413690948,62.575369155560765
2013-11-12 00:00:00,21.51675158305958,58.08887401227432,62.38155757901024
2013-11-12 02:00:00,21.51924934880241,58.088878096101396,62.54989501982587
2013-11-12 04:00:00,51.41836204717916,58.512695083894,62.82586538117097
2013-11-12 06:00:00,55.1189032849975,59.68150148003866,61.64656817168692
2013-11-12 08:00:00,55.11890764290314,58.08883583727151,57.158965348648344
2013-11-12 10:00:00,55.64690113822209,58.08902049336676,57.260596116489104
2013-11-12 12:00:00,55.64690263976085,59.495553829511856,58.75000502276514
2013-11-12 14:00:00,55.64690353360257,68.6625461724449,76.61567010080316
2013-11-12 16:00:00,55.646903913963015,76.5826042832995,87.06943088113269
2013-11-12 18:00:00,55.64690404305014,74.32017521572884,87.04463700138436
2013-11-12 20:00:00,55.64690393676264,71.3081765503242,84.65014033154154
2013-11-12 22:00:00,55.64690400075196,68.82769503083298,79.35977478970993
2013-11-13 00:00:00,55.646904819576605,68.82766421939839,79.35970244752602
2013-11-13 02:00:00,55.64690588040581,68.82769609353787,79.35972305657734
2013-11-13 04:00:00,55.741959306762176,69.28111132677148,79.62413312822815
2013-11-13 06:00:00,55.837010242567956,71.89838847811706,80.85385133289992
2013-11-13 08:00:00,55.83701068573177,59.289969623285074,74.26751853299521
2013-11-13 10:00:00,55.837011333082856,58.898431174142765,73.64217828143603
2013-11-13 12:00:00,55.83701181147447,59.25518225902415,74.15365355693072
2013-11-13 14:00:00,56.47114616416384,85.85147300270269,108.96952583205615
2013-11-13 16:00:00,55.83701252965615,113.68218066701274,132.37113306866158
2013-11-13 18:00:00,55.83701243147041,113.68208492454193,132.36977376422288
2013-11-13 20:00:00,55.83701234137232,113.4815079899061,132.30922077208425
2013-11-13 22:00:00,55.837011453695375,107.872270658731,128.17013843004509
2013-11-14 00:00:00,55.6469049456579,97.37743834500333,123.6383868361809
2013-11-14 02:00:00,55.646904244052344,92.56019505145163,122.58372870642276
2013-11-14 04:00:00,55.64690408391388,92.56015439837208,124.50905369462615
2013-11-14 06:00:00,55.646904049143316,82.27202352098716,119.6548717819795
2013-11-14 08:00:00,55.64690459460715,71.9839133102007,114.61504429094032
2013-11-14 10:00:00,57.01022799837223,71.9839130746137,114.89157167125761
2013-11-14 12:00:00,58.58047279164376,71.98391038238992,129.34319771496232
2013-11-14 14:00:00,58.580475068524194,71.98391435027764,189.3042075070335
2013-11-14 16:00:00,58.580475844689076,79.86793768855529,205.4659460887686
2013-11-14 18:00:00,58.58047628566982,75.55042263536168,209.8255625810013
2013-11-14 20:00:00,58.58047675731559,71.98391518081486,212.69545705862325
2013-11-14 22:00:00,58.58047740619368,71.98391548044404,211.60959784851076
2013-11-15 00:00:00,58.58047809061682,71.98391473203378,212.22576763703023
2013-11-15 02:00:00,58.58047864287147,71.98391553094777,216.41905148081526
2013-11-15 04:00:00,58.58047908129299,71.98394803773022,222.11550375698596
2013-11-15 06:00:00,58.58047967192863,71.98391236202866,216.8756281661685
2013-11-15 08:00:00,58.580479765214044,62.7466354680471,183.60835474536694
2013-11-15 10:00:00,58.58051213328466,62.746634875280705,183.46629446699282
2013-11-15 12:00:00,64.45129559846593,62.90820464062136,182.94476270716478
2013-11-15 14:00:00,104.11690071599526,84.3900053128565,195.28851453583368
2013-11-15 16:00:00,107.9274483189156,153.30063341665254,197.96427028945664
2013-11-15 18:00:00,107.92744816666121,153.3006377751701,193.49375954190987
2013-11-15 20:00:00,107.92744300989355,153.33073732922256,188.02585823343992
2013-11-15 22:00:00,87.846258411778,159.50728065177327,178.7651788434316
2013-11-16 00:00:00,87.40012494887314,159.5989978554232,178.30345742345344
2013-11-16 02:00:00,87.40012449063175,159.59902043227885,178.30225043646618
2013-11-16 04:00:00,87.4001244043761,159.59902398986844,178.27649483122156
2013-11-16 06:00:00,72.99030300785913,156.4498325962939,157.6665559235346
2013-11-16 08:00:00,58.580482088720665,153.30063724021466,136.2286791994523
2013-11-16 10:00:00,58.58048229779368,153.3006369403584,136.25755125494274
2013-11-16 12:00:00,58.5804825685237,153.300637299598,136.22868022778283
2013-11-16 14:00:00,58.58048290437057,156.2858021778871,138.77853629506882
2013-11-16 16:00:00,58.58048327958261,158.0837460814015,139.40835871365846
2013-11-16 18:00:00,58.58048371108069,158.0837331958525,139.40837786895037
2013-11-16 20:00:00,58.58048565373045,158.08373115478662,149.98844574394542
2013-11-16 22:00:00,75.0305747064718,158.08373079550216,158.97990327109176
2013-11-17 00:00:00,117.00208382299061,158.08376269891983,159.3999199147682
2013-11-17 02:00:00,161.86729206714608,172.47161527460236,167.10315267398906
2013-11-17 04:00:00,198.48839386495598,202.79519164754575,188.14720889847433
2013-11-17 06:00:00,209.26855437675428,210.95939539699327,196.0042163277129
2013-11-17 08:00:00,206.3861245173846,205.34775545821094,195.37613446490508
2013-11-17 10:00:00,206.4088141160376,205.42122915360102,203.64329045049607
2013-11-17 12:00:00,208.1705230124615,207.12618117318135,205.87352933295648
2013-11-17 14:00:00,219.77952303289595,216.73646485652114,224.86371582103158
2013-11-17 16:00:00,221.29843034973914,219.99624739013177,226.859141009901
2013-11-17 18:00:00,221.29838621111475,219.9961680871399,226.85913421610815
2013-11-17 20:00:00,215.62285074039636,213.47672780829004,223.94361514878767
2013-11-17 22:00:00,206.4088113448786,206.1338732151435,214.28415307152386
2013-11-18 00:00:00,206.40881154215288,205.42124065233668,211.30401349856572
2013-11-18 02:00:00,206.40881392670775,205.42124056924177,206.48048189300602
2013-11-18 04:00:00,211.03782624202512,209.91716568227437,210.31233251001106
2013-11-18 06:00:00,198.65550058435807,212.708710466463,202.83828186624947
2013-11-18 08:00:00,176.01264160074155,175.51153170180478,173.36690905438752
2013-11-18 10:00:00,176.01260128232013,175.51152066533206,175.19364641728512
2013-11-18 12:00:00,176.01256097079676,175.511506047715,175.1936363939567
2013-11-18 14:00:00,176.01264160203533,181.5950706212413,181.18649795331532
2013-11-18 16:00:00,174.1415928740701,184.31505564664636,182.91123871883832
2013-11-18 18:00:00,152.71792735978678,172.59078430128022,175.05404200172063
2013-11-18 20:00:00,78.11826999220641,172.25773251234733,172.41820691499174
2013-11-18 22:00:00,64.37595157480588,172.25773249779525,171.5809223369908
2013-11-19 00:00:00,64.37595092554207,172.25773248270565,171.56354005287406
2013-11-19 02:00:00,64.37594932681651,172.2577322826094,171.57682886996145
2013-11-19 04:00:00,64.37594825027647,172.2577321141107,172.14839733491544
2013-11-19 06:00:00,61.47822231670902,128.6162521180117,173.88580829479318
2013-11-19 08:00:00,58.58049958974422,69.30717460025922,171.14879610132044
2013-11-19 10:00:00,58.58050004298279,69.30716814522603,171.7107581096758
2013-11-19 12:00:00,58.58050039699048,69.30716766608383,172.85457354592694
2013-11-19 14:00:00,58.58050082113749,69.30716859496874,176.4907939895232
2013-11-19 16:00:00,58.58050136023119,69.30716964502739,177.24553153367987
2013-11-19 18:00:00,58.58050225987145,69.30716823482081,175.1885850615564
2013-11-19 20:00:00,59.53829446937398,69.30716775132362,172.4436058144787
2013-11-19 22:00:00,72.34766743890596,73.09589438426232,172.2154562917849
2013-11-20 00:00:00,65.13902129710209,70.7064902596929,172.2184161243337
2013-11-20 02:00:00,58.58050904367159,69.30716980409514,172.27663796936812
2013-11-20 04:00:00,58.58050554351778,70.5636005775967,172.4485635560506
2013-11-20 06:00:00,58.58050579466584,72.47583313942735,173.17955525234328
2013-11-20 08:00:00,58.580505452309836,69.30709936152245,164.9247648079641
2013-11-20 10:00:00,58.58050484865683,69.30710236980879,164.90710716512413
2013-11-20 12:00:00,58.580505502754235,69.30710362864374,167.25976304533066
2013-11-20 14:00:00,58.58050776608585,69.30715484293273,178.95011853659597
2013-11-20 16:00:00,58.580509100263576,69.3071624032404,176.16602209548267
2013-11-20 18:00:00,58.58050948266883,69.30716312728492,170.85752569273222
2013-11-20 20:00:00,58.580509115224004,69.30716749182025,170.17050027277816
2013-11-20 22:00:00,58.580507949731725,69.30722747486331,169.39484382672333
2013-11-21 00:00:00,58.58050785794251,85.31270149507195,168.5505742736699
2013-11-21 02:00:00,58.580509037569385,100.62731012285727,169.0005097005795
2013-11-21 04:00:00,58.58051346367306,100.62731695647906,175.5891410449666
2013-11-21 06:00:00,58.580515019471676,100.6273260183568,181.1407427044397
2013-11-21 08:00:00,58.58051574782887,81.98575072575917,173.31204070493524
2013-11-21 10:00:00,58.580516079689396,81.98574114934159,173.49403632365608
2013-11-21 12:00:00,58.58051767332347,81.98574031457585,174.44042144762966
2013-11-21 14:00:00,58.580519005521644,82.54095106824448,178.1350974724961
2013-11-21 16:00:00,58.58051999463693,85.33795355008628,175.5076694772403
2013-11-21 18:00:00,58.580520326236574,85.31267261311311,173.53184037755153
2013-11-21 20:00:00,58.58052099685004,83.80203800857299,170.52223904314957
2013-11-21 22:00:00,58.58052160975574,81.98577475340636,167.93013589659935
2013-11-22 00:00:00,58.580522329570286,81.98574351425235,167.93013270899223
2013-11-22 02:00:00,58.5805230884251,81.9857432381737,167.8438072285947
2013-11-22 04:00:00,58.580523929674,81.98574482133026,167.81642370014603
2013-11-22 06:00:00,58.58052519376021,82.54073236668178,167.16703211479756
2013-11-22 08:00:00,58.580526121061894,80.42966106021464,165.47422102154013
2013-11-22 10:00:00,58.58052683848952,78.21261672057551,165.96773683599275
2013-11-22 12:00:00,58.580527655989684,77.0626629288956,166.06782592488182
2013-11-22 14:00:00,58.58052895049755,80.4296270201693,168.00156331311229
2013-11-22 16:00:00,58.580530024935385,81.46802087467026,168.2540628941426
2013-11-22 18:00:00,58.580531071295006,81.46802303426782,168.21216974612184
2013-11-22 20:00:00,58.58053213033898,81.46802444372014,168.24827462896255
2013-11-22 22:00:00,58.65438368709023,81.46802570883483,174.2871477379431
2013-11-23 00:00:00,75.69568972683167,81.46802793245222,174.3761318924857
2013-11-23 02:00:00,92.45809865816689,82.41238898919897,175.35672431916498
2013-11-23 04:00:00,92.48901709144255,82.61012859175273,177.10365471239484
2013-11-23 06:00:00,92.48901689209333,82.61792032444001,176.5865899394708
2013-11-23 08:00:00,92.48901467747939,81.54642283968677,161.09644776393043
2013-11-23 10:00:00,92.48901216681114,81.46802855256698,160.88092186571828
2013-11-23 12:00:00,92.48901566638895,81.46802883445311,160.88092803652788
2013-11-23 14:00:00,92.48901627519126,82.0592648156055,164.74242772059296
2013-11-23 16:00:00,92.48901529538654,82.2199571707848,166.8364589907927
2013-11-23 18:00:00,75.52289547201673,81.4680323847696,164.42145437064082
2013-11-23 20:00:00,58.81076799418048,81.46803553858973,160.3991919956243
2013-11-23 22:00:00,58.58054986224312,82.15434999650009,160.38649752022772
2013-11-24 00:00:00,58.58054882549253,81.46803939676535,160.38889636156182
2013-11-24 02:00:00,58.58054953854141,81.46803497523402,160.39535773883802
2013-11-24 04:00:00,58.58055020150401,81.46803353297457,160.40255997367044
2013-11-24 06:00:00,58.58055130464049,78.20237194450999,121.48903980272078
2013-11-24 08:00:00,58.580549789494235,74.93669833709835,84.63655849603941
2013-11-24 10:00:00,58.58054980376447,74.93669776225457,84.69789296907088
2013-11-24 12:00:00,58.58055081757742,74.936698132981,85.00884957545702
2013-11-24 14:00:00,58.58055414087059,74.93670663978246,85.412899239075
2013-11-24 16:00:00,58.5805583525148,75.76755724792622,88.0711327596661
2013-11-24 18:00:00,58.58055975797037,76.5983148674977,90.50764235335521
2013-11-24 20:00:00,58.5805609900855,76.59832351645758,92.26261022490911
2013-11-24 22:00:00,58.580562169365145,76.59832913483555,96.19291415706985
2013-11-25 00:00:00,58.58056334794779,76.59833909699928,93.04058095976646
2013-11-25 02:00:00,58.58056462964046,77.12809006319638,94.21154834342155
2013-11-25 04:00:00,58.58056615252818,79.70063856309798,105.16336817344572
2013-11-25 06:00:00,58.58056771444449,86.8384835090526,105.12836937661885
2013-11-25 08:00:00,58.58056819414214,76.59834129040425,81.5051898738187
2013-11-25 10:00:00,58.58056885206316,76.59833550620291,78.81605504230723
2013-11-25 12:00:00,58.58056957961895,76.59834257135955,84.00171639970168
2013-11-25 14:00:00,58.58057270962178,111.43753981418979,123.15923497438662
2013-11-25 16:00:00,58.58057446882555,146.2931357252719,148.99943393019993
2013-11-25 18:00:00,58.58057558687797,146.2931360262791,149.61917548236633
2013-11-25 20:00:00,58.58057656749544,146.29313681565282,150.31486911240341
2013-11-25 22:00:00,58.58057758962767,146.29313767849925,150.1298540850479
2013-11-26 00:00:00,58.58057876116531,146.2931429327694,150.02430169800334
2013-11-26 02:00:00,58.580586126513566,146.29314342337113,157.70862248592394
2013-11-26 04:00:00,82.24707359954473,146.58415008622302,163.76138095786382
2013-11-26 06:00:00,144.94494531215292,152.90580978364147,168.2786591756124
2013-11-26 08:00:00,138.7030725038765,146.87515374102912,148.6713736695896
2013-11-26 10:00:00,137.9735574738076,146.87514756069655,145.45842444251244
2013-11-26 12:00:00,143.93713705299908,153.11052876102096,155.20620604926467
2013-11-26 14:00:00,167.6777186929292,176.55413794152724,182.55459293132282
2013-11-26 16:00:00,169.04814382399638,176.5002683764559,187.2711120096814
2013-11-26 18:00:00,169.048143424633,174.78800393376468,188.61991637022146
2013-11-26 20:00:00,169.04814301318618,176.98943128072915,185.1731160180803
2013-11-26 22:00:00,149.65518626307153,162.67433857545507,170.04883720837336
2013-11-27 00:00:00,136.90788797215612,157.32809348621436,163.3319788962272
2013-11-27 02:00:00,136.90788668951487,157.32809127045323,162.99619807421806
2013-11-27 04:00:00,133.61566024519988,157.572924150139,164.31391638760363
2013-11-27 06:00:00,113.33476308408646,151.8325188001296,144.1168246530931
2013-11-27 08:00:00,72.68584054560077,120.85018740617217,98.40420013895863
2013-11-27 10:00:00,72.68583311692996,101.57397162902237,79.71412121209369
2013-11-27 12:00:00,72.68583316576085,107.40937491708084,90.20130384668313
2013-11-27 14:00:00,72.68583605555001,171.99660432093833,127.83566034519068
2013-11-27 16:00:00,89.76165555535621,188.43905439423582,133.8618449433167
2013-11-27 18:00:00,89.76165588055215,188.43905583745163,133.49470800209835
2013-11-27 20:00:00,89.76165554552136,188.4390561486572,131.82684217911802
2013-11-27 22:00:00,72.68583657704448,190.02839777359554,129.7017239203891
2013-11-28 00:00:00,72.68583384403277,188.43915287300018,129.70878135057686
2013-11-28 02:00:00,72.6858334926725,191.44327714173713,129.7028347896251
2013-11-28 04:00:00,72.68583337047619,201.71706051828116,130.9359071808879
2013-11-28 06:00:00,65.63322170830006,213.0959156192662,130.3309488347574
2013-11-28 08:00:00,58.580610532024686,208.6742350586091,127.40319308608674
2013-11-28 10:00:00,58.58061112023067,204.2730606655892,128.69604000473004
2013-11-28 12:00:00,58.580611585459806,205.67474142448333,127.27924749418091
2013-11-28 14:00:00,58.580612054087155,212.75691313460158,127.52106893706872
2013-11-28 16:00:00,58.58061253191339,212.87377402924588,127.72825270867628
2013-11-28 18:00:00,58.58061311200393,212.87377403260967,129.38524762903535
2013-11-28 20:00:00,58.580613844325555,212.873743153177,128.67788202431387
2013-11-28 22:00:00,58.58061460671393,196.66329016531785,135.75266449112326
2013-11-29 00:00:00,58.58061451977807,190.56160756986586,139.90545840604557
2013-11-29 02:00:00,58.5806147038125,190.56160752929023,142.2443854657025
2013-11-29 04:00:00,58.580615123301925,190.56160769965987,144.31605269995674
2013-11-29 06:00:00,43.94285403665222,120.52755808341887,123.56542228736882
2013-11-29 08:00:00,23.716017075287667,43.65825685669532,86.08813348108399
2013-11-29 10:00:00,11.870773509214285,22.022426295350304,73.31449628581598
2013-11-29 12:00:00,0.025531013668280547,2.6570103421964637,67.91791702614474
2013-11-29 14:00:00,0.0255313416711064,2.657002928018332,69.10710229577293
2013-11-29 16:00:00,0.02554966246900585,2.656988584295495,63.093350781638236
2013-11-29 18:00:00,0.0275862604168285,2.6570028363817464,66.63553598300703
2013-11-29 20:00:00,0.0275914024975336,2.6570113971048546,63.916422524651466
2013-11-29 22:00:00,0.958490541485673,3.6650562416466803,68.73245287897205
2013-11-30 00:00:00,23.773784434423412,33.605183018107525,74.87982873916926
2013-11-30 02:00:00,29.22820869088556,41.413269941171286,86.11346984538707
2013-11-30 04:00:00,37.536545399841884,44.01880643700795,89.560366280827
2013-11-30 06:00:00,53.799414397685815,57.51182351721161,96.47871732733668
2013-11-30 08:00:00,55.625676326729575,60.09525524283456,93.73670097364842
2013-11-30 10:00:00,56.72509593152306,61.430995264316834,92.78875377510286
2013-11-30 12:00:00,58.58062680899346,63.06995313879818,99.18255987428111
2013-11-30 14:00:00,58.58062803577886,86.24355088653721,105.81942130705173
2013-11-30 16:00:00,58.5806286771828,87.1412355486371,107.58697811965503
2013-11-30 18:00:00,58.58062911748459,87.14169180313749,104.36949600233652
2013-11-30 20:00:00,58.58062961496634,87.05320978175138,103.10411317993356
2013-11-30 22:00:00,58.58063009873783,86.94333164287355,102.06724816739218
2013-12-01 00:00:00,58.58063057666851,87.02107455360286,102.15197828868199
2013-12-01 02:00:00,58.580630990445336,86.43129931950665,101.79091809082081
2013-12-01 04:00:00,58.5806313906975,86.02049831605906,101.20985016007907
2013-12-01 06:00:00,58.58063189254233,77.65362621398035,84.65999581344337
2013-12-01 08:00:00,58.58063169397137,65.70327293910039,64.69785418497307
2013-12-01 10:00:00,58.580632253798385,65.4040408702684,53.16521192786847
2013-12-01 12:00:00,58.58063324791907,68.5271327924255,60.36066524956542
2013-12-01 14:00:00,58.58063381400395,180.4574937416014,110.00153999113218
2013-12-01 16:00:00,58.58063419195055,191.08553085269727,123.44817492696382
2013-12-01 18:00:00,58.58063453154532,187.43826905522258,131.26219737114025
2013-12-01 20:00:00,58.580635060299755,183.66329231002206,137.54887511685828
2013-12-01 22:00:00,58.58063595019719,183.52769873013239,158.90729590840368
2013-12-02 00:00:00,79.48307117967029,185.71514330533233,179.8257312984607
2013-12-02 02:00:00,182.5845871934808,195.6405540511313,192.96760507580302
2013-12-02 04:00:00,211.1227585394249,211.0457605941604,210.71049518431983
2013-12-02 06:00:00,223.14026769280872,213.47671635611437,211.40206092670792
2013-12-02 08:00:00,201.2459149175932,191.5213801610642,175.42024765787215
2013-12-02 10:00:00,182.69765679957035,180.17359388678523,169.91375652514
2013-12-02 12:00:00,183.2654420669983,180.17359448944472,170.19739921604372
2013-12-02 14:00:00,210.12195627302216,205.8921932346737,200.0948752891024
2013-12-02 16:00:00,223.14026476809522,213.47672013874075,211.28172295103585
2013-12-02 18:00:00,220.16053281099767,213.4767187751362,209.30987674523942
2013-12-02 20:00:00,207.38621862992926,209.71891133633764,205.6369796999602
2013-12-02 22:00:00,195.84384225326693,202.26123265332933,192.3264123589289
2013-12-03 00:00:00,195.74734984521808,202.2761185064498,191.69825865094168
2013-12-03 02:00:00,198.71879835344703,205.14229463968144,195.45855453242856
2013-12-03 04:00:00,207.1711581293905,209.28058697355513,206.23531777733893
2013-12-03 06:00:00,173.55596540905526,195.61187372246047,189.03606418381145
2013-12-03 08:00:00,133.26785616347362,139.2829011272684,138.57168362501562
2013-12-03 10:00:00,109.84396210165956,132.76564633392073,135.65813554319294
2013-12-03 12:00:00,109.84396281354304,133.07810041268363,136.93211671729023
2013-12-03 14:00:00,123.50814287648068,159.4436089001187,169.79324666942944
2013-12-03 16:00:00,135.63588744776433,170.27243610929708,171.52582617493107
2013-12-03 18:00:00,135.63588045152102,174.03065831048366,170.86858177573805
2013-12-03 20:00:00,75.36316389442302,163.1995561975667,166.9638840846979
2013-12-03 22:00:00,58.58064119351984,148.85622047906617,156.37970512562896
2013-12-04 00:00:00,58.58064067414408,148.23091971239958,154.4832258366269
2013-12-04 02:00:00,58.580639572873636,148.5079319548227,153.07041271803473
2013-12-04 04:00:00,58.58063337733713,148.23090374207493,140.49733086952898
2013-12-04 06:00:00,50.571998048732894,113.04277172479992,113.72645666911089
2013-12-04 08:00:00,36.07961106608981,65.05280549890742,66.50898588313896
2013-12-04 10:00:00,34.83291927703044,63.069888112617804,56.24039234928091
2013-12-04 12:00:00,34.45528390215627,63.852866811677536,66.26439384460804
2013-12-04 14:00:00,37.722738347047894,66.36350460082738,77.7609933953361
2013-12-04 16:00:00,42.56343679620263,69.15963953219006,79.23494045064263
2013-12-04 18:00:00,42.56344435243051,70.12981515556038,79.66331492948059
2013-12-04 20:00:00,35.96269839532917,66.92521036818016,78.85319263716673
2013-12-04 22:00:00,34.45528434410804,66.09042358618005,77.25243262277473
2013-12-05 00:00:00,34.45528308019807,66.27197419737749,73.40274974459831
2013-12-05 02:00:00,34.45528234847539,65.5715915084449,71.1290637093536
2013-12-05 04:00:00,21.713917872880526,62.41602082232515,69.2113736777728
2013-12-05 06:00:00,0.038109041042327096,34.762000191547514,53.988905487460045
2013-12-05 08:00:00,0.037802616875898254,2.6680664272005243,28.736270884941245
2013-12-05 10:00:00,24.583205371270928,21.4514446449746,26.726885382798635
2013-12-05 12:00:00,25.101562384377043,11.407348023655484,29.327586608695405
2013-12-05 14:00:00,30.375693792314138,2.849955767787188,30.496533642359886
2013-12-05 16:00:00,30.16617673104401,2.905698005730186,32.79926152891831
2013-12-05 18:00:00,30.375693909055865,2.9056977113390907,32.56623753623606
2013-12-05 20:00:00,16.7778778697035,2.656315319855997,30.588010759733805
2013-12-05 22:00:00,0.028423470609619902,2.657010997506044,31.791480892158226
2013-12-06 00:00:00,0.02842552103149305,2.6570115045277385,28.432208968283994
2013-12-06 02:00:00,0.02842287176448535,2.657008539832491,24.13429993146537
2013-12-06 04:00:00,0.025530924384213248,2.657009241032566,24.09935448746141
2013-12-06 06:00:00,0.0255315720649507,18.914662057181626,24.092403648886055
2013-12-06 08:00:00,0.025530274292095548,33.16431034234479,5.858959395861865
2013-12-06 10:00:00,0.02553023057419985,30.137638056957332,5.637785937551146
2013-12-06 12:00:00,0.02553027168392665,37.026768572057186,13.746603471190655
2013-12-06 14:00:00,0.02553025799714585,58.010273901247864,24.401342333697805
2013-12-06 16:00:00,0.02553042768446525,60.18482088242126,29.55893998660502
2013-12-06 18:00:00,0.025530537607511998,60.18484280863714,31.558498365129587
2013-12-06 20:00:00,0.03180548118236495,61.69993643793755,31.8835243161692
2013-12-06 22:00:00,16.67409565113597,61.58079604839868,35.02191949968939
2013-12-07 00:00:00,24.887527658091333,61.799057280511335,38.43742301415048
2013-12-07 02:00:00,35.79029187630102,62.991908958643435,41.1320374954202
2013-12-07 04:00:00,57.65489835932249,63.06988103951957,43.45559322979335
2013-12-07 06:00:00,58.580494147033136,63.06988266579671,45.253020393424734
2013-12-07 08:00:00,58.58049476268056,62.50601459065604,50.83938097407246
2013-12-07 10:00:00,58.580495231759414,61.580797177029666,62.43961821960565
2013-12-07 12:00:00,58.58049558608326,61.59530727154524,63.209767949922266
2013-12-07 14:00:00,58.58049622307144,64.5469653407533,72.81986149404716
2013-12-07 16:00:00,58.58049671270399,68.97944742780341,78.9641410675411
2013-12-07 18:00:00,58.58049714471049,68.87094153826645,79.11478770167795
2013-12-07 20:00:00,58.58049747885272,68.5647714072598,79.33955216216509
2013-12-07 22:00:00,53.71572002333407,64.95978368814576,76.69298089914412
2013-12-08 00:00:00,47.42909783434092,61.58079820153555,73.34660732508621
2013-12-08 02:00:00,47.42909721653169,61.58079807010806,73.15689043178986
2013-12-08 04:00:00,47.42909672958467,61.58079799570225,73.46242279997949
2013-12-08 06:00:00,36.166669643274815,54.81859627810301,68.39572290071811
2013-12-08 08:00:00,24.904237113570804,36.677106621890616,49.02317971353008
2013-12-08 10:00:00,12.466343504753603,16.27361796601775,34.670243940976995
2013-12-08 12:00:00,0.0265265579215061,2.657006543629687,32.32141551175725
2013-12-08 14:00:00,0.0255320514440196,2.65701087543485,39.838239074917134
2013-12-08 16:00:00,0.0255345487977634,2.6570091716610227,43.28354265272005
2013-12-08 18:00:00,0.0255324327385205,2.657008868601376,43.28354268094827
2013-12-08 20:00:00,0.02553163918586765,2.6570080478168903,43.28385376909105
2013-12-08 22:00:00,0.02758250971283395,2.657009788503866,46.75095129994101
2013-12-09 00:00:00,0.025533026612049897,2.6605417645636282,49.28340832733968
2013-12-09 02:00:00,0.02554997272887755,10.122946760332175,50.656782932038894
2013-12-09 04:00:00,0.02553114008740055,19.82190648348284,52.971015830952204
2013-12-09 06:00:00,0.025532401788188552,54.7414638698841,53.168370912262695
2013-12-09 08:00:00,4.499041302151991,53.68957383980528,40.2708086427364
2013-12-09 10:00:00,29.233991812358042,52.637526609154605,54.74523338969741
2013-12-09 12:00:00,46.70958457508223,56.30582026309878,66.58514148352751
2013-12-09 14:00:00,58.58051189409965,107.07661681124729,111.84061468555225
2013-12-09 16:00:00,58.58051341547681,155.49628069346187,157.59972808227656
2013-12-09 18:00:00,58.580514149372895,158.4092798108128,163.04053399913644
2013-12-09 20:00:00,58.58051483865843,157.6632595566092,164.7887226918155
2013-12-09 22:00:00,58.580516186862226,159.78897596678604,167.04632402790608
2013-12-10 00:00:00,58.58051636801488,158.75782587586212,170.2844797465932
2013-12-10 02:00:00,58.58051691292493,159.00799271220896,171.000055986674
2013-12-10 04:00:00,58.580517579234126,161.3309085256081,172.60659462590044
2013-12-10 06:00:00,58.580518328003116,131.83701933839083,169.69406985902276
2013-12-10 08:00:00,58.58051786202485,90.98340836342324,139.74214074827404
2013-12-10 10:00:00,58.58051603509773,81.69653227712791,139.482334532092
2013-12-10 12:00:00,58.5805181204709,82.17936167018732,139.8189157243676
2013-12-10 14:00:00,58.58052220064404,135.60288273080957,193.86278137671349
2013-12-10 16:00:00,58.58052315915278,180.25851502263802,197.01966114737655
2013-12-10 18:00:00,58.58052386255439,180.25849335587566,192.11176953650184
2013-12-10 20:00:00,58.58052449745911,180.2584786876837,190.149220744057
2013-12-10 22:00:00,58.58052522503698,180.25847698819643,190.1492151743641
2013-12-11 00:00:00,58.58052604916293,180.25847147047597,190.14921733202212
2013-12-11 02:00:00,60.153478632670925,180.25846995895498,190.35497879341406
2013-12-11 04:00:00,64.73416801448656,180.25846963668045,195.92022180981263
2013-12-11 06:00:00,68.07819728487283,141.07665771993408,198.15563505138
2013-12-11 08:00:00,63.26876838345286,86.85661918552276,193.67737912983264
2013-12-11 10:00:00,58.58053002248788,68.44076794749455,193.81655590769444
2013-12-11 12:00:00,58.58053052887227,79.40633940088235,194.85659329948732
2013-12-11 14:00:00,58.58055083899072,124.88244326075441,204.44298295283056
2013-12-11 16:00:00,58.58058975102848,163.06528662498283,203.03146020765445
2013-12-11 18:00:00,58.58053276499771,152.17273140407295,200.93503702553312
2013-12-11 20:00:00,58.580532007214195,152.1727049941371,198.72591786656588
2013-12-11 22:00:00,58.58053182770432,151.14128972214462,199.0983110574491
2013-12-12 00:00:00,58.58053166731926,150.10987690420356,197.20866894248582
2013-12-12 02:00:00,58.580531617754325,150.10987496459828,197.20649035010342
2013-12-12 04:00:00,58.580531905516416,150.10990427081848,198.73678387533715
2013-12-12 06:00:00,58.580532374455174,152.17981708613294,191.11110045666308
2013-12-12 08:00:00,58.58053115454713,145.18135142040444,170.003966290121
2013-12-12 10:00:00,58.580530931342714,133.56925061797182,170.85973354730547
2013-12-12 12:00:00,58.580529927092016,124.74096678648297,166.5579141906634
2013-12-12 14:00:00,58.58053196490883,154.61836917458814,173.83760592407864
2013-12-12 16:00:00,58.580531961877014,154.13306396231343,167.9154303711067
2013-12-12 18:00:00,58.58053182062174,152.1723564793245,159.783656259023
2013-12-12 20:00:00,58.58053149435557,152.171997448049,152.83907388238163
2013-12-12 22:00:00,58.58053129613323,152.17199756308855,166.85630699432343
2013-12-13 00:00:00,58.580531188656536,152.17199811668877,166.85630562834012
2013-12-13 02:00:00,58.58053112648345,152.17204469180618,166.85635125100808
2013-12-13 04:00:00,58.58053117767281,164.75761039833066,173.22805874898776
2013-12-13 06:00:00,58.58053121442512,139.55297270112987,176.82990556449434
2013-12-13 08:00:00,58.58052659823311,100.63856933852847,165.9958830079411
2013-12-13 10:00:00,58.58047707099442,83.70733628250649,160.3285664410878
2013-12-13 12:00:00,58.580475993244434,87.09535517669102,170.06117192343464
2013-12-13 14:00:00,58.58051878728328,101.25219172607297,188.68921028416696
2013-12-13 16:00:00,58.58051811146866,110.93926874559611,189.71519425391904
2013-12-13 18:00:00,58.58051107370419,103.11526720578084,188.54691910884088
2013-12-13 20:00:00,58.58044297163881,92.81481028053167,176.01094514215274
2013-12-13 22:00:00,58.5804350756855,90.33842647964826,167.93314920536625
2013-12-14 00:00:00,58.58043367223955,90.33842610515396,167.32378682576137
2013-12-14 02:00:00,58.58043363209157,90.33842659759856,167.31321296807897
2013-12-14 04:00:00,58.580433378769186,90.33842874563283,167.3284956108178
2013-12-14 06:00:00,51.83671175805772,72.04479898218645,138.24180777005563
2013-12-14 08:00:00,45.09299061921065,48.268199017372666,94.36137411628906
2013-12-14 10:00:00,44.23264493368209,44.01605445552016,93.24364018864443
2013-12-14 12:00:00,38.85907171779086,44.01605353340817,94.66088972353305
2013-12-14 14:00:00,44.23551074835786,46.8981614985738,99.94418571051679
2013-12-14 16:00:00,40.9877718880586,47.78528481841194,100.13009158499241
2013-12-14 18:00:00,25.838776570617803,43.379926069798856,99.5541355397107
2013-12-14 20:00:00,4.499042976745394,7.513517125702546,84.8862417829423
2013-12-14 22:00:00,0.025530619879314598,2.65594015842412,74.64748514225262
2013-12-15 00:00:00,0.02553056868234985,2.655956704320129,74.5011959626816
2013-12-15 02:00:00,0.02553055205581905,2.655981892994454,74.62231290659489
2013-12-15 04:00:00,0.0255307005861048,4.945389427437772,65.88182948283514
2013-12-15 06:00:00,0.02553264483456445,20.36712852151807,52.716884536478986
2013-12-15 08:00:00,0.0318387330990203,15.14734828904809,34.05739458626306
2013-12-15 10:00:00,14.629358373657432,18.145083886528113,30.52470246349772
2013-12-15 12:00:00,25.91369152072049,29.704433300367818,51.991095299259015
2013-12-15 14:00:00,25.925721746720605,34.63657742964993,66.35228937353483
2013-12-15 16:00:00,25.937731690440934,32.245411756603346,66.05226941129607
2013-12-15 18:00:00,6.2210619314156945,11.510462479488506,59.103257374437305
2013-12-15 20:00:00,0.025531225404476603,2.6557848072239842,53.40018699717761
2013-12-15 22:00:00,0.025530813955935948,2.655780302421044,52.125633191138256
2013-12-16 00:00:00,0.025530815262975,2.6557789257199866,49.74486561151997
2013-12-16 02:00:00,0.02553073244781265,2.6557793894394397,43.41913839020954
2013-12-16 04:00:00,0.0255307616593042,2.6557792157140576,43.67668018974954
2013-12-16 06:00:00,0.025530693918219098,2.6557812470269244,37.436646490065755
2013-12-16 08:00:00,0.02553053977877525,2.6506181455319604,15.462554775874649
2013-12-16 10:00:00,0.0255303824591047,2.6454612922255816,5.378114914050762
2013-12-16 12:00:00,0.025530487549377798,8.795422546043891,7.481934668262522
2013-12-16 14:00:00,0.0318139975645475,36.26745095466567,37.95283984266189
2013-12-16 16:00:00,0.025531401758717702,59.030250176792606,45.508761585123224
2013-12-16 18:00:00,13.110106398329755,59.39042440847811,47.97685554601688
2013-12-16 20:00:00,53.53245301998501,59.39042591338589,57.6919038401508
2013-12-16 22:00:00,58.580400068776164,60.318919597231364,75.26669781475917
2013-12-17 00:00:00,58.580400638278746,60.31893085791245,79.10273665564561
2013-12-17 02:00:00,58.58040113770879,60.319113820833145,81.07810467290957
2013-12-17 04:00:00,58.58040168321003,63.06982240754742,81.58264055418783
2013-12-17 06:00:00,58.77366086577349,64.24523774223402,78.82151451237505
2013-12-17 08:00:00,62.39879904907578,63.907604016896485,68.51746101861599
2013-12-17 10:00:00,61.54594200294916,63.069829463818415,68.55748257775201
2013-12-17 12:00:00,76.25796567579411,68.63232396367681,76.17425015514624
2013-12-17 14:00:00,110.98215887608005,89.68032107508868,172.5563993139728
2013-12-17 16:00:00,110.98215907715695,89.68032759532214,188.681175325225
2013-12-17 18:00:00,110.98215874671524,89.68032732717492,189.66793780920625
2013-12-17 20:00:00,100.4282923790868,85.87059442165767,189.18951273849146
2013-12-17 22:00:00,58.58040764620901,73.11866724940734,187.48193632253913
2013-12-18 00:00:00,58.58040715516594,73.11866716651232,174.02068765700017
2013-12-18 02:00:00,58.58040716929456,73.11866615026473,169.6389219434989
2013-12-18 04:00:00,58.58040489636198,68.09424731498126,140.48995140208086
2013-12-18 06:00:00,41.32171955204521,50.79939274730203,115.56041322356364
2013-12-18 08:00:00,26.340421395900158,38.051191926061044,84.2875786716481
2013-12-18 10:00:00,26.34043469403855,39.89613955449383,73.74904298632518
2013-12-18 12:00:00,26.349599789576857,38.82219818995206,82.43540189595333
2013-12-18 14:00:00,26.367927665645432,42.2096910307057,91.90987005031657
2013-12-18 16:00:00,26.377084645450708,34.97131035884563,89.72192834104354
2013-12-18 18:00:00,9.803457802760219,10.553080791189782,81.144425652635
2013-12-18 20:00:00,0.02612822523574595,2.655797365738306,74.30149933475896
2013-12-18 22:00:00,0.0255323192988682,2.6557842106734237,72.2482611060585
2013-12-19 00:00:00,0.02553072631493375,2.6557822431790186,67.72303120827476
2013-12-19 02:00:00,0.0255305753453668,2.655785091505056,60.927046617564194
2013-12-19 04:00:00,0.02553060120294525,2.6557952421206936,59.95187901319928
2013-12-19 06:00:00,0.025531444197483898,2.672923456058797,60.29254313763545
2013-12-19 08:00:00,1.3257387684811146,6.991363296689975,56.76963721484247
2013-12-19 10:00:00,0.0351422903457323,2.666444426429507,55.39441350278881
2013-12-19 12:00:00,17.736071326133782,21.102828300525143,70.91657222667558
2013-12-19 14:00:00,41.79075495878645,53.59237834534987,93.74104708161872
2013-12-19 16:00:00,45.66274408373815,57.810470119090304,98.11680603143986
2013-12-19 18:00:00,45.66274384131114,56.75170212454488,98.13658008218128
2013-12-19 20:00:00,45.02003283622362,55.95427317447202,98.08543826838383
2013-12-19 22:00:00,39.06325595140993,52.8112842351415,97.11324192688102
2013-12-20 00:00:00,36.9657144103177,51.157156190110015,97.05024408727851
2013-12-20 02:00:00,36.96571342566796,51.157154055381454,98.61718277329375
2013-12-20 04:00:00,36.96571409379462,51.56431043984446,98.70073907872867
2013-12-20 06:00:00,25.22704033860865,44.693392625894404,98.46465950768456
2013-12-20 08:00:00,12.196414860999564,31.304951079563615,90.13077226902804
2013-12-20 10:00:00,9.938504781710066,2.6558294626824477,85.88238431803819
2013-12-20 12:00:00,0.0333526791007056,2.655794618726156,77.23642363953749
2013-12-20 14:00:00,0.04877266676549705,2.6804689382264435,76.34678657987462
2013-12-20 16:00:00,0.0497875803113775,2.681060068567157,68.0966264968942
2013-12-20 18:00:00,0.025531615281411152,2.6570076430275478,65.46333865702584
2013-12-20 20:00:00,0.02553064959460755,2.6558229993252165,65.16207932762562
2013-12-20 22:00:00,0.025530514489302047,2.6557839653828337,65.00404863314546
2013-12-21 00:00:00,0.0255304858801618,2.6557826215092764,65.00404980380691
2013-12-21 02:00:00,0.02553047787793545,2.6557817124099588,65.00407928102297
2013-12-21 04:00:00,0.02553047236544665,2.6557808645067267,65.00950303106897
2013-12-21 06:00:00,0.02553047278112685,2.6557783145525633,48.41197284951053
2013-12-21 08:00:00,0.02553050943921705,2.655775352488122,27.650287429914446
2013-12-21 10:00:00,0.025530420762907,2.655774786429034,23.89056648218979
2013-12-21 12:00:00,0.025530416956529647,2.6557750001523717,26.450518164020515
2013-12-21 14:00:00,0.02553046352781555,2.6557760777684787,28.431550751565062
2013-12-21 16:00:00,0.0255304912799618,2.655777225516509,29.516789764508033
2013-12-21 18:00:00,0.02553051460194495,2.6557764595957685,29.222367989771936
2013-12-21 20:00:00,0.02553319961437745,2.655775568178763,27.618285454162237
2013-12-21 22:00:00,0.025530583970159802,2.6557754728791476,26.772362357183503
2013-12-22 00:00:00,0.0255305602905548,2.6557755012475983,26.770224552020082
2013-12-22 02:00:00,0.02553057210872425,2.655775582149498,26.77388628245414
2013-12-22 04:00:00,0.02553060104064585,2.6557759219961423,26.78255943194895
2013-12-22 06:00:00,0.025530616814968453,2.655776011704357,26.15504446829207
2013-12-22 08:00:00,0.02553055091977395,2.6557752948814706,21.63210133124566
2013-12-22 10:00:00,0.0255304964933359,2.6557740196972626,9.080869090188918
2013-12-22 12:00:00,0.02553044959519695,2.655774586009512,14.264967251610454
2013-12-22 14:00:00,0.02553055448371945,2.655775280831403,24.554935287107853
2013-12-22 16:00:00,0.025530760892265497,2.655775503372923,24.859320178810435
2013-12-22 18:00:00,0.0255314817800291,2.655775465590837,24.858244405836523
2013-12-22 20:00:00,0.025531285655726647,2.6557757083576927,24.858197745808784
2013-12-22 22:00:00,0.025532097669991552,2.6557795070629995,24.659263302365247
2013-12-23 00:00:00,0.0255453690202276,2.656255299049395,24.458182180102497
2013-12-23 02:00:00,0.02748071716583635,2.6566402147149137,24.52429120480468
2013-12-23 04:00:00,0.027596622081407653,2.657010635214418,25.76929730170417
2013-12-23 06:00:00,0.0381093231331956,2.6684079178012947,25.773314975092248
2013-12-23 08:00:00,0.02656163198451425,2.6563909819039715,21.00257796885994
2013-12-23 10:00:00,0.025530419953002252,2.6557733477711785,6.53445117283384
2013-12-23 12:00:00,0.0255304435996272,2.6557742232769646,8.949820471165367
2013-12-23 14:00:00,0.025530662565871998,2.6560146158200393,23.702322206801007
2013-12-23 16:00:00,14.070734652557686,2.6566796706620677,25.483559427341014
2013-12-23 18:00:00,27.13011032313045,2.6562566919907837,24.62851583725972
2013-12-23 20:00:00,24.573679159951674,2.6561112330198124,24.225189354122428
2013-12-23 22:00:00,0.0264043470096665,2.6557765484217186,23.86405347853153
2013-12-24 00:00:00,11.018594608029145,2.6597452581129737,23.88782485664524
2013-12-24 02:00:00,27.18044015509559,2.6664717149916193,23.865897190490486
2013-12-24 04:00:00,27.19303724964626,2.656018130466528,23.86507760999634
2013-12-24 06:00:00,14.125270339309216,2.655786480117256,23.641213886856153
2013-12-24 08:00:00,0.0272225936918069,2.6557762989225613,11.28785201719742
2013-12-24 10:00:00,0.02553056134310015,2.655774633176221,5.463225684335421
2013-12-24 12:00:00,0.02553049121161595,2.6557746640826734,5.6388501254677825
2013-12-24 14:00:00,0.0255305073141881,2.655775592647678,23.57541372645697
2013-12-24 16:00:00,0.025530608034527648,2.6557765621498235,23.835642497737354
2013-12-24 18:00:00,0.028217387198300102,2.6564172125590577,23.658439421797034
2013-12-24 20:00:00,0.0310050608816015,2.6570127288323153,23.658619827751732
2013-12-24 22:00:00,0.0426683772015557,2.670657025560102,24.18210829800288
2013-12-25 00:00:00,1.0171089071887116,2.667515217703169,24.233962922124874
2013-12-25 02:00:00,1.852717610252007,3.529222750621714,24.725222776156
2013-12-25 04:00:00,1.6732513328043743,7.98059975312078,27.50064453953221
2013-12-25 06:00:00,7.144188548396187,27.314726423977547,29.53761625117646
2013-12-25 08:00:00,8.718988687255337,29.126469858692754,31.490242871855788
2013-12-25 10:00:00,11.175179915009537,29.132469685234682,38.036753144437604
2013-12-25 12:00:00,15.85741451549464,48.08245230871345,55.26280612854691
2013-12-25 14:00:00,41.87237295182224,61.939333927740265,66.10285194343568
2013-12-25 16:00:00,58.58049209753829,64.79059639913245,73.2703962149012
2013-12-25 18:00:00,58.58049455457006,64.79060528186584,74.38064344742646
2013-12-25 20:00:00,58.58049582425501,64.79060612046374,75.54127121578455
2013-12-25 22:00:00,58.58049703662789,65.17040967475253,78.50513135009078
2013-12-26 00:00:00,63.93185389581035,70.08166347329782,80.06220595230599
2013-12-26 02:00:00,70.37720539656763,73.78402332343008,81.29881587713942
2013-12-26 04:00:00,72.22256577887052,75.94047206570957,83.3986193475809
2013-12-26 06:00:00,66.42943514001462,73.37604783845919,84.98330756157506
2013-12-26 08:00:00,60.511207958350994,65.51651073547177,82.2616440372033
2013-12-26 10:00:00,60.503716808059195,63.06998774538668,81.5913634791516
2013-12-26 12:00:00,60.50372134024349,63.06994631048304,81.48107545354573
2013-12-26 14:00:00,60.511205573400275,64.86199169345727,83.26205752395094
2013-12-26 16:00:00,59.450133661815016,67.07332323157071,84.274669281043
2013-12-26 18:00:00,58.580511714245624,64.33937792050874,85.07069385375296
2013-12-26 20:00:00,58.58051250960824,59.93215836337207,83.34539775575143
2013-12-26 22:00:00,46.165306513849366,56.756792160174946,76.73491031807967
2013-12-27 00:00:00,39.534718045432136,45.27200569839823,76.05941687262958
2013-12-27 02:00:00,24.25362204689985,25.13662153706821,67.87511654315287
2013-12-27 04:00:00,0.0255313890417269,2.655819267457759,54.40255082230853
2013-12-27 06:00:00,0.0273117324704913,2.6558098071409786,41.34193244511839
2013-12-27 08:00:00,2.779259648605816,2.655778405392468,15.583282077795106
2013-12-27 10:00:00,0.0263743613834973,2.6557750874379518,5.379959754200343
2013-12-27 12:00:00,0.02720187694743855,2.6557761538734583,6.876468881342157
2013-12-27 14:00:00,0.02718812189866315,2.6557782340970295,25.927473502338206
2013-12-27 16:00:00,0.0255308072002213,2.6557782965541183,27.035213797653036
2013-12-27 18:00:00,0.025531388468631303,2.655779011729096,27.32987291252821
2013-12-27 20:00:00,0.02719655018085305,2.65577949728959,27.459923258234653
2013-12-27 22:00:00,0.028238692348090302,2.6564046069465874,27.464801865308836
2013-12-28 00:00:00,0.0292463407282215,2.6570093290176517,27.47090836255436
2013-12-28 02:00:00,0.0336862692379374,2.6615220811431763,27.476905052414708
2013-12-28 04:00:00,24.4730336990701,29.12832661159552,33.736404514577124
2013-12-28 06:00:00,27.817479356261483,41.391731881256945,40.64253538636874
2013-12-28 08:00:00,27.756414290314204,39.52474204780252,38.092936444400486
2013-12-28 10:00:00,19.854448058821305,45.165774834047454,47.84991083457605
2013-12-28 12:00:00,18.32911711217117,46.60561583685201,54.00372626977786
2013-12-28 14:00:00,44.09000779367028,54.95598512847088,59.99787293749841
2013-12-28 16:00:00,53.33402266534436,60.56398822436226,63.05801837254868
2013-12-28 18:00:00,53.923314335882054,61.16998505541616,64.40914953591334
2013-12-28 20:00:00,53.17729584860149,60.757337446893004,63.95818087267973
2013-12-28 22:00:00,46.86024029721926,57.20276006408474,62.755243194326376
2013-12-29 00:00:00,49.12533079647005,55.079123008450956,62.10701109640722
2013-12-29 02:00:00,47.19603733027528,53.58237316417532,60.83509672061007
2013-12-29 04:00:00,50.65628878014729,56.65284724228127,61.224412025582936
2013-12-29 06:00:00,42.955481912729155,56.79032813114787,60.18682517169166
2013-12-29 08:00:00,31.41511924290632,49.80443634324957,56.14460442356345
2013-12-29 10:00:00,28.105737357629863,43.8552589182857,52.788616858905755
2013-12-29 12:00:00,28.105737219028406,41.833303710742875,51.353810609616225
2013-12-29 14:00:00,31.41511905772319,49.024152116084444,58.970956765209465
2013-12-29 16:00:00,34.724501404705016,51.120847715177476,62.928061051862834
2013-12-29 18:00:00,34.72449423157221,50.26170614284606,62.602445281844815
2013-12-29 20:00:00,29.84109867627791,47.73010778897515,61.89372187040448
2013-12-29 22:00:00,28.105739368405708,47.73010728977141,61.61118174402105
2013-12-30 00:00:00,28.10573887755948,47.74578086255389,62.22707242480245
2013-12-30 02:00:00,28.105738616894836,47.76668479073894,63.400656363400756
2013-12-30 04:00:00,28.108968566081206,40.42185124948844,61.208216014432445
2013-12-30 06:00:00,4.5103934830966805,13.1996495410816,52.04878584950009
2013-12-30 08:00:00,0.0255418947530135,2.6566282236239105,30.76197562071274
2013-12-30 10:00:00,0.02553036551976305,2.65577672156894,9.733483777123036
2013-12-30 12:00:00,0.02553049924033505,2.656017867883015,22.96091916906574
2013-12-30 14:00:00,0.025531152489442953,2.6560047659387624,44.616682773773725
2013-12-30 16:00:00,0.03369220333685505,2.671348332256552,42.64191526128401
2013-12-30 18:00:00,0.025532252846721497,14.898331459259087,38.39052841648361
2013-12-30 20:00:00,0.03181944678463165,20.23327848491622,38.39052652090639
2013-12-30 22:00:00,0.0381184074417564,20.837226065689812,41.438705466980096
2013-12-31 00:00:00,18.539158075684192,33.45886490151097,46.303806549734304
2013-12-31 02:00:00,28.25915120055945,46.051740164867354,61.37427274887177
2013-12-31 04:00:00,28.272262969768576,43.684178194768776,67.05851185114027
2013-12-31 06:00:00,28.285365376110747,31.234131206922818,67.24583120045631
2013-12-31 08:00:00,24.82897115960408,26.051018055871506,57.59106104907198
2013-12-31 10:00:00,6.3435578185973664,15.352860403138394,46.688669041360086
2013-12-31 12:00:00,8.972548166067195,18.22553947083334,52.12905532777098
2013-12-31 14:00:00,22.108520451290914,25.574012298710493,58.71822528282358
2013-12-31 16:00:00,18.604457084808985,22.608520181094537,57.01491016133464
2013-12-31 18:00:00,3.8760036947572467,7.127183836345594,49.875199681230434
2013-12-31 20:00:00,0.02758812578155515,2.6570107626403328,45.672056028660975
2013-12-31 22:00:00,4.505480328631623,7.505990560435897,44.36999294261798
