snapshot,NL,BE,DE
2013-01-01 00:00:00,38.21804667795003,45.406707214143516,42.97448484996902
2013-01-01 02:00:00,40.37125045311292,46.75679925571056,43.3352221359335
2013-01-01 04:00:00,43.98922580529273,49.91848882806026,46.2176624871525
2013-01-01 06:00:00,50.1619611253818,54.22564425325506,54.150162959457504
2013-01-01 08:00:00,44.75601596822581,48.62522994217519,48.92765677108413
2013-01-01 10:00:00,39.83200958210647,43.28652265739143,44.224924112679176
2013-01-01 12:00:00,38.906838632985824,39.97332809003024,45.72223485197172
2013-01-01 14:00:00,44.39862286806692,50.69980229332493,56.90643160278333
2013-01-01 16:00:00,48.7725613976515,54.17423846509725,60.287230087929274
2013-01-01 18:00:00,46.183646779846626,54.09581052453863,59.4466080281282
2013-01-01 20:00:00,45.609899077075234,52.575505354478786,56.9064316086726
2013-01-01 22:00:00,44.575913842828115,52.328175766845945,55.53743524075528
2013-01-02 00:00:00,45.62070523602652,53.060394133823124,56.906214659799176
2013-01-02 02:00:00,45.626112099846935,52.79466572945752,56.906214652759665
2013-01-02 04:00:00,53.54598978633615,58.765439295966964,56.90655836377257
2013-01-02 06:00:00,56.27293199454165,61.200118530941296,59.446607924208706
2013-01-02 08:00:00,46.37696161073306,52.42125102636079,50.43747056312756
2013-01-02 10:00:00,40.72968268887211,44.1182587280396,45.354699896950514
2013-01-02 12:00:00,40.771469641965616,44.11402389616406,45.43989830380102
2013-01-02 14:00:00,50.28674074786461,51.560703377312635,56.90643159903359
2013-01-02 16:00:00,55.01434881726334,59.278305480222336,58.81363657055434
2013-01-02 18:00:00,45.66945683622725,53.52490564350705,58.813636558387884
2013-01-02 20:00:00,44.578557283274364,52.731426188260855,56.906431603688766
2013-01-02 22:00:00,41.50936237855115,49.21178488354107,50.49440429771102
2013-01-03 00:00:00,44.56490768590064,50.895157358863216,47.37573334830226
2013-01-03 02:00:00,43.72514799995198,49.89725813528757,45.7245118454315
2013-01-03 04:00:00,44.564907676013306,52.612360694205925,45.72057852406114
2013-01-03 06:00:00,42.464480780773435,53.951336180847186,43.88114034115527
2013-01-03 08:00:00,40.36784501357714,47.23738222924965,40.69224466595273
2013-01-03 10:00:00,15.973005556803049,44.72222872424233,28.460311722566416
2013-01-03 12:00:00,17.27979119159511,44.16497135907257,28.460311775780283
2013-01-03 14:00:00,40.36968359790396,51.677362319911666,44.895394034833345
2013-01-03 16:00:00,53.03569765106033,58.955056702467196,55.27347660707434
2013-01-03 18:00:00,54.38668622833614,59.9337713211606,56.975623923992856
2013-01-03 20:00:00,54.39214662071504,60.020349847299464,57.02710521467159
2013-01-03 22:00:00,53.515804448801866,58.955056737900584,56.206458746888416
2013-01-04 00:00:00,53.51580444716721,58.9550567104453,56.20645876318979
2013-01-04 02:00:00,53.5368154020188,58.969717350366295,56.23345988171147
2013-01-04 04:00:00,53.56162103162798,61.18915761396788,56.897489801294554
2013-01-04 06:00:00,53.586438016388335,62.21063491872497,57.46794905569832
2013-01-04 08:00:00,46.85315040507155,63.59156813162278,46.326155503523935
2013-01-04 10:00:00,40.36968363191515,60.69067059077314,33.16224373098782
2013-01-04 12:00:00,40.37125029473361,56.68650872869547,28.460311666470076
2013-01-04 14:00:00,43.7459846001783,67.60935528053673,45.633750526325954
2013-01-04 16:00:00,53.71069588073351,75.1959352051672,51.89497975304418
2013-01-04 18:00:00,53.73558198150596,78.0874916772074,52.81644782444171
2013-01-04 20:00:00,53.76047958155658,73.81840310568825,56.90597838086596
2013-01-04 22:00:00,56.17646773302756,68.9133486082459,61.5336126041815
2013-01-05 00:00:00,58.194069231538194,68.91334263532613,61.53361260751154
2013-01-05 02:00:00,65.97440826626165,68.91334265980686,64.91524881089356
2013-01-05 04:00:00,72.09990746016938,77.66953207678739,74.66758399025788
2013-01-05 06:00:00,79.03959466017783,85.95193365170051,80.34071492514549
2013-01-05 08:00:00,80.64314039684982,92.50082244282812,77.2794149110914
2013-01-05 10:00:00,83.19509168812033,97.75817396517081,77.27941491932648
2013-01-05 12:00:00,89.51958705774632,108.67772186868876,79.2694867904496
2013-01-05 14:00:00,99.08611356401772,108.67772199838278,95.18638885267077
2013-01-05 16:00:00,99.0861135825171,108.67772199862408,97.85993120422563
2013-01-05 18:00:00,99.08611357918322,108.6777219923457,97.85993120950423
2013-01-05 20:00:00,97.58821143781746,105.59184904908311,97.85993100707141
2013-01-05 22:00:00,84.32820931348733,83.99670263564619,92.46230805192168
2013-01-06 00:00:00,82.73281557975892,82.56197024858555,90.71536565150898
2013-01-06 02:00:00,80.23691702970373,81.15649870472024,87.19088852205587
2013-01-06 04:00:00,80.23691703930648,82.83567053236915,86.37462167008181
2013-01-06 06:00:00,80.23691703827403,82.83567061510526,85.60695841170543
2013-01-06 08:00:00,72.22564372792463,78.69217502406,74.72120122638637
2013-01-06 10:00:00,70.94113588367215,78.69217501397301,72.22828578102235
2013-01-06 12:00:00,70.85143728508709,77.68349477385641,72.22828570136399
2013-01-06 14:00:00,72.225643880955,78.69217502026957,74.77720015143346
2013-01-06 16:00:00,169.271827793407,174.9904069762112,133.43276243108792
2013-01-06 18:00:00,175.10247937298493,178.04540299453888,135.32867059913957
2013-01-06 20:00:00,172.1534978619676,178.0470969855511,139.87900283466536
2013-01-06 22:00:00,164.49224487589228,174.99040702798288,151.4344225310623
2013-01-07 00:00:00,159.77593759315988,178.04540317226264,150.3641016708679
2013-01-07 02:00:00,159.18442756898753,178.0470317139602,149.21309548795804
2013-01-07 04:00:00,165.54870571979677,178.0470970008747,161.58061117991292
2013-01-07 06:00:00,172.61434670917282,178.04883422230063,165.06727718986306
2013-01-07 08:00:00,155.23299970151797,171.97259767820282,147.26425696103394
2013-01-07 10:00:00,148.7666195063997,171.97259766827864,134.69826702986853
2013-01-07 12:00:00,147.81978061731132,171.97259763155657,132.8582939533327
2013-01-07 14:00:00,149.02379399613486,171.97259762014983,135.19802972805758
2013-01-07 16:00:00,152.97834207006596,152.15051395586983,161.5806111285367
2013-01-07 18:00:00,140.3296174839955,141.3428279591931,147.19527073138252
2013-01-07 20:00:00,129.37309225843035,132.01921337136852,134.69845273636966
2013-01-07 22:00:00,129.37292909440518,132.01907457510686,134.69826666228047
2013-01-08 00:00:00,129.37292897211552,132.01907442750382,134.69826652933452
2013-01-08 02:00:00,129.37292895842106,132.01907443735047,134.69826644762685
2013-01-08 04:00:00,129.3729290055871,132.0190744028721,134.6982666214159
2013-01-08 06:00:00,129.37290106781694,132.019058344095,134.69822739406652
2013-01-08 08:00:00,102.9268287906733,118.68832703625817,95.88070963198908
2013-01-08 10:00:00,104.57896829543127,117.10471724843431,100.58506837200363
2013-01-08 12:00:00,112.49853310830912,132.01921330456005,101.9064508737305
2013-01-08 14:00:00,137.9523349081131,149.6937660343523,134.69826667841969
2013-01-08 16:00:00,157.5183462430937,161.94683390931232,161.16243501633522
2013-01-08 18:00:00,151.96921328664712,150.9309232501703,160.77000693793593
2013-01-08 20:00:00,145.86478164059645,143.52661037038988,155.89172795516075
2013-01-08 22:00:00,139.32710708582468,138.96481080242316,147.49024903864353
2013-01-09 00:00:00,135.40450030594923,136.22772969601868,142.44935900728024
2013-01-09 02:00:00,132.65202795228072,134.30713453244852,138.91219311141842
2013-01-09 04:00:00,132.65202806285797,134.3071345520303,138.91219362555327
2013-01-09 06:00:00,138.674210490033,141.70345358504477,143.63817946287574
2013-01-09 08:00:00,106.85641275222471,122.10827563086897,100.29102269935055
2013-01-09 10:00:00,102.89465691009694,122.10827585339558,92.59221957332403
2013-01-09 12:00:00,104.48532779354016,124.44120435835956,93.48273318968299
2013-01-09 14:00:00,137.24261920085408,143.54571813509463,108.21875474062708
2013-01-09 16:00:00,175.50325816439627,172.0343068714349,135.7117038637913
2013-01-09 18:00:00,175.50325806940575,172.03438566924115,131.9484689758667
2013-01-09 20:00:00,175.5027841397265,172.03438566746183,112.403364767313
2013-01-09 22:00:00,169.45891850597667,172.03438539469198,112.40336476044347
2013-01-10 00:00:00,169.4589184513442,171.98988335448055,112.4033647573112
2013-01-10 02:00:00,147.00419745239324,171.98988321089803,112.39991612351398
2013-01-10 04:00:00,169.45899970196868,171.98988320470352,112.40336475738427
2013-01-10 06:00:00,175.50178747654,171.98988325511863,112.4033647611559
2013-01-10 08:00:00,147.0041974015842,172.0351325000901,100.10293847873996
2013-01-10 10:00:00,76.85021114473408,90.6090403688244,71.69317071194313
2013-01-10 12:00:00,78.91384507370483,91.55303969472513,74.81293408187595
2013-01-10 14:00:00,147.0041974633234,178.6470644951562,106.75209136099281
2013-01-10 16:00:00,154.3385623650422,184.53842204181183,118.54767006664159
2013-01-10 18:00:00,154.33856188233688,184.537619896784,118.5476700697233
2013-01-10 20:00:00,154.33856190359214,184.53753310475489,118.54767007276797
2013-01-10 22:00:00,169.45891850661997,184.53753311546814,118.54767008247588
2013-01-11 00:00:00,169.45891854094492,184.53753309126517,118.54767009311965
2013-01-11 02:00:00,169.4589940460459,184.53753325327924,118.54767010982522
2013-01-11 04:00:00,175.50178730460584,184.53842195324916,121.32535968269653
2013-01-11 06:00:00,175.50325790312482,184.53870193890785,141.95065217577903
2013-01-11 08:00:00,171.44899390557947,184.53753212889364,112.47986265162108
2013-01-11 10:00:00,147.2937134142908,178.64990801974704,112.21575307658442
2013-01-11 12:00:00,147.29371341905028,178.64990802206304,107.79266028802614
2013-01-11 14:00:00,175.5017872654687,178.64990805051693,129.91255989113515
2013-01-11 16:00:00,175.50512406669617,184.53870195287814,147.62650180095213
2013-01-11 18:00:00,175.50512358632977,184.5387019014753,147.62650166093425
2013-01-11 20:00:00,175.5051231050475,184.5375321725454,147.10245755344923
2013-01-11 22:00:00,175.50278394818775,178.64990802691753,146.12678938421186
2013-01-12 00:00:00,175.50178719948963,178.64990801903127,141.2824764848551
2013-01-12 02:00:00,175.501787076315,178.64990801468588,141.539126270525
2013-01-12 04:00:00,175.50178708554208,178.64990801650904,147.4708478046374
2013-01-12 06:00:00,175.5017870874356,178.64990801269312,147.35986611646908
2013-01-12 08:00:00,97.89820654782586,94.07243068168847,109.32838121840123
2013-01-12 10:00:00,86.45475026462351,79.41508086680872,97.87596084126946
2013-01-12 12:00:00,86.26029699880678,78.41230098393483,101.48455053844349
2013-01-12 14:00:00,105.78134819536372,94.07243056188103,116.81721804780067
2013-01-12 16:00:00,140.80623837481923,112.45474114725552,142.99190851253243
2013-01-12 18:00:00,140.80623815224996,134.13659531711525,142.99190848387528
2013-01-12 20:00:00,140.41201990512405,134.13659530704922,142.6328359241131
2013-01-12 22:00:00,135.14749372717506,138.24857493713913,140.0436991811618
2013-01-13 00:00:00,124.06286696608073,127.38621590764336,128.74941160742387
2013-01-13 02:00:00,118.199567261359,121.64104506702904,122.77468324311938
2013-01-13 04:00:00,124.29015066526802,122.81376559339382,133.50419081876586
2013-01-13 06:00:00,121.92731811224742,121.16504965034979,130.46774600929254
2013-01-13 08:00:00,97.98421077167347,98.32736882999477,108.57360229663689
2013-01-13 10:00:00,91.3414174365344,91.01763537064218,108.45784941458595
2013-01-13 12:00:00,91.34141738475813,89.12728386830737,108.57360229563788
2013-01-13 14:00:00,115.41315428105965,111.32564575441047,127.09021577837815
2013-01-13 16:00:00,175.50178700928495,180.60524727893963,168.77941221478542
2013-01-13 18:00:00,175.50278367800172,180.60524738501164,160.2473458058035
2013-01-13 20:00:00,175.50178702918075,180.60524741444857,151.5627325889608
2013-01-13 22:00:00,175.50178652475276,184.53761928382912,151.56273258518868
2013-01-14 00:00:00,175.50178691339212,184.53761948932936,151.5627325881291
2013-01-14 02:00:00,175.5027836618617,184.53761951132603,151.562732589338
2013-01-14 04:00:00,175.50278419210017,184.53696889634975,158.93305888586275
2013-01-14 06:00:00,175.50325757488002,184.53761950809556,165.2416510713831
2013-01-14 08:00:00,175.50278362269108,175.13698583136178,154.07590686953313
2013-01-14 10:00:00,153.96816031827322,175.13698580510362,131.98713546540426
2013-01-14 12:00:00,175.5017862695277,142.3343539247644,140.7458053364918
2013-01-14 14:00:00,175.5027836027715,142.3343539803218,180.01063140740024
2013-01-14 16:00:00,175.50278358539026,166.04565859718153,180.81448798162137
2013-01-14 18:00:00,169.11316854355135,142.3343538557714,180.81422260559182
2013-01-14 20:00:00,153.96816032777753,114.6005075328068,180.812995071041
2013-01-14 22:00:00,153.96816032236006,115.81079553139064,180.01063144445646
2013-01-15 00:00:00,153.96816030155748,134.65144994161477,180.01063144734235
2013-01-15 02:00:00,153.96816033495864,134.65145018431784,180.01063144432217
2013-01-15 04:00:00,158.11038112639224,142.33435391178472,180.81299503373876
2013-01-15 06:00:00,175.50325736171246,178.1659402108152,180.8129954467207
2013-01-15 08:00:00,175.50378314348072,178.16702386449342,180.81299500600028
2013-01-15 10:00:00,175.50325736066154,178.64940707855217,178.33933074399783
2013-01-15 12:00:00,175.67970943243714,178.64940708868662,180.69984643306643
2013-01-15 14:00:00,175.7387033234768,178.64940710904943,180.81448808134334
2013-01-15 16:00:00,179.51440071057323,184.5384217700671,182.59673437977915
2013-01-15 18:00:00,178.28892187480673,182.01377608333905,182.59673440287793
2013-01-15 20:00:00,176.65583619884595,178.64940728534086,182.59673436334174
2013-01-15 22:00:00,175.73985681118245,178.65178079886348,180.81449055255646
2013-01-16 00:00:00,175.7387033255717,178.64940713816915,180.81448804736584
2013-01-16 02:00:00,175.73870331515988,178.64940714516436,180.81448804140453
2013-01-16 04:00:00,175.73870802627468,178.64940712290604,180.81449726237872
2013-01-16 06:00:00,175.88753031504615,178.64940717102843,181.1037006334195
2013-01-16 08:00:00,175.73793481123977,178.64940717904565,180.81299460110574
2013-01-16 10:00:00,175.50477371736633,178.65252041462645,179.79602500469304
2013-01-16 12:00:00,175.5037836265723,178.6525206024781,179.7960250027295
2013-01-16 14:00:00,175.73944635349613,178.65252064374522,180.81299506486556
2013-01-16 16:00:00,179.51309921203733,184.5357406735092,182.5967341870313
2013-01-16 18:00:00,175.74021967941934,178.65252073561788,180.8144977373991
2013-01-16 20:00:00,175.73793484219968,178.6525207209204,180.81005767959633
2013-01-16 22:00:00,175.73793483372378,178.65252068519322,179.79602500553702
2013-01-17 00:00:00,175.7379348215798,179.7275270983264,179.79602500401967
2013-01-17 02:00:00,175.9917421164202,180.2504032030447,179.79602500412406
2013-01-17 04:00:00,178.07187172476435,184.53574056839287,179.796025003667
2013-01-17 06:00:00,180.6682215330063,184.53574039882807,179.79602500757207
2013-01-17 08:00:00,175.5017868500755,178.65120974422595,139.7991170026386
2013-01-17 10:00:00,175.50278319955808,178.6512097890304,135.76114187062035
2013-01-17 12:00:00,175.5032531396411,178.6512098487461,133.8424583498665
2013-01-17 14:00:00,175.503257029274,178.6517811864008,147.12750773499803
2013-01-17 16:00:00,175.50512229389068,182.7233231600267,171.36462328064655
2013-01-17 18:00:00,175.50325705551523,178.6525204669298,171.33052149042254
2013-01-17 20:00:00,175.50178640207034,178.6517806058029,146.87547267020776
2013-01-17 22:00:00,159.6476890367994,178.6512097825592,141.0987807986964
2013-01-18 00:00:00,154.63332482456707,178.65120971820795,139.79911700135378
2013-01-18 02:00:00,154.63332480193304,178.65120971132734,139.7991169844571
2013-01-18 04:00:00,154.63332477835863,178.65120966382315,139.79911700294392
2013-01-18 06:00:00,154.63244988974049,178.6494072768058,139.7991170130502
2013-01-18 08:00:00,88.98163375897542,92.80326079911629,93.19816239847162
2013-01-18 10:00:00,75.18790352637691,80.55878639882576,77.94304932204388
2013-01-18 12:00:00,70.0934603030566,70.05541040822088,77.95074695476067
2013-01-18 14:00:00,77.59729654435087,80.30790295863491,92.37101111149832
2013-01-18 16:00:00,86.464907750392,92.75950921069119,99.2821749615175
2013-01-18 18:00:00,77.59729650120181,84.92471935673201,95.24730165206455
2013-01-18 20:00:00,77.19231266238555,85.52319552851513,93.19816242594234
2013-01-18 22:00:00,77.32271605402987,85.61249949837533,93.1981624280287
2013-01-19 00:00:00,76.87843822001274,84.35122838904675,93.1981624262586
2013-01-19 02:00:00,77.49644084698718,84.73171582678627,93.19816242495521
2013-01-19 04:00:00,77.59729650579402,84.79380994951744,93.19816242575331
2013-01-19 06:00:00,77.51481945877892,81.33038528188716,93.1981624268449
2013-01-19 08:00:00,77.59729644879509,79.5840429235961,90.1852947787207
2013-01-19 10:00:00,74.42870606373336,74.83213481751596,81.86955452336814
2013-01-19 12:00:00,74.92765838478242,74.84070841778355,82.83107153688613
2013-01-19 14:00:00,77.55161957781765,76.90540733283238,89.86240136231437
2013-01-19 16:00:00,77.5972964984625,76.95420540892287,90.18529478684928
2013-01-19 18:00:00,77.59729650583486,76.95420543723999,90.1852947910202
2013-01-19 20:00:00,77.59729649426554,77.40174660324992,90.18529479879255
2013-01-19 22:00:00,77.58849065641371,77.75041230811263,90.185294791516
2013-01-20 00:00:00,77.59771908707742,77.95337033994441,90.24386280762334
2013-01-20 02:00:00,77.59729652041418,79.16238941218641,91.73796452979992
2013-01-20 04:00:00,77.6161888109355,80.42903114976248,90.71131114272694
2013-01-20 06:00:00,77.62543005624948,80.4464751702964,90.72294559357383
2013-01-20 08:00:00,72.5355282529971,74.90589821666197,78.12099943191363
2013-01-20 10:00:00,72.21935588711062,74.45663723423922,77.93036702533634
2013-01-20 12:00:00,71.42400520818337,72.81811151431894,77.9303669858407
2013-01-20 14:00:00,72.57444240873349,75.18816182096148,77.9303668724651
2013-01-20 16:00:00,72.36033921683104,87.15125099713951,77.9303670303987
2013-01-20 18:00:00,69.92570009668141,92.75950903449645,77.93036702710177
2013-01-20 20:00:00,71.58971860354548,88.92639613596005,77.93036680049553
2013-01-20 22:00:00,72.38625799412713,87.091546421713,77.93036702543499
2013-01-21 00:00:00,71.58971887899838,88.92639615980737,77.93036702092209
2013-01-21 02:00:00,76.87843806017831,88.9263961539321,77.93036702584826
2013-01-21 04:00:00,77.59729647412026,92.75950925560836,84.32002222194694
2013-01-21 06:00:00,77.73359949107594,82.75671371182474,80.81678884192603
2013-01-21 08:00:00,77.59729648908814,80.38610716423592,83.2276174937479
2013-01-21 10:00:00,75.10207367446235,80.39541101465927,77.93036664983069
2013-01-21 12:00:00,73.38584879294562,92.7595090263779,62.932447621391205
2013-01-21 14:00:00,75.11111227623849,80.41403168453276,77.93036666392862
2013-01-21 16:00:00,76.55987662423412,82.87189772199838,78.42726507946696
2013-01-21 18:00:00,77.59729644272682,84.59434260764573,78.81851411300613
2013-01-21 20:00:00,77.80182957692028,83.99412118144906,85.25303324547501
2013-01-21 22:00:00,87.77533726218535,92.75950903495534,90.89526012518388
2013-01-22 00:00:00,87.77533727838227,92.75950905933416,90.89526012935977
2013-01-22 02:00:00,89.64258619513208,92.75950987419101,94.52384777456058
2013-01-22 04:00:00,90.43130691077978,93.12431218678867,95.71244247923386
2013-01-22 06:00:00,93.17871644290386,96.82615873024093,97.55955019050562
2013-01-22 08:00:00,92.05752003620249,100.2135342622424,92.18550570585441
2013-01-22 10:00:00,83.90941949871893,96.82615908959453,79.54670572085335
2013-01-22 12:00:00,86.13831034144337,96.82615922082964,83.87806572850691
2013-01-22 14:00:00,118.76741842203093,143.3278062491483,103.42147819898616
2013-01-22 16:00:00,163.42522457019288,166.0452245811619,168.77522454802823
2013-01-22 18:00:00,163.42522456819003,166.045224572491,168.77522455441982
2013-01-22 20:00:00,163.42522456685697,166.04522457207764,168.77522455397832
2013-01-22 22:00:00,163.42522457772802,166.04522460453703,168.77522453596143
2013-01-23 00:00:00,163.4252248295762,166.04522511217579,168.77522453728963
2013-01-23 02:00:00,163.4252248460565,166.0452251404102,168.77522454396978
2013-01-23 04:00:00,170.92286732140022,178.56552292962635,171.53509416529417
2013-01-23 06:00:00,175.5051215612977,178.5662579152848,180.43900623543422
2013-01-23 08:00:00,175.5017856392453,184.535739347137,169.88115645151814
2013-01-23 10:00:00,175.5017856383869,184.53573932294452,169.88115638125564
2013-01-23 12:00:00,175.5032562413458,184.53573936747364,169.88115637656207
2013-01-23 14:00:00,176.264241234875,184.5357404680238,176.28329210056464
2013-01-23 16:00:00,175.699979681859,178.56806065845527,180.81596971975011
2013-01-23 18:00:00,175.69915252282132,178.56625794219244,180.8160627951466
2013-01-23 20:00:00,175.6985079205649,178.56644388739963,180.8146347494061
2013-01-23 22:00:00,175.69834552209056,178.56625791197754,180.81449459862574
2013-01-24 00:00:00,175.69834550167582,178.56625790159742,180.81449453996484
2013-01-24 02:00:00,175.69834550795966,178.56625789910856,180.81449452479723
2013-01-24 04:00:00,175.69842792919403,178.56625788902952,180.81465476191832
2013-01-24 06:00:00,175.7705704821196,178.5662578567678,180.95484790322158
2013-01-24 08:00:00,175.69949402796058,178.5680606439463,180.81448781320094
2013-01-24 10:00:00,175.69949376253626,178.56806060552145,180.81448391693968
2013-01-24 12:00:00,175.6994937816835,178.56806063024626,180.81448781338602
2013-01-24 14:00:00,175.90276538802777,178.56863035099357,180.81448791880766
2013-01-24 16:00:00,181.8683140771683,184.53574168564245,182.18158358714822
2013-01-24 18:00:00,181.86831407262386,184.53574169211646,180.95484791565968
2013-01-24 20:00:00,181.8683139477839,184.5357416572917,180.9548476646665
2013-01-24 22:00:00,175.69949861192293,178.5686306296957,180.81449719034973
2013-01-25 00:00:00,175.69949387410892,178.56863064404732,180.81448792115526
2013-01-25 02:00:00,175.69949384806137,178.56863060820967,180.81448792192987
2013-01-25 04:00:00,175.69949382417187,178.56863060963406,180.81448791772627
2013-01-25 06:00:00,175.69949381242438,178.568630601059,180.8144879180118
2013-01-25 08:00:00,142.5495010882933,172.195242124629,122.40664629603845
2013-01-25 10:00:00,135.3507405204187,172.195242118222,108.4174351873524
2013-01-25 12:00:00,135.7431451713783,172.19524210885712,109.17998749372194
2013-01-25 14:00:00,142.54950107899543,172.1952421009937,122.40664629154963
2013-01-25 16:00:00,126.89820720705949,139.9515415089894,122.40664629867754
2013-01-25 18:00:00,93.17871607512242,87.19612593121347,110.4677992423429
2013-01-25 20:00:00,77.59729641568534,76.03698257753267,100.14315563972221
2013-01-25 22:00:00,87.31787095601462,82.01309715412076,100.14315563091792
2013-01-26 00:00:00,61.49679498984198,57.6793399604388,91.98160175479777
2013-01-26 02:00:00,61.49679497727145,59.35371847014873,90.16892125896884
2013-01-26 04:00:00,61.52648030853363,57.77095913217415,91.95300632734586
2013-01-26 06:00:00,60.79171549121371,57.093815337486696,90.93881784300488
2013-01-26 08:00:00,47.0839850539408,51.371779625992794,56.022856169079255
2013-01-26 10:00:00,41.06376256806262,43.60365917638962,47.098185444409594
2013-01-26 12:00:00,36.96974179479151,35.98024254995601,45.72451207885234
2013-01-26 14:00:00,46.139950992776164,48.92714679843977,51.33223844850347
2013-01-26 16:00:00,55.788100196450834,58.354771333082596,61.18840428477303
2013-01-26 18:00:00,54.83028965292603,57.27400613337629,60.346574471488836
2013-01-26 20:00:00,53.999452523415975,55.901622546844656,60.0265675640872
2013-01-26 22:00:00,51.330085592895415,52.564433437047626,61.188404370557
2013-01-27 00:00:00,43.56742621197914,46.74023008906951,61.1884043891065
2013-01-27 02:00:00,40.67870964108813,40.39499948563261,61.188404393710954
2013-01-27 04:00:00,40.68813596606346,40.41570497711858,61.18840442108954
2013-01-27 06:00:00,40.371250298715616,39.719647585413874,61.18840438863341
2013-01-27 08:00:00,26.508759112992866,25.69902734821719,43.40224271517625
2013-01-27 10:00:00,0.045939498870512914,2.656561270520687,28.453910593020595
2013-01-27 12:00:00,0.03671909732744851,10.703102384338663,28.45917340522128
2013-01-27 14:00:00,0.03692002785861494,11.78612727690847,43.40224265315451
2013-01-27 16:00:00,34.60508687207812,43.48306734785545,43.402248644642945
2013-01-27 18:00:00,40.36968361358575,47.44838205489871,45.72451212720522
2013-01-27 20:00:00,40.371250406137264,48.30208480486535,59.07321085580403
2013-01-27 22:00:00,40.36968362549899,47.449225351978505,59.07308405701605
2013-01-28 00:00:00,44.360228744516505,49.940349170968624,59.6092355783808
2013-01-28 02:00:00,44.294294993646865,49.79552183766887,59.60923560781429
2013-01-28 04:00:00,44.574829735585666,50.41173245686832,59.60923555280921
2013-01-28 06:00:00,46.416401312689956,51.890927570983784,59.60923567615602
2013-01-28 08:00:00,28.080370105521418,27.00817631369687,45.722235189224854
2013-01-28 10:00:00,0.03471156226032409,2.667417663267496,38.19936054461493
2013-01-28 12:00:00,0.034593223360453264,2.654894221334193,34.48980071061393
2013-01-28 14:00:00,28.45482991456958,25.69902745936379,48.02998035384889
2013-01-28 16:00:00,37.220425760264014,32.855058926094905,49.15958616527038
2013-01-28 18:00:00,32.76985848418926,34.1338134262122,49.15958602314902
2013-01-28 20:00:00,30.283794168367862,31.84914783628325,45.72112604559072
2013-01-28 22:00:00,14.111492734861079,25.699027594230596,28.462290785140304
2013-01-29 00:00:00,14.111492611661948,25.699027597903964,28.459173406308665
2013-01-29 02:00:00,14.625819521181006,25.69902761624251,28.458084304813276
2013-01-29 04:00:00,28.338950144083476,36.504348184443906,28.458084305229413
2013-01-29 06:00:00,28.3878805262724,36.603996547225215,28.45917336194747
2013-01-29 08:00:00,21.1081475335997,21.612379213547396,28.453910578330728
2013-01-29 10:00:00,21.110162827312003,21.612106282567176,28.458084296185376
2013-01-29 12:00:00,21.110162847494223,21.612106270589965,28.458084328205246
2013-01-29 14:00:00,26.39808048766147,25.30346008863895,35.252009498223906
2013-01-29 16:00:00,32.61841404579381,36.97727304585752,45.72112606100274
2013-01-29 18:00:00,32.61841403567915,36.97727305395409,45.72112607979204
2013-01-29 20:00:00,32.61841395642571,36.97727295427191,45.721126027817796
2013-01-29 22:00:00,26.39808040363369,35.342328647701706,32.69922165608334
2013-01-30 00:00:00,20.224394621843043,25.699027480605995,28.458084392765905
2013-01-30 02:00:00,16.232491107346643,25.699027359372273,18.965376252754634
2013-01-30 04:00:00,14.49215083035371,25.69902733892648,14.826863800800393
2013-01-30 06:00:00,14.11149257184971,25.699027373561265,17.996257049817913
2013-01-30 08:00:00,2.8763607186110067,2.8729230536325168,11.916143812721646
2013-01-30 10:00:00,0.03524122446490977,2.9663634021459098,5.385708545286108
2013-01-30 12:00:00,0.034711558412874745,2.656511920718001,5.385723347993782
2013-01-30 14:00:00,0.03471349100319289,2.6629878193328844,5.386009850275074
2013-01-30 16:00:00,4.831897441322442,13.008846432543752,5.5932511360908945
2013-01-30 18:00:00,10.51299232159371,19.735945871593714,9.634565504698543
2013-01-30 20:00:00,10.512998792358443,19.73594357656111,9.634569876954977
2013-01-30 22:00:00,16.906297260540622,25.699027332734506,16.433681356089814
2013-01-31 00:00:00,16.90629717744074,25.699027355751685,16.43368136131154
2013-01-31 02:00:00,14.622265321016682,25.69902736571973,15.136274779227831
2013-01-31 04:00:00,19.097738863906574,30.213681944528595,16.433681352034686
2013-01-31 06:00:00,19.07933216371927,30.175761779009967,16.43368134306746
2013-01-31 08:00:00,0.03599459953806469,2.6674176922371804,5.386085023813636
2013-01-31 10:00:00,0.03579983862161905,2.6568345299399545,5.384823866256524
2013-01-31 12:00:00,0.03471156580854865,2.6548568100433245,5.384810769486129
2013-01-31 14:00:00,0.03459319100159509,2.654846696861039,5.386102860702905
2013-01-31 16:00:00,20.69940475770999,26.742491691837316,28.458000487638756
2013-01-31 18:00:00,29.4349257947635,38.76104634446748,28.459172994739205
2013-01-31 20:00:00,29.435987880607147,38.76195014923182,28.460384372443556
2013-01-31 22:00:00,29.437471296054998,38.76298536363371,28.462290565395868
2013-02-01 00:00:00,39.95380717733441,46.10097910497993,41.976694638575516
2013-02-01 02:00:00,42.86756488780187,48.13411460297218,45.72112612569085
2013-02-01 04:00:00,48.50281490530381,52.0662283930971,52.962911355535205
2013-02-01 06:00:00,53.80553624657097,56.40452860980042,59.1753523434483
2013-02-01 08:00:00,51.447839050961974,52.87911674250674,57.91913762453322
2013-02-01 10:00:00,50.599074247398306,63.07604733563806,45.07839082840554
2013-02-01 12:00:00,56.82346693827017,62.62016574038162,59.17694881916453
2013-02-01 14:00:00,89.91805298127245,62.64796455986531,85.14253537659852
2013-02-01 16:00:00,108.39344133017721,63.07604716372899,103.05355872740677
2013-02-01 18:00:00,108.39344131853127,62.62016578599683,103.05355873126877
2013-02-01 20:00:00,108.39344124413343,62.62016576020533,103.05355872282668
2013-02-01 22:00:00,87.77585250995755,62.72261049578214,94.45004846051803
2013-02-02 00:00:00,82.5427793352572,62.62016611916289,91.04577003253864
2013-02-02 02:00:00,74.68807832529303,63.07604731863637,84.46715478785278
2013-02-02 04:00:00,67.04839936203307,62.62016579570859,84.46715471835303
2013-02-02 06:00:00,55.88883760395735,56.481440458182924,79.94277776415737
2013-02-02 08:00:00,31.328045311184802,29.339803202196087,50.9209587952504
2013-02-02 10:00:00,0.034711570787081106,2.6548467942994374,45.72057849678469
2013-02-02 12:00:00,0.034680666774905736,2.6543527313309325,37.16855806593721
2013-02-02 14:00:00,13.009749798590883,16.604856216942267,59.176948975955085
2013-02-02 16:00:00,50.876010791789184,52.61802341229008,66.12171714652779
2013-02-02 18:00:00,54.493653363623196,56.088480133161845,66.12171719242542
2013-02-02 20:00:00,58.49287835741907,59.03700443135722,65.80100990802917
2013-02-02 22:00:00,56.10414949446169,57.63148313491233,65.85559801834607
2013-02-03 00:00:00,55.98750677228156,57.557208473116376,65.79617863985678
2013-02-03 02:00:00,59.22439640832126,60.54914838379957,65.79617863414977
2013-02-03 04:00:00,60.66826470844013,63.178591202405556,66.12171759745371
2013-02-03 06:00:00,60.70082941132932,63.24567844706424,66.12171785125048
2013-02-03 08:00:00,50.72909667980802,51.42214680903738,57.896750977012395
2013-02-03 10:00:00,14.111489676718316,17.30335271534447,28.46031172792202
2013-02-03 12:00:00,0.15910154462238427,2.744785637173232,5.593249149836963
2013-02-03 14:00:00,17.296718120571967,19.26452583398285,28.46208260957635
2013-02-03 16:00:00,41.78843249568353,45.90834782630651,45.72359162599719
2013-02-03 18:00:00,42.125452619902426,46.602653138314466,45.72359157195914
2013-02-03 20:00:00,43.69105636112151,47.69508595177885,47.735528199375295
2013-02-03 22:00:00,48.309931081143226,50.91800255535024,53.67118303194979
2013-02-04 00:00:00,51.03284162721457,52.80431949853769,57.18323602770986
2013-02-04 02:00:00,51.36574628489148,53.06556503236782,57.94983290904055
2013-02-04 04:00:00,50.78606158756659,52.79422549071871,59.17694901720362
2013-02-04 06:00:00,42.02460452246567,46.34281273015708,57.94983290511989
2013-02-04 08:00:00,0.04690710573266656,8.645537034140443,28.453910597668063
2013-02-04 10:00:00,0.03471160472838003,5.41952177107861,5.386669070888122
2013-02-04 12:00:00,0.03459316777950463,3.7248546687357207,5.385249758082383
2013-02-04 14:00:00,0.03492418346495598,6.0115120292677355,5.3865085842894675
2013-02-04 16:00:00,24.220033956433323,34.47575443164501,28.45800052461845
2013-02-04 18:00:00,24.30411358562549,34.66036264735892,28.458084388272205
2013-02-04 20:00:00,24.256407549237213,34.555573615423796,28.458084408665933
2013-02-04 22:00:00,24.26062989119926,34.56484816615879,28.45808447450367
2013-02-05 00:00:00,24.068611980410424,34.14307004905027,28.458084410889647
2013-02-05 02:00:00,21.668500397809712,28.871087999399613,28.458084408151507
2013-02-05 04:00:00,22.303842131257007,29.2623204797236,28.4591733956051
2013-02-05 06:00:00,31.37603832731273,35.448044908316476,37.85446151197518
2013-02-05 08:00:00,10.443277960529986,6.011510947296421,26.51236836244528
2013-02-05 10:00:00,1.230871958320855,7.96219195281769,19.817276771119722
2013-02-05 12:00:00,0.03692018385498028,2.984895476048536,5.385769106249838
2013-02-05 14:00:00,17.29489234351369,19.264285967784893,28.458000592834694
2013-02-05 16:00:00,50.299335369710015,41.98114220504336,65.96711978841664
2013-02-05 18:00:00,58.458865018962435,57.55940036270269,67.12870741036184
2013-02-05 20:00:00,61.87948411443052,57.559400483846915,70.68296598984846
2013-02-05 22:00:00,63.88112811290113,45.696658205995405,70.6829659865008
2013-02-06 00:00:00,65.26662969739584,53.87957476380746,71.79451597479628
2013-02-06 02:00:00,89.87316318076948,43.81770038828618,80.59462416417584
2013-02-06 04:00:00,89.87316320403858,57.55940049390505,86.0667751541914
2013-02-06 06:00:00,73.39233964401687,68.35755219961308,85.96295137892821
2013-02-06 08:00:00,50.69093876473013,42.25439164094889,66.47036412627527
2013-02-06 10:00:00,16.997973069486314,2.6660838995598626,45.72112606959377
2013-02-06 12:00:00,17.635215955082927,2.654372799882559,47.249161340641464
2013-02-06 14:00:00,53.272779329968,31.485008530328354,72.47952068093772
2013-02-06 16:00:00,72.54007219744206,62.45544027530911,89.8741038810875
2013-02-06 18:00:00,65.49006744255917,63.707708201151576,89.87410388689034
2013-02-06 20:00:00,63.918534043240264,63.07143222144239,89.87410388388139
2013-02-06 22:00:00,63.91853378601948,63.91534388458399,89.87410388909296
2013-02-07 00:00:00,63.58128398859279,63.707708218251106,89.8741038955286
2013-02-07 02:00:00,63.81887545886664,64.51142348692068,90.10708004580398
2013-02-07 04:00:00,73.4481745507468,73.32989282620044,94.12425560604746
2013-02-07 06:00:00,79.37451447335005,78.54197959563243,98.5763827354943
2013-02-07 08:00:00,75.91150485152106,71.29228809510937,89.76755033849366
2013-02-07 10:00:00,75.61036136631509,73.32989300897533,80.89317398566762
2013-02-07 12:00:00,75.9299032571699,65.19593506584788,93.87644115724378
2013-02-07 14:00:00,101.54257754501421,77.73718822098836,131.81913229620145
2013-02-07 16:00:00,158.06813992178334,117.70591715068632,161.51279052178913
2013-02-07 18:00:00,163.3202811322972,117.70591835970254,161.51279052125236
2013-02-07 20:00:00,163.32028113201972,131.15075052435154,161.51279050592902
2013-02-07 22:00:00,132.26659357085273,129.68744214914747,131.81913247721687
2013-02-08 00:00:00,132.26659277514506,128.2791802745918,131.819132470319
2013-02-08 02:00:00,132.2665927721035,128.38110492170065,131.8191324684185
2013-02-08 04:00:00,132.26659276675932,124.74034505451853,139.8741582429406
2013-02-08 06:00:00,134.6523611264834,134.29246503599228,142.81323897167115
2013-02-08 08:00:00,94.9611757929175,91.80496289746029,105.75976483368173
2013-02-08 10:00:00,73.5236893068002,78.83390052383513,76.33606548336725
2013-02-08 12:00:00,75.73083582590282,78.84315548873798,80.61644027579156
2013-02-08 14:00:00,94.96117584203081,91.80496297274064,105.75976490353624
2013-02-08 16:00:00,175.25766361768004,178.08860591378615,180.40868581950127
2013-02-08 18:00:00,175.5017838397098,178.08917740325336,180.40868580667922
2013-02-08 20:00:00,175.50178388747995,178.08860600758797,168.94354582167372
2013-02-08 22:00:00,175.5032544844924,178.16901477390059,168.9435443745694
2013-02-09 00:00:00,175.50325440982013,184.53761885011858,147.1248490911251
2013-02-09 02:00:00,175.50325445169938,184.53761894239668,147.1248077007582
2013-02-09 04:00:00,177.52724902444055,184.53761912445867,178.73589835454158
2013-02-09 06:00:00,181.8701909578682,184.53761915448953,180.4086858290834
2013-02-09 08:00:00,175.50278053636464,178.0868032915146,144.88431102833124
2013-02-09 10:00:00,175.5017837971351,172.03430301550327,139.5134617251287
2013-02-09 12:00:00,175.50278055370538,172.0339910063997,144.92691854970204
2013-02-09 14:00:00,175.50378021786972,178.08860694402148,144.92691857091933
2013-02-09 16:00:00,178.596741752403,184.53761903838085,180.81422286771812
2013-02-09 18:00:00,178.5967417279463,184.53761901196913,180.81422286565692
2013-02-09 20:00:00,175.8001763137244,178.77633061603572,180.81422285823248
2013-02-09 22:00:00,175.5032543831429,178.08860600983414,180.81422269449806
2013-02-10 00:00:00,175.44236349316623,178.08680317973705,180.76930873236947
2013-02-10 02:00:00,144.64052597463734,149.9488668602326,147.45466635896094
2013-02-10 04:00:00,144.64052585834102,146.97872556457074,150.25634255523514
2013-02-10 06:00:00,137.2058957522641,134.63401814702848,147.45329266121536
2013-02-10 08:00:00,69.40376438468412,69.78321004912301,75.08713069888286
2013-02-10 10:00:00,38.96369117875539,40.08803744198043,45.724512105954055
2013-02-10 12:00:00,27.278944393845816,25.248823618638667,45.72112606957101
2013-02-10 14:00:00,40.36968357933963,44.46384023312335,75.08713067083386
2013-02-10 16:00:00,62.94722491892337,61.7370044578959,91.037886847333
2013-02-10 18:00:00,63.115840692995434,62.107378511314465,91.0378868289849
2013-02-10 20:00:00,65.58176867676556,68.18455663100113,75.35470831244668
2013-02-10 22:00:00,65.60961752819378,68.1845566227712,75.08713070247204
2013-02-11 00:00:00,66.1485039602571,68.18455678647419,75.08713070226382
2013-02-11 02:00:00,65.58808853148285,68.29403998943505,75.08713070540803
2013-02-11 04:00:00,71.27011979798915,74.14687714469419,78.37538996623657
2013-02-11 06:00:00,73.94447923558465,77.53883291138067,78.37539089444302
2013-02-11 08:00:00,67.57393809985491,73.88873093017509,73.87199469858233
2013-02-11 10:00:00,15.616261744170012,74.18153424191087,28.453910596615664
2013-02-11 12:00:00,0.035161878625642407,92.50723760324708,28.460384278830375
2013-02-11 14:00:00,62.78546493190306,73.91502516129576,69.60808599782983
2013-02-11 16:00:00,76.16403580031347,81.5137022898323,78.93919479514655
2013-02-11 18:00:00,81.1467694842598,93.53920653359927,87.41236586501311
2013-02-11 20:00:00,86.80640921740168,95.81825606963984,92.9592891468136
2013-02-11 22:00:00,86.8066162497349,95.81847528558883,92.95954083961604
2013-02-12 00:00:00,89.918052538547,93.70681770796683,94.66108096342042
2013-02-12 02:00:00,90.15772651150385,93.53920678545677,94.78943719000692
2013-02-12 04:00:00,92.91965742935072,95.4664018684461,98.33875799118589
2013-02-12 06:00:00,107.20858710294269,109.88485205476445,112.50551348345871
2013-02-12 08:00:00,90.5380883026986,94.79157324221924,94.34725378598675
2013-02-12 10:00:00,86.81571033257674,90.62808778293146,91.04096393580254
2013-02-12 12:00:00,92.26016613896287,99.80804361513172,92.96179535674963
2013-02-12 14:00:00,145.62521868441638,173.73120789173976,126.9347817949515
2013-02-12 16:00:00,175.50177244186298,178.91140668073982,179.8338342256865
2013-02-12 18:00:00,175.50325412857114,178.91140667529385,180.1098051622155
2013-02-12 20:00:00,175.5032541591003,178.91140676115,180.10980502230888
2013-02-12 22:00:00,175.50477073281735,178.91140681647923,176.19463846237718
2013-02-13 00:00:00,175.50325412438684,178.91140678257042,174.8086738372355
2013-02-13 02:00:00,175.50325413781763,178.91140685055956,172.35800923485357
2013-02-13 04:00:00,175.86574325037773,178.91140678502765,180.81422307163683
2013-02-13 06:00:00,181.7229560629096,180.46699079001212,180.8144885190181
2013-02-13 08:00:00,152.68601720967416,116.22413085947466,138.54438385891473
2013-02-13 10:00:00,123.65283900022021,87.81624826983122,133.41639162266787
2013-02-13 12:00:00,123.65283898938175,43.1656915819918,133.4163919103542
2013-02-13 14:00:00,125.71846626412238,94.6149413947852,136.2703981467247
2013-02-13 16:00:00,152.68601722141725,116.22413089543717,163.48471577120924
2013-02-13 18:00:00,152.68601721351527,116.22413089681818,163.48471577120472
2013-02-13 20:00:00,115.81283141084963,105.43063179505,133.4275528942951
2013-02-13 22:00:00,93.17810605072303,88.99570305883317,133.4163919147089
2013-02-14 00:00:00,87.12814640954825,75.70662188013112,133.41639191305828
2013-02-14 02:00:00,76.47970288442961,68.84462725646151,133.41639189050764
2013-02-14 04:00:00,76.47970276411311,68.41918601723987,131.88220163517758
2013-02-14 06:00:00,72.11104597942368,69.42177946401591,123.66444327937666
2013-02-14 08:00:00,58.3935546489024,59.36236284358496,65.30109174476144
2013-02-14 10:00:00,17.2927391726447,19.263334357639057,28.453910573403377
2013-02-14 12:00:00,13.986918790592547,16.67811661842021,19.84605517447131
2013-02-14 14:00:00,52.29979321437575,54.82304186016477,59.52338555146417
2013-02-14 16:00:00,70.71656102044055,73.35487000667045,86.27009417099272
2013-02-14 18:00:00,87.9033584736561,88.73324572355338,94.94193702939023
2013-02-14 20:00:00,98.48298629321182,98.48911355923794,106.29860162735211
2013-02-14 22:00:00,121.54424955851941,129.56752433679216,121.79744577527923
2013-02-15 00:00:00,121.97920002720481,130.46357883026295,121.7974457914745
2013-02-15 02:00:00,124.57800636278654,134.0529942471686,123.46182986182167
2013-02-15 04:00:00,169.88116135745867,178.08606911384956,140.5853803393736
2013-02-15 06:00:00,175.5027800639102,178.08606914365419,160.3431274687685
2013-02-15 08:00:00,158.46398541290466,144.7231113748528,131.3152936813613
2013-02-15 10:00:00,128.6968733161819,134.21270255569098,131.3152936835941
2013-02-15 12:00:00,158.46398542677863,144.72311137681788,133.86370660685895
2013-02-15 14:00:00,175.5032539692338,166.7519425923404,147.45362880209774
2013-02-15 16:00:00,181.87099220838084,184.5384206628905,180.81463785414522
2013-02-15 18:00:00,209.23733781377143,208.76435726238742,180.81463784678323
2013-02-15 20:00:00,175.53567716135808,178.23098801517577,180.8146378432452
2013-02-15 22:00:00,175.53543064965163,178.23063822871558,180.8144887890493
2013-02-16 00:00:00,175.53543047233433,178.23063808184776,180.81448859225222
2013-02-16 02:00:00,175.53542593897274,178.23063817272765,180.8144796620381
2013-02-16 04:00:00,175.5354357812129,178.23063903506394,180.81449799582458
2013-02-16 06:00:00,181.7229658858314,181.75076475374001,180.81449809086965
2013-02-16 08:00:00,175.503253875338,178.08991654517877,147.4536283139043
2013-02-16 10:00:00,175.50325386809632,178.0899165415348,147.45362831339247
2013-02-16 12:00:00,175.5032538637347,178.08991653639706,147.45362831390193
2013-02-16 14:00:00,175.50325387049878,178.08991653941095,147.45362832118641
2013-02-16 16:00:00,175.99330308930826,178.08991658254828,180.814637255592
2013-02-16 18:00:00,181.7231074007891,184.53842127789147,180.81463475375702
2013-02-16 20:00:00,178.59726779850692,184.53842080778927,180.81448875497517
2013-02-16 22:00:00,176.85807825516702,180.95546443631832,180.81448859970737
2013-02-17 00:00:00,175.50511901072298,178.16847382943277,180.81422309908925
2013-02-17 02:00:00,175.50377976480493,178.08991668844857,180.8142232532587
2013-02-17 04:00:00,175.5037798187717,178.16543134498394,180.81449028115205
2013-02-17 06:00:00,175.50511898320218,178.089916609675,180.36997611747304
2013-02-17 08:00:00,157.27238294403764,178.0851745503151,145.46147711577476
2013-02-17 10:00:00,157.27238290403784,178.08517452423294,145.4614771160733
2013-02-17 12:00:00,157.27238289084212,178.08517451377534,145.46147711716964
2013-02-17 14:00:00,157.27238292274762,178.08517451973043,145.4614771434478
2013-02-17 16:00:00,175.50376342434572,178.08680313503612,180.8144981382998
2013-02-17 18:00:00,175.5037797532122,178.086803324331,180.81463552853282
2013-02-17 20:00:00,175.50377945522197,178.0868032492895,180.8144886818753
2013-02-17 22:00:00,175.5032537603592,178.08680325090214,180.81422331111483
2013-02-18 00:00:00,175.50325374485573,178.086803190734,180.81392938988418
2013-02-18 02:00:00,175.5032537401239,178.08680323008656,179.18681061679183
2013-02-18 04:00:00,175.5032537797067,178.0886059926684,180.81463551135
2013-02-18 06:00:00,175.5051189890044,178.0899166472696,180.81463551738375
2013-02-18 08:00:00,111.75773147180328,95.72115528758643,108.58517297219711
2013-02-18 10:00:00,76.47970279673513,73.63297673304972,89.51533723399112
2013-02-18 12:00:00,76.47970277533277,66.7320332258068,83.5828398004975
2013-02-18 14:00:00,111.7577314554656,79.6597760947535,100.75865506616873
2013-02-18 16:00:00,175.50277973797375,177.9846875126985,132.8288899247815
2013-02-18 18:00:00,181.73002098594336,177.98468753578376,132.82888992114846
2013-02-18 20:00:00,175.50511883738605,177.98305898447043,131.1789651827214
2013-02-18 22:00:00,175.50377943101813,172.03438410464742,114.72193147594406
2013-02-19 00:00:00,175.50178311752597,172.03438414565687,108.58517298398529
2013-02-19 02:00:00,169.45899829221193,172.03438413434645,108.58517298045625
2013-02-19 04:00:00,169.45974501315828,172.03513077975987,108.58517298296107
2013-02-19 06:00:00,169.45974528345005,177.9846873201157,108.58517298317483
2013-02-19 08:00:00,110.35378071265886,109.68655093553829,73.87452826447027
2013-02-19 10:00:00,77.36264507514407,78.10007079989381,28.458000497476647
2013-02-19 12:00:00,76.21458544711273,67.83041697932698,30.18599325265933
2013-02-19 14:00:00,76.21458538269344,80.7209001579762,72.76514744617538
2013-02-19 16:00:00,93.17810585513753,99.27618449422712,95.24730205230522
2013-02-19 18:00:00,100.61016335513466,118.56227585628615,95.24730208084999
2013-02-19 20:00:00,93.17810581837549,118.56227585714124,95.24730205975264
2013-02-19 22:00:00,107.69565953658518,118.24079636994395,95.24730208960128
2013-02-20 00:00:00,91.97578723240605,96.50883885044189,95.24730207987544
2013-02-20 02:00:00,91.97578723919813,96.50883882147745,95.24730206578904
2013-02-20 04:00:00,91.76462424145573,96.36422841941315,95.2473020655642
2013-02-20 06:00:00,91.83481899175659,96.50883883403444,95.24730205585244
2013-02-20 08:00:00,60.27265082378078,62.947252658597854,65.57114596205602
2013-02-20 10:00:00,23.095903821355737,25.69902734131005,28.461822496373486
2013-02-20 12:00:00,40.3896926826773,21.06380923235207,45.72223520047349
2013-02-20 14:00:00,66.1323574030454,62.876826634054346,73.87452829160678
2013-02-20 16:00:00,83.08682533404716,81.97791380406879,91.954234886299
2013-02-20 18:00:00,86.73512885705155,86.00281404347531,95.24730205379274
2013-02-20 20:00:00,85.64935049572263,83.76596943080057,95.24730204940869
2013-02-20 22:00:00,85.64935044690608,83.76596933995744,95.24730205054394
2013-02-21 00:00:00,85.64935046211899,83.7659693493542,95.2473020502664
2013-02-21 02:00:00,85.64935059531419,83.76596942458026,95.24730205554539
2013-02-21 04:00:00,93.17810572062115,90.55137146977697,103.47724785306049
2013-02-21 06:00:00,93.18034842124467,90.5559917260224,103.4772478595144
2013-02-21 08:00:00,71.50857591078183,69.50922294458509,81.21592148418884
2013-02-21 10:00:00,56.45264487453429,46.27474283559295,73.87465650903643
2013-02-21 12:00:00,70.10621592111801,66.31481113561001,81.50396906702758
2013-02-21 14:00:00,79.06312430592928,76.52849579206082,89.27538489308012
2013-02-21 16:00:00,96.43739782625941,90.62534261818642,109.74119113062635
2013-02-21 18:00:00,97.32480312669512,92.45351277711728,109.74119129027797
2013-02-21 20:00:00,96.68456588189606,91.4694162291056,109.42530982617035
2013-02-21 22:00:00,96.85132904539074,91.8129702267883,109.42530962285156
2013-02-22 00:00:00,96.72288572192421,91.53823521418528,109.43486041797199
2013-02-22 02:00:00,94.98176845057087,91.812970263153,105.79222890637335
2013-02-22 04:00:00,98.16975450411688,94.16170316312268,109.7718661359019
2013-02-22 06:00:00,98.15396937872052,94.1617030678017,109.74119129408284
2013-02-22 08:00:00,72.44193555672878,70.1604941396412,82.41536970471648
2013-02-22 10:00:00,56.16755398567893,46.0758146944216,73.50828989470057
2013-02-22 12:00:00,72.13288554613248,73.33128750015585,78.82385120467124
2013-02-22 14:00:00,75.1048027552677,74.80542340058162,83.2085963354198
2013-02-22 16:00:00,89.9640958212362,92.65490575876275,95.24730215394145
2013-02-22 18:00:00,90.15296094160274,92.74911734674909,95.52545213239277
2013-02-22 20:00:00,89.96409591912287,92.65490602303107,95.24730210794552
2013-02-22 22:00:00,90.15296077672984,92.83776480776102,95.44183236634778
2013-02-23 00:00:00,90.65463533529267,93.02707023170453,96.2381586509748
2013-02-23 02:00:00,90.38333498146136,92.83776474013973,95.88951414767051
2013-02-23 04:00:00,90.15296078616437,92.6549059940166,95.2473021007328
2013-02-23 06:00:00,89.37564493035082,92.65490583238551,91.64289125443304
2013-02-23 08:00:00,43.100638701222195,48.29674665597086,46.020646281161525
2013-02-23 10:00:00,23.079880107061566,25.668825420185264,28.459173405673575
2013-02-23 12:00:00,24.626882848540482,28.85709565027309,28.45800048852726
2013-02-23 14:00:00,40.447664500933264,43.335434843267315,45.54508195890083
2013-02-23 16:00:00,67.13175115119763,70.19261227205493,72.06589538876153
2013-02-23 18:00:00,69.29284744628907,72.8080326336615,72.06589544915708
2013-02-23 20:00:00,69.10144325583245,72.80803263713524,72.06589529179365
2013-02-23 22:00:00,69.13229403193154,72.80803256261433,72.06589540611807
2013-02-24 00:00:00,69.10144329447034,72.80803242686017,72.06589528345248
2013-02-24 02:00:00,67.97175633732894,71.92313241606165,72.06589528377886
2013-02-24 04:00:00,67.97175645503013,71.92313260417322,72.06589541418649
2013-02-24 06:00:00,67.97350257052395,71.92672988729541,72.06589528117598
2013-02-24 08:00:00,41.82343017041951,60.669346862580255,51.493172429246364
2013-02-24 10:00:00,23.096038210886764,25.699027398578565,28.46208417719177
2013-02-24 12:00:00,37.944981760105335,37.9935334974735,45.72057878516432
2013-02-24 14:00:00,40.732290217394514,37.61605117735401,51.493172712940115
2013-02-24 16:00:00,71.01540749165368,74.8054234024472,75.26175428310981
2013-02-24 18:00:00,76.47970262956956,79.07943992738326,81.84881605599992
2013-02-24 20:00:00,76.479702640428,79.0794399253915,81.84881607044514
2013-02-24 22:00:00,78.69647866965605,83.64628667210337,81.84881615364442
2013-02-25 00:00:00,76.71148587232815,79.55694338123735,81.84881615092557
2013-02-25 02:00:00,76.47970265457771,79.07943992936605,81.84881607583785
2013-02-25 04:00:00,76.4797028728021,79.07944033933373,81.84881614829884
2013-02-25 06:00:00,76.47970279267383,79.07944017977356,81.84881613600348
2013-02-25 08:00:00,73.14465857160071,74.68657618345782,62.71628301878372
2013-02-25 10:00:00,60.66409026518256,79.07944010274127,44.22491973571554
2013-02-25 12:00:00,55.65794239203554,76.07012883146095,44.224919683777514
2013-02-25 14:00:00,64.2230193611064,74.10961535564918,62.718580988140054
2013-02-25 16:00:00,77.23832843896614,77.22888582943074,85.06863062341392
2013-02-25 18:00:00,77.50453758732944,80.88547790856629,93.42373545940062
2013-02-25 20:00:00,77.69872856572657,81.01709344833219,93.42373550295737
2013-02-25 22:00:00,89.91805198618717,91.65001795925536,96.105717235359
2013-02-26 00:00:00,86.87433058990486,87.23875346732667,94.35197253549356
2013-02-26 02:00:00,86.59217805751993,86.65748273289981,94.35197235908248
2013-02-26 04:00:00,100.4287036885124,98.98404542891777,109.61281660280754
2013-02-26 06:00:00,118.79199045789684,130.93165553617138,115.16227592182321
2013-02-26 08:00:00,109.73646873298134,130.9316556711198,97.5648569142578
2013-02-26 10:00:00,106.57855931644205,134.26279090652537,88.2859581224286
2013-02-26 12:00:00,109.87069204972275,141.66488792529347,87.70124159269476
2013-02-26 14:00:00,144.89869356029251,177.98468743939102,121.5107147814514
2013-02-26 16:00:00,175.5017825753841,177.98468754613418,160.11913698066223
2013-02-26 18:00:00,169.45891705101064,177.98468750211146,158.62259043539146
2013-02-26 20:00:00,164.5163360356458,177.98468745560282,157.79886294139538
2013-02-26 22:00:00,169.45839144683828,177.98468747389157,158.62241180162837
2013-02-27 00:00:00,164.51633604602372,177.9846874832525,155.7838140564247
2013-02-27 02:00:00,164.51633605994107,177.98468750368954,150.5263070535146
2013-02-27 04:00:00,172.45204509878187,177.98649011087193,168.77941176177785
2013-02-27 06:00:00,175.50325312661445,177.98649042732424,174.80867373374767
2013-02-27 08:00:00,175.50178256395256,177.98649031083346,142.58879785777648
2013-02-27 10:00:00,175.50277927879432,177.9864902899797,137.70395694972595
2013-02-27 12:00:00,172.45204497661283,177.9846876240356,142.5887978638151
2013-02-27 14:00:00,172.4520449577329,177.98468762424366,142.58879786916702
2013-02-27 16:00:00,175.50277918419158,177.98468764490485,166.13663178230954
2013-02-27 18:00:00,175.50325313034176,177.98649054010457,168.77941171476903
2013-02-27 20:00:00,175.50277930062938,177.98649040363063,164.2471726058561
2013-02-27 22:00:00,172.45204498574697,177.98468765207485,160.981330471974
2013-02-28 00:00:00,175.4032791300094,177.98468763982922,142.58879791595118
2013-02-28 02:00:00,172.45204501683267,177.98468766137717,142.58879787706402
2013-02-28 04:00:00,172.45204500229082,177.98649050716733,157.38863931705086
2013-02-28 06:00:00,175.50178244693075,177.9864903201557,142.58879787405598
2013-02-28 08:00:00,119.439920338164,130.98686107071316,90.09320840523927
2013-02-28 10:00:00,102.97084473323599,109.13920015695206,81.87466961946883
2013-02-28 12:00:00,102.97084447886466,109.50598466004679,81.87564305984694
2013-02-28 14:00:00,94.9244733205461,106.57275289612863,82.5341075510624
2013-02-28 16:00:00,110.93135216215695,122.97243365769214,107.39462957137368
2013-02-28 18:00:00,103.69999569120294,106.57275289664115,107.39462957037092
2013-02-28 20:00:00,103.69999508616388,106.57275249411822,107.3946294014573
2013-02-28 22:00:00,103.70030413882571,106.57275283392032,107.39462940440256
2013-03-01 00:00:00,102.97084450227862,106.12364409631832,107.39462939988361
2013-03-01 02:00:00,102.97084448634656,106.57275289104571,107.39462938721469
2013-03-01 04:00:00,102.97084450594501,106.57275250128413,107.39462940444862
2013-03-01 06:00:00,111.09749246056417,115.51621488176121,107.39462939921336
2013-03-01 08:00:00,93.73489529878682,99.20946688781521,81.87564307683381
2013-03-01 10:00:00,93.73489528804564,96.37923450052615,78.45135293223943
2013-03-01 12:00:00,93.73489530159716,99.20946677812134,81.58680270350932
2013-03-01 14:00:00,91.36033027489076,99.209465096556,83.98887628805797
2013-03-01 16:00:00,156.54766231206204,165.93405215681037,120.54481704814513
2013-03-01 18:00:00,165.3866532384731,177.9846871158632,124.6841592617073
2013-03-01 20:00:00,165.38665365230443,177.98468755007485,124.6841594742635
2013-03-01 22:00:00,175.5017822731148,177.9839525166258,127.58741712396657
2013-03-02 00:00:00,171.49763212836814,177.9864902656642,127.58741714960485
2013-03-02 02:00:00,171.49763231101193,177.98706193833175,127.58741714154345
2013-03-02 04:00:00,174.4823665600344,177.9878013900654,127.58741713394245
2013-03-02 06:00:00,175.32208879624721,177.9878014613109,113.107858278843
2013-03-02 08:00:00,175.50178231370882,165.93405221375065,69.099612580968
2013-03-02 10:00:00,175.501782281716,165.93405215649693,46.86210545130308
2013-03-02 12:00:00,175.32208870421346,165.93405214746286,45.722235156759105
2013-03-02 14:00:00,174.48236613158366,165.9340521546023,61.35139702710394
2013-03-02 16:00:00,175.5017822609714,165.93405223801497,67.13567217762446
2013-03-02 18:00:00,175.50277887803384,177.983952535089,67.13567211580072
2013-03-02 20:00:00,174.48236613514666,177.0564365071259,67.1287019144961
2013-03-02 22:00:00,174.48236611042108,177.0564365481165,67.12870187423565
2013-03-03 00:00:00,174.4823661068295,177.05643641570612,67.12870187987818
2013-03-03 02:00:00,174.48236610767245,174.86747115252888,67.12870190104265
2013-03-03 04:00:00,174.4823661599902,172.03539164138033,67.13567006385112
2013-03-03 06:00:00,175.5027789710369,172.03512993642917,67.13567214649275
2013-03-03 08:00:00,160.1950136200287,141.08309178875348,51.68142490398359
2013-03-03 10:00:00,159.25828079686585,161.8363380999484,51.68142487368851
2013-03-03 12:00:00,146.0036688545593,142.32726277026055,51.5629070219199
2013-03-03 14:00:00,146.00366888512013,141.08309156594564,67.12870216422874
2013-03-03 16:00:00,150.6830324789388,173.59221734877707,104.71609202342111
2013-03-03 18:00:00,175.50178213001647,173.59221748209072,124.64233100571215
2013-03-03 20:00:00,175.50178213942743,141.08309161915,124.64233101175643
2013-03-03 22:00:00,146.1828983770669,141.08309159607558,124.64233101134883
2013-03-04 00:00:00,148.64834146980456,141.08309156346218,124.64233100512698
2013-03-04 02:00:00,146.00366888983498,141.08309156056126,124.27134780681385
2013-03-04 04:00:00,146.0036688764947,141.08309155804236,124.64233098900453
2013-03-04 06:00:00,146.0036688566471,141.08309156072102,123.43761609600661
2013-03-04 08:00:00,58.61834360869382,59.12455046436608,65.96224339774746
2013-03-04 10:00:00,22.365636483564185,24.194582101324674,28.461822650538977
2013-03-04 12:00:00,22.568779307600504,24.614684495840017,28.460311724772396
2013-03-04 14:00:00,44.95108275403861,43.980462992622094,53.68804430647872
2013-03-04 16:00:00,70.651108187107,68.91326170034604,80.11177981062553
2013-03-04 18:00:00,71.22664414279895,70.09894064967393,80.11177978799843
2013-03-04 20:00:00,67.57589636123552,66.76746821033584,76.15986581170912
2013-03-04 22:00:00,67.57589640087197,66.76746824211966,76.15986583913029
2013-03-05 00:00:00,67.57589640637414,66.76746824743425,76.15986583039638
2013-03-05 02:00:00,67.5758964187946,66.76746825232506,76.15986582918376
2013-03-05 04:00:00,70.69272602261461,68.99899986854047,80.11177980767026
2013-03-05 06:00:00,70.79467769329898,69.57789681980569,79.76383825487113
2013-03-05 08:00:00,44.420743702556045,48.060881487205876,48.80846760189931
2013-03-05 10:00:00,25.355174643358797,30.352923070234983,28.462290890643295
2013-03-05 12:00:00,29.692373928749156,33.38443557628227,34.03111906596591
2013-03-05 14:00:00,62.402224425041084,63.72188669045678,68.97880766113687
2013-03-05 16:00:00,106.15919602211493,122.34646814582374,98.71145264225048
2013-03-05 18:00:00,111.10824315909478,131.17034593874465,100.00544751219208
2013-03-05 20:00:00,107.58754418178799,125.28905098809719,98.71145269805501
2013-03-05 22:00:00,107.5991543466433,125.28905105419514,98.73401447055605
2013-03-06 00:00:00,119.25284205459157,142.99668087915867,104.67713656663622
2013-03-06 02:00:00,132.85319250302308,154.09340192831706,120.63911172415247
2013-03-06 04:00:00,149.66858534542428,154.0934019026112,120.63911174452755
2013-03-06 06:00:00,149.66858536435697,154.09340203243607,120.63911174414297
2013-03-06 08:00:00,83.7299265944341,86.57464455810097,88.19456716140132
2013-03-06 10:00:00,74.78119554077932,77.4205694810577,78.81628156403681
2013-03-06 12:00:00,67.79840557595978,68.8370006349001,72.43137153654108
2013-03-06 14:00:00,68.1785553416417,70.59885745962262,73.7169258337131
2013-03-06 16:00:00,83.38340566761954,86.57464453598386,88.19456715953963
2013-03-06 18:00:00,77.09323637883598,75.72264952388961,86.20747922928733
2013-03-06 20:00:00,66.64395395105524,70.59885722598676,72.61888771897753
2013-03-06 22:00:00,66.64395393650025,70.59885746267298,72.43137147413132
2013-03-07 00:00:00,66.64395394040726,70.59885745428582,72.43137153203125
2013-03-07 02:00:00,66.64395394426984,70.59885744962006,72.43137160669187
2013-03-07 04:00:00,66.64395394350966,70.59885746764832,72.43137126484099
2013-03-07 06:00:00,66.64395386326143,72.44593758581078,67.13048076231253
2013-03-07 08:00:00,40.369683688071845,75.50557253184076,45.72451212137625
2013-03-07 10:00:00,9.377298884133808,83.74750455855911,28.460384348225844
2013-03-07 12:00:00,40.36784833001098,70.87574385381606,28.461822556898625
2013-03-07 14:00:00,43.502891581936225,69.13384260121873,45.72359155038405
2013-03-07 16:00:00,63.095462787769286,69.13384248510955,57.79399704562647
2013-03-07 18:00:00,63.12469467179549,69.13384244998392,60.8953123267837
2013-03-07 20:00:00,61.05248683583103,69.13384250218083,61.250896492577674
2013-03-07 22:00:00,61.244613009883054,69.13384251252819,61.62425152205869
2013-03-08 00:00:00,61.244613059545486,69.13384250886055,61.62425152759971
2013-03-08 02:00:00,61.24461307999297,69.13384258166077,61.62425152340459
2013-03-08 04:00:00,63.00784726313579,70.89579531780622,61.624251522551546
2013-03-08 06:00:00,63.32969738363082,69.13384237419848,60.266804031298825
2013-03-08 08:00:00,40.25335398384844,64.36630920764809,42.92335560275928
2013-03-08 10:00:00,0.045939062695419135,64.36630920097727,23.283221296841447
2013-03-08 12:00:00,0.035840564106641076,59.127812439097966,20.57567105170216
2013-03-08 14:00:00,40.25335373926753,64.36630923845325,42.923355591936506
2013-03-08 16:00:00,62.60233591774432,71.68190187154245,61.85915323926034
2013-03-08 18:00:00,62.602524300497606,69.76956559803212,63.66338916033683
2013-03-08 20:00:00,61.221007014227446,66.92346005361274,63.66338916038209
2013-03-08 22:00:00,61.22100704411654,66.92346007825395,63.66338916394626
2013-03-09 00:00:00,59.979750044168696,64.3663092592228,63.66338916050611
2013-03-09 02:00:00,59.97975000186379,64.36630917580496,63.6633891586435
2013-03-09 04:00:00,59.55038195664329,63.48175518812387,63.663389144378684
2013-03-09 06:00:00,59.52211336544609,63.42351737912603,63.66338912873575
2013-03-09 08:00:00,40.37125009437606,64.36630927541788,44.90875251915323
2013-03-09 10:00:00,40.36968363319021,64.36630927574052,28.460311757402323
2013-03-09 12:00:00,40.65393130376894,40.683120489355055,38.898733166127435
2013-03-09 14:00:00,51.983487073053894,52.011976713922735,45.72451203897155
2013-03-09 16:00:00,67.49359984121894,68.48510253473694,60.67098391892059
2013-03-09 18:00:00,67.56291020788265,68.48510248365417,60.670983937265305
2013-03-09 20:00:00,67.49359986193758,68.42230797133006,60.670983941450956
2013-03-09 22:00:00,64.44617424452656,66.33534502646282,60.67098393695719
2013-03-10 00:00:00,64.4461742383428,66.28092547805753,60.29736964636663
2013-03-10 02:00:00,63.73226890870453,66.33534492519344,60.29736964087179
2013-03-10 04:00:00,63.71413812218487,66.33534503521513,60.29736964162457
2013-03-10 06:00:00,63.73226834507796,65.0143649076138,57.61066110616515
2013-03-10 08:00:00,26.95221886520633,31.57071518245632,28.460311746712208
2013-03-10 10:00:00,13.191886812875035,20.585420669474228,20.6926117280496
2013-03-10 12:00:00,13.055483818056539,20.64770965195185,20.601777249598427
2013-03-10 14:00:00,23.30348548868858,26.12827487557621,28.46031167991687
2013-03-10 16:00:00,47.17271775925625,52.139460766092,50.30908088948073
2013-03-10 18:00:00,57.521608879866776,60.39113015841859,62.636240350454536
2013-03-10 20:00:00,57.5224536844923,60.392870569930146,62.636240361106886
2013-03-10 22:00:00,60.07732045496772,62.30689246330777,65.79560359605537
2013-03-11 00:00:00,59.98262690339085,62.111811432610715,65.79560358745331
2013-03-11 02:00:00,59.98392034986209,62.11386647897113,65.7961786243427
2013-03-11 04:00:00,65.29646072514855,66.85912327010196,71.64382655636898
2013-03-11 06:00:00,62.53557810877229,64.93265956173383,68.09585284634105
2013-03-11 08:00:00,30.570511326060256,34.85790422447737,43.14565962023643
2013-03-11 10:00:00,22.782925215917388,25.393330749750184,28.955318156274643
2013-03-11 12:00:00,26.795456436437533,25.699027358090877,44.08400619102834
2013-03-11 14:00:00,27.483903233955697,25.699027372946837,45.721126056531176
2013-03-11 16:00:00,49.64352398940194,46.391164652568094,76.01520435713044
2013-03-11 18:00:00,74.36475400156216,72.27822237232238,86.09801854055458
2013-03-11 20:00:00,73.05070107462481,71.5477242875862,86.09801848794389
2013-03-11 22:00:00,72.49233177221973,71.12568260311792,86.10209750660677
2013-03-12 00:00:00,71.44279303640334,68.04398479197137,86.99569633454499
2013-03-12 02:00:00,72.49233178915577,66.48729655146091,87.47105941788237
2013-03-12 04:00:00,74.3646285527141,65.97053469415238,95.23716235125497
2013-03-12 06:00:00,74.36475400114988,60.52898311425267,95.23716232017192
2013-03-12 08:00:00,41.00323822390833,15.631242188117984,72.75754264970502
2013-03-12 10:00:00,27.682183450834092,2.665562151965358,71.12864053382577
2013-03-12 12:00:00,28.363145859614228,2.6567130847653857,72.75754262667147
2013-03-12 14:00:00,42.46447715399626,2.6667026628598793,95.23716230416483
2013-03-12 16:00:00,118.98780323316994,77.0040187020092,156.11291725928544
2013-03-12 18:00:00,175.5027783002536,77.62342423884616,156.11291762521344
2013-03-12 20:00:00,175.50277904765406,92.7149837350256,156.11227924104307
2013-03-12 22:00:00,175.50178149591792,113.34893858053353,156.11291724781702
2013-03-13 00:00:00,175.50178146351996,178.0848980584822,153.69086090839568
2013-03-13 02:00:00,167.71140927542723,178.08489812822532,150.05760312622456
2013-03-13 04:00:00,171.4474719064279,178.08489814494195,156.1129172195844
2013-03-13 06:00:00,152.90485924042136,178.08489808743045,136.97441420187027
2013-03-13 08:00:00,100.2042801079354,98.38924227577104,109.73776486392946
2013-03-13 10:00:00,75.03921042701356,77.0041382870223,103.26432831317152
2013-03-13 12:00:00,74.36487354913308,76.90799423793787,101.76484725386108
2013-03-13 14:00:00,74.36487358632085,71.88045497165079,109.73776487121643
2013-03-13 16:00:00,131.78933466161234,126.24786782655617,144.83788747801432
2013-03-13 18:00:00,162.25024567346006,178.08743592353,155.13272752053493
2013-03-13 20:00:00,175.50178142551624,184.5369674429451,146.73696712085047
2013-03-13 22:00:00,175.50178137065558,178.08743596831536,139.16130545020346
2013-03-14 00:00:00,147.59299643657215,178.08563303355928,126.65128146042643
2013-03-14 02:00:00,144.65538799059914,172.0337777494092,126.65128145292032
2013-03-14 04:00:00,144.65538798413235,172.03377773314247,126.65128147050032
2013-03-14 06:00:00,147.59299641900407,178.0856330473206,126.65128147064299
2013-03-14 08:00:00,75.56071154444263,79.22176032031847,79.92871052081156
2013-03-14 10:00:00,74.36462855018969,84.04991055036879,73.0500857351557
2013-03-14 12:00:00,70.12799825655236,75.31441411317357,73.05714817777277
2013-03-14 14:00:00,77.19643417232444,77.0040187457201,85.19933082878387
2013-03-14 16:00:00,131.74499695122768,144.70284092693748,127.3435101278914
2013-03-14 18:00:00,155.27110007146894,178.06104369389428,141.2788526483751
2013-03-14 20:00:00,155.2711000708765,178.06104369137483,135.8494637081816
2013-03-14 22:00:00,155.27110006062472,178.0610436838122,128.4705749744562
2013-03-15 00:00:00,133.468474613349,160.88367767966932,115.42964279582205
2013-03-15 02:00:00,125.61419524860284,144.70284080063115,115.4296427939682
2013-03-15 04:00:00,125.74675609581362,140.12610521397954,120.00439126513122
2013-03-15 06:00:00,105.78412605611186,106.8208152749001,112.62763225682454
2013-03-15 08:00:00,40.369683780233345,42.98456514405225,45.72451205418166
2013-03-15 10:00:00,18.713958055375983,16.67317454709299,28.46038429196311
2013-03-15 12:00:00,14.44338086956963,12.99969516357502,28.4591733881702
2013-03-15 14:00:00,44.20665839958948,50.890207649797304,45.72359157344227
2013-03-15 16:00:00,69.04403103253232,64.910036785077,82.55155009086062
2013-03-15 18:00:00,67.65374347528933,69.6487695216276,91.8801680053954
2013-03-15 20:00:00,64.32053800548465,66.92346018633562,82.55155011784163
2013-03-15 22:00:00,64.3205379865762,66.10817371686453,82.33578583513761
2013-03-16 00:00:00,64.32053789503618,65.76359071992317,78.29709750628783
2013-03-16 02:00:00,58.44634147521205,63.066731967161374,78.29709745391351
2013-03-16 04:00:00,58.44634148460341,63.06673197934849,78.29709744766787
2013-03-16 06:00:00,49.28546719945167,54.87235855974491,65.98201671763431
2013-03-16 08:00:00,1.8410987971204367,25.699026878429418,13.097274248168745
2013-03-16 10:00:00,0.034924020535353734,6.576931465695769,5.593859986063225
2013-03-16 12:00:00,0.035077623296008525,4.449486093660436,5.385597819784308
2013-03-16 14:00:00,2.6228898379617434,24.368349055326117,13.09727426853058
2013-03-16 16:00:00,40.369683595660085,44.53409999806529,45.72451205917698
2013-03-16 18:00:00,42.86948329709244,48.13545315045315,45.72359156113247
2013-03-16 20:00:00,43.60284220201208,49.64888160502609,45.72112605173664
2013-03-16 22:00:00,44.99371733468477,51.05440274415219,47.09818591059275
2013-03-17 00:00:00,44.99371743209284,51.054402810436684,47.09818602392017
2013-03-17 02:00:00,44.67441184275945,50.396591833776,47.098186023746464
2013-03-17 04:00:00,44.2870720137026,51.05440283777333,47.09818602753687
2013-03-17 06:00:00,53.688409978491016,55.94647463929936,47.09818601740402
2013-03-17 08:00:00,29.957477569799416,32.5991511025538,28.458084421094533
2013-03-17 10:00:00,40.36784671703439,36.49416678718401,16.756459600047194
2013-03-17 12:00:00,40.37125034252031,52.92553503218022,11.357993800745092
2013-03-17 14:00:00,40.36968358425633,40.342301435849414,28.460311705955434
2013-03-17 16:00:00,43.60561929706943,49.65101323100159,45.72451208325516
2013-03-17 18:00:00,51.92594031854256,57.557466916675814,55.30708181057446
2013-03-17 20:00:00,50.53639521076171,55.702889576913456,53.48433685018529
2013-03-17 22:00:00,51.98129852024908,56.74723148077444,55.30708181622738
2013-03-18 00:00:00,56.43298510254074,59.84514958448564,55.30708182476099
2013-03-18 02:00:00,63.84808969495171,65.1519670094865,55.738571894309
2013-03-18 04:00:00,67.5629102978412,69.20247439115386,60.287527969710645
2013-03-18 06:00:00,66.059782600116,67.15963641774556,57.61643567568404
2013-03-18 08:00:00,31.71128887933063,65.15196821817372,44.54199765702852
2013-03-18 10:00:00,9.575939878393665,59.22553828076085,28.46182255503237
2013-03-18 12:00:00,49.09239540865072,65.15196825416562,41.7651082762515
2013-03-18 14:00:00,70.85454010817045,77.00401880454353,62.48795962830581
2013-03-18 16:00:00,87.19670714987018,91.25996256748937,71.4568462651829
2013-03-18 18:00:00,89.91805111800444,95.82823987344662,71.45684628516909
2013-03-18 20:00:00,85.21232064766285,90.39968815827764,71.45684621340149
2013-03-18 22:00:00,82.49059474864231,88.33806142378285,71.4568462681232
2013-03-19 00:00:00,82.49059475894352,82.2067999846694,71.4568462741112
2013-03-19 02:00:00,82.49059478801973,82.20715530055081,71.4568464147577
2013-03-19 04:00:00,86.80640973229166,89.9980140751821,71.76475459309535
2013-03-19 06:00:00,86.81571041072469,83.78110750178213,71.76475457303779
2013-03-19 08:00:00,69.28083721158839,71.88246027922136,45.72112605090564
2013-03-19 10:00:00,72.49233176183606,75.38454650356927,28.462291005805426
2013-03-19 12:00:00,72.4923317582344,75.38454646648667,28.4622908606041
2013-03-19 14:00:00,72.49233178211789,71.88246008373889,45.721126048566106
2013-03-19 16:00:00,75.1117546462547,81.74815932101451,76.67315837919702
2013-03-19 18:00:00,92.4047896470925,94.93458969423341,94.80807812417412
2013-03-19 20:00:00,89.91805115325256,92.59171127601348,94.80807804437413
2013-03-19 22:00:00,89.91805114456648,92.59170974296414,94.80807801528339
2013-03-20 00:00:00,89.91805114581425,93.02568246922964,94.8080780292196
2013-03-20 02:00:00,89.91805114211155,93.15971411057917,94.68164858272117
2013-03-20 04:00:00,89.40467332376808,91.968057382418,94.80807804015409
2013-03-20 06:00:00,88.05033581347803,90.56623908343337,93.49852824522647
2013-03-20 08:00:00,69.25119222929098,71.88246019269589,70.63784191776958
2013-03-20 10:00:00,69.28083709913935,71.88246018681262,63.60766483570445
2013-03-20 12:00:00,66.62797356451266,90.56623906337231,51.868869201478404
2013-03-20 14:00:00,74.36702614000217,87.69073031875699,69.62043059729129
2013-03-20 16:00:00,114.12082990340794,135.84629104045578,101.44902066443667
2013-03-20 18:00:00,169.12160126744357,178.0610436674332,105.32907389128417
2013-03-20 20:00:00,169.1242234168999,178.06341927326008,105.3290738954985
2013-03-20 22:00:00,175.50178092894922,178.06342046364423,105.32907389587083
2013-03-21 00:00:00,175.5017809249037,178.06341944030473,105.32907386747941
2013-03-21 02:00:00,153.38734477870048,178.06104368818006,105.32907386594191
2013-03-21 04:00:00,153.38734516783728,178.0610441506721,105.32907389612119
2013-03-21 06:00:00,152.2813267416844,178.0628464262574,103.54942362019631
2013-03-21 08:00:00,77.36786684848344,94.32451989747605,69.1943813949926
2013-03-21 10:00:00,74.23702524449408,88.30826492870149,68.7852935838221
2013-03-21 12:00:00,74.23702522142281,76.8762565184901,67.14048589451737
2013-03-21 14:00:00,86.67800867825358,76.87625650904545,69.28446312561502
2013-03-21 16:00:00,89.91805107052718,94.32451989130175,90.48628067903333
2013-03-21 18:00:00,93.17810468011982,94.3245199060624,93.6546464762032
2013-03-21 20:00:00,86.34221389077699,90.24065983129817,90.48628067989127
2013-03-21 22:00:00,75.37389687539162,72.51670007590575,85.89042984441511
2013-03-22 00:00:00,73.09465571554198,70.87957893124144,83.0054893941185
2013-03-22 02:00:00,72.49233169490758,69.80675193540294,82.84698166825316
2013-03-22 04:00:00,74.40682489971549,71.14262968173315,85.30727157916448
2013-03-22 06:00:00,59.64566548860579,60.003633399170795,67.12939621976702
2013-03-22 08:00:00,7.261666654857867,9.908352536894034,12.881293121680121
2013-03-22 10:00:00,0.034593182153072576,2.665777546213906,6.301309971343022
2013-03-22 12:00:00,0.03433459761738314,2.654893668074933,6.23013946464526
2013-03-22 14:00:00,0.03511428150446489,3.780936015238055,11.085338846371535
2013-03-22 16:00:00,38.218045570797265,41.77105952596741,45.72112605993555
2013-03-22 18:00:00,40.36968359273374,43.05051291815542,47.16840289964322
2013-03-22 20:00:00,38.97544645299515,40.547248488657495,45.724511949760355
2013-03-22 22:00:00,40.367846775976915,42.81691228446446,47.098188440707375
2013-03-23 00:00:00,39.856984131200555,42.877459095653364,47.249167096742326
2013-03-23 02:00:00,40.42014083145653,43.05051298858928,47.24916712587621
2013-03-23 04:00:00,40.44767062819225,44.463840359361804,47.24916720299897
2013-03-23 06:00:00,40.2460176866198,41.11346440040145,47.2491670988505
2013-03-23 08:00:00,0.035273373183965374,25.699027361406287,14.189053539892221
2013-03-23 10:00:00,0.0345931811313589,25.699027428507765,9.284203060691869
2013-03-23 12:00:00,0.03459317176247546,25.699027377189882,9.23202167645573
2013-03-23 14:00:00,0.03492924759325161,25.69902738478948,19.038616364371073
2013-03-23 16:00:00,38.08913842181768,43.61847410528644,51.54069847697119
2013-03-23 18:00:00,42.75726196868421,47.95419670291438,50.235431116493245
2013-03-23 20:00:00,40.371250333406714,48.11262057601508,52.10218032261597
2013-03-23 22:00:00,52.69475507455265,57.02299581076804,61.495436136516425
2013-03-24 00:00:00,46.47095380255937,52.83438782668568,61.49543615365124
2013-03-24 02:00:00,46.470953779402954,52.83438779853924,61.49543615787601
2013-03-24 04:00:00,46.21050452532587,52.26229611770654,61.495436159603926
2013-03-24 06:00:00,42.46448113400965,50.29119037879968,60.297667454470684
2013-03-24 08:00:00,0.04762195816601276,26.47722515973463,28.46227550243311
2013-03-24 10:00:00,0.03505190836442009,34.438765416968614,28.19646203579999
2013-03-24 12:00:00,0.03471151683485325,25.699027383947172,17.09679054617517
2013-03-24 14:00:00,0.035945588947580265,26.477225153289343,28.460311729454148
2013-03-24 16:00:00,40.367846659395646,48.02215959439229,51.4341795706761
2013-03-24 18:00:00,49.247453521504966,54.43306053538536,52.17736647369855
2013-03-24 20:00:00,49.254095513509704,54.43879547143375,52.18486413010505
2013-03-24 22:00:00,53.60177656596373,57.72865212890074,60.29766745171612
2013-03-25 00:00:00,55.6342626606778,58.98214288284,60.29766746831246
2013-03-25 02:00:00,55.63426273520473,58.98214295666878,60.29766753780339
2013-03-25 04:00:00,60.3533169751468,63.210200677035274,65.47986923783739
2013-03-25 06:00:00,56.31649510770946,60.3876304082357,60.29766751141111
2013-03-25 08:00:00,0.035203220323911336,12.154233681656113,28.459173405624732
2013-03-25 10:00:00,0.034593172547964124,13.731808580747348,15.541834477415685
2013-03-25 12:00:00,0.03433456824623852,12.154233690738007,5.985823145441508
2013-03-25 14:00:00,0.034593179622882726,8.20350539409449,21.653400384394757
2013-03-25 16:00:00,37.15280336805062,45.23996870665625,47.55867440589019
2013-03-25 18:00:00,64.16527311776426,66.6200019477857,69.67117021869161
2013-03-25 20:00:00,64.10339281744834,66.4925208490145,69.67116986662694
2013-03-25 22:00:00,64.1652731269678,66.62000195693246,69.67117022005556
2013-03-26 00:00:00,64.16527315123575,66.6200019708033,69.67117024805742
2013-03-26 02:00:00,65.29772624089279,67.41019483938517,71.12647072712646
2013-03-26 04:00:00,69.15969422017567,71.60158040962399,74.67770554304502
2013-03-26 06:00:00,69.15987752064655,71.60170828794115,74.67794114424936
2013-03-26 08:00:00,0.035191350923584455,16.74645667092374,45.721126066353236
2013-03-26 10:00:00,0.031202939573522753,2.6675051052070815,28.458084417441057
2013-03-26 12:00:00,0.03409324746700114,8.550653107366461,27.092169307723275
2013-03-26 14:00:00,0.03471157400271864,25.21537911771985,45.720578298625355
2013-03-26 16:00:00,65.8975236647305,67.53882770927056,72.68908878314899
2013-03-26 18:00:00,73.46249694442272,76.62978167147655,78.29625402598589
2013-03-26 20:00:00,72.78402856111694,75.23204852040016,78.2962540018229
2013-03-26 22:00:00,76.57746441589596,79.86479429517796,81.29798516579626
2013-03-27 00:00:00,82.1042027139173,84.43162097995648,87.73018936388637
2013-03-27 02:00:00,82.1042027197804,84.43162097618907,87.73018937779867
2013-03-27 04:00:00,84.56371234053478,86.14779536852768,90.89087263373563
2013-03-27 06:00:00,80.44515459392053,83.27398540274275,85.59816856903228
2013-03-27 08:00:00,40.37125037209443,56.49799607309285,58.94789492901834
2013-03-27 10:00:00,0.03471157174662521,25.699027343748266,43.691362866919654
2013-03-27 12:00:00,0.03459324557212103,25.69902735278926,28.462290954042473
2013-03-27 14:00:00,21.021613840284722,71.76157841219035,45.723591497617186
2013-03-27 16:00:00,69.62760025698795,75.07826004775298,74.59265973069118
2013-03-27 18:00:00,87.83997998483568,94.26595027707505,90.16003594463766
2013-03-27 20:00:00,87.83998000020391,91.60640094767645,90.16003601731221
2013-03-27 22:00:00,87.52222685183132,90.11907231162866,90.16003595855072
2013-03-28 00:00:00,86.81571068766958,89.43847370406016,90.38980337840606
2013-03-28 02:00:00,87.09070776942816,89.68766621449811,90.38980339725444
2013-03-28 04:00:00,87.0907066653008,90.67725275115178,91.52898254830181
2013-03-28 06:00:00,86.81571668819178,89.09550753742442,90.38980339110674
2013-03-28 08:00:00,60.12356235129991,70.61687056077432,67.6257865740967
2013-03-28 10:00:00,26.13162292508122,25.699027335489728,45.718559340638706
2013-03-28 12:00:00,56.814873223140076,60.880155907616185,60.80156622007993
2013-03-28 14:00:00,69.16192839038561,70.79156504162279,71.17099827100922
2013-03-28 16:00:00,84.9679468561223,87.75535289778718,90.16003599443347
2013-03-28 18:00:00,98.47565572969778,98.01046978248527,93.20437657229975
2013-03-28 20:00:00,96.07094532645355,97.41608034325711,92.85402325088256
2013-03-28 22:00:00,94.5325101747025,98.76039367700946,93.61497320441339
2013-03-29 00:00:00,93.17810484265225,97.80463628637354,93.6149732115613
2013-03-29 02:00:00,93.17810484350179,98.24379319387553,93.61497320776182
2013-03-29 04:00:00,93.17814447861612,98.01234530098992,93.61497321240186
2013-03-29 06:00:00,93.17871367900607,96.42470391803677,92.0844805824217
2013-03-29 08:00:00,73.50288684105938,72.73900650200999,71.5409007760279
2013-03-29 10:00:00,73.50288683268563,78.00730025306444,71.54090071352398
2013-03-29 12:00:00,79.58007620575287,96.42470393960515,71.51226206156876
2013-03-29 14:00:00,83.59198681265862,100.88143036067378,75.104586588535
2013-03-29 16:00:00,117.38018146858904,144.4712152142662,99.6471322663326
2013-03-29 18:00:00,144.63172239407612,178.06030858018084,120.92058346623344
2013-03-29 20:00:00,144.63172238662952,178.06030854592953,120.92058347203104
2013-03-29 22:00:00,144.631722406071,178.0603085658039,120.92058347109499
2013-03-30 00:00:00,144.6317224404275,178.06030857961204,120.92058346487302
2013-03-30 02:00:00,144.6317223393178,178.06030847101425,120.92058343286608
2013-03-30 04:00:00,144.6317222635516,178.06030859217947,120.92058318557679
2013-03-30 06:00:00,117.78146778419305,144.70224535004715,100.20901790939173
2013-03-30 08:00:00,74.4175641418716,76.93189895970667,79.86723599093509
2013-03-30 10:00:00,74.21050351745295,76.87658474778074,79.51703585257721
2013-03-30 12:00:00,74.23735333409138,76.9318989701002,79.51703586163005
2013-03-30 14:00:00,74.41756416466433,76.93189889719079,79.86723614806462
2013-03-30 16:00:00,93.17810468186548,95.78815031941457,98.5374943658394
2013-03-30 18:00:00,144.07042648403754,172.03377840714577,104.24981995888663
2013-03-30 20:00:00,142.90440950953362,172.03377844104463,104.24981996009349
2013-03-30 22:00:00,141.20595220107518,172.0337804176056,104.24981995746607
2013-03-31 00:00:00,141.20595238163696,172.033780542934,104.24981989268971
2013-03-31 02:00:00,144.45660472127497,172.033780581767,104.24981995154722
2013-03-31 04:00:00,144.4566047227255,170.74098674112284,104.24981988509761
2013-03-31 06:00:00,111.0381310543348,121.08165686011596,85.64995426779836
2013-03-31 08:00:00,72.68386371521198,81.84688399393634,71.86196001973717
2013-03-31 10:00:00,82.4782055698623,102.7572368879793,71.17078534278734
2013-03-31 12:00:00,82.47810509079338,102.75723691599228,71.17058804985649
2013-03-31 14:00:00,82.83387978648003,102.75723693431266,71.86196001583838
2013-03-31 16:00:00,86.67354044489514,102.75723724652383,78.6224127393886
2013-03-31 18:00:00,93.8842023889756,104.19563973057346,91.97901941276177
2013-03-31 20:00:00,93.17810473435918,103.09537629795113,91.64473062878467
2013-03-31 22:00:00,93.1781047194888,102.7572369434472,91.963690902004
2013-04-01 00:00:00,93.17810471782431,102.82519565930468,91.89958673634813
2013-04-01 02:00:00,93.17810473436063,102.80377892491208,91.91978849268394
2013-04-01 04:00:00,93.17810467702401,102.75723695648425,91.9453895353987
2013-04-01 06:00:00,79.98496981875736,77.27572392685265,74.35229946655559
2013-04-01 08:00:00,65.51786018554225,44.07032007886521,64.17252736155349
2013-04-01 10:00:00,36.843619101569566,25.699027354384874,45.721126084072104
2013-04-01 12:00:00,31.428408198696598,25.699027323862644,45.721126058449116
2013-04-01 14:00:00,40.36968361705348,27.5397295690403,64.17252760336754
2013-04-01 16:00:00,69.17906055138748,66.76823594951894,78.19858944273146
2013-04-01 18:00:00,81.96721332486935,76.87638204696785,94.59069011634672
2013-04-01 20:00:00,81.96293957923122,76.8762565148233,94.58250352664697
2013-04-01 22:00:00,80.36070359554519,72.96710856800235,95.15633263300239
2013-04-02 00:00:00,89.91776825492974,68.12046869451714,95.3145892566023
2013-04-02 02:00:00,89.91805109226352,72.9671086246932,95.3145892651795
2013-04-02 04:00:00,93.17810475091257,77.50559013953867,95.31458924167353
2013-04-02 06:00:00,89.91805108050355,77.50558919920657,95.31458921803694
2013-04-02 08:00:00,64.21405873055522,52.61813664947796,71.86195991087737
2013-04-02 10:00:00,0.03433429798558052,2.6502310589217997,55.01246222494969
2013-04-02 12:00:00,0.033385212947914016,2.6500087736202977,45.7235908897393
2013-04-02 14:00:00,0.03459316594982402,2.6553741606712857,66.27833593747455
2013-04-02 16:00:00,66.74472861276959,65.971543173638,78.19858943087921
2013-04-02 18:00:00,73.32416143670933,72.27025787159941,82.13968307509933
2013-04-02 20:00:00,72.78396605588468,70.89182801668873,82.39017792692803
2013-04-02 22:00:00,71.72256173751367,70.15229271478745,81.0251608671009
2013-04-03 00:00:00,75.26970745613517,72.62847031310412,85.58252991242914
2013-04-03 02:00:00,76.7981441629133,74.70048501809642,86.59822007965873
2013-04-03 04:00:00,79.0812660949078,77.62357819455531,88.27766961128994
2013-04-03 06:00:00,71.66031186197728,75.05959415814286,76.27523002908046
2013-04-03 08:00:00,30.654799708327698,32.66180480828447,45.72359158350372
2013-04-03 10:00:00,0.034594501740134585,2.654894204882302,39.02077365796801
2013-04-03 12:00:00,0.03459321141331468,2.66572313690396,31.361800443564256
2013-04-03 14:00:00,0.035105058114241555,2.665723423181571,45.53911759223161
2013-04-03 16:00:00,55.275545518120474,57.42078233296769,71.50820061602143
2013-04-03 18:00:00,69.25066012429633,70.09539825126879,76.27523003951042
2013-04-03 20:00:00,68.03506562792994,67.59111552270335,76.27523003255473
2013-04-03 22:00:00,68.03579347839394,67.59261498884894,76.27523003986818
2013-04-04 00:00:00,68.02418571726447,67.56870148813302,76.27523003463205
2013-04-04 02:00:00,68.58184176088872,68.60086231179368,76.38529497199774
2013-04-04 04:00:00,70.2199877288794,70.10618929202066,78.14872651010133
2013-04-04 06:00:00,67.20363451273283,70.09539838403744,72.29728493344321
2013-04-04 08:00:00,39.83176793900851,41.879978204588355,45.721126048806184
2013-04-04 10:00:00,17.694765410213595,20.146407909070653,28.453910601981725
2013-04-04 12:00:00,18.36172033271118,21.60655118964469,28.459173321035493
2013-04-04 14:00:00,40.369683617227466,25.69902739189639,45.72112604228469
2013-04-04 16:00:00,64.03725987903275,63.68577532873777,71.86196055237234
2013-04-04 18:00:00,69.94992795732492,70.09539836584598,77.6341034569483
2013-04-04 20:00:00,68.19932893376705,67.80858039016965,76.38930934260688
2013-04-04 22:00:00,68.20005215467344,67.81007036507788,76.38930931397138
2013-04-05 00:00:00,68.17467601759319,67.6867137407175,76.45635624967274
2013-04-05 02:00:00,71.07844358965052,69.20909021011508,80.66316313044221
2013-04-05 04:00:00,72.78402879086363,72.22437556165428,86.28618297151587
2013-04-05 06:00:00,72.10310442107345,72.22437268701196,79.81010932086967
2013-04-05 08:00:00,50.69211703253616,42.25513396054842,66.47196665497124
2013-04-05 10:00:00,51.201987824447784,42.609307692320805,67.1286904181468
2013-04-05 12:00:00,42.46448887138209,37.229863448754855,67.12869011232623
2013-04-05 14:00:00,50.97298111625734,42.451111996904075,66.8328891557807
2013-04-05 16:00:00,72.78402853876534,71.1934505493996,82.10578468964762
2013-04-05 18:00:00,89.91805098638366,91.4266524357569,96.31641154322956
2013-04-05 20:00:00,93.03553537912929,95.81885312969372,98.23148090376534
2013-04-05 22:00:00,93.178104978082,97.26739713374586,97.1421503043831
2013-04-06 00:00:00,94.65822135932102,99.1617978173773,98.23148032923459
2013-04-06 02:00:00,96.30874728228753,102.44962615358676,98.3375708429833
2013-04-06 04:00:00,99.87231413467465,109.78904857357391,98.33944670340017
2013-04-06 06:00:00,104.82213413530438,109.78904854570888,98.33944670064673
2013-04-06 08:00:00,77.94491289451159,83.11397794519719,80.89042951366471
2013-04-06 10:00:00,67.1924941042689,67.11789577523538,75.08425620856573
2013-04-06 12:00:00,66.24565063305326,66.5349494056168,75.0842559349082
2013-04-06 14:00:00,73.05980061329097,71.7615768989759,82.10578467214373
2013-04-06 16:00:00,90.37731639592884,89.4025248126825,99.11821320476152
2013-04-06 18:00:00,154.7715428825201,178.0571117252637,100.13828715171547
2013-04-06 20:00:00,169.4597451296539,178.05891458615545,100.13828715286544
2013-04-06 22:00:00,169.45974516831967,178.0589146278613,100.13828714818489
2013-04-07 00:00:00,169.4597451725133,178.05891463101904,100.1382871314111
2013-04-07 02:00:00,169.45899893511782,178.05891464560077,99.073787960744
2013-04-07 04:00:00,169.4586022406743,178.05891462126218,98.3505619816015
2013-04-07 06:00:00,93.17810471760453,95.81793361175403,71.86196000106347
2013-04-07 08:00:00,71.9568087318928,77.62357801611903,66.12123622506638
2013-04-07 10:00:00,45.2362627895379,38.44827719039795,59.4606322128588
2013-04-07 12:00:00,41.98283827449369,36.17813204462985,55.279699446503635
2013-04-07 14:00:00,63.06683523044275,68.1204686138393,66.12123624789592
2013-04-07 16:00:00,75.44637344890359,78.08592162374096,73.50691267724503
2013-04-07 18:00:00,110.47263580456267,95.81793361291045,95.7769228614928
2013-04-07 20:00:00,111.03813074365587,90.24707396994859,95.7769228331055
2013-04-07 22:00:00,93.65690390616018,78.0859216302459,95.776922833623
2013-04-08 00:00:00,93.65683477933511,78.08592164114484,95.77685611363422
2013-04-08 02:00:00,93.17810455383592,90.2470740090004,95.7769228420205
2013-04-08 04:00:00,93.17810452723651,90.24707404850339,95.77692285450705
2013-04-08 06:00:00,86.92072794337469,76.87638205691678,89.27239603840336
2013-04-08 08:00:00,65.12366452721416,66.60495657975177,71.5477855096631
2013-04-08 10:00:00,54.49479640546304,56.2472589454232,60.66312760462431
2013-04-08 12:00:00,40.37125035371144,42.63157238503037,46.06052760565181
2013-04-08 14:00:00,64.3666558222405,66.60495658085415,70.07670529327025
2013-04-08 16:00:00,72.44879254550818,72.54821775304211,80.17640162421401
2013-04-08 18:00:00,74.42237011767399,75.08755532159117,81.61630882077857
2013-04-08 20:00:00,70.38295469060502,71.51524107656762,78.03114129551548
2013-04-08 22:00:00,70.38295465537968,71.5152411598928,77.13628622702838
2013-04-09 00:00:00,70.38295469140519,71.51524082088088,77.1362862296729
2013-04-09 02:00:00,70.38295471126207,71.51524083392053,77.13628622836781
2013-04-09 04:00:00,72.78402816578783,76.46176384371445,77.13628667264659
2013-04-09 06:00:00,69.1598111215296,76.46176380485278,70.0934163518608
2013-04-09 08:00:00,50.60458998592738,51.66185126738129,45.721126070211135
2013-04-09 10:00:00,40.36968356847789,54.4036182793234,34.953141341687925
2013-04-09 12:00:00,54.007084250619144,71.51524046249511,45.31337656703932
2013-04-09 14:00:00,65.0614929858786,76.87650153743324,47.89079952277587
2013-04-09 16:00:00,72.78402844012027,80.96051912478839,71.54736840342916
2013-04-09 18:00:00,107.15210368283046,122.85244645097036,77.13628626025856
2013-04-09 20:00:00,107.15210360626419,122.85244645726635,77.13628622253036
2013-04-09 22:00:00,107.15210369291044,122.85244647493813,77.1362862288091
2013-04-10 00:00:00,107.04887977821862,122.6538742040057,77.13628628715756
2013-04-10 02:00:00,107.10207608599157,122.756208051699,77.13628629030669
2013-04-10 04:00:00,111.03813106171451,119.790894427792,79.89671061389379
2013-04-10 06:00:00,109.4635190263138,115.61415970728748,71.47840283791635
2013-04-10 08:00:00,86.81571060086254,92.76479490067561,45.72223517028335
2013-04-10 10:00:00,72.7840285003916,87.3587697261917,45.721126014438155
2013-04-10 12:00:00,70.88070293468158,87.35876978011318,45.72451201918579
2013-04-10 14:00:00,72.7840290572772,94.12086491474463,60.288054909391136
2013-04-10 16:00:00,100.93548197839434,115.61415970323935,94.91076624231988
2013-04-10 18:00:00,122.5279012351832,115.61415972112879,101.39379333535993
2013-04-10 20:00:00,122.5279012356496,115.61415967324986,101.3937933246852
2013-04-10 22:00:00,122.52790122585317,89.4036315759806,101.39379334242795
2013-04-11 00:00:00,99.22476512713692,89.40364665269638,101.39379335093554
2013-04-11 02:00:00,99.22476505402837,89.40364666839159,101.39379327309673
2013-04-11 04:00:00,99.22476504741908,94.12086246928976,101.39379328573513
2013-04-11 06:00:00,86.81571064357189,57.70542807324623,79.82786576057504
2013-04-11 08:00:00,67.30804027097253,25.699027465146237,59.75865222455171
2013-04-11 10:00:00,67.31468881244687,25.69902735398786,45.72223516908984
2013-04-11 12:00:00,69.15992243824401,25.699027323874855,45.721126199689394
2013-04-11 14:00:00,72.78402844752007,57.70543216354286,65.74953400863428
2013-04-11 16:00:00,119.12023354286906,150.93053387651545,96.9355921356917
2013-04-11 18:00:00,137.19195288162632,178.0571118478221,103.66935181652408
2013-04-11 20:00:00,137.19195286065477,178.05711185346195,103.6693518991866
2013-04-11 22:00:00,137.19195295171377,178.05711184405163,103.66935182628382
2013-04-12 00:00:00,136.20490271722767,178.05637673368176,103.42037831412563
2013-04-12 02:00:00,115.96386075124518,144.69965599360538,96.67934002109446
2013-04-12 04:00:00,114.73105168261276,142.30769925076763,96.539932363338
2013-04-12 06:00:00,74.87177844179587,57.55646742653627,67.13350858695978
2013-04-12 08:00:00,69.15992245405394,5.709245743797172,56.98233988098014
2013-04-12 10:00:00,60.6233055793772,2.654983506949397,49.18933956577222
2013-04-12 12:00:00,60.33445814712314,2.654983489645264,47.723588747497494
2013-04-12 14:00:00,60.62330557642845,2.6549835626401124,52.79482519603204
2013-04-12 16:00:00,63.5133335969306,25.69902736279774,65.79461988620612
2013-04-12 18:00:00,63.51333316000867,57.556467506819466,66.66995364241222
2013-04-12 20:00:00,60.623305575027736,57.55646809836832,65.79461994321812
2013-04-12 22:00:00,60.62330557478563,63.620926476253416,65.61710305728425
2013-04-13 00:00:00,60.62330557926383,63.62092654349022,65.6171030581944
2013-04-13 02:00:00,60.62330558528375,63.620926565605544,65.61710305699097
2013-04-13 04:00:00,60.62330605899522,63.620927509155415,65.61710307646084
2013-04-13 06:00:00,40.36968324057703,31.14275556216622,40.66936251950224
2013-04-13 08:00:00,32.67660846593249,19.882515571060978,28.458084395661082
2013-04-13 10:00:00,32.676608422686265,18.678838322206015,28.458084403820415
2013-04-13 12:00:00,21.584693524640578,2.6674176391580886,25.01940351411789
2013-04-13 14:00:00,24.616388834276332,18.678838327682705,28.46031172757794
2013-04-13 16:00:00,40.36968355103353,25.699031030886736,57.002320264925274
2013-04-13 18:00:00,40.369683555566446,28.130722856348946,63.02889398881723
2013-04-13 20:00:00,37.44900573529994,25.69902739173228,60.29654734081755
2013-04-13 22:00:00,32.676608717724015,25.69902735218829,55.94054194919148
2013-04-14 00:00:00,32.67660871728788,25.699027352676865,52.047176288509974
2013-04-14 02:00:00,32.676608720400985,25.69902736110791,52.04717628832465
2013-04-14 04:00:00,32.6766087136921,25.699027378963773,52.04717655059982
2013-04-14 06:00:00,1.2312255538562198,5.667484093897112,28.459173398892297
2013-04-14 08:00:00,1.2312255561407304,4.463368404710726,10.016532365462435
2013-04-14 10:00:00,0.034924157679126884,2.6547094245658003,5.385126739590972
2013-04-14 12:00:00,0.03432205033527323,2.6537900516595614,5.384823852466182
2013-04-14 14:00:00,0.03471154469548171,2.6565612680668327,10.016532145638227
2013-04-14 16:00:00,0.04624389343807783,8.42094764980732,33.128647068001406
2013-04-14 18:00:00,13.821264592587182,20.916623189638777,33.91117151548088
2013-04-14 20:00:00,11.17238939001886,19.49258705157838,33.6390215288683
2013-04-14 22:00:00,11.172389394513841,19.000220700479694,28.461821073760248
2013-04-15 00:00:00,11.182767605734268,19.002692633979702,28.46182107311715
2013-04-15 02:00:00,22.67207722664066,26.953299479760073,28.461821191419922
2013-04-15 04:00:00,23.300960043121755,27.671231048908112,33.63902153133433
2013-04-15 06:00:00,21.145922816487136,22.647625278006508,27.55079109743592
2013-04-15 08:00:00,17.105362519570143,20.43711608416014,14.46996710841011
2013-04-15 10:00:00,17.105361134812718,18.93752866010596,6.625794787375802
2013-04-15 12:00:00,0.03966399163143822,2.66306350368186,5.386457206425304
2013-04-15 14:00:00,17.105362609594554,18.825036792362507,23.400306058703414
2013-04-15 16:00:00,37.13373514367925,37.67788980743432,44.44183955777824
2013-04-15 18:00:00,40.36968358435823,42.70748790972622,45.98587325050795
2013-04-15 20:00:00,40.36968358894058,42.707487928731894,45.98587324507463
2013-04-15 22:00:00,39.83955270652174,41.61534937916263,45.985873248316885
2013-04-16 00:00:00,39.1355736164762,40.26633387972203,45.89034443391761
2013-04-16 02:00:00,39.01469691774731,40.05889767851819,45.851117636216856
2013-04-16 04:00:00,38.72823569123239,40.045380904665464,45.985873203169234
2013-04-16 06:00:00,14.663887360145711,19.23063322157232,36.543557202392016
2013-04-16 08:00:00,11.854913793474662,15.91477547017595,28.45391056387274
2013-04-16 10:00:00,0.03492410251641435,2.6625677713477183,5.425705560086084
2013-04-16 12:00:00,0.03510978052259925,3.9224140572512125,11.36167893429327
2013-04-16 14:00:00,11.854913821219276,15.857922198045475,27.56397816956286
2013-04-16 16:00:00,21.596349403812905,25.699027369081723,38.03062694845517
2013-04-16 18:00:00,35.114286476241055,38.798280199458745,45.724512080069026
2013-04-16 20:00:00,35.32079435661625,38.93433180650667,45.72451205908838
2013-04-16 22:00:00,35.32079104659318,38.93411345154449,45.721126018807766
2013-04-17 00:00:00,36.869014129673964,39.884973067359596,45.6844992458645
2013-04-17 02:00:00,38.9430977622699,41.066783714470496,45.72223517609133
2013-04-17 04:00:00,39.71769665079458,41.641386871432424,45.72451209688132
2013-04-17 06:00:00,27.55752536246831,24.229172556688052,35.295476346489615
2013-04-17 08:00:00,22.298760454392553,19.585755084615897,28.453910570480524
2013-04-17 10:00:00,6.786910424252298,8.66990027095337,14.939591680463517
2013-04-17 12:00:00,0.03519549966180311,2.6562290164699403,5.397461830930423
2013-04-17 14:00:00,12.0044626056893,15.394202037098175,28.45391054927616
2013-04-17 16:00:00,14.848515515624724,18.459746400252225,39.43075314282248
2013-04-17 18:00:00,14.848515517126318,19.06057180020418,39.43075314651244
2013-04-17 20:00:00,11.365949600379086,16.91644916963758,39.43075314413701
2013-04-17 22:00:00,11.365949568172583,16.23125851086792,32.93268219597006
2013-04-18 00:00:00,11.3659495620482,16.23350815915544,32.93268218269311
2013-04-18 02:00:00,11.365949573328365,15.950138188452026,28.46182249856622
2013-04-18 04:00:00,11.365949582501816,16.215530279806366,28.459173413429816
2013-04-18 06:00:00,0.034711579197796924,17.168903277342515,7.991119405509654
2013-04-18 08:00:00,0.033990092662202175,2.6550769812240693,5.382964841962072
2013-04-18 10:00:00,0.031318504433883426,2.652193520257981,5.38049317327598
2013-04-18 12:00:00,0.03057110843614917,2.6505423575384337,5.380598240719537
2013-04-18 14:00:00,0.034093994479302656,2.6564474705927945,5.384400996172693
2013-04-18 16:00:00,0.034711567007896044,8.230712707049733,23.924577613398178
2013-04-18 18:00:00,0.047621786676748504,19.152335018452277,37.853011628903396
2013-04-18 20:00:00,0.04762207946156653,25.699027348309013,40.688370868938364
2013-04-18 22:00:00,0.04847905928796491,25.69902732180884,40.688370647950315
2013-04-19 00:00:00,14.111496345448812,25.699027379361286,40.68837067391395
2013-04-19 02:00:00,33.9174553073569,36.80337667510304,41.60087259890192
2013-04-19 04:00:00,36.05813857256734,38.141371616174865,41.91446040637633
2013-04-19 06:00:00,32.89743937822965,34.61909717345021,38.14355741291913
2013-04-19 08:00:00,24.819672984786294,29.25417937377147,28.458084405121006
2013-04-19 10:00:00,31.136095578380306,37.94972630094842,32.53032528521059
2013-04-19 12:00:00,29.742358560350205,35.07844681288321,32.53032539074975
2013-04-19 14:00:00,29.742358558263597,31.67048868337784,35.74498592553268
2013-04-19 16:00:00,35.323258783501025,38.00807546646736,47.43058083571392
2013-04-19 18:00:00,50.34750026318346,57.44558921778812,51.47340625413439
2013-04-19 20:00:00,50.46900026214249,57.55566697372592,51.47340619220377
2013-04-19 22:00:00,50.47183526541558,57.555663265853596,51.469928377952776
2013-04-20 00:00:00,50.39914310198859,57.555667083277584,51.469928375202194
2013-04-20 02:00:00,50.4040620599175,57.55690832924752,51.46992838187229
2013-04-20 04:00:00,51.94548185250937,57.55566697956968,52.15429268436611
2013-04-20 06:00:00,50.5285232783845,54.91105084697021,51.46992837788902
2013-04-20 08:00:00,38.341991404855,35.50614082054914,43.10856179268148
2013-04-20 10:00:00,14.625819508733484,17.24943435099213,42.15477823268768
2013-04-20 12:00:00,0.03519967852340588,2.65539317997268,42.155804543076876
2013-04-20 14:00:00,35.834277608227005,11.32386166865188,45.72359167582955
2013-04-20 16:00:00,40.90526895100945,37.949675336461794,54.26803408697635
2013-04-20 18:00:00,56.91294757136268,57.55690836264658,60.29810857311524
2013-04-20 20:00:00,54.94152885435875,57.55620855755923,60.29654734104259
2013-04-20 22:00:00,54.936436946747904,57.55646766986843,60.28640787714614
2013-04-21 00:00:00,56.902447050158784,61.606704193177286,60.28640787737424
2013-04-21 02:00:00,56.912947498605035,61.61758736715239,60.29654730385189
2013-04-21 04:00:00,56.91294759420237,61.61758749935943,60.29654733393092
2013-04-21 06:00:00,47.1133850560169,50.642414549253836,51.60591525572104
2013-04-21 08:00:00,38.4811407726136,39.62971187174952,45.71856410512974
2013-04-21 10:00:00,36.76386036180032,38.40134908887843,43.040643583621396
2013-04-21 12:00:00,37.776577597900335,37.94964115477743,43.72080724746984
2013-04-21 14:00:00,38.13900756634853,38.39149598739507,45.722235140486134
2013-04-21 16:00:00,52.05682751315151,56.16514250329533,56.002928988098134
2013-04-21 18:00:00,63.78512218408193,70.47193999916384,62.316242311566796
2013-04-21 20:00:00,61.014367174004875,67.9259057897238,62.316242305079975
2013-04-21 22:00:00,57.76854967136509,63.38023904986634,60.2965473589871
2013-04-22 00:00:00,56.97068937088263,62.25074284288972,59.811512756735276
2013-04-22 02:00:00,61.01427145576551,67.92570872141569,62.31624230318639
2013-04-22 04:00:00,61.016356725532034,67.93000459424218,62.316242321744866
2013-04-22 06:00:00,42.464495791044875,48.546188028591786,56.61051824200908
2013-04-22 08:00:00,37.31617441716177,38.39413418463964,45.72112605090417
2013-04-22 10:00:00,0.047622095389917025,10.037773765787502,43.14539894631384
2013-04-22 12:00:00,0.04690706323619365,9.978368192087729,42.18057866065814
2013-04-22 14:00:00,30.107097723957875,33.35572792482867,43.66992114378295
2013-04-22 16:00:00,37.7145334325562,40.15947827358572,54.394596748996676
2013-04-22 18:00:00,40.22970700196458,44.42823452278909,55.75430424371376
2013-04-22 20:00:00,37.51988614124489,42.4827532359001,51.4165523403623
2013-04-22 22:00:00,34.10847943272281,39.209120088534696,46.84829196512211
2013-04-23 00:00:00,34.108479432265504,39.209120079149464,46.84829195658025
2013-04-23 02:00:00,34.10847943933163,39.59646158341502,46.5488729110077
2013-04-23 04:00:00,38.0168814654972,46.61345373984983,45.72223545259692
2013-04-23 06:00:00,18.179084916341118,37.94956876817422,28.46038429195164
2013-04-23 08:00:00,11.346490287241176,20.726220872876414,18.418547599999926
2013-04-23 10:00:00,13.994742343102267,17.59662921221644,18.418547584328913
2013-04-23 12:00:00,0.04622897815836373,24.8759447360098,11.020087123467466
2013-04-23 14:00:00,11.114249231692087,21.13873606881634,18.418547570583435
2013-04-23 16:00:00,34.60291014832724,37.28159550281385,39.89755344371683
2013-04-23 18:00:00,42.075300907003104,46.61345359898673,47.97740622084234
2013-04-23 20:00:00,41.929160475012026,46.61345388918628,47.85050786397834
2013-04-23 22:00:00,41.20695844908945,46.61345378986828,47.32399514052836
2013-04-24 00:00:00,40.62143819794411,46.613453624504764,46.88771931617171
2013-04-24 02:00:00,42.06847968952914,46.61345356831789,47.97740622463109
2013-04-24 04:00:00,42.15265612907811,46.578950470949,48.029359740215476
2013-04-24 06:00:00,31.472341878073767,33.131144830036035,37.72902030221905
2013-04-24 08:00:00,12.107623685153541,18.53863484962154,17.899831634026334
2013-04-24 10:00:00,0.031411729164022954,10.226460887007317,5.385127600036804
2013-04-24 12:00:00,0.03141105362423384,2.6552025549501432,5.384823832345442
2013-04-24 14:00:00,0.034711509213521834,23.946266322082767,10.510976619969606
2013-04-24 16:00:00,32.89714145482111,35.608166375855916,38.16127943448331
2013-04-24 18:00:00,40.36784661428728,50.96451483447966,48.15953893236087
2013-04-24 20:00:00,52.15895699328238,51.902796807509404,48.018713942000424
2013-04-24 22:00:00,171.38005607468344,160.2358033128035,48.521622921787326
2013-04-25 00:00:00,175.50178019317943,167.69985427808678,57.973838170598015
2013-04-25 02:00:00,175.50178019608805,167.6998544577552,58.05548366304758
2013-04-25 04:00:00,175.50178021711395,167.6998544540377,58.05548366775813
2013-04-25 06:00:00,43.94912084372738,45.71738208607231,49.55543254841978
2013-04-25 08:00:00,35.57595296372952,37.50447493897239,41.133672505381156
2013-04-25 10:00:00,35.32291896800847,35.50825206676908,28.46182254338116
2013-04-25 12:00:00,25.586957648397807,30.834885624674595,28.45808437850254
2013-04-25 14:00:00,32.894785414494145,35.93407558954193,37.84927712075199
2013-04-25 16:00:00,40.367846519160764,42.61070100347625,47.63807353057427
2013-04-25 18:00:00,43.634536687145626,46.68603096510264,53.349513666158195
2013-04-25 20:00:00,43.634536789574035,46.26575089399226,49.0898823303923
2013-04-25 22:00:00,43.094864298472785,45.60692325190832,48.546683009662964
2013-04-26 00:00:00,43.097998193333595,45.61011934220365,48.549758210537696
2013-04-26 02:00:00,43.12906556427201,45.674903273474506,48.549021404974965
2013-04-26 04:00:00,51.27892030070985,56.09173980484495,54.56047638829211
2013-04-26 06:00:00,43.09486439667717,45.47869646936791,48.66763391682064
2013-04-26 08:00:00,43.09486435909529,42.75507629206913,46.318955367239525
2013-04-26 10:00:00,43.09486435330475,42.66849143751574,45.724512040008115
2013-04-26 12:00:00,43.09486427770908,42.71695479687338,45.722235354723466
2013-04-26 14:00:00,43.40092079532357,47.20068350625996,47.638073578668035
2013-04-26 16:00:00,47.74704517609244,53.74079840521238,49.9146494986241
2013-04-26 18:00:00,56.15648936713855,62.436728654059856,58.053856958436704
2013-04-26 20:00:00,56.15513696692443,62.433942743575294,58.053856749251636
2013-04-26 22:00:00,55.95791723508187,62.13517477667457,57.95242549900097
2013-04-27 00:00:00,56.57048151610888,62.506964549756496,58.792107687707414
2013-04-27 02:00:00,58.64848481092505,65.20289706379651,60.28723036068208
2013-04-27 04:00:00,58.64848500059146,65.2017062759575,60.28835390927676
2013-04-27 06:00:00,52.39662434951879,55.86645170142899,56.944998758297274
2013-04-27 08:00:00,41.818240840964734,43.885514380656495,49.91464944166948
2013-04-27 10:00:00,40.369683605514545,42.309653713869025,49.39798409720171
2013-04-27 12:00:00,38.97198534026585,38.17440223965841,48.404733339893205
2013-04-27 14:00:00,38.97198532454067,35.50585915222087,46.54593634577098
2013-04-27 16:00:00,40.44768687666957,38.17440210472882,49.91464948887876
2013-04-27 18:00:00,52.5210191553428,55.86645171392243,57.186732714274626
2013-04-27 20:00:00,48.03929357407977,50.414244423001726,53.620443648536025
2013-04-27 22:00:00,53.2522952918794,56.806737437988325,57.7208542135548
2013-04-28 00:00:00,53.77191617264768,57.556467561568496,58.02341751803961
2013-04-28 02:00:00,63.28673958507554,61.668391487563845,60.29736958364119
2013-04-28 04:00:00,63.28673959932996,61.68965889033094,60.396144868814524
2013-04-28 06:00:00,49.02052326215847,50.91337572169839,56.090493362529195
2013-04-28 08:00:00,42.738720192693044,46.12995228814447,49.91464948289345
2013-04-28 10:00:00,39.237524840485655,42.62027386341053,45.7245120420089
2013-04-28 12:00:00,32.483039798052324,36.67678822024405,45.72451200997713
2013-04-28 14:00:00,39.542716268789775,43.34315009757121,49.91464948305108
2013-04-28 16:00:00,41.4215640481807,45.687710207089985,57.22502181700408
2013-04-28 18:00:00,49.02052326899593,55.962831791070755,59.193121510400616
2013-04-28 20:00:00,49.0205232636725,50.913375751106095,57.04909030858733
2013-04-28 22:00:00,40.369683594960776,48.65911291397215,49.91464953331925
2013-04-29 00:00:00,39.683788884682386,48.6594098868215,49.914649465738854
2013-04-29 02:00:00,39.68378879816664,48.6594096636657,49.91464948484143
2013-04-29 04:00:00,39.68378888751718,47.3220670604979,50.84420671574882
2013-04-29 06:00:00,20.28633379243356,55.962831576004604,40.533203065041484
2013-04-29 08:00:00,16.40909542993682,27.71295046765465,31.12056402289295
2013-04-29 10:00:00,9.50034979274688,25.699027609332102,28.4603117273436
2013-04-29 12:00:00,0.03471153356782548,7.635452117851633,26.94872350682278
2013-04-29 14:00:00,0.034711581399381734,25.69902733484636,28.45808441994148
2013-04-29 16:00:00,16.409095544640955,45.84697416286505,45.26560899344367
2013-04-29 18:00:00,42.464498271617714,46.68756304648423,49.914649486075184
2013-04-29 20:00:00,42.46449938843515,49.693713390311245,49.91464948851569
2013-04-29 22:00:00,40.371250281738575,49.693713436294956,47.87709835009211
2013-04-30 00:00:00,41.13239663841329,49.69371344973036,47.877098407667354
2013-04-30 02:00:00,45.782562062757115,49.693710986945185,49.914649488303375
2013-04-30 04:00:00,45.78256675481858,49.69371344357418,49.91465326387049
2013-04-30 06:00:00,41.32073754828219,44.20942771324508,46.417287398949874
2013-04-30 08:00:00,34.34569547709739,37.95165614659632,38.765657982512835
2013-04-30 10:00:00,32.42776188470061,35.039036769674134,33.42802299665946
2013-04-30 12:00:00,18.699633486221032,16.228476003134325,35.08502632599856
2013-04-30 14:00:00,31.977433405433487,25.699027666338008,45.72112605059652
2013-04-30 16:00:00,38.97313677208325,37.95163574274356,51.675448393870504
2013-04-30 18:00:00,52.00925458156223,51.515342320955874,60.29654733249194
2013-04-30 20:00:00,52.00925453421673,51.51534226521578,60.296547293867654
2013-04-30 22:00:00,51.73500625004293,51.515342398727746,59.763605813962364
2013-05-01 00:00:00,51.8230100654394,51.51534241486473,59.93462188174299
2013-05-01 02:00:00,52.0092547138076,51.51534254623055,60.296547344974314
2013-05-01 04:00:00,52.0092547393335,51.51534256437383,60.29654736335469
2013-05-01 06:00:00,42.41448499461422,40.04943028753092,50.611552765799075
2013-05-01 08:00:00,34.73594095331829,31.825383006568934,45.302808377919966
2013-05-01 10:00:00,21.98610442871684,16.610101535831294,32.30782228721252
2013-05-01 12:00:00,30.93159591943769,2.666340113674853,36.81328261514341
2013-05-01 14:00:00,36.12416844554105,25.6990273222796,45.30280838738478
2013-05-01 16:00:00,40.36968360124441,37.95157426598893,55.48391763837812
2013-05-01 18:00:00,52.314962746442475,52.145139919381926,60.29654826756569
2013-05-01 20:00:00,57.75771499238714,63.6035675235706,60.06483117406956
2013-05-01 22:00:00,57.89549690284301,63.792279308734514,60.15457192345704
2013-05-02 00:00:00,57.90721684806391,63.79227940375554,60.17734696703635
2013-05-02 02:00:00,57.96855643244894,63.79227918300234,60.29654720248403
2013-05-02 04:00:00,57.96855660902726,63.792279406704964,60.296547335926206
2013-05-02 06:00:00,47.06552368671857,50.287308096968715,51.847872202283895
2013-05-02 08:00:00,38.97348816474246,41.678570479641785,44.24323167592356
2013-05-02 10:00:00,38.25355323655074,40.1954109465043,44.24323166431307
2013-05-02 12:00:00,35.13784054916313,36.667109290035555,41.516706089768384
2013-05-02 14:00:00,37.43774310549128,38.51473593577475,44.24323167785002
2013-05-02 16:00:00,38.25179284605978,41.6785705760075,50.61155270762443
2013-05-02 18:00:00,40.026058159904416,44.22913961858864,53.44766524643225
2013-05-02 20:00:00,40.44768734444639,44.22913959823163,50.61155273000569
2013-05-02 22:00:00,42.464495493289064,45.473340775045855,50.61155272515639
2013-05-03 00:00:00,45.41650077390819,48.20076576637989,50.61155279966439
2013-05-03 02:00:00,49.10977802580997,52.729682117759054,53.516587970940655
2013-05-03 04:00:00,51.11693879960064,54.43218587397644,55.81112576044927
2013-05-03 06:00:00,47.0508481354071,51.56773383176971,50.61155281839464
2013-05-03 08:00:00,38.08835205741072,37.4050879805594,46.22439659552594
2013-05-03 10:00:00,37.391374259264204,28.82363634149421,45.72223517280984
2013-05-03 12:00:00,38.08835203768857,30.77480355008887,46.228374919576865
2013-05-03 14:00:00,38.598844521550404,37.40508786840921,50.61155272142454
2013-05-03 16:00:00,43.40463999050878,44.15077077661117,61.256519171078175
2013-05-03 18:00:00,54.92706750586132,56.50872128220251,61.25651925494686
2013-05-03 20:00:00,54.92706750520264,56.5087212825376,61.25651924539109
2013-05-03 22:00:00,53.07184839053561,52.68672864024553,61.256519250668404
2013-05-04 00:00:00,44.46808974557554,47.236950070079835,58.90849669793984
2013-05-04 02:00:00,44.46808972684658,47.38201324479576,60.18407577566689
2013-05-04 04:00:00,44.468089724950225,47.17814946541838,56.99296675372952
2013-05-04 06:00:00,23.584546621868206,27.713801071638855,34.26730154811902
2013-05-04 08:00:00,1.6734793551951759,9.647302138841777,28.460384310403903
2013-05-04 10:00:00,0.03459319032292736,8.524611734628103,28.458084407012883
2013-05-04 12:00:00,0.03458918005276291,8.526721483570965,28.459173392491785
2013-05-04 14:00:00,0.03471155945622268,8.638356665876913,28.460384312871334
2013-05-04 16:00:00,14.415084976625332,23.494052657993887,41.08001508845033
2013-05-04 18:00:00,38.84386422297088,41.947378707308445,45.937290897692044
2013-05-04 20:00:00,39.01577093057707,42.11385914097079,45.937290898118604
2013-05-04 22:00:00,40.019504677552455,42.806624925531324,45.93729089414525
2013-05-05 00:00:00,39.67870982843676,42.56040409615246,45.89650732374324
2013-05-05 02:00:00,40.37125030803018,43.01920115715134,45.813937366895196
2013-05-05 04:00:00,40.37125049561991,43.019201267607706,45.81393731860959
2013-05-05 06:00:00,29.386525201501566,32.882866271020774,33.906558388300994
2013-05-05 08:00:00,23.778155076844836,27.108517069270167,28.458084434510802
2013-05-05 10:00:00,23.774907205509496,27.106250791768325,28.45391065732278
2013-05-05 12:00:00,23.778155064582396,27.10851705277788,28.45808443334773
2013-05-05 14:00:00,24.250195884310106,27.43789343015983,29.06469784550574
2013-05-05 16:00:00,40.21678366577149,42.10759982421267,46.25460854775556
2013-05-05 18:00:00,50.03664255207279,52.49211835574115,55.54183500821241
2013-05-05 20:00:00,50.03664254707951,52.49211834199884,55.54183500747049
2013-05-05 22:00:00,50.03664236735182,52.492118111518245,55.541834882984915
2013-05-06 00:00:00,48.82151502348786,51.00042408606401,54.58758750499553
2013-05-06 02:00:00,49.81466100047142,52.21827878157368,55.36877012924909
2013-05-06 04:00:00,50.03502370618002,52.4887833421696,55.54183496977731
2013-05-06 06:00:00,41.83309798971581,45.305735311404426,46.37882178844117
2013-05-06 08:00:00,36.13856580389463,37.17104090886869,42.98604708163449
2013-05-06 10:00:00,35.74731910248185,35.67608670804354,42.61654633964151
2013-05-06 12:00:00,35.74731927362993,36.365022131310084,42.986047106364474
2013-05-06 14:00:00,38.07915507554565,37.99210944576998,45.98265845237131
2013-05-06 16:00:00,50.717178284716994,54.58595358819424,54.889232883957625
2013-05-06 18:00:00,86.77798802534544,95.53659528919522,67.2095567575847
2013-05-06 20:00:00,86.78627491513491,95.53144806567805,67.20575485030552
2013-05-06 22:00:00,86.78369994735289,95.5365957486493,67.20786322574962
2013-05-07 00:00:00,86.77798849343174,95.53659623269564,67.2095567697121
2013-05-07 02:00:00,86.78627507048941,95.53659580346302,67.20955677362318
2013-05-07 04:00:00,86.78627508370226,95.53471770572276,67.2095567702147
2013-05-07 06:00:00,40.37125035360041,42.959533415389515,45.751168330556425
2013-05-07 08:00:00,32.8943093057149,35.270617532029796,38.127785098045564
2013-05-07 10:00:00,29.602335340002416,31.415915092012053,35.71301585494812
2013-05-07 12:00:00,20.614940281733883,23.487527853667448,29.028108934502235
2013-05-07 14:00:00,32.67787782047338,31.415915475875604,38.127785094371106
2013-05-07 16:00:00,35.79397187726876,37.94894508450518,41.582622589175834
2013-05-07 18:00:00,39.6445631692695,41.60602813705868,45.615746473190605
2013-05-07 20:00:00,39.48444869166312,41.494304901204195,45.40998545700071
2013-05-07 22:00:00,39.41462569382191,41.30594609540475,45.451974972411456
2013-05-08 00:00:00,39.9502597708911,42.21506706289585,45.63530613355177
2013-05-08 02:00:00,40.30748649367505,42.857406571144836,45.72359151448371
2013-05-08 04:00:00,40.3696836200424,42.8574039587968,45.84446043223459
2013-05-08 06:00:00,28.65664315425997,31.07988245355615,34.19224367126107
2013-05-08 08:00:00,23.18904598163818,25.699027372273108,28.45917336489272
2013-05-08 10:00:00,14.365589582916622,16.907537442268644,19.789214643256166
2013-05-08 12:00:00,23.189045975657763,25.699027347420316,25.153754152459825
2013-05-08 14:00:00,23.486131860008015,25.699027378982606,28.904918402878742
2013-05-08 16:00:00,37.18588136370555,32.792099809285084,44.794214088258364
2013-05-08 18:00:00,38.870496923206126,39.8996349775088,45.72112604008756
2013-05-08 20:00:00,37.391375870097136,39.860482977744894,45.72112604265141
2013-05-08 22:00:00,37.39137528527981,39.860482616139436,45.72112604018533
2013-05-09 00:00:00,37.45544766937355,39.89963509444756,45.71650728570579
2013-05-09 02:00:00,37.39137546517149,39.86048272404555,45.721126016248526
2013-05-09 04:00:00,37.45544748004123,39.89963507558739,45.71650728857835
2013-05-09 06:00:00,17.973420367785543,20.752509806871267,28.460384294894972
2013-05-09 08:00:00,14.535635527799192,17.34873768896764,28.460384231191618
2013-05-09 10:00:00,5.0025085891302075,11.078884249753052,28.4603117692479
2013-05-09 12:00:00,0.03692489055289249,8.638024538913683,28.46038423445264
2013-05-09 14:00:00,14.53563549662845,17.348737428252534,29.117556264468867
2013-05-09 16:00:00,27.444448158718657,25.61236192596669,45.72112604830447
2013-05-09 18:00:00,34.109493999723924,29.439580885512218,46.335926512956895
2013-05-09 20:00:00,34.10949399995403,29.439580873179633,46.33592650807687
2013-05-09 22:00:00,28.717683156631153,25.699027389002634,46.33592636319118
2013-05-10 00:00:00,27.60585519758394,25.61236196630378,46.10495064177364
2013-05-10 02:00:00,27.605855179668563,25.61236198817197,46.104950467103514
2013-05-10 04:00:00,27.605855172732156,25.699027336337224,46.01112666046387
2013-05-10 06:00:00,11.002676796174185,14.450462323753193,37.76447465502696
2013-05-10 08:00:00,0.03471156499619288,8.636657186438903,28.46031167764047
2013-05-10 10:00:00,0.03471156159817571,8.636584447244292,28.459173399210258
2013-05-10 12:00:00,0.03471157688843809,4.514118295154507,28.453910545626492
2013-05-10 14:00:00,0.03471158013329499,2.780347275171262,28.460311707290437
2013-05-10 16:00:00,0.04762200074549005,6.5770248505338476,39.1896235262773
2013-05-10 18:00:00,35.199679259358376,37.83896262550355,45.739150700280504
2013-05-10 20:00:00,35.319765285586755,37.93012109726006,45.72359136071388
2013-05-10 22:00:00,35.319761343710496,37.93003201699749,45.72223517793539
2013-05-11 00:00:00,35.31975766744323,37.93002979649118,45.72223555685241
2013-05-11 02:00:00,36.490784236703455,38.65108613358735,45.72359155793701
2013-05-11 04:00:00,36.490784263632705,38.657261075514704,45.820260186267525
2013-05-11 06:00:00,30.235273456661034,31.215211550064893,41.570686818651886
2013-05-11 08:00:00,28.11831494746038,25.699027323731325,38.22177673845552
2013-05-11 10:00:00,24.467736542873272,19.823301454709153,38.61850510731092
2013-05-11 12:00:00,20.79011838924374,17.556460062489744,38.61850509837644
2013-05-11 14:00:00,14.111492628284175,8.981794573943043,38.618505101642604
2013-05-11 16:00:00,25.063556864748342,22.353989097382417,45.72223524555666
2013-05-11 18:00:00,35.60131393092882,25.699027400784512,46.45028762515422
2013-05-11 20:00:00,33.27866135397934,29.634353729380802,46.38567478479757
2013-05-11 22:00:00,28.81422936115707,29.2338243673852,45.05786111896972
2013-05-12 00:00:00,34.96442994968539,32.46633646891656,45.72359156606412
2013-05-12 02:00:00,37.07941137938228,35.50525694469534,46.38567549867329
2013-05-12 04:00:00,37.38545640078628,35.505257015975914,46.38567556704536
2013-05-12 06:00:00,34.60236100090068,35.50525338147039,41.57207515781128
2013-05-12 08:00:00,28.005077453020718,25.699027388686915,37.21118521057012
2013-05-12 10:00:00,27.03620198887148,25.699027351488947,36.1189275598983
2013-05-12 12:00:00,22.17657874505933,23.806623220030687,28.460384244177227
2013-05-12 14:00:00,23.272316386205432,22.305395641108458,32.00578876978999
2013-05-12 16:00:00,34.28843554177842,25.699027561139744,45.723591734942424
2013-05-12 18:00:00,37.62481411327513,34.13858883512629,48.7346974083321
2013-05-12 20:00:00,37.624814116264666,34.53998827260983,48.356065217975576
2013-05-12 22:00:00,34.243623751473784,29.63435372777801,46.41285339649153
2013-05-13 00:00:00,30.45326448147559,25.699027365607115,45.724512020614995
2013-05-13 02:00:00,30.45326448075744,25.699027359717906,45.7235917484958
2013-05-13 04:00:00,30.45326448483586,25.699027387843177,45.7245120578094
2013-05-13 06:00:00,11.947679315292056,13.767134306653361,28.459173402806066
2013-05-13 08:00:00,11.947679114900536,14.614517728132501,20.76076773521796
2013-05-13 10:00:00,3.873497438688138,6.387794952600711,10.482128628106352
2013-05-13 12:00:00,9.582422862714733,2.7803460943875864,14.593663111658941
2013-05-13 14:00:00,14.111486429274184,10.2649858108128,28.45800050225418
2013-05-13 16:00:00,31.87233807405028,25.69902724388289,45.516896904013436
2013-05-13 18:00:00,34.965691996212655,35.25668606654161,47.185112424672674
2013-05-13 20:00:00,32.416289140362764,35.26127620703955,47.098211401101906
2013-05-13 22:00:00,31.87233813142848,35.26127620563734,45.804701211818994
2013-05-14 00:00:00,32.10678528242796,35.85032363894514,45.72451209765484
2013-05-14 02:00:00,37.859633351658914,41.032335310615125,45.72359173673894
2013-05-14 04:00:00,39.637263953058266,42.171297658118576,46.40989878753725
2013-05-14 06:00:00,34.403820998709506,37.94864330832605,37.64040864991886
2013-05-14 08:00:00,23.962855947065755,25.699027694279092,25.01958779559267
2013-05-14 10:00:00,23.15398601891104,25.821493215788017,28.459173336104882
2013-05-14 12:00:00,28.957656878606915,33.58871217341043,28.46038428084035
2013-05-14 14:00:00,37.51999916647394,38.58032899597758,39.70882622996166
2013-05-14 16:00:00,41.82343010808126,44.50246627399517,47.11774242482048
2013-05-14 18:00:00,43.40709555869375,47.045596897325765,47.7963630931627
2013-05-14 20:00:00,40.36968362383231,41.149842265929934,47.45517010158075
2013-05-14 22:00:00,36.63670482419607,38.58032884121308,45.65990723289554
2013-05-15 00:00:00,35.1369124466836,37.41889771189109,44.693444025082236
2013-05-15 02:00:00,35.13691245519558,37.10214712906873,42.89655361785149
2013-05-15 04:00:00,35.31956440380192,37.66467470588585,41.57046259571378
2013-05-15 06:00:00,14.957495155778775,26.862499721578615,26.15811193612508
2013-05-15 08:00:00,12.092736092916681,12.854124439978108,19.19592882122216
2013-05-15 10:00:00,0.0352034291927298,2.6552044136080335,11.971953115880089
2013-05-15 12:00:00,0.045939205624410756,2.655293829632935,11.947131191438574
2013-05-15 14:00:00,1.2311808830608624,8.265507829131565,24.058017245165537
2013-05-15 16:00:00,35.3195410091947,38.06303376313894,41.0790520412159
2013-05-15 18:00:00,41.090245036024065,44.78927119680584,46.79064724675522
2013-05-15 20:00:00,44.45065811895773,50.3535524852991,46.60593812995512
2013-05-15 22:00:00,77.90471434432268,80.5040786384023,47.249192193596414
2013-05-16 00:00:00,170.9894790868895,156.3136618224122,53.20263540698679
2013-05-16 02:00:00,175.50178114700628,160.401764610576,53.20263610274378
2013-05-16 04:00:00,175.5017811787245,160.401764611156,53.20263610783486
2013-05-16 06:00:00,56.07494070103507,74.20310311507528,53.20263608745076
2013-05-16 08:00:00,49.95521076082979,50.41263821587807,45.72112608221963
2013-05-16 10:00:00,45.39786695462592,44.907276484983505,41.93941098492828
2013-05-16 12:00:00,40.36968359019381,45.74502936536301,40.6779291076294
2013-05-16 14:00:00,40.17177755000473,49.365484326409835,41.93806129314351
2013-05-16 16:00:00,38.17421916631419,49.36548405874072,44.08790738808995
2013-05-16 18:00:00,40.36968369614335,71.02234598978421,44.08790739152093
2013-05-16 20:00:00,45.39786703829925,75.82428204879724,44.08790739295686
2013-05-16 22:00:00,49.36800472943676,75.82428205283063,44.087907403059084
2013-05-17 00:00:00,169.45899926285134,149.5107802687904,45.72451206506225
2013-05-17 02:00:00,169.45899949543463,149.51078016847597,47.02443930221339
2013-05-17 04:00:00,169.45899948072523,150.910374488999,52.464344174986586
2013-05-17 06:00:00,59.972749535267276,57.55673462928579,52.46434414468621
2013-05-17 08:00:00,48.555092167018714,51.43647075673646,45.72112611540443
2013-05-17 10:00:00,48.555092163006236,47.719225427609025,45.72112610410568
2013-05-17 12:00:00,48.55509217747233,48.29512980579505,45.72112610102379
2013-05-17 14:00:00,48.555092174106235,48.452377615849606,45.721126108028756
2013-05-17 16:00:00,48.55509218382482,56.151639682103706,47.026620379723
2013-05-17 18:00:00,55.25136847625604,57.55620863286954,48.265647076279784
2013-05-17 20:00:00,55.78332487548436,57.55620830013006,47.08742794815199
2013-05-17 22:00:00,48.55509227727155,53.95926686283161,47.456206164785726
2013-05-18 00:00:00,48.555092167350026,54.81799139788508,47.975784378719
2013-05-18 02:00:00,48.55509216738837,55.99758862554709,48.67309927132055
2013-05-18 04:00:00,48.55509216436663,56.50401620267964,48.8784219794975
2013-05-18 06:00:00,37.12739430368111,38.160675953687296,33.90930813347723
2013-05-18 08:00:00,37.1273942874771,36.47456488373983,28.460311731872935
2013-05-18 10:00:00,37.12739430887246,37.464611131422515,28.460311698537254
2013-05-18 12:00:00,37.127394308319474,36.29687580060404,28.460311711205676
2013-05-18 14:00:00,37.12739430639296,37.46461121739455,28.46031174035516
2013-05-18 16:00:00,44.61099225091621,51.72580174308956,45.72112604963574
2013-05-18 18:00:00,55.209789958089054,60.20607944174783,54.91181522867774
2013-05-18 20:00:00,71.00336999064673,73.64175414534031,54.66056897510671
2013-05-18 22:00:00,62.09353692441505,64.93406729319022,53.09988528541917
2013-05-19 00:00:00,70.43667756064823,73.5301900197463,54.91181509902924
2013-05-19 02:00:00,71.00337012611267,73.74405434673551,54.91181533751744
2013-05-19 04:00:00,71.00337013954497,73.74405421182787,54.911815340017256
2013-05-19 06:00:00,44.70062240516451,48.79409557018121,46.79617198695195
2013-05-19 08:00:00,37.150570763689444,39.75682967723957,42.5135324588757
2013-05-19 10:00:00,36.184669211828286,37.76694687226754,42.51353241289177
2013-05-19 12:00:00,36.18466921175887,37.18925481616121,42.51353243168438
2013-05-19 14:00:00,37.12730287551117,37.41885054810008,42.513532462102546
2013-05-19 16:00:00,40.369683625750056,39.99661280366476,46.333796310409475
2013-05-19 18:00:00,53.36080591317336,57.91032327593835,56.890729747676495
2013-05-19 20:00:00,53.360806360087416,57.935947203508235,56.866560036784044
2013-05-19 22:00:00,53.360807459836415,57.93594845374425,56.8665610368565
2013-05-20 00:00:00,53.40497905624254,57.981730544997994,56.909213515096276
2013-05-20 02:00:00,53.40543994035015,57.98220801092548,56.90965870562335
2013-05-20 04:00:00,59.845071599277695,63.82980488828591,56.36641834921148
2013-05-20 06:00:00,61.8720553279878,75.59323785432498,47.09821622122511
2013-05-20 08:00:00,61.87205525022034,78.11828907484447,47.0982161736755
2013-05-20 10:00:00,61.87205526403656,78.11854914130707,47.09821615377828
2013-05-20 12:00:00,61.872055253025025,78.11856240796247,47.09821617483597
2013-05-20 14:00:00,61.87205526784076,78.475792652634,47.10259047949101
2013-05-20 16:00:00,65.23572374153262,79.98843173895959,59.14117673207662
2013-05-20 18:00:00,76.00294005726046,90.32967709183922,70.31020313042404
2013-05-20 20:00:00,75.83707252806924,89.9879684312924,70.31020312148189
2013-05-20 22:00:00,75.81588184461604,89.9879678719934,70.26902422817628
2013-05-21 00:00:00,75.49973073140805,89.50308591651823,70.11203362802674
2013-05-21 02:00:00,70.2117708626905,78.47580001457867,70.23786812991962
2013-05-21 04:00:00,75.81366225780691,89.9397402454742,70.31020310366767
2013-05-21 06:00:00,46.820256636969546,51.15695129813793,50.55093201942369
2013-05-21 08:00:00,41.9041300033957,46.149313538829155,45.72112604398358
2013-05-21 10:00:00,40.37125033850413,42.9919626192349,45.720578443024586
2013-05-21 12:00:00,39.53971750629701,42.86445431032582,44.2249529912384
2013-05-21 14:00:00,39.59115462540426,41.38700455746952,45.718559305087894
2013-05-21 16:00:00,39.658992320084145,40.686140566017734,47.04586706161479
2013-05-21 18:00:00,39.27202962524416,42.64832911363507,47.50130201034456
2013-05-21 20:00:00,39.7486543288436,42.916023235861594,47.09821857533931
2013-05-21 22:00:00,37.901572916052245,41.64909819405202,47.09821857569342
2013-05-22 00:00:00,37.90157294004543,41.64909821090072,47.09821859861822
2013-05-22 02:00:00,37.9015728735488,41.64909817029758,47.09821857531495
2013-05-22 04:00:00,37.901572887921404,41.65467988767199,47.12286610214239
2013-05-22 06:00:00,23.673768525363823,25.699028779890263,29.877887593462532
2013-05-22 08:00:00,15.444837271728947,18.253381336827555,25.152991890587202
2013-05-22 10:00:00,14.111492639949306,17.087292104401406,25.05172676644738
2013-05-22 12:00:00,3.57963298846551,10.467243613984222,22.951552336119114
2013-05-22 14:00:00,0.04631818437897148,8.97166944658228,24.736588024386165
2013-05-22 16:00:00,19.152917569208935,25.699027354212024,28.459173612473627
2013-05-22 18:00:00,37.125138216196284,40.186844323635476,42.0584854898729
2013-05-22 20:00:00,42.46451286888409,47.306495271326476,45.71856037723748
2013-05-22 22:00:00,40.37125005778362,44.1813510446658,45.620318564664245
2013-05-23 00:00:00,40.14857164356594,42.531459244143115,45.722235174343446
2013-05-23 02:00:00,40.40017197493826,42.96582669376627,45.801434831871106
2013-05-23 04:00:00,45.472077267445954,51.541489654238504,47.56831379991466
2013-05-23 06:00:00,40.40385990691063,44.988468027018925,43.900683332022545
2013-05-23 08:00:00,40.37125039031951,31.294078558241704,41.901154080137246
2013-05-23 10:00:00,36.47665211502928,25.699027354691232,40.56303163066688
2013-05-23 12:00:00,37.901441910074226,13.553555125816125,45.72057801197424
2013-05-23 14:00:00,36.91751084813067,25.699027269560084,49.161449805461274
2013-05-23 16:00:00,41.82343047409078,36.40045703151889,60.29736954857051
2013-05-23 18:00:00,61.157862103408114,62.179364068678176,68.01569413375995
2013-05-23 20:00:00,64.7296781805851,69.80369203351091,67.76485473433857
2013-05-23 22:00:00,62.8161438266488,67.73599590738908,65.99673817352263
2013-05-24 00:00:00,62.03095739400683,66.71682662223016,65.4322632080074
2013-05-24 02:00:00,62.95616841042073,65.88410952209898,68.015693532776
2013-05-24 04:00:00,64.72967828851552,67.66628939494476,69.78102520524848
2013-05-24 06:00:00,59.06719862819786,60.62567353241704,65.41851454571534
2013-05-24 08:00:00,47.829427043289726,53.69260019134912,50.120205025332744
2013-05-24 10:00:00,43.60307524177303,45.965013663889856,49.196499696804075
2013-05-24 12:00:00,40.431628677918894,39.43142133204557,49.19649969288237
2013-05-24 14:00:00,47.82942706665993,50.85898754663269,52.79309663928383
2013-05-24 16:00:00,55.787256539100255,57.55690848188837,61.9393732803551
2013-05-24 18:00:00,59.19287833411606,62.57663835441244,63.82243837818398
2013-05-24 20:00:00,57.13035032627712,60.4224962133296,61.84632819976515
2013-05-24 22:00:00,54.94264161974669,57.55850105238095,60.29654732509405
2013-05-25 00:00:00,54.9418685075104,57.55690834123291,60.2965473220382
2013-05-25 02:00:00,54.94186850839624,57.55690835096243,60.29654732401383
2013-05-25 04:00:00,54.94186850113515,57.556908347105605,60.29654732049473
2013-05-25 06:00:00,35.96082188894386,37.916401437070526,41.9375568625048
2013-05-25 08:00:00,29.105430744435974,30.614881277898647,35.50299034500101
2013-05-25 10:00:00,21.113128665224536,21.615854861257016,28.46031179781368
2013-05-25 12:00:00,21.112242822249705,21.615236742114966,28.459173421732444
2013-05-25 14:00:00,27.549555825899056,27.409576486362152,35.502990343569344
2013-05-25 16:00:00,35.318696434636045,37.61178370802935,43.19871360266714
2013-05-25 18:00:00,40.37125017341933,43.794311439964005,46.95333932622362
2013-05-25 20:00:00,40.37125018004449,45.32629411937276,46.77654458597248
2013-05-25 22:00:00,40.37125007435888,45.3262942026464,46.77654442726262
2013-05-26 00:00:00,40.36968362578111,44.93065038155174,46.29062945926026
2013-05-26 02:00:00,39.83175833665405,45.28756227207535,45.99208626561818
2013-05-26 04:00:00,38.929342514809015,46.59175681738269,45.72223518661619
2013-05-26 06:00:00,13.008207357077234,25.69902740309851,25.895910752771094
2013-05-26 08:00:00,9.291032988385654,24.268381050249708,19.114833190483004
2013-05-26 10:00:00,4.656248014921363,20.131905297052153,17.519789035905028
2013-05-26 12:00:00,10.334304029205663,12.60526940367265,19.114833177052926
2013-05-26 14:00:00,10.513813035403995,14.863975272598243,24.92012647512408
2013-05-26 16:00:00,29.7154351700347,34.09568704917749,41.93747212729632
2013-05-26 18:00:00,39.54813994507897,44.126538290841445,46.92866167970865
2013-05-26 20:00:00,39.746531999582885,45.49659720337652,46.78226875090811
2013-05-26 22:00:00,39.74807288460283,44.3371053435659,46.782268766176685
2013-05-27 00:00:00,40.369683588359514,44.12653834794299,46.92866164104586
2013-05-27 02:00:00,41.543652578912706,44.126538346343025,46.92866177181794
2013-05-27 04:00:00,41.61231502936745,44.39405237850507,48.442437405142535
2013-05-27 06:00:00,37.676082284981526,38.29581908476169,44.91289166235974
2013-05-27 08:00:00,25.801343685646625,25.69902735945696,32.323035719025604
2013-05-27 10:00:00,17.29678323839525,19.266237676266837,28.460384222457982
2013-05-27 12:00:00,17.297475741962526,19.266190778459436,28.462081735591205
2013-05-27 14:00:00,31.690758112127902,25.699027349498575,41.937416882905396
2013-05-27 16:00:00,43.37498203822534,43.25745341720985,51.30723946217741
2013-05-27 18:00:00,58.77451831570103,63.71026744665214,61.94011720823721
2013-05-27 20:00:00,58.77451838628741,63.71026745448633,61.94011720432872
2013-05-27 22:00:00,58.774518279318876,63.71026743400622,61.94011719929187
2013-05-28 00:00:00,50.18828482976463,52.078712324795035,56.22647633544567
2013-05-28 02:00:00,50.24425544464578,52.078711868473995,56.33524373228279
2013-05-28 04:00:00,52.31148399266259,52.07871200798287,61.78199140676224
2013-05-28 06:00:00,39.375369939355664,40.940319577365,45.72057838008415
2013-05-28 08:00:00,34.677906764266204,37.01430873673705,40.29541927435672
2013-05-28 10:00:00,24.371415188245,26.970858450909436,29.740805971992955
2013-05-28 12:00:00,27.41236631748847,29.84244398925185,32.941516457046234
2013-05-28 14:00:00,34.57625030365411,37.18696235532232,40.2954260658561
2013-05-28 16:00:00,38.86256161438313,41.69776049640423,44.009568717937256
2013-05-28 18:00:00,41.00078417399852,43.60956073009683,46.36137115978003
2013-05-28 20:00:00,40.3696835774276,44.78323070665432,46.257835007692165
2013-05-28 22:00:00,40.05375634809264,43.92921723481352,45.7425696179415
2013-05-29 00:00:00,40.36968357490871,43.929217366625856,45.74256966134166
2013-05-29 02:00:00,41.298614887064296,43.9292173142203,46.65322405442087
2013-05-29 04:00:00,41.175654219430655,44.33209823884853,46.696482039554006
2013-05-29 06:00:00,41.57149547552628,45.46404315352465,45.72112605700601
2013-05-29 08:00:00,39.48114689398701,45.04681398116754,42.05255651693548
2013-05-29 10:00:00,39.481146903770544,45.16899496168387,41.93730559809111
2013-05-29 12:00:00,39.48114687748234,46.9096078123157,40.295419379462956
2013-05-29 14:00:00,39.481146925201806,44.65295601537492,42.42407513688883
2013-05-29 16:00:00,44.419445722393824,50.17758361026876,46.80930142871837
2013-05-29 18:00:00,54.30066686349553,60.02075764505687,56.7264116364845
2013-05-29 20:00:00,54.16087580647037,59.76980613935555,56.6914760613661
2013-05-29 22:00:00,54.16087574643524,59.769806047158866,56.691476017699046
2013-05-30 00:00:00,54.29974515117231,60.019132873063796,56.72615307017561
2013-05-30 02:00:00,54.30129157510717,60.02204456640751,56.726411615671516
2013-05-30 04:00:00,54.30129155578598,60.02075765242426,56.72641161475139
2013-05-30 06:00:00,47.95687436799181,57.55646776133098,46.72315968375624
2013-05-30 08:00:00,45.49407477382662,57.55646773211084,41.937249515624515
2013-05-30 10:00:00,45.286953599740144,57.556467673548426,41.53475503681887
2013-05-30 12:00:00,42.46451674630938,51.741880777824214,41.53475502601117
2013-05-30 14:00:00,40.36968356921736,47.4262520021853,41.53475503498395
2013-05-30 16:00:00,40.37125039661165,44.726904104646195,44.084042083649074
2013-05-30 18:00:00,42.36275198127092,47.0941344314584,45.72112606373248
2013-05-30 20:00:00,39.781702710894876,43.044396643410046,44.52546201327048
2013-05-30 22:00:00,40.36968360781533,43.044396622789066,41.53475523584563
2013-05-31 00:00:00,39.54563254863495,42.95640767972356,41.53475503891656
2013-05-31 02:00:00,39.50954357867808,42.95640361066787,41.53475503669
2013-05-31 04:00:00,39.50954355714799,41.57719747299688,41.7185685739395
2013-05-31 06:00:00,15.705788732443958,19.354389161567592,28.461822471391578
2013-05-31 08:00:00,12.698853911291362,16.306553585704446,26.471155651742592
2013-05-31 10:00:00,0.03471156032672605,7.869043233942154,25.957581570975954
2013-05-31 12:00:00,0.034094011924226855,2.6543086210549145,25.957581136008123
2013-05-31 14:00:00,0.03459318087152195,8.61187234946696,28.460385057472102
2013-05-31 16:00:00,12.698853888913705,16.306553267195223,34.12089910315823
2013-05-31 18:00:00,28.066650456275518,30.473445335456532,41.93811328461985
2013-05-31 20:00:00,34.20640223518781,34.302492135080016,41.93715744413972
2013-05-31 22:00:00,34.392054023168654,34.43203457820276,42.17573607355186
2013-06-01 00:00:00,34.57608784254421,34.81116818126712,42.175736082828394
2013-06-01 02:00:00,34.678378388664306,35.02190000865588,42.17573608465018
2013-06-01 04:00:00,34.67837839660765,35.02190002070835,42.17573608531706
2013-06-01 06:00:00,22.3644180764255,25.69902737129146,28.460311707873032
2013-06-01 08:00:00,18.09234370008764,19.449303330485186,28.45800050885979
2013-06-01 10:00:00,16.747165372576124,18.061172371689505,28.45800050642699
2013-06-01 12:00:00,15.428709572847085,17.24943445697814,28.458000502944508
2013-06-01 14:00:00,16.74716540449854,18.061172247169853,28.458000500647287
2013-06-01 16:00:00,21.114228969152272,21.616023442665146,28.462291003197087
2013-06-01 18:00:00,27.029532438746877,28.091302114353272,33.84938073683528
2013-06-01 20:00:00,27.603998996466142,29.21427201336304,33.90645477571804
2013-06-01 22:00:00,27.739294370380755,31.35163638370021,32.15323748736712
2013-06-02 00:00:00,26.274775190872617,31.53722227970872,29.132206353367557
2013-06-02 02:00:00,27.890637621835882,31.537222730950933,32.27227991920917
2013-06-02 04:00:00,27.89063762164415,31.537222759145408,32.272279882765524
2013-06-02 06:00:00,0.20435606150439306,14.537522729334018,6.567782643978164
2013-06-02 08:00:00,0.03496556747931591,4.352296222190206,5.735119767073784
2013-06-02 10:00:00,0.14269341301080665,2.888562697704445,5.385180959548336
2013-06-02 12:00:00,0.1426934441087053,2.9012674167962937,5.384823867183594
2013-06-02 14:00:00,0.14269264463128695,4.169345553819417,5.735119754830263
2013-06-02 16:00:00,11.570645238153125,14.957306444305289,16.197468676566373
2013-06-02 18:00:00,37.07960380404036,38.12139541167557,36.4700738205954
2013-06-02 20:00:00,38.12675896607837,39.1407784006029,37.62256759284647
2013-06-02 22:00:00,38.12755873770283,39.143822269757,37.66250620174579
2013-06-03 00:00:00,38.12996042794146,39.61772034777576,38.57334776960335
2013-06-03 02:00:00,38.129159722000956,41.12672102127096,40.4556759450351
2013-06-03 04:00:00,38.12996047983808,41.127446554397764,40.455676053386036
2013-06-03 06:00:00,18.1339381852484,25.699027434938905,26.007275619815395
2013-06-03 08:00:00,14.665654969436586,18.693829424162438,21.022945769967343
2013-06-03 10:00:00,14.526313133926221,16.275992387693393,20.69726943804973
2013-06-03 12:00:00,13.822192845654907,15.818397861899644,19.760606508171
2013-06-03 14:00:00,14.665654985909612,18.693829386909414,21.022945834174394
2013-06-03 16:00:00,23.006965155360497,22.93731896972989,30.89405604162019
2013-06-03 18:00:00,37.89952670518815,40.05876693002553,43.68415236179216
2013-06-03 20:00:00,37.899526602644485,40.05876685357879,43.68415234192534
2013-06-03 22:00:00,37.89952661805874,40.05876686358715,43.68415233489171
2013-06-04 00:00:00,37.89952712209497,40.05876785553964,43.684152355610536
2013-06-04 02:00:00,38.96470142881301,42.25316542353897,43.68415237505711
2013-06-04 04:00:00,38.96470143000754,42.13257467257191,43.797903281305004
2013-06-04 06:00:00,23.095163491006605,25.699027498174644,28.460384288612083
2013-06-04 08:00:00,18.68424745471828,20.97111291729454,24.348486786825013
2013-06-04 10:00:00,14.538357510183431,17.285266983631573,24.045471286765945
2013-06-04 12:00:00,13.971750711553142,16.948191429321724,24.247617286985786
2013-06-04 14:00:00,16.36317535983151,18.595885876893195,26.96599592709682
2013-06-04 16:00:00,34.575909837721355,35.9055533600322,41.14307791770772
2013-06-04 18:00:00,38.97196607667427,40.91220988508256,45.722235148333645
2013-06-04 20:00:00,40.0723545950591,41.74938930726142,46.31183540472994
2013-06-04 22:00:00,40.371250348859164,41.842852964165104,46.80451121995776
2013-06-05 00:00:00,41.643733171083575,44.27442582098857,46.98364698912838
2013-06-05 02:00:00,43.12592835122161,47.32794017301445,46.98364729596515
2013-06-05 04:00:00,43.125928779933574,47.32794115926271,46.983647306061485
2013-06-05 06:00:00,37.89942832779473,40.5092701299792,41.936880792468784
2013-06-05 08:00:00,30.675701984360664,33.28590418763337,34.96264562591011
2013-06-05 10:00:00,23.963000976643734,25.699027343763458,28.460311544974886
2013-06-05 12:00:00,25.42889760612172,25.699027311962215,28.461901339162438
2013-06-05 14:00:00,30.675707948710404,25.699028565307348,34.96264564652875
2013-06-05 16:00:00,37.62260968939825,39.31711011319692,45.24802124161176
2013-06-05 18:00:00,41.888638241044646,44.49743522407841,47.24920579051676
2013-06-05 20:00:00,42.289629527374444,45.32353133460936,47.249204003737674
2013-06-05 22:00:00,41.648448935532265,44.240804546350034,47.02452534610687
2013-06-06 00:00:00,40.91098052098386,42.48333329097159,47.24920571680681
2013-06-06 02:00:00,40.91070818248513,42.482771804450586,47.249206130984916
2013-06-06 04:00:00,41.87285758103392,44.4649244257165,47.2492063462832
2013-06-06 06:00:00,34.5773496192367,31.142755569185837,38.374713125255084
2013-06-06 08:00:00,27.984818234516673,25.6990273755976,32.077289713197814
2013-06-06 10:00:00,23.467723108378525,17.612945893233018,28.45808440604162
2013-06-06 12:00:00,14.626998626753528,16.22755231845797,28.460311712857575
2013-06-06 14:00:00,24.956400556785148,25.699027343339,32.07728976741361
2013-06-06 16:00:00,34.57581127129964,35.64924666212056,41.937582671859396
2013-06-06 18:00:00,38.16475408933086,40.32249148489357,45.82363748645727
2013-06-06 20:00:00,38.165571778467985,40.32299563498105,45.82363748479498
2013-06-06 22:00:00,38.21808136597989,40.35430774281067,45.807724305481095
2013-06-07 00:00:00,39.07116310903194,40.880543959918704,45.82363746450804
2013-06-07 02:00:00,39.39939493846911,40.88055830364487,45.82363749303017
2013-06-07 04:00:00,39.539287978896766,41.168755902113176,45.82363750542882
2013-06-07 06:00:00,28.42644219978194,30.907384660364592,33.90761246562763
2013-06-07 08:00:00,23.00258320439497,25.508376963652385,28.460311707532504
2013-06-07 10:00:00,21.111270907308416,21.614477923085257,28.45800048782283
2013-06-07 12:00:00,17.295292482360892,19.265087485545127,28.458084439051078
2013-06-07 14:00:00,21.113128618903197,21.61585481692023,28.46031172762924
2013-06-07 16:00:00,29.642276849673788,32.09788596862312,41.93672668254832
2013-06-07 18:00:00,37.12431915502423,39.03775474903265,45.67065434407411
2013-06-07 20:00:00,37.12588174020192,39.03871679241865,45.67065434547011
2013-06-07 22:00:00,37.89925012637702,39.514858956548835,45.67065417360673
2013-06-08 00:00:00,38.177055305807905,39.68589616606404,45.6706543026219
2013-06-08 02:00:00,38.17787842888776,39.68589628908889,45.67065433858428
2013-06-08 04:00:00,38.178701885220924,39.68589631539329,45.670654336921686
2013-06-08 06:00:00,17.977590894936775,19.642016552435962,27.781409984269672
2013-06-08 08:00:00,14.539013660664839,17.25061362956908,23.496714226591756
2013-06-08 10:00:00,11.826798070630469,15.155520535702664,23.4967138969389
2013-06-08 12:00:00,11.001947693610877,14.449679512829572,23.496714221092425
2013-06-08 14:00:00,13.252523019932777,16.383428765195053,23.496714270048464
2013-06-08 16:00:00,23.17042166788267,23.725812033803585,37.599909220286335
2013-06-08 18:00:00,37.12426545722319,37.01239279508436,45.192761820678584
2013-06-08 20:00:00,37.89994981911076,39.358978309699516,45.19276182807699
2013-06-08 22:00:00,38.186130618198284,39.56886175582587,45.19276183008683
2013-06-09 00:00:00,38.31186934551999,39.56886324824727,45.19276175571356
2013-06-09 02:00:00,38.43804535240568,39.568863308355255,45.19276176692153
2013-06-09 04:00:00,38.43804529458918,39.568863324992634,45.192761757109785
2013-06-09 06:00:00,35.317819932376274,37.18784764422449,41.111531297553995
2013-06-09 08:00:00,29.173290457506653,30.59555197902906,35.62659258211127
2013-06-09 10:00:00,29.173290421366232,30.59555194306043,35.62659258150672
2013-06-09 12:00:00,29.173290416888946,30.324797728214932,35.626592583692776
2013-06-09 14:00:00,29.28060273223116,30.595552947567096,35.62659304164929
2013-06-09 16:00:00,38.193590330460346,39.699300695392715,45.721126039787485
2013-06-09 18:00:00,41.83418199625994,43.12741115456991,48.43569907584806
2013-06-09 20:00:00,52.80510335508909,60.61366104860515,53.26083800344118
2013-06-09 22:00:00,48.33880379654338,55.136824518742976,49.747758277453116
2013-06-10 00:00:00,56.304182599289,64.90445189713657,56.013111113421985
2013-06-10 02:00:00,65.35882825156166,73.27609799633068,56.42624491190362
2013-06-10 04:00:00,65.3588636748502,73.27609802436737,56.42624491961906
2013-06-10 06:00:00,60.5777337629206,73.27054756923857,56.426244783852795
2013-06-10 08:00:00,49.04660493360852,59.827034774677514,46.69903049651828
2013-06-10 10:00:00,49.045129386954606,59.84191281972885,46.68212888873745
2013-06-10 12:00:00,48.54512356024057,59.827034587136566,45.72451169443643
2013-06-10 14:00:00,42.41455193362185,47.1982353336334,45.72359154248673
2013-06-10 16:00:00,50.27030346502366,59.65703942194503,49.23737331788971
2013-06-10 18:00:00,73.16552331145537,88.87253968700426,66.17079581824693
2013-06-10 20:00:00,73.2813514583882,88.97747899373383,66.17079598426896
2013-06-10 22:00:00,73.25968184971798,88.95785521643093,66.17079597499941
2013-06-11 00:00:00,73.28135142465935,89.11116044824726,66.17079600006234
2013-06-11 02:00:00,73.28135147237306,89.1111605494126,66.17079599957192
2013-06-11 04:00:00,73.28135148061654,89.11116057856078,66.17079599104433
2013-06-11 06:00:00,43.316923690510556,49.05626261218961,45.724512041410996
2013-06-11 08:00:00,39.02121137720809,40.208968119176006,45.72221814187709
2013-06-11 10:00:00,40.369683598206564,42.986996581217056,45.72221814439587
2013-06-11 12:00:00,38.211956594722665,40.208968097865394,43.776394953961265
2013-06-11 14:00:00,39.021211371515626,40.208968118691324,45.551836586973714
2013-06-11 16:00:00,40.37125027601033,42.6408216144728,46.051802762152946
2013-06-11 18:00:00,48.203398688915016,49.05626262175993,55.22030370423607
2013-06-11 20:00:00,48.20339868122374,49.05626262087469,55.220303688276346
2013-06-11 22:00:00,39.26684682782391,40.37981300889402,46.038402465228515
2013-06-12 00:00:00,39.02239144008718,40.20896809283178,45.7245119935735
2013-06-12 02:00:00,39.02191795046966,40.208968098012605,45.723591593980494
2013-06-12 04:00:00,39.02191797928819,40.208968107438906,45.72451205115657
2013-06-12 06:00:00,17.243790872487732,19.151961285555874,28.45808440330181
2013-06-12 08:00:00,13.944635648508395,15.986484034993733,24.18581319513048
2013-06-12 10:00:00,13.944635646240473,13.149956065862128,23.377482794122493
2013-06-12 12:00:00,10.935950212867857,10.470292629174358,19.19659087822209
2013-06-12 14:00:00,13.944635643620487,15.98648392329186,24.185813196190203
2013-06-12 16:00:00,20.535815668319046,21.28949086470269,28.943249967231004
2013-06-12 18:00:00,20.849460476014123,21.485977764997994,34.50552817284505
2013-06-12 20:00:00,20.84946046294757,21.485977686025446,34.5055281722716
2013-06-12 22:00:00,18.084036283749338,19.44819230649422,34.29604758181056
2013-06-13 00:00:00,16.865228034524122,19.489429434431273,34.29604727609781
2013-06-13 02:00:00,16.86522803756715,19.489429515761387,34.296047497136776
2013-06-13 04:00:00,18.084036397659265,20.708557184876188,33.96266994007182
2013-06-13 06:00:00,3.662105007585486,16.227552316658997,11.179951263817523
2013-06-13 08:00:00,0.04816861111764557,12.033350799879173,7.65549238328769
2013-06-13 10:00:00,0.04593912022966038,13.617712768484985,7.655492359207337
2013-06-13 12:00:00,0.0349241965050812,2.6547104898407077,5.385127411944955
2013-06-13 14:00:00,0.18870506766966363,2.808381458596767,5.594797337895305
2013-06-13 16:00:00,2.9434700197305768,10.428095402923784,28.443072304900838
2013-06-13 18:00:00,4.112733911055603,13.617712765384727,28.983585075016528
2013-06-13 20:00:00,21.454296675396453,25.699027611158918,28.983585067830262
2013-06-13 22:00:00,21.45429687819623,25.699027718220943,28.460386432751577
2013-06-14 00:00:00,21.454296942733908,31.191967503301356,28.45800049707725
2013-06-14 02:00:00,20.845092711007275,34.18797482759202,28.461822542928545
2013-06-14 04:00:00,21.454296951318216,34.187974842634056,28.961429846965068
2013-06-14 06:00:00,7.217286087113041,27.199986972043448,17.471896983641017
2013-06-14 08:00:00,0.06002599398320994,20.032187970280926,8.43725845274818
2013-06-14 10:00:00,0.047621941144509634,19.786386062039814,8.426523899323689
2013-06-14 12:00:00,4.070809404147416,20.032187957884425,12.222865477943396
2013-06-14 14:00:00,8.676934096285132,20.032189470736796,19.040117011547398
2013-06-14 16:00:00,29.21286277057101,25.69902829219608,38.02788425691166
2013-06-14 18:00:00,38.18454281129642,31.14275667531604,45.72112607739979
2013-06-14 20:00:00,38.18454281674043,31.142756677681067,45.721126079591436
2013-06-14 22:00:00,37.68227575083701,31.04003805417371,45.72112606137201
2013-06-15 00:00:00,37.044175458016596,25.699028319618705,45.72112606616728
2013-06-15 02:00:00,35.11611809432683,25.69902829473907,45.72112603839068
2013-06-15 04:00:00,30.906644729507146,25.699028292063687,43.89646169738036
2013-06-15 06:00:00,0.07053680940135004,2.6552637861798942,5.554571529180572
2013-06-15 08:00:00,0.034680150130962394,2.6546151570822727,5.385230759442239
2013-06-15 10:00:00,0.03429985578927051,2.6543073660869023,5.384849504700851
2013-06-15 12:00:00,0.0340939878019283,2.6541638137648658,5.3845870801141436
2013-06-15 14:00:00,0.03429986641913727,2.653562971668908,5.384995120769007
2013-06-15 16:00:00,0.03471157046954075,2.6562259348528934,12.67063438042743
2013-06-15 18:00:00,0.036964090095929825,12.09280457275177,34.99228751056435
2013-06-15 20:00:00,33.090750674997615,35.97075159764255,39.63024157093452
2013-06-15 22:00:00,33.09075070623647,36.215757658105396,39.63024157134254
2013-06-16 00:00:00,34.280241153518254,36.90024130892195,39.630241569840784
2013-06-16 02:00:00,34.280241411365296,36.90024148278444,39.6302415590261
2013-06-16 04:00:00,34.28024141304737,36.90024149097104,39.63024153982454
2013-06-16 06:00:00,0.034593180654276766,20.98252284594675,5.435246114922583
2013-06-16 08:00:00,0.03409400477251324,17.469238910179868,5.396321493333142
2013-06-16 10:00:00,0.03409400112148322,17.46923885777125,5.396321470075715
2013-06-16 12:00:00,0.03409400350344186,17.46923893371678,5.384823876370478
2013-06-16 14:00:00,0.03580507115958518,25.69902717942004,5.385127591481757
2013-06-16 16:00:00,29.65161670449855,39.27581076646731,28.394696915539633
2013-06-16 18:00:00,41.834181744875174,46.70733214672031,45.05882887394119
2013-06-16 20:00:00,42.654024625060295,47.97832882196623,45.453107158096024
2013-06-16 22:00:00,42.654015739479895,47.97831784957865,45.45310022751766
2013-06-17 00:00:00,42.46452363756523,47.58793187808931,45.4531073794623
2013-06-17 02:00:00,40.36968360791896,39.75469047624223,45.453107389842465
2013-06-17 04:00:00,40.36968350365147,39.33584230705649,45.45310739102353
2013-06-17 06:00:00,33.41737808598469,36.350675600650455,34.102392469551326
2013-06-17 08:00:00,27.045241296124356,31.343251803740696,28.616710034990994
2013-06-17 10:00:00,27.045241296869914,29.917442608232253,28.460311646650922
2013-06-17 12:00:00,27.045241291990504,28.190693505245623,28.46031166512612
2013-06-17 14:00:00,25.402067519296775,25.699027372984716,28.616710033216776
2013-06-17 16:00:00,34.57524893636284,36.088024415289766,40.969672211791625
2013-06-17 18:00:00,38.6498303688717,40.59304054485774,45.387301220503055
2013-06-17 20:00:00,39.30900474988245,41.14979074927511,45.39402220417375
2013-06-17 22:00:00,37.39139661058227,39.968757615748004,45.38755537594717
2013-06-18 00:00:00,39.20507699805656,41.07727299525559,45.260465942732445
2013-06-18 02:00:00,39.415647761526174,41.36948912060389,45.394022219172996
2013-06-18 04:00:00,40.19232464220125,42.9273002271511,45.43387039880781
2013-06-18 06:00:00,32.581259376876346,37.18805494426427,33.90930811686839
2013-06-18 08:00:00,26.367985142589106,28.1997244207987,28.46031173206663
2013-06-18 10:00:00,26.367985118706336,25.694033517980994,28.45808437431984
2013-06-18 12:00:00,26.367985137374706,25.69902760668429,28.45391072956859
2013-06-18 14:00:00,34.573038671346694,37.18591735291924,28.460311745658835
2013-06-18 16:00:00,40.36784657278835,44.75774357705461,44.048337193626466
2013-06-18 18:00:00,164.7932053466201,159.84344403196548,48.25653456972272
2013-06-18 20:00:00,169.45839236124496,164.07004160068553,48.25653382999403
2013-06-18 22:00:00,137.23846288599168,134.72589790734506,48.058198391351745
2013-06-19 00:00:00,167.36608433162516,161.6832616172661,47.62063741024161
2013-06-19 02:00:00,169.45839221957613,164.07005885917698,48.25653452643915
2013-06-19 04:00:00,169.45839229157946,164.0700589923638,48.25653458208209
2013-06-19 06:00:00,45.69230622008605,48.4935704383865,40.47148497002694
2013-06-19 08:00:00,37.060304584088364,39.75318746552397,33.84283563756916
2013-06-19 10:00:00,36.987933118299615,39.543518003379994,28.460384295868792
2013-06-19 12:00:00,36.98793311496344,39.57800419422447,28.46182259324582
2013-06-19 14:00:00,37.06124696957655,39.75317324976243,33.842835641064795
2013-06-19 16:00:00,37.68194179308974,39.753187422558554,42.805894141058666
2013-06-19 18:00:00,39.8755367953323,41.96655812840433,45.72451203452796
2013-06-19 20:00:00,39.95427202168083,42.174421890275816,45.68144283489975
2013-06-19 22:00:00,42.688977262920694,47.190675107524676,46.26400835135607
2013-06-20 00:00:00,40.37125042050925,42.987792831213504,45.72451189153748
2013-06-20 02:00:00,41.087785726771074,44.46492440740258,45.72359156005942
2013-06-20 04:00:00,42.44007417420813,46.608812898594124,46.32917911457812
2013-06-20 06:00:00,40.36784672179735,40.21533077295698,44.60611630927118
2013-06-20 08:00:00,37.124910774951616,37.886162378087285,39.26563247049136
2013-06-20 10:00:00,37.12491074569332,37.665531364847,39.098651602755716
2013-06-20 12:00:00,37.124910755588786,37.88616231943842,39.098652013194425
2013-06-20 14:00:00,37.12491074587234,37.88616237721096,39.26563248843559
2013-06-20 16:00:00,37.922854472067584,39.75441964689946,44.01656968422824
2013-06-20 18:00:00,44.48560305552975,49.84751568662659,47.24921031274798
2013-06-20 20:00:00,46.84653017108808,51.9864928302551,47.24921019962374
2013-06-20 22:00:00,46.84653013676219,51.98649285740843,47.24921030205116
2013-06-21 00:00:00,46.84652987732311,51.98649276607757,47.24921030683995
2013-06-21 02:00:00,43.596631102773586,43.21619433382571,47.24921028084281
2013-06-21 04:00:00,43.400949260096425,46.00935000699824,47.24921027769248
2013-06-21 06:00:00,20.003487224134506,21.81429913032646,25.549275112734982
2013-06-21 08:00:00,17.567452477309736,18.510161751266683,14.044792468784406
2013-06-21 10:00:00,16.17998967392671,18.510161688355,10.340668718390209
2013-06-21 12:00:00,4.07336564199998,18.51016172860957,10.227317973860973
2013-06-21 14:00:00,5.992445527485122,18.510161754836453,13.024469334729268
2013-06-21 16:00:00,16.179989674085576,18.51016177088758,21.803378714730165
2013-06-21 18:00:00,23.01004233606942,25.523743896515445,28.460311661105912
2013-06-21 20:00:00,23.01004238976107,25.5237439856723,28.46031175155975
2013-06-21 22:00:00,23.01004238701312,25.523743945911153,28.46031175005634
2013-06-22 00:00:00,18.615299394177782,21.430886324849137,28.460311745844614
2013-06-22 02:00:00,18.615299383087535,21.430886320705977,28.460311752681093
2013-06-22 04:00:00,18.615299379559975,21.430886319865156,28.460311753579568
2013-06-22 06:00:00,0.046482284593094364,2.6804833967706267,5.433540716856538
2013-06-22 08:00:00,0.03471159281876033,2.6551109166064557,5.393459987399137
2013-06-22 10:00:00,0.03489146949727822,2.6553045088768186,5.3949401357742826
2013-06-22 12:00:00,0.03489146434223637,2.6553041540307025,5.394751344382768
2013-06-22 14:00:00,0.0348915082833302,2.6553042035298655,5.394751716988624
2013-06-22 16:00:00,0.03492405096802033,2.655304328924388,28.33183037101834
2013-06-22 18:00:00,0.03563625341684026,2.667420034005639,33.75068918792492
2013-06-22 20:00:00,0.05735133698874642,2.6937142778227456,33.75068918713597
2013-06-22 22:00:00,0.07126704985729909,2.6937142760484933,32.31462163035341
2013-06-23 00:00:00,0.05789351262226503,2.693714341810128,33.750689181193636
2013-06-23 02:00:00,0.047622001722810336,2.693714324608371,33.75068918839605
2013-06-23 04:00:00,0.0361347607965709,2.6937142014286253,33.75068918946259
2013-06-23 06:00:00,0.03498378430515705,2.6548447162130686,11.51471903038884
2013-06-23 08:00:00,0.034891535763152605,2.6543983615480014,11.514719026868207
2013-06-23 10:00:00,0.03489151258865864,2.6543087405111176,11.514719027608823
2013-06-23 12:00:00,0.034891480247576434,2.654308615749546,11.51471900297852
2013-06-23 14:00:00,0.03489153494421383,2.654398377203273,11.514719047148688
2013-06-23 16:00:00,0.03620307816641759,2.656782629097017,28.618045946647946
2013-06-23 18:00:00,3.1206720815986744,8.104532418176632,44.004661191536336
2013-06-23 20:00:00,9.264573036386293,12.098136926990293,43.74795922925103
2013-06-23 22:00:00,9.264572971163757,13.385355003196924,41.72657776381467
2013-06-24 00:00:00,23.783476074498637,21.260610192158328,41.7265718191017
2013-06-24 02:00:00,29.921857738069704,25.699027433578824,41.72656598314232
2013-06-24 04:00:00,36.67213297808611,37.185590269489516,44.009193640441666
2013-06-24 06:00:00,35.11497377575069,39.75289817946381,37.23586314194858
2013-06-24 08:00:00,34.640771873410735,39.75289816301099,37.235863136418814
2013-06-24 10:00:00,34.574886576031844,39.752898114675055,37.23586313606476
2013-06-24 12:00:00,34.57487761724895,39.752898142174146,37.23586312878487
2013-06-24 14:00:00,34.574877596549776,40.045582430265746,37.23586314758584
2013-06-24 16:00:00,36.8858849024357,40.045582521610626,41.72679866803664
2013-06-24 18:00:00,41.81823771337062,45.972364311987945,45.72112602284871
2013-06-24 20:00:00,43.23223540870414,50.13462802511077,45.7235915634462
2013-06-24 22:00:00,43.232235436299774,50.13462800499712,45.72359156079498
2013-06-25 00:00:00,43.23223542371149,50.134627986838524,45.723591559174665
2013-06-25 02:00:00,43.23223537807047,50.13462803994714,45.723591541152786
2013-06-25 04:00:00,43.23187483252971,50.134628100527394,45.72359156160802
2013-06-25 06:00:00,32.05578368204419,38.56425584453198,33.737863682001326
2013-06-25 08:00:00,25.942349825819637,31.27166455604326,28.736706044965317
2013-06-25 10:00:00,25.00530986112472,29.63425431188739,28.460311709862502
2013-06-25 12:00:00,22.262401131951105,25.699027351903656,26.84209354602544
2013-06-25 14:00:00,25.58831925343657,30.83769069609032,28.45808441828899
2013-06-25 16:00:00,29.930618652800142,34.18613953317241,33.73786368373731
2013-06-25 18:00:00,37.681499648479374,41.17301815328662,41.72644032149578
2013-06-25 20:00:00,40.36968360533589,55.54705760981175,41.726440415013705
2013-06-25 22:00:00,40.36968359892557,55.547057701186446,41.72643754861135
2013-06-26 00:00:00,40.3696836100449,55.54705772995835,41.72643582837151
2013-06-26 02:00:00,40.36968359307682,55.54705775091699,41.72643830721631
2013-06-26 04:00:00,40.369683603272875,55.54705775897811,41.726440214614094
2013-06-26 06:00:00,21.427608260921996,25.69902736646934,27.551733534167354
2013-06-26 08:00:00,17.333527731315854,22.72976095973953,17.246211660205468
2013-06-26 10:00:00,17.333527737138848,21.118062481855414,17.246212009084154
2013-06-26 12:00:00,17.333527689673403,22.72976110294154,5.840709544263576
2013-06-26 14:00:00,17.333527741264987,22.729761086742354,17.246212015138802
2013-06-26 16:00:00,32.2238660736968,35.56240963501098,31.297615266725437
2013-06-26 18:00:00,37.32446995341552,40.69810987925971,41.96357606588522
2013-06-26 20:00:00,39.664757755647386,43.31977052152494,44.038450384370854
2013-06-26 22:00:00,38.67959640887152,41.28923335028971,44.039371681407964
2013-06-27 00:00:00,38.281457950691895,40.54392863668092,43.96870837961023
2013-06-27 02:00:00,38.71738952036099,41.327018124614575,44.077172642800946
2013-06-27 04:00:00,39.81074214215484,43.319770671910135,44.322138851451086
2013-06-27 06:00:00,35.11476801655593,39.01722310709914,39.25505304789872
2013-06-27 08:00:00,31.20832553507012,35.178031328303106,34.571275117826005
2013-06-27 10:00:00,31.20832554274591,34.166035634408274,36.23977018047753
2013-06-27 12:00:00,31.20832557421234,34.76277917811968,35.676873694752544
2013-06-27 14:00:00,32.03657975525159,35.17803135391704,36.89470461721854
2013-06-27 16:00:00,35.817775339682214,37.18542457375601,42.34909340996603
2013-06-27 18:00:00,38.183794342436116,40.01830359675272,45.23480676884265
2013-06-27 20:00:00,37.75417021991343,39.753799065831224,45.23480677569879
2013-06-27 22:00:00,37.41648256328298,39.545893817217525,45.23480676273645
2013-06-28 00:00:00,37.75414955213945,39.75378456361943,45.23480675356729
2013-06-28 02:00:00,38.21808673342572,40.03925860034098,45.23233516210611
2013-06-28 04:00:00,38.88146091904754,40.447269984588566,45.225858703314124
2013-06-28 06:00:00,29.695291083561973,34.150590798094086,33.314088607298714
2013-06-28 08:00:00,24.03035085824757,27.625635025769675,28.460384309375023
2013-06-28 10:00:00,24.03035085328752,27.626918695657206,28.459173443722655
2013-06-28 12:00:00,24.030350851053985,27.625635030641448,28.460384289377274
2013-06-28 14:00:00,24.03035083300344,26.276115050088038,29.73336013403665
2013-06-28 16:00:00,29.626016422994493,28.135373930179295,38.853505385654586
2013-06-28 18:00:00,35.1146639847609,33.358873014168566,44.59226228433262
2013-06-28 20:00:00,35.11479946761366,33.35915216065367,44.592262284439464
2013-06-28 22:00:00,28.420152641279895,28.135374137305064,44.06161093896346
2013-06-29 00:00:00,28.42015265188077,28.135374151855572,44.062542938492165
2013-06-29 02:00:00,33.79825719916454,33.387886052876105,44.06440803834058
2013-06-29 04:00:00,34.57462334745305,33.89849416676484,44.06440825801404
2013-06-29 06:00:00,17.449786932639594,20.325114966162637,28.460384305483615
2013-06-29 08:00:00,14.331223889352408,17.33685440959779,26.84916763775093
2013-06-29 10:00:00,14.111492444284263,17.33685440570965,26.849167635583896
2013-06-29 12:00:00,14.111492139552865,17.336854382093943,26.84916763396363
2013-06-29 14:00:00,14.111492508399449,17.336854398012097,26.84916760221506
2013-06-29 16:00:00,22.26604142972562,25.69902733996187,26.849167687281124
2013-06-29 18:00:00,34.766747347901735,37.18530342604067,39.40745722316296
2013-06-29 20:00:00,37.123067214879306,39.486208734970944,39.652395030714764
2013-06-29 22:00:00,37.11511470221754,39.486991547665646,39.65239502764188
2013-06-30 00:00:00,37.11478165605226,39.48668975778313,39.65239500099545
2013-06-30 02:00:00,37.11511473097798,39.48699149781129,39.65239502974234
2013-06-30 04:00:00,34.574567303389124,37.18527980153233,39.652395029818884
2013-06-30 06:00:00,6.968583596436403,11.387814848769317,10.642683570668968
2013-06-30 08:00:00,5.636550376565402,9.69752541121876,9.627307093811186
2013-06-30 10:00:00,5.6217177532958535,9.697525391218772,9.746635591284974
2013-06-30 12:00:00,5.621717753952909,9.697524743243154,9.746635744430193
2013-06-30 14:00:00,5.621717763976904,9.697525423278817,9.770252873417373
2013-06-30 16:00:00,17.296026888319673,19.265694677362042,28.45917341150175
2013-06-30 18:00:00,37.11778569117209,39.592148232113445,42.4930014705848
2013-06-30 20:00:00,37.12299635084473,39.764462012104396,42.49651718529323
2013-06-30 22:00:00,37.12188091761956,39.752504823089424,42.496517061644646
2013-07-01 00:00:00,37.122991365856635,39.75249978664704,42.49636708891643
2013-07-01 02:00:00,37.12298643560099,39.764461994819754,42.496517195083236
2013-07-01 04:00:00,37.12299633357274,39.76446802421269,42.49651718101833
2013-07-01 06:00:00,19.287116027562845,21.352208299455054,25.16224557153908
2013-07-01 08:00:00,15.599729093087861,17.7686841461361,21.375190989661228
2013-07-01 10:00:00,15.599729010989975,17.499764845888805,17.174367354553127
2013-07-01 12:00:00,10.907850816888535,14.348676029769656,13.084516579565179
2013-07-01 14:00:00,15.599729094134117,17.768684129281862,21.375191025881684
2013-07-01 16:00:00,35.85499948243502,39.7508549491945,39.72323453687096
2013-07-01 18:00:00,41.61358869420189,43.64258795177123,47.52106815272566
2013-07-01 20:00:00,44.29362261133517,48.49069019634892,47.89840439570179
2013-07-01 22:00:00,44.293622724074204,48.49069031819387,47.89840439066318
2013-07-02 00:00:00,44.29361259492762,48.49069018061849,47.89840438864098
2013-07-02 02:00:00,44.293602787082186,48.49069034340385,47.89840438457964
2013-07-02 04:00:00,44.29362276963202,48.4906903632107,47.898404385154215
2013-07-02 06:00:00,37.12463266913204,40.21527645992904,40.76582379626325
2013-07-02 08:00:00,30.048117501561244,33.047769322028856,34.0140894139596
2013-07-02 10:00:00,23.75110139867788,25.699027380755986,28.46031177581031
2013-07-02 12:00:00,30.048117482016497,25.699027346043884,28.460311716664535
2013-07-02 14:00:00,35.36574532595521,33.047769370029975,34.01408941649464
2013-07-02 16:00:00,40.12703942718891,39.752346527932374,45.56587719085761
2013-07-02 18:00:00,43.597556165157215,47.28490652459439,47.94074535604524
2013-07-02 20:00:00,40.64821409294755,41.94199258490528,47.24921299676368
2013-07-02 22:00:00,39.2895666450038,40.99396785683467,45.50323312574873
2013-07-03 00:00:00,38.38960347862463,39.788729750985446,44.89122985416855
2013-07-03 02:00:00,38.389603485409125,39.76820004028492,44.91059510562406
2013-07-03 04:00:00,39.181961417523766,40.66087153915182,45.608329215602154
2013-07-03 06:00:00,39.18196154710723,39.752361920070896,43.09591203720495
2013-07-03 08:00:00,39.18196144481603,39.75234657052644,43.095912037701126
2013-07-03 10:00:00,39.18196148005657,39.75234662671952,43.09591204162313
2013-07-03 12:00:00,39.182979904426524,39.75234653751593,43.09591204015446
2013-07-03 14:00:00,40.10149694811293,39.75234179056168,43.09591206779405
2013-07-03 16:00:00,40.369683537412925,42.71639931765328,45.977467168862276
2013-07-03 18:00:00,47.76125571985413,52.92341412416287,50.713287221141385
2013-07-03 20:00:00,47.76125584292285,52.923414370413006,50.71328721922317
2013-07-03 22:00:00,47.76125579253088,52.923414298565916,50.71328719184256
2013-07-04 00:00:00,47.76125563967519,52.92341413735039,50.71328705594729
2013-07-04 02:00:00,47.76125576867661,52.92341427882057,50.71328717551915
2013-07-04 04:00:00,47.76125593988791,52.92341438478166,50.713287395356595
2013-07-04 06:00:00,37.122791849110264,34.44121014718621,44.91568035094813
2013-07-04 08:00:00,30.046626438045557,26.135477245450918,37.37547322511812
2013-07-04 10:00:00,27.591215835813486,26.135476722568637,36.78578109073551
2013-07-04 12:00:00,23.533006988710266,25.699027351669294,36.32593276155646
2013-07-04 14:00:00,27.59121605993289,26.135477159277453,36.785781061036914
2013-07-04 16:00:00,30.046626547142097,28.370775581569887,42.64092633701991
2013-07-04 18:00:00,40.32990059237193,42.126343059053696,47.27424447584371
2013-07-04 20:00:00,40.82066382173944,43.200684404715446,47.08976779825467
2013-07-04 22:00:00,41.22610137205388,43.451135780569736,47.088917369330595
2013-07-05 00:00:00,41.329036970987694,43.51451048782669,47.08891734421275
2013-07-05 02:00:00,42.73057185403629,46.20538374115112,47.27424444994586
2013-07-05 04:00:00,43.195345962363646,47.1628788118891,47.27424447534489
2013-07-05 06:00:00,40.8215515191362,44.10469277873999,45.54602327664389
2013-07-05 08:00:00,37.36610310388197,39.976084791979034,39.28591016735336
2013-07-05 10:00:00,33.0426217700613,34.71561991496702,39.28591016341819
2013-07-05 12:00:00,31.72795749478255,32.159118768027874,39.14264640178599
2013-07-05 14:00:00,32.47507106229642,35.01554146188942,37.90008973386994
2013-07-05 16:00:00,38.91142017495861,42.56190427658722,43.28938434050683
2013-07-05 18:00:00,43.19642645634184,47.16450145659921,47.27481354461041
2013-07-05 20:00:00,43.19642901849462,47.16450389290166,47.27481355025802
2013-07-05 22:00:00,43.19642648112863,47.16450150682132,47.2748135454938
2013-07-06 00:00:00,43.19642723825964,47.16450400445211,47.27481265134581
2013-07-06 02:00:00,43.19642751301682,47.16450405282566,47.27481314788108
2013-07-06 04:00:00,43.19642757692333,47.16450379576901,47.274813542732495
2013-07-06 06:00:00,26.09148879804798,26.100101946265948,33.71675731737186
2013-07-06 08:00:00,21.11127095330747,21.614477948483653,28.458000528855813
2013-07-06 10:00:00,21.111261290873863,21.614458014217494,28.458000536475105
2013-07-06 12:00:00,21.110097642273722,21.612060778601474,28.458000529001467
2013-07-06 14:00:00,21.111270944443213,21.61447792947339,28.458000526776082
2013-07-06 16:00:00,38.32515262118852,40.93488271050361,41.79631420044616
2013-07-06 18:00:00,41.58237344555708,43.865411277599776,47.25022327280314
2013-07-06 20:00:00,43.23853594667712,47.27345436085857,47.253870957805205
2013-07-06 22:00:00,43.23853595313039,47.27345435745985,47.25387095280618
2013-07-07 00:00:00,43.780368893833995,47.764367227745886,47.253871144029866
2013-07-07 02:00:00,44.3496030971726,48.28008814047951,47.253871153970785
2013-07-07 04:00:00,44.34960301219566,48.280088292825226,47.25387115317144
2013-07-07 06:00:00,22.57379759188428,24.62494589630219,28.460384294376595
2013-07-07 08:00:00,18.30119055642538,20.419601546558248,24.124329681510744
2013-07-07 10:00:00,17.73781886594521,19.258982586700117,24.12432967878253
2013-07-07 12:00:00,17.73781885703858,19.258982564948504,24.12432967775267
2013-07-07 14:00:00,18.11806870279053,20.042343180845887,24.124329682281264
2013-07-07 16:00:00,38.194399892419575,25.699027332472546,41.2153936406396
2013-07-07 18:00:00,40.88456076637172,41.13650326721882,46.2160884008773
2013-07-07 20:00:00,40.88630110125511,43.52772904310508,46.21608840937973
2013-07-07 22:00:00,40.88525653031061,43.4943163265289,46.21608842466874
2013-07-08 00:00:00,40.88560472053254,43.52629391429214,46.21608843608603
2013-07-08 02:00:00,40.88630112188013,43.52772905557976,46.216088437834955
2013-07-08 04:00:00,40.88630153673894,43.52772910911168,46.216088444580905
2013-07-08 06:00:00,23.09516327394139,25.699027461487415,28.460383863837777
2013-07-08 08:00:00,18.683540534252415,21.289607632465952,24.04668307236315
2013-07-08 10:00:00,15.359433209661141,17.59941415835064,21.067897779312855
2013-07-08 12:00:00,13.22563955212663,16.228452354046325,20.171878729336623
2013-07-08 14:00:00,15.110422459030046,17.638184764424743,24.046683076411014
2013-07-08 16:00:00,33.48726121016154,32.794701898575745,39.265635543649594
2013-07-08 18:00:00,40.888745327981674,42.66544184781008,47.09823480027067
2013-07-08 20:00:00,40.8890952443593,42.66565731668555,47.09823478391281
2013-07-08 22:00:00,40.93572991015485,42.69436898877258,47.098234854190565
2013-07-09 00:00:00,41.10148639240397,42.69436988829006,47.24921404994631
2013-07-09 02:00:00,41.2196267426082,42.694369865511035,47.24921406708469
2013-07-09 04:00:00,41.22012756933766,42.694369968012175,47.24921405940436
2013-07-09 06:00:00,38.194411633769,40.260518769337786,39.22688127572899
2013-07-09 08:00:00,34.47442648262994,33.08441558461345,32.76754597067499
2013-07-09 10:00:00,30.914638411881874,25.699027342669336,30.7323675330503
2013-07-09 12:00:00,21.815813235521404,20.418347959686965,28.458084411519785
2013-07-09 14:00:00,28.035571305768915,25.699027059515082,32.76754597249741
2013-07-09 16:00:00,38.41215858677259,35.572816826697675,45.24146706380046
2013-07-09 18:00:00,40.892953244909684,43.32256768097858,46.422540184930476
2013-07-09 20:00:00,40.89783224022146,43.33261909094705,46.42254018674104
2013-07-09 22:00:00,40.89754067394001,43.332619123688886,46.421973543299195
2013-07-10 00:00:00,40.410048969451736,42.72098162282334,46.05158616847796
2013-07-10 02:00:00,40.15553375829081,42.54338824063084,45.724512077932346
2013-07-10 04:00:00,40.155533797165134,42.543388345469104,45.7245120627619
2013-07-10 06:00:00,10.029817795562822,19.5180862141339,17.2400002239547
2013-07-10 08:00:00,8.101317533336301,16.283045214322556,13.750847346346372
2013-07-10 10:00:00,8.039132016573687,12.39229540636958,10.107489538711864
2013-07-10 12:00:00,7.435626067701934,10.281789750699286,12.572290281815654
2013-07-10 14:00:00,8.101317509633303,16.28304524530419,13.750847339007892
2013-07-10 16:00:00,22.663702286737735,24.81144536776471,28.459173399713045
2013-07-10 18:00:00,38.44625277270383,41.02180091593529,44.91564948173875
2013-07-10 20:00:00,39.515187623653304,41.703155688231085,45.272714918132415
2013-07-10 22:00:00,39.86412222043761,41.9466322065227,45.721126055285545
2013-07-11 00:00:00,40.369683629067204,42.75184562670361,45.94403156800864
2013-07-11 02:00:00,41.245931754750416,44.33307337092081,46.155286166947306
2013-07-11 04:00:00,41.24643771878606,44.33396609387413,46.15542706185049
2013-07-11 06:00:00,40.25111933696717,44.33307325387209,33.37118939147943
2013-07-11 08:00:00,38.19439976291894,40.97836213128384,28.46182141223732
2013-07-11 10:00:00,37.22807476834625,33.897955038233384,28.46182140810057
2013-07-11 12:00:00,37.22807476738926,25.699027362636613,28.461821391047067
2013-07-11 14:00:00,37.22807479173993,25.699027435079746,28.461821417530878
2013-07-11 16:00:00,40.915311299645616,41.02174646723142,44.28393799274001
2013-07-11 18:00:00,51.55796465821555,57.84952947283358,53.44464910081305
2013-07-11 20:00:00,62.31113789523206,67.59180174007601,53.44464918167804
2013-07-11 22:00:00,64.07493596648224,69.18978590641757,53.44464917806493
2013-07-12 00:00:00,64.91665139749085,69.95237197903613,53.44464917178221
2013-07-12 02:00:00,64.91665157228438,69.95237205744496,53.44464920089408
2013-07-12 04:00:00,64.91665157725537,69.9523720479679,53.444649200970865
2013-07-12 06:00:00,42.4645296794889,52.52007394762663,40.338253968309715
2013-07-12 08:00:00,40.36968360296859,43.87163697743198,33.66775785275697
2013-07-12 10:00:00,40.37125029625738,41.021691186849985,33.66775783126551
2013-07-12 12:00:00,40.36968361569968,37.049405045568385,28.462290607914014
2013-07-12 14:00:00,40.36968360846201,43.87163661670943,33.667757853139456
2013-07-12 16:00:00,41.241049349133846,45.37434505709712,45.163586930811505
2013-07-12 18:00:00,159.97430285797327,157.96488554970313,57.96525325375112
2013-07-12 20:00:00,175.5017832467804,172.03263340918053,57.96525327123752
2013-07-12 22:00:00,175.50178331141365,172.0326334353531,57.96525326757943
2013-07-13 00:00:00,175.50178332696575,172.03263345503987,57.965253253819334
2013-07-13 02:00:00,175.50178332198485,172.03263345235388,57.96525326765361
2013-07-13 04:00:00,175.50178332628818,172.03263345831476,57.96525328161215
2013-07-13 06:00:00,28.167516912509505,31.142755528684276,31.459651874161842
2013-07-13 08:00:00,23.290139298517264,25.699027369893443,26.476090162362553
2013-07-13 10:00:00,22.79285373459801,25.229670764894294,26.47609015906791
2013-07-13 12:00:00,21.88802510219174,24.427799248542303,26.476090154806464
2013-07-13 14:00:00,22.792853739641913,25.699027137375456,26.47609016072942
2013-07-13 16:00:00,35.44164879908772,40.108733589368796,37.792759744408755
2013-07-13 18:00:00,42.82022848748732,46.604290623185726,47.072191332132455
2013-07-13 20:00:00,164.48183684596907,156.82854599944625,47.07219135393234
2013-07-13 22:00:00,164.48183685898306,156.82854601287247,47.072191356409654
2013-07-14 00:00:00,164.4818368636897,156.82854602460094,47.072191358085504
2013-07-14 02:00:00,164.48183685530955,156.82854603592818,47.072191357482026
2013-07-14 04:00:00,164.48183681971395,156.82854594548564,47.072191251856815
2013-07-14 06:00:00,14.119122358617087,18.367385259494807,10.529969113259321
2013-07-14 08:00:00,11.413654981311725,15.350977436019527,9.523047115893242
2013-07-14 10:00:00,11.413654148186922,15.35097743703157,9.22799676827236
2013-07-14 12:00:00,9.271472061948216,14.273352644979884,9.172373454814736
2013-07-14 14:00:00,11.413654166317938,15.350977541071426,9.523047116059391
2013-07-14 16:00:00,38.41185700055905,36.42080246887628,28.460311721229616
2013-07-14 18:00:00,41.41562156328791,44.13711145965394,45.937176898997286
2013-07-14 20:00:00,42.40280182710743,45.810783258820265,46.97977686892103
2013-07-14 22:00:00,42.37548671329848,45.78603602146451,46.979776857993684
2013-07-15 00:00:00,42.402801798810366,45.81953141277032,47.00126225267935
2013-07-15 02:00:00,42.40280182325717,45.8195314458758,47.00126227156417
2013-07-15 04:00:00,42.4028018377328,45.81953145892686,47.00126227533048
2013-07-15 06:00:00,23.516749654879,26.570076941655106,28.458000451009042
2013-07-15 08:00:00,19.02573226043316,21.995157699709694,24.04475250365453
2013-07-15 10:00:00,13.8775723313582,16.56701316961581,19.16207011100471
2013-07-15 12:00:00,10.836416443198774,14.444464367452245,15.254410087478167
2013-07-15 14:00:00,19.0257322479897,20.846209467070118,24.044752501608812
2013-07-15 16:00:00,37.8934911368944,38.3800553695617,36.3855206160714
2013-07-15 18:00:00,42.73278806942526,45.93166554223186,47.53674421266358
2013-07-15 20:00:00,46.164919060881275,49.0420799042232,47.539044075650416
2013-07-15 22:00:00,44.34519570042239,47.3934279088325,47.53904406656005
2013-07-16 00:00:00,44.34519561388792,47.393427843439255,47.53904408454911
2013-07-16 02:00:00,44.34519579449005,47.39342796129291,47.539044086047326
2013-07-16 04:00:00,46.16492433499039,49.04208461281293,47.539044084722114
2013-07-16 06:00:00,33.07775238981428,35.00180949187947,31.46656941084494
2013-07-16 08:00:00,26.770144473249953,28.824861097467696,26.48169336500885
2013-07-16 10:00:00,26.770144236821874,27.405915058462092,26.481693309578063
2013-07-16 12:00:00,26.770144447262393,25.699027355967477,23.37877936729339
2013-07-16 14:00:00,26.770144474791998,28.824881807775686,26.481693366554516
2013-07-16 16:00:00,40.36968367831676,41.18359972730993,43.618878073102444
2013-07-16 18:00:00,49.130809804236364,53.719707640192816,52.62358683095414
2013-07-16 20:00:00,49.778457826024166,54.30647103960093,52.62358750011823
2013-07-16 22:00:00,49.294014443829994,53.867569900392375,52.6235875023556
2013-07-17 00:00:00,49.130819107226955,53.719726022296925,52.623587512221555
2013-07-17 02:00:00,49.77843656982542,54.30647110934754,52.62358753842256
2013-07-17 04:00:00,49.77842616853881,54.306471435540914,52.6235875968485
2013-07-17 06:00:00,40.98428191710843,41.57426429486754,44.915649484182524
2013-07-17 08:00:00,38.72701904978762,38.79901075597485,37.37544822248343
2013-07-17 10:00:00,33.17443090977776,34.14854944408931,36.6990615850439
2013-07-17 12:00:00,24.14345339280686,26.96786229249352,28.65395677645705
2013-07-17 14:00:00,33.1744333837254,33.501570459779195,37.3754482140001
2013-07-17 16:00:00,40.36968358511051,42.36962575944779,45.72451203064011
2013-07-17 18:00:00,43.65068359808672,45.46148904750719,49.76398102006772
2013-07-17 20:00:00,45.61355352392955,49.50522509055583,49.76398099143945
2013-07-17 22:00:00,45.61352590569705,49.5051997531613,49.763980590633054
2013-07-18 00:00:00,45.61353840372166,49.50522501322376,49.763981165708884
2013-07-18 02:00:00,45.613538529695695,49.505225164333375,49.76398127374708
2013-07-18 04:00:00,45.61355330793552,49.50524623644534,49.76398144211113
2013-07-18 06:00:00,27.806310580151948,29.62803528454197,33.909308114023936
2013-07-18 08:00:00,22.500161776681782,24.473323370566863,28.46031170898665
2013-07-18 10:00:00,14.686206072696736,17.131334929542398,20.201158604107626
2013-07-18 12:00:00,14.110191097790095,16.730817210076673,19.459600493873488
2013-07-18 14:00:00,22.4990147226182,24.473323023626158,28.45808307978433
2013-07-18 16:00:00,32.6766087375081,35.29660869338027,38.026608738985175
2013-07-18 18:00:00,40.30456885880214,42.83376236893668,45.74022478131531
2013-07-18 20:00:00,40.36968360267926,42.89275583090572,45.74022478340492
2013-07-18 22:00:00,40.36968358613468,42.873851817415584,45.740224781692184
2013-07-19 00:00:00,40.369683300058796,42.892756188673154,45.74016919176346
2013-07-19 02:00:00,40.36968360274956,42.872789256468636,45.723591604541355
2013-07-19 04:00:00,40.369683534032404,42.95751703770786,45.46942650655811
2013-07-19 06:00:00,11.459944601468475,14.880143442213338,16.055132689843518
2013-07-19 08:00:00,8.088992083623513,12.526311542257467,11.724750006743147
2013-07-19 10:00:00,6.33782769603605,11.304399867622369,9.474351905907055
2013-07-19 12:00:00,8.088990122965944,12.52630819475798,11.724749411540738
2013-07-19 14:00:00,9.261189114353598,12.52631156197307,14.002657696394012
2013-07-19 16:00:00,26.249205751167157,29.093826414024758,31.387325448223315
2013-07-19 18:00:00,40.17169774555255,42.580277783586766,45.72112605741916
2013-07-19 20:00:00,40.38540059196981,42.72939344864945,45.9957528648077
2013-07-19 22:00:00,40.64162110208271,42.908176589070315,46.32501836545478
2013-07-20 00:00:00,41.20596497931906,43.30195942670692,47.05024912359874
2013-07-20 02:00:00,41.24854803259938,43.30195956026407,47.05024920734408
2013-07-20 04:00:00,41.2489205105901,43.30195958117479,47.05024920989336
2013-07-20 06:00:00,38.57371031214244,25.98396521756703,33.90655831626618
2013-07-20 08:00:00,31.22187043719851,21.5204072178279,28.45808437869674
2013-07-20 10:00:00,31.221870399600405,21.520407205157362,28.458084376926877
2013-07-20 12:00:00,31.2218703986592,21.52040717012692,28.458084371734557
2013-07-20 14:00:00,31.22187039524596,21.520407212434424,28.458084380620633
2013-07-20 16:00:00,36.01176985813683,36.149998267875816,39.41782386212042
2013-07-20 18:00:00,41.3543305889788,44.04518869693828,46.63749145584983
2013-07-20 20:00:00,41.35433064911828,44.04518882534921,46.637491458149746
2013-07-20 22:00:00,41.35433063210275,44.045188812705526,46.63749146401502
2013-07-21 00:00:00,41.354330709532064,44.04518877698757,46.637491480332315
2013-07-21 02:00:00,41.35433089996246,44.04518866516743,46.6374914839246
2013-07-21 04:00:00,41.35433090370594,44.045188764911124,46.6374914871414
2013-07-21 06:00:00,20.259209407180116,22.026929097093976,26.413148824064272
2013-07-21 08:00:00,16.38712464493282,18.316497969106095,22.38842268756212
2013-07-21 10:00:00,16.387009595225322,18.31642712831168,22.38842257249106
2013-07-21 12:00:00,16.38700866270054,18.316426477417203,22.38842137626962
2013-07-21 14:00:00,16.38780235416069,18.318060204192612,22.38842268779198
2013-07-21 16:00:00,38.5736205686726,40.922142477777086,43.80087471987171
2013-07-21 18:00:00,42.4645298434589,44.92186003165461,47.96797310619853
2013-07-21 20:00:00,45.87132975409688,48.66555147083504,51.05698980340262
2013-07-21 22:00:00,45.87132992833549,48.66555167718789,51.05698994108695
2013-07-22 00:00:00,46.561174593021526,49.77343384112722,51.35250798133517
2013-07-22 02:00:00,46.72754706504208,50.041869579794614,51.35250800158173
2013-07-22 04:00:00,47.65037956524107,50.397679646379,51.352508006529774
2013-07-22 06:00:00,40.3678474543427,40.322682356331974,44.78519456780058
2013-07-22 08:00:00,33.064950683450895,33.13476809550255,37.26977974118629
2013-07-22 10:00:00,26.372011608237617,25.69902734385165,28.460384246230788
2013-07-22 12:00:00,23.094540348180004,25.69902735298758,28.459173414566656
2013-07-22 14:00:00,32.6751214723991,33.13476813580293,37.26977970552795
2013-07-22 16:00:00,39.801961988622104,41.95123918648716,45.59598562536879
2013-07-22 18:00:00,42.464530735318775,44.97256579707675,47.920145107003776
2013-07-22 20:00:00,42.46453066435355,44.972565585478776,47.92014510203693
2013-07-22 22:00:00,42.46452977610668,44.97256584383267,47.9201445727689
2013-07-23 00:00:00,42.4645291993013,44.972562686475094,47.9201451041093
2013-07-23 02:00:00,42.46453077489915,44.9725659201197,47.92014511159331
2013-07-23 04:00:00,42.46453121876432,44.97256623791082,47.920145116859345
2013-07-23 06:00:00,33.83550992129613,33.54158875435073,33.91175162844978
2013-07-23 08:00:00,27.383928067359754,27.64337235391473,28.462290934452234
2013-07-23 10:00:00,23.293608582152032,25.69902735246299,28.453910623507355
2013-07-23 12:00:00,24.63765776183779,27.643372347355246,28.458084395820812
2013-07-23 14:00:00,27.383928072561883,29.66225891708959,28.462290966142362
2013-07-23 16:00:00,40.367845917414456,43.11708645383698,45.595935832414106
2013-07-23 18:00:00,41.927344436057574,44.52574526012151,47.29771852522854
2013-07-23 20:00:00,42.092118915022965,44.697488293092235,47.455920249942494
2013-07-23 22:00:00,41.8752082884304,44.48999625271543,47.230124720728
2013-07-24 00:00:00,41.793881366331355,44.41294927040225,47.14476060595206
2013-07-24 02:00:00,41.947438256986494,44.55909192316791,47.305311194973314
2013-07-24 04:00:00,42.64705780279228,45.13661119763238,48.120105525765304
2013-07-24 06:00:00,41.41527033803812,43.521294851361034,45.718559346855095
2013-07-24 08:00:00,40.3696835857446,43.73647325156652,40.148220006490334
2013-07-24 10:00:00,40.36784594521537,35.89993889512782,40.148219971963336
2013-07-24 12:00:00,40.36784594008851,28.82631507683227,40.148220013392574
2013-07-24 14:00:00,40.36784594850954,35.899938879098364,44.311829045937564
2013-07-24 16:00:00,41.6280934079318,43.43355400401608,48.317738042897005
2013-07-24 18:00:00,116.73956848589891,138.64532320228227,103.89769192851611
2013-07-24 20:00:00,130.06133611903164,166.04565924481344,103.93942037377057
2013-07-24 22:00:00,130.27951726559183,166.48636199208863,103.94770121524563
2013-07-25 00:00:00,130.27951729149805,166.4863620287428,103.94770123942035
2013-07-25 02:00:00,130.27951727582405,166.4863620102455,103.94770121935449
2013-07-25 04:00:00,130.07186363621432,166.05856850677708,103.94770122657756
2013-07-25 06:00:00,43.587863182660044,47.019963907574805,48.17182435858245
2013-07-25 08:00:00,40.36968356422089,39.77089672196438,45.72112602336922
2013-07-25 10:00:00,38.85161331698568,39.77089672574321,45.59626876378141
2013-07-25 12:00:00,38.85161330215013,39.77089672641444,45.596268643814
2013-07-25 14:00:00,39.306873198282794,40.79862652553436,45.72112602853067
2013-07-25 16:00:00,48.22930189899749,48.005434575064655,56.26186649383117
2013-07-25 18:00:00,145.23417643819866,178.0017795547676,122.14652991978114
2013-07-25 20:00:00,164.48102899844287,178.00358247301446,122.14652992074173
2013-07-25 22:00:00,160.46015117562112,178.0017795656374,122.146529889874
2013-07-26 00:00:00,160.4599833259861,178.00358219456197,122.14652992835185
2013-07-26 02:00:00,163.26768069631112,178.00358239318487,122.14652995858648
2013-07-26 04:00:00,164.4810290327309,178.00358234147282,122.14652993257423
2013-07-26 06:00:00,51.43511538349212,53.79185499384469,47.256674814053994
2013-07-26 08:00:00,41.88582944821536,44.0447979174379,45.59610207462291
2013-07-26 10:00:00,41.63960851346709,42.29662921232748,45.596096051194
2013-07-26 12:00:00,41.277740671028994,41.97081984529895,45.59610199316925
2013-07-26 14:00:00,41.41416496174529,44.044797726882756,45.596102071200825
2013-07-26 16:00:00,49.93822804405793,55.34865535405357,52.6560723378031
2013-07-26 18:00:00,168.8039376644254,183.83447580979336,106.86303279990254
2013-07-26 20:00:00,169.45891637439996,183.83447586609174,106.86303280849624
2013-07-26 22:00:00,168.80396545386537,183.834475817369,106.86303281007794
2013-07-27 00:00:00,169.45882664379147,178.00489325223495,106.86303281584993
2013-07-27 02:00:00,169.4589163212712,178.00415075640043,106.86303282583748
2013-07-27 04:00:00,169.4589164420041,178.00415430742254,106.86303280331602
2013-07-27 06:00:00,41.68916691380039,46.911830456949716,34.28913388989639
2013-07-27 08:00:00,40.36968432337373,42.11456727446776,28.767970588669876
2013-07-27 10:00:00,40.367846599159165,38.471978062386285,28.46182180042223
2013-07-27 12:00:00,34.64591329608486,36.81678145215345,28.46038427290629
2013-07-27 14:00:00,34.645913297275804,38.471978036254974,28.767970589120623
2013-07-27 16:00:00,41.145005753603755,44.04499773835878,45.54733643036317
2013-07-27 18:00:00,42.8009238574951,46.91183125757066,46.744579944397614
2013-07-27 20:00:00,41.510857412533326,44.45219776819203,46.55774328663396
2013-07-27 22:00:00,40.36968362154999,42.67732740578444,46.014323024120245
2013-07-28 00:00:00,40.37125105074548,42.06984453410532,46.0143226158031
2013-07-28 02:00:00,39.86448757326802,41.92149961798525,45.74554311198266
2013-07-28 04:00:00,38.751408167011824,41.3123902370595,45.72223516276428
2013-07-28 06:00:00,4.531085293946288,7.1018006585705535,11.27568509901249
2013-07-28 08:00:00,3.647344134839038,6.225853907258864,10.127077055211945
2013-07-28 10:00:00,3.647344137398039,6.2189986547162235,10.127077086384325
2013-07-28 12:00:00,3.647343539390028,6.225853517205239,10.127077094024957
2013-07-28 14:00:00,3.793555138807056,6.225853909485304,10.961805103614944
2013-07-28 16:00:00,30.978841168016643,25.69902736060385,43.78058130840977
2013-07-28 18:00:00,41.521603182271896,43.59386890605554,47.388270249642225
2013-07-28 20:00:00,41.62431095970708,43.593868970520866,47.5878602276614
2013-07-28 22:00:00,41.62431093992521,43.5527699962846,47.62662803107199
2013-07-29 00:00:00,41.5154365198724,43.512859257335556,47.62662805078108
2013-07-29 02:00:00,41.148414035707084,43.30334863591789,47.626627909640156
2013-07-29 04:00:00,41.14880564815664,43.30358980250624,47.626628051732325
2013-07-29 06:00:00,33.85103248876552,31.1427555214391,45.72112606189972
2013-07-29 08:00:00,27.39650136184747,25.69902734723332,45.4925494123393
2013-07-29 10:00:00,27.396501352980955,25.699027344989563,45.49254938084254
2013-07-29 12:00:00,27.396501350082712,25.699027345939612,45.49254938594227
2013-07-29 14:00:00,27.396501352124805,25.699027337232902,45.49254939012784
2013-07-29 16:00:00,28.063010260680816,25.699027366843794,47.09823711135965
2013-07-29 18:00:00,41.15155184405355,43.28721093554257,47.626628027285086
2013-07-29 20:00:00,41.15155186747444,43.28721084753638,47.34477950678388
2013-07-29 22:00:00,40.36968360586828,42.73699542013009,46.267216484185056
2013-07-30 00:00:00,40.17413902882882,42.54088213612044,45.76303132112011
2013-07-30 02:00:00,40.17354157834878,42.540465232660125,45.76226357240853
2013-07-30 04:00:00,39.92949136105488,42.040077178854645,45.760011833248655
2013-07-30 06:00:00,8.254081086132846,11.524105578838629,14.058070517722252
2013-07-30 08:00:00,6.66297071510093,9.129381481588247,12.157848450030858
2013-07-30 10:00:00,6.661427090450863,11.524105693968206,9.89595199246685
2013-07-30 12:00:00,6.662970722553875,11.526172205561451,9.89700233289252
2013-07-30 14:00:00,7.940119125741794,11.524105807619396,12.380809262787036
2013-07-30 16:00:00,23.26080585187781,25.699027343305193,28.78227393773392
2013-07-30 18:00:00,39.77957716475329,28.459143858233446,45.72112605540315
2013-07-30 20:00:00,39.4932939638236,41.18267721860631,45.721126509504664
2013-07-30 22:00:00,40.369683515001206,41.18267726940235,45.72112650833104
2013-07-31 00:00:00,40.994551868221734,41.18267698744658,45.7211265052763
2013-07-31 02:00:00,40.99464969992103,41.182677058917164,45.72112649886572
2013-07-31 04:00:00,40.99464966874185,41.182677247000896,45.721126510602915
2013-07-31 06:00:00,17.554372496875537,20.139572332259675,22.93719880832309
2013-07-31 08:00:00,14.196206760763605,16.7781791223122,19.423259419925085
2013-07-31 10:00:00,14.196206764611704,16.778179321745803,19.423259425473383
2013-07-31 12:00:00,9.578120099336306,13.441839365268077,11.704582047393782
2013-07-31 14:00:00,14.487418768133765,16.957470574292465,19.423259434385145
2013-07-31 16:00:00,38.57296671225194,39.177272835733646,39.11841403196933
2013-07-31 18:00:00,41.63040994602387,44.169967940405755,47.056289308686935
2013-07-31 20:00:00,41.63179378787126,44.17166476966754,47.05737790561781
2013-07-31 22:00:00,41.63040991715073,44.16996781893137,47.05628937469851
2013-08-01 00:00:00,41.57521218471065,44.044411921647175,47.06745913376101
2013-08-01 02:00:00,41.5752092434854,44.04440586485889,47.06745913759461
2013-08-01 04:00:00,41.57520926874666,44.044405909223116,47.06745913985948
2013-08-01 06:00:00,26.02157416590824,29.10121756373183,30.938001456098753
2013-08-01 08:00:00,21.05464011010654,21.573364026600732,28.386732887190178
2013-08-01 10:00:00,8.215935347116897,9.616054277166644,14.716625390891519
2013-08-01 12:00:00,7.4037892449811915,6.7402531176037614,14.807547936741447
2013-08-01 14:00:00,21.10691467222212,21.60983968747202,28.453910456038955
2013-08-01 16:00:00,39.03623840088484,24.04538166419602,45.7235916386206
2013-08-01 18:00:00,41.540854165194766,43.48591267831637,47.52751315992168
2013-08-01 20:00:00,41.16621632622694,43.454210034801804,47.527512934505296
2013-08-01 22:00:00,40.23351868301895,41.32282892717742,47.02738851047668
2013-08-02 00:00:00,40.20737530925437,41.297673919873716,47.00031340427111
2013-08-02 02:00:00,40.369683583635464,42.95317531774841,47.09823584176146
2013-08-02 04:00:00,41.167816772853215,43.45420999551164,47.24921632959526
2013-08-02 06:00:00,21.675057980545702,22.777661254293214,28.458084410172646
2013-08-02 08:00:00,17.533961985925135,18.923300981819335,24.044820527209325
2013-08-02 10:00:00,4.20690900850572,6.489249350187166,9.875416797184123
2013-08-02 12:00:00,1.3867725658345584,3.804695260111165,6.927388128264114
2013-08-02 14:00:00,17.533962008461486,18.923300959673202,24.04482053626719
2013-08-02 16:00:00,40.46064291548651,18.92330098711259,44.6388288942893
2013-08-02 18:00:00,40.14902654355295,41.234275953701236,45.72057850678263
2013-08-02 20:00:00,38.961396609329924,41.2342757692558,44.63882891506513
2013-08-02 22:00:00,35.95929458211084,38.48751044338493,39.73186491608026
2013-08-03 00:00:00,38.96139659574897,41.23427577238083,44.638828875459325
2013-08-03 02:00:00,38.96139660923536,41.23427578015017,44.638828913155635
2013-08-03 04:00:00,37.06747250286562,39.91275054703015,42.20497212439734
2013-08-03 06:00:00,4.864852286762322,9.86306342656638,12.39937851454018
2013-08-03 08:00:00,3.917695389275472,7.755467747057045,9.86233870782375
2013-08-03 10:00:00,0.03671904146916723,6.600805139347221,10.10619552958893
2013-08-03 12:00:00,0.03471154179586597,5.521870761412464,9.743509888226598
2013-08-03 14:00:00,0.035258379850190716,2.6565119883022725,11.153035883951826
2013-08-03 16:00:00,3.981297728810542,13.58193488253323,36.09766997416677
2013-08-03 18:00:00,41.53290377611755,44.044210571258446,46.985431956329016
2013-08-03 20:00:00,41.546702014373544,44.04421061041791,47.01224574098457
2013-08-03 22:00:00,41.54670200396054,44.0442105932177,47.01224574711327
2013-08-04 00:00:00,41.5467016157577,44.044209784100175,47.01224575310526
2013-08-04 02:00:00,41.546701989118816,44.0442105609229,47.012245758380324
2013-08-04 04:00:00,41.54670200044269,44.04421058493482,47.01224575989423
2013-08-04 06:00:00,25.14865977253872,25.699027345657797,28.460384285876806
2013-08-04 08:00:00,20.347579459421024,20.96024548743754,28.45800048957088
2013-08-04 10:00:00,20.347579453721945,20.277848994667988,28.458000489168192
2013-08-04 12:00:00,20.34757945675861,20.041174256769263,28.458000488379916
2013-08-04 14:00:00,20.642716464890373,20.64919485513971,28.458000495306266
2013-08-04 16:00:00,40.36968363605615,40.877214535970154,45.72112606152477
2013-08-04 18:00:00,43.830757112810566,47.771959637991735,47.934492502693736
2013-08-04 20:00:00,43.83075713433548,47.77195969899394,47.934492496071435
2013-08-04 22:00:00,43.83075706367484,47.77195959571419,47.93449246077634
2013-08-05 00:00:00,43.83075604648556,47.77195797533411,47.93449201647481
2013-08-05 02:00:00,42.464531104313025,45.188159240777075,47.7167807007015
2013-08-05 04:00:00,42.06503802276737,44.134348869321315,47.93449234969743
2013-08-05 06:00:00,37.036593252732374,41.182320216191094,33.90790268860763
2013-08-05 08:00:00,29.976805577953286,33.68120719380684,28.459173321332223
2013-08-05 10:00:00,26.367984974795746,25.69902733967416,28.453910627248092
2013-08-05 12:00:00,27.303174657308443,32.35536594822763,28.453910511013255
2013-08-05 14:00:00,29.976805593133058,35.62539080878778,28.45917332778371
2013-08-05 16:00:00,41.184801580444805,44.04407644184682,45.10927354135482
2013-08-05 18:00:00,41.18561852086423,44.04407644611466,45.49245831317098
2013-08-05 20:00:00,41.18561873801797,43.8028829952937,45.4465124643531
2013-08-05 22:00:00,40.11719525582904,42.74719992563086,45.41632757806882
2013-08-06 00:00:00,40.1289974789899,42.783435889383895,45.44651240998141
2013-08-06 02:00:00,40.1230715501686,42.783433128527165,45.44651243657582
2013-08-06 04:00:00,40.123071452019744,42.79126471342596,45.42761168750315
2013-08-06 06:00:00,12.544406745198634,27.566991481284624,22.35440862396794
2013-08-06 08:00:00,10.138134492760003,25.571362041766037,14.745306920156722
2013-08-06 10:00:00,10.138134495016995,25.571361903149747,10.576545072012511
2013-08-06 12:00:00,10.138134510046683,19.753458885345836,15.130264289173493
2013-08-06 14:00:00,21.742983996723687,25.699027362217457,25.832720307073203
2013-08-06 16:00:00,41.58163207091262,43.97110088247081,47.149087638724446
2013-08-06 18:00:00,169.45839099322637,172.0337769747191,67.1382859616068
2013-08-06 20:00:00,169.45839101385292,172.03377698146417,67.13828596878963
2013-08-06 22:00:00,169.4583906590335,172.03377670397992,67.13828596859523
2013-08-07 00:00:00,169.45839062637046,172.03377666791957,67.1382859670526
2013-08-07 02:00:00,137.2384618084048,142.84282886354384,67.13828597133143
2013-08-07 04:00:00,137.2384617783375,142.84282875493383,67.138285973295
2013-08-07 06:00:00,42.46453100681616,44.11969034989228,48.724646339944584
2013-08-07 08:00:00,40.36968362441208,40.792972586372166,45.72057852859413
2013-08-07 10:00:00,40.369683614632045,40.79297258907828,45.720578523512565
2013-08-07 12:00:00,40.36968359426864,40.792972582412006,45.72057852494302
2013-08-07 14:00:00,40.24617921776829,40.79297257515971,45.720578527117524
2013-08-07 16:00:00,40.24617922784926,42.733719424784915,45.72112598752308
2013-08-07 18:00:00,42.291334793666614,44.79112129008838,47.754729905236296
2013-08-07 20:00:00,41.824504323973485,44.687115473818466,47.2737366238642
2013-08-07 22:00:00,41.455306592009585,44.944278396892315,47.079331082730775
2013-08-08 00:00:00,41.5851257235669,44.19918711438038,46.94072763001997
2013-08-08 02:00:00,41.81939939543387,44.422997575433925,47.184870956592086
2013-08-08 04:00:00,42.29133548655525,44.7911220292002,47.754730528896786
2013-08-08 06:00:00,39.884658656600145,43.13332455009571,44.64165038439775
2013-08-08 08:00:00,32.28373855770983,35.41284437492289,37.15350895257044
2013-08-08 10:00:00,31.72111545765242,34.25376765461073,37.15350892935125
2013-08-08 12:00:00,23.808635646627508,26.110641318414576,29.45859348783054
2013-08-08 14:00:00,32.28373864127622,35.41284464887598,37.1535088477282
2013-08-08 16:00:00,40.242510864482455,44.0441317923802,44.47791083833106
2013-08-08 18:00:00,44.215682567180444,48.80363666617137,47.709349808479494
2013-08-08 20:00:00,44.25202712128597,48.8482045191672,47.7379374007641
2013-08-08 22:00:00,44.25202707944361,48.848204472481164,47.73793743612728
2013-08-09 00:00:00,44.2542549006837,48.85093640154516,47.739689740247194
2013-08-09 02:00:00,44.25425493886548,48.84820444858988,47.742266830191134
2013-08-09 04:00:00,43.264342337365676,44.74274328498225,49.69119047444738
2013-08-09 06:00:00,41.20275035923093,44.044088653897546,45.724512063119846
2013-08-09 08:00:00,38.511492126400995,42.989914603166255,42.10847841505861
2013-08-09 10:00:00,34.55810396881894,35.57834618633357,41.41712430507094
2013-08-09 12:00:00,34.04223671655151,33.782667292096626,42.10847841335199
2013-08-09 14:00:00,35.483764045333224,36.149107174042456,42.10847845072229
2013-08-09 16:00:00,40.371250365506626,36.14910720701407,48.86015325644434
2013-08-09 18:00:00,44.702484358601,46.57359544539485,50.75889665026085
2013-08-09 20:00:00,44.702484284494325,46.5965968552261,50.7371996468586
2013-08-09 22:00:00,43.4009555205113,44.95173544412242,49.759529969434375
2013-08-10 00:00:00,41.92642997819384,44.04413183751571,47.75023802025311
2013-08-10 02:00:00,41.92687944989184,44.04412306526164,47.751119746739036
2013-08-10 04:00:00,42.13195295771908,44.464924381907956,47.75270141834392
2013-08-10 06:00:00,26.47295003010216,31.142755494390247,29.889408488699388
2013-08-10 08:00:00,21.41954783018519,25.699027404421688,25.204193052129547
2013-08-10 10:00:00,21.41954780979027,25.699027350678872,25.20419304050195
2013-08-10 12:00:00,20.66705268355106,24.776273299318916,24.61230007151368
2013-08-10 14:00:00,21.419547784486674,25.699027369628006,25.204193032737926
2013-08-10 16:00:00,23.256487445699946,26.029354332694385,28.462291094519408
2013-08-10 18:00:00,40.49580642285718,43.24537017951873,45.7235914620304
2013-08-10 20:00:00,40.52452574078536,43.30453568227475,45.723591466908196
2013-08-10 22:00:00,40.52452567473743,43.30453555280031,45.72359146398306
2013-08-11 00:00:00,40.5245256122864,43.304535446488295,45.723591451267914
2013-08-11 02:00:00,40.52452572204861,43.304535646038666,45.72359146922065
2013-08-11 04:00:00,40.485048508307095,43.22320744949561,45.723591469485235
2013-08-11 06:00:00,5.476928513188384,10.192606711920579,10.629352480854385
2013-08-11 08:00:00,4.636784392093949,7.912499965468677,9.368260778217525
2013-08-11 10:00:00,3.845860679560507,7.360616314272133,8.351855132670297
2013-08-11 12:00:00,0.056259202943155374,8.113825080104686,7.085306020615597
2013-08-11 14:00:00,4.050715421855304,8.113825340241384,9.603547625797418
2013-08-11 16:00:00,7.440883901340343,13.19781068540939,28.45391057435741
2013-08-11 18:00:00,40.336947725289725,42.92940058861253,45.71293238928851
2013-08-11 20:00:00,40.36637834230751,42.99003146868548,45.712932398091844
2013-08-11 22:00:00,40.3357925586548,42.927731511493434,45.71226198710278
2013-08-12 00:00:00,40.36637828667937,42.99003137180964,45.71293238686884
2013-08-12 02:00:00,40.36637836160493,42.9900315125102,45.71293239853056
2013-08-12 04:00:00,40.36637839699845,42.990031572944154,45.71293240253101
2013-08-12 06:00:00,15.063635805338052,24.547302937233702,21.201699550703438
2013-08-12 08:00:00,12.178710042651218,20.356709970759276,12.768414424890342
2013-08-12 10:00:00,12.178709816047443,16.96561752932894,10.584209922969702
2013-08-12 12:00:00,4.132433983732014,15.626110494636816,9.783462743395404
2013-08-12 14:00:00,12.178710052679246,17.122565055876212,17.914993642651616
2013-08-12 16:00:00,22.833469850778247,23.4792863960183,37.06552949917834
2013-08-12 18:00:00,40.36968362458519,42.97594643368361,45.73264164823619
2013-08-12 20:00:00,40.36968363851105,42.97594645807612,45.73264164943123
2013-08-12 22:00:00,40.3696836271276,42.975946439326506,45.73264164393911
2013-08-13 00:00:00,40.369683603608784,42.97594641926232,45.732641618950936
2013-08-13 02:00:00,40.369683202219505,42.975946143857605,45.73264109436897
2013-08-13 04:00:00,40.36968361883877,42.97594643573817,45.73264162916951
2013-08-13 06:00:00,15.711811441641911,24.18788710837531,23.4281904049692
2013-08-13 08:00:00,12.703732294082185,15.7474231917633,17.65407294841191
2013-08-13 10:00:00,0.03492455122043839,20.065583930733055,8.430708381934258
2013-08-13 12:00:00,0.034711538751617234,17.888905074353598,7.2630836813081565
2013-08-13 14:00:00,4.595777684617368,20.06558398901857,12.584948931041108
2013-08-13 16:00:00,23.37820495168724,26.283413454448823,28.459173359580184
2013-08-13 18:00:00,40.37125030243405,44.46951333797462,43.44773678145146
2013-08-13 20:00:00,41.225955259824865,45.30101183277062,43.447736779410036
2013-08-13 22:00:00,40.371250381229494,45.73485081114037,43.11358534727802
2013-08-14 00:00:00,41.22680989884556,45.73485094681506,43.11358514260805
2013-08-14 02:00:00,41.62849897397994,45.33190433576248,43.447736771291986
2013-08-14 04:00:00,42.464531352155866,45.73485078008157,43.44773678816
2013-08-14 06:00:00,24.42487449503906,25.699027377001336,25.46655848907156
2013-08-14 08:00:00,19.761313383325366,22.88622659334215,18.675429305377204
2013-08-14 10:00:00,19.359117311769587,22.88622657218885,19.53650895743772
2013-08-14 12:00:00,19.37976682604942,20.12627006458911,21.876288904191092
2013-08-14 14:00:00,20.31988630934376,22.886226464090647,25.26593021645747
2013-08-14 16:00:00,37.58822791111734,41.182342461181214,39.03811856625187
2013-08-14 18:00:00,42.31687099404949,45.677416349500035,46.968328939303774
2013-08-14 20:00:00,42.3168702293066,45.677414685270605,46.96832892023745
2013-08-14 22:00:00,42.31687002017402,45.67741442999402,46.96832890744408
2013-08-15 00:00:00,42.184518845882906,45.43222882654014,46.9424122491585
2013-08-15 02:00:00,41.41346186726326,44.14646950804145,46.656863948356175
2013-08-15 04:00:00,41.52404299928722,44.04408801988646,46.9683285702871
2013-08-15 06:00:00,25.097341069329524,27.74921379772953,29.424375246085688
2013-08-15 08:00:00,20.306011308124162,22.95025855814227,25.615416258936342
2013-08-15 10:00:00,20.306011305088827,22.949332485634443,25.615416231904774
2013-08-15 12:00:00,18.89891182411186,20.070239462920817,25.615416199326077
2013-08-15 14:00:00,20.296891123294408,22.95025855014907,25.615416263931287
2013-08-15 16:00:00,32.74409629484875,35.57480345256072,41.39680861998877
2013-08-15 18:00:00,40.45300149014557,43.073001473456706,45.80300150316296
2013-08-15 20:00:00,40.453001492860004,43.07300149021054,45.80300150702178
2013-08-15 22:00:00,40.45300133659568,43.07300136063588,45.80300135859899
2013-08-16 00:00:00,40.45300114238434,43.07300116213652,45.803001156469634
2013-08-16 02:00:00,40.45300138503607,43.07300139750977,45.80300140672433
2013-08-16 04:00:00,40.453001445477554,43.07300143594895,45.80300147413233
2013-08-16 06:00:00,20.079090018943337,22.619225417717225,26.563837518622684
2013-08-16 08:00:00,16.241227959571255,18.216303435869527,22.19957271462198
2013-08-16 10:00:00,7.743622424845477,12.286402652816296,11.279901512296092
2013-08-16 12:00:00,1.1774993321182565,18.794968032371347,8.791540282140963
2013-08-16 14:00:00,17.78118527219896,19.463273429417406,22.510480463399993
2013-08-16 16:00:00,40.12307176329857,44.04407545355902,44.24586030021916
2013-08-16 18:00:00,41.61107677576119,44.3858680108782,46.81506520519602
2013-08-16 20:00:00,41.649451210353384,44.46492436287727,46.815065217606225
2013-08-16 22:00:00,41.64944502557112,44.464924728627736,46.81505286135585
2013-08-17 00:00:00,41.58163219094963,44.34744866435533,46.79408632914898
2013-08-17 02:00:00,41.649450812034345,44.46492664955483,46.81506200043606
2013-08-17 04:00:00,41.649451341140654,44.46492472230613,46.81506520928933
2013-08-17 06:00:00,22.37589330316037,24.218520994189085,28.459173334293453
2013-08-17 08:00:00,18.034270732046807,19.953066992992827,24.045702542047103
2013-08-17 10:00:00,17.020037668025303,18.812040825309193,24.045702534496236
2013-08-17 12:00:00,4.011280389735004,6.611246983001987,10.567866203490217
2013-08-17 14:00:00,14.537777712942058,17.283779767553515,24.045702537683482
2013-08-17 16:00:00,20.477081770826203,21.53556432416196,36.95681505995608
2013-08-17 18:00:00,20.477081815397668,24.21852098568838,43.37407828579266
2013-08-17 20:00:00,20.477081812525853,24.218520986991752,43.37407828153818
2013-08-17 22:00:00,14.911663850981403,20.501195010958174,43.37407826927984
2013-08-18 00:00:00,14.911663808266969,20.36388660415329,43.21592199971589
2013-08-18 02:00:00,14.911663807596783,20.090397365584106,36.94380660037452
2013-08-18 04:00:00,14.911663800750201,20.090397636421432,36.554666139195966
2013-08-18 06:00:00,9.83298714988719,16.492753581860036,28.45800047082014
2013-08-18 08:00:00,10.653365266421087,17.24943433881046,28.460310669082155
2013-08-18 10:00:00,12.167681614198537,18.265810837034874,28.458000482944904
2013-08-18 12:00:00,9.832987065659768,12.269340209216686,18.286382794596094
2013-08-18 14:00:00,9.83298712912369,13.837373095060936,28.45391057095211
2013-08-18 16:00:00,24.346694523391825,25.56308232968792,31.02069453142078
2013-08-18 18:00:00,42.25313531372761,44.49250273643496,47.962178583003436
2013-08-18 20:00:00,42.53158299805024,44.686795470453035,48.3200079575743
2013-08-18 22:00:00,43.03829683912472,45.04036566367771,48.971179233935004
2013-08-19 00:00:00,43.05463074181724,45.051762967297236,48.99216974500351
2013-08-19 02:00:00,47.04085163115866,47.83323209109977,54.114809477131324
2013-08-19 04:00:00,47.9000512964159,48.432756021378424,55.21895515261122
2013-08-19 06:00:00,43.13353581092533,34.88643665730851,48.49069313980277
2013-08-19 08:00:00,40.90047198203898,28.73140892343945,45.72223512712891
2013-08-19 10:00:00,39.20536776812186,25.699027523941545,45.721125818844776
2013-08-19 12:00:00,34.915329040078944,25.69902737581182,45.72112581582098
2013-08-19 14:00:00,34.91532904521399,25.699027483355046,45.72112581759227
2013-08-19 16:00:00,40.58455640202771,41.57426418868216,47.47237927017952
2013-08-19 18:00:00,47.80149777501475,49.645673717038655,53.883317488706815
2013-08-19 20:00:00,46.51849256478558,51.22022006557779,49.904839583031375
2013-08-19 22:00:00,44.39004263583656,47.889266854300544,48.910687566121474
2013-08-20 00:00:00,46.0178011281126,50.60624234223342,49.51100889438982
2013-08-20 02:00:00,46.034934012421374,50.627251658052174,49.52448521505438
2013-08-20 04:00:00,51.56931870987473,57.41384351482012,53.877687291584294
2013-08-20 06:00:00,48.153807994375235,54.33257780345981,45.962633106753145
2013-08-20 08:00:00,40.74470130172825,44.48280178953727,43.49282951191024
2013-08-20 10:00:00,40.37124576644212,41.988485915482244,44.3819735237166
2013-08-20 12:00:00,40.37124576719101,42.43617639807514,44.38197352618257
2013-08-20 14:00:00,41.55337847306551,44.482783323509075,44.38197352756856
2013-08-20 16:00:00,42.60453544963927,44.48278337784856,48.65421572443377
2013-08-20 18:00:00,57.62209082956079,63.934166745332675,59.4894275464728
2013-08-20 20:00:00,57.62209083819376,63.934166746881424,59.48942755753746
2013-08-20 22:00:00,57.62209075788533,63.934166608409726,59.48942754441112
2013-08-21 00:00:00,57.62209052444628,63.934166275040404,59.489427414108626
2013-08-21 02:00:00,57.62209083682604,63.934166768619505,59.48942756187979
2013-08-21 04:00:00,57.62209086102715,63.934166818288205,59.48942757084898
2013-08-21 06:00:00,42.06855300477754,47.721158992361204,44.55795482389468
2013-08-21 08:00:00,37.432888364388155,39.127534180638605,37.08571554513135
2013-08-21 10:00:00,34.16608242122635,26.475199436392426,28.46031168258358
2013-08-21 12:00:00,34.166082423597636,25.699027362185493,28.460311773713222
2013-08-21 14:00:00,37.341566223540866,39.1275341471653,37.08571556222145
2013-08-21 16:00:00,44.691621669458854,45.62096566743107,51.636384528187655
2013-08-21 18:00:00,169.45899740895572,184.537617735892,111.65534564856418
2013-08-21 20:00:00,169.45899748708428,184.5376177941359,111.65534564800485
2013-08-21 22:00:00,169.4586013391817,184.53719257990073,111.65534562819438
2013-08-22 00:00:00,169.4589971845619,184.53761749128927,111.65534563654677
2013-08-22 02:00:00,169.45899745487344,184.53761776512317,111.65534564528043
2013-08-22 04:00:00,169.4589974959949,184.53761780265071,111.65534565055275
2013-08-22 06:00:00,55.23444597771932,70.39339549330562,48.756699238679815
2013-08-22 08:00:00,44.71706628410541,52.295447230130186,43.49282933259611
2013-08-22 10:00:00,44.71706628264038,44.10558888087086,42.57076615614649
2013-08-22 12:00:00,44.71706628392771,44.48278329112344,43.49282925907597
2013-08-22 14:00:00,44.71706629156624,52.30389525834137,43.49282935676441
2013-08-22 16:00:00,51.82658333894035,57.49204572922042,54.30385800775561
2013-08-22 18:00:00,58.095393396129644,64.58239759200495,59.79772367321486
2013-08-22 20:00:00,58.09539336400552,64.58239755974778,59.7977236486112
2013-08-22 22:00:00,55.0228891926577,60.74687165956092,57.444963011017464
2013-08-23 00:00:00,52.36861745966105,57.4920457659088,55.35718232080674
2013-08-23 02:00:00,57.62209075283361,63.93416726097337,59.489426922522284
2013-08-23 04:00:00,58.095393361480966,64.5823975735147,59.79772362335267
2013-08-23 06:00:00,39.205379706115174,42.24038693591467,40.236013604213156
2013-08-23 08:00:00,31.737189987798743,34.68810880809103,33.58494311470738
2013-08-23 10:00:00,23.094540304121207,25.699027332967518,28.459173368877856
2013-08-23 12:00:00,22.999034226080877,25.503515833136706,28.4580004679976
2013-08-23 14:00:00,29.585783648966682,33.637850239326156,33.584943114445245
2013-08-23 16:00:00,39.20536784400778,41.0506933193536,45.286103221533715
2013-08-23 18:00:00,40.04992226763932,42.79058520826112,45.2861032463758
2013-08-23 20:00:00,40.04992223547245,42.790585180883525,45.28610323358667
2013-08-23 22:00:00,40.049918618046384,42.79058180735521,45.286099389027676
2013-08-24 00:00:00,40.04991848596554,42.7905816823631,45.28609925494463
2013-08-24 02:00:00,40.04991286347239,42.79057846174497,45.28610318920181
2013-08-24 04:00:00,39.398352510468776,42.34011241876392,45.28610322426839
2013-08-24 06:00:00,27.97791499277788,35.408171943783366,28.790493364927997
2013-08-24 08:00:00,27.42784369749564,35.40817188671061,28.45808440433398
2013-08-24 10:00:00,27.427843695317502,35.40817188089142,28.458084402371703
2013-08-24 12:00:00,27.42784375793675,35.40817189500456,28.458000481085897
2013-08-24 14:00:00,27.904708901362326,35.40817191351096,28.648233446507554
2013-08-24 16:00:00,39.50751629152848,44.48278318922871,42.63583891139502
2013-08-24 18:00:00,40.36968397612022,43.98627956540996,44.779614782139944
2013-08-24 20:00:00,40.369683607401576,43.98627880138649,44.77961473876116
2013-08-24 22:00:00,40.36968360116671,43.98627877705042,44.77961473125453
2013-08-25 00:00:00,40.369683632801724,43.98627883535999,44.77961478757514
2013-08-25 02:00:00,40.369683630323195,43.98627882113517,44.77961479041803
2013-08-25 04:00:00,40.369683593578614,43.98627874455933,44.7796147905289
2013-08-25 06:00:00,29.542019436110547,31.795148004195017,28.462083370421787
2013-08-25 08:00:00,24.10467011630665,28.087368268704257,28.169263497957907
2013-08-25 10:00:00,24.10467010616539,28.08736826601701,28.16926349066466
2013-08-25 12:00:00,24.104670105275005,28.087368267794123,28.1692634831416
2013-08-25 14:00:00,24.10467017497997,28.087368386292557,28.169263501181483
2013-08-25 16:00:00,35.19989290084131,41.590897510720524,36.99277773425953
2013-08-25 18:00:00,38.98139594098032,41.794408907996214,44.149330595634915
2013-08-25 20:00:00,38.98139647844786,41.79440941237857,44.1493311483746
2013-08-25 22:00:00,38.98139647138194,41.79440940832175,44.149331150583954
2013-08-26 00:00:00,39.257638436051714,42.05194698303726,44.44321659419094
2013-08-26 02:00:00,39.25763861154975,42.05194714051427,44.44321677404017
2013-08-26 04:00:00,39.25763861848174,42.05194714524113,44.443216775948606
2013-08-26 06:00:00,31.203623184447068,32.47614222366692,37.82467572764352
2013-08-26 08:00:00,25.25209981318506,26.780370117799894,31.63190714366049
2013-08-26 10:00:00,22.99910241264342,25.50356694177561,28.45808476953401
2013-08-26 12:00:00,17.29534657387512,19.265206279351965,28.458084441952728
2013-08-26 14:00:00,25.252099818588917,26.780370114869832,31.63190715775538
2013-08-26 16:00:00,40.21509141075196,42.413351411172705,45.96291051386373
2013-08-26 18:00:00,42.41896658050729,45.160936190704675,47.65391502550805
2013-08-26 20:00:00,42.34900424353826,45.05118841972063,47.71594632544095
2013-08-26 22:00:00,42.42910471655874,45.05118823239707,47.77713946612422
2013-08-27 00:00:00,46.75613418627654,50.89920682049045,50.66944945567843
2013-08-27 02:00:00,54.287590763516725,60.31162641674195,56.42663027324326
2013-08-27 04:00:00,54.28759085918538,60.311626512303,56.426630367719625
2013-08-27 06:00:00,50.45235537936751,56.04735235520914,52.96284276950723
2013-08-27 08:00:00,41.852298978006715,45.78635539865577,45.96277517667246
2013-08-27 10:00:00,40.843572909645076,43.64448782358518,46.022919406370114
2013-08-27 12:00:00,40.843572913036816,42.92739119110368,46.69934272528945
2013-08-27 14:00:00,41.922819515312156,43.73382323449272,48.03592995977544
2013-08-27 16:00:00,57.051749564842886,54.48963845877368,67.28993397267219
2013-08-27 18:00:00,114.50445498244552,142.66391348044013,95.76358148527494
2013-08-27 20:00:00,118.16493254444669,145.98026984949504,95.76357940088506
2013-08-27 22:00:00,114.90123294906346,143.02340279002252,95.76358157853663
2013-08-28 00:00:00,138.548597688279,164.44768968416057,95.76358181092675
2013-08-28 02:00:00,141.8815647424011,167.4673260416811,95.76358181983889
2013-08-28 04:00:00,141.8815647604795,167.46733420378388,95.76358211830855
2013-08-28 06:00:00,51.86514369562686,57.38414816262172,54.48056925534549
2013-08-28 08:00:00,41.98793153442002,44.4829672310358,47.455808027369926
2013-08-28 10:00:00,41.98793133327769,44.48296731096558,47.455807286132966
2013-08-28 12:00:00,41.987931440833826,43.67107852182986,48.22164653027285
2013-08-28 14:00:00,42.06860424590356,43.83727498957319,48.22164654518901
2013-08-28 16:00:00,51.16662731101698,50.43151147276805,59.681442699961245
2013-08-28 18:00:00,77.23437010803762,90.7836967451027,72.27494928469869
2013-08-28 20:00:00,77.23437012877781,90.78369678123764,72.27494928930801
2013-08-28 22:00:00,77.2343701635499,90.78369686712784,72.27494928374172
2013-08-29 00:00:00,77.23437013335827,90.78369687636255,72.27494921152298
2013-08-29 02:00:00,77.23437014473669,90.7836968345837,72.2749492777141
2013-08-29 04:00:00,77.23437015013286,90.7836968316982,72.27494929252322
2013-08-29 06:00:00,44.942641506259065,46.02234643441907,50.938140630931734
2013-08-29 08:00:00,38.98144786541382,40.530868895493896,42.90634106291979
2013-08-29 10:00:00,36.38070466423296,36.87016601930413,38.33777279956577
2013-08-29 12:00:00,36.027253097021884,37.5131596399914,42.447021318907034
2013-08-29 14:00:00,37.131875325522266,38.68013618759811,43.492825943844494
2013-08-29 16:00:00,42.37148750343147,44.86533801239895,50.420247221155904
2013-08-29 18:00:00,54.647023284948666,56.182174899235854,61.020339611135384
2013-08-29 20:00:00,54.64702328672732,56.18217488382813,61.020339628255584
2013-08-29 22:00:00,54.64702315527791,56.182174703644904,61.02033954137404
2013-08-30 00:00:00,54.641230776143956,56.176877322311896,61.014080249214366
2013-08-30 02:00:00,54.64702304034433,56.18217460220934,61.02033942664017
2013-08-30 04:00:00,54.647023234061756,56.18217480374634,61.02033961797107
2013-08-30 06:00:00,39.205379813964676,41.571386300495774,44.03380803325768
2013-08-30 08:00:00,31.733522725628408,34.125788622643995,36.661156626072895
2013-08-30 10:00:00,25.683082701795087,29.3685432832152,28.460311705178945
2013-08-30 12:00:00,24.51916317287118,25.699027371924984,28.460311716266972
2013-08-30 14:00:00,31.73352268144326,29.368543559265436,36.66115664485489
2013-08-30 16:00:00,40.36968360294685,36.7679667190465,47.81179257787551
2013-08-30 18:00:00,42.38017814373656,44.808112330566516,48.45687814313173
2013-08-30 20:00:00,41.94097048081654,44.53770399856964,48.456878138986184
2013-08-30 22:00:00,41.85203573680322,44.441737999190785,47.8117924139214
2013-08-31 00:00:00,41.852035852186376,44.41513306285252,47.395340603349325
2013-08-31 02:00:00,41.94238032047525,44.46975958776188,47.37974772236075
2013-08-31 04:00:00,41.942380390157204,44.46975963795986,47.379747748578794
2013-08-31 06:00:00,15.598621071493191,17.770115278976757,21.374830004194827
2013-08-31 08:00:00,12.612651048504675,14.867188910437104,18.30738443870349
2013-08-31 10:00:00,5.743428687453841,14.867188864850025,13.702884637635396
2013-08-31 12:00:00,0.03692014989012745,14.867188838522537,11.854885843797518
2013-08-31 14:00:00,10.406010293508073,13.508619293579532,18.307384433759424
2013-08-31 16:00:00,12.612048114921842,16.38189432680826,28.45917339030673
2013-08-31 18:00:00,38.49241070028164,41.31248847059801,43.653681293812625
2013-08-31 20:00:00,38.800130058632114,41.590897335999614,43.653473117374766
2013-08-31 22:00:00,38.825242075591625,41.61359262788086,43.653391775934
2013-09-01 00:00:00,38.981338899460475,41.613592629921385,43.65368133760227
2013-09-01 02:00:00,38.98133892917997,41.6135926310849,43.65368135103122
2013-09-01 04:00:00,38.98133892815934,41.61359263294089,43.653681351082625
2013-09-01 06:00:00,4.605811933224119,23.79697416884915,14.595366683578417
2013-09-01 08:00:00,3.7078726970855915,19.688080121274922,12.782826109519231
2013-09-01 10:00:00,1.1168683967581923,19.748944452814126,11.68427525987737
2013-09-01 12:00:00,0.03691984993019769,15.991520059964326,8.78387070838241
2013-09-01 14:00:00,2.6667596745824316,19.572124247259847,12.816019134401554
2013-09-01 16:00:00,4.61655729709601,19.748944465949823,13.902517230667135
2013-09-01 18:00:00,18.078306909632822,25.699027385304582,25.048860866301517
2013-09-01 20:00:00,18.078306935497054,25.69902737773717,25.048860868193103
2013-09-01 22:00:00,14.627964780313507,25.6990273786786,25.04886086271521
2013-09-02 00:00:00,14.622357811685848,25.699027356820178,24.665555262743858
2013-09-02 02:00:00,14.623461568057273,25.699027362618395,24.560807298513716
2013-09-02 04:00:00,17.79831838180563,25.69902735751634,25.048860863555284
2013-09-02 06:00:00,3.429569024805511,20.70282624353936,13.229205546219909
2013-09-02 08:00:00,0.034711548727235336,10.583360913628237,5.386249739567374
2013-09-02 10:00:00,0.034711564033125746,2.6567130639116816,5.385315174885995
2013-09-02 12:00:00,0.03471156740710311,2.654271401938637,5.385127588661853
2013-09-02 14:00:00,0.03471157072836189,2.6567130961368135,5.3862496970163685
2013-09-02 16:00:00,2.9258336602280672,25.699027351615044,12.423196545997897
2013-09-02 18:00:00,29.87574242047617,45.49334653389475,34.18911938747749
2013-09-02 20:00:00,37.39139567757716,44.48280457358978,35.81798944648461
2013-09-02 22:00:00,38.98139912861003,44.48284774838568,38.330669692456
2013-09-03 00:00:00,40.26100386009175,44.53447718064518,42.239430413875276
2013-09-03 02:00:00,41.2954567246441,44.900159064465626,43.27634168471726
2013-09-03 04:00:00,42.46452244503994,45.49334729736308,43.27634171212834
2013-09-03 06:00:00,42.40861508740129,45.493347086645294,33.91117353626994
2013-09-03 08:00:00,37.093342349602544,37.32300652036893,28.46182268446283
2013-09-03 10:00:00,34.37342829385929,29.77996298568791,28.4618225727655
2013-09-03 12:00:00,34.3734283051007,33.063856272824324,28.461822541475478
2013-09-03 14:00:00,38.964702429622655,37.32300682842846,29.113627238555097
2013-09-03 16:00:00,50.17425451943629,54.684736541462435,53.740999648184655
2013-09-03 18:00:00,70.07808668979965,81.24705616151908,67.36395934538666
2013-09-03 20:00:00,70.07808666871776,81.24705608595475,67.3639593397345
2013-09-03 22:00:00,70.07804689096243,81.24702823645508,67.36395933258252
2013-09-04 00:00:00,70.07805406891502,81.24704300884373,67.36395933964968
2013-09-04 02:00:00,70.0780609814459,81.24705720991588,67.36395934721207
2013-09-04 04:00:00,70.0780612269658,81.24705723722207,67.36395936812423
2013-09-04 06:00:00,44.45080963747716,49.556868847672675,47.45575842438923
2013-09-04 08:00:00,39.20544515360543,37.685185784515696,41.1007625015845
2013-09-04 10:00:00,33.87911052325894,27.629127675889887,41.10076157201003
2013-09-04 12:00:00,25.91304124061826,24.963415303340312,34.63019977940232
2013-09-04 14:00:00,35.98232082577638,34.16317369593315,41.10076250468561
2013-09-04 16:00:00,44.43152291689287,45.87690829543971,51.37489849011312
2013-09-04 18:00:00,47.85121784402247,50.654722800198186,53.02812119436694
2013-09-04 20:00:00,46.0278928860714,48.69931975051692,53.02812090906268
2013-09-04 22:00:00,41.98503458789593,45.157175638349074,50.66901658922148
2013-09-05 00:00:00,42.676507340495164,45.563238146360774,50.361482781931414
2013-09-05 02:00:00,45.270433253299686,47.8713392706533,50.638444243908545
2013-09-05 04:00:00,47.851217824741134,50.76132108204157,52.92756907068214
2013-09-05 06:00:00,28.58858950386377,31.08092307368478,34.059014763582034
2013-09-05 08:00:00,23.133922534889823,25.642491016943584,28.46038429173897
2013-09-05 10:00:00,11.694487632545686,15.043720077448473,16.356616877794288
2013-09-05 12:00:00,12.181493865536812,15.38307086855717,16.982903630589313
2013-09-05 14:00:00,23.071591575434734,25.648943068604286,28.46182106842341
2013-09-05 16:00:00,40.38843790754431,43.02679069188431,45.72112607796487
2013-09-05 18:00:00,42.44427747457752,45.05292882055778,45.724512768075435
2013-09-05 20:00:00,41.99036198273455,44.96510971967854,45.724512737137495
2013-09-05 22:00:00,41.99084753981613,44.47848776875389,45.72223518334106
2013-09-06 00:00:00,41.818445189703745,44.23810648444258,45.72112681205533
2013-09-06 02:00:00,41.20241096343642,43.81138748266328,45.724512063525935
2013-09-06 04:00:00,40.371250091936766,44.955196887801,45.724512753278724
2013-09-06 06:00:00,27.47772357165062,34.690207183123086,28.458084335205797
2013-09-06 08:00:00,22.234121130855446,25.69902878165604,22.337201082609
2013-09-06 10:00:00,22.234120729385506,26.899233962258613,5.394998355962871
2013-09-06 12:00:00,23.11497026381821,29.21003733863028,10.571998824764142
2013-09-06 14:00:00,34.052682537898555,32.51166104885787,25.34821014674725
2013-09-06 16:00:00,38.98142212337095,41.78447937796493,44.15874755677242
2013-09-06 18:00:00,42.0685408049839,44.90743393462004,47.19924952180559
2013-09-06 20:00:00,42.06854075029738,44.90743386009643,47.19924952382488
2013-09-06 22:00:00,42.060052541065616,44.92956307345728,47.174694064442654
2013-09-07 00:00:00,42.068540636952406,44.92101789317217,47.199249354303845
2013-09-07 02:00:00,42.06854074428494,44.92101793040469,47.1992495313469
2013-09-07 04:00:00,42.06854050222471,44.92101741334378,47.19924953393766
2013-09-07 06:00:00,41.99864863179744,40.85442168592517,40.924056337352
2013-09-07 08:00:00,33.99607043645179,33.566767024550046,34.142257773220045
2013-09-07 10:00:00,33.99607042577874,32.82068089261675,34.14225767879275
2013-09-07 12:00:00,33.996070430514344,33.566766943463705,34.14225776835569
2013-09-07 14:00:00,33.99607044373006,33.5667669671146,35.14446196266936
2013-09-07 16:00:00,42.14758958624298,44.56539694547934,47.68831388433583
2013-09-07 18:00:00,42.46451713695154,45.09472479275294,47.80488842406758
2013-09-07 20:00:00,42.4645171319631,45.09472477292022,47.804888422729434
2013-09-07 22:00:00,42.46451675221197,45.094724008851074,47.80488841214019
2013-09-08 00:00:00,42.464516866399556,45.09472429695641,47.80488838210137
2013-09-08 02:00:00,42.463815080310575,45.09472259484605,47.80352621884697
2013-09-08 04:00:00,42.46451717387295,44.963527191095835,47.187889325070834
2013-09-08 06:00:00,34.22659618559736,36.12417942057575,28.461822562328223
2013-09-08 08:00:00,27.70070795710089,28.275413768775707,28.45800046390567
2013-09-08 10:00:00,27.700707946223286,28.257897198297734,28.458000441143838
2013-09-08 12:00:00,27.700707953716808,30.500956993149376,28.458000482120482
2013-09-08 14:00:00,29.204860002863768,31.567634066068976,30.276943082724706
2013-09-08 16:00:00,43.18653093095692,44.95696843671051,49.337906668929584
2013-09-08 18:00:00,167.683771135176,169.58708667284992,63.23946042332222
2013-09-08 20:00:00,164.83277633150206,167.09079163654192,63.452342382365664
2013-09-08 22:00:00,164.09400670702885,166.6707975517286,63.45234241247188
2013-09-09 00:00:00,164.09399545765623,166.8543140448115,63.452342416691415
2013-09-09 02:00:00,166.2488462856096,169.58708679496394,63.45234241653942
2013-09-09 04:00:00,167.68377126932262,170.37792252108017,63.45234242274949
2013-09-09 06:00:00,53.116518420951486,65.02395547650431,49.70586002416413
2013-09-09 08:00:00,43.00154497689875,44.48298913693148,42.01516839869673
2013-09-09 10:00:00,41.85218030884757,44.482927645082654,40.495819242635456
2013-09-09 12:00:00,41.85217416162216,53.14279930792925,38.108207505156194
2013-09-09 14:00:00,43.67532729122436,53.14279930714314,42.566240411529705
2013-09-09 16:00:00,52.00160701714301,57.05767563973213,55.05371091425443
2013-09-09 18:00:00,61.88796822282279,53.14279934631084,60.53359512411335
2013-09-09 20:00:00,61.88796824789437,53.24025177087729,60.44411896943858
2013-09-09 22:00:00,50.10641938291419,53.142799310272736,55.0636562266584
2013-09-10 00:00:00,52.65837082822919,53.142799304319624,60.022813796303495
2013-09-10 02:00:00,52.90885723731268,53.14279930938499,60.5095791601536
2013-09-10 04:00:00,52.90608532623017,53.14279930950601,60.504192558649876
2013-09-10 06:00:00,45.687830805550924,44.48286629998584,54.645845269091886
2013-09-10 08:00:00,40.37781576954158,29.936917948360744,47.7925040886053
2013-09-10 10:00:00,40.36968362281925,25.699027369536285,47.17681851145075
2013-09-10 12:00:00,40.36968360856701,25.5822850892042,47.643553585667995
2013-09-10 14:00:00,40.36968361708986,25.69902735145158,48.190043352156856
2013-09-10 16:00:00,40.37125015189794,28.794536264079596,58.7913080586315
2013-09-10 18:00:00,41.83418182995627,41.574264370928816,60.53359522230667
2013-09-10 20:00:00,40.51812740210699,41.5909346132516,55.05371092993345
2013-09-10 22:00:00,40.377774967852595,41.440944873539515,55.05371093008354
2013-09-11 00:00:00,40.37125035187674,40.7237649037969,55.05371092953241
2013-09-11 02:00:00,40.37125040288376,40.723764913437115,55.05371095345905
2013-09-11 04:00:00,40.947798324613345,41.59091740780172,60.53359511497112
2013-09-11 06:00:00,41.51657814732269,40.7237649122889,50.08581844367991
2013-09-11 08:00:00,39.78962671560211,40.723764899215254,46.72986730814791
2013-09-11 10:00:00,39.78962671599223,40.7237649028273,46.729867302026626
2013-09-11 12:00:00,39.78962672475736,39.55126526787448,47.83586341406137
2013-09-11 14:00:00,40.36968358146288,40.72376486753259,50.97841302230994
2013-09-11 16:00:00,43.281566891230966,40.72376495844003,76.84448108927789
2013-09-11 18:00:00,121.88274767122245,145.24314227980776,107.66873766413113
2013-09-11 20:00:00,134.88708961352543,172.03377768184345,107.66873767360062
2013-09-11 22:00:00,134.88708979425095,172.03377805554496,107.66873766756197
2013-09-12 00:00:00,135.33662572714866,172.9070194504916,107.71860046839481
2013-09-12 02:00:00,162.57748642030757,177.95629114626215,125.10438737925317
2013-09-12 04:00:00,166.55546274634375,177.95629141996457,131.69748863290314
2013-09-12 06:00:00,150.126087220498,177.95629089517624,131.69579343363307
2013-09-12 08:00:00,121.5792956861941,144.6179914280121,107.66873793757784
2013-09-12 10:00:00,121.57929567857762,144.6179914429084,107.66873788167021
2013-09-12 12:00:00,116.48067221086504,134.11537074373328,107.6675997067688
2013-09-12 14:00:00,121.57929569373144,144.6179914448109,107.66873794292867
2013-09-12 16:00:00,133.94434128944502,144.61799272472052,131.69748884506856
2013-09-12 18:00:00,163.52098205438446,177.95629274604767,131.69748886501014
2013-09-12 20:00:00,163.52098205040127,177.95629274924275,131.69748886271444
2013-09-12 22:00:00,144.86967144232096,177.95629122114545,121.48110273725301
2013-09-13 00:00:00,132.42916112967413,166.5340645861923,108.08006530698665
2013-09-13 02:00:00,147.68712758441006,177.9555562496287,126.95690365516549
2013-09-13 04:00:00,150.1269598757593,177.95629123535215,131.6974888604035
2013-09-13 06:00:00,55.749967516032584,57.73474660045037,61.69542018512107
2013-09-13 08:00:00,45.13463873700183,46.60943052015608,51.56489132265642
2013-09-13 10:00:00,45.13463873382969,46.607504377150185,51.566708217182494
2013-09-13 12:00:00,43.97620304353521,47.238540122935454,48.720298968568095
2013-09-13 14:00:00,45.13463875095593,47.2385401453946,50.97146452719323
2013-09-13 16:00:00,56.084462690899244,56.95163201250273,63.08787380093503
2013-09-13 18:00:00,56.08446277615811,56.951632145352875,63.08787379571661
2013-09-13 20:00:00,52.49787896917621,52.48105949681647,60.33513938083756
2013-09-13 22:00:00,46.794133383184416,47.671395016234186,53.78802451153414
2013-09-14 00:00:00,46.23617500180156,47.28206601429315,53.07100130817207
2013-09-14 02:00:00,46.58801971276906,47.797969176609264,53.268092883366464
2013-09-14 04:00:00,45.405579918457036,47.23854003055857,54.455321008942974
2013-09-14 06:00:00,40.37753952813828,37.608263987076064,45.72112604020842
2013-09-14 08:00:00,33.23303696865595,34.409095525349464,38.02788423741443
2013-09-14 10:00:00,33.23303694806557,36.44157101107044,37.25346330865077
2013-09-14 12:00:00,33.23303693859014,36.44157101748308,37.25346330788743
2013-09-14 14:00:00,33.2330369622784,36.44157105162914,38.02788423978379
2013-09-14 16:00:00,38.98155322895208,40.78397981885935,47.17650776151979
2013-09-14 18:00:00,42.4737356893356,45.0145925886154,47.89838985029816
2013-09-14 20:00:00,42.473735708819895,45.01459262559081,47.89838985535371
2013-09-14 22:00:00,42.46814889105083,45.010694285927876,47.89121032312336
2013-09-15 00:00:00,42.46451239095989,45.00815681612008,47.88653712611691
2013-09-15 02:00:00,42.47373567204369,45.01459253817891,47.898389853348185
2013-09-15 04:00:00,42.47373567910227,45.01459251953304,47.89838986993544
2013-09-15 06:00:00,26.198953195755628,26.580759601988202,40.45228121449139
2013-09-15 08:00:00,21.110719865535533,22.003810633654414,34.56619516806025
2013-09-15 10:00:00,4.997102780955384,12.02850165663224,33.729673481033544
2013-09-15 12:00:00,0.045685082290411926,9.033487441619219,34.56619516773486
2013-09-15 14:00:00,4.997102775351541,12.081942823148587,34.566195209627935
2013-09-15 16:00:00,6.1974539830702025,13.44379233047848,44.3153656705357
2013-09-15 18:00:00,6.197453938985744,13.445487119229295,44.31536567120069
2013-09-15 20:00:00,4.997102781055674,12.70646299639175,44.31536566729224
2013-09-15 22:00:00,2.723024291963451,10.781322067727238,36.88921833024502
2013-09-16 00:00:00,4.997102767925165,12.232129338572285,36.88921832781136
2013-09-16 02:00:00,5.004090881263572,12.213786324948142,36.53474654767379
2013-09-16 04:00:00,5.948227599342812,13.885303729389147,36.88921832416909
2013-09-16 06:00:00,6.2147205045198755,13.510895930528768,28.46031172309803
2013-09-16 08:00:00,0.03471155276068311,2.798757463968737,28.4539103537235
2013-09-16 10:00:00,0.034334654367195856,2.7826992813034668,28.45808440913062
2013-09-16 12:00:00,0.03459314427054677,4.517289158679197,28.45808441291416
2013-09-16 14:00:00,0.036718895788517836,9.176373427743771,36.88921826532141
2013-09-16 16:00:00,28.09591456084051,25.69902737794365,47.17648314178851
2013-09-16 18:00:00,34.71450557569701,31.142755338557897,48.41221428106227
2013-09-16 20:00:00,34.71450557699564,29.794884523023974,47.1764831746697
2013-09-16 22:00:00,28.095914608782664,25.699027439087146,47.17648317182196
2013-09-17 00:00:00,28.09591458316054,25.699027452286654,47.176483144449556
2013-09-17 02:00:00,28.095914579193547,25.69902746814432,47.17648311104801
2013-09-17 04:00:00,28.80328759170464,28.005624062280038,46.36149017085814
2013-09-17 06:00:00,14.141578617357117,17.323658028111232,28.460311732358107
2013-09-17 08:00:00,10.297310041895406,13.290584249977883,15.295207805004788
2013-09-17 10:00:00,0.04682081362273863,2.6790409839353004,5.38597895282643
2013-09-17 12:00:00,0.052616347779956746,2.678555750924088,5.397013825277448
2013-09-17 14:00:00,22.243656969660385,25.699027357170046,26.80566837742944
2013-09-17 16:00:00,40.535126711669406,41.59091744060106,47.36061484061491
2013-09-17 18:00:00,43.34216973917641,40.758968736584855,53.600248239524035
2013-09-17 20:00:00,43.59483240431548,41.590917449697876,53.30648126775849
2013-09-17 22:00:00,48.14474458093375,42.9454709710235,58.922439967519765
2013-09-18 00:00:00,48.14474485985887,42.945470934295535,58.92243999380478
2013-09-18 02:00:00,58.17146407192777,42.945470946988685,62.40417404024011
2013-09-18 04:00:00,59.46614758615649,46.561604341920706,68.84409548331469
2013-09-18 06:00:00,54.6802538793517,48.18161435640169,63.40889927930094
2013-09-18 08:00:00,46.260828983268425,42.945470975392034,57.20953643706893
2013-09-18 10:00:00,44.268170689832296,42.94547059411479,53.3372428362104
2013-09-18 12:00:00,43.34144192208967,41.03345810660614,53.33991268967818
2013-09-18 14:00:00,43.34218618576782,25.699027726806428,53.34258386807048
2013-09-18 16:00:00,44.26817068828206,39.22881776052149,70.0861483183095
2013-09-18 18:00:00,54.680253883156084,52.367841805056194,68.84409561581623
2013-09-18 20:00:00,54.68025388502814,52.43466065129156,68.82496631892927
2013-09-18 22:00:00,44.26817070866844,46.76674204093216,62.826066152747636
2013-09-19 00:00:00,44.2681707019429,45.75038933436694,60.57077149325316
2013-09-19 02:00:00,44.26817076092283,46.76674215873455,62.82606619029263
2013-09-19 04:00:00,54.68025387787476,52.43466132647206,68.82496627977517
2013-09-19 06:00:00,46.71840788494192,47.34170367721264,53.95186005005418
2013-09-19 08:00:00,40.392617949375975,43.0327883487379,45.72359157172788
2013-09-19 10:00:00,40.36968359895469,36.507764280520966,47.09390040172024
2013-09-19 12:00:00,40.369683408641244,36.50776427680002,47.09390038145988
2013-09-19 14:00:00,40.36968360487873,25.699027927472763,47.093900409452935
2013-09-19 16:00:00,40.371249125533446,37.35144685925336,60.29654732939564
2013-09-19 18:00:00,41.82369064937073,42.94547105960426,61.15002026207899
2013-09-19 20:00:00,41.460520778726284,42.94547003280268,60.286406939183756
2013-09-19 22:00:00,42.160404581134195,44.48280461417913,60.28640693761179
2013-09-20 00:00:00,42.86349039586766,44.482804705354994,60.286406939689385
2013-09-20 02:00:00,43.35564271235031,44.483096494010134,60.318530844734646
2013-09-20 04:00:00,51.697720218884335,51.42435731689255,61.15002027040345
2013-09-20 06:00:00,46.34577174936913,47.16302612178322,53.39626658397723
2013-09-20 08:00:00,41.85231847105977,44.48305987765931,47.19218628751382
2013-09-20 10:00:00,41.852318440026664,44.48305998510046,47.192186098851465
2013-09-20 12:00:00,41.85231846127803,44.483060011676386,47.192186104180685
2013-09-20 14:00:00,42.86717345567621,44.483059930239286,49.16433419095713
2013-09-20 16:00:00,66.52751754939824,69.39632567890312,71.6428217055403
2013-09-20 18:00:00,78.9008722600043,93.23540296214509,73.20078368847278
2013-09-20 20:00:00,78.900877365668,93.23541463991111,73.20078274866063
2013-09-20 22:00:00,78.90087202611866,93.23541466358009,73.20077225852799
2013-09-21 00:00:00,75.90418979580065,89.14404063034809,71.23669148423174
2013-09-21 02:00:00,75.90418971422606,89.14404053120549,71.23669142177944
2013-09-21 04:00:00,78.90086255780032,93.2354146208986,73.2007539078275
2013-09-21 06:00:00,48.99055541265272,54.44555782737431,51.66635287351176
2013-09-21 08:00:00,41.85225783550672,45.36712371792957,44.82622165178524
2013-09-21 10:00:00,40.36968361636497,44.574294874025654,44.22495058852338
2013-09-21 12:00:00,40.3696836123362,44.57429717283933,44.224948417801144
2013-09-21 14:00:00,40.369683615706876,44.574294965240036,44.22495058957548
2013-09-21 16:00:00,43.369969034865576,45.74433225639066,53.371825251855725
2013-09-21 18:00:00,46.883635418538375,48.335768427294774,53.33526160274001
2013-09-21 20:00:00,43.37148454870209,46.17576688569586,53.37182524257205
2013-09-21 22:00:00,43.37224253840938,46.067636084475744,51.67193448264375
2013-09-22 00:00:00,43.34165932290471,45.86428022934226,48.783515177037735
2013-09-22 02:00:00,43.341653018170774,45.86427582202939,48.7835070546714
2013-09-22 04:00:00,42.877230687078466,45.540215402757234,48.18668405088445
2013-09-22 06:00:00,26.43015061080282,37.64402575756833,28.458000526488767
2013-09-22 08:00:00,21.385587054759807,37.644025735229185,24.044752547659613
2013-09-22 10:00:00,21.385587041714096,37.64402574094281,11.466034934068592
2013-09-22 12:00:00,21.38558704321253,37.644025748845266,14.207605685081793
2013-09-22 14:00:00,22.00933474073854,37.644025854356215,24.044752568769184
2013-09-22 16:00:00,38.98196575084596,44.96851291764445,37.97239098086895
2013-09-22 18:00:00,41.26769769890735,47.06428594963282,39.57705540445015
2013-09-22 20:00:00,40.36968440451722,45.973034599373825,38.564895363854646
2013-09-22 22:00:00,40.36968365730825,45.97303359453029,37.414778001038414
2013-09-23 00:00:00,40.97899263569959,46.62706636693515,37.33937006403741
2013-09-23 02:00:00,43.38289455896346,46.76491392232408,40.861432544302325
2013-09-23 04:00:00,49.867306959816645,52.47401430553505,41.546920486884936
2013-09-23 06:00:00,47.369247404260655,50.90900734354717,28.45917339136828
2013-09-23 08:00:00,40.371250441064625,41.591721268768474,11.087879336386901
2013-09-23 10:00:00,40.36968373090974,41.59171333576023,7.242251364954099
2013-09-23 12:00:00,40.36968372958298,36.955791925682306,11.424088325103906
2013-09-23 14:00:00,40.369683726899396,41.709691323212674,24.061303394630052
2013-09-23 16:00:00,43.341531970700444,46.68947808591611,47.09821484448266
2013-09-23 18:00:00,175.50178738806372,169.14200500734785,52.13229390629108
2013-09-23 20:00:00,175.5017861207813,169.14559253887725,52.13421919950902
2013-09-23 22:00:00,151.62632222185783,151.84440073718895,57.7831495329863
2013-09-24 00:00:00,175.50178699383767,174.0996277270057,58.57128394092581
2013-09-24 02:00:00,175.50178727880805,174.09962782068604,58.571283947252006
2013-09-24 04:00:00,175.50178740560116,174.09962786929822,58.571283950462224
2013-09-24 06:00:00,53.63291148743187,53.37382190253769,52.67891358719469
2013-09-24 08:00:00,43.41982335711583,42.29640645368088,45.724511999449064
2013-09-24 10:00:00,43.342852782645735,41.00473659481663,42.952923803846105
2013-09-24 12:00:00,42.91765332282164,34.93831370083432,38.70787372107735
2013-09-24 14:00:00,43.41982332940667,43.70619112840772,46.78319718447951
2013-09-24 16:00:00,149.50353470218178,177.93454695511653,99.19079492909738
2013-09-24 18:00:00,169.45899987956489,184.53762033290752,112.59833980836656
2013-09-24 20:00:00,169.45899984894112,184.53761967917634,112.54281708320686
2013-09-24 22:00:00,169.45860308982762,177.93765955283848,112.24265959684094
2013-09-25 00:00:00,146.6913894723427,177.93766012665336,112.24266018171055
2013-09-25 02:00:00,169.41919639559444,184.53753315354186,112.59833981235312
2013-09-25 04:00:00,169.45899986135421,184.53762032959054,112.5983398178274
2013-09-25 06:00:00,68.56294456648062,74.74162555363999,70.5561101317615
2013-09-25 08:00:00,55.51315014534503,56.62318532954941,54.16522050487796
2013-09-25 10:00:00,43.91864496670412,44.48345575887772,47.19355458622968
2013-09-25 12:00:00,43.43061931163542,43.08824386035304,47.19355434882057
2013-09-25 14:00:00,55.513150133768974,59.93404686252175,57.67574849958987
2013-09-25 16:00:00,70.07057713041226,74.74162581361756,73.48586285557984
2013-09-25 18:00:00,69.98491464405198,74.7416258187653,73.31939659599263
2013-09-25 20:00:00,69.98491406767899,74.7416250719866,73.31939623665554
2013-09-25 22:00:00,56.94690991321922,61.01411230919768,63.05373518141086
2013-09-26 00:00:00,56.734332516501674,61.014112299690275,63.053735182368385
2013-09-26 02:00:00,56.734332523042646,61.014112296860766,63.053735184219356
2013-09-26 04:00:00,59.64181137544826,61.01411240870099,66.16874151319846
2013-09-26 06:00:00,50.74176231285776,52.53855787818735,56.86827505077276
2013-09-26 08:00:00,42.88919572531156,44.27990521886942,50.263159234001385
2013-09-26 10:00:00,42.889195740026196,44.268458806786114,50.08398715066826
2013-09-26 12:00:00,43.400931226987,44.740455423513,52.54050937938576
2013-09-26 14:00:00,55.91556982128749,53.95621530483509,65.58518566433048
2013-09-26 16:00:00,127.12814435578456,157.35473459288949,106.43738581736376
2013-09-26 18:00:00,127.60803621301426,158.3433741677959,106.43738586236438
2013-09-26 20:00:00,124.81573535455114,153.09409244308645,105.9627071583651
2013-09-26 22:00:00,108.01667964750321,134.9402400686883,90.44160476629867
2013-09-27 00:00:00,129.9780922554224,164.56635300735232,105.17305490521507
2013-09-27 02:00:00,131.32871211429207,166.00845018625898,106.43738584779945
2013-09-27 04:00:00,131.32871235000093,166.00845023626084,106.43738586515354
2013-09-27 06:00:00,63.688987998738824,68.95356190242964,82.14148039736712
2013-09-27 08:00:00,51.56524520150267,53.34877217926075,57.70427390176747
2013-09-27 10:00:00,41.85236917667076,41.57226971632911,49.9379764781705
2013-09-27 12:00:00,41.85232688868304,41.59116855132447,53.440870648850414
2013-09-27 14:00:00,48.97954509574718,46.67513553621994,58.974644664766565
2013-09-27 16:00:00,97.6031936003977,101.14656842608589,99.58750434999062
2013-09-27 18:00:00,97.60320081604465,101.14656847869033,99.58751127979328
2013-09-27 20:00:00,97.22357812753043,101.14656829150942,99.58750434504923
2013-09-27 22:00:00,84.07704705859065,82.40211879689764,93.12041537830649
2013-09-28 00:00:00,83.97148621002043,82.45571836558463,93.22267531408843
2013-09-28 02:00:00,83.96559829587613,82.40211587719608,93.2617956711226
2013-09-28 04:00:00,90.76557625607674,82.40211593818772,99.38781860736808
2013-09-28 06:00:00,40.601285689379736,43.2123734191866,58.59649660815508
2013-09-28 08:00:00,39.96116112998883,40.48997958430131,47.35600316154094
2013-09-28 10:00:00,32.86420642140141,35.47541786858949,45.71855926616277
2013-09-28 12:00:00,31.983343271368398,35.47541783493265,45.746348215492006
2013-09-28 14:00:00,32.864206431328604,35.47541781791345,47.3042922359398
2013-09-28 16:00:00,38.2180683805071,37.50166463853442,59.18518422863506
2013-09-28 18:00:00,38.218067125964936,37.77463172055199,58.173827737702624
2013-09-28 20:00:00,35.28764428248002,37.42230349706553,51.58674044648497
2013-09-28 22:00:00,32.864223426075625,35.475417908027886,50.44568966527017
2013-09-29 00:00:00,32.86421989141193,35.47541782706293,50.44568973284821
2013-09-29 02:00:00,32.864206460763015,35.47541787097842,55.62280979659056
2013-09-29 04:00:00,32.864206395555215,35.4754178907734,51.362046152818245
2013-09-29 06:00:00,5.386190658683889,19.44821928113353,46.21158364223081
2013-09-29 08:00:00,0.03492407924146895,16.226452676378866,40.77732594795349
2013-09-29 10:00:00,0.034593161803413396,12.560245963705011,38.22794202025124
2013-09-29 12:00:00,0.03433518300985597,5.9594957792614744,32.9097516474739
2013-09-29 14:00:00,0.035592518316711466,16.226453762772742,40.77732593744871
2013-09-29 16:00:00,32.13896868406628,37.91661094479279,46.21158362439652
2013-09-29 18:00:00,33.760741535365476,39.03342339402558,46.21158363051572
2013-09-29 20:00:00,33.77215067672665,39.05848435376365,46.21158362719861
2013-09-29 22:00:00,32.864155389691035,38.4306336337838,46.21158362761589
2013-09-30 00:00:00,34.16001262752941,39.43524016950229,46.726039966123786
2013-09-30 02:00:00,35.287552784760145,40.194367747331796,53.56983742212411
2013-09-30 04:00:00,35.56413173187426,41.14151928022747,54.89962877719519
2013-09-30 06:00:00,28.48227281783261,35.47529291199139,49.03321956460433
2013-09-30 08:00:00,23.047805994910334,29.26054873161584,41.50704894812905
2013-09-30 10:00:00,0.034711601698296006,11.833642029057113,41.50704893684976
2013-09-30 12:00:00,0.03471160448759841,13.58495556550469,41.50704895246114
2013-09-30 14:00:00,23.047806024172818,29.434181611484806,44.22494779592461
2013-09-30 16:00:00,36.768888845079616,41.281173208340824,50.93151733912188
2013-09-30 18:00:00,39.61068826050583,43.95148276210259,54.79841460925435
2013-09-30 20:00:00,39.0502012447158,41.505133007022366,56.11399789760834
2013-09-30 22:00:00,38.67962090759645,40.87389812390228,55.916136072319
2013-10-01 00:00:00,39.99303760230769,43.576123729398056,56.114000962966315
2013-10-01 02:00:00,40.12190240180967,43.79400557182549,56.18456150923981
2013-10-01 04:00:00,40.371250104024874,44.610562406841254,57.785379560577574
2013-10-01 06:00:00,31.139778686096736,34.553774165616716,49.05373962802254
2013-10-01 08:00:00,0.05626067394517465,13.15777297175773,43.46809199181564
2013-10-01 10:00:00,0.034093913220276474,8.637518136035183,28.461820791086275
2013-10-01 12:00:00,0.034094013530509414,8.50410880301348,34.280526755305
2013-10-01 14:00:00,0.058845389211963126,9.966986431062887,45.72112607314168
2013-10-01 16:00:00,34.6910536976771,30.357340214297235,57.81657594162809
2013-10-01 18:00:00,34.69105370590235,32.465740533117234,57.82178396283999
2013-10-01 20:00:00,28.076918625931615,28.461952505458584,57.75544226436413
2013-10-01 22:00:00,28.076918560650494,28.46195245303171,56.562545202511224
2013-10-02 00:00:00,28.076918737167766,28.461952466371503,57.83742236210948
2013-10-02 02:00:00,33.839123894068535,28.461952534772294,57.84263991712136
2013-10-02 04:00:00,34.172825768663145,29.19012573635125,57.84786009139829
2013-10-02 06:00:00,6.799655957760284,16.382519223658484,45.72451200621482
2013-10-02 08:00:00,0.04795127525108502,9.436375710537602,28.45808441607334
2013-10-02 10:00:00,0.03512477966698753,2.6543085965551008,9.692111223699245
2013-10-02 12:00:00,0.034975522664079085,2.654308611553085,12.18644999923677
2013-10-02 14:00:00,0.03471158430876531,9.777452448796407,28.45800060078659
2013-10-02 16:00:00,32.864034187386146,37.51576831301018,45.72223524004402
2013-10-02 18:00:00,32.864034691938144,37.51576832940881,45.72223520754416
2013-10-02 20:00:00,32.86403467395572,37.51576826807832,45.72223523419452
2013-10-02 22:00:00,26.59703319098558,30.861167756733057,45.72092818658057
2013-10-03 00:00:00,30.363909347244533,32.43964459199805,45.722235243584635
2013-10-03 02:00:00,32.582710222767076,35.5995412835638,45.72223526196007
2013-10-03 04:00:00,32.86403438251645,35.78435118388503,45.72112606907289
2013-10-03 06:00:00,10.383769381374568,15.009927832832222,28.458000433906754
2013-10-03 08:00:00,0.035160868181597485,2.655204522174985,9.120289947076712
2013-10-03 10:00:00,0.0345931660260705,2.654919323091524,5.384823859209446
2013-10-03 12:00:00,0.03409402248607858,2.6549193386687318,5.384999096250652
2013-10-03 14:00:00,0.03516079394677233,15.021434011410445,10.0736632301133
2013-10-03 16:00:00,10.402336396262815,15.021433977438729,28.45917341808301
2013-10-03 18:00:00,15.615140372716498,18.230817906277775,28.459173399377008
2013-10-03 20:00:00,17.296026831396848,19.26569471604623,28.45917344778242
2013-10-03 22:00:00,17.296783253780596,19.26623776353205,28.46038422520276
2013-10-04 00:00:00,17.29678346477642,19.266237906340898,28.460384483599327
2013-10-04 02:00:00,17.296785645786397,19.26623946997047,28.460388018687084
2013-10-04 04:00:00,17.296785780882853,20.971228926929744,28.460384480410404
2013-10-04 06:00:00,14.448823094553575,19.217737146054343,28.45917339763016
2013-10-04 08:00:00,11.680711749217533,15.797405434756598,20.231859643416044
2013-10-04 10:00:00,10.94208742376862,18.230817915898637,17.03738595886798
2013-10-04 12:00:00,11.680711761049372,19.096469316519045,19.07731989687982
2013-10-04 14:00:00,25.351134138766756,29.209424884316288,33.767699438787766
2013-10-04 16:00:00,36.14696665167022,41.19282836442036,49.548234311731186
2013-10-04 18:00:00,40.12304623425349,43.93152043874908,49.54823422574904
2013-10-04 20:00:00,40.12304652253985,44.22861186059956,49.451625068292174
2013-10-04 22:00:00,40.37125050689017,44.27604644141313,49.548234244332725
2013-10-05 00:00:00,42.31612208776471,45.399981352332055,49.54823424926653
2013-10-05 02:00:00,47.276032474635066,48.78950734495696,53.66979612432638
2013-10-05 04:00:00,50.84152990891402,51.53337220184677,58.01032349239949
2013-10-05 06:00:00,47.29173835734592,51.53337219754668,51.11208275449203
2013-10-05 08:00:00,42.31938747296041,42.215426898541764,50.238846398740094
2013-10-05 10:00:00,42.31938748502925,42.21542691154165,50.23884639911131
2013-10-05 12:00:00,42.321022353936144,42.215426912538646,50.24202341862531
2013-10-05 14:00:00,42.325489406719484,42.85638708855906,60.23201155076229
2013-10-05 16:00:00,94.07731963462518,105.62651007536499,91.00458831631897
2013-10-05 18:00:00,103.28500997027342,123.25067933516613,92.27317811871643
2013-10-05 20:00:00,106.1845469999592,129.22410265980957,92.2731781181663
2013-10-05 22:00:00,106.47314887882467,129.81866003266944,92.27317813451369
2013-10-06 00:00:00,106.47314893387998,129.81866014852997,92.27317812792721
2013-10-06 02:00:00,106.47314893491665,129.81866013963378,92.27317814465684
2013-10-06 04:00:00,106.47314892004042,129.81866010518706,92.27317814725725
2013-10-06 06:00:00,68.06783955512856,70.29366912345512,73.78965275210629
2013-10-06 08:00:00,55.11211511194727,57.41126736967872,73.78965273524314
2013-10-06 10:00:00,55.112115085188435,51.71901524496909,73.78965272709682
2013-10-06 12:00:00,55.112115088488444,51.710253385808684,73.65250256806958
2013-10-06 14:00:00,55.112115144435606,57.41126736829155,73.78965274514113
2013-10-06 16:00:00,103.5096455489375,123.48443731498773,92.48920871739465
2013-10-06 18:00:00,103.50964553179938,123.71345766409237,92.27317823424211
2013-10-06 20:00:00,103.39029201658124,123.6256691860406,92.12405005621507
2013-10-06 22:00:00,86.69380707024128,100.6812961336542,81.32107619086261
2013-10-07 00:00:00,86.58817148654607,100.68129610344447,81.11579665604879
2013-10-07 02:00:00,91.67991792890953,107.5110066992074,84.56815537756756
2013-10-07 04:00:00,103.50964542180574,123.71345746223548,92.27317822494093
2013-10-07 06:00:00,52.30073424001053,61.11329861535465,66.39585715878255
2013-10-07 08:00:00,42.33910664278601,43.72736102558599,54.5146840773537
2013-10-07 10:00:00,40.3696835435914,42.229133264840144,50.1013206748388
2013-10-07 12:00:00,42.34075978338703,43.74056994759505,54.705513576628206
2013-10-07 14:00:00,51.635259860963195,55.8384595025769,70.5239006630988
2013-10-07 16:00:00,103.73854313623629,123.95599603974534,92.48920877733023
2013-10-07 18:00:00,102.03493650306841,119.70741196956388,92.48920878703244
2013-10-07 20:00:00,101.39469055692096,119.12735496084028,92.48920876445347
2013-10-07 22:00:00,89.1833669040935,101.82253009759074,85.08248553433813
2013-10-08 00:00:00,88.49356740188247,100.87775238471532,84.63320201326879
2013-10-08 02:00:00,98.11371842859123,114.05388004937171,90.89906958540999
2013-10-08 04:00:00,100.75204492331159,117.81659306161949,92.4767841939387
2013-10-08 06:00:00,52.31404631025545,54.995707854581866,62.00289344310664
2013-10-08 08:00:00,42.351542573683226,44.90088587818778,54.74325267913843
2013-10-08 10:00:00,42.35154254634908,43.25525125558117,54.74703599377115
2013-10-08 12:00:00,42.35154254004635,43.675974845887495,54.222106922714865
2013-10-08 14:00:00,42.3515428906437,44.900885511760954,60.10107392066793
2013-10-08 16:00:00,66.91244550588159,69.07044935473853,72.9719774912476
2013-10-08 18:00:00,66.91244552296787,69.07057207586149,72.69812175231004
2013-10-08 20:00:00,54.34422082099035,56.532903587039044,60.10107396464737
2013-10-08 22:00:00,54.176245924225405,56.420558863343004,60.101073926557206
2013-10-09 00:00:00,54.176245931527504,56.42055887419977,60.101073925758826
2013-10-09 02:00:00,54.3440049005257,56.532186891839444,60.101330416450274
2013-10-09 04:00:00,66.91238618685114,69.07044982941201,72.69812174490644
2013-10-09 06:00:00,42.46450297424275,45.70764105309105,54.78496763781685
2013-10-09 08:00:00,40.12741460409994,41.14397357814446,46.98990927306133
2013-10-09 10:00:00,38.218065415790555,36.91636874126801,47.267325447768194
2013-10-09 12:00:00,38.08122997257767,36.81375478517861,47.09820953934985
2013-10-09 14:00:00,38.218065443833986,39.50278495477054,47.26732545388282
2013-10-09 16:00:00,39.40045037499352,43.80054508978766,54.46187520482901
2013-10-09 18:00:00,39.40045054484696,43.50210464598424,54.78496764027855
2013-10-09 20:00:00,39.40045037584255,43.441941178946045,54.78496763889939
2013-10-09 22:00:00,40.3712486837854,43.44194117524853,54.784967643502284
2013-10-10 00:00:00,42.365742083347406,46.225690090039066,58.24244056418513
2013-10-10 02:00:00,50.08608426867184,50.919282369569906,58.79113506023438
2013-10-10 04:00:00,50.08608436330892,50.91928314761403,62.381876000807914
2013-10-10 06:00:00,50.08608435414759,47.55248991632986,60.29736956711628
2013-10-10 08:00:00,40.54689337881895,35.62968490040929,59.44348761618108
2013-10-10 10:00:00,40.546893381488296,31.91745528406227,59.46339875869285
2013-10-10 12:00:00,40.54689337857408,35.56133463477263,59.46339822687924
2013-10-10 14:00:00,42.325177268147954,38.62780259723766,62.381876499748564
2013-10-10 16:00:00,54.23594618332501,53.303303927333126,70.8784564595735
2013-10-10 18:00:00,54.23594619376516,53.89519256442708,63.82119282420995
2013-10-10 20:00:00,54.23594619323096,53.89189647902498,62.38187653629839
2013-10-10 22:00:00,43.90828149481515,49.08233152519321,59.46339825780192
2013-10-11 00:00:00,43.90828146900672,49.08233162849952,59.463398194169514
2013-10-11 02:00:00,43.90828146170179,47.184617523545654,58.275144680351374
2013-10-11 04:00:00,43.90828147901133,46.8775823365857,53.460458484821864
2013-10-11 06:00:00,40.723322817718724,43.23821292958806,46.17247093471775
2013-10-11 08:00:00,40.00331609266399,51.84864877201261,36.65123956990593
2013-10-11 10:00:00,40.003316161754334,53.8711840549406,34.704144443386696
2013-10-11 12:00:00,40.003316218787326,53.89189619455474,34.7238843728674
2013-10-11 14:00:00,40.00331771801111,46.36953847853301,41.81958070773076
2013-10-11 16:00:00,40.09853235537858,50.609003301969075,47.0982090807092
2013-10-11 18:00:00,40.098532421114626,57.55690834351422,49.34134549471196
2013-10-11 20:00:00,40.09853236658296,57.415009739522944,49.36195845123514
2013-10-11 22:00:00,40.89715242409515,53.89189654386366,49.33235910082566
2013-10-12 00:00:00,42.38597922267258,53.891896518756845,50.83326307319483
2013-10-12 02:00:00,49.46170162970145,52.112359022283115,54.782783185105316
2013-10-12 04:00:00,51.39568927017529,53.89189651557191,56.86246060630326
2013-10-12 06:00:00,45.13183452086324,47.72133021925107,50.510608640787154
2013-10-12 08:00:00,38.39639659022863,41.2054587280884,42.41675849848441
2013-10-12 10:00:00,36.13888937570924,37.916463498449794,42.28353322903279
2013-10-12 12:00:00,34.2642122464538,36.161969917223544,40.295489300759286
2013-10-12 14:00:00,39.23036721225374,41.205459178980426,45.18869636432948
2013-10-12 16:00:00,51.09924691614176,57.29351696811724,57.54224365329851
2013-10-12 18:00:00,50.89185690630032,57.557167402306064,57.468614083177776
2013-10-12 20:00:00,50.89185737355076,57.55716696524853,57.468614295226004
2013-10-12 22:00:00,51.65564554090599,56.88148668727848,57.8280512401051
2013-10-13 00:00:00,51.65564552955967,54.783953722645045,59.14748344068753
2013-10-13 02:00:00,42.464502204617496,51.28646362207285,59.6893597949921
2013-10-13 04:00:00,41.818237918032914,48.10168724181983,59.71452481145797
2013-10-13 06:00:00,35.288281467564104,39.59497004124401,54.7366304337898
2013-10-13 08:00:00,31.728632049529768,35.47574139824129,45.23078967958255
2013-10-13 10:00:00,31.72863205184113,35.56308151143467,44.654157070748404
2013-10-13 12:00:00,31.728632069882195,35.563080819312496,45.13623619782127
2013-10-13 14:00:00,32.73293749260275,36.62871378167992,46.370811628665855
2013-10-13 16:00:00,35.288230377110544,37.9172671189808,60.297369587006045
2013-10-13 18:00:00,35.288230764781105,38.72313983297914,61.604249552645655
2013-10-13 20:00:00,35.28823035620051,39.172324056681035,60.883491815118916
2013-10-13 22:00:00,38.21806448805716,43.464375470856815,60.296547339511655
2013-10-14 00:00:00,40.3696825204215,43.87842548589679,60.296547331589395
2013-10-14 02:00:00,40.37125037284552,43.87842547460641,60.57318873423715
2013-10-14 04:00:00,42.40815802699408,48.879580864695576,61.861628011353034
2013-10-14 06:00:00,43.26148303516121,48.41385745029244,58.649007231073895
2013-10-14 08:00:00,42.298031047649054,44.835488355262584,47.725891998953145
2013-10-14 10:00:00,42.298031015857816,44.83548833197513,47.72589192548488
2013-10-14 12:00:00,42.298031020842274,44.83548832378931,47.725891939029545
2013-10-14 14:00:00,42.41245386785415,45.38972038330152,55.29864434632035
2013-10-14 16:00:00,53.60966111022124,57.5562084287283,71.80488088734985
2013-10-14 18:00:00,53.77664459386203,56.61946743098685,60.296547460697
2013-10-14 20:00:00,53.00672740013312,56.018923736635905,60.29654732686332
2013-10-14 22:00:00,53.38515461250221,56.24065571008281,60.29654732660305
2013-10-15 00:00:00,54.94126555759329,57.555666231877524,60.29654732337479
2013-10-15 02:00:00,54.933315139385385,57.55566621410004,60.281097427906595
2013-10-15 04:00:00,56.860967514717274,59.236844339147154,62.4412441444343
2013-10-15 06:00:00,55.650237753722536,57.5562084968156,61.673767477575275
2013-10-15 08:00:00,49.470655239029455,50.854154168684495,55.987022532605394
2013-10-15 10:00:00,53.00672743809949,49.276940890717135,58.361928265584574
2013-10-15 12:00:00,58.94079214921929,45.07578341855433,61.513723740707164
2013-10-15 14:00:00,65.96480482089815,52.4196457327201,71.44263141534856
2013-10-15 16:00:00,81.46622167110772,61.712363058610116,86.35629381846452
2013-10-15 18:00:00,81.46622165020798,61.712363117551014,86.35629381749715
2013-10-15 20:00:00,77.66654085381082,61.71236320870323,85.83038992807722
2013-10-15 22:00:00,65.96480461463227,65.87940026521396,73.86675966797884
2013-10-16 00:00:00,65.9648046240326,68.97963356765798,70.9423701746114
2013-10-16 02:00:00,68.77050863350078,72.32181340873498,73.24202699328386
2013-10-16 04:00:00,82.86202834590621,87.44934822280483,86.35629382565436
2013-10-16 06:00:00,78.08520865201528,79.63874402293719,84.44118384905622
2013-10-16 08:00:00,70.34054554695558,79.6387440105111,69.39113107984468
2013-10-16 10:00:00,66.33142138546626,71.37942694829823,69.39113105326918
2013-10-16 12:00:00,66.33024495430124,71.37699953028716,69.39113105736287
2013-10-16 14:00:00,78.08520862917389,58.12128380190384,80.74071957584488
2013-10-16 16:00:00,78.08520859322704,57.556467635797496,84.44118385275945
2013-10-16 18:00:00,53.37610610672009,48.545125960181245,82.5593723949428
2013-10-16 20:00:00,40.37125034463341,37.91679896036902,69.39113106225423
2013-10-16 22:00:00,40.291144061666785,36.9228434750337,69.39113105158492
2013-10-17 00:00:00,37.027078426843616,35.53590634363662,57.7653097962931
2013-10-17 02:00:00,37.02707841324432,35.61491007038391,56.495471760970425
2013-10-17 04:00:00,37.027078389916554,37.9167748706313,50.141404437434545
2013-10-17 06:00:00,7.39143154688306,14.479032608494055,28.460311730135636
2013-10-17 08:00:00,0.8102176560999148,25.69902732793542,12.157531962797153
2013-10-17 10:00:00,0.03471159768099916,20.061752487675793,8.43005739682544
2013-10-17 12:00:00,0.03471156942128107,18.449677539507306,7.565443918146136
2013-10-17 14:00:00,0.8103486421841536,25.69902733701738,12.157531968966477
2013-10-17 16:00:00,37.33260390831929,47.06268742906814,44.084027374187826
2013-10-17 18:00:00,40.123042731063144,51.91827870313915,44.08402730956087
2013-10-17 20:00:00,40.30075364700287,51.98630572956415,44.08384048327301
2013-10-17 22:00:00,40.301629818791874,49.619571212622276,45.72359169289867
2013-10-18 00:00:00,44.454562353811404,47.062687406066594,47.898377912838384
2013-10-18 02:00:00,54.75634154908624,56.18677711259943,48.83476497245595
2013-10-18 04:00:00,55.28158463861997,57.43052498352535,49.16217834216202
2013-10-18 06:00:00,51.96958878674967,57.4305253647774,45.72112605803492
2013-10-18 08:00:00,44.755248583602295,51.65761142347245,36.320691042297845
2013-10-18 10:00:00,44.75524857684506,52.821686710342824,35.34783705146098
2013-10-18 12:00:00,44.7552485711564,57.43052498522489,40.62030210899581
2013-10-18 14:00:00,52.889921121502596,57.43052494129511,56.4118679826
2013-10-18 16:00:00,55.28158463140643,57.4305236287641,69.779741609973
2013-10-18 18:00:00,55.28158461354357,48.68873687595153,69.32188433338636
2013-10-18 20:00:00,40.3112929207932,25.699027592082,67.66784324411064
2013-10-18 22:00:00,37.39137593139181,25.69902751341176,59.70448782489271
2013-10-19 00:00:00,37.391375890550314,25.699027502847155,59.70448781824272
2013-10-19 02:00:00,37.39137588527695,25.699027527273753,59.70448782620443
2013-10-19 04:00:00,37.39137590467962,25.699027531197366,59.24883981825015
2013-10-19 06:00:00,19.84282894586191,20.582832527966136,39.81464568480973
2013-10-19 08:00:00,16.04985649309999,18.082769951663668,21.953643782260194
2013-10-19 10:00:00,15.159853958290068,17.249502305595154,17.4961452568503
2013-10-19 12:00:00,17.078797512722552,20.202522251001565,21.95364357391555
2013-10-19 14:00:00,28.698684843605555,25.699027378769816,37.56043570168727
2013-10-19 16:00:00,28.698684892796248,25.699027371054672,45.72223522060399
2013-10-19 18:00:00,28.69868465203684,25.69902735274483,45.722235246821164
2013-10-19 20:00:00,23.22309982748745,21.67155607602545,43.49280197094452
2013-10-19 22:00:00,23.223099833274897,22.55552700637062,39.801821064472755
2013-10-20 00:00:00,23.22309985954718,23.44537099527161,38.02878273956687
2013-10-20 02:00:00,23.27416454752896,23.55753753878668,38.02878271619533
2013-10-20 04:00:00,24.09768900138494,24.148781224189612,39.34703621853584
2013-10-20 06:00:00,14.971359759239066,17.249441007393884,34.388089269059876
2013-10-20 08:00:00,12.103966460944086,14.44544262920332,32.99769844943511
2013-10-20 10:00:00,12.103966446452327,13.936454759037716,34.38808906487675
2013-10-20 12:00:00,12.103966445071682,14.445442639390308,34.3880891719495
2013-10-20 14:00:00,12.103966488353281,14.7269205918439,38.028961818235125
2013-10-20 16:00:00,17.371982788965393,17.717739549698898,44.07789124365255
2013-10-20 18:00:00,15.838739744955218,16.70934138376777,44.07789119175838
2013-10-20 20:00:00,14.625783226803497,16.604632845574073,42.659510363802134
2013-10-20 22:00:00,14.111492599320899,17.24707033253804,38.30268891714728
2013-10-21 00:00:00,14.111492595515555,17.29360305352772,39.69555777121159
2013-10-21 02:00:00,14.528732923485387,17.249379503458456,38.02891087176654
2013-10-21 04:00:00,14.625759592818973,17.313191329495083,38.02890234008013
2013-10-21 06:00:00,15.842483881474164,17.717739258644432,33.11939370845122
2013-10-21 08:00:00,14.111493064111714,16.604632861761395,28.458000452285297
2013-10-21 10:00:00,14.111492644025121,16.60485625766989,28.459173357688442
2013-10-21 12:00:00,14.111492638206697,16.604856268831128,28.459173346938186
2013-10-21 14:00:00,14.111492650839038,16.604632911957506,36.69686405976545
2013-10-21 16:00:00,15.845611931058878,17.717739082646204,44.077891278795356
2013-10-21 18:00:00,14.111492691886589,16.604632909814708,44.07789127989209
2013-10-21 20:00:00,14.111492654253519,16.604632898950314,44.077891258736145
2013-10-21 22:00:00,14.111492693028366,16.604632916450644,41.58130715082228
2013-10-22 00:00:00,14.111600536972803,16.604633322360613,36.696864085293974
2013-10-22 02:00:00,14.111492785611086,16.604632901714364,36.69722472339729
2013-10-22 04:00:00,14.111492930851306,16.604632906664072,36.699250377932444
2013-10-22 06:00:00,0.08698462969446791,8.424072313921986,27.710116597768184
2013-10-22 08:00:00,0.03492405906304115,7.77954609535158,23.65864390924913
2013-10-22 10:00:00,0.03471147884634379,4.091085495575738,12.024280954332518
2013-10-22 12:00:00,0.03471156517788391,7.208252662228802,20.016381525568985
2013-10-22 14:00:00,0.047621919514470396,8.185494067527806,25.240693377400873
2013-10-22 16:00:00,0.7841315171331382,8.893514858340428,25.240693402143428
2013-10-22 18:00:00,0.9962547078046139,9.024113426351644,25.240693402548075
2013-10-22 20:00:00,0.7841315460622268,8.89351483883292,25.24069340674584
2013-10-22 22:00:00,0.7841315356280117,8.380211996895376,25.249917959398445
2013-10-23 00:00:00,0.9962548721678739,8.38021203364359,25.259147106876945
2013-10-23 02:00:00,0.9962548789280838,8.38021206199043,25.30535591140739
2013-10-23 04:00:00,0.9962548461720335,8.380212088450152,25.58696776640071
2013-10-23 06:00:00,0.1591223387771616,8.382893297769268,25.305356128437076
2013-10-23 08:00:00,0.035202799126724624,7.779546523602042,22.676037799418765
2013-10-23 10:00:00,0.035338147595166,8.085718710341602,24.176803477795367
2013-10-23 12:00:00,0.035050344894989434,7.779546971587604,25.31461068321768
2013-10-23 14:00:00,0.034924116737854685,8.402949289751936,25.59716643589868
2013-10-23 16:00:00,0.10930323419457333,14.905316283010354,25.599209115054194
2013-10-23 18:00:00,14.6257366622886,24.02399063096809,25.599209117303445
2013-10-23 20:00:00,14.625740087674734,25.69902718736096,25.599209120580134
2013-10-23 22:00:00,15.862629283153261,25.699027344823502,25.599209132099347
2013-10-24 00:00:00,19.463048986611458,25.699027400586186,28.458000598331935
2013-10-24 02:00:00,23.11612724275898,27.093497625848446,28.461822545320437
2013-10-24 04:00:00,23.116127259376285,31.142754051331384,28.898244631138
2013-10-24 06:00:00,23.1161272450241,25.743499291321605,28.45917340278295
2013-10-24 08:00:00,18.701228116329382,25.699026222696265,25.615583863526346
2013-10-24 10:00:00,12.190221200369258,25.577935198497837,18.645081397909344
2013-10-24 12:00:00,14.625801763819082,24.005215930863407,20.181798917538615
2013-10-24 14:00:00,22.988355864945955,25.69902614536946,28.252828421282167
2013-10-24 16:00:00,35.293152410787954,31.142755637522587,46.19761176567264
2013-10-24 18:00:00,37.99895215613692,31.142755636363923,48.950335281829695
2013-10-24 20:00:00,37.99895215987513,31.14275560728098,48.95033529548512
2013-10-24 22:00:00,37.998952147615725,25.699027460763233,48.95033529111307
2013-10-25 00:00:00,32.07967837364783,25.69902743883711,48.950335289340494
2013-10-25 02:00:00,30.75631628844435,25.69902743142411,48.950335277547616
2013-10-25 04:00:00,28.84186121979267,25.69902737497598,48.95033525871924
2013-10-25 06:00:00,15.872814517863048,15.631242090641418,33.90790274533452
2013-10-25 08:00:00,14.111464101483191,13.428975372251635,28.458000675134187
2013-10-25 10:00:00,13.143539093793086,15.48641881954503,22.67603773435713
2013-10-25 12:00:00,13.157579618956735,15.631241989635814,23.38523789445766
2013-10-25 14:00:00,15.875372307782804,18.38776349997902,28.45391064089499
2013-10-25 16:00:00,15.876012882762833,18.391599321603774,28.46182248328845
2013-10-25 18:00:00,15.678638072862423,18.270080940223878,28.4618224681952
2013-10-25 20:00:00,12.83673548624579,16.52022833742277,28.459173395185495
2013-10-25 22:00:00,12.836735477359278,16.520228331628175,28.45917338401027
2013-10-26 00:00:00,12.836735481426835,16.520228323482844,28.459173382455035
2013-10-26 02:00:00,12.836735474017456,16.520228311916085,28.45917338258257
2013-10-26 04:00:00,13.1352548534648,16.70401872627295,28.45917338306618
2013-10-26 06:00:00,0.07153164947999874,8.411311641867451,24.578102792578036
2013-10-26 08:00:00,0.035634525925577566,6.115766889255639,19.736164243072125
2013-10-26 10:00:00,0.03496834554118994,6.115766644327011,6.272499618442461
2013-10-26 12:00:00,0.03510567421355736,2.666502367922845,6.082702834016271
2013-10-26 14:00:00,0.034757961884152186,6.103909195393459,21.016681179667913
2013-10-26 16:00:00,0.046706880341761105,8.402770168993023,24.719640840227406
2013-10-26 18:00:00,0.05969383881594474,8.41131152340636,24.719640840162576
2013-10-26 20:00:00,0.05969339809526244,8.411310814492907,24.71964084025791
2013-10-26 22:00:00,0.04762196807061263,8.402081216689643,24.71964083732299
2013-10-27 00:00:00,0.03510577465208716,7.73639766276223,24.719640839431932
2013-10-27 02:00:00,0.03510570775643285,7.7363975164276955,24.719640823480724
2013-10-27 04:00:00,0.03510572266291383,7.286557864175036,21.01668123131588
2013-10-27 06:00:00,0.0351322872115314,7.685976219230567,21.01668122093823
2013-10-27 08:00:00,0.03471155714904366,2.6562916672561445,5.386004218926334
2013-10-27 10:00:00,0.03471151088939404,2.6548463723149225,5.386004133651983
2013-10-27 12:00:00,0.034711552223425146,2.6553953012328284,5.385385211585915
2013-10-27 14:00:00,0.03471157259989978,2.65671307415594,5.3857647118513485
2013-10-27 16:00:00,0.035602687013622646,2.6660837501179753,5.3860042361475795
2013-10-27 18:00:00,0.03583346607518412,2.6661966317299983,5.386004236563679
2013-10-27 20:00:00,0.035714796792986746,2.6667025503680795,5.386004238158154
2013-10-27 22:00:00,0.035714740406207396,2.6667025939136075,5.38600423852942
2013-10-28 00:00:00,0.03571474835708776,2.66670260135697,5.386004239762338
2013-10-28 02:00:00,0.04593917507668401,9.83031349583298,5.386004244256392
2013-10-28 04:00:00,0.04593922398494591,10.207798895264617,5.3968668041037935
2013-10-28 06:00:00,0.06975652512176028,10.207798913398266,5.408125071927739
2013-10-28 08:00:00,0.047622800008204964,3.340102656453555,5.385766502731907
2013-10-28 10:00:00,0.04434547152087982,2.6743020848629655,5.384953591261289
2013-10-28 12:00:00,0.03714583605534199,2.669425863623635,5.384823995110321
2013-10-28 14:00:00,0.044345469696495186,3.7644018270442263,5.3857085636581505
2013-10-28 16:00:00,0.08498656287229094,3.7679591491549598,6.45347386473208
2013-10-28 18:00:00,0.04762197646117815,8.554369723686033,6.4534738798800095
2013-10-28 20:00:00,0.04762194626623486,8.554369764544468,6.453473887564337
2013-10-28 22:00:00,0.04762194083730891,8.554369832180981,6.453473891056882
2013-10-29 00:00:00,0.047621959046123936,8.570963756926368,6.45347431921622
2013-10-29 02:00:00,0.04762201030654445,8.573733567886041,10.879918866366147
2013-10-29 04:00:00,0.0508394520543092,8.57650568764424,12.3885647885782
2013-10-29 06:00:00,0.3798664642403976,19.784282596713425,10.879918892862548
2013-10-29 08:00:00,0.03471157135945527,2.666702587527464,9.489610063929636
2013-10-29 10:00:00,0.03459317712345625,2.655913031251572,9.33889220184739
2013-10-29 12:00:00,0.034711567872605695,2.6548942815544487,9.28214195641874
2013-10-29 14:00:00,0.046289393411062904,5.960969538796313,16.41533580430545
2013-10-29 16:00:00,17.168352850664544,51.25579816442624,34.57886730720335
2013-10-29 18:00:00,20.42805458624131,53.16534077981527,38.516822708432336
2013-10-29 20:00:00,20.450405271125774,53.165340688213405,38.54035657653586
2013-10-29 22:00:00,20.45040530246616,53.16534074051659,38.54035664674547
2013-10-30 00:00:00,20.46367535593543,53.158887112785344,38.55171569268221
2013-10-30 02:00:00,20.478064278177634,53.15009883507426,38.5633071769605
2013-10-30 04:00:00,20.728361325541787,53.06344462636114,38.60565315682588
2013-10-30 06:00:00,23.07755145216009,54.72153264959006,38.56330715856546
2013-10-30 08:00:00,17.80264402445279,25.699027342790075,25.829401151147252
2013-10-30 10:00:00,12.768100095495575,15.792936298193851,17.7362260023114
2013-10-30 12:00:00,11.03807257749684,14.772796347710155,18.441825454414246
2013-10-30 14:00:00,20.297724854140405,25.01284491133163,28.46038435193146
2013-10-30 16:00:00,25.298054115345852,38.93360367454972,49.64828659299114
2013-10-30 18:00:00,25.29805411456769,38.95290782214047,49.67892182334476
2013-10-30 20:00:00,25.298053865552923,35.18454214479152,50.02045105365576
2013-10-30 22:00:00,20.468588874115436,29.781414262805146,49.67892179147732
2013-10-31 00:00:00,20.468588874065127,29.781414264418206,49.67892178036239
2013-10-31 02:00:00,20.468588875973484,29.781414268981216,49.678921687112876
2013-10-31 04:00:00,20.46858888352588,38.84435220595748,49.6789217833399
2013-10-31 06:00:00,20.49167355744368,43.73739150504687,45.721126063950095
2013-10-31 08:00:00,14.62574019750006,25.496334719569465,28.45808437552037
2013-10-31 10:00:00,14.579537069569097,17.664294888514235,20.459778563149413
2013-10-31 12:00:00,14.625740134759708,18.74961372612449,24.054723461513305
2013-10-31 14:00:00,18.356575959186888,25.69902736184978,28.98325044977286
2013-10-31 16:00:00,20.30290003152004,41.738527085623296,45.72451209462424
2013-10-31 18:00:00,18.960895780782568,31.95204571820713,45.72451208685978
2013-10-31 20:00:00,18.960885116265846,45.87535687597057,45.72451204281796
2013-10-31 22:00:00,18.960878771680832,45.7929646283217,45.72451192861033
2013-11-01 00:00:00,18.960878705441228,45.79296468010894,45.72451200280123
2013-11-01 02:00:00,18.96087873019147,46.17469350847433,45.724512098608045
2013-11-01 04:00:00,20.354830135909374,46.174694230620176,45.947457992178634
2013-11-01 06:00:00,20.356419843811725,48.50474985498953,45.724512022566124
2013-11-01 08:00:00,14.885894179140164,18.885948776329357,26.729999148001554
2013-11-01 10:00:00,14.885894189339535,17.441116011704576,20.5491907335133
2013-11-01 12:00:00,14.885894248848597,17.291068161402453,20.777046156507577
2013-11-01 14:00:00,27.02928472070763,27.042161058958516,34.83853406545348
2013-11-01 16:00:00,42.46449685390392,44.06354536497288,49.53994828211212
2013-11-01 18:00:00,46.78075665664738,48.18308617649774,53.27936150692491
2013-11-01 20:00:00,47.95839307906034,50.56560003345474,55.66572093555401
2013-11-01 22:00:00,51.814237604841374,54.420435116058286,58.81004580344031
2013-11-02 00:00:00,53.497778442353045,56.103534948538304,58.86121406983926
2013-11-02 02:00:00,57.016100111523926,61.840844220081756,60.286407854230355
2013-11-02 04:00:00,59.236590652385615,61.84084481322248,60.286407874059115
2013-11-02 06:00:00,59.236590795223066,66.22478828762507,60.286407853072745
2013-11-02 08:00:00,42.323392332558335,45.63075321346268,47.025018149910245
2013-11-02 10:00:00,42.32339232119125,37.434305539228426,46.2087095317507
2013-11-02 12:00:00,42.32339229770493,20.664084663724545,46.208709409848545
2013-11-02 14:00:00,40.231229738388514,23.761966890941377,47.02501814418944
2013-11-02 16:00:00,32.605092592961896,26.687912703866157,56.828698726283704
2013-11-02 18:00:00,23.769771702111733,19.890125604451235,51.6533780073464
2013-11-02 20:00:00,6.533665529478551,7.705020409225712,47.09820438534175
2013-11-02 22:00:00,1.2303856693386876,8.48201575769648,45.724512142862714
2013-11-03 00:00:00,0.047071323611085125,7.705020234527199,45.720578440351
2013-11-03 02:00:00,1.2303855710263414,7.524393409643986,44.36832636467
2013-11-03 04:00:00,1.230385617916302,9.409160166806082,31.332362177389427
2013-11-03 06:00:00,1.2303856357644252,9.409160245863557,29.001569625036723
2013-11-03 08:00:00,0.03471157704191285,2.656713079308523,19.484578699001062
2013-11-03 10:00:00,0.03471156386108231,3.3811567986425537,14.585394369605478
2013-11-03 12:00:00,0.03492409661107131,3.1840173344921188,5.3853154224041635
2013-11-03 14:00:00,0.045939218428569045,3.1681514384326754,5.397235830625181
2013-11-03 16:00:00,15.32247002324514,18.597358304917172,24.489614524898798
2013-11-03 18:00:00,15.942377339008019,19.508423568680044,24.977429838438084
2013-11-03 20:00:00,15.852983389543787,19.36395806943121,24.9212501218749
2013-11-03 22:00:00,15.852983371954842,18.92347353878238,24.481667432965068
2013-11-04 00:00:00,16.7485824346352,19.728636464815672,28.45391069223544
2013-11-04 02:00:00,17.993631561155976,20.495593466872116,28.460384244349903
2013-11-04 04:00:00,26.638193229856327,25.699027366108485,35.34548504489428
2013-11-04 06:00:00,31.154880517568802,33.18637472652896,37.060006513829826
2013-11-04 08:00:00,25.21261827091808,27.192736861494684,28.462291144827084
2013-11-04 10:00:00,23.108169190549976,25.727397580904917,28.458896905291837
2013-11-04 12:00:00,23.13353441915176,25.77605402836714,28.46229203502177
2013-11-04 14:00:00,32.73644498901079,35.526416764706475,37.92611392641089
2013-11-04 16:00:00,40.629679728062506,44.65384117937384,45.88118411141872
2013-11-04 18:00:00,40.29943154772329,45.53468949694445,45.902372413310815
2013-11-04 20:00:00,40.36968360521176,45.17039547313532,45.84887660772395
2013-11-04 22:00:00,40.36968359340299,45.02499919472755,45.805087929681115
2013-11-05 00:00:00,40.17327141436099,45.53468949625194,45.72451065560934
2013-11-05 02:00:00,40.36968360478078,45.53469115753643,45.803312568589206
2013-11-05 04:00:00,40.805747420562724,44.47238155621768,45.90237241196803
2013-11-05 06:00:00,40.80795722011785,43.698910385867734,45.90237236941542
2013-11-05 08:00:00,23.942911702780872,27.44557590042506,28.46031173452981
2013-11-05 10:00:00,22.062201695042095,25.699027381372805,26.453049826704408
2013-11-05 12:00:00,23.37318499974618,25.699027458038156,29.00065805554388
2013-11-05 14:00:00,38.21805870284955,38.55291350918546,45.72359160305862
2013-11-05 16:00:00,43.057808386583844,40.57651321574244,57.46953701418945
2013-11-05 18:00:00,43.06110494773313,39.07473507849782,57.475410829759824
2013-11-05 20:00:00,41.56031021127599,38.08881026569763,57.48128736019072
2013-11-05 22:00:00,40.10802510123124,37.211267120659315,57.48128736636307
2013-11-06 00:00:00,40.108025070465786,37.17633212304305,56.934445211473296
2013-11-06 02:00:00,40.10802508343045,36.88802088687982,52.42146991672508
2013-11-06 04:00:00,40.17156357732364,36.92774172439017,52.43089113178269
2013-11-06 06:00:00,41.760116958026565,37.95315226334986,53.17254754053636
2013-11-06 08:00:00,42.94782976893513,43.368270514617215,50.37263116102594
2013-11-06 10:00:00,41.269951083451,45.55906760548174,45.045506006699355
2013-11-06 12:00:00,41.21901470355546,46.095372522798336,44.440636344428576
2013-11-06 14:00:00,41.61888960579311,45.55906762316783,45.72359140357267
2013-11-06 16:00:00,49.86924112012872,42.81592483250043,57.54030754543284
2013-11-06 18:00:00,47.21078329367226,44.545594170229904,57.54619902726045
2013-11-06 20:00:00,42.5845526219707,42.7480780051029,57.17221470508279
2013-11-06 22:00:00,41.58328511753537,42.288335126217625,57.54030754667944
2013-11-07 00:00:00,40.37125043738913,41.4089226840023,57.54030755457066
2013-11-07 02:00:00,40.37125043426262,41.408922681366555,57.5403075120217
2013-11-07 04:00:00,40.371250435008854,43.530290217601014,56.934669836715074
2013-11-07 06:00:00,43.788539978957516,45.559067638824025,50.50548351189736
2013-11-07 08:00:00,40.371250392244576,45.55906764189237,29.547320506760705
2013-11-07 10:00:00,40.36784690665424,44.796775633827345,28.459173445742152
2013-11-07 12:00:00,38.218058176302605,44.32466115461028,30.438934768646703
2013-11-07 14:00:00,43.13401665327292,46.632044938069654,47.65578968348315
2013-11-07 16:00:00,66.05763081396034,73.59777701477827,66.76655279238851
2013-11-07 18:00:00,64.92162314573817,71.25745344612955,66.76655284040089
2013-11-07 20:00:00,62.35790182606072,67.32079820142549,65.49789334028068
2013-11-07 22:00:00,57.9475551992734,60.08759482991749,63.75029246981288
2013-11-08 00:00:00,58.0061106975033,60.08759480819715,63.86408225241412
2013-11-08 02:00:00,58.00611171368081,60.08759547120431,63.864083604670384
2013-11-08 04:00:00,62.576092107225044,66.74462571865577,66.46539054174112
2013-11-08 06:00:00,59.29834659272281,62.320405748013314,64.26909203976969
2013-11-08 08:00:00,49.62097945932112,57.556208520797426,57.578970862253584
2013-11-08 10:00:00,46.966191381114434,50.55261230528339,51.4045855382592
2013-11-08 12:00:00,49.62097950832325,55.65366299694797,56.55859068299946
2013-11-08 14:00:00,57.7812359486683,59.58650765639981,63.89975327653854
2013-11-08 16:00:00,61.288659787889756,61.45085689103335,68.95705749673418
2013-11-08 18:00:00,61.288659702905306,59.59608394479283,68.95705751078104
2013-11-08 20:00:00,61.288659735890036,57.55620856969971,68.94690078183753
2013-11-08 22:00:00,56.694017937896206,57.34040696857697,63.905686622076075
2013-11-09 00:00:00,53.0433329846153,54.990133264484356,62.2989745564978
2013-11-09 02:00:00,49.620979454181615,52.40504622357792,54.81621849468115
2013-11-09 04:00:00,43.846962178490216,49.99728444599606,48.26560196819175
2013-11-09 06:00:00,40.36968360959555,55.69384591816711,45.72112605796629
2013-11-09 08:00:00,7.504728575853108,18.633438492984833,14.465680799789027
2013-11-09 10:00:00,0.03468057584423336,6.019265361484653,5.450429926108049
2013-11-09 12:00:00,0.03471157545849715,24.11979303426066,10.606529679257356
2013-11-09 14:00:00,23.09393662359658,25.69902733453229,28.458000269916006
2013-11-09 16:00:00,47.502475497638095,50.92681558819482,52.09375716387879
2013-11-09 18:00:00,51.21083001289699,53.57033626824804,56.80654867401408
2013-11-09 20:00:00,55.274230427895915,56.39376434569045,62.03959081800604
2013-11-09 22:00:00,55.44374271052836,56.468001206792586,62.298974558712025
2013-11-10 00:00:00,56.102853700428604,57.55620855547598,62.55332732198424
2013-11-10 02:00:00,57.038294168230074,59.752984554264074,62.29897456431131
2013-11-10 04:00:00,59.61303727646479,63.06649203778717,64.17685562284896
2013-11-10 06:00:00,58.418147636278746,62.07743536880513,62.787807682332144
2013-11-10 08:00:00,50.24944955978022,52.0541791619647,56.36847817201292
2013-11-10 10:00:00,44.31932399767628,35.4970168421316,50.95535782444037
2013-11-10 12:00:00,38.96955899090549,35.67170049120466,49.90175956258935
2013-11-10 14:00:00,48.81928075605807,47.17850402899591,59.416243353590374
2013-11-10 16:00:00,59.22860864281672,60.18764287471385,66.1453652905575
2013-11-10 18:00:00,60.29188359047749,62.057258536796645,66.4480347740738
2013-11-10 20:00:00,59.630719253648365,60.69517403795088,66.44803477625818
2013-11-10 22:00:00,59.89415641711355,60.69517405368647,66.95996705170373
2013-11-11 00:00:00,60.03784362622052,60.91425203856345,67.03253958398892
2013-11-11 02:00:00,89.91805673003135,105.23973278482632,76.90358750722797
2013-11-11 04:00:00,89.9180567613095,106.38616153203854,81.52934224076171
2013-11-11 06:00:00,89.91805671355809,106.38616045927486,81.52934225286087
2013-11-11 08:00:00,52.05323706602424,44.46492448783574,67.0325393500422
2013-11-11 10:00:00,47.66567917208265,44.55572461432361,66.99620275784326
2013-11-11 12:00:00,48.84068478752281,41.14913396786523,67.00225182155044
2013-11-11 14:00:00,51.42800831782767,52.87823219541191,70.23219784271747
2013-11-11 16:00:00,53.21863952457636,57.20409204944045,71.32058470738579
2013-11-11 18:00:00,51.42800873974175,55.894198904731404,68.06710056516488
2013-11-11 20:00:00,51.4280082895148,55.83354248331262,67.1238868655079
2013-11-11 22:00:00,51.42800828325841,55.55731984881585,67.03253936665249
2013-11-12 00:00:00,51.42800828682605,55.55731987064275,67.03253935937337
2013-11-12 02:00:00,51.42800829851085,55.847168032173656,67.03253935297171
2013-11-12 04:00:00,53.71844218745606,57.55690851717226,67.01451189371042
2013-11-12 06:00:00,58.4181474668035,60.48279575590275,66.17693762810859
2013-11-12 08:00:00,50.300254940325694,52.63014719868178,53.26036507987807
2013-11-12 10:00:00,60.010002658814685,80.44212461090065,48.55817513797903
2013-11-12 12:00:00,63.864676098047575,80.44212476278203,56.04888664874572
2013-11-12 14:00:00,72.97282771410258,80.44212478972197,73.7485802655507
2013-11-12 16:00:00,79.25617035997573,80.44212481424324,85.95887755361392
2013-11-12 18:00:00,73.7626309437783,71.08203665373442,84.1125782490268
2013-11-12 20:00:00,65.33290251166387,65.22502960088735,84.24420498309749
2013-11-12 22:00:00,65.33290251557064,65.21645628632724,84.22383360681513
2013-11-13 00:00:00,65.33290253931897,65.20934875902176,84.11257823153994
2013-11-13 02:00:00,66.0186034901261,65.63151648711815,84.11257822748871
2013-11-13 04:00:00,74.16327926147385,71.90742428230135,84.11257822901162
2013-11-13 06:00:00,79.25617037781562,80.44212484844644,85.95887755953079
2013-11-13 08:00:00,60.65862719209378,61.30889493635552,67.86663723685179
2013-11-13 10:00:00,50.29219689501394,51.079808727170544,57.370652931151156
2013-11-13 12:00:00,46.890882437406816,49.2937530983895,52.44569630951787
2013-11-13 14:00:00,63.86977345612571,65.63151659212558,70.02935036826479
2013-11-13 16:00:00,80.68609579946735,80.4421247438881,88.73762377729479
2013-11-13 18:00:00,80.6860958133386,80.4421247327064,88.73762391982716
2013-11-13 20:00:00,80.68609562705754,80.44212442707803,88.73762384517313
2013-11-13 22:00:00,65.3329026566853,65.6315164668311,86.48820291712767
2013-11-14 00:00:00,65.33290264251279,65.56749465613683,85.48628158920397
2013-11-14 02:00:00,61.0647598173271,62.73009690839055,85.48628158538726
2013-11-14 04:00:00,63.91523120216633,64.62302191610358,84.35848313081013
2013-11-14 06:00:00,59.80350724525044,61.02765457180441,84.33009766603783
2013-11-14 08:00:00,47.61634894819635,40.45168808800341,67.882888826201
2013-11-14 10:00:00,51.78887305325409,43.018819248278795,67.88288879802506
2013-11-14 12:00:00,63.94127318555671,44.507580837178935,77.88802394786951
2013-11-14 14:00:00,89.91805685485998,70.74310937550369,115.82680595322198
2013-11-14 16:00:00,111.03813793698178,87.84739536736849,140.73490836849646
2013-11-14 18:00:00,89.91805685079044,72.06258969275743,141.76917756016945
2013-11-14 20:00:00,88.54677734234095,72.06258920385255,140.73490836804436
2013-11-14 22:00:00,89.91805678584055,72.06258921726074,126.79230491553267
2013-11-15 00:00:00,96.20131784539815,72.06258924654901,126.7923049161426
2013-11-15 02:00:00,106.65372849548176,86.76900329987433,133.2319968745883
2013-11-15 04:00:00,110.47991440498849,88.38172070899708,139.14610447630594
2013-11-15 06:00:00,114.93690346597455,88.38172079573873,139.07674783626666
2013-11-15 08:00:00,68.86377555388871,57.89792079326153,109.26357300293448
2013-11-15 10:00:00,64.25101988626027,47.76574207522975,109.26357300275424
2013-11-15 12:00:00,67.61317533383516,53.02575653499169,109.2635730087812
2013-11-15 14:00:00,134.17453964411524,56.767149975349774,133.66642081631267
2013-11-15 16:00:00,149.1242977937307,151.7425076159382,133.66642082602945
2013-11-15 18:00:00,149.1242977939737,166.0456589830557,133.6664208211903
2013-11-15 20:00:00,147.93637656680244,177.8297695627562,124.30326640123295
2013-11-15 22:00:00,132.8011113322466,166.0456582720164,109.2635730463213
2013-11-16 00:00:00,121.48033492272458,144.5155088260177,107.57309925973463
2013-11-16 02:00:00,120.76784626622873,144.51550878481132,106.18853398234126
2013-11-16 04:00:00,120.76784626031098,144.57512586537777,106.13229833669361
2013-11-16 06:00:00,120.76784617966553,144.5155095690631,103.30219474516205
2013-11-16 08:00:00,67.67885603774451,87.01258111924723,71.97627636520203
2013-11-16 10:00:00,71.0259610923995,79.12221886719043,71.21031391436622
2013-11-16 12:00:00,74.8717006542653,87.01258119076843,71.24083960922621
2013-11-16 14:00:00,79.41894545189375,87.85487537354469,79.28289210566338
2013-11-16 16:00:00,103.21068116168765,118.02920600592537,97.05405043186146
2013-11-16 18:00:00,103.22951070480535,118.02920605388539,97.0906414680957
2013-11-16 20:00:00,103.23142310000979,118.02920605975169,97.09435777760012
2013-11-16 22:00:00,125.32939317062713,135.8100149040033,98.5291247468364
2013-11-17 00:00:00,155.86030456621177,167.4534431019501,103.20012167928176
2013-11-17 02:00:00,156.4170970045832,180.0292275621921,103.89498757561634
2013-11-17 04:00:00,169.459001072347,180.22539525546696,103.88126335336203
2013-11-17 06:00:00,169.45974811580405,184.53762289107343,113.1451613886118
2013-11-17 08:00:00,169.45974851557483,184.53753458563682,113.14516144922881
2013-11-17 10:00:00,172.72746268422156,184.5375345574855,122.84997332859896
2013-11-17 12:00:00,172.72746304374482,184.5375346037646,125.06212528003911
2013-11-17 14:00:00,175.50278833050254,184.5376231652872,142.76773711607316
2013-11-17 16:00:00,175.50278854571084,184.5385245590966,159.35787650737493
2013-11-17 18:00:00,175.50179187866823,184.5376218089229,159.357876510841
2013-11-17 20:00:00,175.50179178093467,184.53762168005773,159.35787649415713
2013-11-17 22:00:00,175.5017917810516,184.5375345537902,159.35767335779337
2013-11-18 00:00:00,172.72746308494894,184.5375345556521,131.0095506659047
2013-11-18 02:00:00,172.72746309154462,184.53753456479748,131.0095503122481
2013-11-18 04:00:00,175.50179178255553,184.53762147038844,144.1669507840004
2013-11-18 06:00:00,175.50326243845478,184.5376216002414,144.33973715370297
2013-11-18 08:00:00,151.06436898941683,172.07373064841735,106.59821307535739
2013-11-18 10:00:00,131.65940338045255,144.51623393173858,98.43153567353652
2013-11-18 12:00:00,138.81965275910628,158.29042759213002,98.4315356980218
2013-11-18 14:00:00,133.94339130979307,166.39956095733095,111.14951382643925
2013-11-18 16:00:00,151.06436888973937,177.83066481352543,129.4691530214153
2013-11-18 18:00:00,122.3895210640813,144.51623390724805,109.33921902276414
2013-11-18 20:00:00,122.2646235233381,144.51623392945314,109.09650804060682
2013-11-18 22:00:00,122.33930393706301,144.5162339116773,109.2416330531458
2013-11-19 00:00:00,122.3393039371007,144.51883455476278,109.23917990408151
2013-11-19 02:00:00,122.38952102805682,144.51623388091028,109.33921897768182
2013-11-19 04:00:00,122.38952147993412,144.51623387942504,109.3392198451384
2013-11-19 06:00:00,122.56360545502112,144.51623389179096,109.67751380023726
2013-11-19 08:00:00,80.05385245832082,74.25088512287894,87.84514148787129
2013-11-19 10:00:00,74.3775647365015,63.0760518043441,83.45636163430369
2013-11-19 12:00:00,67.22518764219443,53.65705090260927,87.84514151805345
2013-11-19 14:00:00,71.93501389149026,64.26171467861332,109.67751383132143
2013-11-19 16:00:00,78.80594770991316,74.25088520174319,115.20226223713433
2013-11-19 18:00:00,95.28578525443476,84.6902045618259,113.10178469630672
2013-11-19 20:00:00,109.43626936142915,74.2508852516663,115.20226247384579
2013-11-19 22:00:00,121.38924158766777,74.25088527303284,115.3539607495994
2013-11-20 00:00:00,105.85260208521389,74.25088526181693,111.31704435604124
2013-11-20 02:00:00,116.07116205060974,84.81808910317501,111.51203756123067
2013-11-20 04:00:00,121.38924160486867,84.81808922804164,115.35396076789218
2013-11-20 06:00:00,118.11917629714664,91.08332080472705,115.35396078291306
2013-11-20 08:00:00,67.99838937758756,66.2975825318228,87.84514146023984
2013-11-20 10:00:00,55.3372145898001,45.870096946615085,78.29032284944134
2013-11-20 12:00:00,53.72562257589087,45.41977788986182,86.77401783235022
2013-11-20 14:00:00,55.3499639391206,30.407187748489868,106.88930090502191
2013-11-20 16:00:00,63.297048341059565,47.64297483741447,107.12794564757485
2013-11-20 18:00:00,59.38354519300345,45.870097072755826,107.23143164507879
2013-11-20 20:00:00,64.562933768121,50.6440011917203,106.88930090079793
2013-11-20 22:00:00,71.65442492914191,66.22086579515177,106.88930090276278
2013-11-21 00:00:00,74.33423585129792,72.47894466528771,106.48687567700865
2013-11-21 02:00:00,76.13998936884069,76.45112067388384,106.48066644630447
2013-11-21 04:00:00,76.47028993031111,76.7991877407781,106.88930090906524
2013-11-21 06:00:00,89.91805685644626,85.61201534269975,113.80662883230997
2013-11-21 08:00:00,75.6214673585307,74.93470057186936,106.88930090910279
2013-11-21 10:00:00,68.08615902838726,62.31563923351105,105.40534985762696
2013-11-21 12:00:00,66.29176638947992,54.44148052890793,106.88930091316313
2013-11-21 14:00:00,89.91805674034099,80.21802615201885,119.13887814665603
2013-11-21 16:00:00,111.0381377599327,98.44836405613563,130.73522069003545
2013-11-21 18:00:00,100.40174795626079,88.82964911025385,119.13887814926895
2013-11-21 20:00:00,96.96292477987988,88.82964919457024,112.45628001766701
2013-11-21 22:00:00,89.91805690299205,80.21803136803173,106.88930091359917
2013-11-22 00:00:00,89.91805679503294,80.21803097572014,106.8893009113469
2013-11-22 02:00:00,89.91805674964256,80.21803102481056,106.88929678184243
2013-11-22 04:00:00,89.91805672158874,80.72469963322065,106.41136616107275
2013-11-22 06:00:00,89.91805666602458,82.74158415106288,104.79247047534149
2013-11-22 08:00:00,70.22130470438411,67.7801977504974,86.98935557934273
2013-11-22 10:00:00,68.1676471320109,64.41981196041256,85.8696281369495
2013-11-22 12:00:00,65.63538180901364,51.70614090063888,86.98935557220933
2013-11-22 14:00:00,79.15246477731453,67.79570621347301,106.88930080248987
2013-11-22 16:00:00,91.3042311799305,80.2180305906333,109.58302302586493
2013-11-22 18:00:00,92.39240704675893,85.3155100702787,106.88930093828469
2013-11-22 20:00:00,94.38390344450623,89.4026128180927,106.90405272383481
2013-11-22 22:00:00,101.20685072678867,82.26329755283965,111.34088576916159
2013-11-23 00:00:00,102.2548315731116,81.30923897733591,111.34088575838148
2013-11-23 02:00:00,102.3353511977979,81.30897711851894,111.340885815339
2013-11-23 04:00:00,109.77515407028598,95.81736569333809,111.34088572598492
2013-11-23 06:00:00,112.74946434235157,95.81793481027839,114.21291291637473
2013-11-23 08:00:00,89.91805676998095,80.13992140829228,93.88338066716138
2013-11-23 10:00:00,82.99400690761541,76.10237359374193,97.31614516534545
2013-11-23 12:00:00,78.61780570920313,67.85275518255388,96.59366296259398
2013-11-23 14:00:00,99.21722100312758,80.13992142553886,114.2129129046052
2013-11-23 16:00:00,102.48992821963603,98.35373566787246,114.21291291212472
2013-11-23 18:00:00,102.48992821820696,98.3537356869865,114.2129129011526
2013-11-23 20:00:00,102.48992818922426,98.35373585440037,111.44038044764815
2013-11-23 22:00:00,98.62580521552113,98.35373585751525,106.70383782944755
2013-11-24 00:00:00,82.99400688465842,80.14137738685348,93.50623160223059
2013-11-24 02:00:00,82.99330018030892,80.1399214765456,93.50623159867472
2013-11-24 04:00:00,82.99330017643695,80.13992148302994,93.5062315920507
2013-11-24 06:00:00,80.33399109518166,80.13992145052899,88.33844814376938
2013-11-24 08:00:00,61.29143567110513,63.063668866239105,67.44111805749564
2013-11-24 10:00:00,60.806653947204325,62.318331403453875,67.20211304178076
2013-11-24 12:00:00,59.482663808830246,62.01145420395733,64.91870005054021
2013-11-24 14:00:00,60.816395728806235,61.4915428538993,68.00093755028907
2013-11-24 16:00:00,65.394485031045,67.09930034952536,71.60776088181936
2013-11-24 18:00:00,68.35955585181243,69.85724587985254,74.76820897677989
2013-11-24 20:00:00,68.36645587072738,69.41936862404773,75.19465872467993
2013-11-24 22:00:00,68.35955584916736,69.4193686312743,75.18125004577887
2013-11-25 00:00:00,68.35955584654957,69.85724581026493,74.7682090260378
2013-11-25 02:00:00,68.38717500821969,69.91414483485664,74.76820904815068
2013-11-25 04:00:00,83.75624254321714,89.40364731661636,86.2505506135426
2013-11-25 06:00:00,84.57339235163158,89.41274220391857,87.82992287044469
2013-11-25 08:00:00,64.17595575088416,73.92589116068814,62.80042645726895
2013-11-25 10:00:00,54.12147157300196,73.92589116776881,43.261743490010524
2013-11-25 12:00:00,51.02225541047921,63.473963210550295,47.098197056292726
2013-11-25 14:00:00,65.29977833759541,63.47886120290465,74.83880891287737
2013-11-25 16:00:00,92.06866914033469,98.76388178614337,93.5746004659276
2013-11-25 18:00:00,92.12107617796968,98.76388189151923,93.6764419380727
2013-11-25 20:00:00,92.21190949028589,98.9510103147405,93.67644194436714
2013-11-25 22:00:00,92.21190950171004,98.95101031086969,93.67644196306206
2013-11-26 00:00:00,92.21236440953012,98.95101031707479,93.67732598186647
2013-11-26 02:00:00,92.55052565408863,98.95101042630922,94.3344680383742
2013-11-26 04:00:00,96.368202920092,102.51124753004775,98.3949835908369
2013-11-26 06:00:00,139.32902217485042,170.8577737849398,117.4099601797947
2013-11-26 08:00:00,121.27202276538094,138.86819423390477,93.96603159184451
2013-11-26 10:00:00,121.27202275578775,139.73176361971946,89.38714083495496
2013-11-26 12:00:00,121.27202274997326,146.17668932041204,98.39498359453772
2013-11-26 14:00:00,149.74673823994084,174.98934036351227,124.34272035262694
2013-11-26 16:00:00,149.74673831218672,174.98934038040184,124.34272036980603
2013-11-26 18:00:00,149.74673827664867,174.98934037867633,124.34272036940786
2013-11-26 20:00:00,144.9020655086956,174.98934037168848,124.34272031879522
2013-11-26 22:00:00,145.1193625369969,173.28968096235795,116.3633419282959
2013-11-27 00:00:00,121.27404491097636,138.83328585671532,101.71137568060317
2013-11-27 02:00:00,121.2720230891888,138.83328583036715,101.7113756428641
2013-11-27 04:00:00,121.2720230867591,138.8332857214197,101.7113756402947
2013-11-27 06:00:00,121.2720230989524,138.8332857729244,98.36203750604213
2013-11-27 08:00:00,68.57494826664762,95.35669623182126,53.92730752389572
2013-11-27 10:00:00,65.46287690880386,89.596807263276,28.46031173695301
2013-11-27 12:00:00,65.46819061960697,68.1051246746927,45.72112603647679
2013-11-27 14:00:00,72.27327641066086,74.92795276739244,62.21627583920275
2013-11-27 16:00:00,156.64511929869448,159.30593924671732,77.1188199926254
2013-11-27 18:00:00,156.6451518620453,163.6907124126718,77.11881998853238
2013-11-27 20:00:00,137.23915422679084,152.37357868219908,75.10957310624933
2013-11-27 22:00:00,137.23915506618715,152.37357409099175,75.10957275285433
2013-11-28 00:00:00,137.23915013653416,152.37357405016576,75.10957275114988
2013-11-28 02:00:00,126.8597381186882,152.37357901918432,75.1095727473327
2013-11-28 04:00:00,126.85973813137457,172.03378028024645,72.58520870172937
2013-11-28 06:00:00,156.64515190732686,177.81435438346702,75.10957274668189
2013-11-28 08:00:00,84.69923518278465,148.07924949321182,65.7971193381303
2013-11-28 10:00:00,68.58354562604485,148.52392048225738,59.168785927575215
2013-11-28 12:00:00,68.58354556287821,152.12193447089285,62.64701052484208
2013-11-28 14:00:00,68.583545640498,153.5458530054691,67.13409678144922
2013-11-28 16:00:00,84.69923517983752,177.81435447988875,72.22290053794165
2013-11-28 18:00:00,84.69923516157425,177.81435445883,72.2229005471832
2013-11-28 20:00:00,68.58354560955964,177.81435414859482,72.4668705053375
2013-11-28 22:00:00,68.58354559812871,151.78244699238692,75.9996802919746
2013-11-29 00:00:00,68.58354555773143,149.00938165001273,79.09880739932701
2013-11-29 02:00:00,68.58354556225385,148.07924932614074,81.5758095895578
2013-11-29 04:00:00,68.58354556977626,148.0792493013012,85.94061729236935
2013-11-29 06:00:00,68.42260707282786,141.48777744826145,91.50098840900526
2013-11-29 08:00:00,51.12739296839481,57.4450710500931,67.57688277948185
2013-11-29 10:00:00,40.3696836758061,41.7061552388588,47.249175758147246
2013-11-29 12:00:00,27.48390328021177,25.69902747717509,45.72112606044095
2013-11-29 14:00:00,35.89544843734249,42.76400179912609,47.24917568149095
2013-11-29 16:00:00,40.36968357493616,50.644299152981866,47.24917567825166
2013-11-29 18:00:00,40.36968362025864,50.64429920423773,47.249175681157986
2013-11-29 20:00:00,40.4476788162197,47.80415679158226,47.24917570587781
2013-11-29 22:00:00,42.7748148065234,49.39087579439109,49.659189136766955
2013-11-30 00:00:00,48.63095378319466,53.86160803411014,63.20328803259421
2013-11-30 02:00:00,50.00158725805328,55.10691412133424,69.48714187344939
2013-11-30 04:00:00,57.04357040567733,59.55345747065128,71.22437043620374
2013-11-30 06:00:00,64.84544914534521,64.77895154850027,72.7295699907072
2013-11-30 08:00:00,62.09668968790825,62.553545013635066,69.4871419021273
2013-11-30 10:00:00,62.09668966757256,62.5535449783967,69.4871418878806
2013-11-30 12:00:00,63.457818073763264,62.501395970657136,72.18138734664736
2013-11-30 14:00:00,68.80281887144275,68.33601770154247,82.61404474110495
2013-11-30 16:00:00,76.15185124240361,75.53011724064888,84.55971573636529
2013-11-30 18:00:00,74.81879902217139,74.84652054105014,82.61404478970914
2013-11-30 20:00:00,69.5405262595938,71.03985703297481,75.94763170726917
2013-11-30 22:00:00,66.72574708073917,69.18757154663228,72.22495099131848
2013-12-01 00:00:00,66.69150105633493,69.1636947889425,72.18092383849935
2013-12-01 02:00:00,64.90353816124667,68.33601759081714,69.4871418874395
2013-12-01 04:00:00,65.70444604056729,69.9199377555489,69.48714188674055
2013-12-01 06:00:00,68.58354556539382,71.69252230500487,69.4871418849308
2013-12-01 08:00:00,61.218618256186375,63.0664920980644,48.57526083915747
2013-12-01 10:00:00,40.369683598291914,37.87848331786082,28.462290643268304
2013-12-01 12:00:00,60.26940581549191,63.0664921080472,45.718559283958704
2013-12-01 14:00:00,76.56080651095655,85.26499746031864,61.40765599726515
2013-12-01 16:00:00,89.91805670324403,148.23361970758063,72.48870648940154
2013-12-01 18:00:00,89.918056872565,147.91064496845766,76.28363287981688
2013-12-01 20:00:00,127.1236685399999,147.91064500684243,103.00886667628374
2013-12-01 22:00:00,126.51859530009497,147.91064508510973,104.35521329100332
2013-12-02 00:00:00,139.35852827013633,163.3152000800233,108.65505162926911
2013-12-02 02:00:00,164.3069986667901,177.81435406535272,131.15715858921712
2013-12-02 04:00:00,175.50179162523588,177.8143544533429,144.99823620212703
2013-12-02 06:00:00,175.50423893222552,177.8161571292461,147.6290862131169
2013-12-02 08:00:00,175.5027881314554,177.81435365078758,131.1571585680441
2013-12-02 10:00:00,142.1355982319317,149.30553030890286,82.8385301481511
2013-12-02 12:00:00,110.22594052765568,121.04359535168618,83.5898026877513
2013-12-02 14:00:00,175.44112203774776,172.03378011828673,131.15715856565203
2013-12-02 16:00:00,175.50378851221225,177.81435448675347,153.18827804750464
2013-12-02 18:00:00,175.5037879760656,175.5156488677485,152.9034448189302
2013-12-02 20:00:00,175.50179171461687,170.69829204411016,147.0357211739913
2013-12-02 22:00:00,174.69601149587487,166.3537477855628,134.39454631890317
2013-12-03 00:00:00,175.49356084987556,166.35374773861648,133.46850680063272
2013-12-03 02:00:00,175.50179128982666,166.35374775160653,133.3891889597966
2013-12-03 04:00:00,175.5027883135654,171.25712107630463,153.18827804447506
2013-12-03 06:00:00,175.50512744741005,177.813619693162,160.6955388267055
2013-12-03 08:00:00,105.52416667573806,130.1958832760169,90.07321211139762
2013-12-03 10:00:00,69.09454225633237,81.86516262914144,64.86965981946032
2013-12-03 12:00:00,70.29748101791816,81.16456990353346,67.86816275145031
2013-12-03 14:00:00,108.38175461944928,121.95895852237717,103.39603770351178
2013-12-03 16:00:00,122.22217175740742,126.06092107851073,126.42254927956894
2013-12-03 18:00:00,122.22217175726846,126.06092109619311,126.42254927139194
2013-12-03 20:00:00,122.22217173839915,126.04529944859338,126.31529974935818
2013-12-03 22:00:00,98.9771241410923,108.99592259043816,104.50385321089988
2013-12-04 00:00:00,98.97712413403775,105.93206089692308,103.3960377431734
2013-12-04 02:00:00,98.97712412103915,105.93206087099456,103.3960377180921
2013-12-04 04:00:00,98.97712409603832,105.93206087696551,103.39603771452512
2013-12-04 06:00:00,68.32405291308358,119.93761167905525,82.92922041376679
2013-12-04 08:00:00,42.46448862133844,65.70705675291923,46.94299947429415
2013-12-04 10:00:00,40.36968355763916,57.14192635466653,28.459173406508718
2013-12-04 12:00:00,40.37125028959416,57.598654827757635,28.461822552896137
2013-12-04 14:00:00,59.9384614071908,63.255537148233486,64.63092347207022
2013-12-04 16:00:00,64.36461429755084,71.01144055432493,65.91618761103058
2013-12-04 18:00:00,64.41892870329615,71.04933961047841,65.98598633640583
2013-12-04 20:00:00,60.770633770088565,67.00875378517404,62.707731797438186
2013-12-04 22:00:00,58.93374815406048,65.72702830925732,60.34717436625389
2013-12-05 00:00:00,58.905126282993784,65.70705680483809,60.3103927897233
2013-12-05 02:00:00,58.90477984455881,65.70705678310121,60.31007721836068
2013-12-05 04:00:00,51.98328490388724,75.32503461812533,57.17435103740618
2013-12-05 06:00:00,40.36968360303845,65.7070568595323,45.721126097658576
2013-12-05 08:00:00,12.848581473518033,25.699027398657435,22.907993115342066
2013-12-05 10:00:00,14.033021638007554,16.674962648435553,19.362325154571778
2013-12-05 12:00:00,13.439406788607366,16.261097859968917,18.599155527665935
2013-12-05 14:00:00,21.113128578746366,21.615854788945818,28.460311663778427
2013-12-05 16:00:00,30.41318971578952,40.445718925677596,28.771095384400176
2013-12-05 18:00:00,33.318842740453306,42.47319921788545,32.50511162855967
2013-12-05 20:00:00,30.413190428602498,40.44571942985609,28.77109629154871
2013-12-05 22:00:00,30.17289270386289,40.27804666903032,28.462292855198292
2013-12-06 00:00:00,30.172526772328837,40.27779132563376,28.461822599929334
2013-12-06 02:00:00,30.413190444934052,40.44571944885524,28.771096293035036
2013-12-06 04:00:00,31.394693462411873,42.79721537467892,28.460311722054207
2013-12-06 06:00:00,31.385741223746475,42.781222775132484,28.458000539093703
2013-12-06 08:00:00,0.03586395165325894,25.609315114396562,11.4039788371777
2013-12-06 10:00:00,0.03471156396474047,25.52305066809151,10.723607916151629
2013-12-06 12:00:00,0.03492411603428094,14.403537065196844,5.395547987594035
2013-12-06 14:00:00,0.04593935780594129,50.49587881344594,20.213212218619557
2013-12-06 16:00:00,27.36633357211911,52.61089214013992,28.458084445670657
2013-12-06 18:00:00,23.334338502778827,61.06765742424596,28.459173398688968
2013-12-06 20:00:00,23.32914503636452,61.06765811116057,28.460311725708586
2013-12-06 22:00:00,38.21805185142854,61.06765802037002,31.007771443902165
2013-12-07 00:00:00,55.49242090948719,61.067658053728294,45.71855937942164
2013-12-07 02:00:00,58.52638119073181,63.06366899211199,45.72451127936666
2013-12-07 04:00:00,59.52216299939479,82.65639501233493,51.96667288844216
2013-12-07 06:00:00,81.5966976179971,82.65639502567626,63.33532231288714
2013-12-07 08:00:00,66.99133126090351,62.64044297253494,40.30467555709258
2013-12-07 10:00:00,60.557863244454104,51.669568262525964,28.458084403081877
2013-12-07 12:00:00,58.50566625370523,54.069405078650064,40.30467558448971
2013-12-07 14:00:00,62.15675020052634,64.08550900151833,68.15878450887993
2013-12-07 16:00:00,84.886243383122,88.43883450396063,89.356548318144
2013-12-07 18:00:00,84.88624340478204,89.03561989597787,89.35654831460606
2013-12-07 20:00:00,84.88624340275194,89.03561989476309,89.35654831721435
2013-12-07 22:00:00,70.68864886895089,80.29454091753254,89.35654830617199
2013-12-08 00:00:00,58.24469270326563,72.5922474958364,73.99772014605252
2013-12-08 02:00:00,57.238797731687306,65.51561996146127,73.3725762847134
2013-12-08 04:00:00,58.24469268226507,72.59224754036342,73.37257631526303
2013-12-08 06:00:00,58.244692686737075,72.59224755032986,73.37257628102444
2013-12-08 08:00:00,40.369683458745364,57.5569084482171,47.03927033828807
2013-12-08 10:00:00,14.487347203806538,17.25061383080848,19.702206651981513
2013-12-08 12:00:00,0.03584366571405773,24.906259839456567,11.026886689140678
2013-12-08 14:00:00,22.9119953191875,44.59511217140126,34.97072336178551
2013-12-08 16:00:00,38.8129973658055,54.0837275945716,38.524524977136196
2013-12-08 18:00:00,40.3678472978608,52.41355018023691,45.36713986127139
2013-12-08 20:00:00,40.369683573182876,44.88395232552106,43.93285729639177
2013-12-08 22:00:00,40.36968359961525,44.883952139772965,43.93285774120507
2013-12-09 00:00:00,40.36968360592795,45.002875605407326,44.224931176934426
2013-12-09 02:00:00,40.369683616308436,45.38229481908928,45.156776231038485
2013-12-09 04:00:00,42.586180277120796,57.55746764981792,48.757120055962346
2013-12-09 06:00:00,51.244450725727326,58.59595081233618,58.43045833562933
2013-12-09 08:00:00,41.93414899393801,47.299192465082726,45.72112604870587
2013-12-09 10:00:00,40.36968350362491,44.08943109282588,44.682313041782244
2013-12-09 12:00:00,41.39973004009309,45.10757022447713,45.723591593923445
2013-12-09 14:00:00,70.29422546062617,71.68953113345631,78.15866270944107
2013-12-09 16:00:00,125.39122596242345,129.82454994447926,129.0307528035908
2013-12-09 18:00:00,125.3941498897554,129.8305734539457,129.03075295533438
2013-12-09 20:00:00,125.51947102129127,130.0887513012079,129.03075293365748
2013-12-09 22:00:00,125.51962831770813,130.08907530236291,129.03075296334114
2013-12-10 00:00:00,125.46526164726723,130.08875092371662,128.9254092639537
2013-12-10 02:00:00,124.03082455885912,128.6435642171588,127.50111208346343
2013-12-10 04:00:00,124.39602646390766,128.8983914996559,127.97042821760394
2013-12-10 06:00:00,125.36267311621063,129.7657272011151,129.0307529557922
2013-12-10 08:00:00,62.9465724383953,65.60885652525407,68.2566867002133
2013-12-10 10:00:00,40.76637165044154,42.21251978694046,47.223643250496714
2013-12-10 12:00:00,43.13896430665299,44.92276102345708,49.27773858304298
2013-12-10 14:00:00,81.85282631516775,83.0233753721541,88.57006513648068
2013-12-10 16:00:00,117.67028438978886,127.1677008023874,116.53295152654405
2013-12-10 18:00:00,103.13335449232669,107.22679905074206,107.09348295597592
2013-12-10 20:00:00,102.99004137194925,107.08198906143897,106.95158181167386
2013-12-10 22:00:00,102.99004144872534,107.08341297482771,106.9502388002731
2013-12-11 00:00:00,103.04576620845046,107.19821322551722,106.9502387984338
2013-12-11 02:00:00,109.60026560258403,120.70133428189754,106.95023880211049
2013-12-11 04:00:00,117.17102829391386,127.16770110499523,115.56275658394364
2013-12-11 06:00:00,122.027579498064,131.61554783342402,120.8048307185102
2013-12-11 08:00:00,87.7484380123015,95.77160250019995,88.00173822050851
2013-12-11 10:00:00,54.003190838948115,48.37442112074376,67.13409450638001
2013-12-11 12:00:00,61.75361382448667,51.3405349536756,79.39746308710167
2013-12-11 14:00:00,99.74918699825993,95.77160251515676,111.32255984487927
2013-12-11 16:00:00,117.15390952796626,111.51714103435835,130.29235844385514
2013-12-11 18:00:00,117.15390951488422,111.51714101548723,130.29235830301684
2013-12-11 20:00:00,104.10120567435952,102.40934334552092,113.51850138532191
2013-12-11 22:00:00,94.87183179528057,96.57636378611555,111.15955770507526
2013-12-12 00:00:00,94.87183177252949,95.77160262453808,106.95023880249072
2013-12-12 02:00:00,94.87183176644467,95.77160258106343,106.9502388019324
2013-12-12 04:00:00,94.87183176246843,95.77160257556439,106.95023880309418
2013-12-12 06:00:00,94.87183175057294,95.77160694706379,106.95023880624392
2013-12-12 08:00:00,61.8295009864484,66.12390990947623,72.79861371851797
2013-12-12 10:00:00,61.83710900842645,66.12905813377705,72.79861371302202
2013-12-12 12:00:00,50.18239316137726,55.854621416136816,67.051501468634
2013-12-12 14:00:00,61.85233568641107,67.08898406009514,77.02382199922884
2013-12-12 16:00:00,89.91805626847794,92.51275365195143,95.29192374551354
2013-12-12 18:00:00,87.57113748895503,90.87514187528265,92.27592949653094
2013-12-12 20:00:00,87.57113747144895,90.87514185257467,92.27592948382247
2013-12-12 22:00:00,87.5711374800423,90.87514184318364,92.27592950038347
2013-12-13 00:00:00,87.571137458916,90.8751418001181,92.27592949935273
2013-12-13 02:00:00,87.57113749751903,90.87514187121849,92.27592950238298
2013-12-13 04:00:00,89.91805623787769,92.51275359781746,95.29192372973588
2013-12-13 06:00:00,90.7280952548089,93.07797530314544,96.33289414290554
2013-12-13 08:00:00,68.50790794449522,73.63526078114994,71.49277088097627
2013-12-13 10:00:00,58.4714451854907,59.02204962969868,65.77346567746726
2013-12-13 12:00:00,60.38409188869076,60.35663898536622,68.23138261695958
2013-12-13 14:00:00,73.98499594244171,74.5356845388315,92.27592950163157
2013-12-13 16:00:00,89.91805652590968,91.09865261962878,106.68627747074098
2013-12-13 18:00:00,89.90773004005062,88.4111450750489,106.68628062257864
2013-12-13 20:00:00,74.66121310241734,74.53568450866473,105.03779982574711
2013-12-13 22:00:00,75.16024744877221,74.53568450183471,103.47709319873566
2013-12-14 00:00:00,70.45818803004106,74.53568449867302,95.04304665130759
2013-12-14 02:00:00,75.16024733497423,74.53568451486039,92.27592950543188
2013-12-14 04:00:00,76.8634092417044,77.49793287307185,92.27592950334908
2013-12-14 06:00:00,82.88109671419448,81.21304796559474,92.27592950352333
2013-12-14 08:00:00,49.38079063442302,49.726260400437674,59.56116749285823
2013-12-14 10:00:00,42.07998754251388,25.69902741644849,52.06410401396159
2013-12-14 12:00:00,40.36968362089098,25.699027370172544,59.289293750362056
2013-12-14 14:00:00,43.57759313595131,36.11039938452629,65.79617864045177
2013-12-14 16:00:00,49.38079062462718,53.54479801996326,67.6459107659705
2013-12-14 18:00:00,43.587357306168336,49.021417227741665,66.12168568534328
2013-12-14 20:00:00,40.369683601393625,44.824569014150725,60.29736962213464
2013-12-14 22:00:00,25.11965633240525,34.655565447344785,59.56082357761691
2013-12-15 00:00:00,22.895424680825634,34.87506970841086,47.98152987254806
2013-12-15 02:00:00,22.55515592392403,34.87506981942206,45.72359169276661
2013-12-15 04:00:00,37.08434521923502,45.635893586414035,45.722235071270894
2013-12-15 06:00:00,37.08817097095683,45.638178273905005,45.72112604592865
2013-12-15 08:00:00,17.910564301177352,21.743000771055396,22.635409651474127
2013-12-15 10:00:00,16.24526912299961,18.218604675210948,22.20525509153758
2013-12-15 12:00:00,21.174260189850518,21.74300066437119,28.459173316610354
2013-12-15 14:00:00,34.54668061714037,30.989397219937366,45.723591634782075
2013-12-15 16:00:00,38.36617559827743,40.86816391595948,58.9148958844881
2013-12-15 18:00:00,38.366175588107346,40.86816393022888,58.91489588223684
2013-12-15 20:00:00,17.959231790306514,30.281632963591555,58.91476911477902
2013-12-15 22:00:00,16.90958344859419,27.988580321983015,54.47772731753544
2013-12-16 00:00:00,19.95444465345605,27.988581429836568,46.15926620129534
2013-12-16 02:00:00,22.551938491811487,29.61450457579955,45.72112606352025
2013-12-16 04:00:00,31.0537663945656,36.251486247230154,45.09423288634706
2013-12-16 06:00:00,31.921307382089786,36.45390660664489,44.63000937547123
2013-12-16 08:00:00,0.045939280706037956,2.6674177421137863,10.448354351790762
2013-12-16 10:00:00,0.035274160810286954,2.6550327640590785,5.385684370103522
2013-12-16 12:00:00,0.03866578590022759,4.443427203845291,5.385845896151275
2013-12-16 14:00:00,22.225728156832716,27.360352260841488,25.203732284170734
2013-12-16 16:00:00,38.26821379864765,45.302417820555796,45.72112606266573
2013-12-16 18:00:00,40.37125038086005,47.07065021326411,45.721126061673054
2013-12-16 20:00:00,42.791719773427126,48.679363752160285,45.72451201376876
2013-12-16 22:00:00,48.89707512700395,54.19089300610748,65.79617815664714
2013-12-17 00:00:00,54.36357035160742,57.556467826530834,65.79617817449748
2013-12-17 02:00:00,59.22439642732692,60.549148371891505,65.79617868212607
2013-12-17 04:00:00,67.75260476590947,68.36911783886234,74.99245489681209
2013-12-17 06:00:00,69.48396300088986,70.04059222274077,76.78030038853699
2013-12-17 08:00:00,70.37034657005947,73.89819967440565,58.91489586951271
2013-12-17 10:00:00,89.91805579455703,82.47034656375544,45.72223502502238
2013-12-17 12:00:00,121.25939512545318,120.20396992045633,58.91489588597513
2013-12-17 14:00:00,150.16292757584483,120.20397013057706,116.70632059715003
2013-12-17 16:00:00,150.16292758467793,120.20397013426003,137.31322819654977
2013-12-17 18:00:00,150.16292758184485,120.20397012691933,137.31322819706824
2013-12-17 20:00:00,150.16292756379022,120.20397006502694,137.31322819619496
2013-12-17 22:00:00,113.72582018793906,97.83861113778985,136.53330976070933
2013-12-18 00:00:00,66.52916654525772,50.04128169647219,112.21748697855082
2013-12-18 02:00:00,56.111403935495304,42.59141493695329,109.08853166984392
2013-12-18 04:00:00,47.80194427672616,42.59558851549193,100.21680483950473
2013-12-18 06:00:00,42.464485318001984,38.96354554181139,99.58050589187313
2013-12-18 08:00:00,37.906855761691006,41.73852450086035,45.72451205964412
2013-12-18 10:00:00,25.51942638861092,25.699027406330746,41.049618921758686
2013-12-18 12:00:00,14.376019842996872,2.6670547950740735,39.48509555716055
2013-12-18 14:00:00,35.36217582642114,28.04032055429263,58.91489595172376
2013-12-18 16:00:00,40.8535787126452,36.522894198532555,65.79617871158426
2013-12-18 18:00:00,38.218050074611355,31.342159234528168,65.1375752425955
2013-12-18 20:00:00,34.469983033719316,28.04032067617941,59.79927491568524
2013-12-18 22:00:00,34.471711667037766,28.861138454916823,58.914769077030925
2013-12-19 00:00:00,32.96918417669358,36.522894235005225,47.04716404953064
2013-12-19 02:00:00,27.612728233685935,28.040320907844812,43.49278866890907
2013-12-19 04:00:00,18.473852210410776,28.040320858826984,40.79054415687777
2013-12-19 06:00:00,37.273905058842736,45.05193274497388,40.790544140617776
2013-12-19 08:00:00,34.16663034840998,35.43611611335412,40.79054416577907
2013-12-19 10:00:00,18.02052864660975,25.699021221218835,28.46038419491989
2013-12-19 12:00:00,28.895374762178072,25.699027439432797,40.790544174396985
2013-12-19 14:00:00,49.459563683019056,53.60669900755594,58.91489588565542
2013-12-19 16:00:00,61.08938105484289,62.23900324721094,67.8263597812467
2013-12-19 18:00:00,61.089381070329395,62.2791884975583,68.45525413354837
2013-12-19 20:00:00,61.089379881703,61.8672437566499,68.45525415266616
2013-12-19 22:00:00,49.45956372489371,54.70707728828585,68.45525414475148
2013-12-20 00:00:00,49.45956360175211,54.7070771185093,68.45525414357847
2013-12-20 02:00:00,42.464485131191886,50.400394688411225,68.45525414355873
2013-12-20 04:00:00,50.130372258726034,55.6691619887431,67.12857455720183
2013-12-20 06:00:00,50.9861004938207,56.32335964455827,68.45525413203922
2013-12-20 08:00:00,40.36968361932142,48.87731766036225,64.80238224454915
2013-12-20 10:00:00,0.04628851102334299,13.452727264030852,52.81770479942958
2013-12-20 12:00:00,0.03479452157625704,13.930875113635778,47.09391495970166
2013-12-20 14:00:00,18.779836988158728,33.7573022445793,52.81757800167697
2013-12-20 16:00:00,40.00702469361848,47.281074551847546,52.136286111840356
2013-12-20 18:00:00,36.751682945793135,44.47789128687998,47.42983803206198
2013-12-20 20:00:00,34.24965605599441,40.20993530332224,45.7211260395836
2013-12-20 22:00:00,18.47526143144224,26.11628103895774,42.11105524936275
2013-12-21 00:00:00,17.73524299035109,25.699027545049674,42.25286488929193
2013-12-21 02:00:00,14.111492720703502,25.699027527453186,42.25531518178803
2013-12-21 04:00:00,16.40589374865638,26.47724061577367,28.46229057361935
2013-12-21 06:00:00,15.54778644978223,25.699027430296223,28.460384267807797
2013-12-21 08:00:00,11.436554793843667,16.56762459896215,17.446333171364394
2013-12-21 10:00:00,0.04593928218984439,2.6660838779028495,8.16790106779875
2013-12-21 12:00:00,0.04662196977781628,7.704470460219985,6.338402721953483
2013-12-21 14:00:00,4.198414217535408,16.567617922947036,25.069561283832556
2013-12-21 16:00:00,14.188868655768468,25.699027371758632,28.458084409654973
2013-12-21 18:00:00,14.179185661605246,25.699027368803282,28.45808439698984
2013-12-21 20:00:00,14.16925160748958,25.69902736681072,28.458084389617134
2013-12-21 22:00:00,17.683833190733605,25.699027368090437,28.458000569185202
2013-12-22 00:00:00,14.332659467067932,25.699027369636546,28.458000473726976
2013-12-22 02:00:00,14.111492626413533,25.69902738859094,28.45800048303787
2013-12-22 04:00:00,14.111492951254483,25.699027419499018,28.458000541213536
2013-12-22 06:00:00,19.344041603281863,25.699027400255616,28.458084369563913
2013-12-22 08:00:00,1.4791735171661589,8.769506335815333,16.59135584271533
2013-12-22 10:00:00,0.03692020861153051,2.656713015001007,12.766558666467748
2013-12-22 12:00:00,0.045939210613656654,2.6567130802564503,8.75859119624953
2013-12-22 14:00:00,7.604841859562044,16.784812728052728,19.976609300395182
2013-12-22 16:00:00,20.222639282802433,25.69902754260229,28.453910628176814
2013-12-22 18:00:00,20.54729120745009,27.017426772167106,27.798631582809904
2013-12-22 20:00:00,20.547291093829894,27.05759615710902,28.45800048763163
2013-12-22 22:00:00,20.547291138886695,26.40728213951564,28.459173395570375
2013-12-23 00:00:00,20.547291136574874,26.40728212681133,28.459173430106944
2013-12-23 02:00:00,28.246182189221077,36.31079652165813,28.46038364515548
2013-12-23 04:00:00,28.87769476681446,37.61179384039911,28.46038428369704
2013-12-23 06:00:00,34.35838087627004,40.57571122556881,36.31508929528302
2013-12-23 08:00:00,14.743943176513909,19.002789399877617,22.67495866162374
2013-12-23 10:00:00,0.034711582348993415,2.6674177115604203,9.488290814718113
2013-12-23 12:00:00,0.04624463290516024,2.6668812682739427,8.143479909606075
2013-12-23 14:00:00,1.4792001022805776,9.527622763400267,28.45800049119422
2013-12-23 16:00:00,20.578753470502967,26.475272845652302,28.460383763736274
2013-12-23 18:00:00,25.936041804736025,31.551606821373557,28.46038373799889
2013-12-23 20:00:00,24.41974254374348,28.42790963494307,28.460311718037083
2013-12-23 22:00:00,20.03448041274667,25.699027400491648,28.006470185302646
2013-12-24 00:00:00,20.03448026090058,25.699027349965736,28.006469838449043
2013-12-24 02:00:00,23.944364198383692,27.450929533465363,28.45808441053289
2013-12-24 04:00:00,23.095163143343182,25.699027323284223,28.46038375262045
2013-12-24 06:00:00,23.09516316093329,25.69902736016688,28.46038374904421
2013-12-24 08:00:00,8.414596380934167,12.755107216516798,12.14167205271426
2013-12-24 10:00:00,0.036920182726728465,10.111858714449541,5.385387036789054
2013-12-24 12:00:00,0.03676839889239865,10.111858708072564,5.385472181899395
2013-12-24 14:00:00,3.430590536991783,10.111858796632688,5.397232596519139
2013-12-24 16:00:00,19.33786753977568,25.22313163576019,26.86513573872908
2013-12-24 18:00:00,24.43269506506661,28.461379407754208,28.453910605909705
2013-12-24 20:00:00,23.946097293486392,27.45213888030148,28.460311532635117
2013-12-24 22:00:00,30.813014982939496,33.41626293825727,36.17881686831057
2013-12-25 00:00:00,34.42943938321715,35.93969887937058,40.82623596144695
2013-12-25 02:00:00,38.430831975576034,38.99386795051669,45.72112605013587
2013-12-25 04:00:00,41.526134529940855,45.36941789153431,45.722235180822544
2013-12-25 06:00:00,40.367846249114535,45.36941815234386,45.721126036054955
2013-12-25 08:00:00,37.26743788094962,41.08073402530708,41.491825105851845
2013-12-25 10:00:00,0.047621996775563155,25.699027349263474,31.21128810186056
2013-12-25 12:00:00,33.71220381111716,39.3798450564131,45.72112605021485
2013-12-25 14:00:00,42.756297235704736,49.12525226882197,62.30784223697142
2013-12-25 16:00:00,62.8326072855226,63.06647678896761,70.43339769992947
2013-12-25 18:00:00,64.59222241771884,64.29466147345141,72.69430078776485
2013-12-25 20:00:00,70.18247859669295,68.19500352851836,79.8786200273047
2013-12-25 22:00:00,75.13769793825959,71.65261165315636,86.2465068407367
2013-12-26 00:00:00,75.13769793591469,71.65261163198433,86.24650685103613
2013-12-26 02:00:00,82.20728495410614,86.2168801715215,86.24650685497667
2013-12-26 04:00:00,82.20786016989808,86.21806518916698,86.24650682934663
2013-12-26 06:00:00,82.207860210919,86.21806522534467,86.24650685380612
2013-12-26 08:00:00,76.47955105173654,74.44991490188141,83.62948466003508
2013-12-26 10:00:00,72.91409840496459,60.77782645557295,75.74743762303227
2013-12-26 12:00:00,61.92560141815833,60.56149650981443,71.03372978349614
2013-12-26 14:00:00,76.47955103993364,63.06649231813723,84.66465129867194
2013-12-26 16:00:00,76.47955105547294,74.44991487979613,86.21546220856688
2013-12-26 18:00:00,76.26068522009372,74.44991486445402,85.79014450794419
2013-12-26 20:00:00,69.0593140619476,63.29690531671667,82.31627685679918
2013-12-26 22:00:00,48.05081340435611,47.68384773119103,70.82829653132548
2013-12-27 00:00:00,42.844830265490074,40.67592599828479,70.82829652877327
2013-12-27 02:00:00,40.36968358761621,38.66313888413514,68.77867087265324
2013-12-27 04:00:00,36.07741321821811,34.390139482902356,56.747421040412355
2013-12-27 06:00:00,34.38754713269852,34.78765251801967,52.2985882848295
2013-12-27 08:00:00,9.577539615034318,13.724305312790854,16.103787422727766
2013-12-27 10:00:00,2.3454107352912694,7.73928557716446,5.3852308989243625
2013-12-27 12:00:00,1.8014588350259462,6.544321537589433,5.385385300396011
2013-12-27 14:00:00,2.8820597827283065,8.917371051500115,5.385982959918226
2013-12-27 16:00:00,22.906196769780212,31.589836204260173,28.45800047863016
2013-12-27 18:00:00,21.965216977994146,29.52292017608997,28.45800073199451
2013-12-27 20:00:00,21.964991013761463,29.522346130387255,28.45808476639459
2013-12-27 22:00:00,30.07312041196879,37.999808111269914,30.417425350479483
2013-12-28 00:00:00,40.36968361419585,45.37833447027136,45.05053428614726
2013-12-28 02:00:00,42.05413419594754,46.458342200626845,45.72112607379959
2013-12-28 04:00:00,42.86948369904538,48.135453919626705,45.723591595061336
2013-12-28 06:00:00,42.923528404257596,48.27076529301341,45.72359149943233
2013-12-28 08:00:00,37.71132379177258,43.11954731100458,42.72470933848176
2013-12-28 10:00:00,0.04593938158442773,25.69902736433429,28.458000516952183
2013-12-28 12:00:00,18.492107587740534,25.67534307610285,29.054311220635938
2013-12-28 14:00:00,42.6756337067762,45.605168112921085,60.29654732616219
2013-12-28 16:00:00,58.10470270470112,57.556908207310315,66.4428215712968
2013-12-28 18:00:00,58.99230942975209,59.38549343355047,66.44282157600217
2013-12-28 20:00:00,51.75667778248922,54.930708684259045,66.4428215669103
2013-12-28 22:00:00,51.75667776050829,55.9923856112458,66.44282157308692
2013-12-29 00:00:00,51.7566778157631,55.99238565298881,66.44282156207223
2013-12-29 02:00:00,54.364284520036584,57.55690757225309,65.79617860988175
2013-12-29 04:00:00,60.3104235674414,62.786505552213406,65.79617863502686
2013-12-29 06:00:00,56.03773500555635,59.81366416467789,60.29736958022601
2013-12-29 08:00:00,42.99217694383789,48.365290617733734,56.00727500245151
2013-12-29 10:00:00,35.285509121182095,38.24775881428552,43.890234694314486
2013-12-29 12:00:00,26.96486628205992,25.699027463184546,35.980302328223736
2013-12-29 14:00:00,40.371248693369765,44.291117209514276,52.686832541826575
2013-12-29 16:00:00,43.244389484020644,50.13281173274539,56.747420681436594
2013-12-29 18:00:00,43.244389428068544,50.1328117117163,56.74742052688831
2013-12-29 20:00:00,43.94749151676961,50.132801509912404,56.00727501703981
2013-12-29 22:00:00,43.02931300713919,48.526481373860975,56.00705805806125
2013-12-30 00:00:00,42.464482978508705,47.13495411477121,56.007058094342014
2013-12-30 02:00:00,41.68443983734405,46.70629348036426,56.7474206388608
2013-12-30 04:00:00,40.586806263210455,47.43432734661054,56.74742070356296
2013-12-30 06:00:00,40.3696836051132,43.818356447796,56.74742069747391
2013-12-30 08:00:00,32.903128431671945,29.96841356514495,43.492786608868336
2013-12-30 10:00:00,11.833526886001577,15.342297652367833,19.716870260274604
2013-12-30 12:00:00,0.03584554332466985,8.621711467208817,28.19751255820058
2013-12-30 14:00:00,11.392626844115101,25.69902711229237,43.492786649413006
2013-12-30 16:00:00,37.82729721138181,46.58327212978058,46.946688263819496
2013-12-30 18:00:00,38.21804720498973,45.7898940160137,45.72359159233716
2013-12-30 20:00:00,40.003061596709124,47.49028336292483,45.72112605717406
2013-12-30 22:00:00,40.62704093597239,47.81683123878189,45.722235188930725
2013-12-31 00:00:00,42.306059112248036,48.75559125734273,56.00705755259417
2013-12-31 02:00:00,43.10394718280326,48.98406366259733,56.74742068123234
2013-12-31 04:00:00,43.10929673382532,48.987357261562465,56.74742104420196
2013-12-31 06:00:00,43.11464875145311,48.98406606260772,57.68252942329801
2013-12-31 08:00:00,27.4849404553297,25.69902769936347,45.72359218319143
2013-12-31 10:00:00,17.295854566970597,19.26531630525344,28.459173445489355
2013-12-31 12:00:00,17.2976276906343,19.26676402972797,28.461822559932926
2013-12-31 14:00:00,33.59933242719044,39.12970219232983,45.72352294337661
2013-12-31 16:00:00,40.37125042877245,45.12931416672788,56.00740165977323
2013-12-31 18:00:00,40.37125042515652,46.80469753482648,54.15016298248504
2013-12-31 20:00:00,40.37125024683928,46.220892619709915,54.15016295944471
2013-12-31 22:00:00,40.815925178002026,47.39576201430516,53.93568319142285
