Unnamed: 0;ghi;dni;dhi;temp_air;rh;ws10;TECHNOLOGYNAME_hydro_inflow
2022-01-01 00:00:00;0.0;0.0;0.0;7.29;82.45;4.32;
2022-01-01 01:00:00;0.0;0.0;0.0;7.26;83.56;4.23;
2022-01-01 02:00:00;0.0;0.0;0.0;7.23;84.67;4.15;
2022-01-01 03:00:00;0.0;0.0;0.0;7.2;85.78;4.06;
2022-01-01 04:00:00;0.0;0.0;0.0;7.17;86.88;3.97;
2022-01-01 05:00:00;0.0;0.0;0.0;7.14;87.99;3.88;
2022-01-01 06:00:00;0.0;0.0;0.0;7.11;89.1;3.8;
2022-01-01 07:00:00;0.0;0.0;0.0;7.08;90.21;3.71;
2022-01-01 08:00:00;1.0;0.0;1.0;6.92;89.0;3.93;
2022-01-01 09:00:00;41.0;7.1;40.0;7.43;89.0;4.21;
2022-01-01 10:00:00;56.0;0.0;56.0;7.84;85.85;4.34;
2022-01-01 11:00:00;48.0;0.0;48.0;8.23;89.05;4.55;
2022-01-01 12:00:00;48.0;0.0;48.0;8.72;89.1;4.76;
2022-01-01 13:00:00;61.0;0.0;61.0;9.15;89.1;4.76;
2022-01-01 14:00:00;41.0;0.0;41.0;9.25;89.1;4.76;
2022-01-01 15:00:00;15.0;16.83;14.0;8.87;82.85;4.9;
2022-01-01 16:00:00;0.0;0.0;0.0;8.17;76.8;4.69;
2022-01-01 17:00:00;0.0;0.0;0.0;7.46;73.9;4.55;
2022-01-01 18:00:00;0.0;0.0;0.0;7.09;73.8;4.69;
2022-01-01 19:00:00;0.0;0.0;0.0;6.85;76.65;4.9;
2022-01-01 20:00:00;0.0;0.0;0.0;6.57;73.7;5.03;
2022-01-01 21:00:00;0.0;0.0;0.0;6.54;70.95;4.9;
2022-01-01 22:00:00;0.0;0.0;0.0;6.26;65.75;4.48;
2022-01-01 23:00:00;0.0;0.0;0.0;6.16;65.65;4.48;
2022-01-02 00:00:00;0.0;0.0;0.0;5.9;63.15;4.76;
2022-01-02 01:00:00;0.0;0.0;0.0;5.71;65.55;4.69;
2022-01-02 02:00:00;0.0;0.0;0.0;5.8;63.15;4.55;
2022-01-02 03:00:00;0.0;0.0;0.0;5.86;60.75;4.48;
2022-01-02 04:00:00;0.0;0.0;0.0;5.91;60.75;4.28;
2022-01-02 05:00:00;0.0;0.0;0.0;5.9;63.15;4.21;
2022-01-02 06:00:00;0.0;0.0;0.0;5.78;63.15;4.07;
2022-01-02 07:00:00;0.0;0.0;0.0;5.47;68.1;4.07;
2022-01-02 08:00:00;3.0;0.0;3.0;5.63;68.1;3.93;
2022-01-02 09:00:00;74.0;105.98;59.0;5.79;70.85;4.0;
2022-01-02 10:00:00;98.0;36.21;90.0;6.24;70.95;4.14;
2022-01-02 11:00:00;158.0;136.06;122.0;6.84;68.4;3.79;
2022-01-02 12:00:00;149.0;92.76;124.0;7.13;65.85;4.28;
2022-01-02 13:00:00;97.0;25.5;91.0;7.18;63.35;4.28;
2022-01-02 14:00:00;57.0;12.16;55.0;6.92;63.35;3.79;
2022-01-02 15:00:00;11.0;0.0;11.0;6.23;68.2;3.17;
2022-01-02 16:00:00;0.0;0.0;0.0;5.12;73.45;2.69;
2022-01-02 17:00:00;0.0;0.0;0.0;4.19;76.25;2.48;
2022-01-02 18:00:00;0.0;0.0;0.0;3.5;79.15;2.41;
2022-01-02 19:00:00;0.0;0.0;0.0;3.27;79.15;2.34;
2022-01-02 20:00:00;0.0;0.0;0.0;2.81;82.2;2.21;
2022-01-02 21:00:00;0.0;0.0;0.0;2.34;85.35;2.0;
2022-01-02 22:00:00;0.0;0.0;0.0;1.94;88.65;1.86;
2022-01-02 23:00:00;0.0;0.0;0.0;1.9;88.65;1.66;
2022-01-03 00:00:00;0.0;0.0;0.0;2.36;85.35;1.52;
2022-01-03 01:00:00;0.0;0.0;0.0;2.51;88.65;1.38;
2022-01-03 02:00:00;0.0;0.0;0.0;2.56;88.65;1.45;
2022-01-03 03:00:00;0.0;0.0;0.0;2.49;92.15;1.59;
2022-01-03 04:00:00;0.0;0.0;0.0;2.49;92.15;1.66;
2022-01-03 05:00:00;0.0;0.0;0.0;2.31;92.15;1.66;
2022-01-03 06:00:00;0.0;0.0;0.0;2.38;92.15;1.59;
2022-01-03 07:00:00;0.0;0.0;0.0;3.18;92.15;1.79;
2022-01-03 08:00:00;8.0;0.0;8.0;3.1;92.15;1.79;
2022-01-03 09:00:00;63.0;56.22;55.0;3.38;92.15;1.59;
2022-01-03 10:00:00;189.0;554.0;66.0;4.73;88.85;1.31;
2022-01-03 11:00:00;166.0;161.67;123.0;5.53;85.6;1.45;
2022-01-03 12:00:00;85.0;3.69;84.0;6.14;79.4;1.79;
2022-01-03 13:00:00;153.0;202.31;105.0;6.36;76.55;2.0;
2022-01-03 14:00:00;89.0;114.08;70.0;6.28;76.55;1.72;
2022-01-03 15:00:00;26.0;93.94;20.0;5.95;79.4;1.66;
2022-01-03 16:00:00;0.0;0.0;0.0;5.29;82.4;1.79;
2022-01-03 17:00:00;0.0;0.0;0.0;4.65;85.55;2.0;
2022-01-03 18:00:00;0.0;0.0;0.0;4.33;82.35;1.93;
2022-01-03 19:00:00;0.0;0.0;0.0;3.95;88.8;1.79;
2022-01-03 20:00:00;0.0;0.0;0.0;3.26;88.75;2.07;
2022-01-03 21:00:00;0.0;0.0;0.0;2.86;92.15;2.07;
2022-01-03 22:00:00;0.0;0.0;0.0;2.68;95.7;1.86;
2022-01-03 23:00:00;0.0;0.0;0.0;2.54;95.7;1.72;
2022-01-04 00:00:00;0.0;0.0;0.0;2.97;95.7;1.59;
2022-01-04 01:00:00;0.0;0.0;0.0;3.26;92.15;1.66;
2022-01-04 02:00:00;0.0;0.0;0.0;3.34;92.15;1.72;
2022-01-04 03:00:00;0.0;0.0;0.0;3.68;95.7;1.72;
2022-01-04 04:00:00;0.0;0.0;0.0;3.94;92.2;1.79;
2022-01-04 05:00:00;0.0;0.0;0.0;4.08;92.2;1.79;
2022-01-04 06:00:00;0.0;0.0;0.0;4.28;88.85;1.86;
2022-01-04 07:00:00;0.0;0.0;0.0;4.16;88.8;2.21;
2022-01-04 08:00:00;3.0;0.0;3.0;4.0;85.5;2.34;
2022-01-04 09:00:00;65.0;55.86;57.0;3.82;85.5;2.62;
2022-01-04 10:00:00;53.0;0.0;53.0;4.29;79.3;2.62;
2022-01-04 11:00:00;63.0;0.0;63.0;4.51;76.3;3.93;
2022-01-04 12:00:00;84.0;0.0;84.0;4.57;73.45;4.48;
2022-01-04 13:00:00;22.0;0.0;22.0;4.53;70.7;4.55;
2022-01-04 14:00:00;27.0;0.0;27.0;4.45;73.45;3.52;
2022-01-04 15:00:00;6.0;0.0;6.0;4.33;76.3;3.17;
2022-01-04 16:00:00;0.0;0.0;0.0;4.11;79.2;3.1;
2022-01-04 17:00:00;0.0;0.0;0.0;4.09;82.3;3.17;
2022-01-04 18:00:00;0.0;0.0;0.0;4.35;79.3;3.17;
2022-01-04 19:00:00;0.0;0.0;0.0;4.46;82.35;3.38;
2022-01-04 20:00:00;0.0;0.0;0.0;4.87;85.55;3.38;
2022-01-04 21:00:00;0.0;0.0;0.0;5.12;88.85;3.17;
2022-01-04 22:00:00;0.0;0.0;0.0;5.44;88.85;3.03;
2022-01-04 23:00:00;0.0;0.0;0.0;5.73;85.65;3.03;
2022-01-05 00:00:00;0.0;0.0;0.0;5.9;85.65;3.17;
2022-01-05 01:00:00;0.0;0.0;0.0;6.14;85.65;3.24;
2022-01-05 02:00:00;0.0;0.0;0.0;6.28;85.7;3.31;
2022-01-05 03:00:00;0.0;0.0;0.0;6.55;85.7;3.45;
2022-01-05 04:00:00;0.0;0.0;0.0;6.72;88.95;3.59;
2022-01-05 05:00:00;0.0;0.0;0.0;6.77;85.75;3.79;
2022-01-05 06:00:00;0.0;0.0;0.0;6.84;89.0;4.07;
2022-01-05 07:00:00;0.0;0.0;0.0;6.58;85.7;4.28;
2022-01-05 08:00:00;2.0;0.0;2.0;6.46;85.7;4.28;
2022-01-05 09:00:00;32.0;0.0;32.0;6.72;85.7;4.21;
2022-01-05 10:00:00;53.0;0.0;53.0;6.81;79.55;4.34;
2022-01-05 11:00:00;40.0;0.0;40.0;6.96;79.55;4.48;
2022-01-05 12:00:00;39.0;0.0;39.0;6.88;79.55;4.55;
2022-01-05 13:00:00;34.0;0.0;34.0;6.61;82.55;4.34;
2022-01-05 14:00:00;23.0;0.0;23.0;6.46;82.55;4.28;
2022-01-05 15:00:00;7.0;0.0;7.0;6.3;82.55;4.0;
2022-01-05 16:00:00;0.0;0.0;0.0;6.03;85.65;3.79;
2022-01-05 17:00:00;0.0;0.0;0.0;5.81;85.65;3.59;
2022-01-05 18:00:00;0.0;0.0;0.0;5.77;85.65;3.59;
2022-01-05 19:00:00;0.0;0.0;0.0;5.3;82.4;3.72;
2022-01-05 20:00:00;0.0;0.0;0.0;5.08;85.55;3.72;
2022-01-05 21:00:00;0.0;0.0;0.0;4.99;85.55;3.66;
2022-01-05 22:00:00;0.0;0.0;0.0;4.9;85.55;3.59;
2022-01-05 23:00:00;0.0;0.0;0.0;4.87;82.35;3.45;
2022-01-06 00:00:00;0.0;0.0;0.0;4.89;82.35;3.38;
2022-01-06 01:00:00;0.0;0.0;0.0;4.96;82.35;3.31;
2022-01-06 02:00:00;0.0;0.0;0.0;4.97;85.55;3.1;
2022-01-06 03:00:00;0.0;0.0;0.0;5.02;85.55;2.9;
2022-01-06 04:00:00;0.0;0.0;0.0;5.02;85.55;2.62;
2022-01-06 05:00:00;0.0;0.0;0.0;4.89;85.55;2.41;
2022-01-06 06:00:00;0.0;0.0;0.0;4.73;85.55;2.41;
2022-01-06 07:00:00;0.0;0.0;0.0;4.74;85.55;2.21;
2022-01-06 08:00:00;1.0;0.0;1.0;4.69;85.55;1.72;
2022-01-06 09:00:00;23.0;0.0;23.0;4.85;88.85;1.52;
2022-01-06 10:00:00;22.0;0.0;22.0;5.32;88.85;1.52;
2022-01-06 11:00:00;34.0;0.0;34.0;5.99;85.65;1.72;
2022-01-06 12:00:00;39.0;0.0;39.0;6.24;82.55;1.72;
2022-01-06 13:00:00;99.0;20.51;94.0;6.48;82.55;1.72;
2022-01-06 14:00:00;74.0;40.31;67.0;6.43;82.55;1.45;
2022-01-06 15:00:00;6.0;0.0;6.0;6.22;85.65;1.31;
2022-01-06 16:00:00;0.0;0.0;0.0;5.7;88.85;1.52;
2022-01-06 17:00:00;0.0;0.0;0.0;5.31;88.85;1.45;
2022-01-06 18:00:00;0.0;0.0;0.0;5.1;92.25;1.45;
2022-01-06 19:00:00;0.0;0.0;0.0;5.02;92.25;1.45;
2022-01-06 20:00:00;0.0;0.0;0.0;4.65;92.25;1.31;
2022-01-06 21:00:00;0.0;0.0;0.0;3.83;95.75;1.52;
2022-01-06 22:00:00;0.0;0.0;0.0;3.66;95.7;1.45;
2022-01-06 23:00:00;0.0;0.0;0.0;2.99;95.7;1.59;
2022-01-07 00:00:00;0.0;0.0;0.0;2.32;95.7;1.72;
2022-01-07 01:00:00;0.0;0.0;0.0;1.94;95.65;1.93;
2022-01-07 02:00:00;0.0;0.0;0.0;1.5;95.65;2.07;
2022-01-07 03:00:00;0.0;0.0;0.0;1.49;95.65;2.14;
2022-01-07 04:00:00;0.0;0.0;0.0;1.84;95.65;2.21;
2022-01-07 05:00:00;0.0;0.0;0.0;2.03;95.65;2.28;
2022-01-07 06:00:00;0.0;0.0;0.0;2.7;95.7;2.34;
2022-01-07 07:00:00;0.0;0.0;0.0;4.5;92.25;2.21;
2022-01-07 08:00:00;1.0;0.0;1.0;5.41;95.75;2.48;
2022-01-07 09:00:00;18.0;0.0;18.0;6.14;95.75;2.62;
2022-01-07 10:00:00;39.0;0.0;39.0;6.77;92.35;2.76;
2022-01-07 11:00:00;37.0;0.0;37.0;7.15;95.8;3.17;
2022-01-07 12:00:00;122.0;32.25;113.0;7.56;92.35;3.59;
2022-01-07 13:00:00;96.0;20.31;91.0;7.85;89.05;4.34;
2022-01-07 14:00:00;24.0;0.0;24.0;7.93;89.05;4.69;
2022-01-07 15:00:00;4.0;0.0;4.0;7.99;85.85;5.03;
2022-01-07 16:00:00;0.0;0.0;0.0;7.99;85.85;5.17;
2022-01-07 17:00:00;0.0;0.0;0.0;8.05;89.05;5.31;
2022-01-07 18:00:00;0.0;0.0;0.0;8.21;92.4;5.66;
2022-01-07 19:00:00;0.0;0.0;0.0;8.39;89.1;5.79;
2022-01-07 20:00:00;0.0;0.0;0.0;8.79;89.1;6.28;
2022-01-07 21:00:00;0.0;0.0;0.0;9.09;89.1;6.62;
2022-01-07 22:00:00;0.0;0.0;0.0;9.23;89.1;6.69;
2022-01-07 23:00:00;0.0;0.0;0.0;9.29;85.95;6.69;
2022-01-08 00:00:00;0.0;0.0;0.0;8.96;85.95;6.83;
2022-01-08 01:00:00;0.0;0.0;0.0;8.46;82.75;6.48;
2022-01-08 02:00:00;0.0;0.0;0.0;7.65;82.65;6.0;
2022-01-08 03:00:00;0.0;0.0;0.0;7.17;82.6;6.0;
2022-01-08 04:00:00;0.0;0.0;0.0;6.83;79.55;6.14;
2022-01-08 05:00:00;0.0;0.0;0.0;6.74;79.55;6.21;
2022-01-08 06:00:00;0.0;0.0;0.0;6.64;82.55;6.41;
2022-01-08 07:00:00;0.0;0.0;0.0;6.77;79.55;6.83;
2022-01-08 08:00:00;8.0;0.0;8.0;6.82;79.55;7.45;
2022-01-08 09:00:00;82.0;135.1;62.0;6.98;79.55;7.72;
2022-01-08 10:00:00;145.0;187.55;102.0;7.25;76.7;8.41;
2022-01-08 11:00:00;146.0;80.07;124.0;7.49;76.7;8.48;
2022-01-08 12:00:00;70.0;0.0;70.0;7.79;73.95;7.93;
2022-01-08 13:00:00;83.0;4.02;82.0;7.67;76.7;8.97;
2022-01-08 14:00:00;37.0;0.0;37.0;7.53;76.7;8.69;
2022-01-08 15:00:00;16.0;0.0;16.0;7.35;76.7;8.41;
2022-01-08 16:00:00;0.0;0.0;0.0;6.78;76.65;7.38;
2022-01-08 17:00:00;0.0;0.0;0.0;6.48;79.5;7.31;
2022-01-08 18:00:00;0.0;0.0;0.0;6.11;82.5;7.24;
2022-01-08 19:00:00;0.0;0.0;0.0;5.76;79.4;7.1;
2022-01-08 20:00:00;0.0;0.0;0.0;5.7;79.35;6.97;
2022-01-08 21:00:00;0.0;0.0;0.0;5.73;73.65;6.69;
2022-01-08 22:00:00;0.0;0.0;0.0;5.57;73.55;6.41;
2022-01-08 23:00:00;0.0;0.0;0.0;5.7;73.55;6.34;
2022-01-09 00:00:00;0.0;0.0;0.0;5.41;73.55;6.48;
2022-01-09 01:00:00;0.0;0.0;0.0;4.95;79.3;6.55;
2022-01-09 02:00:00;0.0;0.0;0.0;4.94;82.35;6.69;
2022-01-09 03:00:00;0.0;0.0;0.0;5.01;79.3;7.03;
2022-01-09 04:00:00;0.0;0.0;0.0;5.04;79.3;6.62;
2022-01-09 05:00:00;0.0;0.0;0.0;4.86;79.3;6.14;
2022-01-09 06:00:00;0.0;0.0;0.0;4.63;79.3;5.93;
2022-01-09 07:00:00;0.0;0.0;0.0;4.22;79.3;5.17;
2022-01-09 08:00:00;2.0;0.0;2.0;4.09;82.3;5.24;
2022-01-09 09:00:00;57.0;26.75;53.0;4.34;85.55;5.17;
2022-01-09 10:00:00;204.0;601.48;65.0;4.97;85.55;5.45;
2022-01-09 11:00:00;225.0;433.41;105.0;5.55;82.4;4.97;
2022-01-09 12:00:00;274.0;743.56;63.0;6.27;76.55;5.59;
2022-01-09 13:00:00;217.0;553.1;78.0;6.4;73.7;5.31;
2022-01-09 14:00:00;144.0;467.76;59.0;6.33;68.3;5.59;
2022-01-09 15:00:00;49.0;313.59;24.0;5.98;65.65;5.17;
2022-01-09 16:00:00;0.0;0.0;0.0;5.11;68.0;4.83;
2022-01-09 17:00:00;0.0;0.0;0.0;4.48;65.4;4.69;
2022-01-09 18:00:00;0.0;0.0;0.0;4.17;67.9;4.48;
2022-01-09 19:00:00;0.0;0.0;0.0;3.7;70.5;4.21;
2022-01-09 20:00:00;0.0;0.0;0.0;3.59;70.5;4.0;
2022-01-09 21:00:00;0.0;0.0;0.0;3.4;70.5;3.72;
2022-01-09 22:00:00;0.0;0.0;0.0;3.36;70.5;3.52;
2022-01-09 23:00:00;0.0;0.0;0.0;3.14;73.2;3.31;
2022-01-10 00:00:00;0.0;0.0;0.0;3.0;73.2;3.17;
2022-01-10 01:00:00;0.0;0.0;0.0;2.56;79.0;3.03;
2022-01-10 02:00:00;0.0;0.0;0.0;2.37;79.0;3.03;
2022-01-10 03:00:00;0.0;0.0;0.0;1.97;82.05;2.76;
2022-01-10 04:00:00;0.0;0.0;0.0;1.65;85.25;2.41;
2022-01-10 05:00:00;0.0;0.0;0.0;1.01;85.2;2.34;
2022-01-10 06:00:00;0.0;0.0;0.0;1.04;88.55;2.0;
2022-01-10 07:00:00;0.0;0.0;0.0;1.32;92.05;1.66;
2022-01-10 08:00:00;9.0;0.0;9.0;1.61;92.05;1.45;
2022-01-10 09:00:00;49.0;6.61;48.0;2.15;92.1;1.31;
2022-01-10 10:00:00;90.0;17.16;86.0;3.47;85.45;0.97;
2022-01-10 11:00:00;109.0;14.33;105.0;4.17;82.3;0.97;
2022-01-10 12:00:00;87.0;0.0;87.0;4.72;76.3;1.1;
2022-01-10 13:00:00;58.0;0.0;58.0;4.84;76.3;1.17;
2022-01-10 14:00:00;62.0;10.83;60.0;4.88;76.3;1.24;
2022-01-10 15:00:00;39.0;120.9;29.0;4.71;79.3;1.03;
2022-01-10 16:00:00;0.0;0.0;0.0;4.17;85.5;1.52;
2022-01-10 17:00:00;0.0;0.0;0.0;3.79;85.5;1.59;
2022-01-10 18:00:00;0.0;0.0;0.0;3.6;88.75;1.66;
2022-01-10 19:00:00;0.0;0.0;0.0;3.38;88.75;1.45;
2022-01-10 20:00:00;0.0;0.0;0.0;3.3;88.75;1.79;
2022-01-10 21:00:00;0.0;0.0;0.0;3.25;88.75;2.0;
2022-01-10 22:00:00;0.0;0.0;0.0;3.31;92.15;2.14;
2022-01-10 23:00:00;0.0;0.0;0.0;3.36;92.15;2.34;
2022-01-11 00:00:00;0.0;0.0;0.0;3.56;95.7;2.48;
2022-01-11 01:00:00;0.0;0.0;0.0;3.85;92.2;2.55;
2022-01-11 02:00:00;0.0;0.0;0.0;4.14;95.75;2.76;
2022-01-11 03:00:00;0.0;0.0;0.0;4.49;92.25;3.03;
2022-01-11 04:00:00;0.0;0.0;0.0;4.94;95.75;2.83;
2022-01-11 05:00:00;0.0;0.0;0.0;5.56;95.75;2.28;
2022-01-11 06:00:00;0.0;0.0;0.0;6.43;95.8;2.76;
2022-01-11 07:00:00;0.0;0.0;0.0;6.81;95.8;3.24;
2022-01-11 08:00:00;2.0;0.0;2.0;6.96;92.35;3.24;
2022-01-11 09:00:00;44.0;6.54;43.0;6.96;92.35;2.9;
2022-01-11 10:00:00;146.0;178.64;104.0;7.35;92.35;2.83;
2022-01-11 11:00:00;135.0;53.29;120.0;7.89;89.05;3.38;
2022-01-11 12:00:00;191.0;207.68;131.0;8.0;89.05;3.86;
2022-01-11 13:00:00;137.0;89.53;114.0;8.09;89.05;5.1;
2022-01-11 14:00:00;73.0;26.65;68.0;7.97;89.05;4.97;
2022-01-11 15:00:00;10.0;0.0;10.0;7.76;85.85;4.48;
2022-01-11 16:00:00;0.0;0.0;0.0;7.05;92.35;4.0;
2022-01-11 17:00:00;0.0;0.0;0.0;6.84;89.0;3.93;
2022-01-11 18:00:00;0.0;0.0;0.0;6.59;92.3;3.86;
2022-01-11 19:00:00;0.0;0.0;0.0;6.55;88.95;3.72;
2022-01-11 20:00:00;0.0;0.0;0.0;6.52;88.95;3.66;
2022-01-11 21:00:00;0.0;0.0;0.0;6.37;85.7;3.38;
2022-01-11 22:00:00;0.0;0.0;0.0;6.02;88.9;3.17;
2022-01-11 23:00:00;0.0;0.0;0.0;5.97;88.9;3.17;
2022-01-12 00:00:00;0.0;0.0;0.0;5.7;92.25;3.17;
2022-01-12 01:00:00;0.0;0.0;0.0;5.52;95.75;3.17;
2022-01-12 02:00:00;0.0;0.0;0.0;5.26;92.25;3.24;
2022-01-12 03:00:00;0.0;0.0;0.0;5.05;95.75;3.38;
2022-01-12 04:00:00;0.0;0.0;0.0;5.09;95.75;3.79;
2022-01-12 05:00:00;0.0;0.0;0.0;5.0;95.75;4.07;
2022-01-12 06:00:00;0.0;0.0;0.0;5.05;95.75;4.07;
2022-01-12 07:00:00;0.0;0.0;0.0;5.2;92.25;4.28;
2022-01-12 08:00:00;2.0;0.0;2.0;5.43;88.85;4.55;
2022-01-12 09:00:00;59.0;25.83;55.0;5.8;88.9;4.97;
2022-01-12 10:00:00;88.0;12.64;85.0;6.32;88.95;5.38;
2022-01-12 11:00:00;71.0;0.0;71.0;6.83;89.0;5.79;
2022-01-12 12:00:00;100.0;6.86;98.0;7.21;92.35;6.0;
2022-01-12 13:00:00;84.0;3.85;83.0;7.54;92.35;6.07;
2022-01-12 14:00:00;134.0;319.85;73.0;8.05;89.05;6.69;
2022-01-12 15:00:00;56.0;337.2;26.0;8.08;89.05;7.03;
2022-01-12 16:00:00;0.0;0.0;0.0;7.78;85.85;6.69;
2022-01-12 17:00:00;0.0;0.0;0.0;7.42;85.8;5.86;
2022-01-12 18:00:00;0.0;0.0;0.0;7.28;85.8;5.59;
2022-01-12 19:00:00;0.0;0.0;0.0;7.39;89.0;5.45;
2022-01-12 20:00:00;0.0;0.0;0.0;7.36;89.0;5.31;
2022-01-12 21:00:00;0.0;0.0;0.0;7.46;89.0;5.03;
2022-01-12 22:00:00;0.0;0.0;0.0;7.59;89.0;4.9;
2022-01-12 23:00:00;0.0;0.0;0.0;7.65;89.0;4.9;
2022-01-13 00:00:00;0.0;0.0;0.0;7.71;92.35;5.03;
2022-01-13 01:00:00;0.0;0.0;0.0;7.84;92.4;5.31;
2022-01-13 02:00:00;0.0;0.0;0.0;8.24;95.8;5.31;
2022-01-13 03:00:00;0.0;0.0;0.0;8.65;92.4;5.72;
2022-01-13 04:00:00;0.0;0.0;0.0;8.88;92.45;5.93;
2022-01-13 05:00:00;0.0;0.0;0.0;8.86;89.1;6.14;
2022-01-13 06:00:00;0.0;0.0;0.0;8.83;89.1;6.69;
2022-01-13 07:00:00;0.0;0.0;0.0;8.81;85.95;6.14;
2022-01-13 08:00:00;9.0;0.0;9.0;8.73;89.1;6.41;
2022-01-13 09:00:00;50.0;6.38;49.0;8.8;85.95;6.21;
2022-01-13 10:00:00;40.0;0.0;40.0;9.1;85.95;6.48;
2022-01-13 11:00:00;68.0;0.0;68.0;9.19;85.95;6.76;
2022-01-13 12:00:00;23.0;0.0;23.0;9.26;85.95;6.83;
2022-01-13 13:00:00;100.0;15.21;96.0;9.24;85.95;6.97;
2022-01-13 14:00:00;68.0;10.31;66.0;9.42;82.9;7.38;
2022-01-13 15:00:00;15.0;0.0;15.0;9.56;82.9;7.45;
2022-01-13 16:00:00;0.0;0.0;0.0;9.67;82.9;7.79;
2022-01-13 17:00:00;0.0;0.0;0.0;9.66;82.9;8.0;
2022-01-13 18:00:00;0.0;0.0;0.0;9.3;79.9;8.07;
2022-01-13 19:00:00;0.0;0.0;0.0;8.61;85.9;6.97;
2022-01-13 20:00:00;0.0;0.0;0.0;7.99;85.85;6.76;
2022-01-13 21:00:00;0.0;0.0;0.0;7.57;85.8;6.34;
2022-01-13 22:00:00;0.0;0.0;0.0;7.43;82.65;6.14;
2022-01-13 23:00:00;0.0;0.0;0.0;7.36;79.65;6.07;
2022-01-14 00:00:00;0.0;0.0;0.0;6.95;79.55;5.93;
2022-01-14 01:00:00;0.0;0.0;0.0;6.72;85.7;5.79;
2022-01-14 02:00:00;0.0;0.0;0.0;6.6;82.55;5.59;
2022-01-14 03:00:00;0.0;0.0;0.0;6.56;82.55;5.24;
2022-01-14 04:00:00;0.0;0.0;0.0;6.49;82.55;5.38;
2022-01-14 05:00:00;0.0;0.0;0.0;6.5;82.55;5.52;
2022-01-14 06:00:00;0.0;0.0;0.0;6.46;82.55;5.79;
2022-01-14 07:00:00;0.0;0.0;0.0;6.17;85.65;5.79;
2022-01-14 08:00:00;14.0;43.72;12.0;6.08;85.65;5.59;
2022-01-14 09:00:00;71.0;56.62;62.0;6.08;85.65;4.9;
2022-01-14 10:00:00;183.0;355.34;97.0;6.52;82.55;4.76;
2022-01-14 11:00:00;265.0;660.31;74.0;6.96;82.6;4.07;
2022-01-14 12:00:00;267.0;608.49;86.0;7.26;76.7;4.41;
2022-01-14 13:00:00;237.0;623.91;71.0;7.39;73.9;4.55;
2022-01-14 14:00:00;141.0;329.6;76.0;6.8;79.55;4.34;
2022-01-14 15:00:00;52.0;188.31;34.0;6.18;82.5;4.0;
2022-01-14 16:00:00;0.0;0.0;0.0;5.69;85.6;3.72;
2022-01-14 17:00:00;0.0;0.0;0.0;5.09;88.85;2.97;
2022-01-14 18:00:00;0.0;0.0;0.0;4.51;88.85;2.48;
2022-01-14 19:00:00;0.0;0.0;0.0;3.73;85.5;2.34;
2022-01-14 20:00:00;0.0;0.0;0.0;3.42;88.75;2.14;
2022-01-14 21:00:00;0.0;0.0;0.0;2.99;88.7;2.07;
2022-01-14 22:00:00;0.0;0.0;0.0;2.92;88.7;1.93;
2022-01-14 23:00:00;0.0;0.0;0.0;2.63;92.15;2.14;
2022-01-15 00:00:00;0.0;0.0;0.0;2.64;92.15;2.41;
2022-01-15 01:00:00;0.0;0.0;0.0;2.98;92.15;2.83;
2022-01-15 02:00:00;0.0;0.0;0.0;3.08;95.7;3.17;
2022-01-15 03:00:00;0.0;0.0;0.0;3.56;95.7;3.45;
2022-01-15 04:00:00;0.0;0.0;0.0;4.08;95.75;3.72;
2022-01-15 05:00:00;0.0;0.0;0.0;4.22;92.25;3.79;
2022-01-15 06:00:00;0.0;0.0;0.0;4.29;92.25;3.72;
2022-01-15 07:00:00;0.0;0.0;0.0;3.74;92.2;3.66;
2022-01-15 08:00:00;22.0;146.77;15.0;3.58;92.15;3.86;
2022-01-15 09:00:00;92.0;148.88;68.0;4.07;92.2;4.21;
2022-01-15 10:00:00;96.0;16.36;92.0;5.06;92.25;4.0;
2022-01-15 11:00:00;51.0;0.0;51.0;6.02;85.65;4.34;
2022-01-15 12:00:00;59.0;0.0;59.0;6.98;82.6;4.83;
2022-01-15 13:00:00;55.0;0.0;55.0;7.65;82.65;5.45;
2022-01-15 14:00:00;51.0;0.0;51.0;7.72;85.8;4.62;
2022-01-15 15:00:00;35.0;30.29;32.0;7.72;85.8;4.28;
2022-01-15 16:00:00;0.0;0.0;0.0;7.57;85.8;4.21;
2022-01-15 17:00:00;0.0;0.0;0.0;7.44;85.8;4.28;
2022-01-15 18:00:00;0.0;0.0;0.0;7.41;85.8;4.34;
2022-01-15 19:00:00;0.0;0.0;0.0;6.79;85.75;4.28;
2022-01-15 20:00:00;0.0;0.0;0.0;6.81;85.75;4.55;
2022-01-15 21:00:00;0.0;0.0;0.0;6.98;85.75;4.76;
2022-01-15 22:00:00;0.0;0.0;0.0;6.98;85.75;4.9;
2022-01-15 23:00:00;0.0;0.0;0.0;6.93;85.75;5.1;
2022-01-16 00:00:00;0.0;0.0;0.0;6.76;85.75;5.17;
2022-01-16 01:00:00;0.0;0.0;0.0;6.78;85.75;5.1;
2022-01-16 02:00:00;0.0;0.0;0.0;6.75;85.75;4.9;
2022-01-16 03:00:00;0.0;0.0;0.0;6.67;85.7;4.83;
2022-01-16 04:00:00;0.0;0.0;0.0;6.6;82.55;4.9;
2022-01-16 05:00:00;0.0;0.0;0.0;6.51;82.55;5.1;
2022-01-16 06:00:00;0.0;0.0;0.0;6.23;82.5;5.1;
2022-01-16 07:00:00;0.0;0.0;0.0;5.96;79.4;5.24;
2022-01-16 08:00:00;8.0;0.0;8.0;5.59;79.35;5.1;
2022-01-16 09:00:00;67.0;36.68;61.0;5.37;79.35;5.17;
2022-01-16 10:00:00;142.0;125.4;111.0;5.27;79.35;4.97;
2022-01-16 11:00:00;200.0;230.49;132.0;5.27;82.4;4.83;
2022-01-16 12:00:00;131.0;26.34;123.0;5.66;82.4;5.1;
2022-01-16 13:00:00;122.0;36.67;112.0;5.88;79.4;5.31;
2022-01-16 14:00:00;111.0;117.6;87.0;5.97;82.5;4.9;
2022-01-16 15:00:00;35.0;29.25;32.0;5.81;82.5;4.97;
2022-01-16 16:00:00;0.0;0.0;0.0;5.57;85.6;5.17;
2022-01-16 17:00:00;0.0;0.0;0.0;5.49;85.6;5.38;
2022-01-16 18:00:00;0.0;0.0;0.0;5.7;88.85;5.66;
2022-01-16 19:00:00;0.0;0.0;0.0;5.31;88.85;5.86;
2022-01-16 20:00:00;0.0;0.0;0.0;5.49;88.85;6.14;
2022-01-16 21:00:00;0.0;0.0;0.0;5.83;88.9;6.34;
2022-01-16 22:00:00;0.0;0.0;0.0;6.26;88.95;5.59;
2022-01-16 23:00:00;0.0;0.0;0.0;6.43;92.3;4.07;
2022-01-17 00:00:00;0.0;0.0;0.0;6.11;92.3;3.79;
2022-01-17 01:00:00;0.0;0.0;0.0;5.61;88.85;3.59;
2022-01-17 02:00:00;0.0;0.0;0.0;5.0;92.25;3.24;
2022-01-17 03:00:00;0.0;0.0;0.0;4.39;92.25;3.1;
2022-01-17 04:00:00;0.0;0.0;0.0;3.65;95.7;3.31;
2022-01-17 05:00:00;0.0;0.0;0.0;3.29;92.15;3.52;
2022-01-17 06:00:00;0.0;0.0;0.0;3.22;92.15;3.52;
2022-01-17 07:00:00;0.0;0.0;0.0;4.24;88.85;4.0;
2022-01-17 08:00:00;2.0;0.0;2.0;4.56;92.25;4.07;
2022-01-17 09:00:00;92.0;132.5;70.0;4.62;92.25;4.48;
2022-01-17 10:00:00;95.0;12.0;92.0;4.35;88.85;5.45;
2022-01-17 11:00:00;89.0;0.0;89.0;4.15;88.8;5.93;
2022-01-17 12:00:00;42.0;0.0;42.0;3.81;79.2;5.86;
2022-01-17 13:00:00;22.0;0.0;22.0;4.34;76.3;6.07;
2022-01-17 14:00:00;79.0;19.26;75.0;4.24;70.7;6.83;
2022-01-17 15:00:00;48.0;84.77;39.0;4.01;70.6;6.97;
2022-01-17 16:00:00;0.0;0.0;0.0;3.38;70.5;6.07;
2022-01-17 17:00:00;0.0;0.0;0.0;3.33;73.3;5.17;
2022-01-17 18:00:00;0.0;0.0;0.0;3.42;73.3;4.55;
2022-01-17 19:00:00;0.0;0.0;0.0;3.9;65.3;4.62;
2022-01-17 20:00:00;0.0;0.0;0.0;3.65;70.5;4.48;
2022-01-17 21:00:00;0.0;0.0;0.0;3.1;79.1;4.0;
2022-01-17 22:00:00;0.0;0.0;0.0;3.05;79.1;3.79;
2022-01-17 23:00:00;0.0;0.0;0.0;2.89;79.1;3.1;
2022-01-18 00:00:00;0.0;0.0;0.0;2.71;79.1;2.34;
2022-01-18 01:00:00;0.0;0.0;0.0;2.11;82.05;2.14;
2022-01-18 02:00:00;0.0;0.0;0.0;1.18;85.25;2.0;
2022-01-18 03:00:00;0.0;0.0;0.0;0.1;92.0;2.07;
2022-01-18 04:00:00;0.0;0.0;0.0;-0.75;88.45;2.21;
2022-01-18 05:00:00;0.0;0.0;0.0;-1.35;95.6;2.28;
2022-01-18 06:00:00;0.0;0.0;0.0;-1.61;91.9;2.28;
2022-01-18 07:00:00;0.0;0.0;0.0;-1.67;95.6;1.66;
2022-01-18 08:00:00;8.0;0.0;8.0;-2.18;95.55;1.79;
2022-01-18 09:00:00;97.0;148.26;72.0;-1.01;95.6;1.38;
2022-01-18 10:00:00;137.0;90.96;114.0;1.67;95.65;1.24;
2022-01-18 11:00:00;197.0;179.27;143.0;3.46;88.75;1.59;
2022-01-18 12:00:00;179.0;106.33;146.0;4.2;85.5;2.14;
2022-01-18 13:00:00;152.0;85.81;128.0;4.51;79.3;2.48;
2022-01-18 14:00:00;104.0;66.25;90.0;4.44;76.3;2.48;
2022-01-18 15:00:00;29.0;0.0;29.0;4.08;82.3;2.07;
2022-01-18 16:00:00;0.0;0.0;0.0;2.98;85.4;2.21;
2022-01-18 17:00:00;0.0;0.0;0.0;1.82;88.65;2.48;
2022-01-18 18:00:00;0.0;0.0;0.0;1.15;92.05;2.55;
2022-01-18 19:00:00;0.0;0.0;0.0;1.06;92.05;2.48;
2022-01-18 20:00:00;0.0;0.0;0.0;0.82;88.55;2.48;
2022-01-18 21:00:00;0.0;0.0;0.0;0.35;88.5;2.62;
2022-01-18 22:00:00;0.0;0.0;0.0;-0.14;88.45;2.76;
2022-01-18 23:00:00;0.0;0.0;0.0;-0.42;91.95;2.83;
2022-01-19 00:00:00;0.0;0.0;0.0;-0.57;88.45;2.76;
2022-01-19 01:00:00;0.0;0.0;0.0;-0.79;85.05;2.69;
2022-01-19 02:00:00;0.0;0.0;0.0;-1.11;88.4;2.69;
2022-01-19 03:00:00;0.0;0.0;0.0;-1.25;85.0;2.69;
2022-01-19 04:00:00;0.0;0.0;0.0;-1.48;84.95;2.83;
2022-01-19 05:00:00;0.0;0.0;0.0;-1.64;84.95;2.9;
2022-01-19 06:00:00;0.0;0.0;0.0;-1.79;81.65;2.97;
2022-01-19 07:00:00;0.0;0.0;0.0;-1.74;84.95;3.1;
2022-01-19 08:00:00;32.0;264.84;17.0;-1.56;88.35;3.17;
2022-01-19 09:00:00;147.0;589.5;46.0;-0.84;88.4;3.1;
2022-01-19 10:00:00;245.0;730.85;58.0;0.4;81.9;3.38;
2022-01-19 11:00:00;292.0;715.98;74.0;1.64;78.9;3.72;
2022-01-19 12:00:00;297.0;688.22;81.0;2.69;76.0;3.72;
2022-01-19 13:00:00;276.0;758.77;61.0;3.36;70.5;3.59;
2022-01-19 14:00:00;192.0;637.03;55.0;3.69;70.5;3.52;
2022-01-19 15:00:00;83.0;440.05;33.0;3.25;73.3;3.24;
2022-01-19 16:00:00;0.0;0.0;0.0;2.11;78.95;3.31;
2022-01-19 17:00:00;0.0;0.0;0.0;1.01;78.8;3.45;
2022-01-19 18:00:00;0.0;0.0;0.0;0.32;78.75;3.31;
2022-01-19 19:00:00;0.0;0.0;0.0;-0.65;81.75;2.97;
2022-01-19 20:00:00;0.0;0.0;0.0;-1.06;81.7;2.83;
2022-01-19 21:00:00;0.0;0.0;0.0;-1.31;81.7;2.76;
2022-01-19 22:00:00;0.0;0.0;0.0;-1.47;84.95;2.76;
2022-01-19 23:00:00;0.0;0.0;0.0;-1.7;84.95;2.69;
2022-01-20 00:00:00;0.0;0.0;0.0;-1.82;84.95;2.69;
2022-01-20 01:00:00;0.0;0.0;0.0;-1.86;84.85;2.62;
2022-01-20 02:00:00;0.0;0.0;0.0;-2.15;84.85;2.62;
2022-01-20 03:00:00;0.0;0.0;0.0;-2.29;84.85;2.55;
2022-01-20 04:00:00;0.0;0.0;0.0;-2.43;88.25;2.55;
2022-01-20 05:00:00;0.0;0.0;0.0;-2.74;84.85;2.48;
2022-01-20 06:00:00;0.0;0.0;0.0;-3.02;88.25;2.41;
2022-01-20 07:00:00;0.0;0.0;0.0;-3.55;88.2;2.41;
2022-01-20 08:00:00;35.0;321.16;16.0;-3.73;88.2;2.48;
2022-01-20 09:00:00;148.0;574.22;48.0;-2.95;88.25;2.34;
2022-01-20 10:00:00;244.0;702.78;62.0;-1.44;81.65;2.62;
2022-01-20 11:00:00;301.0;750.38;70.0;-0.15;72.65;2.41;
2022-01-20 12:00:00;301.0;680.45;85.0;0.88;70.05;2.21;
2022-01-20 13:00:00;280.0;759.33;62.0;1.44;67.4;2.34;
2022-01-20 14:00:00;199.0;667.0;53.0;1.57;67.4;2.48;
2022-01-20 15:00:00;87.0;451.18;34.0;0.98;72.85;2.14;
2022-01-20 16:00:00;0.0;0.0;0.0;-0.34;78.6;2.48;
2022-01-20 17:00:00;0.0;0.0;0.0;-1.48;81.65;2.48;
2022-01-20 18:00:00;0.0;0.0;0.0;-2.19;84.85;2.41;
2022-01-20 19:00:00;0.0;0.0;0.0;-2.55;84.85;2.14;
2022-01-20 20:00:00;0.0;0.0;0.0;-3.11;84.8;2.07;
2022-01-20 21:00:00;0.0;0.0;0.0;-3.69;88.2;1.93;
2022-01-20 22:00:00;0.0;0.0;0.0;-4.19;88.15;1.79;
2022-01-20 23:00:00;0.0;0.0;0.0;-4.06;88.15;1.59;
2022-01-21 00:00:00;0.0;0.0;0.0;-3.62;88.2;1.31;
2022-01-21 01:00:00;0.0;0.0;0.0;-3.32;84.8;1.17;
2022-01-21 02:00:00;0.0;0.0;0.0;-3.6;88.2;1.24;
2022-01-21 03:00:00;0.0;0.0;0.0;-3.44;91.8;1.17;
2022-01-21 04:00:00;0.0;0.0;0.0;-2.46;91.85;0.48;
2022-01-21 05:00:00;0.0;0.0;0.0;-2.57;91.85;0.21;
2022-01-21 06:00:00;0.0;0.0;0.0;-2.64;91.85;0.55;
2022-01-21 07:00:00;0.0;0.0;0.0;-2.97;99.4;0.76;
2022-01-21 08:00:00;37.0;323.63;17.0;-4.07;95.5;1.1;
2022-01-21 09:00:00;146.0;530.84;52.0;-3.79;95.5;0.97;
2022-01-21 10:00:00;241.0;652.22;70.0;-1.17;85.0;0.83;
2022-01-21 11:00:00;288.0;632.81;91.0;0.6;75.7;1.1;
2022-01-21 12:00:00;284.0;541.86;110.0;1.79;67.5;1.52;
2022-01-21 13:00:00;263.0;604.96;87.0;2.41;65.0;1.79;
2022-01-21 14:00:00;191.0;561.03;66.0;2.43;65.0;1.79;
2022-01-21 15:00:00;84.0;354.23;41.0;1.58;72.95;1.79;
2022-01-21 16:00:00;0.0;0.0;0.0;0.06;78.65;2.28;
2022-01-21 17:00:00;0.0;0.0;0.0;-1.35;84.95;2.34;
2022-01-21 18:00:00;0.0;0.0;0.0;-2.21;84.85;2.34;
2022-01-21 19:00:00;0.0;0.0;0.0;-2.29;84.85;2.41;
2022-01-21 20:00:00;0.0;0.0;0.0;-2.49;88.25;2.55;
2022-01-21 21:00:00;0.0;0.0;0.0;-2.56;84.85;2.69;
2022-01-21 22:00:00;0.0;0.0;0.0;-2.54;84.85;2.9;
2022-01-21 23:00:00;0.0;0.0;0.0;-2.38;88.25;3.17;
2022-01-22 00:00:00;0.0;0.0;0.0;-2.25;84.85;3.52;
2022-01-22 01:00:00;0.0;0.0;0.0;-2.17;81.55;3.86;
2022-01-22 02:00:00;0.0;0.0;0.0;-2.11;81.55;4.14;
2022-01-22 03:00:00;0.0;0.0;0.0;-1.95;81.55;4.48;
2022-01-22 04:00:00;0.0;0.0;0.0;-1.72;78.45;4.83;
2022-01-22 05:00:00;0.0;0.0;0.0;-1.33;78.45;5.03;
2022-01-22 06:00:00;0.0;0.0;0.0;-0.99;75.45;5.24;
2022-01-22 07:00:00;0.0;0.0;0.0;-1.16;75.45;5.66;
2022-01-22 08:00:00;7.0;0.0;7.0;-1.04;81.7;5.93;
2022-01-22 09:00:00;61.0;11.1;59.0;-0.72;81.75;5.93;
2022-01-22 10:00:00;123.0;41.43;112.0;-0.6;88.45;4.55;
2022-01-22 11:00:00;70.0;0.0;70.0;-0.3;85.1;4.55;
2022-01-22 12:00:00;82.0;0.0;82.0;-0.04;88.45;4.34;
2022-01-22 13:00:00;53.0;0.0;53.0;0.43;88.5;4.0;
2022-01-22 14:00:00;81.0;8.82;79.0;0.78;88.55;3.52;
2022-01-22 15:00:00;33.0;0.0;33.0;0.96;92.05;3.38;
2022-01-22 16:00:00;0.0;0.0;0.0;0.38;92.0;3.03;
2022-01-22 17:00:00;0.0;0.0;0.0;-0.34;95.6;2.97;
2022-01-22 18:00:00;0.0;0.0;0.0;-0.61;95.6;2.83;
2022-01-22 19:00:00;0.0;0.0;0.0;-0.84;99.4;3.38;
2022-01-22 20:00:00;0.0;0.0;0.0;-0.72;95.6;3.31;
2022-01-22 21:00:00;0.0;0.0;0.0;-0.55;95.6;3.1;
2022-01-22 22:00:00;0.0;0.0;0.0;-0.41;99.4;2.97;
2022-01-22 23:00:00;0.0;0.0;0.0;-0.3;95.6;2.83;
2022-01-23 00:00:00;0.0;0.0;0.0;-0.28;95.6;2.69;
2022-01-23 01:00:00;0.0;0.0;0.0;-0.6;95.6;2.76;
2022-01-23 02:00:00;0.0;0.0;0.0;-0.82;91.95;2.9;
2022-01-23 03:00:00;0.0;0.0;0.0;-1.01;95.6;2.97;
2022-01-23 04:00:00;0.0;0.0;0.0;-1.24;91.95;3.1;
2022-01-23 05:00:00;0.0;0.0;0.0;-1.24;91.95;2.97;
2022-01-23 06:00:00;0.0;0.0;0.0;-1.43;95.6;2.9;
2022-01-23 07:00:00;0.0;0.0;0.0;-1.39;95.6;2.83;
2022-01-23 08:00:00;12.0;0.0;12.0;-1.54;91.9;2.9;
2022-01-23 09:00:00;13.0;0.0;13.0;-1.18;88.4;2.69;
2022-01-23 10:00:00;132.0;55.78;117.0;-0.68;85.05;2.76;
2022-01-23 11:00:00;131.0;18.84;125.0;0.22;81.9;3.03;
2022-01-23 12:00:00;172.0;66.92;150.0;0.98;78.8;3.31;
2022-01-23 13:00:00;159.0;76.96;136.0;1.35;75.85;3.52;
2022-01-23 14:00:00;110.0;56.31;97.0;1.32;75.85;3.38;
2022-01-23 15:00:00;59.0;77.25;49.0;0.84;78.8;2.76;
2022-01-23 16:00:00;0.0;0.0;0.0;-0.18;85.1;2.69;
2022-01-23 17:00:00;0.0;0.0;0.0;-1.23;88.4;2.69;
2022-01-23 18:00:00;0.0;0.0;0.0;-1.74;88.35;2.69;
2022-01-23 19:00:00;0.0;0.0;0.0;-0.79;85.05;2.28;
2022-01-23 20:00:00;0.0;0.0;0.0;-0.7;81.75;2.0;
2022-01-23 21:00:00;0.0;0.0;0.0;-0.7;81.75;1.66;
2022-01-23 22:00:00;0.0;0.0;0.0;-0.69;81.75;1.52;
2022-01-23 23:00:00;0.0;0.0;0.0;-0.83;81.75;1.45;
2022-01-24 00:00:00;0.0;0.0;0.0;-0.96;85.0;1.17;
2022-01-24 01:00:00;0.0;0.0;0.0;-1.23;85.0;0.83;
2022-01-24 02:00:00;0.0;0.0;0.0;-1.44;88.35;0.97;
2022-01-24 03:00:00;0.0;0.0;0.0;-1.37;88.35;1.1;
2022-01-24 04:00:00;0.0;0.0;0.0;-1.55;88.35;1.17;
2022-01-24 05:00:00;0.0;0.0;0.0;-1.78;88.35;1.1;
2022-01-24 06:00:00;0.0;0.0;0.0;-2.38;95.55;1.17;
2022-01-24 07:00:00;0.0;0.0;0.0;-2.08;95.55;1.1;
2022-01-24 08:00:00;27.0;56.83;23.0;-1.77;91.9;1.17;
2022-01-24 09:00:00;35.0;0.0;35.0;-0.55;88.45;1.24;
2022-01-24 10:00:00;65.0;0.0;65.0;0.29;81.9;1.52;
2022-01-24 11:00:00;67.0;0.0;67.0;1.04;81.95;1.79;
2022-01-24 12:00:00;88.0;0.0;88.0;1.83;78.95;2.07;
2022-01-24 13:00:00;51.0;0.0;51.0;2.22;79.0;2.21;
2022-01-24 14:00:00;97.0;25.53;91.0;2.55;79.0;2.34;
2022-01-24 15:00:00;23.0;0.0;23.0;2.51;82.15;2.14;
2022-01-24 16:00:00;0.0;0.0;0.0;1.92;85.3;1.86;
2022-01-24 17:00:00;0.0;0.0;0.0;1.03;92.05;2.0;
2022-01-24 18:00:00;0.0;0.0;0.0;0.49;95.65;2.0;
2022-01-24 19:00:00;0.0;0.0;0.0;0.02;95.6;2.0;
2022-01-24 20:00:00;0.0;0.0;0.0;-0.47;95.6;2.07;
2022-01-24 21:00:00;0.0;0.0;0.0;-0.54;95.6;1.93;
2022-01-24 22:00:00;0.0;0.0;0.0;-0.99;95.6;2.07;
2022-01-24 23:00:00;0.0;0.0;0.0;-1.03;95.6;2.0;
2022-01-25 00:00:00;0.0;0.0;0.0;-1.28;95.6;1.79;
2022-01-25 01:00:00;0.0;0.0;0.0;-1.22;95.6;1.59;
2022-01-25 02:00:00;0.0;0.0;0.0;-1.42;99.4;1.38;
2022-01-25 03:00:00;0.0;0.0;0.0;-1.67;95.6;1.38;
2022-01-25 04:00:00;0.0;0.0;0.0;-1.82;95.6;1.52;
2022-01-25 05:00:00;0.0;0.0;0.0;-1.84;99.4;1.59;
2022-01-25 06:00:00;0.0;0.0;0.0;-1.76;95.6;1.66;
2022-01-25 07:00:00;0.0;0.0;0.0;-1.67;95.6;2.28;
2022-01-25 08:00:00;16.0;0.0;16.0;-1.19;95.6;2.34;
2022-01-25 09:00:00;18.0;0.0;18.0;-0.37;99.4;2.41;
2022-01-25 10:00:00;119.0;28.98;111.0;0.71;92.05;3.38;
2022-01-25 11:00:00;109.0;3.07;108.0;1.68;95.65;4.0;
2022-01-25 12:00:00;83.0;0.0;83.0;1.85;92.1;3.86;
2022-01-25 13:00:00;67.0;0.0;67.0;1.89;92.1;4.07;
2022-01-25 14:00:00;54.0;0.0;54.0;2.13;92.1;4.28;
2022-01-25 15:00:00;14.0;0.0;14.0;2.4;92.15;4.41;
2022-01-25 16:00:00;0.0;0.0;0.0;2.82;92.15;4.41;
2022-01-25 17:00:00;0.0;0.0;0.0;3.33;95.7;4.21;
2022-01-25 18:00:00;0.0;0.0;0.0;4.06;95.75;4.0;
2022-01-25 19:00:00;0.0;0.0;0.0;4.76;95.75;4.21;
2022-01-25 20:00:00;0.0;0.0;0.0;5.65;95.75;4.07;
2022-01-25 21:00:00;0.0;0.0;0.0;6.37;95.8;4.07;
2022-01-25 22:00:00;0.0;0.0;0.0;6.86;95.8;4.14;
2022-01-25 23:00:00;0.0;0.0;0.0;6.96;95.8;4.21;
2022-01-26 00:00:00;0.0;0.0;0.0;6.94;95.8;4.07;
2022-01-26 01:00:00;0.0;0.0;0.0;6.76;92.35;3.93;
2022-01-26 02:00:00;0.0;0.0;0.0;6.59;95.8;3.93;
2022-01-26 03:00:00;0.0;0.0;0.0;6.33;95.8;4.14;
2022-01-26 04:00:00;0.0;0.0;0.0;6.16;95.75;4.28;
2022-01-26 05:00:00;0.0;0.0;0.0;5.79;95.75;4.14;
2022-01-26 06:00:00;0.0;0.0;0.0;5.27;95.75;4.07;
2022-01-26 07:00:00;0.0;0.0;0.0;5.4;95.75;4.48;
2022-01-26 08:00:00;13.0;0.0;13.0;5.66;99.4;4.48;
2022-01-26 09:00:00;53.0;0.0;53.0;5.92;95.75;4.41;
2022-01-26 10:00:00;45.0;0.0;45.0;6.4;95.8;4.48;
2022-01-26 11:00:00;162.0;51.49;145.0;7.06;92.35;4.69;
2022-01-26 12:00:00;111.0;2.93;110.0;7.63;92.35;4.48;
2022-01-26 13:00:00;25.0;0.0;25.0;8.01;89.05;4.55;
2022-01-26 14:00:00;117.0;61.59;102.0;8.03;85.85;4.55;
2022-01-26 15:00:00;70.0;105.6;55.0;7.97;85.85;4.55;
2022-01-26 16:00:00;0.0;0.0;0.0;7.71;89.0;4.48;
2022-01-26 17:00:00;0.0;0.0;0.0;7.54;92.35;4.9;
2022-01-26 18:00:00;0.0;0.0;0.0;7.54;92.35;6.21;
2022-01-26 19:00:00;0.0;0.0;0.0;7.59;85.8;6.21;
2022-01-26 20:00:00;0.0;0.0;0.0;7.54;85.8;6.34;
2022-01-26 21:00:00;0.0;0.0;0.0;7.61;85.8;6.48;
2022-01-26 22:00:00;0.0;0.0;0.0;7.68;85.8;6.83;
2022-01-26 23:00:00;0.0;0.0;0.0;7.55;89.0;7.03;
2022-01-27 00:00:00;0.0;0.0;0.0;7.53;89.0;6.97;
2022-01-27 01:00:00;0.0;0.0;0.0;7.23;92.35;6.69;
2022-01-27 02:00:00;0.0;0.0;0.0;7.07;89.0;6.55;
2022-01-27 03:00:00;0.0;0.0;0.0;6.95;89.0;6.34;
2022-01-27 04:00:00;0.0;0.0;0.0;6.72;88.95;6.07;
2022-01-27 05:00:00;0.0;0.0;0.0;6.41;88.95;6.0;
2022-01-27 06:00:00;0.0;0.0;0.0;6.24;88.95;5.93;
2022-01-27 07:00:00;0.0;0.0;0.0;6.09;92.3;5.45;
2022-01-27 08:00:00;41.0;162.6;28.0;6.01;92.3;5.1;
2022-01-27 09:00:00;20.0;0.0;20.0;6.02;92.3;4.69;
2022-01-27 10:00:00;73.0;0.0;73.0;6.07;95.75;3.86;
2022-01-27 11:00:00;157.0;41.89;143.0;5.87;92.3;5.38;
2022-01-27 12:00:00;106.0;0.0;106.0;4.97;92.25;6.76;
2022-01-27 13:00:00;157.0;57.02;139.0;4.6;92.25;6.21;
2022-01-27 14:00:00;95.0;16.14;91.0;4.35;85.55;6.0;
2022-01-27 15:00:00;18.0;0.0;18.0;4.41;79.3;5.66;
2022-01-27 16:00:00;0.0;0.0;0.0;4.18;79.2;5.31;
2022-01-27 17:00:00;0.0;0.0;0.0;3.75;79.2;5.03;
2022-01-27 18:00:00;0.0;0.0;0.0;3.41;82.25;5.45;
2022-01-27 19:00:00;0.0;0.0;0.0;3.53;85.45;5.79;
2022-01-27 20:00:00;0.0;0.0;0.0;3.77;82.3;6.48;
2022-01-27 21:00:00;0.0;0.0;0.0;4.0;82.3;7.66;
2022-01-27 22:00:00;0.0;0.0;0.0;3.6;85.45;8.62;
2022-01-27 23:00:00;0.0;0.0;0.0;3.38;85.45;9.03;
2022-01-28 00:00:00;0.0;0.0;0.0;3.43;85.45;9.38;
2022-01-28 01:00:00;0.0;0.0;0.0;3.46;85.45;9.79;
2022-01-28 02:00:00;0.0;0.0;0.0;3.39;88.75;9.72;
2022-01-28 03:00:00;0.0;0.0;0.0;3.52;88.75;9.24;
2022-01-28 04:00:00;0.0;0.0;0.0;3.7;88.75;8.69;
2022-01-28 05:00:00;0.0;0.0;0.0;3.72;85.5;8.14;
2022-01-28 06:00:00;0.0;0.0;0.0;3.67;85.45;7.45;
2022-01-28 07:00:00;0.0;0.0;0.0;3.77;82.3;7.03;
2022-01-28 08:00:00;27.0;24.0;25.0;3.67;88.75;6.97;
2022-01-28 09:00:00;165.0;528.41;59.0;3.81;85.5;6.62;
2022-01-28 10:00:00;23.0;0.0;23.0;4.32;82.35;5.93;
2022-01-28 11:00:00;58.0;0.0;58.0;5.03;88.85;5.1;
2022-01-28 12:00:00;279.0;389.22;143.0;5.28;85.6;5.93;
2022-01-28 13:00:00;35.0;0.0;35.0;4.96;88.85;5.93;
2022-01-28 14:00:00;224.0;630.15;65.0;4.92;88.85;6.07;
2022-01-28 15:00:00;115.0;470.98;44.0;4.43;85.55;5.93;
2022-01-28 16:00:00;0.0;0.0;0.0;3.79;85.5;5.93;
2022-01-28 17:00:00;0.0;0.0;0.0;3.35;85.45;5.31;
2022-01-28 18:00:00;0.0;0.0;0.0;3.13;88.7;4.97;
2022-01-28 19:00:00;0.0;0.0;0.0;2.92;82.2;4.28;
2022-01-28 20:00:00;0.0;0.0;0.0;2.6;85.35;4.0;
2022-01-28 21:00:00;0.0;0.0;0.0;2.29;85.35;3.59;
2022-01-28 22:00:00;0.0;0.0;0.0;2.02;92.1;3.17;
2022-01-28 23:00:00;0.0;0.0;0.0;1.96;88.65;3.17;
2022-01-29 00:00:00;0.0;0.0;0.0;1.72;88.65;2.97;
2022-01-29 01:00:00;0.0;0.0;0.0;1.59;92.05;2.69;
2022-01-29 02:00:00;0.0;0.0;0.0;1.14;92.05;2.62;
2022-01-29 03:00:00;0.0;0.0;0.0;0.55;92.0;2.76;
2022-01-29 04:00:00;0.0;0.0;0.0;-0.07;92.0;2.83;
2022-01-29 05:00:00;0.0;0.0;0.0;-0.81;91.95;3.03;
2022-01-29 06:00:00;0.0;0.0;0.0;-1.39;91.9;3.1;
2022-01-29 07:00:00;0.0;0.0;0.0;-1.74;91.9;2.97;
2022-01-29 08:00:00;60.0;414.48;24.0;-1.83;88.35;3.03;
2022-01-29 09:00:00;173.0;557.79;59.0;-0.96;91.95;2.97;
2022-01-29 10:00:00;262.0;603.59;86.0;0.58;88.5;3.45;
2022-01-29 11:00:00;301.0;534.22;118.0;2.15;82.05;3.79;
2022-01-29 12:00:00;304.0;486.15;132.0;3.32;76.15;4.0;
2022-01-29 13:00:00;265.0;422.12;128.0;4.11;70.6;4.14;
2022-01-29 14:00:00;168.0;202.48;116.0;4.46;68.0;4.07;
2022-01-29 15:00:00;78.0;96.65;63.0;4.22;68.0;3.66;
2022-01-29 16:00:00;0.0;0.0;0.0;3.3;70.5;3.59;
2022-01-29 17:00:00;0.0;0.0;0.0;2.57;70.3;3.72;
2022-01-29 18:00:00;0.0;0.0;0.0;2.25;70.3;3.86;
2022-01-29 19:00:00;0.0;0.0;0.0;2.11;73.0;3.66;
2022-01-29 20:00:00;0.0;0.0;0.0;1.85;73.0;3.38;
2022-01-29 21:00:00;0.0;0.0;0.0;1.62;75.85;3.03;
2022-01-29 22:00:00;0.0;0.0;0.0;1.39;78.9;2.69;
2022-01-29 23:00:00;0.0;0.0;0.0;1.2;82.0;2.34;
2022-01-30 00:00:00;0.0;0.0;0.0;1.04;85.2;2.28;
2022-01-30 01:00:00;0.0;0.0;0.0;0.93;85.2;2.07;
2022-01-30 02:00:00;0.0;0.0;0.0;0.85;85.2;2.0;
2022-01-30 03:00:00;0.0;0.0;0.0;0.7;85.2;2.07;
2022-01-30 04:00:00;0.0;0.0;0.0;0.55;85.15;1.93;
2022-01-30 05:00:00;0.0;0.0;0.0;0.39;85.15;1.59;
2022-01-30 06:00:00;0.0;0.0;0.0;0.21;85.15;1.38;
2022-01-30 07:00:00;0.0;0.0;0.0;0.02;92.0;1.03;
2022-01-30 08:00:00;21.0;0.0;21.0;0.0;92.0;1.1;
2022-01-30 09:00:00;43.0;0.0;43.0;0.19;92.0;1.59;
2022-01-30 10:00:00;64.0;0.0;64.0;0.7;88.55;2.21;
2022-01-30 11:00:00;123.0;5.77;121.0;1.39;88.6;2.48;
2022-01-30 12:00:00;152.0;19.54;145.0;2.31;85.35;3.24;
2022-01-30 13:00:00;127.0;12.15;123.0;2.75;82.2;3.24;
2022-01-30 14:00:00;97.0;11.48;94.0;3.06;79.1;4.0;
2022-01-30 15:00:00;54.0;12.52;52.0;3.03;79.1;4.28;
2022-01-30 16:00:00;1.0;0.0;1.0;2.53;82.15;3.93;
2022-01-30 17:00:00;0.0;0.0;0.0;1.78;82.05;3.38;
2022-01-30 18:00:00;0.0;0.0;0.0;0.87;88.55;2.97;
2022-01-30 19:00:00;0.0;0.0;0.0;0.05;92.0;2.62;
2022-01-30 20:00:00;0.0;0.0;0.0;-0.74;91.95;2.55;
2022-01-30 21:00:00;0.0;0.0;0.0;-1.34;95.6;2.62;
2022-01-30 22:00:00;0.0;0.0;0.0;-1.89;95.55;2.55;
2022-01-30 23:00:00;0.0;0.0;0.0;-2.23;91.85;2.41;
2022-01-31 00:00:00;0.0;0.0;0.0;-2.58;91.85;2.34;
2022-01-31 01:00:00;0.0;0.0;0.0;-2.78;91.85;2.28;
2022-01-31 02:00:00;0.0;0.0;0.0;-3.05;95.55;2.14;
2022-01-31 03:00:00;0.0;0.0;0.0;-3.29;91.8;2.07;
2022-01-31 04:00:00;0.0;0.0;0.0;-3.61;95.5;2.0;
2022-01-31 05:00:00;0.0;0.0;0.0;-3.85;95.5;1.93;
2022-01-31 06:00:00;0.0;0.0;0.0;-4.05;95.5;1.93;
2022-01-31 07:00:00;0.0;0.0;0.0;-3.74;95.5;1.86;
2022-01-31 08:00:00;41.0;74.33;34.0;-3.68;95.5;1.66;
2022-01-31 09:00:00;84.0;23.56;79.0;-3.0;99.4;1.86;
2022-01-31 10:00:00;89.0;0.0;89.0;-1.07;95.6;2.34;
2022-01-31 11:00:00;83.0;0.0;83.0;0.4;88.5;2.83;
2022-01-31 12:00:00;61.0;0.0;61.0;1.88;82.05;3.38;
2022-01-31 13:00:00;66.0;0.0;66.0;2.64;76.0;3.45;
2022-01-31 14:00:00;50.0;0.0;50.0;3.08;70.4;3.45;
2022-01-31 15:00:00;55.0;12.18;53.0;3.17;67.7;3.45;
2022-01-31 16:00:00;1.0;0.0;1.0;-0.46;81.75;4.17;
2022-01-31 17:00:00;0.0;0.0;0.0;-0.05;82.09;4.23;
2022-01-31 18:00:00;0.0;0.0;0.0;0.36;82.42;4.29;
2022-01-31 19:00:00;0.0;0.0;0.0;0.77;82.76;4.35;
2022-01-31 20:00:00;0.0;0.0;0.0;1.18;83.1;4.41;
2022-01-31 21:00:00;0.0;0.0;0.0;1.59;83.44;4.47;
2022-01-31 22:00:00;0.0;0.0;0.0;2.0;83.77;4.53;
2022-01-31 23:00:00;0.0;0.0;0.0;2.41;84.11;4.59;
2022-02-01 00:00:00;0.0;0.0;0.0;2.82;84.45;4.65;
2022-02-01 01:00:00;0.0;0.0;0.0;3.23;84.78;4.71;
2022-02-01 02:00:00;0.0;0.0;0.0;3.64;85.12;4.77;
2022-02-01 03:00:00;0.0;0.0;0.0;4.05;85.46;4.83;
2022-02-01 04:00:00;0.0;0.0;0.0;4.46;85.8;4.89;
2022-02-01 05:00:00;0.0;0.0;0.0;4.87;86.13;4.95;
2022-02-01 06:00:00;0.0;0.0;0.0;5.28;86.47;5.01;
2022-02-01 07:00:00;0.0;0.0;0.0;5.69;86.81;5.07;
2022-02-01 08:00:00;14.0;10.21;13.0;4.17;82.3;4.21;
2022-02-01 09:00:00;81.0;41.61;72.0;4.95;82.35;4.34;
2022-02-01 10:00:00;214.0;332.02;113.0;5.64;79.4;4.55;
2022-02-01 11:00:00;159.0;36.54;146.0;6.0;76.5;5.79;
2022-02-01 12:00:00;277.0;310.29;163.0;6.4;70.95;6.21;
2022-02-01 13:00:00;204.0;115.26;165.0;6.4;70.95;6.07;
2022-02-01 14:00:00;111.0;11.08;108.0;6.38;70.95;5.45;
2022-02-01 15:00:00;15.0;0.0;15.0;6.13;73.7;4.83;
2022-02-01 16:00:00;27.0;0.0;27.0;5.68;76.5;4.07;
2022-02-01 17:00:00;0.0;0.0;0.0;4.91;79.3;3.59;
2022-02-01 18:00:00;0.0;0.0;0.0;4.54;82.3;3.45;
2022-02-01 19:00:00;0.0;0.0;0.0;4.85;85.55;3.52;
2022-02-01 20:00:00;0.0;0.0;0.0;4.77;88.85;3.59;
2022-02-01 21:00:00;0.0;0.0;0.0;4.84;88.85;3.52;
2022-02-01 22:00:00;0.0;0.0;0.0;5.02;92.25;3.52;
2022-02-01 23:00:00;0.0;0.0;0.0;5.39;92.25;3.31;
2022-02-02 00:00:00;0.0;0.0;0.0;5.62;92.3;3.03;
2022-02-02 01:00:00;0.0;0.0;0.0;5.87;92.3;2.97;
2022-02-02 02:00:00;0.0;0.0;0.0;6.18;92.3;3.59;
2022-02-02 03:00:00;0.0;0.0;0.0;6.51;92.3;4.69;
2022-02-02 04:00:00;0.0;0.0;0.0;6.48;88.95;4.97;
2022-02-02 05:00:00;0.0;0.0;0.0;6.02;92.3;4.62;
2022-02-02 06:00:00;0.0;0.0;0.0;5.49;88.85;4.21;
2022-02-02 07:00:00;0.0;0.0;0.0;5.39;88.85;4.28;
2022-02-02 08:00:00;4.0;0.0;4.0;5.56;88.85;4.21;
2022-02-02 09:00:00;46.0;0.0;46.0;6.14;85.7;4.28;
2022-02-02 10:00:00;87.0;0.0;87.0;6.76;85.75;4.55;
2022-02-02 11:00:00;32.0;0.0;32.0;6.95;85.75;5.31;
2022-02-02 12:00:00;35.0;0.0;35.0;7.39;79.65;6.0;
2022-02-02 13:00:00;81.0;0.0;81.0;7.24;79.65;5.86;
2022-02-02 14:00:00;38.0;0.0;38.0;6.96;82.6;5.31;
2022-02-02 15:00:00;26.0;0.0;26.0;6.66;82.6;4.62;
2022-02-02 16:00:00;18.0;0.0;18.0;6.09;88.9;3.93;
2022-02-02 17:00:00;0.0;0.0;0.0;5.81;88.9;3.72;
2022-02-02 18:00:00;0.0;0.0;0.0;5.66;88.9;3.86;
2022-02-02 19:00:00;0.0;0.0;0.0;5.76;92.3;4.41;
2022-02-02 20:00:00;0.0;0.0;0.0;5.42;95.75;4.21;
2022-02-02 21:00:00;0.0;0.0;0.0;5.34;92.25;4.14;
2022-02-02 22:00:00;0.0;0.0;0.0;5.34;92.25;4.07;
2022-02-02 23:00:00;0.0;0.0;0.0;5.17;92.25;3.86;
2022-02-03 00:00:00;0.0;0.0;0.0;5.08;95.75;3.66;
2022-02-03 01:00:00;0.0;0.0;0.0;5.04;95.75;3.52;
2022-02-03 02:00:00;0.0;0.0;0.0;4.97;95.75;3.38;
2022-02-03 03:00:00;0.0;0.0;0.0;4.92;95.75;3.38;
2022-02-03 04:00:00;0.0;0.0;0.0;4.95;95.75;3.38;
2022-02-03 05:00:00;0.0;0.0;0.0;4.91;95.75;3.31;
2022-02-03 06:00:00;0.0;0.0;0.0;4.55;99.4;2.97;
2022-02-03 07:00:00;0.0;0.0;0.0;4.96;95.75;3.03;
2022-02-03 08:00:00;16.0;9.44;15.0;5.1;95.75;2.69;
2022-02-03 09:00:00;150.0;391.65;62.0;5.8;92.3;2.41;
2022-02-03 10:00:00;261.0;584.59;78.0;6.99;89.0;3.38;
2022-02-03 11:00:00;207.0;109.61;167.0;7.73;79.7;3.66;
2022-02-03 12:00:00;205.0;76.96;176.0;8.04;79.7;3.38;
2022-02-03 13:00:00;194.0;80.48;166.0;7.95;79.7;2.62;
2022-02-03 14:00:00;100.0;3.57;99.0;8.21;76.85;2.62;
2022-02-03 15:00:00;40.0;0.0;40.0;7.94;82.7;1.93;
2022-02-03 16:00:00;17.0;0.0;17.0;7.54;89.0;1.79;
2022-02-03 17:00:00;0.0;0.0;0.0;6.99;92.35;1.93;
2022-02-03 18:00:00;0.0;0.0;0.0;6.46;95.8;2.0;
2022-02-03 19:00:00;0.0;0.0;0.0;6.3;95.8;1.86;
2022-02-03 20:00:00;0.0;0.0;0.0;6.15;95.8;1.66;
2022-02-03 21:00:00;0.0;0.0;0.0;5.75;95.75;1.45;
2022-02-03 22:00:00;0.0;0.0;0.0;5.46;95.75;1.31;
2022-02-03 23:00:00;0.0;0.0;0.0;5.1;95.75;1.17;
2022-02-04 00:00:00;0.0;0.0;0.0;4.89;99.4;0.9;
2022-02-04 01:00:00;0.0;0.0;0.0;4.59;100.0;0.69;
2022-02-04 02:00:00;0.0;0.0;0.0;4.59;100.0;0.48;
2022-02-04 03:00:00;0.0;0.0;0.0;4.34;100.0;0.34;
2022-02-04 04:00:00;0.0;0.0;0.0;3.95;100.0;0.48;
2022-02-04 05:00:00;0.0;0.0;0.0;3.08;100.0;0.62;
2022-02-04 06:00:00;0.0;0.0;0.0;2.93;100.0;0.76;
2022-02-04 07:00:00;0.0;0.0;0.0;3.6;99.4;0.9;
2022-02-04 08:00:00;25.0;36.36;21.0;3.4;100.0;1.17;
2022-02-04 09:00:00;157.0;419.16;61.0;4.82;95.75;1.45;
2022-02-04 10:00:00;253.0;494.36;96.0;5.58;85.6;1.93;
2022-02-04 11:00:00;328.0;600.6;106.0;6.3;79.5;2.0;
2022-02-04 12:00:00;169.0;26.2;159.0;6.76;76.65;2.07;
2022-02-04 13:00:00;105.0;0.0;105.0;7.0;73.8;2.21;
2022-02-04 14:00:00;81.0;0.0;81.0;7.23;68.5;2.21;
2022-02-04 15:00:00;55.0;0.0;55.0;6.98;71.05;2.07;
2022-02-04 16:00:00;30.0;37.37;28.0;6.58;76.55;1.72;
2022-02-04 17:00:00;0.0;0.0;0.0;5.69;79.4;1.86;
2022-02-04 18:00:00;0.0;0.0;0.0;5.15;79.35;1.93;
2022-02-04 19:00:00;0.0;0.0;0.0;4.94;85.55;1.86;
2022-02-04 20:00:00;0.0;0.0;0.0;4.45;88.8;1.93;
2022-02-04 21:00:00;0.0;0.0;0.0;3.84;88.75;2.0;
2022-02-04 22:00:00;0.0;0.0;0.0;3.19;88.7;2.28;
2022-02-04 23:00:00;0.0;0.0;0.0;2.5;92.1;2.69;
2022-02-05 00:00:00;0.0;0.0;0.0;2.06;88.65;0.0;
2022-02-05 01:00:00;0.0;0.0;0.0;1.46;88.6;0.0;
2022-02-05 02:00:00;0.0;0.0;0.0;0.99;88.55;2.83;
2022-02-05 03:00:00;0.0;0.0;0.0;0.53;88.5;2.76;
2022-02-05 04:00:00;0.0;0.0;0.0;0.1;85.15;2.69;
2022-02-05 05:00:00;0.0;0.0;0.0;-0.24;88.45;2.69;
2022-02-05 06:00:00;0.0;0.0;0.0;-0.49;88.45;2.76;
2022-02-05 07:00:00;0.0;0.0;0.0;-0.57;88.45;2.97;
2022-02-05 08:00:00;40.0;148.86;23.0;-0.42;85.1;3.03;
2022-02-05 09:00:00;149.0;321.26;74.0;0.74;81.95;3.1;
2022-02-05 10:00:00;114.0;12.41;110.0;2.11;82.05;3.59;
2022-02-05 11:00:00;320.0;523.49;124.0;3.53;79.1;3.93;
2022-02-05 12:00:00;94.0;0.0;94.0;4.59;79.2;4.07;
2022-02-05 13:00:00;228.0;139.8;178.0;4.75;73.45;4.34;
2022-02-05 14:00:00;124.0;17.25;119.0;4.74;70.7;4.41;
2022-02-05 15:00:00;37.0;0.0;37.0;4.54;73.4;3.93;
2022-02-05 16:00:00;21.0;0.0;21.0;4.3;76.25;3.1;
2022-02-05 17:00:00;0.0;0.0;0.0;4.05;79.15;2.9;
2022-02-05 18:00:00;0.0;0.0;0.0;3.89;79.15;3.03;
2022-02-05 19:00:00;0.0;0.0;0.0;3.78;79.15;3.31;
2022-02-05 20:00:00;0.0;0.0;0.0;3.7;79.15;3.31;
2022-02-05 21:00:00;0.0;0.0;0.0;3.62;79.15;3.1;
2022-02-05 22:00:00;0.0;0.0;0.0;3.59;79.15;2.97;
2022-02-05 23:00:00;0.0;0.0;0.0;3.63;76.15;3.03;
2022-02-06 00:00:00;0.0;0.0;0.0;3.7;76.15;3.31;
2022-02-06 01:00:00;0.0;0.0;0.0;3.61;76.15;3.52;
2022-02-06 02:00:00;0.0;0.0;0.0;3.65;76.15;3.45;
2022-02-06 03:00:00;0.0;0.0;0.0;3.34;79.1;3.24;
2022-02-06 04:00:00;0.0;0.0;0.0;2.92;82.15;3.03;
2022-02-06 05:00:00;0.0;0.0;0.0;2.25;85.3;2.97;
2022-02-06 06:00:00;0.0;0.0;0.0;1.92;85.3;2.9;
2022-02-06 07:00:00;0.0;0.0;0.0;1.79;85.3;2.9;
2022-02-06 08:00:00;39.0;109.72;26.0;2.02;88.65;2.76;
2022-02-06 09:00:00;169.0;462.25;59.0;2.95;85.35;2.55;
2022-02-06 10:00:00;275.0;590.38;82.0;4.24;79.2;2.76;
2022-02-06 11:00:00;351.0;690.83;89.0;5.47;76.4;2.69;
2022-02-06 12:00:00;371.0;679.55;105.0;6.61;73.7;2.41;
2022-02-06 13:00:00;331.0;559.82;128.0;7.62;68.5;2.21;
2022-02-06 14:00:00;295.0;726.0;81.0;8.05;68.6;2.14;
2022-02-06 15:00:00;193.0;680.5;62.0;8.03;68.6;1.93;
2022-02-06 16:00:00;66.0;525.44;33.0;7.16;73.9;2.07;
2022-02-06 17:00:00;0.0;0.0;0.0;5.53;82.4;2.62;
2022-02-06 18:00:00;0.0;0.0;0.0;4.44;85.5;2.76;
2022-02-06 19:00:00;0.0;0.0;0.0;3.9;85.45;2.69;
2022-02-06 20:00:00;0.0;0.0;0.0;3.33;88.7;2.55;
2022-02-06 21:00:00;0.0;0.0;0.0;2.77;88.65;2.28;
2022-02-06 22:00:00;0.0;0.0;0.0;2.06;88.65;2.14;
2022-02-06 23:00:00;0.0;0.0;0.0;1.23;88.6;2.07;
2022-02-07 00:00:00;0.0;0.0;0.0;0.4;92.0;1.93;
2022-02-07 01:00:00;0.0;0.0;0.0;-0.46;95.6;1.79;
2022-02-07 02:00:00;0.0;0.0;0.0;-1.16;95.6;1.79;
2022-02-07 03:00:00;0.0;0.0;0.0;-1.67;95.6;1.79;
2022-02-07 04:00:00;0.0;0.0;0.0;-1.99;95.55;1.93;
2022-02-07 05:00:00;0.0;0.0;0.0;-1.88;95.6;1.93;
2022-02-07 06:00:00;0.0;0.0;0.0;-2.1;95.55;2.0;
2022-02-07 07:00:00;0.0;0.0;0.0;-2.64;95.55;2.0;
2022-02-07 08:00:00;45.0;138.37;28.0;-2.56;95.55;1.93;
2022-02-07 09:00:00;179.0;502.96;57.0;-0.67;91.95;1.79;
2022-02-07 10:00:00;287.0;621.06;81.0;0.85;85.2;1.66;
2022-02-07 11:00:00;366.0;731.45;85.0;2.37;85.3;1.59;
2022-02-07 12:00:00;387.0;726.49;99.0;3.68;79.15;1.52;
2022-02-07 13:00:00;363.0;709.96;102.0;4.57;79.2;1.52;
2022-02-07 14:00:00;307.0;760.7;79.0;5.05;76.3;1.52;
2022-02-07 15:00:00;196.0;638.43;70.0;5.21;70.8;1.52;
2022-02-07 16:00:00;67.0;444.46;37.0;4.7;73.45;1.24;
2022-02-07 17:00:00;0.0;0.0;0.0;3.44;82.2;1.79;
2022-02-07 18:00:00;0.0;0.0;0.0;1.79;88.65;2.07;
2022-02-07 19:00:00;0.0;0.0;0.0;0.18;92.0;2.14;
2022-02-07 20:00:00;0.0;0.0;0.0;-0.83;91.95;2.14;
2022-02-07 21:00:00;0.0;0.0;0.0;-1.75;91.9;2.0;
2022-02-07 22:00:00;0.0;0.0;0.0;-2.2;95.55;1.86;
2022-02-07 23:00:00;0.0;0.0;0.0;-2.18;95.55;1.66;
2022-02-08 00:00:00;0.0;0.0;0.0;-2.02;95.55;1.52;
2022-02-08 01:00:00;0.0;0.0;0.0;-1.92;95.6;1.38;
2022-02-08 02:00:00;0.0;0.0;0.0;-1.86;95.6;1.31;
2022-02-08 03:00:00;0.0;0.0;0.0;-2.04;99.4;1.31;
2022-02-08 04:00:00;0.0;0.0;0.0;-2.34;95.55;1.38;
2022-02-08 05:00:00;0.0;0.0;0.0;-2.81;95.55;1.52;
2022-02-08 06:00:00;0.0;0.0;0.0;-3.18;95.55;1.66;
2022-02-08 07:00:00;0.0;0.0;0.0;-3.73;95.5;1.79;
2022-02-08 08:00:00;49.0;157.08;29.0;-2.95;95.55;1.59;
2022-02-08 09:00:00;176.0;444.91;66.0;-0.35;95.6;1.45;
2022-02-08 10:00:00;291.0;626.97;80.0;1.5;95.65;1.59;
2022-02-08 11:00:00;370.0;734.94;84.0;2.97;95.7;1.86;
2022-02-08 12:00:00;399.0;777.13;87.0;4.29;92.2;2.34;
2022-02-08 13:00:00;378.0;778.15;88.0;5.59;88.85;2.48;
2022-02-08 14:00:00;295.0;639.92;100.0;6.35;85.7;2.48;
2022-02-08 15:00:00;193.0;573.56;77.0;6.43;85.7;2.07;
2022-02-08 16:00:00;72.0;470.77;38.0;5.65;88.9;1.72;
2022-02-08 17:00:00;0.0;0.0;0.0;4.55;95.75;2.0;
2022-02-08 18:00:00;0.0;0.0;0.0;3.68;95.7;2.14;
2022-02-08 19:00:00;0.0;0.0;0.0;3.53;99.4;2.41;
2022-02-08 20:00:00;0.0;0.0;0.0;2.96;99.4;2.48;
2022-02-08 21:00:00;0.0;0.0;0.0;2.39;99.4;2.62;
2022-02-08 22:00:00;0.0;0.0;0.0;2.1;95.65;2.69;
2022-02-08 23:00:00;0.0;0.0;0.0;1.85;95.65;2.76;
2022-02-09 00:00:00;0.0;0.0;0.0;1.72;95.65;2.76;
2022-02-09 01:00:00;0.0;0.0;0.0;1.61;92.1;2.76;
2022-02-09 02:00:00;0.0;0.0;0.0;1.46;95.65;2.76;
2022-02-09 03:00:00;0.0;0.0;0.0;1.37;95.65;2.69;
2022-02-09 04:00:00;0.0;0.0;0.0;1.14;92.05;2.76;
2022-02-09 05:00:00;0.0;0.0;0.0;1.0;95.65;2.76;
2022-02-09 06:00:00;0.0;0.0;0.0;0.87;95.65;2.9;
2022-02-09 07:00:00;0.0;0.0;0.0;1.47;95.65;2.97;
2022-02-09 08:00:00;47.0;113.74;32.0;2.02;95.65;3.1;
2022-02-09 09:00:00;141.0;194.45;92.0;3.72;92.15;3.1;
2022-02-09 10:00:00;244.0;333.86;130.0;5.55;88.85;3.52;
2022-02-09 11:00:00;172.0;27.91;161.0;7.15;82.65;3.93;
2022-02-09 12:00:00;68.0;0.0;68.0;8.31;76.85;4.34;
2022-02-09 13:00:00;204.0;66.18;179.0;9.02;74.15;4.55;
2022-02-09 14:00:00;202.0;148.5;156.0;9.09;74.15;4.55;
2022-02-09 15:00:00;47.0;0.0;47.0;8.89;74.15;4.41;
2022-02-09 16:00:00;44.0;51.97;40.0;8.48;76.85;4.41;
2022-02-09 17:00:00;0.0;0.0;0.0;7.85;79.7;4.48;
2022-02-09 18:00:00;0.0;0.0;0.0;7.43;82.65;4.62;
2022-02-09 19:00:00;0.0;0.0;0.0;7.47;82.65;4.83;
2022-02-09 20:00:00;0.0;0.0;0.0;7.26;82.65;5.03;
2022-02-09 21:00:00;0.0;0.0;0.0;7.34;82.65;5.17;
2022-02-09 22:00:00;0.0;0.0;0.0;7.34;82.65;5.24;
2022-02-09 23:00:00;0.0;0.0;0.0;7.21;82.65;5.45;
2022-02-10 00:00:00;0.0;0.0;0.0;7.36;82.65;5.72;
2022-02-10 01:00:00;0.0;0.0;0.0;7.51;82.65;6.07;
2022-02-10 02:00:00;0.0;0.0;0.0;7.63;79.7;6.34;
2022-02-10 03:00:00;0.0;0.0;0.0;7.75;79.7;6.48;
2022-02-10 04:00:00;0.0;0.0;0.0;7.77;79.7;6.48;
2022-02-10 05:00:00;0.0;0.0;0.0;7.87;79.7;6.62;
2022-02-10 06:00:00;0.0;0.0;0.0;8.01;82.7;6.83;
2022-02-10 07:00:00;0.0;0.0;0.0;7.89;89.05;7.24;
2022-02-10 08:00:00;8.0;0.0;8.0;7.95;89.05;7.17;
2022-02-10 09:00:00;23.0;0.0;23.0;8.05;92.4;7.1;
2022-02-10 10:00:00;36.0;0.0;36.0;8.25;89.1;7.1;
2022-02-10 11:00:00;59.0;0.0;59.0;8.44;92.4;7.03;
2022-02-10 12:00:00;54.0;0.0;54.0;8.69;89.1;6.97;
2022-02-10 13:00:00;45.0;0.0;45.0;8.73;89.1;6.9;
2022-02-10 14:00:00;34.0;0.0;34.0;8.82;92.45;6.76;
2022-02-10 15:00:00;45.0;0.0;45.0;8.9;92.45;6.76;
2022-02-10 16:00:00;42.0;36.7;39.0;8.91;92.45;6.69;
2022-02-10 17:00:00;0.0;0.0;0.0;8.89;92.45;6.48;
2022-02-10 18:00:00;0.0;0.0;0.0;8.87;92.45;6.34;
2022-02-10 19:00:00;0.0;0.0;0.0;8.87;92.45;6.69;
2022-02-10 20:00:00;0.0;0.0;0.0;8.88;92.45;6.69;
2022-02-10 21:00:00;0.0;0.0;0.0;8.87;92.45;6.76;
2022-02-10 22:00:00;0.0;0.0;0.0;8.84;92.45;6.62;
2022-02-10 23:00:00;0.0;0.0;0.0;8.74;89.1;6.21;
2022-02-11 00:00:00;0.0;0.0;0.0;8.58;92.4;5.79;
2022-02-11 01:00:00;0.0;0.0;0.0;8.44;92.4;5.52;
2022-02-11 02:00:00;0.0;0.0;0.0;8.34;92.4;5.17;
2022-02-11 03:00:00;0.0;0.0;0.0;8.24;89.1;4.76;
2022-02-11 04:00:00;0.0;0.0;0.0;8.14;89.1;4.28;
2022-02-11 05:00:00;0.0;0.0;0.0;8.05;92.4;3.59;
2022-02-11 06:00:00;0.0;0.0;0.0;7.94;92.4;2.76;
2022-02-11 07:00:00;0.0;0.0;0.0;7.57;99.4;0.9;
2022-02-11 08:00:00;15.0;0.0;15.0;7.36;95.8;0.97;
2022-02-11 09:00:00;37.0;0.0;37.0;7.33;95.8;1.31;
2022-02-11 10:00:00;62.0;0.0;62.0;7.53;95.8;1.79;
2022-02-11 11:00:00;329.0;464.83;141.0;7.87;92.4;2.07;
2022-02-11 12:00:00;227.0;79.15;194.0;8.42;85.9;1.86;
2022-02-11 13:00:00;182.0;33.5;169.0;8.67;79.85;1.17;
2022-02-11 14:00:00;103.0;0.0;103.0;8.77;76.95;0.97;
2022-02-11 15:00:00;76.0;4.61;75.0;8.77;76.95;1.1;
2022-02-11 16:00:00;86.0;531.44;40.0;8.69;79.85;1.38;
2022-02-11 17:00:00;0.0;0.0;0.0;8.23;82.75;1.45;
2022-02-11 18:00:00;0.0;0.0;0.0;7.85;85.85;1.72;
2022-02-11 19:00:00;0.0;0.0;0.0;7.39;89.0;1.72;
2022-02-11 20:00:00;0.0;0.0;0.0;7.52;92.35;2.21;
2022-02-11 21:00:00;0.0;0.0;0.0;7.87;92.4;2.83;
2022-02-11 22:00:00;0.0;0.0;0.0;8.44;95.85;3.59;
2022-02-11 23:00:00;0.0;0.0;0.0;8.99;95.85;4.34;
2022-02-12 00:00:00;0.0;0.0;0.0;9.36;95.85;4.9;
2022-02-12 01:00:00;0.0;0.0;0.0;9.56;99.4;5.38;
2022-02-12 02:00:00;0.0;0.0;0.0;9.69;95.9;5.79;
2022-02-12 03:00:00;0.0;0.0;0.0;9.94;95.9;6.14;
2022-02-12 04:00:00;0.0;0.0;0.0;10.07;95.9;6.41;
2022-02-12 05:00:00;0.0;0.0;0.0;10.21;92.5;6.97;
2022-02-12 06:00:00;0.0;0.0;0.0;10.38;92.5;7.59;
2022-02-12 07:00:00;0.0;0.0;0.0;10.34;92.5;8.9;
2022-02-12 08:00:00;27.0;6.85;26.0;10.47;92.5;9.31;
2022-02-12 09:00:00;17.0;0.0;17.0;10.62;92.5;9.79;
2022-02-12 10:00:00;56.0;0.0;56.0;10.68;89.3;9.38;
2022-02-12 11:00:00;94.0;0.0;94.0;10.96;89.3;9.66;
2022-02-12 12:00:00;54.0;0.0;54.0;11.27;83.1;9.31;
2022-02-12 13:00:00;36.0;0.0;36.0;11.36;80.15;10.14;
2022-02-12 14:00:00;28.0;0.0;28.0;10.4;74.4;10.28;
2022-02-12 15:00:00;21.0;0.0;21.0;9.0;71.4;9.24;
2022-02-12 16:00:00;32.0;0.0;32.0;8.21;71.35;7.93;
2022-02-12 17:00:00;0.0;0.0;0.0;7.6;76.7;6.9;
2022-02-12 18:00:00;0.0;0.0;0.0;6.86;82.6;7.52;
2022-02-12 19:00:00;0.0;0.0;0.0;6.31;85.7;8.55;
2022-02-12 20:00:00;0.0;0.0;0.0;6.16;85.7;8.76;
2022-02-12 21:00:00;0.0;0.0;0.0;6.05;82.5;8.76;
2022-02-12 22:00:00;0.0;0.0;0.0;5.96;76.5;8.9;
2022-02-12 23:00:00;0.0;0.0;0.0;5.76;70.85;8.62;
2022-02-13 00:00:00;0.0;0.0;0.0;5.6;70.8;8.21;
2022-02-13 01:00:00;0.0;0.0;0.0;5.43;70.8;8.14;
2022-02-13 02:00:00;0.0;0.0;0.0;5.14;73.55;8.14;
2022-02-13 03:00:00;0.0;0.0;0.0;4.89;73.45;8.34;
2022-02-13 04:00:00;0.0;0.0;0.0;4.87;73.45;8.9;
2022-02-13 05:00:00;0.0;0.0;0.0;4.78;73.45;9.45;
2022-02-13 06:00:00;0.0;0.0;0.0;4.79;73.45;9.93;
2022-02-13 07:00:00;0.0;0.0;0.0;3.51;88.7;8.34;
2022-02-13 08:00:00;58.0;112.65;41.0;2.93;92.15;8.0;
2022-02-13 09:00:00;74.0;3.68;73.0;2.84;95.7;5.86;
2022-02-13 10:00:00;188.0;85.68;157.0;3.04;95.7;5.45;
2022-02-13 11:00:00;163.0;14.46;157.0;3.85;92.15;5.38;
2022-02-13 12:00:00;42.0;0.0;42.0;4.72;85.55;6.21;
2022-02-13 13:00:00;36.0;0.0;36.0;4.92;79.3;7.03;
2022-02-13 14:00:00;203.0;109.01;167.0;4.99;76.3;7.52;
2022-02-13 15:00:00;116.0;44.03;106.0;4.82;76.3;7.52;
2022-02-13 16:00:00;43.0;10.39;42.0;4.74;76.3;7.66;
2022-02-13 17:00:00;0.0;0.0;0.0;4.37;79.2;7.79;
2022-02-13 18:00:00;0.0;0.0;0.0;4.11;85.5;7.31;
2022-02-13 19:00:00;0.0;0.0;0.0;3.88;85.45;5.93;
2022-02-13 20:00:00;0.0;0.0;0.0;4.15;79.2;5.72;
2022-02-13 21:00:00;0.0;0.0;0.0;4.47;79.2;6.07;
2022-02-13 22:00:00;0.0;0.0;0.0;4.2;79.2;6.76;
2022-02-13 23:00:00;0.0;0.0;0.0;3.7;85.45;7.72;
2022-02-14 00:00:00;0.0;0.0;0.0;3.62;82.25;7.52;
2022-02-14 01:00:00;0.0;0.0;0.0;3.48;79.1;6.48;
2022-02-14 02:00:00;0.0;0.0;0.0;3.15;73.2;5.86;
2022-02-14 03:00:00;0.0;0.0;0.0;2.86;79.0;5.38;
2022-02-14 04:00:00;0.0;0.0;0.0;2.82;82.15;5.17;
2022-02-14 05:00:00;0.0;0.0;0.0;2.93;85.35;5.66;
2022-02-14 06:00:00;0.0;0.0;0.0;3.02;88.65;6.21;
2022-02-14 07:00:00;0.0;0.0;0.0;2.73;92.15;6.07;
2022-02-14 08:00:00;19.0;0.0;19.0;3.37;92.15;6.14;
2022-02-14 09:00:00;196.0;404.49;84.0;4.33;88.8;6.14;
2022-02-14 10:00:00;212.0;136.21;162.0;4.89;88.85;5.86;
2022-02-14 11:00:00;404.0;747.18;90.0;5.32;88.85;5.72;
2022-02-14 12:00:00;78.0;0.0;78.0;5.88;88.9;6.14;
2022-02-14 13:00:00;292.0;227.79;200.0;5.74;82.5;7.03;
2022-02-14 14:00:00;95.0;0.0;95.0;5.62;82.5;7.66;
2022-02-14 15:00:00;199.0;391.94;108.0;5.29;79.35;9.03;
2022-02-14 16:00:00;9.0;0.0;9.0;4.96;79.3;8.9;
2022-02-14 17:00:00;0.0;0.0;0.0;4.5;79.2;9.03;
2022-02-14 18:00:00;0.0;0.0;0.0;3.83;88.75;7.79;
2022-02-14 19:00:00;0.0;0.0;0.0;3.23;88.7;6.97;
2022-02-14 20:00:00;0.0;0.0;0.0;2.99;88.65;5.45;
2022-02-14 21:00:00;0.0;0.0;0.0;2.32;88.65;4.55;
2022-02-14 22:00:00;0.0;0.0;0.0;1.68;88.65;3.72;
2022-02-14 23:00:00;0.0;0.0;0.0;1.05;92.05;3.38;
2022-02-15 00:00:00;0.0;0.0;0.0;0.75;88.55;3.31;
2022-02-15 01:00:00;0.0;0.0;0.0;0.5;88.5;3.45;
2022-02-15 02:00:00;0.0;0.0;0.0;0.33;85.15;3.59;
2022-02-15 03:00:00;0.0;0.0;0.0;0.42;85.15;3.86;
2022-02-15 04:00:00;0.0;0.0;0.0;0.56;81.95;4.07;
2022-02-15 05:00:00;0.0;0.0;0.0;0.68;81.95;4.21;
2022-02-15 06:00:00;0.0;0.0;0.0;0.8;85.2;4.21;
2022-02-15 07:00:00;0.0;0.0;0.0;0.68;81.95;4.28;
2022-02-15 08:00:00;40.0;12.43;38.0;1.13;82.0;4.48;
2022-02-15 09:00:00;64.0;0.0;64.0;2.19;85.3;4.48;
2022-02-15 10:00:00;272.0;330.32;149.0;3.21;76.1;6.62;
2022-02-15 11:00:00;244.0;103.38;200.0;4.03;70.5;6.55;
2022-02-15 12:00:00;98.0;0.0;98.0;4.61;60.5;6.48;
2022-02-15 13:00:00;83.0;0.0;83.0;4.77;58.2;6.21;
2022-02-15 14:00:00;75.0;0.0;75.0;4.73;58.2;6.07;
2022-02-15 15:00:00;66.0;0.0;66.0;4.3;62.8;5.59;
2022-02-15 16:00:00;38.0;0.0;38.0;3.69;67.8;5.17;
2022-02-15 17:00:00;0.0;0.0;0.0;3.0;70.3;5.38;
2022-02-15 18:00:00;0.0;0.0;0.0;2.39;70.2;5.52;
2022-02-15 19:00:00;0.0;0.0;0.0;1.63;67.5;5.31;
2022-02-15 20:00:00;0.0;0.0;0.0;1.3;64.8;5.52;
2022-02-15 21:00:00;0.0;0.0;0.0;1.01;67.3;4.76;
2022-02-15 22:00:00;0.0;0.0;0.0;0.72;64.65;4.14;
2022-02-15 23:00:00;0.0;0.0;0.0;0.58;64.65;3.93;
2022-02-16 00:00:00;0.0;0.0;0.0;0.42;64.55;4.34;
2022-02-16 01:00:00;0.0;0.0;0.0;0.25;64.55;4.07;
2022-02-16 02:00:00;0.0;0.0;0.0;0.04;67.1;3.86;
2022-02-16 03:00:00;0.0;0.0;0.0;-0.31;67.1;3.66;
2022-02-16 04:00:00;0.0;0.0;0.0;-0.63;67.0;3.59;
2022-02-16 05:00:00;0.0;0.0;0.0;-1.04;69.65;3.52;
2022-02-16 06:00:00;0.0;0.0;0.0;-1.2;69.65;3.45;
2022-02-16 07:00:00;0.0;0.0;0.0;-1.34;72.5;3.66;
2022-02-16 08:00:00;84.0;253.03;42.0;-1.11;75.45;3.24;
2022-02-16 09:00:00;222.0;522.05;72.0;-0.31;67.1;3.93;
2022-02-16 10:00:00;344.0;693.63;82.0;0.51;57.2;5.17;
2022-02-16 11:00:00;407.0;691.39;109.0;0.96;57.35;4.76;
2022-02-16 12:00:00;353.0;344.92;200.0;1.46;57.45;4.62;
2022-02-16 13:00:00;214.0;48.25;194.0;1.8;55.3;4.48;
2022-02-16 14:00:00;49.0;0.0;49.0;1.91;55.3;4.28;
2022-02-16 15:00:00;49.0;0.0;49.0;2.01;57.6;4.34;
2022-02-16 16:00:00;37.0;0.0;37.0;1.91;59.95;3.79;
2022-02-16 17:00:00;0.0;0.0;0.0;1.64;62.35;3.17;
2022-02-16 18:00:00;0.0;0.0;0.0;1.38;64.8;2.83;
2022-02-16 19:00:00;0.0;0.0;0.0;0.46;69.95;2.28;
2022-02-16 20:00:00;0.0;0.0;0.0;0.06;72.75;1.93;
2022-02-16 21:00:00;0.0;0.0;0.0;-0.27;75.6;1.72;
2022-02-16 22:00:00;0.0;0.0;0.0;-0.51;81.75;1.52;
2022-02-16 23:00:00;0.0;0.0;0.0;-0.75;81.75;1.24;
2022-02-17 00:00:00;0.0;0.0;0.0;-0.87;85.05;1.03;
2022-02-17 01:00:00;0.0;0.0;0.0;-0.82;81.75;0.83;
2022-02-17 02:00:00;0.0;0.0;0.0;-0.75;81.75;0.69;
2022-02-17 03:00:00;0.0;0.0;0.0;-1.18;85.0;0.97;
2022-02-17 04:00:00;0.0;0.0;0.0;-1.03;85.0;0.83;
2022-02-17 05:00:00;0.0;0.0;0.0;-0.56;78.6;0.48;
2022-02-17 06:00:00;0.0;0.0;0.0;-0.42;75.6;0.21;
2022-02-17 07:00:00;0.0;0.0;0.0;-0.96;88.4;0.62;
2022-02-17 08:00:00;29.0;0.0;29.0;-0.66;85.05;0.76;
2022-02-17 09:00:00;71.0;0.0;71.0;0.0;75.6;0.76;
2022-02-17 10:00:00;82.0;0.0;82.0;0.65;70.05;0.76;
2022-02-17 11:00:00;56.0;0.0;56.0;1.35;70.1;0.55;
2022-02-17 12:00:00;96.0;0.0;96.0;2.05;67.5;0.41;
2022-02-17 13:00:00;82.0;0.0;82.0;2.47;67.5;0.41;
2022-02-17 14:00:00;68.0;0.0;68.0;2.86;65.0;0.9;
2022-02-17 15:00:00;49.0;0.0;49.0;2.79;65.0;1.24;
2022-02-17 16:00:00;36.0;0.0;36.0;2.61;67.6;1.1;
2022-02-17 17:00:00;0.0;0.0;0.0;2.26;73.0;0.62;
2022-02-17 18:00:00;0.0;0.0;0.0;1.47;85.25;0.62;
2022-02-17 19:00:00;0.0;0.0;0.0;1.11;78.9;1.24;
2022-02-17 20:00:00;0.0;0.0;0.0;0.68;78.8;1.52;
2022-02-17 21:00:00;0.0;0.0;0.0;0.26;81.9;1.72;
2022-02-17 22:00:00;0.0;0.0;0.0;0.07;78.75;1.79;
2022-02-17 23:00:00;0.0;0.0;0.0;-0.06;81.8;1.66;
2022-02-18 00:00:00;0.0;0.0;0.0;-0.08;78.65;1.59;
2022-02-18 01:00:00;0.0;0.0;0.0;-0.02;78.65;1.59;
2022-02-18 02:00:00;0.0;0.0;0.0;-0.01;78.65;1.66;
2022-02-18 03:00:00;0.0;0.0;0.0;-0.03;78.65;1.79;
2022-02-18 04:00:00;0.0;0.0;0.0;0.0;78.65;1.93;
2022-02-18 05:00:00;0.0;0.0;0.0;0.0;78.65;2.14;
2022-02-18 06:00:00;0.0;0.0;0.0;0.01;78.65;2.28;
2022-02-18 07:00:00;0.0;0.0;0.0;-0.06;81.8;2.48;
2022-02-18 08:00:00;50.0;22.68;46.0;0.23;78.75;2.9;
2022-02-18 09:00:00;86.0;3.36;85.0;1.02;78.8;3.38;
2022-02-18 10:00:00;38.0;0.0;38.0;2.06;78.95;3.72;
2022-02-18 11:00:00;48.0;0.0;48.0;3.02;79.0;3.93;
2022-02-18 12:00:00;40.0;0.0;40.0;3.55;79.1;4.0;
2022-02-18 13:00:00;38.0;0.0;38.0;4.13;76.25;4.55;
2022-02-18 14:00:00;32.0;0.0;32.0;4.58;79.2;4.83;
2022-02-18 15:00:00;80.0;0.0;80.0;4.69;79.3;4.76;
2022-02-18 16:00:00;52.0;16.57;50.0;4.79;82.35;4.62;
2022-02-18 17:00:00;0.0;0.0;0.0;4.85;85.55;4.55;
2022-02-18 18:00:00;0.0;0.0;0.0;4.89;88.85;4.69;
2022-02-18 19:00:00;0.0;0.0;0.0;4.51;92.2;4.55;
2022-02-18 20:00:00;0.0;0.0;0.0;4.43;95.75;4.62;
2022-02-18 21:00:00;0.0;0.0;0.0;4.47;95.75;4.14;
2022-02-18 22:00:00;0.0;0.0;0.0;4.43;95.75;2.55;
2022-02-18 23:00:00;0.0;0.0;0.0;4.24;95.75;2.62;
2022-02-19 00:00:00;0.0;0.0;0.0;3.56;95.7;2.76;
2022-02-19 01:00:00;0.0;0.0;0.0;2.91;95.7;2.62;
2022-02-19 02:00:00;0.0;0.0;0.0;2.24;95.65;2.83;
2022-02-19 03:00:00;0.0;0.0;0.0;2.11;92.1;2.9;
2022-02-19 04:00:00;0.0;0.0;0.0;2.15;92.1;3.03;
2022-02-19 05:00:00;0.0;0.0;0.0;2.14;92.1;3.52;
2022-02-19 06:00:00;0.0;0.0;0.0;2.32;92.1;3.86;
2022-02-19 07:00:00;0.0;0.0;0.0;2.56;95.65;3.93;
2022-02-19 08:00:00;63.0;55.04;53.0;2.88;92.15;4.0;
2022-02-19 09:00:00;164.0;135.12;123.0;3.84;92.15;3.59;
2022-02-19 10:00:00;57.0;0.0;57.0;4.73;85.55;4.62;
2022-02-19 11:00:00;231.0;60.34;204.0;5.38;82.4;4.9;
2022-02-19 12:00:00;397.0;467.4;182.0;5.63;76.5;5.1;
2022-02-19 13:00:00;410.0;622.19;142.0;5.27;76.4;5.52;
2022-02-19 14:00:00;237.0;140.99;186.0;5.26;70.8;6.34;
2022-02-19 15:00:00;26.0;0.0;26.0;4.87;73.45;5.86;
2022-02-19 16:00:00;34.0;0.0;34.0;4.24;76.25;5.59;
2022-02-19 17:00:00;0.0;0.0;0.0;3.4;82.2;5.03;
2022-02-19 18:00:00;0.0;0.0;0.0;2.61;82.15;5.03;
2022-02-19 19:00:00;0.0;0.0;0.0;2.12;85.3;5.03;
2022-02-19 20:00:00;0.0;0.0;0.0;1.69;85.3;4.97;
2022-02-19 21:00:00;0.0;0.0;0.0;1.47;88.6;5.31;
2022-02-19 22:00:00;0.0;0.0;0.0;1.38;88.6;5.1;
2022-02-19 23:00:00;0.0;0.0;0.0;1.22;88.6;4.55;
2022-02-20 00:00:00;0.0;0.0;0.0;1.11;92.05;4.07;
2022-02-20 01:00:00;0.0;0.0;0.0;0.9;95.65;3.72;
2022-02-20 02:00:00;0.0;0.0;0.0;0.95;95.65;3.66;
2022-02-20 03:00:00;0.0;0.0;0.0;0.98;95.65;3.59;
2022-02-20 04:00:00;0.0;0.0;0.0;1.18;92.05;3.38;
2022-02-20 05:00:00;0.0;0.0;0.0;1.5;92.05;3.24;
2022-02-20 06:00:00;0.0;0.0;0.0;1.78;92.1;3.31;
2022-02-20 07:00:00;0.0;0.0;0.0;1.63;85.3;4.0;
2022-02-20 08:00:00;97.0;235.21;53.0;2.09;92.1;3.86;
2022-02-20 09:00:00;211.0;330.18;109.0;2.98;92.15;3.93;
2022-02-20 10:00:00;254.0;187.67;179.0;3.61;85.45;4.41;
2022-02-20 11:00:00;431.0;708.53;110.0;4.24;85.5;4.0;
2022-02-20 12:00:00;60.0;0.0;60.0;5.08;88.85;4.0;
2022-02-20 13:00:00;319.0;233.85;217.0;5.43;85.6;4.28;
2022-02-20 14:00:00;317.0;419.57;163.0;5.47;85.6;4.76;
2022-02-20 15:00:00;196.0;232.1;135.0;4.84;82.35;5.1;
2022-02-20 16:00:00;141.0;727.39;46.0;4.3;79.2;5.1;
2022-02-20 17:00:00;0.0;0.0;0.0;3.47;79.1;4.21;
2022-02-20 18:00:00;0.0;0.0;0.0;2.56;85.3;3.66;
2022-02-20 19:00:00;0.0;0.0;0.0;2.07;82.05;3.38;
2022-02-20 20:00:00;0.0;0.0;0.0;1.51;85.25;3.03;
2022-02-20 21:00:00;0.0;0.0;0.0;0.98;88.55;2.69;
2022-02-20 22:00:00;0.0;0.0;0.0;0.44;88.5;2.55;
2022-02-20 23:00:00;0.0;0.0;0.0;-0.02;92.0;2.34;
2022-02-21 00:00:00;0.0;0.0;0.0;-0.46;91.95;2.28;
2022-02-21 01:00:00;0.0;0.0;0.0;-1.07;91.95;2.14;
2022-02-21 02:00:00;0.0;0.0;0.0;-1.57;95.6;2.0;
2022-02-21 03:00:00;0.0;0.0;0.0;-2.19;95.55;1.79;
2022-02-21 04:00:00;0.0;0.0;0.0;-2.35;91.85;1.52;
2022-02-21 05:00:00;0.0;0.0;0.0;-2.44;91.85;1.45;
2022-02-21 06:00:00;0.0;0.0;0.0;-2.36;95.55;1.38;
2022-02-21 07:00:00;0.0;0.0;0.0;-1.84;91.9;1.93;
2022-02-21 08:00:00;118.0;394.81;42.0;-0.32;92.0;1.59;
2022-02-21 09:00:00;117.0;22.26;110.0;1.2;82.0;2.69;
2022-02-21 10:00:00;196.0;54.29;174.0;1.74;75.95;2.62;
2022-02-21 11:00:00;39.0;0.0;39.0;2.18;75.95;2.28;
2022-02-21 12:00:00;42.0;0.0;42.0;2.65;73.1;2.55;
2022-02-21 13:00:00;63.0;0.0;63.0;2.85;70.3;2.97;
2022-02-21 14:00:00;165.0;16.11;159.0;2.86;70.3;3.45;
2022-02-21 15:00:00;215.0;298.55;135.0;2.89;67.6;3.86;
2022-02-21 16:00:00;142.0;671.32;51.0;2.67;70.3;3.31;
2022-02-21 17:00:00;0.0;0.0;0.0;1.86;70.2;3.1;
2022-02-21 18:00:00;0.0;0.0;0.0;0.81;75.75;3.17;
2022-02-21 19:00:00;0.0;0.0;0.0;0.14;88.5;3.45;
2022-02-21 20:00:00;0.0;0.0;0.0;-0.36;88.45;3.38;
2022-02-21 21:00:00;0.0;0.0;0.0;-0.62;88.45;3.31;
2022-02-21 22:00:00;0.0;0.0;0.0;-0.74;88.45;3.38;
2022-02-21 23:00:00;0.0;0.0;0.0;-0.71;88.45;3.59;
2022-02-22 00:00:00;0.0;0.0;0.0;-0.51;91.95;4.07;
2022-02-22 01:00:00;0.0;0.0;0.0;-0.5;91.95;4.34;
2022-02-22 02:00:00;0.0;0.0;0.0;-0.41;85.1;4.55;
2022-02-22 03:00:00;0.0;0.0;0.0;-0.28;85.1;4.9;
2022-02-22 04:00:00;0.0;0.0;0.0;-0.31;81.8;5.24;
2022-02-22 05:00:00;0.0;0.0;0.0;-0.32;81.8;5.45;
2022-02-22 06:00:00;0.0;0.0;0.0;-0.49;81.75;5.66;
2022-02-22 07:00:00;0.0;0.0;0.0;-0.56;81.75;5.59;
2022-02-22 08:00:00;84.0;101.02;64.0;-0.6;75.55;5.59;
2022-02-22 09:00:00;255.0;540.57;82.0;-0.35;67.1;6.76;
2022-02-22 10:00:00;360.0;601.18;113.0;0.3;62.0;7.17;
2022-02-22 11:00:00;240.0;60.31;212.0;1.26;57.45;7.03;
2022-02-22 12:00:00;132.0;0.0;132.0;1.78;57.6;6.28;
2022-02-22 13:00:00;121.0;0.0;121.0;2.23;57.6;6.14;
2022-02-22 14:00:00;272.0;206.52;194.0;2.58;57.6;6.14;
2022-02-22 15:00:00;39.0;0.0;39.0;2.23;62.35;5.45;
2022-02-22 16:00:00;54.0;7.12;53.0;1.74;64.9;4.41;
2022-02-22 17:00:00;0.0;0.0;0.0;0.99;70.05;4.41;
2022-02-22 18:00:00;0.0;0.0;0.0;0.15;72.75;3.86;
2022-02-22 19:00:00;0.0;0.0;0.0;-0.59;78.6;4.0;
2022-02-22 20:00:00;0.0;0.0;0.0;-0.88;78.6;3.66;
2022-02-22 21:00:00;0.0;0.0;0.0;-1.24;81.7;3.31;
2022-02-22 22:00:00;0.0;0.0;0.0;-1.74;84.95;3.03;
2022-02-22 23:00:00;0.0;0.0;0.0;-2.15;88.3;2.97;
2022-02-23 00:00:00;0.0;0.0;0.0;-2.32;88.3;2.9;
2022-02-23 01:00:00;0.0;0.0;0.0;-2.17;88.3;2.83;
2022-02-23 02:00:00;0.0;0.0;0.0;-1.97;84.85;2.55;
2022-02-23 03:00:00;0.0;0.0;0.0;-2.07;84.85;2.9;
2022-02-23 04:00:00;0.0;0.0;0.0;-2.07;81.55;2.69;
2022-02-23 05:00:00;0.0;0.0;0.0;-2.33;81.55;2.62;
2022-02-23 06:00:00;0.0;0.0;0.0;-2.66;81.5;2.34;
2022-02-23 07:00:00;0.0;0.0;0.0;-2.6;84.85;2.34;
2022-02-23 08:00:00;47.0;4.91;46.0;-2.27;81.55;2.97;
2022-02-23 09:00:00;173.0;116.69;135.0;-1.3;69.65;3.52;
2022-02-23 10:00:00;307.0;324.11;172.0;-0.33;67.1;3.31;
2022-02-23 11:00:00;333.0;238.33;221.0;0.47;64.55;2.83;
2022-02-23 12:00:00;139.0;0.0;139.0;1.44;59.8;2.76;
2022-02-23 13:00:00;55.0;0.0;55.0;2.03;59.95;2.55;
2022-02-23 14:00:00;191.0;36.55;177.0;2.12;59.95;2.14;
2022-02-23 15:00:00;47.0;0.0;47.0;2.23;59.95;2.21;
2022-02-23 16:00:00;64.0;13.75;62.0;2.02;62.35;1.72;
2022-02-23 17:00:00;0.0;0.0;0.0;1.45;70.1;0.83;
2022-02-23 18:00:00;0.0;0.0;0.0;-0.01;81.8;1.1;
2022-02-23 19:00:00;0.0;0.0;0.0;-1.09;81.7;1.1;
2022-02-23 20:00:00;0.0;0.0;0.0;-1.57;84.95;1.24;
2022-02-23 21:00:00;0.0;0.0;0.0;-2.02;88.3;1.31;
2022-02-23 22:00:00;0.0;0.0;0.0;-1.91;84.95;1.24;
2022-02-23 23:00:00;0.0;0.0;0.0;-1.84;88.35;1.17;
2022-02-24 00:00:00;0.0;0.0;0.0;-2.38;88.3;1.52;
2022-02-24 01:00:00;0.0;0.0;0.0;-2.56;91.85;1.72;
2022-02-24 02:00:00;0.0;0.0;0.0;-2.37;88.3;1.86;
2022-02-24 03:00:00;0.0;0.0;0.0;-1.58;88.35;1.93;
2022-02-24 04:00:00;0.0;0.0;0.0;-1.24;81.7;2.28;
2022-02-24 05:00:00;0.0;0.0;0.0;-1.15;81.7;2.28;
2022-02-24 06:00:00;0.0;0.0;0.0;-1.1;81.7;2.41;
2022-02-24 07:00:00;0.0;0.0;0.0;-1.49;91.9;1.72;
2022-02-24 08:00:00;46.0;0.0;46.0;-0.85;88.45;1.93;
2022-02-24 09:00:00;92.0;3.02;91.0;0.22;81.9;2.48;
2022-02-24 10:00:00;95.0;0.0;95.0;0.94;75.75;3.38;
2022-02-24 11:00:00;203.0;18.92;194.0;1.29;72.95;3.59;
2022-02-24 12:00:00;275.0;79.95;236.0;2.02;70.2;3.93;
2022-02-24 13:00:00;226.0;37.11;209.0;2.56;64.9;4.14;
2022-02-24 14:00:00;253.0;133.9;201.0;2.77;57.7;4.34;
2022-02-24 15:00:00;47.0;0.0;47.0;2.43;57.6;4.55;
2022-02-24 16:00:00;94.0;93.07;80.0;1.92;55.3;4.07;
2022-02-24 17:00:00;0.0;0.0;0.0;0.89;59.7;3.66;
2022-02-24 18:00:00;0.0;0.0;0.0;-0.31;64.45;3.52;
2022-02-24 19:00:00;0.0;0.0;0.0;-1.42;72.5;3.03;
2022-02-24 20:00:00;0.0;0.0;0.0;-1.95;75.35;2.9;
2022-02-24 21:00:00;0.0;0.0;0.0;-2.29;75.3;2.83;
2022-02-24 22:00:00;0.0;0.0;0.0;-2.54;78.3;2.69;
2022-02-24 23:00:00;0.0;0.0;0.0;-2.57;78.3;2.62;
2022-02-25 00:00:00;0.0;0.0;0.0;-2.79;78.3;2.55;
2022-02-25 01:00:00;0.0;0.0;0.0;-3.12;81.45;2.48;
2022-02-25 02:00:00;0.0;0.0;0.0;-3.4;81.45;2.34;
2022-02-25 03:00:00;0.0;0.0;0.0;-3.71;84.7;2.34;
2022-02-25 04:00:00;0.0;0.0;0.0;-3.97;84.7;2.28;
2022-02-25 05:00:00;0.0;0.0;0.0;-4.21;88.15;2.14;
2022-02-25 06:00:00;0.0;0.0;0.0;-4.48;88.15;2.0;
2022-02-25 07:00:00;0.0;0.0;0.0;-4.56;91.75;2.07;
2022-02-25 08:00:00;107.0;167.63;71.0;-2.92;84.85;2.14;
2022-02-25 09:00:00;198.0;172.08;140.0;-1.07;81.7;2.28;
2022-02-25 10:00:00;308.0;289.75;184.0;0.64;72.85;2.21;
2022-02-25 11:00:00;436.0;583.83;155.0;2.03;64.9;2.48;
2022-02-25 12:00:00;504.0;810.62;104.0;3.11;60.15;2.76;
2022-02-25 13:00:00;491.0;856.41;94.0;3.28;55.55;2.34;
2022-02-25 14:00:00;431.0;901.74;76.0;3.45;55.55;2.41;
2022-02-25 15:00:00;309.0;814.35;74.0;3.25;55.55;2.69;
2022-02-25 16:00:00;164.0;701.45;55.0;2.78;60.05;2.55;
2022-02-25 17:00:00;13.0;0.0;13.0;2.09;64.9;2.07;
2022-02-25 18:00:00;0.0;0.0;0.0;1.22;70.1;1.86;
2022-02-25 19:00:00;0.0;0.0;0.0;0.26;78.75;1.66;
2022-02-25 20:00:00;0.0;0.0;0.0;-0.03;85.1;1.45;
2022-02-25 21:00:00;0.0;0.0;0.0;-0.29;85.1;1.31;
2022-02-25 22:00:00;0.0;0.0;0.0;-0.58;88.45;1.24;
2022-02-25 23:00:00;0.0;0.0;0.0;-0.45;91.95;1.1;
2022-02-26 00:00:00;0.0;0.0;0.0;-0.31;88.45;1.03;
2022-02-26 01:00:00;0.0;0.0;0.0;-0.45;91.95;1.03;
2022-02-26 02:00:00;0.0;0.0;0.0;-0.46;95.6;1.03;
2022-02-26 03:00:00;0.0;0.0;0.0;-0.76;91.95;1.17;
2022-02-26 04:00:00;0.0;0.0;0.0;-0.77;95.6;1.1;
2022-02-26 05:00:00;0.0;0.0;0.0;-0.71;95.6;1.1;
2022-02-26 06:00:00;0.0;0.0;0.0;-0.57;95.6;0.97;
2022-02-26 07:00:00;0.0;0.0;0.0;-0.25;95.6;0.62;
2022-02-26 08:00:00;32.0;0.0;32.0;0.41;95.65;0.83;
2022-02-26 09:00:00;81.0;0.0;81.0;1.63;85.3;1.17;
2022-02-26 10:00:00;41.0;0.0;41.0;2.74;82.15;1.86;
2022-02-26 11:00:00;143.0;0.0;143.0;3.53;76.1;2.41;
2022-02-26 12:00:00;165.0;2.0;164.0;4.04;73.3;2.55;
2022-02-26 13:00:00;271.0;83.14;232.0;4.31;67.9;2.62;
2022-02-26 14:00:00;77.0;0.0;77.0;4.57;70.6;2.28;
2022-02-26 15:00:00;27.0;0.0;27.0;4.64;68.0;2.83;
2022-02-26 16:00:00;33.0;0.0;33.0;3.92;76.15;3.24;
2022-02-26 17:00:00;4.0;0.0;4.0;2.85;85.35;3.59;
2022-02-26 18:00:00;0.0;0.0;0.0;2.07;85.3;4.41;
2022-02-26 19:00:00;0.0;0.0;0.0;1.11;82.0;4.9;
2022-02-26 20:00:00;0.0;0.0;0.0;0.54;81.9;4.83;
2022-02-26 21:00:00;0.0;0.0;0.0;0.06;75.7;4.76;
2022-02-26 22:00:00;0.0;0.0;0.0;-0.41;78.65;4.83;
2022-02-26 23:00:00;0.0;0.0;0.0;-0.73;81.75;5.17;
2022-02-27 00:00:00;0.0;0.0;0.0;-0.98;81.7;5.52;
2022-02-27 01:00:00;0.0;0.0;0.0;-1.15;78.5;5.66;
2022-02-27 02:00:00;0.0;0.0;0.0;-1.5;78.45;5.52;
2022-02-27 03:00:00;0.0;0.0;0.0;-2.02;75.3;5.17;
2022-02-27 04:00:00;0.0;0.0;0.0;-2.56;78.3;4.83;
2022-02-27 05:00:00;0.0;0.0;0.0;-2.99;78.2;4.69;
2022-02-27 06:00:00;0.0;0.0;0.0;-3.27;75.1;4.62;
2022-02-27 07:00:00;7.0;12.4;6.0;-3.38;78.2;4.62;
2022-02-27 08:00:00;154.0;459.78;50.0;-2.7;78.3;4.48;
2022-02-27 09:00:00;312.0;711.44;64.0;-1.56;69.55;5.17;
2022-02-27 10:00:00;377.0;523.31;147.0;-0.53;56.95;5.93;
2022-02-27 11:00:00;272.0;75.09;235.0;0.07;48.6;5.86;
2022-02-27 12:00:00;46.0;0.0;46.0;0.57;44.85;6.48;
2022-02-27 13:00:00;399.0;372.97;222.0;0.8;43.05;6.48;
2022-02-27 14:00:00;380.0;534.18;164.0;0.76;43.05;6.41;
2022-02-27 15:00:00;298.0;629.02;110.0;0.4;44.75;6.21;
2022-02-27 16:00:00;183.0;786.39;53.0;-0.15;44.6;5.66;
2022-02-27 17:00:00;14.0;0.0;14.0;-1.09;46.2;4.69;
2022-02-27 18:00:00;0.0;0.0;0.0;-2.06;47.9;4.21;
2022-02-27 19:00:00;0.0;0.0;0.0;-2.98;56.35;4.28;
2022-02-27 20:00:00;0.0;0.0;0.0;-3.44;56.35;4.21;
2022-02-27 21:00:00;0.0;0.0;0.0;-3.79;58.6;3.79;
2022-02-27 22:00:00;0.0;0.0;0.0;-4.15;60.95;3.17;
2022-02-27 23:00:00;0.0;0.0;0.0;-4.45;60.95;2.69;
2022-02-28 00:00:00;0.0;0.0;0.0;-4.71;63.45;2.48;
2022-02-28 01:00:00;0.0;0.0;0.0;-4.96;63.45;2.34;
2022-02-28 02:00:00;0.0;0.0;0.0;-5.18;66.05;2.28;
2022-02-28 03:00:00;0.0;0.0;0.0;-5.39;66.05;2.28;
2022-02-28 04:00:00;0.0;0.0;0.0;-5.64;68.75;2.14;
2022-02-28 05:00:00;0.0;0.0;0.0;-6.03;71.55;1.93;
2022-02-28 06:00:00;0.0;0.0;0.0;-6.52;74.55;1.86;
2022-02-28 07:00:00;8.0;0.0;8.0;-6.59;84.4;1.45;
2022-02-28 08:00:00;156.0;422.45;58.0;-4.6;71.85;1.1;
2022-02-28 09:00:00;316.0;696.93;69.0;-3.27;56.35;0.83;
2022-02-28 10:00:00;444.0;830.86;74.0;-2.28;47.9;0.41;
2022-02-28 11:00:00;524.0;888.64;81.0;-1.46;44.15;0.07;
2022-02-28 12:00:00;535.0;842.53;105.0;-0.81;39.15;0.55;
2022-02-28 13:00:00;510.0;841.54;106.0;-0.37;39.3;1.03;
2022-02-28 14:00:00;439.0;829.89;99.0;-0.19;44.6;1.38;
2022-02-28 15:00:00;343.0;911.11;66.0;-0.34;42.75;1.72;
2022-02-28 16:00:00;184.0;734.14;59.0;-3.14;51.48;1.9;
2022-02-28 17:00:00;19.0;0.0;19.0;-2.9;53.23;2.19;
2022-02-28 18:00:00;0.0;0.0;0.0;-2.66;54.98;2.49;
2022-02-28 19:00:00;0.0;0.0;0.0;-2.43;56.73;2.79;
2022-02-28 20:00:00;0.0;0.0;0.0;-2.19;58.48;3.09;
2022-02-28 21:00:00;0.0;0.0;0.0;-1.95;60.24;3.38;
2022-02-28 22:00:00;0.0;0.0;0.0;-1.71;61.99;3.68;
2022-02-28 23:00:00;0.0;0.0;0.0;-1.47;63.74;3.98;
2022-03-01 00:00:00;0.0;0.0;0.0;-1.23;65.49;4.27;
2022-03-01 01:00:00;0.0;0.0;0.0;-0.99;67.24;4.57;
2022-03-01 02:00:00;0.0;0.0;0.0;-0.75;68.99;4.87;
2022-03-01 03:00:00;0.0;0.0;0.0;-0.51;70.74;5.16;
2022-03-01 04:00:00;0.0;0.0;0.0;-0.27;72.49;5.46;
2022-03-01 05:00:00;0.0;0.0;0.0;-0.04;74.24;5.76;
2022-03-01 06:00:00;0.0;0.0;0.0;0.2;75.99;6.06;
2022-03-01 07:00:00;38.0;75.99;31.0;0.44;77.74;6.35;
2022-03-01 08:00:00;112.0;54.67;99.0;0.35;75.6;5.59;
2022-03-01 09:00:00;153.0;22.21;145.0;0.97;67.3;7.03;
2022-03-01 10:00:00;146.0;2.22;145.0;1.73;64.8;7.03;
2022-03-01 11:00:00;353.0;202.27;251.0;2.23;62.35;6.9;
2022-03-01 12:00:00;302.0;93.02;254.0;2.46;57.7;6.55;
2022-03-01 13:00:00;314.0;148.28;242.0;2.65;57.7;6.55;
2022-03-01 14:00:00;264.0;149.39;202.0;2.72;55.45;6.14;
2022-03-01 15:00:00;236.0;346.09;129.0;2.6;55.45;5.45;
2022-03-01 16:00:00;113.0;239.7;71.0;2.28;57.6;4.76;
2022-03-01 17:00:00;0.0;0.0;0.0;1.41;64.65;3.66;
2022-03-01 18:00:00;0.0;0.0;0.0;0.49;67.2;3.31;
2022-03-01 19:00:00;0.0;0.0;0.0;0.36;72.65;3.59;
2022-03-01 20:00:00;0.0;0.0;0.0;-0.23;75.55;3.66;
2022-03-01 21:00:00;0.0;0.0;0.0;-0.66;78.5;3.86;
2022-03-01 22:00:00;0.0;0.0;0.0;-0.93;78.5;3.66;
2022-03-01 23:00:00;0.0;0.0;0.0;-1.14;78.5;3.31;
2022-03-02 00:00:00;0.0;0.0;0.0;-1.65;81.65;3.45;
2022-03-02 01:00:00;0.0;0.0;0.0;-1.94;81.65;3.66;
2022-03-02 02:00:00;0.0;0.0;0.0;-2.07;81.65;3.59;
2022-03-02 03:00:00;0.0;0.0;0.0;-2.22;84.85;3.38;
2022-03-02 04:00:00;0.0;0.0;0.0;-2.32;88.3;3.17;
2022-03-02 05:00:00;0.0;0.0;0.0;-2.41;88.3;3.1;
2022-03-02 06:00:00;0.0;0.0;0.0;-2.52;88.3;3.17;
2022-03-02 07:00:00;60.0;275.77;33.0;-2.13;91.85;3.24;
2022-03-02 08:00:00;202.0;492.48;82.0;-1.06;88.4;3.24;
2022-03-02 09:00:00;349.0;688.25;97.0;0.83;78.75;4.69;
2022-03-02 10:00:00;458.0;763.66;109.0;2.04;64.9;5.03;
2022-03-02 11:00:00;439.0;439.17;215.0;2.77;60.05;5.03;
2022-03-02 12:00:00;363.0;193.61;262.0;3.43;51.3;5.24;
2022-03-02 13:00:00;356.0;234.18;241.0;4.0;43.9;5.66;
2022-03-02 14:00:00;256.0;121.33;205.0;4.2;45.7;5.52;
2022-03-02 15:00:00;267.0;493.16;112.0;3.97;51.55;5.17;
2022-03-02 16:00:00;132.0;371.89;65.0;3.42;57.8;4.28;
2022-03-02 17:00:00;0.0;0.0;0.0;2.25;67.5;3.1;
2022-03-02 18:00:00;0.0;0.0;0.0;0.95;75.75;2.9;
2022-03-02 19:00:00;0.0;0.0;0.0;0.39;88.45;3.24;
2022-03-02 20:00:00;0.0;0.0;0.0;0.07;88.45;3.1;
2022-03-02 21:00:00;0.0;0.0;0.0;-0.2;91.95;3.03;
2022-03-02 22:00:00;0.0;0.0;0.0;-0.45;91.95;2.83;
2022-03-02 23:00:00;0.0;0.0;0.0;-0.77;91.95;2.69;
2022-03-03 00:00:00;0.0;0.0;0.0;-1.05;91.95;2.34;
2022-03-03 01:00:00;0.0;0.0;0.0;-1.32;91.95;1.93;
2022-03-03 02:00:00;0.0;0.0;0.0;-1.66;91.9;1.72;
2022-03-03 03:00:00;0.0;0.0;0.0;-2.06;88.35;1.66;
2022-03-03 04:00:00;0.0;0.0;0.0;-2.58;88.3;1.45;
2022-03-03 05:00:00;0.0;0.0;0.0;-2.69;91.85;1.31;
2022-03-03 06:00:00;0.0;0.0;0.0;-2.83;91.85;1.45;
2022-03-03 07:00:00;47.0;96.39;37.0;-2.52;91.85;1.52;
2022-03-03 08:00:00;107.0;32.06;99.0;-0.95;91.95;1.52;
2022-03-03 09:00:00;96.0;0.0;96.0;0.48;85.15;1.38;
2022-03-03 10:00:00;132.0;0.0;132.0;1.56;82.0;1.93;
2022-03-03 11:00:00;193.0;5.82;190.0;2.29;78.95;2.07;
2022-03-03 12:00:00;152.0;0.0;152.0;2.91;76.0;1.79;
2022-03-03 13:00:00;398.0;346.37;226.0;2.97;73.2;1.86;
2022-03-03 14:00:00;366.0;472.21;165.0;3.26;73.2;2.34;
2022-03-03 15:00:00;240.0;325.59;136.0;3.14;70.4;2.41;
2022-03-03 16:00:00;92.0;86.44;76.0;2.62;70.3;2.0;
2022-03-03 17:00:00;5.0;0.0;5.0;1.99;73.0;1.59;
2022-03-03 18:00:00;0.0;0.0;0.0;0.67;81.9;1.66;
2022-03-03 19:00:00;0.0;0.0;0.0;-0.77;95.6;1.38;
2022-03-03 20:00:00;0.0;0.0;0.0;-0.94;91.95;1.17;
2022-03-03 21:00:00;0.0;0.0;0.0;-0.84;91.95;1.03;
2022-03-03 22:00:00;0.0;0.0;0.0;-1.39;91.95;1.1;
2022-03-03 23:00:00;0.0;0.0;0.0;-2.55;91.85;1.45;
2022-03-04 00:00:00;0.0;0.0;0.0;-3.47;91.8;1.86;
2022-03-04 01:00:00;0.0;0.0;0.0;-3.79;95.5;2.14;
2022-03-04 02:00:00;0.0;0.0;0.0;-3.84;95.5;2.34;
2022-03-04 03:00:00;0.0;0.0;0.0;-3.55;91.8;2.41;
2022-03-04 04:00:00;0.0;0.0;0.0;-3.08;88.25;2.55;
2022-03-04 05:00:00;0.0;0.0;0.0;-2.74;88.25;2.69;
2022-03-04 06:00:00;0.0;0.0;0.0;-2.58;88.3;2.83;
2022-03-04 07:00:00;51.0;100.34;40.0;-2.51;88.3;2.69;
2022-03-04 08:00:00;185.0;301.38;108.0;-1.08;91.95;2.62;
2022-03-04 09:00:00;351.0;627.01;114.0;0.88;85.15;2.97;
2022-03-04 10:00:00;474.0;774.38;111.0;2.45;65.0;4.34;
2022-03-04 11:00:00;375.0;220.46;260.0;3.27;57.8;4.55;
2022-03-04 12:00:00;205.0;7.5;201.0;3.83;57.95;4.69;
2022-03-04 13:00:00;243.0;35.85;225.0;3.77;55.7;4.76;
2022-03-04 14:00:00;359.0;413.03;181.0;3.61;57.95;4.76;
2022-03-04 15:00:00;278.0;502.26;115.0;3.32;60.15;4.48;
2022-03-04 16:00:00;130.0;289.44;75.0;2.82;62.5;4.0;
2022-03-04 17:00:00;8.0;0.0;8.0;2.06;64.9;2.97;
2022-03-04 18:00:00;0.0;0.0;0.0;0.81;72.75;2.34;
2022-03-04 19:00:00;0.0;0.0;0.0;-0.1;75.55;2.34;
2022-03-04 20:00:00;0.0;0.0;0.0;-0.97;78.5;2.34;
2022-03-04 21:00:00;0.0;0.0;0.0;-1.62;81.65;2.34;
2022-03-04 22:00:00;0.0;0.0;0.0;-2.13;84.85;2.28;
2022-03-04 23:00:00;0.0;0.0;0.0;-2.53;84.85;2.28;
2022-03-05 00:00:00;0.0;0.0;0.0;-2.64;88.25;2.41;
2022-03-05 01:00:00;0.0;0.0;0.0;-2.41;84.85;2.48;
2022-03-05 02:00:00;0.0;0.0;0.0;-2.41;84.85;2.62;
2022-03-05 03:00:00;0.0;0.0;0.0;-2.26;84.85;2.83;
2022-03-05 04:00:00;0.0;0.0;0.0;-1.98;81.65;3.24;
2022-03-05 05:00:00;0.0;0.0;0.0;-1.7;84.95;3.59;
2022-03-05 06:00:00;0.0;0.0;0.0;-1.37;85.0;3.86;
2022-03-05 07:00:00;74.0;302.92;39.0;-0.36;88.45;4.14;
2022-03-05 08:00:00;106.0;22.95;100.0;0.7;88.5;3.52;
2022-03-05 09:00:00;204.0;70.32;177.0;2.26;82.05;4.21;
2022-03-05 10:00:00;421.0;511.95;178.0;3.49;76.15;4.76;
2022-03-05 11:00:00;387.0;242.69;259.0;4.24;76.25;5.24;
2022-03-05 12:00:00;373.0;193.08;269.0;4.33;70.6;5.72;
2022-03-05 13:00:00;496.0;701.42;140.0;4.49;62.95;6.0;
2022-03-05 14:00:00;373.0;463.03;171.0;4.34;60.4;6.34;
2022-03-05 15:00:00;215.0;188.09;153.0;4.16;60.4;6.34;
2022-03-05 16:00:00;76.0;25.65;71.0;3.79;62.7;5.59;
2022-03-05 17:00:00;9.0;24.18;8.0;3.14;65.1;4.41;
2022-03-05 18:00:00;0.0;0.0;0.0;2.49;65.0;3.93;
2022-03-05 19:00:00;0.0;0.0;0.0;1.62;72.95;3.59;
2022-03-05 20:00:00;0.0;0.0;0.0;1.1;75.75;3.17;
2022-03-05 21:00:00;0.0;0.0;0.0;0.58;78.75;2.83;
2022-03-05 22:00:00;0.0;0.0;0.0;-0.04;81.8;2.69;
2022-03-05 23:00:00;0.0;0.0;0.0;-0.46;85.05;2.76;
2022-03-06 00:00:00;0.0;0.0;0.0;-0.74;85.0;2.83;
2022-03-06 01:00:00;0.0;0.0;0.0;-0.82;85.0;2.9;
2022-03-06 02:00:00;0.0;0.0;0.0;-0.8;85.0;2.97;
2022-03-06 03:00:00;0.0;0.0;0.0;-0.76;88.4;3.03;
2022-03-06 04:00:00;0.0;0.0;0.0;-0.57;88.45;3.03;
2022-03-06 05:00:00;0.0;0.0;0.0;-0.21;91.95;3.1;
2022-03-06 06:00:00;0.0;0.0;0.0;-0.02;88.45;2.97;
2022-03-06 07:00:00;51.0;57.61;44.0;0.29;92.0;3.1;
2022-03-06 08:00:00;67.0;0.0;67.0;1.35;92.05;3.31;
2022-03-06 09:00:00;379.0;730.94;94.0;2.73;88.65;3.86;
2022-03-06 10:00:00;371.0;307.98;223.0;3.73;85.45;4.14;
2022-03-06 11:00:00;275.0;50.64;248.0;4.41;82.3;4.76;
2022-03-06 12:00:00;472.0;451.97;226.0;4.91;76.3;5.52;
2022-03-06 13:00:00;494.0;668.6;151.0;4.45;73.4;6.34;
2022-03-06 14:00:00;239.0;72.47;207.0;4.54;70.7;6.62;
2022-03-06 15:00:00;177.0;74.69;152.0;4.44;70.6;6.48;
2022-03-06 16:00:00;81.0;30.02;75.0;3.96;67.9;6.07;
2022-03-06 17:00:00;10.0;21.69;9.0;3.29;70.4;5.24;
2022-03-06 18:00:00;0.0;0.0;0.0;2.52;70.3;4.69;
2022-03-06 19:00:00;0.0;0.0;0.0;1.72;78.9;4.14;
2022-03-06 20:00:00;0.0;0.0;0.0;1.44;75.85;4.0;
2022-03-06 21:00:00;0.0;0.0;0.0;1.2;78.8;3.93;
2022-03-06 22:00:00;0.0;0.0;0.0;1.27;78.8;3.79;
2022-03-06 23:00:00;0.0;0.0;0.0;0.89;81.9;3.1;
2022-03-07 00:00:00;0.0;0.0;0.0;0.38;88.45;2.76;
2022-03-07 01:00:00;0.0;0.0;0.0;0.0;88.45;2.62;
2022-03-07 02:00:00;0.0;0.0;0.0;-0.18;88.45;2.55;
2022-03-07 03:00:00;0.0;0.0;0.0;-0.6;91.95;2.41;
2022-03-07 04:00:00;0.0;0.0;0.0;-0.79;91.95;2.55;
2022-03-07 05:00:00;0.0;0.0;0.0;-0.95;91.95;2.48;
2022-03-07 06:00:00;0.0;0.0;0.0;-0.82;91.95;2.28;
2022-03-07 07:00:00;80.0;266.7;46.0;-0.29;95.6;1.86;
2022-03-07 08:00:00;241.0;603.4;76.0;0.9;95.65;1.59;
2022-03-07 09:00:00;385.0;735.05;94.0;2.89;85.35;1.86;
2022-03-07 10:00:00;452.0;610.52;155.0;4.11;73.4;2.62;
2022-03-07 11:00:00;508.0;621.52;173.0;4.78;65.4;3.17;
2022-03-07 12:00:00;456.0;389.15;242.0;5.4;58.3;3.79;
2022-03-07 13:00:00;332.0;142.73;258.0;5.73;54.05;4.07;
2022-03-07 14:00:00;293.0;170.1;217.0;6.16;48.15;4.14;
2022-03-07 15:00:00;146.0;26.49;137.0;6.24;52.1;4.0;
2022-03-07 16:00:00;31.0;0.0;31.0;5.78;58.45;3.72;
2022-03-07 17:00:00;22.0;177.01;13.0;4.86;68.0;3.79;
2022-03-07 18:00:00;0.0;0.0;0.0;4.02;73.4;3.93;
2022-03-07 19:00:00;0.0;0.0;0.0;3.18;88.7;3.86;
2022-03-07 20:00:00;0.0;0.0;0.0;3.01;88.7;3.86;
2022-03-07 21:00:00;0.0;0.0;0.0;2.89;95.7;4.14;
2022-03-07 22:00:00;0.0;0.0;0.0;2.69;95.7;4.34;
2022-03-07 23:00:00;0.0;0.0;0.0;2.54;95.7;4.48;
2022-03-08 00:00:00;0.0;0.0;0.0;2.41;95.65;4.62;
2022-03-08 01:00:00;0.0;0.0;0.0;2.37;95.65;4.76;
2022-03-08 02:00:00;0.0;0.0;0.0;2.4;95.65;4.83;
2022-03-08 03:00:00;0.0;0.0;0.0;2.49;92.15;4.76;
2022-03-08 04:00:00;0.0;0.0;0.0;2.58;92.15;4.41;
2022-03-08 05:00:00;0.0;0.0;0.0;2.72;95.7;4.14;
2022-03-08 06:00:00;0.0;0.0;0.0;2.86;95.7;3.93;
2022-03-08 07:00:00;11.0;0.0;11.0;3.06;95.7;3.72;
2022-03-08 08:00:00;42.0;0.0;42.0;3.51;95.7;3.66;
2022-03-08 09:00:00;85.0;0.0;85.0;4.24;99.4;3.72;
2022-03-08 10:00:00;90.0;0.0;90.0;5.3;99.4;3.59;
2022-03-08 11:00:00;178.0;1.84;177.0;6.64;95.8;3.86;
2022-03-08 12:00:00;104.0;0.0;104.0;7.95;99.4;4.14;
2022-03-08 13:00:00;65.0;0.0;65.0;8.5;92.45;4.83;
2022-03-08 14:00:00;38.0;0.0;38.0;8.66;92.45;5.59;
2022-03-08 15:00:00;62.0;0.0;62.0;8.85;92.45;5.38;
2022-03-08 16:00:00;28.0;0.0;28.0;8.91;95.85;5.31;
2022-03-08 17:00:00;2.0;0.0;2.0;8.87;95.85;4.76;
2022-03-08 18:00:00;0.0;0.0;0.0;8.74;92.45;4.07;
2022-03-08 19:00:00;0.0;0.0;0.0;8.75;95.85;4.69;
2022-03-08 20:00:00;0.0;0.0;0.0;8.63;95.85;4.48;
2022-03-08 21:00:00;0.0;0.0;0.0;8.5;95.85;4.14;
2022-03-08 22:00:00;0.0;0.0;0.0;8.33;95.85;3.79;
2022-03-08 23:00:00;0.0;0.0;0.0;8.26;95.85;3.79;
2022-03-09 00:00:00;0.0;0.0;0.0;8.18;95.85;3.86;
2022-03-09 01:00:00;0.0;0.0;0.0;8.15;95.85;4.0;
2022-03-09 02:00:00;0.0;0.0;0.0;8.23;95.85;4.21;
2022-03-09 03:00:00;0.0;0.0;0.0;8.31;95.85;4.55;
2022-03-09 04:00:00;0.0;0.0;0.0;8.25;95.85;4.62;
2022-03-09 05:00:00;0.0;0.0;0.0;7.87;95.8;4.28;
2022-03-09 06:00:00;0.0;0.0;0.0;7.29;95.8;3.93;
2022-03-09 07:00:00;17.0;0.0;17.0;6.96;99.4;3.86;
2022-03-09 08:00:00;110.0;17.51;105.0;6.41;99.4;3.72;
2022-03-09 09:00:00;112.0;0.0;112.0;6.23;99.4;3.17;
2022-03-09 10:00:00;106.0;0.0;106.0;6.15;99.4;2.97;
2022-03-09 11:00:00;181.0;1.82;180.0;6.27;99.4;3.52;
2022-03-09 12:00:00;114.0;0.0;114.0;6.4;95.8;4.0;
2022-03-09 13:00:00;97.0;0.0;97.0;6.57;95.8;3.72;
2022-03-09 14:00:00;181.0;13.12;175.0;7.26;92.35;3.79;
2022-03-09 15:00:00;193.0;100.03;158.0;7.76;89.05;3.17;
2022-03-09 16:00:00;117.0;125.88;90.0;8.36;85.9;3.03;
2022-03-09 17:00:00;23.0;82.92;18.0;8.26;85.9;2.9;
2022-03-09 18:00:00;0.0;0.0;0.0;7.43;89.0;3.38;
2022-03-09 19:00:00;0.0;0.0;0.0;7.54;85.85;4.62;
2022-03-09 20:00:00;0.0;0.0;0.0;7.07;89.0;5.1;
2022-03-09 21:00:00;0.0;0.0;0.0;6.69;89.0;5.52;
2022-03-09 22:00:00;0.0;0.0;0.0;6.35;88.95;5.79;
2022-03-09 23:00:00;0.0;0.0;0.0;5.99;85.7;5.86;
2022-03-10 00:00:00;0.0;0.0;0.0;5.52;82.5;5.72;
2022-03-10 01:00:00;0.0;0.0;0.0;5.21;85.6;5.66;
2022-03-10 02:00:00;0.0;0.0;0.0;4.97;82.4;5.45;
2022-03-10 03:00:00;0.0;0.0;0.0;4.57;85.55;5.24;
2022-03-10 04:00:00;0.0;0.0;0.0;4.08;85.5;5.1;
2022-03-10 05:00:00;0.0;0.0;0.0;3.75;88.75;4.97;
2022-03-10 06:00:00;0.0;0.0;0.0;3.54;85.45;4.76;
2022-03-10 07:00:00;100.0;350.21;49.0;3.45;85.45;4.83;
2022-03-10 08:00:00;192.0;216.04;129.0;4.19;85.5;4.55;
2022-03-10 09:00:00;290.0;234.35;193.0;4.88;85.55;5.38;
2022-03-10 10:00:00;68.0;0.0;68.0;5.16;85.6;4.97;
2022-03-10 11:00:00;309.0;73.7;268.0;5.56;85.65;4.69;
2022-03-10 12:00:00;156.0;0.0;156.0;6.46;85.7;4.69;
2022-03-10 13:00:00;126.0;0.0;126.0;6.8;79.55;4.76;
2022-03-10 14:00:00;164.0;4.32;162.0;6.32;79.5;5.31;
2022-03-10 15:00:00;54.0;0.0;54.0;5.53;79.4;5.31;
2022-03-10 16:00:00;73.0;9.12;71.0;4.91;85.55;4.48;
2022-03-10 17:00:00;9.0;0.0;9.0;4.33;88.8;4.28;
2022-03-10 18:00:00;0.0;0.0;0.0;3.92;92.15;3.52;
2022-03-10 19:00:00;0.0;0.0;0.0;3.7;92.15;2.97;
2022-03-10 20:00:00;0.0;0.0;0.0;3.68;92.15;2.28;
2022-03-10 21:00:00;0.0;0.0;0.0;3.62;92.15;1.93;
2022-03-10 22:00:00;0.0;0.0;0.0;3.57;95.7;1.79;
2022-03-10 23:00:00;0.0;0.0;0.0;3.51;95.7;1.86;
2022-03-11 00:00:00;0.0;0.0;0.0;3.17;95.7;2.0;
2022-03-11 01:00:00;0.0;0.0;0.0;2.98;92.15;2.14;
2022-03-11 02:00:00;0.0;0.0;0.0;3.02;95.7;2.55;
2022-03-11 03:00:00;0.0;0.0;0.0;3.35;95.7;2.55;
2022-03-11 04:00:00;0.0;0.0;0.0;3.51;95.7;2.34;
2022-03-11 05:00:00;0.0;0.0;0.0;3.45;95.7;2.0;
2022-03-11 06:00:00;0.0;0.0;0.0;3.33;99.4;1.66;
2022-03-11 07:00:00;58.0;32.95;53.0;3.25;95.7;3.1;
2022-03-11 08:00:00;95.0;3.36;94.0;3.0;95.7;3.86;
2022-03-11 09:00:00;134.0;2.38;133.0;2.65;95.7;4.41;
2022-03-11 10:00:00;136.0;0.0;136.0;2.75;88.65;5.1;
2022-03-11 11:00:00;141.0;0.0;141.0;3.31;79.1;6.76;
2022-03-11 12:00:00;72.0;0.0;72.0;4.12;65.3;6.76;
2022-03-11 13:00:00;252.0;29.62;236.0;4.3;60.4;6.28;
2022-03-11 14:00:00;84.0;0.0;84.0;4.15;58.05;6.28;
2022-03-11 15:00:00;213.0;125.04;168.0;3.67;55.7;6.28;
2022-03-11 16:00:00;166.0;365.8;84.0;2.72;57.7;6.14;
2022-03-11 17:00:00;17.0;14.34;16.0;1.55;57.45;5.66;
2022-03-11 18:00:00;0.0;0.0;0.0;0.4;59.45;4.97;
2022-03-11 19:00:00;0.0;0.0;0.0;-0.95;64.25;4.28;
2022-03-11 20:00:00;0.0;0.0;0.0;-1.58;64.25;3.79;
2022-03-11 21:00:00;0.0;0.0;0.0;-2.08;66.8;3.31;
2022-03-11 22:00:00;0.0;0.0;0.0;-2.45;69.45;2.83;
2022-03-11 23:00:00;0.0;0.0;0.0;-2.8;72.25;2.28;
2022-03-12 00:00:00;0.0;0.0;0.0;-3.41;78.2;1.79;
2022-03-12 01:00:00;0.0;0.0;0.0;-3.8;78.15;1.45;
2022-03-12 02:00:00;0.0;0.0;0.0;-2.33;69.45;1.03;
2022-03-12 03:00:00;0.0;0.0;0.0;-1.92;66.8;0.83;
2022-03-12 04:00:00;0.0;0.0;0.0;-1.78;66.8;0.55;
2022-03-12 05:00:00;0.0;0.0;0.0;-1.8;66.8;0.14;
2022-03-12 06:00:00;0.0;0.0;0.0;-1.61;64.1;0.28;
2022-03-12 07:00:00;75.0;76.02;63.0;-3.76;81.4;1.59;
2022-03-12 08:00:00;280.0;648.48;83.0;-2.11;66.65;2.14;
2022-03-12 09:00:00;411.0;685.52;119.0;-1.09;54.55;2.62;
2022-03-12 10:00:00;523.0;767.41;127.0;-0.15;54.7;2.9;
2022-03-12 11:00:00;572.0;734.36;155.0;0.54;46.6;3.59;
2022-03-12 12:00:00;627.0;908.47;102.0;0.93;44.85;3.03;
2022-03-12 13:00:00;590.0;909.28;94.0;1.17;44.85;2.48;
2022-03-12 14:00:00;493.0;843.86;94.0;1.35;44.85;2.21;
2022-03-12 15:00:00;357.0;739.98;87.0;1.35;43.05;2.21;
2022-03-12 16:00:00;194.0;550.26;68.0;1.12;41.3;2.41;
2022-03-12 17:00:00;41.0;255.35;22.0;0.41;50.5;1.93;
2022-03-12 18:00:00;0.0;0.0;0.0;-0.62;56.85;2.14;
2022-03-12 19:00:00;0.0;0.0;0.0;-1.83;61.55;2.14;
2022-03-12 20:00:00;0.0;0.0;0.0;-2.26;64.0;2.21;
2022-03-12 21:00:00;0.0;0.0;0.0;-2.69;63.9;2.34;
2022-03-12 22:00:00;0.0;0.0;0.0;-2.99;63.9;2.34;
2022-03-12 23:00:00;0.0;0.0;0.0;-3.31;69.25;2.34;
2022-03-13 00:00:00;0.0;0.0;0.0;-3.61;69.25;2.34;
2022-03-13 01:00:00;0.0;0.0;0.0;-3.86;72.05;2.48;
2022-03-13 02:00:00;0.0;0.0;0.0;-4.02;72.05;2.48;
2022-03-13 03:00:00;0.0;0.0;0.0;-4.13;74.95;2.55;
2022-03-13 04:00:00;0.0;0.0;0.0;-4.24;71.95;2.55;
2022-03-13 05:00:00;0.0;0.0;0.0;-4.34;71.95;2.55;
2022-03-13 06:00:00;0.0;0.0;0.0;-4.43;71.95;2.55;
2022-03-13 07:00:00;126.0;451.28;52.0;-3.93;78.15;2.48;
2022-03-13 08:00:00;285.0;648.61;84.0;-2.32;69.45;3.1;
2022-03-13 09:00:00;437.0;789.4;96.0;-0.76;64.25;3.31;
2022-03-13 10:00:00;542.0;825.81;111.0;0.6;50.65;3.45;
2022-03-13 11:00:00;612.0;876.96;109.0;1.69;45.0;3.45;
2022-03-13 12:00:00;628.0;894.7;106.0;2.49;47.15;3.24;
2022-03-13 13:00:00;594.0;907.73;94.0;2.9;49.15;3.1;
2022-03-13 14:00:00;487.0;797.12;106.0;3.17;47.3;3.17;
2022-03-13 15:00:00;325.0;529.97;129.0;3.24;49.25;3.45;
2022-03-13 16:00:00;208.0;628.79;61.0;2.99;49.25;3.38;
2022-03-13 17:00:00;49.0;341.39;22.0;1.91;59.8;2.62;
2022-03-13 18:00:00;0.0;0.0;0.0;0.31;67.1;2.83;
2022-03-13 19:00:00;0.0;0.0;0.0;-0.43;69.75;2.97;
2022-03-13 20:00:00;0.0;0.0;0.0;-0.9;72.5;2.9;
2022-03-13 21:00:00;0.0;0.0;0.0;-1.25;72.5;2.76;
2022-03-13 22:00:00;0.0;0.0;0.0;-1.5;72.5;2.83;
2022-03-13 23:00:00;0.0;0.0;0.0;-1.76;75.35;2.9;
2022-03-14 00:00:00;0.0;0.0;0.0;-1.89;75.35;2.83;
2022-03-14 01:00:00;0.0;0.0;0.0;-2.05;75.35;2.62;
2022-03-14 02:00:00;0.0;0.0;0.0;-2.29;78.35;2.55;
2022-03-14 03:00:00;0.0;0.0;0.0;-2.4;75.3;2.55;
2022-03-14 04:00:00;0.0;0.0;0.0;-2.51;75.3;2.41;
2022-03-14 05:00:00;0.0;0.0;0.0;-2.74;78.3;2.34;
2022-03-14 06:00:00;0.0;0.0;0.0;-2.87;78.3;2.41;
2022-03-14 07:00:00;132.0;470.24;52.0;-2.61;84.85;2.21;
2022-03-14 08:00:00;293.0;664.56;83.0;-0.84;75.45;2.55;
2022-03-14 09:00:00;0.0;0.0;0.0;0.75;67.2;2.83;
2022-03-14 10:00:00;542.0;809.02;115.0;2.3;62.35;2.83;
2022-03-14 11:00:00;615.0;871.76;110.0;3.56;57.95;2.9;
2022-03-14 12:00:00;575.0;668.98;181.0;4.64;53.8;3.1;
2022-03-14 13:00:00;464.0;390.19;247.0;5.55;51.95;3.24;
2022-03-14 14:00:00;372.0;302.22;226.0;6.18;50.05;3.31;
2022-03-14 15:00:00;131.0;5.34;129.0;6.49;48.25;3.17;
2022-03-14 16:00:00;103.0;37.73;94.0;6.34;52.1;2.9;
2022-03-14 17:00:00;33.0;59.7;28.0;5.32;60.65;2.21;
2022-03-14 18:00:00;0.0;0.0;0.0;3.68;65.2;2.62;
2022-03-14 19:00:00;0.0;0.0;0.0;2.82;67.6;2.76;
2022-03-14 20:00:00;0.0;0.0;0.0;2.06;70.2;2.83;
2022-03-14 21:00:00;0.0;0.0;0.0;1.35;72.85;2.83;
2022-03-14 22:00:00;0.0;0.0;0.0;0.71;75.7;2.62;
2022-03-14 23:00:00;0.0;0.0;0.0;0.19;78.65;2.41;
2022-03-15 00:00:00;0.0;0.0;0.0;-0.38;81.75;2.28;
2022-03-15 01:00:00;0.0;0.0;0.0;-0.86;85.0;2.28;
2022-03-15 02:00:00;0.0;0.0;0.0;-1.28;81.7;2.28;
2022-03-15 03:00:00;0.0;0.0;0.0;-1.52;81.7;2.14;
2022-03-15 04:00:00;0.0;0.0;0.0;-1.69;84.95;2.21;
2022-03-15 05:00:00;0.0;0.0;0.0;-1.72;81.65;2.28;
2022-03-15 06:00:00;0.0;0.0;0.0;-1.64;81.65;2.34;
2022-03-15 07:00:00;109.0;209.88;72.0;-0.68;81.7;2.14;
2022-03-15 08:00:00;261.0;425.32;124.0;0.21;75.6;2.34;
2022-03-15 09:00:00;444.0;774.76;100.0;1.46;70.1;2.69;
2022-03-15 10:00:00;551.0;820.74;113.0;3.17;65.1;3.1;
2022-03-15 11:00:00;620.0;871.83;110.0;4.74;60.5;3.45;
2022-03-15 12:00:00;626.0;852.89;119.0;5.94;56.2;3.72;
2022-03-15 13:00:00;584.0;835.36;115.0;6.71;52.2;3.79;
2022-03-15 14:00:00;497.0;802.99;105.0;7.02;52.35;3.93;
2022-03-15 15:00:00;355.0;661.09;104.0;6.81;54.3;4.07;
2022-03-15 16:00:00;178.0;332.89;97.0;6.27;56.3;3.93;
2022-03-15 17:00:00;53.0;294.09;27.0;5.19;60.65;3.45;
2022-03-15 18:00:00;0.0;0.0;0.0;3.44;67.7;3.38;
2022-03-15 19:00:00;0.0;0.0;0.0;2.29;73.0;3.45;
2022-03-15 20:00:00;0.0;0.0;0.0;1.28;75.75;3.45;
2022-03-15 21:00:00;0.0;0.0;0.0;0.46;78.75;3.52;
2022-03-15 22:00:00;0.0;0.0;0.0;-0.23;81.75;3.52;
2022-03-15 23:00:00;0.0;0.0;0.0;-0.88;85.0;3.38;
2022-03-16 00:00:00;0.0;0.0;0.0;-1.4;81.7;3.24;
2022-03-16 01:00:00;0.0;0.0;0.0;-1.78;84.95;3.1;
2022-03-16 02:00:00;0.0;0.0;0.0;-1.95;84.95;3.17;
2022-03-16 03:00:00;0.0;0.0;0.0;-2.0;84.95;3.31;
2022-03-16 04:00:00;0.0;0.0;0.0;-1.8;84.95;3.38;
2022-03-16 05:00:00;0.0;0.0;0.0;-1.42;85.0;3.38;
2022-03-16 06:00:00;0.0;0.0;0.0;-1.08;85.0;3.45;
2022-03-16 07:00:00;64.0;16.44;61.0;0.1;88.45;3.31;
2022-03-16 08:00:00;84.0;0.0;84.0;0.85;85.15;4.55;
2022-03-16 09:00:00;96.0;0.0;96.0;1.74;72.95;4.69;
2022-03-16 10:00:00;94.0;0.0;94.0;1.91;70.1;4.48;
2022-03-16 11:00:00;109.0;0.0;109.0;2.3;67.5;4.55;
2022-03-16 12:00:00;105.0;0.0;105.0;2.74;67.6;4.55;
2022-03-16 13:00:00;105.0;0.0;105.0;3.05;65.1;4.55;
2022-03-16 14:00:00;96.0;0.0;96.0;3.19;65.1;4.55;
2022-03-16 15:00:00;112.0;0.0;112.0;3.26;62.6;4.62;
2022-03-16 16:00:00;96.0;20.16;91.0;3.08;62.6;4.62;
2022-03-16 17:00:00;32.0;32.24;29.0;2.82;65.0;4.34;
2022-03-16 18:00:00;0.0;0.0;0.0;2.32;67.5;3.72;
2022-03-16 19:00:00;0.0;0.0;0.0;1.63;72.95;3.72;
2022-03-16 20:00:00;0.0;0.0;0.0;1.28;75.75;3.72;
2022-03-16 21:00:00;0.0;0.0;0.0;1.14;72.85;3.66;
2022-03-16 22:00:00;0.0;0.0;0.0;1.06;72.85;3.66;
2022-03-16 23:00:00;0.0;0.0;0.0;0.92;75.7;3.72;
2022-03-17 00:00:00;0.0;0.0;0.0;0.75;78.75;3.72;
2022-03-17 01:00:00;0.0;0.0;0.0;0.44;78.75;3.59;
2022-03-17 02:00:00;0.0;0.0;0.0;0.19;81.8;3.45;
2022-03-17 03:00:00;0.0;0.0;0.0;0.01;81.8;3.38;
2022-03-17 04:00:00;0.0;0.0;0.0;-0.21;88.45;3.38;
2022-03-17 05:00:00;0.0;0.0;0.0;-0.33;88.45;3.45;
2022-03-17 06:00:00;5.0;0.0;5.0;-0.46;88.45;3.52;
2022-03-17 07:00:00;81.0;42.41;73.0;0.21;88.45;3.24;
2022-03-17 08:00:00;154.0;38.88;141.0;1.25;81.95;4.9;
2022-03-17 09:00:00;372.0;394.73;192.0;2.4;78.95;4.62;
2022-03-17 10:00:00;464.0;434.58;227.0;3.13;70.4;4.97;
2022-03-17 11:00:00;467.0;311.92;281.0;3.57;67.8;4.97;
2022-03-17 12:00:00;200.0;1.65;199.0;4.05;65.3;4.9;
2022-03-17 13:00:00;283.0;40.21;260.0;4.44;65.3;4.83;
2022-03-17 14:00:00;153.0;0.0;153.0;4.54;62.95;4.76;
2022-03-17 15:00:00;111.0;0.0;111.0;4.35;65.3;4.62;
2022-03-17 16:00:00;102.0;23.74;96.0;4.03;65.3;4.41;
2022-03-17 17:00:00;34.0;30.72;31.0;3.54;67.8;3.66;
2022-03-17 18:00:00;0.0;0.0;0.0;2.94;70.4;3.86;
2022-03-17 19:00:00;0.0;0.0;0.0;1.93;75.85;4.34;
2022-03-17 20:00:00;0.0;0.0;0.0;1.45;72.95;4.34;
2022-03-17 21:00:00;0.0;0.0;0.0;1.11;75.75;4.21;
2022-03-17 22:00:00;0.0;0.0;0.0;0.92;75.7;4.14;
2022-03-17 23:00:00;0.0;0.0;0.0;0.82;75.7;4.07;
2022-03-18 00:00:00;0.0;0.0;0.0;0.73;72.75;4.0;
2022-03-18 01:00:00;0.0;0.0;0.0;0.79;72.75;4.0;
2022-03-18 02:00:00;0.0;0.0;0.0;0.73;72.75;4.07;
2022-03-18 03:00:00;0.0;0.0;0.0;0.52;72.75;4.14;
2022-03-18 04:00:00;0.0;0.0;0.0;0.47;72.75;4.28;
2022-03-18 05:00:00;0.0;0.0;0.0;0.2;75.6;4.34;
2022-03-18 06:00:00;8.0;0.0;8.0;-0.31;78.6;4.41;
2022-03-18 07:00:00;148.0;420.91;66.0;-0.04;81.8;4.28;
2022-03-18 08:00:00;304.0;599.22;100.0;1.06;78.8;5.38;
2022-03-18 09:00:00;444.0;694.82;123.0;2.35;73.0;6.0;
2022-03-18 10:00:00;542.0;716.65;147.0;3.44;70.4;5.66;
2022-03-18 11:00:00;609.0;769.2;146.0;4.64;62.95;5.66;
2022-03-18 12:00:00;619.0;772.79;147.0;5.83;60.75;5.72;
2022-03-18 13:00:00;586.0;786.65;132.0;6.69;58.65;5.66;
2022-03-18 14:00:00;500.0;759.03;118.0;7.22;61.1;5.52;
2022-03-18 15:00:00;370.0;674.71;104.0;7.19;61.1;5.52;
2022-03-18 16:00:00;213.0;512.67;81.0;6.76;63.35;5.52;
2022-03-18 17:00:00;63.0;293.31;33.0;5.79;68.2;4.83;
2022-03-18 18:00:00;0.0;0.0;0.0;4.21;73.4;4.69;
2022-03-18 19:00:00;0.0;0.0;0.0;3.09;79.1;4.41;
2022-03-18 20:00:00;0.0;0.0;0.0;2.17;82.05;4.21;
2022-03-18 21:00:00;0.0;0.0;0.0;1.44;85.25;4.0;
2022-03-18 22:00:00;0.0;0.0;0.0;0.77;88.5;3.72;
2022-03-18 23:00:00;0.0;0.0;0.0;0.19;92.0;3.45;
2022-03-19 00:00:00;0.0;0.0;0.0;-0.25;91.95;3.31;
2022-03-19 01:00:00;0.0;0.0;0.0;-0.59;95.6;3.17;
2022-03-19 02:00:00;0.0;0.0;0.0;-0.93;91.95;3.03;
2022-03-19 03:00:00;0.0;0.0;0.0;-1.24;91.95;3.1;
2022-03-19 04:00:00;0.0;0.0;0.0;-1.47;88.4;3.17;
2022-03-19 05:00:00;0.0;0.0;0.0;-1.64;91.9;3.24;
2022-03-19 06:00:00;6.0;0.0;6.0;-1.8;91.9;3.17;
2022-03-19 07:00:00;76.0;19.9;72.0;-1.27;95.6;3.1;
2022-03-19 08:00:00;120.0;5.77;118.0;-0.04;92.0;3.52;
2022-03-19 09:00:00;148.0;0.0;148.0;1.59;88.6;3.52;
2022-03-19 10:00:00;195.0;1.8;194.0;3.02;82.2;3.66;
2022-03-19 11:00:00;516.0;408.22;268.0;4.66;76.3;3.66;
2022-03-19 12:00:00;613.0;714.1;173.0;6.04;70.95;3.79;
2022-03-19 13:00:00;579.0;723.0;158.0;7.22;68.5;3.79;
2022-03-19 14:00:00;498.0;714.22;135.0;7.89;66.05;3.86;
2022-03-19 15:00:00;378.0;686.63;104.0;8.04;63.7;3.93;
2022-03-19 16:00:00;221.0;534.05;81.0;7.72;66.05;3.93;
2022-03-19 17:00:00;69.0;336.84;33.0;6.9;71.05;3.31;
2022-03-19 18:00:00;0.0;0.0;0.0;5.49;76.5;3.03;
2022-03-19 19:00:00;0.0;0.0;0.0;3.81;85.45;2.9;
2022-03-19 20:00:00;0.0;0.0;0.0;3.19;88.7;2.83;
2022-03-19 21:00:00;0.0;0.0;0.0;2.84;92.15;2.83;
2022-03-19 22:00:00;0.0;0.0;0.0;2.57;92.15;2.76;
2022-03-19 23:00:00;0.0;0.0;0.0;2.39;95.65;2.62;
2022-03-20 00:00:00;0.0;0.0;0.0;2.2;95.65;2.48;
2022-03-20 01:00:00;0.0;0.0;0.0;2.09;95.65;2.48;
2022-03-20 02:00:00;0.0;0.0;0.0;2.03;95.65;2.55;
2022-03-20 03:00:00;0.0;0.0;0.0;1.94;92.1;2.48;
2022-03-20 04:00:00;0.0;0.0;0.0;1.66;95.65;2.41;
2022-03-20 05:00:00;0.0;0.0;0.0;1.71;95.65;2.34;
2022-03-20 06:00:00;6.0;0.0;6.0;1.79;95.65;2.28;
2022-03-20 07:00:00;91.0;43.44;82.0;2.37;92.1;2.21;
2022-03-20 08:00:00;150.0;25.52;141.0;3.19;82.2;3.24;
2022-03-20 09:00:00;198.0;16.88;190.0;3.87;79.15;3.31;
2022-03-20 10:00:00;168.0;0.0;168.0;4.95;76.3;3.31;
2022-03-20 11:00:00;217.0;3.26;215.0;5.83;73.65;3.1;
2022-03-20 12:00:00;193.0;0.0;193.0;6.81;71.05;3.1;
2022-03-20 13:00:00;0.0;0.0;0.0;7.56;66.05;3.17;
2022-03-20 14:00:00;237.0;29.23;222.0;7.99;68.6;3.31;
2022-03-20 15:00:00;205.0;56.96;182.0;7.97;68.6;3.52;
2022-03-20 16:00:00;152.0;123.69;119.0;7.7;66.05;3.66;
2022-03-20 17:00:00;39.0;26.92;36.0;7.0;68.5;3.17;
2022-03-20 18:00:00;0.0;0.0;0.0;5.94;73.65;3.24;
2022-03-20 19:00:00;0.0;0.0;0.0;4.65;76.3;3.24;
2022-03-20 20:00:00;0.0;0.0;0.0;4.32;76.25;3.59;
2022-03-20 21:00:00;0.0;0.0;0.0;3.87;79.15;3.86;
2022-03-20 22:00:00;0.0;0.0;0.0;3.29;79.1;4.14;
2022-03-20 23:00:00;0.0;0.0;0.0;2.89;79.0;4.41;
2022-03-21 00:00:00;0.0;0.0;0.0;2.32;78.95;4.48;
2022-03-21 01:00:00;0.0;0.0;0.0;1.79;78.9;4.41;
2022-03-21 02:00:00;0.0;0.0;0.0;1.31;78.8;4.34;
2022-03-21 03:00:00;0.0;0.0;0.0;0.98;75.75;4.14;
2022-03-21 04:00:00;0.0;0.0;0.0;0.77;78.75;4.07;
2022-03-21 05:00:00;0.0;0.0;0.0;0.74;75.7;4.14;
2022-03-21 06:00:00;16.0;37.25;14.0;0.64;75.7;4.21;
2022-03-21 07:00:00;100.0;60.93;87.0;1.0;75.75;3.52;
2022-03-21 08:00:00;161.0;33.45;149.0;1.72;72.95;4.28;
2022-03-21 09:00:00;217.0;27.09;204.0;2.4;64.9;5.52;
2022-03-21 10:00:00;407.0;225.16;279.0;3.12;60.15;5.1;
2022-03-21 11:00:00;534.0;444.54;259.0;4.09;55.85;5.03;
2022-03-21 12:00:00;549.0;467.44;256.0;4.69;55.95;4.9;
2022-03-21 13:00:00;507.0;437.1;248.0;5.1;53.9;4.83;
2022-03-21 14:00:00;372.0;235.48;250.0;5.33;53.9;4.76;
2022-03-21 15:00:00;235.0;102.8;193.0;5.45;53.9;4.83;
2022-03-21 16:00:00;113.0;29.47;105.0;5.14;51.8;4.69;
2022-03-21 17:00:00;51.0;86.2;41.0;4.7;53.8;4.0;
2022-03-21 18:00:00;0.0;0.0;0.0;4.0;55.85;3.72;
2022-03-21 19:00:00;0.0;0.0;0.0;3.53;60.3;3.93;
2022-03-21 20:00:00;0.0;0.0;0.0;2.87;65.0;3.93;
2022-03-21 21:00:00;0.0;0.0;0.0;2.27;70.2;3.93;
2022-03-21 22:00:00;0.0;0.0;0.0;1.55;72.95;3.72;
2022-03-21 23:00:00;0.0;0.0;0.0;0.96;78.8;3.45;
2022-03-22 00:00:00;0.0;0.0;0.0;0.47;81.9;3.31;
2022-03-22 01:00:00;0.0;0.0;0.0;-0.06;85.1;3.17;
2022-03-22 02:00:00;0.0;0.0;0.0;-0.53;88.45;3.1;
2022-03-22 03:00:00;0.0;0.0;0.0;-0.9;88.4;3.03;
2022-03-22 04:00:00;0.0;0.0;0.0;-1.07;88.4;2.9;
2022-03-22 05:00:00;0.0;0.0;0.0;-1.15;85.0;2.55;
2022-03-22 06:00:00;28.0;183.6;17.0;-1.51;85.0;2.21;
2022-03-22 07:00:00;187.0;569.43;62.0;-0.73;91.95;2.07;
2022-03-22 08:00:00;344.0;685.39;94.0;1.18;81.95;2.62;
2022-03-22 09:00:00;467.0;677.33;138.0;2.79;67.6;3.66;
2022-03-22 10:00:00;477.0;383.15;257.0;3.82;57.95;4.41;
2022-03-22 11:00:00;547.0;453.44;264.0;4.46;53.8;4.21;
2022-03-22 12:00:00;555.0;455.62;267.0;5.03;51.8;4.07;
2022-03-22 13:00:00;562.0;592.37;208.0;5.32;51.8;4.07;
2022-03-22 14:00:00;505.0;673.08;153.0;5.49;49.95;4.21;
2022-03-22 15:00:00;363.0;525.06;146.0;5.35;51.8;4.28;
2022-03-22 16:00:00;221.0;438.35;100.0;4.95;51.7;4.21;
2022-03-22 17:00:00;79.0;331.79;39.0;4.37;53.65;3.66;
2022-03-22 18:00:00;0.0;0.0;0.0;3.06;60.15;3.45;
2022-03-22 19:00:00;0.0;0.0;0.0;2.15;64.9;3.52;
2022-03-22 20:00:00;0.0;0.0;0.0;1.27;70.05;3.52;
2022-03-22 21:00:00;0.0;0.0;0.0;0.49;72.75;3.45;
2022-03-22 22:00:00;0.0;0.0;0.0;-0.12;78.6;3.38;
2022-03-22 23:00:00;0.0;0.0;0.0;-0.68;81.7;3.31;
2022-03-23 00:00:00;0.0;0.0;0.0;-1.08;81.7;3.24;
2022-03-23 01:00:00;0.0;0.0;0.0;-1.35;81.7;3.1;
2022-03-23 02:00:00;0.0;0.0;0.0;-1.56;81.7;3.03;
2022-03-23 03:00:00;0.0;0.0;0.0;-1.74;81.65;3.03;
2022-03-23 04:00:00;0.0;0.0;0.0;-1.91;81.65;3.03;
2022-03-23 05:00:00;0.0;0.0;0.0;-2.06;81.65;2.9;
2022-03-23 06:00:00;36.0;272.19;18.0;-2.18;84.85;2.69;
2022-03-23 07:00:00;192.0;567.19;64.0;-1.16;81.7;2.9;
2022-03-23 08:00:00;352.0;693.1;95.0;0.76;75.7;3.66;
2022-03-23 09:00:00;481.0;709.91;132.0;2.68;67.6;4.07;
2022-03-23 10:00:00;582.0;741.54;152.0;4.44;62.8;4.41;
2022-03-23 11:00:00;637.0;748.11;166.0;5.94;54.05;4.83;
2022-03-23 12:00:00;642.0;735.86;173.0;7.08;48.4;5.1;
2022-03-23 13:00:00;615.0;779.91;145.0;7.9;46.65;5.1;
2022-03-23 14:00:00;526.0;742.69;134.0;8.43;46.8;4.76;
2022-03-23 15:00:00;402.0;705.79;107.0;8.67;45.15;4.55;
2022-03-23 16:00:00;248.0;602.26;79.0;8.54;46.95;4.41;
2022-03-23 17:00:00;91.0;439.7;36.0;7.59;52.45;4.0;
2022-03-23 18:00:00;0.0;0.0;0.0;5.9;58.45;3.93;
2022-03-23 19:00:00;0.0;0.0;0.0;5.34;56.05;4.34;
2022-03-23 20:00:00;0.0;0.0;0.0;5.01;56.05;4.62;
2022-03-23 21:00:00;0.0;0.0;0.0;4.84;58.2;4.41;
2022-03-23 22:00:00;0.0;0.0;0.0;4.81;60.5;4.34;
2022-03-23 23:00:00;0.0;0.0;0.0;4.84;62.95;4.48;
2022-03-24 00:00:00;0.0;0.0;0.0;4.97;60.65;4.48;
2022-03-24 01:00:00;0.0;0.0;0.0;4.94;65.4;4.48;
2022-03-24 02:00:00;0.0;0.0;0.0;4.81;65.4;4.55;
2022-03-24 03:00:00;0.0;0.0;0.0;4.55;65.4;4.48;
2022-03-24 04:00:00;0.0;0.0;0.0;4.28;70.6;4.55;
2022-03-24 05:00:00;0.0;0.0;0.0;4.19;70.6;4.69;
2022-03-24 06:00:00;21.0;27.64;19.0;4.3;73.4;4.62;
2022-03-24 07:00:00;37.0;0.0;37.0;5.17;76.4;4.28;
2022-03-24 08:00:00;0.0;0.0;0.0;6.21;76.55;4.0;
2022-03-24 09:00:00;94.0;0.0;94.0;7.16;79.65;3.86;
2022-03-24 10:00:00;91.0;0.0;91.0;7.59;82.7;3.86;
2022-03-24 11:00:00;144.0;0.0;144.0;8.1;85.9;3.45;
2022-03-24 12:00:00;181.0;0.0;181.0;9.49;89.15;3.03;
2022-03-24 13:00:00;101.0;0.0;101.0;11.69;83.1;2.97;
2022-03-24 14:00:00;391.0;270.37;247.0;13.44;80.35;2.28;
2022-03-24 15:00:00;219.0;68.62;190.0;13.85;77.6;1.93;
2022-03-24 16:00:00;165.0;143.78;124.0;13.51;83.25;2.21;
2022-03-24 17:00:00;62.0;108.03;48.0;12.53;86.2;2.41;
2022-03-24 18:00:00;0.0;0.0;0.0;11.16;89.3;2.83;
2022-03-24 19:00:00;0.0;0.0;0.0;10.29;92.5;2.62;
2022-03-24 20:00:00;0.0;0.0;0.0;9.67;92.45;2.76;
2022-03-24 21:00:00;0.0;0.0;0.0;9.3;92.45;2.76;
2022-03-24 22:00:00;0.0;0.0;0.0;8.94;92.45;2.69;
2022-03-24 23:00:00;0.0;0.0;0.0;8.8;92.45;2.76;
2022-03-25 00:00:00;0.0;0.0;0.0;8.57;92.45;2.97;
2022-03-25 01:00:00;0.0;0.0;0.0;8.4;95.85;3.24;
2022-03-25 02:00:00;0.0;0.0;0.0;8.4;92.4;3.59;
2022-03-25 03:00:00;0.0;0.0;0.0;8.31;92.4;3.79;
2022-03-25 04:00:00;0.0;0.0;0.0;8.22;92.4;3.79;
2022-03-25 05:00:00;0.0;0.0;0.0;8.7;92.45;3.93;
2022-03-25 06:00:00;34.0;101.84;26.0;8.96;92.45;4.07;
2022-03-25 07:00:00;113.0;67.24;97.0;9.55;92.45;4.55;
2022-03-25 08:00:00;83.0;0.0;83.0;10.05;89.2;4.9;
2022-03-25 09:00:00;286.0;95.37;238.0;10.55;89.25;5.52;
2022-03-25 10:00:00;344.0;98.12;286.0;11.48;86.1;5.52;
2022-03-25 11:00:00;513.0;356.02;285.0;12.09;77.35;5.93;
2022-03-25 12:00:00;363.0;78.74;312.0;12.55;72.05;6.41;
2022-03-25 13:00:00;509.0;413.01;256.0;13.51;64.65;6.55;
2022-03-25 14:00:00;481.0;565.71;177.0;13.88;60.2;5.93;
2022-03-25 15:00:00;219.0;65.54;191.0;14.14;58.1;5.1;
2022-03-25 16:00:00;78.0;0.0;78.0;13.74;60.2;4.21;
2022-03-25 17:00:00;39.0;7.46;38.0;12.9;66.95;4.55;
2022-03-25 18:00:00;0.0;0.0;0.0;12.33;74.6;5.1;
2022-03-25 19:00:00;0.0;0.0;0.0;11.85;83.1;4.69;
2022-03-25 20:00:00;0.0;0.0;0.0;11.74;89.3;4.62;
2022-03-25 21:00:00;0.0;0.0;0.0;11.72;95.9;4.83;
2022-03-25 22:00:00;0.0;0.0;0.0;12.06;95.95;5.31;
2022-03-25 23:00:00;0.0;0.0;0.0;12.39;95.95;5.93;
2022-03-26 00:00:00;0.0;0.0;0.0;12.56;92.6;6.34;
2022-03-26 01:00:00;0.0;0.0;0.0;12.74;92.6;6.55;
2022-03-26 02:00:00;0.0;0.0;0.0;12.78;92.6;6.48;
2022-03-26 03:00:00;0.0;0.0;0.0;12.58;89.4;6.34;
2022-03-26 04:00:00;0.0;0.0;0.0;12.51;92.6;6.21;
2022-03-26 05:00:00;0.0;0.0;0.0;12.41;92.6;6.14;
2022-03-26 06:00:00;12.0;0.0;12.0;12.3;89.35;5.59;
2022-03-26 07:00:00;103.0;40.97;93.0;12.34;92.6;5.31;
2022-03-26 08:00:00;327.0;517.0;126.0;12.49;92.6;5.1;
2022-03-26 09:00:00;279.0;82.5;237.0;12.96;89.4;5.03;
2022-03-26 10:00:00;218.0;5.03;215.0;13.85;86.35;5.72;
2022-03-26 11:00:00;398.0;125.43;317.0;14.86;77.75;6.34;
2022-03-26 12:00:00;397.0;116.41;321.0;15.39;72.45;6.55;
2022-03-26 13:00:00;409.0;174.9;301.0;16.09;67.65;5.52;
2022-03-26 14:00:00;163.0;0.0;163.0;16.34;72.65;4.07;
2022-03-26 15:00:00;167.0;13.89;161.0;16.65;72.7;4.0;
2022-03-26 16:00:00;159.0;108.77;127.0;16.22;75.25;4.07;
2022-03-26 17:00:00;51.0;36.09;46.0;15.81;77.85;4.07;
2022-03-26 18:00:00;0.0;0.0;0.0;15.35;80.6;4.0;
2022-03-26 19:00:00;0.0;0.0;0.0;14.1;89.5;3.66;
2022-03-26 20:00:00;0.0;0.0;0.0;13.68;92.65;3.59;
2022-03-26 21:00:00;0.0;0.0;0.0;13.51;95.95;3.45;
2022-03-26 22:00:00;0.0;0.0;0.0;13.35;92.65;3.38;
2022-03-26 23:00:00;0.0;0.0;0.0;13.18;92.65;3.59;
2022-03-27 00:00:00;0.0;0.0;0.0;13.43;92.65;4.34;
2022-03-27 01:00:00;0.0;0.0;0.0;13.76;89.45;4.97;
2022-03-27 02:00:00;0.0;0.0;0.0;13.66;89.45;4.48;
2022-03-27 03:00:00;0.0;0.0;0.0;12.94;89.4;3.86;
2022-03-27 04:00:00;0.0;0.0;0.0;12.39;89.35;3.93;
2022-03-27 05:00:00;0.0;0.0;0.0;12.13;86.2;4.14;
2022-03-27 06:00:00;13.0;0.0;13.0;12.05;86.2;4.55;
2022-03-27 07:00:00;69.0;0.0;69.0;12.63;83.25;5.31;
2022-03-27 08:00:00;242.0;152.0;182.0;13.26;83.25;5.72;
2022-03-27 09:00:00;467.0;600.2;158.0;14.72;77.75;5.86;
2022-03-27 10:00:00;311.0;54.79;278.0;15.66;70.0;8.0;
2022-03-27 11:00:00;287.0;19.97;274.0;16.21;67.65;7.86;
2022-03-27 12:00:00;59.0;0.0;59.0;15.91;70.0;6.76;
2022-03-27 13:00:00;272.0;19.28;260.0;16.71;63.05;7.72;
2022-03-27 14:00:00;468.0;480.98;205.0;14.47;74.95;6.14;
2022-03-27 15:00:00;170.0;13.75;164.0;14.92;72.4;5.93;
2022-03-27 16:00:00;224.0;378.34;111.0;13.44;74.75;7.72;
2022-03-27 17:00:00;96.0;356.62;45.0;12.83;72.05;7.38;
2022-03-27 18:00:00;0.0;0.0;0.0;12.44;71.95;6.83;
2022-03-27 19:00:00;0.0;0.0;0.0;12.05;66.85;6.62;
2022-03-27 20:00:00;0.0;0.0;0.0;11.54;69.25;6.14;
2022-03-27 21:00:00;0.0;0.0;0.0;11.17;71.75;5.79;
2022-03-27 22:00:00;0.0;0.0;0.0;10.99;74.4;5.59;
2022-03-27 23:00:00;0.0;0.0;0.0;10.85;74.4;5.66;
2022-03-28 00:00:00;0.0;0.0;0.0;10.54;71.7;5.93;
2022-03-28 01:00:00;0.0;0.0;0.0;10.17;71.6;6.21;
2022-03-28 02:00:00;0.0;0.0;0.0;9.61;74.2;6.28;
2022-03-28 03:00:00;0.0;0.0;0.0;9.3;74.2;6.21;
2022-03-28 04:00:00;0.0;0.0;0.0;9.18;74.2;6.07;
2022-03-28 05:00:00;0.0;0.0;0.0;9.19;74.2;6.07;
2022-03-28 06:00:00;36.0;51.49;31.0;9.07;74.2;6.14;
2022-03-28 07:00:00;223.0;601.07;69.0;8.98;79.85;6.21;
2022-03-28 08:00:00;186.0;37.44;171.0;9.54;77.0;7.72;
2022-03-28 09:00:00;167.0;1.92;166.0;10.38;71.6;8.14;
2022-03-28 10:00:00;98.0;0.0;98.0;11.2;61.85;7.72;
2022-03-28 11:00:00;669.0;804.47;141.0;11.9;57.55;7.93;
2022-03-28 12:00:00;486.0;241.34;326.0;12.39;53.5;7.93;
2022-03-28 13:00:00;533.0;428.9;264.0;12.5;53.5;7.52;
2022-03-28 14:00:00;509.0;600.23;178.0;12.41;53.5;7.31;
2022-03-28 15:00:00;413.0;673.59;116.0;12.28;53.5;6.9;
2022-03-28 16:00:00;242.0;442.07;108.0;11.71;57.55;6.07;
2022-03-28 17:00:00;106.0;413.72;45.0;11.04;59.6;5.52;
2022-03-28 18:00:00;0.0;0.0;0.0;9.95;66.35;5.45;
2022-03-28 19:00:00;0.0;0.0;0.0;8.99;68.8;6.0;
2022-03-28 20:00:00;0.0;0.0;0.0;8.49;71.35;6.14;
2022-03-28 21:00:00;0.0;0.0;0.0;7.95;73.95;6.14;
2022-03-28 22:00:00;0.0;0.0;0.0;7.58;73.95;6.14;
2022-03-28 23:00:00;0.0;0.0;0.0;7.38;79.65;6.14;
2022-03-29 00:00:00;0.0;0.0;0.0;7.39;79.65;6.07;
2022-03-29 01:00:00;0.0;0.0;0.0;7.58;79.7;6.07;
2022-03-29 02:00:00;0.0;0.0;0.0;7.66;79.7;5.93;
2022-03-29 03:00:00;0.0;0.0;0.0;7.66;79.7;5.93;
2022-03-29 04:00:00;0.0;0.0;0.0;7.43;85.8;5.31;
2022-03-29 05:00:00;0.0;0.0;0.0;7.17;89.0;5.17;
2022-03-29 06:00:00;59.0;242.13;34.0;7.17;89.0;4.62;
2022-03-29 07:00:00;63.0;0.0;63.0;7.43;92.35;3.93;
2022-03-29 08:00:00;272.0;206.63;188.0;8.07;85.9;3.79;
2022-03-29 09:00:00;267.0;53.21;239.0;8.74;82.85;4.0;
2022-03-29 10:00:00;334.0;68.49;292.0;9.75;82.9;4.07;
2022-03-29 11:00:00;141.0;0.0;141.0;10.11;79.95;4.07;
2022-03-29 12:00:00;119.0;0.0;119.0;11.01;80.05;4.28;
2022-03-29 13:00:00;154.0;0.0;154.0;11.95;77.3;4.76;
2022-03-29 14:00:00;280.0;48.56;253.0;12.57;74.7;4.9;
2022-03-29 15:00:00;229.0;62.86;201.0;12.12;74.6;4.9;
2022-03-29 16:00:00;0.0;0.0;0.0;12.13;71.95;4.41;
2022-03-29 17:00:00;71.0;85.61;58.0;11.47;74.45;4.14;
2022-03-29 18:00:00;0.0;0.0;0.0;10.48;77.1;3.24;
2022-03-29 19:00:00;0.0;0.0;0.0;9.54;79.9;3.1;
2022-03-29 20:00:00;0.0;0.0;0.0;8.78;79.85;3.38;
2022-03-29 21:00:00;0.0;0.0;0.0;8.51;76.95;4.21;
2022-03-29 22:00:00;0.0;0.0;0.0;8.71;74.15;4.69;
2022-03-29 23:00:00;0.0;0.0;0.0;9.2;71.5;5.1;
2022-03-30 00:00:00;0.0;0.0;0.0;9.89;71.5;5.93;
2022-03-30 01:00:00;0.0;0.0;0.0;9.82;79.9;6.41;
2022-03-30 02:00:00;0.0;0.0;0.0;9.71;85.95;6.62;
2022-03-30 03:00:00;0.0;0.0;0.0;10.0;89.15;7.1;
2022-03-30 04:00:00;0.0;0.0;0.0;10.27;89.2;7.45;
2022-03-30 05:00:00;0.0;0.0;0.0;10.46;89.2;8.07;
2022-03-30 06:00:00;38.0;36.57;34.0;10.58;89.25;7.45;
2022-03-30 07:00:00;111.0;29.82;103.0;11.27;92.55;6.69;
2022-03-30 08:00:00;208.0;60.63;183.0;11.52;92.55;6.83;
2022-03-30 09:00:00;241.0;28.2;226.0;11.88;89.3;7.24;
2022-03-30 10:00:00;185.0;0.0;185.0;12.38;86.2;6.9;
2022-03-30 11:00:00;235.0;3.0;233.0;13.49;74.75;9.31;
2022-03-30 12:00:00;136.0;0.0;136.0;14.11;67.25;9.1;
2022-03-30 13:00:00;295.0;28.27;277.0;14.45;67.25;7.86;
2022-03-30 14:00:00;153.0;0.0;153.0;14.63;64.95;7.24;
2022-03-30 15:00:00;103.0;0.0;103.0;14.55;69.75;6.28;
2022-03-30 16:00:00;48.0;0.0;48.0;14.01;74.85;5.66;
2022-03-30 17:00:00;10.0;0.0;10.0;13.16;77.5;5.45;
2022-03-30 18:00:00;0.0;0.0;0.0;12.46;83.15;5.45;
2022-03-30 19:00:00;0.0;0.0;0.0;11.84;89.3;5.1;
2022-03-30 20:00:00;0.0;0.0;0.0;11.65;89.3;5.52;
2022-03-30 21:00:00;0.0;0.0;0.0;11.5;92.55;6.14;
2022-03-30 22:00:00;0.0;0.0;0.0;11.35;92.55;6.55;
2022-03-30 23:00:00;0.0;0.0;0.0;11.35;89.3;6.9;
2022-03-31 00:00:00;0.0;0.0;0.0;11.08;89.3;7.24;
2022-03-31 01:00:00;0.0;0.0;0.0;10.94;89.25;7.24;
2022-03-31 02:00:00;0.0;0.0;0.0;10.82;89.25;7.31;
2022-03-31 03:00:00;0.0;0.0;0.0;10.6;86.05;7.38;
2022-03-31 04:00:00;0.0;0.0;0.0;10.51;86.0;7.72;
2022-03-31 05:00:00;0.0;0.0;0.0;10.31;86.0;7.52;
2022-03-31 06:00:00;26.0;0.0;26.0;10.38;86.0;7.1;
2022-03-31 07:00:00;120.0;40.11;109.0;10.58;83.0;7.45;
2022-03-31 08:00:00;205.0;52.61;183.0;10.9;83.0;7.72;
2022-03-31 09:00:00;129.0;0.0;129.0;11.23;83.05;8.14;
2022-03-31 10:00:00;316.0;46.48;287.0;12.0;80.15;7.72;
2022-03-31 11:00:00;621.0;584.95;228.0;13.37;67.05;9.79;
2022-03-31 12:00:00;432.0;137.21;339.0;14.21;60.3;9.31;
2022-03-31 13:00:00;347.0;65.48;305.0;14.42;60.3;8.62;
2022-03-31 14:00:00;258.0;28.31;242.0;14.66;60.4;8.14;
2022-03-31 15:00:00;256.0;96.85;212.0;13.51;72.1;6.69;
2022-03-31 16:00:00;199.0;186.53;140.0;13.66;77.03;4.5;
2022-03-31 17:00:00;103.0;286.38;57.0;12.97;76.09;4.75;
2022-03-31 18:00:00;0.0;0.0;0.0;12.27;75.15;4.99;
2022-03-31 19:00:00;0.0;0.0;0.0;11.57;74.2;5.24;
2022-03-31 20:00:00;0.0;0.0;0.0;10.87;73.26;5.49;
2022-03-31 21:00:00;0.0;0.0;0.0;10.17;72.32;5.73;
2022-03-31 22:00:00;0.0;0.0;0.0;9.48;71.37;5.98;
2022-03-31 23:00:00;0.0;0.0;0.0;8.78;70.43;6.22;
2022-04-01 00:00:00;0.0;0.0;0.0;8.08;69.48;6.47;
2022-04-01 01:00:00;0.0;0.0;0.0;7.38;68.54;6.71;
2022-04-01 02:00:00;0.0;0.0;0.0;6.69;67.6;6.96;
2022-04-01 03:00:00;0.0;0.0;0.0;5.99;66.65;7.2;
2022-04-01 04:00:00;0.0;0.0;0.0;5.29;65.71;7.45;
2022-04-01 05:00:00;0.0;0.0;0.0;4.59;64.77;7.69;
2022-04-01 06:00:00;28.0;0.0;28.0;3.9;63.82;7.94;
2022-04-01 07:00:00;106.0;14.28;102.0;3.2;62.88;8.19;
2022-04-01 08:00:00;188.0;28.31;176.0;5.78;65.65;9.17;
2022-04-01 09:00:00;290.0;62.61;256.0;6.26;60.85;9.24;
2022-04-01 10:00:00;597.0;622.91;205.0;6.88;56.45;9.38;
2022-04-01 11:00:00;647.0;626.36;223.0;7.63;56.55;9.03;
2022-04-01 12:00:00;612.0;498.06;272.0;8.22;54.65;9.38;
2022-04-01 13:00:00;580.0;509.24;251.0;8.72;56.9;8.97;
2022-04-01 14:00:00;536.0;623.17;181.0;9.09;56.9;8.55;
2022-04-01 15:00:00;378.0;418.6;186.0;9.18;52.85;8.07;
2022-04-01 16:00:00;251.0;396.08;124.0;8.82;52.7;7.66;
2022-04-01 17:00:00;107.0;278.83;61.0;7.85;58.9;6.62;
2022-04-01 18:00:00;0.0;0.0;0.0;7.19;63.5;6.14;
2022-04-01 19:00:00;0.0;0.0;0.0;7.23;63.5;6.07;
2022-04-01 20:00:00;0.0;0.0;0.0;6.83;68.4;6.0;
2022-04-01 21:00:00;0.0;0.0;0.0;6.4;76.55;5.93;
2022-04-01 22:00:00;0.0;0.0;0.0;6.29;79.5;6.14;
2022-04-01 23:00:00;0.0;0.0;0.0;6.09;85.65;6.14;
2022-04-02 00:00:00;0.0;0.0;0.0;6.21;85.7;5.93;
2022-04-02 01:00:00;0.0;0.0;0.0;6.24;88.95;5.72;
2022-04-02 02:00:00;0.0;0.0;0.0;6.52;88.95;5.31;
2022-04-02 03:00:00;0.0;0.0;0.0;6.73;89.0;4.97;
2022-04-02 04:00:00;0.0;0.0;0.0;6.89;92.35;5.1;
2022-04-02 05:00:00;0.0;0.0;0.0;6.49;92.3;5.72;
2022-04-02 06:00:00;24.0;0.0;24.0;5.64;92.3;5.59;
2022-04-02 07:00:00;111.0;17.48;106.0;5.51;88.85;5.24;
2022-04-02 08:00:00;373.0;516.7;151.0;6.1;79.4;6.28;
2022-04-02 09:00:00;454.0;404.73;232.0;6.68;68.4;6.76;
2022-04-02 10:00:00;595.0;605.13;211.0;7.08;65.85;6.69;
2022-04-02 11:00:00;676.0;721.45;184.0;7.51;61.1;6.76;
2022-04-02 12:00:00;590.0;430.58;294.0;7.77;56.7;6.55;
2022-04-02 13:00:00;559.0;442.62;271.0;8.07;54.55;6.14;
2022-04-02 14:00:00;494.0;461.58;229.0;7.97;50.45;5.72;
2022-04-02 15:00:00;337.0;267.8;213.0;7.73;50.45;5.38;
2022-04-02 16:00:00;152.0;46.16;137.0;7.2;54.4;4.97;
2022-04-02 17:00:00;79.0;76.78;66.0;6.74;58.65;4.0;
2022-04-02 18:00:00;0.0;0.0;0.0;5.95;68.2;2.76;
2022-04-02 19:00:00;0.0;0.0;0.0;5.09;76.3;1.93;
2022-04-02 20:00:00;0.0;0.0;0.0;4.08;85.45;1.52;
2022-04-02 21:00:00;0.0;0.0;0.0;2.84;92.15;1.52;
2022-04-02 22:00:00;0.0;0.0;0.0;1.77;88.65;1.72;
2022-04-02 23:00:00;0.0;0.0;0.0;0.91;92.05;1.86;
2022-04-03 00:00:00;0.0;0.0;0.0;0.14;92.0;2.07;
2022-04-03 01:00:00;0.0;0.0;0.0;-0.06;92.0;2.14;
2022-04-03 02:00:00;0.0;0.0;0.0;-0.24;88.45;2.07;
2022-04-03 03:00:00;0.0;0.0;0.0;-0.33;88.45;2.0;
2022-04-03 04:00:00;0.0;0.0;0.0;0.32;88.5;2.0;
2022-04-03 05:00:00;0.0;0.0;0.0;1.25;85.25;2.14;
2022-04-03 06:00:00;25.0;0.0;25.0;2.14;82.15;2.14;
2022-04-03 07:00:00;73.0;0.0;73.0;3.84;82.25;2.28;
2022-04-03 08:00:00;214.0;50.54;192.0;5.17;76.4;2.76;
2022-04-03 09:00:00;249.0;25.27;235.0;6.4;70.95;3.17;
2022-04-03 10:00:00;313.0;37.51;289.0;6.7;71.05;3.17;
2022-04-03 11:00:00;308.0;20.38;294.0;7.1;73.8;3.24;
2022-04-03 12:00:00;296.0;14.45;286.0;7.75;73.95;3.45;
2022-04-03 13:00:00;114.0;0.0;114.0;8.16;76.8;3.59;
2022-04-03 14:00:00;93.0;0.0;93.0;8.16;79.7;3.24;
2022-04-03 15:00:00;116.0;0.0;116.0;8.24;76.85;2.83;
2022-04-03 16:00:00;57.0;0.0;57.0;8.05;79.7;2.34;
2022-04-03 17:00:00;58.0;11.52;56.0;7.81;82.7;2.07;
2022-04-03 18:00:00;0.0;0.0;0.0;7.41;85.8;2.28;
2022-04-03 19:00:00;0.0;0.0;0.0;6.92;85.75;1.86;
2022-04-03 20:00:00;0.0;0.0;0.0;6.76;85.75;2.0;
2022-04-03 21:00:00;0.0;0.0;0.0;6.63;88.95;2.14;
2022-04-03 22:00:00;0.0;0.0;0.0;6.56;88.95;2.14;
2022-04-03 23:00:00;0.0;0.0;0.0;6.43;85.7;2.07;
2022-04-04 00:00:00;0.0;0.0;0.0;6.18;85.7;1.79;
2022-04-04 01:00:00;0.0;0.0;0.0;6.02;85.65;1.59;
2022-04-04 02:00:00;0.0;0.0;0.0;5.93;85.65;1.72;
2022-04-04 03:00:00;0.0;0.0;0.0;5.81;82.5;1.86;
2022-04-04 04:00:00;0.0;0.0;0.0;5.58;82.4;2.28;
2022-04-04 05:00:00;0.0;0.0;0.0;5.34;82.4;2.83;
2022-04-04 06:00:00;29.0;0.0;29.0;5.03;85.55;3.17;
2022-04-04 07:00:00;131.0;36.94;120.0;4.78;92.25;3.24;
2022-04-04 08:00:00;149.0;4.54;147.0;4.62;92.2;3.59;
2022-04-04 09:00:00;250.0;25.03;236.0;4.51;92.2;3.79;
2022-04-04 10:00:00;189.0;0.0;189.0;4.82;85.55;4.97;
2022-04-04 11:00:00;148.0;0.0;148.0;5.89;79.4;5.17;
2022-04-04 12:00:00;484.0;193.71;349.0;6.36;76.55;4.83;
2022-04-04 13:00:00;440.0;166.73;330.0;6.94;68.4;4.62;
2022-04-04 14:00:00;501.0;466.64;229.0;7.76;58.9;5.24;
2022-04-04 15:00:00;226.0;42.41;206.0;7.85;56.7;5.72;
2022-04-04 16:00:00;138.0;23.99;130.0;7.58;56.55;5.59;
2022-04-04 17:00:00;48.0;5.62;47.0;7.08;61.0;4.9;
2022-04-04 18:00:00;0.0;0.0;0.0;6.07;65.65;4.28;
2022-04-04 19:00:00;0.0;0.0;0.0;5.0;79.3;3.93;
2022-04-04 20:00:00;0.0;0.0;0.0;4.41;82.3;3.72;
2022-04-04 21:00:00;0.0;0.0;0.0;3.81;85.45;3.31;
2022-04-04 22:00:00;0.0;0.0;0.0;3.45;88.7;2.9;
2022-04-04 23:00:00;0.0;0.0;0.0;3.02;92.15;2.48;
2022-04-05 00:00:00;0.0;0.0;0.0;2.51;88.65;2.34;
2022-04-05 01:00:00;0.0;0.0;0.0;2.07;92.1;2.28;
2022-04-05 02:00:00;0.0;0.0;0.0;1.66;88.65;2.28;
2022-04-05 03:00:00;0.0;0.0;0.0;1.46;92.05;2.21;
2022-04-05 04:00:00;0.0;0.0;0.0;1.38;92.05;2.14;
2022-04-05 05:00:00;0.0;0.0;0.0;1.6;92.05;2.0;
2022-04-05 06:00:00;106.0;426.0;44.0;1.88;88.65;1.86;
2022-04-05 07:00:00;273.0;632.47;81.0;3.6;88.7;1.86;
2022-04-05 08:00:00;412.0;629.27;131.0;5.27;76.4;2.41;
2022-04-05 09:00:00;517.0;571.96;194.0;6.46;63.25;2.62;
2022-04-05 10:00:00;629.0;664.55;197.0;7.61;54.4;2.55;
2022-04-05 11:00:00;717.0;806.63;155.0;8.62;48.65;2.48;
2022-04-05 12:00:00;695.0;709.86;197.0;9.28;45.25;2.41;
2022-04-05 13:00:00;525.0;317.68;314.0;9.48;45.25;2.28;
2022-04-05 14:00:00;460.0;320.15;272.0;9.63;45.25;2.28;
2022-04-05 15:00:00;430.0;577.9;155.0;9.58;47.05;2.48;
2022-04-05 16:00:00;299.0;598.16;97.0;9.24;50.85;3.1;
2022-04-05 17:00:00;136.0;422.68;59.0;8.39;59.0;3.1;
2022-04-05 18:00:00;0.0;0.0;0.0;7.02;68.4;3.03;
2022-04-05 19:00:00;0.0;0.0;0.0;5.64;79.35;2.76;
2022-04-05 20:00:00;0.0;0.0;0.0;4.6;85.5;2.55;
2022-04-05 21:00:00;0.0;0.0;0.0;3.78;88.75;2.28;
2022-04-05 22:00:00;0.0;0.0;0.0;2.9;92.15;1.93;
2022-04-05 23:00:00;0.0;0.0;0.0;1.85;92.1;1.59;
2022-04-06 00:00:00;0.0;0.0;0.0;1.76;92.1;1.38;
2022-04-06 01:00:00;0.0;0.0;0.0;2.04;92.1;1.24;
2022-04-06 02:00:00;0.0;0.0;0.0;1.87;92.1;1.24;
2022-04-06 03:00:00;0.0;0.0;0.0;1.07;95.65;1.52;
2022-04-06 04:00:00;0.0;0.0;0.0;1.31;95.65;1.45;
2022-04-06 05:00:00;0.0;0.0;0.0;1.55;95.65;1.52;
2022-04-06 06:00:00;48.0;13.21;46.0;2.38;95.7;1.45;
2022-04-06 07:00:00;137.0;35.56;126.0;4.79;92.25;1.38;
2022-04-06 08:00:00;145.0;2.21;144.0;6.55;88.95;1.86;
2022-04-06 09:00:00;121.0;0.0;121.0;7.3;82.65;1.86;
2022-04-06 10:00:00;103.0;0.0;103.0;8.09;79.7;1.72;
2022-04-06 11:00:00;101.0;0.0;101.0;8.99;74.15;1.59;
2022-04-06 12:00:00;127.0;0.0;127.0;9.39;71.5;1.59;
2022-04-06 13:00:00;205.0;0.0;205.0;9.66;71.5;1.52;
2022-04-06 14:00:00;142.0;0.0;142.0;9.44;71.5;1.38;
2022-04-06 15:00:00;208.0;22.91;197.0;9.48;71.5;1.52;
2022-04-06 16:00:00;194.0;114.07;155.0;9.45;71.5;1.45;
2022-04-06 17:00:00;91.0;85.83;75.0;9.39;71.5;1.03;
2022-04-06 18:00:00;0.0;0.0;0.0;8.76;76.95;0.69;
2022-04-06 19:00:00;0.0;0.0;0.0;7.25;85.8;1.66;
2022-04-06 20:00:00;0.0;0.0;0.0;6.07;92.3;1.72;
2022-04-06 21:00:00;0.0;0.0;0.0;5.32;95.75;1.66;
2022-04-06 22:00:00;0.0;0.0;0.0;4.33;99.4;1.66;
2022-04-06 23:00:00;0.0;0.0;0.0;3.68;99.4;1.59;
2022-04-07 00:00:00;0.0;0.0;0.0;3.45;99.4;1.45;
2022-04-07 01:00:00;0.0;0.0;0.0;3.08;100.0;1.38;
2022-04-07 02:00:00;0.0;0.0;0.0;4.31;99.4;0.76;
2022-04-07 03:00:00;0.0;0.0;0.0;3.94;100.0;0.48;
2022-04-07 04:00:00;0.0;0.0;0.0;3.33;100.0;0.69;
2022-04-07 05:00:00;0.0;0.0;0.0;1.57;99.4;1.1;
2022-04-07 06:00:00;112.0;394.14;50.0;0.91;99.35;1.17;
2022-04-07 07:00:00;272.0;565.08;94.0;3.81;99.4;0.97;
2022-04-07 08:00:00;444.0;736.52;107.0;6.41;92.3;0.83;
2022-04-07 09:00:00;555.0;690.11;158.0;8.71;76.95;1.1;
2022-04-07 10:00:00;630.0;637.77;209.0;10.28;66.55;1.59;
2022-04-07 11:00:00;523.0;244.94;350.0;11.2;59.7;2.0;
2022-04-07 12:00:00;527.0;244.83;353.0;11.74;57.65;2.21;
2022-04-07 13:00:00;622.0;569.11;239.0;12.05;59.85;2.34;
2022-04-07 14:00:00;506.0;438.11;245.0;12.23;57.75;2.55;
2022-04-07 15:00:00;395.0;402.7;200.0;11.94;59.85;2.83;
2022-04-07 16:00:00;301.0;566.38;105.0;11.49;62.0;2.97;
2022-04-07 17:00:00;140.0;403.92;63.0;10.66;66.55;2.55;
2022-04-07 18:00:00;0.0;0.0;0.0;9.26;71.5;2.07;
2022-04-07 19:00:00;0.0;0.0;0.0;8.02;79.7;2.07;
2022-04-07 20:00:00;0.0;0.0;0.0;6.81;85.75;1.72;
2022-04-07 21:00:00;0.0;0.0;0.0;5.42;95.75;1.45;
2022-04-07 22:00:00;0.0;0.0;0.0;5.39;92.25;1.17;
2022-04-07 23:00:00;0.0;0.0;0.0;5.72;92.3;0.97;
2022-04-08 00:00:00;0.0;0.0;0.0;6.23;88.95;0.69;
2022-04-08 01:00:00;0.0;0.0;0.0;5.95;92.3;0.62;
2022-04-08 02:00:00;0.0;0.0;0.0;5.71;92.3;0.69;
2022-04-08 03:00:00;0.0;0.0;0.0;5.48;95.75;0.62;
2022-04-08 04:00:00;0.0;0.0;0.0;5.26;95.75;0.34;
2022-04-08 05:00:00;0.0;0.0;0.0;5.07;99.4;0.07;
2022-04-08 06:00:00;83.0;116.48;64.0;4.74;99.4;0.21;
2022-04-08 07:00:00;169.0;87.33;141.0;5.63;95.75;0.76;
2022-04-08 08:00:00;320.0;226.79;215.0;7.27;89.0;0.69;
2022-04-08 09:00:00;508.0;504.77;215.0;8.49;85.9;0.9;
2022-04-08 10:00:00;593.0;520.26;247.0;9.71;79.95;1.24;
2022-04-08 11:00:00;681.0;654.01;216.0;10.96;77.2;1.59;
2022-04-08 12:00:00;623.0;468.42;288.0;12.15;71.95;2.14;
2022-04-08 13:00:00;411.0;112.21;335.0;12.89;62.3;2.48;
2022-04-08 14:00:00;319.0;63.34;281.0;13.04;57.9;2.55;
2022-04-08 15:00:00;304.0;145.39;233.0;12.97;57.9;2.34;
2022-04-08 16:00:00;283.0;456.9;123.0;12.79;57.9;2.28;
2022-04-08 17:00:00;119.0;210.44;78.0;12.41;62.2;1.72;
2022-04-08 18:00:00;5.0;0.0;5.0;11.56;69.25;1.66;
2022-04-08 19:00:00;0.0;0.0;0.0;10.32;74.4;2.21;
2022-04-08 20:00:00;0.0;0.0;0.0;9.63;79.9;2.14;
2022-04-08 21:00:00;0.0;0.0;0.0;8.87;82.85;2.14;
2022-04-08 22:00:00;0.0;0.0;0.0;8.2;82.75;2.14;
2022-04-08 23:00:00;0.0;0.0;0.0;7.46;89.0;2.21;
2022-04-09 00:00:00;0.0;0.0;0.0;6.63;92.3;2.28;
2022-04-09 01:00:00;0.0;0.0;0.0;6.14;88.95;2.28;
2022-04-09 02:00:00;0.0;0.0;0.0;5.65;92.3;2.21;
2022-04-09 03:00:00;0.0;0.0;0.0;5.26;95.75;2.21;
2022-04-09 04:00:00;0.0;0.0;0.0;4.82;95.75;2.14;
2022-04-09 05:00:00;0.0;0.0;0.0;4.33;99.4;2.14;
2022-04-09 06:00:00;106.0;242.76;65.0;4.21;99.4;1.72;
2022-04-09 07:00:00;270.0;493.52;109.0;6.33;88.95;1.24;
2022-04-09 08:00:00;439.0;676.84;122.0;8.51;82.75;1.1;
2022-04-09 09:00:00;581.0;768.46;131.0;10.65;77.15;0.83;
2022-04-09 10:00:00;678.0;794.11;146.0;12.61;69.45;0.62;
2022-04-09 11:00:00;741.0;838.41;141.0;14.22;67.15;0.48;
2022-04-09 12:00:00;745.0;839.35;141.0;15.4;60.5;0.41;
2022-04-09 13:00:00;691.0;798.18;147.0;16.24;56.35;0.83;
2022-04-09 14:00:00;558.0;595.95;198.0;16.63;54.45;1.17;
2022-04-09 15:00:00;446.0;594.98;153.0;16.71;54.45;1.38;
2022-04-09 16:00:00;288.0;454.43;127.0;16.41;54.45;1.45;
2022-04-09 17:00:00;133.0;286.43;76.0;15.51;65.05;1.52;
2022-04-09 18:00:00;8.0;0.0;8.0;13.61;77.5;2.28;
2022-04-09 19:00:00;0.0;0.0;0.0;11.09;86.1;2.48;
2022-04-09 20:00:00;0.0;0.0;0.0;9.57;92.45;2.28;
2022-04-09 21:00:00;0.0;0.0;0.0;8.4;92.4;2.0;
2022-04-09 22:00:00;0.0;0.0;0.0;7.36;95.8;1.66;
2022-04-09 23:00:00;0.0;0.0;0.0;6.6;99.4;1.31;
2022-04-10 00:00:00;0.0;0.0;0.0;7.65;99.4;0.9;
2022-04-10 01:00:00;0.0;0.0;0.0;7.33;99.4;0.69;
2022-04-10 02:00:00;0.0;0.0;0.0;7.02;99.4;0.69;
2022-04-10 03:00:00;0.0;0.0;0.0;6.37;99.4;0.9;
2022-04-10 04:00:00;0.0;0.0;0.0;5.14;95.75;0.97;
2022-04-10 05:00:00;0.0;0.0;0.0;4.01;100.0;1.03;
2022-04-10 06:00:00;84.0;80.18;70.0;4.64;99.4;0.9;
2022-04-10 07:00:00;246.0;322.52;139.0;7.18;92.35;1.1;
2022-04-10 08:00:00;450.0;684.03;126.0;9.54;89.15;1.24;
2022-04-10 09:00:00;586.0;744.94;146.0;12.56;77.45;1.45;
2022-04-10 10:00:00;678.0;752.87;170.0;15.24;65.05;1.59;
2022-04-10 11:00:00;721.0;730.33;195.0;17.19;56.6;1.79;
2022-04-10 12:00:00;737.0;770.74;179.0;18.37;45.85;2.14;
2022-04-10 13:00:00;691.0;756.82;172.0;19.06;44.3;2.21;
2022-04-10 14:00:00;577.0;636.33;190.0;19.55;42.85;2.21;
2022-04-10 15:00:00;417.0;439.07;199.0;19.85;39.95;2.21;
2022-04-10 16:00:00;303.0;502.29;123.0;19.69;44.45;1.93;
2022-04-10 17:00:00;126.0;211.66;83.0;18.76;56.95;1.72;
2022-04-10 18:00:00;13.0;72.35;10.0;16.86;60.85;2.55;
2022-04-10 19:00:00;0.0;0.0;0.0;15.05;64.95;2.41;
2022-04-10 20:00:00;0.0;0.0;0.0;13.2;69.55;2.62;
2022-04-10 21:00:00;0.0;0.0;0.0;12.13;71.95;3.03;
2022-04-10 22:00:00;0.0;0.0;0.0;11.54;77.3;3.31;
2022-04-10 23:00:00;0.0;0.0;0.0;11.18;80.1;3.52;
2022-04-11 00:00:00;0.0;0.0;0.0;10.83;80.1;3.66;
2022-04-11 01:00:00;0.0;0.0;0.0;10.58;83.0;3.93;
2022-04-11 02:00:00;0.0;0.0;0.0;10.37;80.05;4.28;
2022-04-11 03:00:00;0.0;0.0;0.0;10.16;77.1;4.34;
2022-04-11 04:00:00;0.0;0.0;0.0;9.93;79.95;4.28;
2022-04-11 05:00:00;0.0;0.0;0.0;9.66;85.95;4.34;
2022-04-11 06:00:00;17.0;0.0;17.0;10.03;86.0;4.55;
2022-04-11 07:00:00;79.0;0.0;79.0;11.34;80.15;3.93;
2022-04-11 08:00:00;189.0;12.53;183.0;11.63;83.1;5.24;
2022-04-11 09:00:00;326.0;72.19;283.0;11.73;80.2;5.79;
2022-04-11 10:00:00;533.0;320.82;315.0;11.62;80.15;5.45;
2022-04-11 11:00:00;212.0;0.0;212.0;12.25;72.05;6.62;
2022-04-11 12:00:00;189.0;0.0;189.0;13.57;62.3;8.21;
2022-04-11 13:00:00;129.0;0.0;129.0;13.74;58.0;8.14;
2022-04-11 14:00:00;164.0;0.0;164.0;12.02;74.6;6.9;
2022-04-11 15:00:00;417.0;445.54;194.0;10.81;77.2;6.34;
2022-04-11 16:00:00;327.0;642.94;94.0;10.04;71.6;5.52;
2022-04-11 17:00:00;156.0;429.37;67.0;9.48;68.9;4.14;
2022-04-11 18:00:00;14.0;65.59;11.0;8.92;71.4;2.55;
2022-04-11 19:00:00;0.0;0.0;0.0;8.14;79.7;1.17;
2022-04-11 20:00:00;0.0;0.0;0.0;6.46;88.95;2.07;
2022-04-11 21:00:00;0.0;0.0;0.0;5.36;88.85;2.48;
2022-04-11 22:00:00;0.0;0.0;0.0;5.31;88.85;2.62;
2022-04-11 23:00:00;0.0;0.0;0.0;5.55;88.85;3.03;
2022-04-12 00:00:00;0.0;0.0;0.0;5.89;88.9;3.17;
2022-04-12 01:00:00;0.0;0.0;0.0;5.67;92.3;3.1;
2022-04-12 02:00:00;0.0;0.0;0.0;5.41;92.25;2.9;
2022-04-12 03:00:00;0.0;0.0;0.0;4.93;95.75;2.76;
2022-04-12 04:00:00;0.0;0.0;0.0;4.48;95.75;2.69;
2022-04-12 05:00:00;0.0;0.0;0.0;4.03;95.7;2.62;
2022-04-12 06:00:00;126.0;306.62;69.0;4.3;95.75;2.48;
2022-04-12 07:00:00;283.0;475.69;120.0;6.14;92.3;2.69;
2022-04-12 08:00:00;414.0;479.23;182.0;8.09;82.7;2.97;
2022-04-12 09:00:00;590.0;727.61;153.0;9.91;74.3;3.38;
2022-04-12 10:00:00;688.0;762.94;166.0;11.38;59.7;4.34;
2022-04-12 11:00:00;746.0;795.38;166.0;12.4;51.65;4.83;
2022-04-12 12:00:00;754.0;812.21;159.0;13.34;51.75;5.24;
2022-04-12 13:00:00;719.0;837.13;138.0;14.16;53.85;5.66;
2022-04-12 14:00:00;615.0;762.68;145.0;14.85;52.15;5.93;
2022-04-12 15:00:00;486.0;719.53;123.0;15.39;52.25;6.07;
2022-04-12 16:00:00;326.0;603.16;105.0;15.49;52.25;5.79;
2022-04-12 17:00:00;135.0;231.81;86.0;14.97;56.15;5.31;
2022-04-12 18:00:00;19.0;120.03;13.0;13.74;58.0;5.52;
2022-04-12 19:00:00;0.0;0.0;0.0;12.69;62.2;5.52;
2022-04-12 20:00:00;0.0;0.0;0.0;11.56;62.0;5.72;
2022-04-12 21:00:00;0.0;0.0;0.0;10.4;59.5;5.66;
2022-04-12 22:00:00;0.0;0.0;0.0;9.58;66.35;5.31;
2022-04-12 23:00:00;0.0;0.0;0.0;9.34;71.5;5.1;
2022-04-13 00:00:00;0.0;0.0;0.0;9.29;79.9;4.34;
2022-04-13 01:00:00;0.0;0.0;0.0;8.8;82.85;3.17;
2022-04-13 02:00:00;0.0;0.0;0.0;8.47;82.75;2.55;
2022-04-13 03:00:00;0.0;0.0;0.0;8.17;76.85;2.14;
2022-04-13 04:00:00;0.0;0.0;0.0;7.91;79.7;1.86;
2022-04-13 05:00:00;3.0;0.0;3.0;7.47;82.65;1.66;
2022-04-13 06:00:00;108.0;156.69;78.0;7.47;82.65;1.52;
2022-04-13 07:00:00;289.0;491.36;118.0;7.73;79.7;1.17;
2022-04-13 08:00:00;379.0;339.31;213.0;8.63;76.85;1.1;
2022-04-13 09:00:00;518.0;454.19;243.0;9.5;71.5;0.9;
2022-04-13 10:00:00;607.0;486.33;272.0;10.4;66.55;1.24;
2022-04-13 11:00:00;673.0;554.79;266.0;11.07;64.25;1.45;
2022-04-13 12:00:00;649.0;476.4;298.0;11.84;59.85;1.72;
2022-04-13 13:00:00;518.0;254.98;340.0;12.28;55.65;2.07;
2022-04-13 14:00:00;548.0;511.12;231.0;12.53;55.65;2.21;
2022-04-13 15:00:00;437.0;491.71;187.0;12.74;53.7;2.07;
2022-04-13 16:00:00;260.0;264.59;162.0;12.67;57.75;1.79;
2022-04-13 17:00:00;146.0;297.05;82.0;12.25;57.75;1.66;
2022-04-13 18:00:00;19.0;73.77;15.0;11.24;64.35;1.59;
2022-04-13 19:00:00;0.0;0.0;0.0;9.76;74.3;1.86;
2022-04-13 20:00:00;0.0;0.0;0.0;8.52;82.75;1.59;
2022-04-13 21:00:00;0.0;0.0;0.0;7.26;89.0;1.38;
2022-04-13 22:00:00;0.0;0.0;0.0;6.46;92.3;1.59;
2022-04-13 23:00:00;0.0;0.0;0.0;5.8;92.3;1.93;
2022-04-14 00:00:00;0.0;0.0;0.0;5.64;95.75;2.28;
2022-04-14 01:00:00;0.0;0.0;0.0;5.73;92.3;2.34;
2022-04-14 02:00:00;0.0;0.0;0.0;5.64;92.3;2.48;
2022-04-14 03:00:00;0.0;0.0;0.0;5.69;92.3;2.55;
2022-04-14 04:00:00;0.0;0.0;0.0;5.79;92.3;2.55;
2022-04-14 05:00:00;8.0;0.0;8.0;5.95;92.3;2.62;
2022-04-14 06:00:00;139.0;350.33;70.0;6.98;89.0;2.69;
2022-04-14 07:00:00;298.0;515.12;116.0;9.57;82.9;2.9;
2022-04-14 08:00:00;456.0;629.18;145.0;12.17;77.35;3.52;
2022-04-14 09:00:00;617.0;802.9;127.0;14.33;72.3;4.0;
2022-04-14 10:00:00;714.0;830.7;138.0;16.19;67.55;4.41;
2022-04-14 11:00:00;772.0;859.14;138.0;17.68;60.95;4.83;
2022-04-14 12:00:00;763.0;823.3;153.0;18.82;53.15;5.1;
2022-04-14 13:00:00;708.0;777.67;162.0;19.54;51.4;5.31;
2022-04-14 14:00:00;612.0;730.62;156.0;19.83;49.7;5.24;
2022-04-14 15:00:00;492.0;716.33;125.0;19.77;51.4;4.97;
2022-04-14 16:00:00;334.0;611.77;105.0;19.34;53.25;4.14;
2022-04-14 17:00:00;169.0;455.57;69.0;18.38;59.05;3.59;
2022-04-14 18:00:00;24.0;119.8;17.0;16.67;65.25;3.03;
2022-04-14 19:00:00;0.0;0.0;0.0;14.83;64.95;2.83;
2022-04-14 20:00:00;0.0;0.0;0.0;13.32;69.55;2.83;
2022-04-14 21:00:00;0.0;0.0;0.0;12.13;74.6;2.76;
2022-04-14 22:00:00;0.0;0.0;0.0;11.13;77.2;2.76;
2022-04-14 23:00:00;0.0;0.0;0.0;10.3;77.15;2.76;
2022-04-15 00:00:00;0.0;0.0;0.0;9.58;82.9;2.76;
2022-04-15 01:00:00;0.0;0.0;0.0;8.98;82.85;2.69;
2022-04-15 02:00:00;0.0;0.0;0.0;8.38;82.75;2.55;
2022-04-15 03:00:00;0.0;0.0;0.0;7.78;85.85;2.41;
2022-04-15 04:00:00;0.0;0.0;0.0;7.16;85.8;2.41;
2022-04-15 05:00:00;14.0;96.4;10.0;6.7;89.0;2.48;
2022-04-15 06:00:00;157.0;464.42;63.0;7.51;89.0;2.28;
2022-04-15 07:00:00;331.0;669.37;91.0;11.29;74.55;2.07;
2022-04-15 08:00:00;500.0;793.14;104.0;14.56;69.75;2.14;
2022-04-15 09:00:00;635.0;837.36;120.0;17.19;63.05;2.41;
2022-04-15 10:00:00;733.0;864.03;130.0;19.32;53.25;2.69;
2022-04-15 11:00:00;796.0;906.73;123.0;20.79;46.5;2.83;
2022-04-15 12:00:00;791.0;883.21;133.0;21.73;43.4;2.69;
2022-04-15 13:00:00;742.0;866.8;130.0;22.25;41.95;2.41;
2022-04-15 14:00:00;478.0;285.03;299.0;22.38;40.6;2.34;
2022-04-15 15:00:00;503.0;740.04;121.0;22.12;43.5;2.55;
2022-04-15 16:00:00;343.0;637.17;102.0;21.38;46.6;2.76;
2022-04-15 17:00:00;174.0;460.79;71.0;20.02;55.3;2.69;
2022-04-15 18:00:00;27.0;143.72;18.0;17.56;65.45;2.97;
2022-04-15 19:00:00;0.0;0.0;0.0;15.66;69.9;3.24;
2022-04-15 20:00:00;0.0;0.0;0.0;13.16;72.1;3.45;
2022-04-15 21:00:00;0.0;0.0;0.0;11.29;77.3;3.38;
2022-04-15 22:00:00;0.0;0.0;0.0;10.0;79.95;3.38;
2022-04-15 23:00:00;0.0;0.0;0.0;9.15;82.85;3.1;
2022-04-16 00:00:00;0.0;0.0;0.0;8.58;85.9;2.76;
2022-04-16 01:00:00;0.0;0.0;0.0;8.19;85.9;2.41;
2022-04-16 02:00:00;0.0;0.0;0.0;7.75;89.05;2.28;
2022-04-16 03:00:00;0.0;0.0;0.0;7.45;92.35;2.41;
2022-04-16 04:00:00;0.0;0.0;0.0;7.19;92.35;2.55;
2022-04-16 05:00:00;13.0;42.51;11.0;7.01;95.8;2.55;
2022-04-16 06:00:00;141.0;303.2;78.0;7.54;92.35;2.48;
2022-04-16 07:00:00;305.0;514.15;118.0;9.15;85.95;3.59;
2022-04-16 08:00:00;474.0;694.16;124.0;10.49;80.05;3.59;
2022-04-16 09:00:00;611.0;766.49;136.0;12.02;74.6;3.72;
2022-04-16 10:00:00;709.0;803.05;145.0;13.51;72.1;3.86;
2022-04-16 11:00:00;770.0;844.01;140.0;14.83;62.65;3.93;
2022-04-16 12:00:00;781.0;867.78;131.0;15.86;58.45;3.93;
2022-04-16 13:00:00;705.0;763.44;163.0;16.5;56.5;4.07;
2022-04-16 14:00:00;585.0;617.26;195.0;16.65;56.5;4.21;
2022-04-16 15:00:00;413.0;380.76;215.0;16.43;56.5;4.34;
2022-04-16 16:00:00;205.0;88.98;171.0;15.89;56.35;4.48;
2022-04-16 17:00:00;95.0;39.56;86.0;14.96;58.25;4.14;
2022-04-16 18:00:00;7.0;0.0;7.0;13.53;62.3;4.21;
2022-04-16 19:00:00;0.0;0.0;0.0;12.18;59.85;4.07;
2022-04-16 20:00:00;0.0;0.0;0.0;11.25;62.0;4.14;
2022-04-16 21:00:00;0.0;0.0;0.0;10.22;64.1;4.21;
2022-04-16 22:00:00;0.0;0.0;0.0;9.54;66.35;4.14;
2022-04-16 23:00:00;0.0;0.0;0.0;9.05;66.25;4.28;
2022-04-17 00:00:00;0.0;0.0;0.0;8.3;66.15;4.34;
2022-04-17 01:00:00;0.0;0.0;0.0;7.57;71.15;4.34;
2022-04-17 02:00:00;0.0;0.0;0.0;6.93;71.05;4.34;
2022-04-17 03:00:00;0.0;0.0;0.0;6.52;73.7;4.28;
2022-04-17 04:00:00;0.0;0.0;0.0;6.19;73.7;3.79;
2022-04-17 05:00:00;7.0;0.0;7.0;5.73;76.5;4.14;
2022-04-17 06:00:00;110.0;103.24;88.0;5.94;79.4;3.93;
2022-04-17 07:00:00;327.0;607.36;103.0;7.24;71.15;4.69;
2022-04-17 08:00:00;476.0;660.03;140.0;8.55;66.15;5.03;
2022-04-17 09:00:00;339.0;67.27;297.0;9.81;59.35;5.17;
2022-04-17 10:00:00;582.0;379.23;314.0;11.04;57.4;5.17;
2022-04-17 11:00:00;658.0;467.64;307.0;12.19;55.5;5.03;
2022-04-17 12:00:00;697.0;571.05;267.0;13.18;51.75;4.97;
2022-04-17 13:00:00;720.0;778.94;164.0;13.86;48.15;5.17;
2022-04-17 14:00:00;543.0;451.54;256.0;13.73;48.15;5.31;
2022-04-17 15:00:00;375.0;248.19;245.0;13.24;51.75;5.59;
2022-04-17 16:00:00;297.0;365.33;156.0;12.21;55.65;5.66;
2022-04-17 17:00:00;128.0;133.91;97.0;11.11;59.6;5.45;
2022-04-17 18:00:00;28.0;84.58;22.0;9.92;64.0;4.83;
2022-04-17 19:00:00;0.0;0.0;0.0;8.7;68.8;4.69;
2022-04-17 20:00:00;0.0;0.0;0.0;7.74;73.95;4.48;
2022-04-17 21:00:00;0.0;0.0;0.0;7.06;76.65;4.21;
2022-04-17 22:00:00;0.0;0.0;0.0;6.51;79.5;4.07;
2022-04-17 23:00:00;0.0;0.0;0.0;6.08;82.5;3.93;
2022-04-18 00:00:00;0.0;0.0;0.0;5.66;82.5;3.79;
2022-04-18 01:00:00;0.0;0.0;0.0;5.26;82.4;3.45;
2022-04-18 02:00:00;0.0;0.0;0.0;4.86;85.55;3.24;
2022-04-18 03:00:00;0.0;0.0;0.0;4.43;88.8;3.1;
2022-04-18 04:00:00;0.0;0.0;0.0;4.07;92.15;2.97;
2022-04-18 05:00:00;27.0;172.5;17.0;3.8;92.15;2.9;
2022-04-18 06:00:00;178.0;526.69;63.0;4.46;88.8;2.76;
2022-04-18 07:00:00;353.0;700.84;91.0;6.22;82.55;3.31;
2022-04-18 08:00:00;523.0;821.25;101.0;8.12;76.8;3.52;
2022-04-18 09:00:00;658.0;861.9;116.0;9.99;69.0;3.72;
2022-04-18 10:00:00;757.0;888.91;125.0;11.58;57.55;4.34;
2022-04-18 11:00:00;816.0;918.29;123.0;12.75;42.8;5.59;
2022-04-18 12:00:00;818.0;919.52;122.0;13.34;42.8;5.45;
2022-04-18 13:00:00;764.0;890.49;125.0;13.6;44.5;5.45;
2022-04-18 14:00:00;657.0;821.16;132.0;13.94;42.95;5.38;
2022-04-18 15:00:00;528.0;784.79;114.0;13.8;42.95;5.1;
2022-04-18 16:00:00;366.0;692.72;96.0;13.64;44.5;4.97;
2022-04-18 17:00:00;196.0;547.9;67.0;13.03;48.0;4.41;
2022-04-18 18:00:00;40.0;239.78;22.0;11.88;53.5;3.79;
2022-04-18 19:00:00;0.0;0.0;0.0;10.24;61.75;3.52;
2022-04-18 20:00:00;0.0;0.0;0.0;8.73;68.8;4.14;
2022-04-18 21:00:00;0.0;0.0;0.0;7.62;76.7;4.28;
2022-04-18 22:00:00;0.0;0.0;0.0;6.76;79.55;3.72;
2022-04-18 23:00:00;0.0;0.0;0.0;6.03;85.65;3.31;
2022-04-19 00:00:00;0.0;0.0;0.0;5.39;88.85;3.17;
2022-04-19 01:00:00;0.0;0.0;0.0;4.83;92.25;2.97;
2022-04-19 02:00:00;0.0;0.0;0.0;4.35;95.75;2.76;
2022-04-19 03:00:00;0.0;0.0;0.0;3.95;95.7;2.69;
2022-04-19 04:00:00;0.0;0.0;0.0;3.63;95.7;2.62;
2022-04-19 05:00:00;33.0;252.61;17.0;3.36;99.4;2.48;
2022-04-19 06:00:00;170.0;416.06;77.0;4.02;95.7;2.21;
2022-04-19 07:00:00;310.0;443.51;142.0;5.71;88.9;2.34;
2022-04-19 08:00:00;413.0;360.61;226.0;7.26;76.7;2.41;
2022-04-19 09:00:00;595.0;617.39;204.0;8.56;68.7;2.62;
2022-04-19 10:00:00;663.0;569.07;256.0;9.66;63.9;2.34;
2022-04-19 11:00:00;778.0;792.17;177.0;10.47;61.75;2.0;
2022-04-19 12:00:00;798.0;854.41;148.0;11.23;57.55;1.72;
2022-04-19 13:00:00;732.0;779.13;170.0;12.01;55.5;1.52;
2022-04-19 14:00:00;665.0;839.78;125.0;12.57;53.6;1.38;
2022-04-19 15:00:00;526.0;769.91;117.0;13.05;51.75;1.59;
2022-04-19 16:00:00;366.0;678.44;99.0;13.19;51.75;2.0;
2022-04-19 17:00:00;197.0;530.58;70.0;13.01;51.75;2.34;
2022-04-19 18:00:00;38.0;164.2;25.0;11.96;59.85;2.41;
2022-04-19 19:00:00;0.0;0.0;0.0;10.1;69.0;3.1;
2022-04-19 20:00:00;0.0;0.0;0.0;9.06;74.15;3.24;
2022-04-19 21:00:00;0.0;0.0;0.0;8.5;76.85;3.24;
2022-04-19 22:00:00;0.0;0.0;0.0;8.08;79.7;3.1;
2022-04-19 23:00:00;0.0;0.0;0.0;7.62;82.65;2.83;
2022-04-20 00:00:00;0.0;0.0;0.0;7.11;85.75;2.76;
2022-04-20 01:00:00;0.0;0.0;0.0;6.64;88.95;2.97;
2022-04-20 02:00:00;0.0;0.0;0.0;6.33;85.7;2.97;
2022-04-20 03:00:00;0.0;0.0;0.0;5.94;88.9;2.62;
2022-04-20 04:00:00;0.0;0.0;0.0;5.47;88.85;2.62;
2022-04-20 05:00:00;35.0;218.53;20.0;5.2;88.85;2.9;
2022-04-20 06:00:00;156.0;279.92;92.0;6.06;88.9;2.69;
2022-04-20 07:00:00;341.0;589.03;115.0;8.05;76.8;3.03;
2022-04-20 08:00:00;505.0;709.09;134.0;10.2;66.55;3.03;
2022-04-20 09:00:00;674.0;886.0;109.0;12.39;62.2;2.9;
2022-04-20 10:00:00;753.0;853.54;139.0;14.59;58.1;3.17;
2022-04-20 11:00:00;810.0;881.16;138.0;16.18;48.65;3.93;
2022-04-20 12:00:00;817.0;894.64;133.0;16.94;43.8;4.07;
2022-04-20 13:00:00;767.0;878.62;130.0;17.36;42.3;3.86;
2022-04-20 14:00:00;660.0;810.31;136.0;17.58;42.3;3.72;
2022-04-20 15:00:00;532.0;775.86;117.0;17.5;42.3;3.72;
2022-04-20 16:00:00;371.0;684.63;99.0;17.02;43.8;3.72;
2022-04-20 17:00:00;205.0;563.21;68.0;16.05;52.4;3.52;
2022-04-20 18:00:00;45.0;240.24;25.0;14.35;60.3;3.38;
2022-04-20 19:00:00;0.0;0.0;0.0;12.06;69.35;3.52;
2022-04-20 20:00:00;0.0;0.0;0.0;10.65;74.4;3.45;
2022-04-20 21:00:00;0.0;0.0;0.0;9.59;79.9;3.31;
2022-04-20 22:00:00;0.0;0.0;0.0;8.72;76.95;3.1;
2022-04-20 23:00:00;0.0;0.0;0.0;7.93;79.7;2.83;
2022-04-21 00:00:00;0.0;0.0;0.0;7.21;82.65;2.62;
2022-04-21 01:00:00;0.0;0.0;0.0;6.59;88.95;2.41;
2022-04-21 02:00:00;0.0;0.0;0.0;5.98;92.3;2.34;
2022-04-21 03:00:00;0.0;0.0;0.0;5.39;92.25;2.28;
2022-04-21 04:00:00;0.0;0.0;0.0;4.89;95.75;2.21;
2022-04-21 05:00:00;40.0;230.11;23.0;4.55;99.4;2.28;
2022-04-21 06:00:00;192.0;522.09;70.0;5.7;92.3;2.21;
2022-04-21 07:00:00;366.0;695.0;96.0;8.1;85.85;2.69;
2022-04-21 08:00:00;527.0;776.86;117.0;10.11;74.3;2.55;
2022-04-21 09:00:00;643.0;753.88;159.0;12.06;66.85;2.41;
2022-04-21 10:00:00;748.0;816.92;157.0;13.86;60.2;2.62;
2022-04-21 11:00:00;818.0;887.14;138.0;15.35;54.25;3.03;
2022-04-21 12:00:00;824.0;899.41;133.0;16.36;50.6;3.45;
2022-04-21 13:00:00;778.0;896.2;125.0;16.89;50.75;3.93;
2022-04-21 14:00:00;666.0;815.06;136.0;16.86;50.75;4.34;
2022-04-21 15:00:00;541.0;791.07;115.0;16.44;50.6;4.62;
2022-04-21 16:00:00;377.0;693.26;99.0;15.68;54.25;4.48;
2022-04-21 17:00:00;209.0;566.56;69.0;14.44;58.1;4.07;
2022-04-21 18:00:00;53.0;320.71;25.0;12.69;64.55;4.0;
2022-04-21 19:00:00;0.0;0.0;0.0;10.2;69.1;4.14;
2022-04-21 20:00:00;0.0;0.0;0.0;8.73;74.15;4.28;
2022-04-21 21:00:00;0.0;0.0;0.0;7.7;79.7;4.14;
2022-04-21 22:00:00;0.0;0.0;0.0;6.95;85.75;3.72;
2022-04-21 23:00:00;0.0;0.0;0.0;6.39;88.95;3.38;
2022-04-22 00:00:00;0.0;0.0;0.0;5.87;92.3;3.1;
2022-04-22 01:00:00;0.0;0.0;0.0;5.45;95.75;3.03;
2022-04-22 02:00:00;0.0;0.0;0.0;5.16;95.75;2.97;
2022-04-22 03:00:00;0.0;0.0;0.0;5.0;95.75;2.83;
2022-04-22 04:00:00;0.0;0.0;0.0;4.81;95.75;2.48;
2022-04-22 05:00:00;40.0;189.77;25.0;4.54;99.4;2.21;
2022-04-22 06:00:00;182.0;410.65;84.0;5.41;95.75;1.86;
2022-04-22 07:00:00;349.0;587.45;118.0;7.6;85.8;3.38;
2022-04-22 08:00:00;322.0;120.24;258.0;8.72;74.15;3.72;
2022-04-22 09:00:00;183.0;0.0;183.0;9.8;71.6;3.86;
2022-04-22 10:00:00;165.0;0.0;165.0;10.75;69.15;3.93;
2022-04-22 11:00:00;212.0;0.0;212.0;11.52;66.75;4.0;
2022-04-22 12:00:00;186.0;0.0;186.0;12.15;64.45;4.07;
2022-04-22 13:00:00;383.0;50.53;346.0;12.75;60.05;4.21;
2022-04-22 14:00:00;314.0;33.65;292.0;13.1;60.05;4.41;
2022-04-22 15:00:00;430.0;356.03;237.0;13.03;60.05;4.55;
2022-04-22 16:00:00;365.0;617.77;115.0;12.65;62.2;4.48;
2022-04-22 17:00:00;207.0;534.0;73.0;12.09;64.45;4.14;
2022-04-22 18:00:00;52.0;262.77;28.0;11.34;66.75;3.38;
2022-04-22 19:00:00;0.0;0.0;0.0;9.48;77.0;3.31;
2022-04-22 20:00:00;0.0;0.0;0.0;8.45;79.75;3.24;
2022-04-22 21:00:00;0.0;0.0;0.0;7.65;85.8;3.1;
2022-04-22 22:00:00;0.0;0.0;0.0;7.06;89.0;2.9;
2022-04-22 23:00:00;0.0;0.0;0.0;6.6;88.95;2.69;
2022-04-23 00:00:00;0.0;0.0;0.0;6.24;88.95;2.41;
2022-04-23 01:00:00;0.0;0.0;0.0;5.69;92.3;2.28;
2022-04-23 02:00:00;0.0;0.0;0.0;5.23;95.75;2.28;
2022-04-23 03:00:00;0.0;0.0;0.0;4.82;99.4;2.21;
2022-04-23 04:00:00;0.0;0.0;0.0;4.51;99.4;2.14;
2022-04-23 05:00:00;42.0;166.39;28.0;4.44;99.4;2.07;
2022-04-23 06:00:00;191.0;455.78;80.0;5.4;95.75;2.28;
2022-04-23 07:00:00;351.0;578.05;121.0;6.72;89.0;2.34;
2022-04-23 08:00:00;433.0;380.12;229.0;7.91;85.85;2.14;
2022-04-23 09:00:00;565.0;468.93;260.0;9.42;79.9;1.86;
2022-04-23 10:00:00;757.0;836.75;145.0;10.7;71.75;1.31;
2022-04-23 11:00:00;800.0;822.91;163.0;12.09;69.35;0.97;
2022-04-23 12:00:00;806.0;838.11;156.0;13.25;64.65;0.97;
2022-04-23 13:00:00;765.0;849.51;140.0;14.26;60.3;1.24;
2022-04-23 14:00:00;670.0;815.46;134.0;14.89;58.25;1.38;
2022-04-23 15:00:00;537.0;760.59;122.0;15.16;58.25;1.45;
2022-04-23 16:00:00;376.0;663.69;105.0;15.14;58.25;1.38;
2022-04-23 17:00:00;203.0;478.92;81.0;14.73;58.25;1.66;
2022-04-23 18:00:00;52.0;220.27;31.0;13.76;64.75;1.72;
2022-04-23 19:00:00;0.0;0.0;0.0;11.79;71.95;2.21;
2022-04-23 20:00:00;0.0;0.0;0.0;10.29;80.05;2.14;
2022-04-23 21:00:00;0.0;0.0;0.0;9.1;89.1;2.0;
2022-04-23 22:00:00;0.0;0.0;0.0;7.87;92.4;1.79;
2022-04-23 23:00:00;0.0;0.0;0.0;6.74;92.35;1.66;
2022-04-24 00:00:00;0.0;0.0;0.0;6.64;95.8;1.45;
2022-04-24 01:00:00;0.0;0.0;0.0;6.89;95.8;1.24;
2022-04-24 02:00:00;0.0;0.0;0.0;6.24;95.8;1.38;
2022-04-24 03:00:00;0.0;0.0;0.0;5.42;99.4;1.59;
2022-04-24 04:00:00;0.0;0.0;0.0;4.96;99.4;1.66;
2022-04-24 05:00:00;40.0;112.16;30.0;4.47;100.0;1.79;
2022-04-24 06:00:00;186.0;398.62;87.0;5.98;95.75;1.52;
2022-04-24 07:00:00;365.0;646.01;105.0;10.09;82.95;1.72;
2022-04-24 08:00:00;533.0;774.49;114.0;12.74;69.55;2.14;
2022-04-24 09:00:00;644.0;747.12;155.0;14.98;64.95;2.34;
2022-04-24 10:00:00;755.0;835.07;141.0;16.74;58.6;2.69;
2022-04-24 11:00:00;820.0;885.88;131.0;18.24;52.9;3.31;
2022-04-24 12:00:00;795.0;809.91;164.0;19.43;47.8;3.66;
2022-04-24 13:00:00;648.0;481.61;292.0;20.17;47.9;3.72;
2022-04-24 14:00:00;386.0;96.86;322.0;20.27;47.9;3.52;
2022-04-24 15:00:00;426.0;340.54;239.0;19.83;49.7;3.03;
2022-04-24 16:00:00;250.0;143.23;191.0;18.95;55.05;2.48;
2022-04-24 17:00:00;170.0;247.57;106.0;17.82;63.3;2.28;
2022-04-24 18:00:00;41.0;80.55;33.0;16.2;72.55;2.55;
2022-04-24 19:00:00;0.0;0.0;0.0;14.41;74.95;3.17;
2022-04-24 20:00:00;0.0;0.0;0.0;13.1;77.5;3.17;
2022-04-24 21:00:00;0.0;0.0;0.0;12.2;83.15;3.31;
2022-04-24 22:00:00;0.0;0.0;0.0;11.52;83.1;3.31;
2022-04-24 23:00:00;0.0;0.0;0.0;11.04;80.1;3.17;
2022-04-25 00:00:00;0.0;0.0;0.0;10.74;80.1;2.9;
2022-04-25 01:00:00;0.0;0.0;0.0;10.28;86.05;2.69;
2022-04-25 02:00:00;0.0;0.0;0.0;10.16;89.2;2.41;
2022-04-25 03:00:00;0.0;0.0;0.0;10.12;89.2;2.28;
2022-04-25 04:00:00;0.0;0.0;0.0;10.04;92.5;2.48;
2022-04-25 05:00:00;17.0;0.0;17.0;10.0;92.5;2.69;
2022-04-25 06:00:00;44.0;0.0;44.0;10.35;92.5;2.62;
2022-04-25 07:00:00;178.0;31.94;165.0;10.9;89.3;2.48;
2022-04-25 08:00:00;241.0;25.68;227.0;11.61;89.3;3.03;
2022-04-25 09:00:00;182.0;0.0;182.0;12.45;83.25;4.07;
2022-04-25 10:00:00;118.0;0.0;118.0;13.4;86.3;3.93;
2022-04-25 11:00:00;333.0;15.36;321.0;14.25;83.4;4.07;
2022-04-25 12:00:00;219.0;0.0;219.0;15.39;77.8;4.41;
2022-04-25 13:00:00;202.0;0.0;202.0;16.09;75.15;4.55;
2022-04-25 14:00:00;84.0;0.0;84.0;16.43;70.1;4.62;
2022-04-25 15:00:00;285.0;61.53;251.0;16.23;70.0;5.17;
2022-04-25 16:00:00;318.0;368.23;165.0;16.26;62.95;5.03;
2022-04-25 17:00:00;196.0;404.2;90.0;15.84;62.85;3.79;
2022-04-25 18:00:00;61.0;271.15;33.0;15.02;67.35;3.1;
2022-04-25 19:00:00;0.0;0.0;0.0;13.57;74.75;2.55;
2022-04-25 20:00:00;0.0;0.0;0.0;12.8;74.75;2.48;
2022-04-25 21:00:00;0.0;0.0;0.0;12.16;83.15;2.69;
2022-04-25 22:00:00;0.0;0.0;0.0;11.7;86.15;2.55;
2022-04-25 23:00:00;0.0;0.0;0.0;11.37;89.3;2.34;
2022-04-26 00:00:00;0.0;0.0;0.0;11.24;89.3;2.41;
2022-04-26 01:00:00;0.0;0.0;0.0;10.95;92.55;2.41;
2022-04-26 02:00:00;0.0;0.0;0.0;10.58;92.5;2.55;
2022-04-26 03:00:00;0.0;0.0;0.0;10.5;95.9;2.55;
2022-04-26 04:00:00;0.0;0.0;0.0;10.34;92.5;2.62;
2022-04-26 05:00:00;57.0;252.57;32.0;10.49;95.9;2.76;
2022-04-26 06:00:00;77.0;3.88;76.0;10.99;92.55;3.59;
2022-04-26 07:00:00;215.0;77.78;183.0;11.9;89.35;4.0;
2022-04-26 08:00:00;272.0;50.96;244.0;12.3;86.25;3.72;
2022-04-26 09:00:00;134.0;0.0;134.0;12.36;86.25;3.31;
2022-04-26 10:00:00;214.0;0.0;214.0;12.55;86.25;3.17;
2022-04-26 11:00:00;433.0;70.07;378.0;13.53;80.35;3.1;
2022-04-26 12:00:00;181.0;0.0;181.0;14.23;74.95;2.62;
2022-04-26 13:00:00;190.0;0.0;190.0;14.99;75.0;2.0;
2022-04-26 14:00:00;142.0;0.0;142.0;14.47;74.95;2.34;
2022-04-26 15:00:00;131.0;0.0;131.0;13.43;80.35;3.38;
2022-04-26 16:00:00;101.0;0.0;101.0;12.6;83.25;3.86;
2022-04-26 17:00:00;51.0;0.0;51.0;11.98;83.15;3.79;
2022-04-26 18:00:00;37.0;37.32;33.0;11.29;83.1;3.66;
2022-04-26 19:00:00;0.0;0.0;0.0;10.72;83.05;3.59;
2022-04-26 20:00:00;0.0;0.0;0.0;10.2;83.0;3.72;
2022-04-26 21:00:00;0.0;0.0;0.0;9.79;82.95;3.59;
2022-04-26 22:00:00;0.0;0.0;0.0;9.47;85.95;3.59;
2022-04-26 23:00:00;0.0;0.0;0.0;9.15;85.95;3.86;
2022-04-27 00:00:00;0.0;0.0;0.0;8.74;82.85;4.0;
2022-04-27 01:00:00;0.0;0.0;0.0;8.36;82.75;4.28;
2022-04-27 02:00:00;0.0;0.0;0.0;8.06;82.7;4.48;
2022-04-27 03:00:00;0.0;0.0;0.0;7.73;82.7;4.41;
2022-04-27 04:00:00;0.0;0.0;0.0;7.42;82.65;4.14;
2022-04-27 05:00:00;35.0;28.91;32.0;7.15;85.75;4.07;
2022-04-27 06:00:00;189.0;327.83;103.0;7.29;79.65;4.34;
2022-04-27 07:00:00;389.0;687.94;103.0;8.07;73.95;5.1;
2022-04-27 08:00:00;505.0;590.76;178.0;9.02;63.8;5.79;
2022-04-27 09:00:00;604.0;549.29;238.0;9.75;57.15;5.52;
2022-04-27 10:00:00;682.0;546.6;274.0;10.64;53.1;5.38;
2022-04-27 11:00:00;680.0;435.06;337.0;11.03;51.25;5.24;
2022-04-27 12:00:00;563.0;209.03;398.0;11.37;49.45;4.97;
2022-04-27 13:00:00;693.0;571.24;265.0;11.65;47.6;4.83;
2022-04-27 14:00:00;597.0;514.31;252.0;11.76;45.95;4.9;
2022-04-27 15:00:00;525.0;652.52;160.0;11.43;47.6;5.03;
2022-04-27 16:00:00;397.0;700.53;101.0;10.65;51.1;5.1;
2022-04-27 17:00:00;230.0;578.57;74.0;9.8;52.95;4.83;
2022-04-27 18:00:00;69.0;306.1;35.0;8.82;54.8;4.07;
2022-04-27 19:00:00;0.0;0.0;0.0;7.98;61.2;3.38;
2022-04-27 20:00:00;0.0;0.0;0.0;6.89;68.4;2.76;
2022-04-27 21:00:00;0.0;0.0;0.0;5.98;73.65;2.34;
2022-04-27 22:00:00;0.0;0.0;0.0;5.11;79.3;2.0;
2022-04-27 23:00:00;0.0;0.0;0.0;4.17;82.3;1.38;
2022-04-28 00:00:00;0.0;0.0;0.0;5.4;73.55;0.76;
2022-04-28 01:00:00;0.0;0.0;0.0;4.05;82.25;1.24;
2022-04-28 02:00:00;0.0;0.0;0.0;2.35;85.35;1.66;
2022-04-28 03:00:00;0.0;0.0;0.0;1.15;88.6;2.14;
2022-04-28 04:00:00;0.0;0.0;0.0;1.29;92.05;2.55;
2022-04-28 05:00:00;59.0;184.35;39.0;2.17;88.65;2.83;
2022-04-28 06:00:00;228.0;569.66;76.0;4.65;85.55;2.9;
2022-04-28 07:00:00;412.0;766.69;90.0;7.27;76.7;4.41;
2022-04-28 08:00:00;0.0;0.0;0.0;8.66;68.7;5.31;
2022-04-28 09:00:00;477.0;214.89;333.0;9.45;63.9;5.66;
2022-04-28 10:00:00;624.0;376.0;342.0;9.58;61.55;5.72;
2022-04-28 11:00:00;758.0;616.31;270.0;10.06;52.95;5.79;
2022-04-28 12:00:00;0.0;0.0;0.0;10.58;47.35;5.86;
2022-04-28 13:00:00;794.0;867.78;141.0;10.88;42.3;5.72;
2022-04-28 14:00:00;694.0;823.37;139.0;11.02;40.65;5.59;
2022-04-28 15:00:00;554.0;744.63;135.0;10.95;39.1;5.17;
2022-04-28 16:00:00;394.0;652.59;116.0;10.71;39.1;4.41;
2022-04-28 17:00:00;228.0;530.6;83.0;10.5;42.15;3.31;
2022-04-28 18:00:00;61.0;165.31;42.0;10.06;47.2;1.93;
2022-04-28 19:00:00;0.0;0.0;0.0;8.92;50.7;2.48;
2022-04-28 20:00:00;0.0;0.0;0.0;7.8;56.7;2.9;
2022-04-28 21:00:00;0.0;0.0;0.0;6.96;63.35;3.03;
2022-04-28 22:00:00;0.0;0.0;0.0;6.37;68.3;2.83;
2022-04-28 23:00:00;0.0;0.0;0.0;5.66;73.65;2.62;
2022-04-29 00:00:00;0.0;0.0;0.0;5.02;79.3;2.62;
2022-04-29 01:00:00;0.0;0.0;0.0;4.48;79.2;2.69;
2022-04-29 02:00:00;0.0;0.0;0.0;4.18;79.2;2.76;
2022-04-29 03:00:00;0.0;0.0;0.0;4.09;82.25;2.76;
2022-04-29 04:00:00;0.0;0.0;0.0;4.11;79.15;2.76;
2022-04-29 05:00:00;41.0;35.36;37.0;4.25;76.25;2.69;
2022-04-29 06:00:00;164.0;169.59;118.0;5.43;73.55;2.55;
2022-04-29 07:00:00;384.0;624.76;119.0;7.26;68.5;3.03;
2022-04-29 08:00:00;451.0;375.8;240.0;9.12;63.8;3.86;
2022-04-29 09:00:00;495.0;250.82;326.0;11.01;59.6;4.55;
2022-04-29 10:00:00;692.0;558.72;271.0;12.4;51.65;5.86;
2022-04-29 11:00:00;432.0;60.37;384.0;13.09;48.0;6.76;
2022-04-29 12:00:00;567.0;208.57;401.0;12.79;48.0;6.76;
2022-04-29 13:00:00;443.0;91.31;374.0;12.69;51.65;6.69;
2022-04-29 14:00:00;214.0;0.0;214.0;12.85;51.75;6.28;
2022-04-29 15:00:00;137.0;0.0;137.0;13.3;49.85;6.28;
2022-04-29 16:00:00;169.0;13.97;163.0;13.44;49.85;6.0;
2022-04-29 17:00:00;181.0;234.76;116.0;13.1;49.85;5.1;
2022-04-29 18:00:00;17.0;0.0;17.0;11.46;62.0;3.86;
2022-04-29 19:00:00;0.0;0.0;0.0;10.93;61.85;3.45;
2022-04-29 20:00:00;0.0;0.0;0.0;9.69;69.0;3.52;
2022-04-29 21:00:00;0.0;0.0;0.0;9.06;79.85;3.72;
2022-04-29 22:00:00;0.0;0.0;0.0;8.46;82.75;3.79;
2022-04-29 23:00:00;0.0;0.0;0.0;7.82;85.85;3.79;
2022-04-30 00:00:00;0.0;0.0;0.0;7.27;89.0;3.72;
2022-04-30 01:00:00;0.0;0.0;0.0;7.01;92.35;3.66;
2022-04-30 02:00:00;0.0;0.0;0.0;6.57;92.3;3.66;
2022-04-30 03:00:00;0.0;0.0;0.0;6.22;92.3;3.66;
2022-04-30 04:00:00;0.0;0.0;0.0;6.07;92.3;3.66;
2022-04-30 05:00:00;56.0;110.48;43.0;5.93;92.3;3.66;
2022-04-30 06:00:00;212.0;402.8;101.0;6.72;89.0;3.38;
2022-04-30 07:00:00;398.0;672.5;110.0;8.49;85.9;4.21;
2022-04-30 08:00:00;514.0;576.67;188.0;9.77;71.6;4.55;
2022-04-30 09:00:00;414.0;113.67;337.0;10.73;61.85;4.97;
2022-04-30 10:00:00;588.0;294.61;365.0;11.41;55.4;5.1;
2022-04-30 11:00:00;634.0;316.88;381.0;12.1;51.5;5.17;
2022-04-30 12:00:00;821.0;800.94;181.0;12.68;51.65;4.9;
2022-04-30 13:00:00;626.0;372.95;343.0;12.84;51.75;4.69;
2022-04-30 14:00:00;514.0;276.3;326.0;13.03;51.75;4.69;
2022-04-30 15:00:00;496.0;497.16;213.0;12.73;49.85;4.62;
2022-04-30 16:00:00;406.0;693.15;106.0;10.07;61.58;3.12;
2022-04-30 17:00:00;243.0;595.45;76.0;10.19;61.24;3.2;
2022-04-30 18:00:00;81.0;359.0;37.0;10.3;60.9;3.29;
2022-04-30 19:00:00;0.0;0.0;0.0;10.41;60.57;3.37;
2022-04-30 20:00:00;0.0;0.0;0.0;10.52;60.23;3.46;
2022-04-30 21:00:00;0.0;0.0;0.0;10.64;59.89;3.55;
2022-04-30 22:00:00;0.0;0.0;0.0;10.75;59.56;3.63;
2022-04-30 23:00:00;0.0;0.0;0.0;10.86;59.22;3.72;
2022-05-01 00:00:00;0.0;0.0;0.0;10.98;58.88;3.81;
2022-05-01 01:00:00;0.0;0.0;0.0;11.09;58.55;3.89;
2022-05-01 02:00:00;0.0;0.0;0.0;11.2;58.21;3.98;
2022-05-01 03:00:00;0.0;0.0;0.0;11.31;57.87;4.07;
2022-05-01 04:00:00;0.0;0.0;0.0;11.43;57.54;4.15;
2022-05-01 05:00:00;71.0;221.06;44.0;11.54;57.2;4.24;
2022-05-01 06:00:00;232.0;521.78;86.0;11.65;56.86;4.32;
2022-05-01 07:00:00;404.0;677.84;111.0;11.77;56.53;4.41;
2022-05-01 08:00:00;571.0;788.99;122.0;14.69;50.25;5.17;
2022-05-01 09:00:00;695.0;810.62;143.0;16.54;43.8;5.17;
2022-05-01 10:00:00;791.0;841.8;151.0;18.23;39.4;5.24;
2022-05-01 11:00:00;841.0;857.02;154.0;19.47;34.3;5.72;
2022-05-01 12:00:00;832.0;826.51;169.0;20.38;33.15;5.72;
2022-05-01 13:00:00;788.0;826.89;158.0;21.13;31.05;5.66;
2022-05-01 14:00:00;697.0;809.03;144.0;21.61;30.0;5.52;
2022-05-01 15:00:00;564.0;758.17;130.0;21.85;30.0;5.52;
2022-05-01 16:00:00;409.0;685.53;110.0;21.74;30.0;5.45;
2022-05-01 17:00:00;237.0;531.69;86.0;21.2;31.05;4.97;
2022-05-01 18:00:00;80.0;300.81;42.0;20.01;33.15;4.55;
2022-05-01 19:00:00;0.0;0.0;0.0;18.38;36.55;4.48;
2022-05-01 20:00:00;0.0;0.0;0.0;17.27;37.65;4.83;
2022-05-01 21:00:00;0.0;0.0;0.0;16.43;34.9;5.1;
2022-05-01 22:00:00;0.0;0.0;0.0;15.59;36.0;4.97;
2022-05-01 23:00:00;0.0;0.0;0.0;14.75;38.55;4.76;
2022-05-02 00:00:00;0.0;0.0;0.0;13.92;39.95;4.48;
2022-05-02 01:00:00;0.0;0.0;0.0;13.04;41.2;4.14;
2022-05-02 02:00:00;0.0;0.0;0.0;12.18;44.2;4.0;
2022-05-02 03:00:00;0.0;0.0;0.0;11.37;45.7;3.93;
2022-05-02 04:00:00;0.0;0.0;0.0;10.63;47.35;3.93;
2022-05-02 05:00:00;77.0;245.02;46.0;10.16;49.05;3.93;
2022-05-02 06:00:00;241.0;556.4;83.0;10.73;49.2;3.72;
2022-05-02 07:00:00;411.0;687.8;111.0;12.0;47.75;4.69;
2022-05-02 08:00:00;576.0;787.41;125.0;13.57;42.95;4.83;
2022-05-02 09:00:00;695.0;788.99;155.0;15.35;38.7;4.97;
2022-05-02 10:00:00;786.0;804.14;172.0;16.96;32.35;5.45;
2022-05-02 11:00:00;840.0;833.8;169.0;18.24;28.0;5.86;
2022-05-02 12:00:00;836.0;817.17;178.0;19.24;26.15;6.0;
2022-05-02 13:00:00;791.0;818.39;165.0;20.04;24.45;6.07;
2022-05-02 14:00:00;704.0;817.08;143.0;20.57;23.65;6.07;
2022-05-02 15:00:00;571.0;766.17;130.0;20.85;23.65;5.93;
2022-05-02 16:00:00;420.0;714.5;106.0;20.78;24.6;5.66;
2022-05-02 17:00:00;245.0;563.47;83.0;20.32;27.45;4.83;
2022-05-02 18:00:00;85.0;330.62;42.0;19.21;30.5;4.0;
2022-05-02 19:00:00;0.0;0.0;0.0;17.37;37.65;3.45;
2022-05-02 20:00:00;0.0;0.0;0.0;15.72;41.9;3.66;
2022-05-02 21:00:00;0.0;0.0;0.0;14.43;46.6;4.0;
2022-05-02 22:00:00;0.0;0.0;0.0;13.35;55.75;4.14;
2022-05-02 23:00:00;0.0;0.0;0.0;12.5;59.95;4.07;
2022-05-03 00:00:00;0.0;0.0;0.0;11.83;66.75;3.93;
2022-05-03 01:00:00;0.0;0.0;0.0;11.26;69.15;3.72;
2022-05-03 02:00:00;0.0;0.0;0.0;10.74;71.7;3.38;
2022-05-03 03:00:00;0.0;0.0;0.0;10.18;74.3;3.17;
2022-05-03 04:00:00;0.0;0.0;0.0;9.65;77.0;2.97;
2022-05-03 05:00:00;73.0;191.11;48.0;9.37;77.0;2.83;
2022-05-03 06:00:00;232.0;475.63;95.0;10.43;74.4;2.76;
2022-05-03 07:00:00;400.0;634.09;121.0;12.02;74.6;3.24;
2022-05-03 08:00:00;567.0;758.21;130.0;13.92;67.25;3.31;
2022-05-03 09:00:00;695.0;799.65;145.0;15.83;60.65;3.38;
2022-05-03 10:00:00;785.0;817.74;158.0;17.63;52.75;3.72;
2022-05-03 11:00:00;844.0;857.87;151.0;18.99;42.7;4.07;
2022-05-03 12:00:00;830.0;816.63;170.0;19.81;39.8;4.0;
2022-05-03 13:00:00;782.0;802.21;166.0;20.46;37.1;4.0;
2022-05-03 14:00:00;684.0;756.95;162.0;20.83;34.55;4.07;
2022-05-03 15:00:00;552.0;692.92;151.0;20.63;35.9;4.14;
2022-05-03 16:00:00;395.0;596.29;131.0;19.73;41.3;4.34;
2022-05-03 17:00:00;227.0;436.46;100.0;18.4;51.0;4.9;
2022-05-03 18:00:00;74.0;186.91;49.0;16.68;60.85;5.1;
2022-05-03 19:00:00;0.0;0.0;0.0;15.03;67.45;4.69;
2022-05-03 20:00:00;0.0;0.0;0.0;14.17;72.3;4.76;
2022-05-03 21:00:00;0.0;0.0;0.0;13.68;74.85;4.28;
2022-05-03 22:00:00;0.0;0.0;0.0;13.16;77.5;3.93;
2022-05-03 23:00:00;0.0;0.0;0.0;12.69;80.3;3.79;
2022-05-04 00:00:00;0.0;0.0;0.0;12.55;77.45;3.66;
2022-05-04 01:00:00;0.0;0.0;0.0;12.5;77.45;3.45;
2022-05-04 02:00:00;0.0;0.0;0.0;12.47;74.7;3.24;
2022-05-04 03:00:00;0.0;0.0;0.0;12.59;74.7;3.1;
2022-05-04 04:00:00;0.0;0.0;0.0;12.59;72.05;2.97;
2022-05-04 05:00:00;53.0;44.44;47.0;12.55;72.05;2.9;
2022-05-04 06:00:00;229.0;445.18;99.0;13.5;67.15;2.69;
2022-05-04 07:00:00;350.0;392.12;176.0;14.02;77.65;3.86;
2022-05-04 08:00:00;551.0;696.71;147.0;15.62;70.0;3.86;
2022-05-04 09:00:00;679.0;746.63;163.0;17.59;60.95;4.0;
2022-05-04 10:00:00;590.0;293.55;364.0;19.47;51.4;4.48;
2022-05-04 11:00:00;819.0;789.33;179.0;20.58;40.1;4.83;
2022-05-04 12:00:00;627.0;298.35;385.0;21.05;36.0;4.83;
2022-05-04 13:00:00;665.0;457.97;312.0;21.5;34.85;4.97;
2022-05-04 14:00:00;469.0;186.26;340.0;21.57;36.15;5.24;
2022-05-04 15:00:00;387.0;185.64;279.0;21.0;36.0;5.72;
2022-05-04 16:00:00;359.0;426.04;169.0;19.74;44.45;6.07;
2022-05-04 17:00:00;123.0;30.57;114.0;18.14;54.85;5.86;
2022-05-04 18:00:00;9.0;0.0;9.0;16.51;60.85;5.66;
2022-05-04 19:00:00;0.0;0.0;0.0;14.96;65.05;5.17;
2022-05-04 20:00:00;0.0;0.0;0.0;13.77;69.65;5.52;
2022-05-04 21:00:00;0.0;0.0;0.0;12.95;69.55;5.03;
2022-05-04 22:00:00;0.0;0.0;0.0;12.2;74.6;4.83;
2022-05-04 23:00:00;0.0;0.0;0.0;11.63;74.55;4.69;
2022-05-05 00:00:00;0.0;0.0;0.0;11.2;77.2;4.55;
2022-05-05 01:00:00;0.0;0.0;0.0;10.85;80.05;4.41;
2022-05-05 02:00:00;0.0;0.0;0.0;10.53;80.05;4.48;
2022-05-05 03:00:00;0.0;0.0;0.0;10.21;82.95;4.48;
2022-05-05 04:00:00;0.0;0.0;0.0;9.98;82.95;4.48;
2022-05-05 05:00:00;31.0;0.0;31.0;9.77;85.95;4.48;
2022-05-05 06:00:00;112.0;16.9;107.0;10.38;80.05;5.79;
2022-05-05 07:00:00;195.0;26.82;183.0;10.84;80.05;5.52;
2022-05-05 08:00:00;393.0;192.01;281.0;12.13;71.95;5.1;
2022-05-05 09:00:00;571.0;393.19;298.0;13.56;64.75;4.76;
2022-05-05 10:00:00;710.0;570.56;269.0;14.81;60.4;4.62;
2022-05-05 11:00:00;829.0;807.39;172.0;16.13;56.5;4.9;
2022-05-05 12:00:00;824.0;792.4;179.0;16.91;56.6;5.24;
2022-05-05 13:00:00;776.0;778.13;174.0;17.36;56.6;5.52;
2022-05-05 14:00:00;680.0;733.3;170.0;17.19;56.6;5.72;
2022-05-05 15:00:00;559.0;713.06;142.0;16.54;56.6;5.93;
2022-05-05 16:00:00;406.0;636.74;120.0;15.46;58.45;5.86;
2022-05-05 17:00:00;240.0;490.26;94.0;14.25;62.55;5.52;
2022-05-05 18:00:00;87.0;269.44;49.0;13.06;67.05;4.83;
2022-05-05 19:00:00;0.0;0.0;0.0;11.56;71.85;4.0;
2022-05-05 20:00:00;0.0;0.0;0.0;10.65;77.15;3.59;
2022-05-05 21:00:00;0.0;0.0;0.0;9.99;79.95;3.45;
2022-05-05 22:00:00;0.0;0.0;0.0;9.49;82.9;3.38;
2022-05-05 23:00:00;0.0;0.0;0.0;9.19;85.95;2.9;
2022-05-06 00:00:00;0.0;0.0;0.0;8.93;85.95;2.62;
2022-05-06 01:00:00;0.0;0.0;0.0;8.92;82.85;2.48;
2022-05-06 02:00:00;0.0;0.0;0.0;8.68;85.9;1.86;
2022-05-06 03:00:00;0.0;0.0;0.0;8.27;89.05;1.52;
2022-05-06 04:00:00;0.0;0.0;0.0;7.57;92.35;1.1;
2022-05-06 05:00:00;44.0;13.97;42.0;7.8;92.35;1.66;
2022-05-06 06:00:00;183.0;173.5;131.0;9.02;79.85;2.41;
2022-05-06 07:00:00;368.0;441.28;169.0;9.7;82.9;2.69;
2022-05-06 08:00:00;556.0;686.97;153.0;10.76;77.15;3.03;
2022-05-06 09:00:00;650.0;620.83;217.0;12.69;66.95;3.66;
2022-05-06 10:00:00;641.0;389.23;339.0;14.75;60.4;3.66;
2022-05-06 11:00:00;623.0;282.88;392.0;16.41;56.5;3.93;
2022-05-06 12:00:00;712.0;467.69;330.0;18.0;52.9;4.34;
2022-05-06 13:00:00;467.0;105.61;385.0;19.01;49.45;4.97;
2022-05-06 14:00:00;180.0;0.0;180.0;19.22;49.45;5.38;
2022-05-06 15:00:00;190.0;1.7;189.0;18.57;51.15;5.66;
2022-05-06 16:00:00;76.0;0.0;76.0;17.25;58.7;5.31;
2022-05-06 17:00:00;83.0;0.0;83.0;16.22;62.95;5.03;
2022-05-06 18:00:00;32.0;0.0;32.0;15.59;65.15;5.66;
2022-05-06 19:00:00;0.0;0.0;0.0;14.76;72.4;5.72;
2022-05-06 20:00:00;0.0;0.0;0.0;14.37;77.65;5.38;
2022-05-06 21:00:00;0.0;0.0;0.0;14.05;80.45;5.38;
2022-05-06 22:00:00;0.0;0.0;0.0;13.65;80.4;5.38;
2022-05-06 23:00:00;0.0;0.0;0.0;13.37;80.35;5.31;
2022-05-07 00:00:00;0.0;0.0;0.0;13.22;80.35;5.1;
2022-05-07 01:00:00;0.0;0.0;0.0;12.99;80.35;5.17;
2022-05-07 02:00:00;0.0;0.0;0.0;12.66;80.3;5.38;
2022-05-07 03:00:00;0.0;0.0;0.0;12.5;83.25;5.52;
2022-05-07 04:00:00;0.0;0.0;0.0;12.15;92.6;5.59;
2022-05-07 05:00:00;10.0;0.0;10.0;12.34;95.95;6.14;
2022-05-07 06:00:00;37.0;0.0;37.0;12.68;95.95;6.55;
2022-05-07 07:00:00;56.0;0.0;56.0;13.44;92.65;6.28;
2022-05-07 08:00:00;56.0;0.0;56.0;14.11;89.5;7.24;
2022-05-07 09:00:00;139.0;0.0;139.0;14.59;86.45;7.59;
2022-05-07 10:00:00;124.0;0.0;124.0;15.09;83.5;8.41;
2022-05-07 11:00:00;141.0;0.0;141.0;15.21;80.6;8.0;
2022-05-07 12:00:00;132.0;0.0;132.0;15.43;77.85;8.69;
2022-05-07 13:00:00;135.0;0.0;135.0;15.49;77.85;7.86;
2022-05-07 14:00:00;138.0;0.0;138.0;15.16;83.5;7.93;
2022-05-07 15:00:00;90.0;0.0;90.0;14.8;86.45;8.34;
2022-05-07 16:00:00;43.0;0.0;43.0;14.34;89.5;8.14;
2022-05-07 17:00:00;56.0;0.0;56.0;14.32;89.5;8.28;
2022-05-07 18:00:00;9.0;0.0;9.0;14.22;86.4;8.62;
2022-05-07 19:00:00;0.0;0.0;0.0;13.92;86.4;8.28;
2022-05-07 20:00:00;0.0;0.0;0.0;13.7;89.45;7.24;
2022-05-07 21:00:00;0.0;0.0;0.0;13.53;86.35;6.55;
2022-05-07 22:00:00;0.0;0.0;0.0;13.14;86.3;6.0;
2022-05-07 23:00:00;0.0;0.0;0.0;12.85;89.4;5.72;
2022-05-08 00:00:00;0.0;0.0;0.0;12.41;86.25;5.72;
2022-05-08 01:00:00;0.0;0.0;0.0;12.02;83.15;5.66;
2022-05-08 02:00:00;0.0;0.0;0.0;11.57;80.15;5.52;
2022-05-08 03:00:00;0.0;0.0;0.0;11.07;80.1;5.38;
2022-05-08 04:00:00;0.0;0.0;0.0;10.74;83.0;5.24;
2022-05-08 05:00:00;51.0;19.87;48.0;10.56;83.0;5.17;
2022-05-08 06:00:00;90.0;3.26;89.0;11.25;83.05;4.62;
2022-05-08 07:00:00;154.0;4.37;152.0;11.97;74.6;7.31;
2022-05-08 08:00:00;211.0;5.06;208.0;12.69;69.45;7.17;
2022-05-08 09:00:00;301.0;17.06;289.0;13.51;62.45;7.03;
2022-05-08 10:00:00;420.0;61.41;372.0;14.44;56.15;7.17;
2022-05-08 11:00:00;384.0;26.76;362.0;15.28;52.25;7.72;
2022-05-08 12:00:00;384.0;26.76;362.0;16.15;50.6;8.21;
2022-05-08 13:00:00;403.0;48.6;365.0;15.89;58.45;7.86;
2022-05-08 14:00:00;247.0;2.84;245.0;16.03;62.95;8.48;
2022-05-08 15:00:00;164.0;0.0;164.0;14.98;72.45;7.66;
2022-05-08 16:00:00;282.0;150.49;213.0;15.75;70.0;8.21;
2022-05-08 17:00:00;157.0;84.48;131.0;15.76;65.15;7.66;
2022-05-08 18:00:00;67.0;72.53;56.0;14.95;65.05;7.31;
2022-05-08 19:00:00;0.0;0.0;0.0;14.1;69.75;7.1;
2022-05-08 20:00:00;0.0;0.0;0.0;13.59;72.2;6.48;
2022-05-08 21:00:00;0.0;0.0;0.0;13.12;74.75;6.07;
2022-05-08 22:00:00;0.0;0.0;0.0;12.57;77.45;5.79;
2022-05-08 23:00:00;0.0;0.0;0.0;12.3;83.15;5.52;
2022-05-09 00:00:00;0.0;0.0;0.0;12.19;83.15;5.24;
2022-05-09 01:00:00;0.0;0.0;0.0;12.17;83.15;4.83;
2022-05-09 02:00:00;0.0;0.0;0.0;12.02;80.2;4.34;
2022-05-09 03:00:00;0.0;0.0;0.0;11.82;86.15;3.72;
2022-05-09 04:00:00;0.0;0.0;0.0;11.62;86.15;3.38;
2022-05-09 05:00:00;28.0;0.0;28.0;11.58;89.3;3.24;
2022-05-09 06:00:00;58.0;0.0;58.0;11.87;89.3;3.38;
2022-05-09 07:00:00;79.0;0.0;79.0;11.42;89.3;3.66;
2022-05-09 08:00:00;144.0;0.0;144.0;12.45;80.3;4.14;
2022-05-09 09:00:00;260.0;5.66;256.0;13.38;74.75;4.21;
2022-05-09 10:00:00;252.0;1.27;251.0;14.34;69.75;4.55;
2022-05-09 11:00:00;203.0;0.0;203.0;14.35;69.75;4.83;
2022-05-09 12:00:00;240.0;0.0;240.0;14.14;69.75;4.48;
2022-05-09 13:00:00;200.0;0.0;200.0;14.14;72.3;4.21;
2022-05-09 14:00:00;138.0;0.0;138.0;14.02;74.95;3.86;
2022-05-09 15:00:00;153.0;0.0;153.0;13.78;83.35;4.28;
2022-05-09 16:00:00;77.0;0.0;77.0;13.49;86.35;4.14;
2022-05-09 17:00:00;40.0;0.0;40.0;13.11;92.65;4.83;
2022-05-09 18:00:00;15.0;0.0;15.0;13.01;92.65;5.72;
2022-05-09 19:00:00;0.0;0.0;0.0;13.24;92.65;6.07;
2022-05-09 20:00:00;0.0;0.0;0.0;13.18;86.3;6.62;
2022-05-09 21:00:00;0.0;0.0;0.0;13.12;83.25;6.62;
2022-05-09 22:00:00;0.0;0.0;0.0;13.12;80.35;6.55;
2022-05-09 23:00:00;0.0;0.0;0.0;13.13;80.35;6.55;
2022-05-10 00:00:00;0.0;0.0;0.0;13.35;80.35;6.69;
2022-05-10 01:00:00;0.0;0.0;0.0;13.5;77.6;6.76;
2022-05-10 02:00:00;0.0;0.0;0.0;13.66;80.4;6.76;
2022-05-10 03:00:00;0.0;0.0;0.0;13.73;77.6;6.9;
2022-05-10 04:00:00;0.0;0.0;0.0;13.64;77.6;7.1;
2022-05-10 05:00:00;28.0;0.0;28.0;13.56;77.6;7.24;
2022-05-10 06:00:00;42.0;0.0;42.0;13.54;77.6;6.97;
2022-05-10 07:00:00;109.0;0.0;109.0;13.47;80.4;6.9;
2022-05-10 08:00:00;195.0;1.67;194.0;13.79;83.35;7.86;
2022-05-10 09:00:00;155.0;0.0;155.0;14.35;80.45;7.86;
2022-05-10 10:00:00;292.0;5.08;288.0;14.89;77.75;7.72;
2022-05-10 11:00:00;296.0;3.63;293.0;15.19;72.45;7.66;
2022-05-10 12:00:00;300.0;3.63;297.0;15.52;70.0;7.24;
2022-05-10 13:00:00;214.0;0.0;214.0;15.61;72.55;6.14;
2022-05-10 14:00:00;151.0;0.0;151.0;15.58;75.15;4.48;
2022-05-10 15:00:00;189.0;1.67;188.0;16.25;72.65;4.21;
2022-05-10 16:00:00;109.0;0.0;109.0;17.07;67.75;4.0;
2022-05-10 17:00:00;108.0;9.55;105.0;17.3;67.75;3.72;
2022-05-10 18:00:00;55.0;25.23;51.0;16.89;67.75;3.66;
2022-05-10 19:00:00;0.0;0.0;0.0;15.05;80.6;2.69;
2022-05-10 20:00:00;0.0;0.0;0.0;14.48;83.45;2.34;
2022-05-10 21:00:00;0.0;0.0;0.0;14.13;83.4;2.14;
2022-05-10 22:00:00;0.0;0.0;0.0;13.78;86.35;2.28;
2022-05-10 23:00:00;0.0;0.0;0.0;13.56;86.35;2.83;
2022-05-11 00:00:00;0.0;0.0;0.0;13.23;89.4;3.17;
2022-05-11 01:00:00;0.0;0.0;0.0;12.95;89.4;4.41;
2022-05-11 02:00:00;0.0;0.0;0.0;12.79;86.25;5.79;
2022-05-11 03:00:00;0.0;0.0;0.0;12.67;83.25;7.03;
2022-05-11 04:00:00;0.0;0.0;0.0;12.38;86.2;6.97;
2022-05-11 05:00:00;15.0;0.0;15.0;12.43;80.3;7.31;
2022-05-11 06:00:00;73.0;0.0;73.0;12.58;83.25;8.28;
2022-05-11 07:00:00;129.0;0.0;129.0;12.17;89.35;9.66;
2022-05-11 08:00:00;138.0;0.0;138.0;11.35;86.1;9.93;
2022-05-11 09:00:00;319.0;23.88;302.0;10.82;83.0;7.66;
2022-05-11 10:00:00;506.0;143.11;393.0;11.57;74.55;7.1;
2022-05-11 11:00:00;285.0;2.41;283.0;13.27;60.05;6.69;
2022-05-11 12:00:00;603.0;237.39;406.0;14.82;52.15;6.76;
2022-05-11 13:00:00;96.0;0.0;96.0;15.27;50.35;7.03;
2022-05-11 14:00:00;566.0;355.38;313.0;15.53;48.65;7.45;
2022-05-11 15:00:00;321.0;69.76;279.0;15.59;46.9;7.45;
2022-05-11 16:00:00;419.0;624.68;127.0;15.55;45.15;6.83;
2022-05-11 17:00:00;198.0;195.38;136.0;15.23;48.55;5.52;
2022-05-11 18:00:00;18.0;0.0;18.0;14.52;54.1;3.86;
2022-05-11 19:00:00;0.0;0.0;0.0;13.09;67.05;3.24;
2022-05-11 20:00:00;0.0;0.0;0.0;11.93;74.6;2.83;
2022-05-11 21:00:00;0.0;0.0;0.0;11.29;83.05;3.03;
2022-05-11 22:00:00;0.0;0.0;0.0;11.11;86.1;3.52;
2022-05-11 23:00:00;0.0;0.0;0.0;11.37;83.1;4.28;
2022-05-12 00:00:00;0.0;0.0;0.0;11.49;86.15;4.69;
2022-05-12 01:00:00;0.0;0.0;0.0;11.44;92.55;5.38;
2022-05-12 02:00:00;0.0;0.0;0.0;11.58;89.3;6.21;
2022-05-12 03:00:00;0.0;0.0;0.0;11.24;89.3;5.93;
2022-05-12 04:00:00;0.0;0.0;0.0;11.04;89.3;6.07;
2022-05-12 05:00:00;73.0;66.51;62.0;11.41;89.3;5.86;
2022-05-12 06:00:00;40.0;0.0;40.0;11.86;89.3;6.21;
2022-05-12 07:00:00;224.0;44.64;203.0;12.33;86.2;6.55;
2022-05-12 08:00:00;164.0;0.0;164.0;13.01;83.25;6.41;
2022-05-12 09:00:00;339.0;33.59;315.0;13.6;83.35;7.03;
2022-05-12 10:00:00;572.0;233.54;387.0;14.85;80.55;7.24;
2022-05-12 11:00:00;375.0;21.63;357.0;16.11;72.65;7.31;
2022-05-12 12:00:00;526.0;129.76;418.0;16.85;70.2;7.38;
2022-05-12 13:00:00;437.0;70.7;381.0;17.18;67.75;7.24;
2022-05-12 14:00:00;184.0;0.0;184.0;17.42;65.35;7.52;
2022-05-12 15:00:00;482.0;377.02;254.0;17.26;58.7;7.52;
2022-05-12 16:00:00;401.0;520.9;156.0;17.09;56.6;7.1;
2022-05-12 17:00:00;251.0;440.03;110.0;16.89;56.6;5.93;
2022-05-12 18:00:00;112.0;350.99;54.0;16.2;58.6;4.97;
2022-05-12 19:00:00;0.0;0.0;0.0;15.01;62.75;4.41;
2022-05-12 20:00:00;0.0;0.0;0.0;14.13;67.25;3.79;
2022-05-12 21:00:00;0.0;0.0;0.0;13.47;69.65;3.31;
2022-05-12 22:00:00;0.0;0.0;0.0;12.88;74.7;3.1;
2022-05-12 23:00:00;0.0;0.0;0.0;12.52;77.45;2.83;
2022-05-13 00:00:00;0.0;0.0;0.0;12.15;80.2;2.55;
2022-05-13 01:00:00;0.0;0.0;0.0;11.66;83.1;2.28;
2022-05-13 02:00:00;0.0;0.0;0.0;11.3;86.1;2.0;
2022-05-13 03:00:00;0.0;0.0;0.0;10.88;89.3;1.72;
2022-05-13 04:00:00;0.0;0.0;0.0;10.78;92.5;1.59;
2022-05-13 05:00:00;71.0;53.33;62.0;11.16;92.55;1.59;
2022-05-13 06:00:00;193.0;157.55;142.0;12.47;86.25;1.86;
2022-05-13 07:00:00;242.0;65.48;211.0;14.37;86.4;2.48;
2022-05-13 08:00:00;161.0;0.0;161.0;15.69;77.85;3.17;
2022-05-13 09:00:00;200.0;0.0;200.0;16.64;75.3;3.59;
2022-05-13 10:00:00;395.0;41.53;362.0;17.25;75.3;4.0;
2022-05-13 11:00:00;295.0;2.4;293.0;17.53;72.8;4.21;
2022-05-13 12:00:00;147.0;0.0;147.0;17.49;72.8;3.79;
2022-05-13 13:00:00;825.0;873.49;131.0;18.11;70.35;4.83;
2022-05-13 14:00:00;177.0;0.0;177.0;19.05;68.1;5.86;
2022-05-13 15:00:00;52.0;0.0;52.0;19.13;73.05;4.97;
2022-05-13 16:00:00;280.0;128.91;219.0;17.96;80.9;5.31;
2022-05-13 17:00:00;278.0;593.51;86.0;18.34;80.9;5.93;
2022-05-13 18:00:00;103.0;249.21;61.0;18.14;75.45;5.31;
2022-05-13 19:00:00;0.0;0.0;0.0;15.62;67.55;4.69;
2022-05-13 20:00:00;0.0;0.0;0.0;14.78;64.95;5.31;
2022-05-13 21:00:00;0.0;0.0;0.0;14.23;60.3;5.66;
2022-05-13 22:00:00;0.0;0.0;0.0;13.83;60.2;5.86;
2022-05-13 23:00:00;0.0;0.0;0.0;13.68;60.2;6.28;
2022-05-14 00:00:00;0.0;0.0;0.0;13.81;60.2;6.41;
2022-05-14 01:00:00;0.0;0.0;0.0;14.03;60.3;6.41;
2022-05-14 02:00:00;0.0;0.0;0.0;13.96;62.55;6.48;
2022-05-14 03:00:00;0.0;0.0;0.0;13.68;64.75;6.76;
2022-05-14 04:00:00;0.0;0.0;0.0;13.42;64.75;6.9;
2022-05-14 05:00:00;121.0;383.67;55.0;13.33;69.55;7.03;
2022-05-14 06:00:00;153.0;52.02;136.0;13.58;67.15;6.97;
2022-05-14 07:00:00;231.0;50.4;207.0;14.07;64.85;9.45;
2022-05-14 08:00:00;494.0;396.57;252.0;14.46;64.95;9.17;
2022-05-14 09:00:00;327.0;25.01;309.0;15.18;62.75;8.76;
2022-05-14 10:00:00;166.0;0.0;166.0;15.71;60.65;8.14;
2022-05-14 11:00:00;236.0;0.0;236.0;16.58;58.7;6.9;
2022-05-14 12:00:00;105.0;0.0;105.0;17.22;63.05;6.14;
2022-05-14 13:00:00;406.0;46.43;369.0;17.41;63.05;5.31;
2022-05-14 14:00:00;135.0;0.0;135.0;17.39;63.05;4.48;
2022-05-14 15:00:00;88.0;0.0;88.0;15.96;67.65;4.62;
2022-05-14 16:00:00;118.0;0.0;118.0;14.57;75.0;3.59;
2022-05-14 17:00:00;24.0;0.0;24.0;14.34;77.65;2.28;
2022-05-14 18:00:00;17.0;0.0;17.0;13.07;83.25;2.21;
2022-05-14 19:00:00;0.0;0.0;0.0;11.66;92.55;3.1;
2022-05-14 20:00:00;0.0;0.0;0.0;11.14;92.55;4.28;
2022-05-14 21:00:00;0.0;0.0;0.0;10.65;92.5;4.69;
2022-05-14 22:00:00;0.0;0.0;0.0;10.14;92.5;4.76;
2022-05-14 23:00:00;0.0;0.0;0.0;9.94;89.2;4.69;
2022-05-15 00:00:00;0.0;0.0;0.0;9.73;89.15;4.28;
2022-05-15 01:00:00;0.0;0.0;0.0;9.38;85.95;4.07;
2022-05-15 02:00:00;0.0;0.0;0.0;9.15;85.95;3.72;
2022-05-15 03:00:00;0.0;0.0;0.0;9.09;82.85;3.31;
2022-05-15 04:00:00;0.0;0.0;0.0;8.9;82.85;2.62;
2022-05-15 05:00:00;110.0;245.43;67.0;8.98;82.85;1.93;
2022-05-15 06:00:00;286.0;591.4;91.0;9.86;77.1;2.07;
2022-05-15 07:00:00;461.0;743.25;105.0;11.04;71.75;3.52;
2022-05-15 08:00:00;584.0;688.66;162.0;12.1;64.45;3.52;
2022-05-15 09:00:00;636.0;502.75;273.0;12.91;60.05;4.0;
2022-05-15 10:00:00;617.0;297.77;379.0;13.75;55.9;4.55;
2022-05-15 11:00:00;786.0;600.55;282.0;14.56;50.25;5.03;
2022-05-15 12:00:00;749.0;505.25;325.0;14.97;46.75;5.1;
2022-05-15 13:00:00;565.0;210.22;397.0;15.25;48.55;4.9;
2022-05-15 14:00:00;271.0;5.54;267.0;15.2;54.25;4.21;
2022-05-15 15:00:00;180.0;0.0;180.0;15.26;58.35;3.93;
2022-05-15 16:00:00;190.0;14.62;183.0;13.44;69.65;4.28;
2022-05-15 17:00:00;91.0;0.0;91.0;12.58;83.25;3.24;
2022-05-15 18:00:00;84.0;91.45;68.0;12.35;83.15;3.66;
2022-05-15 19:00:00;0.0;0.0;0.0;11.87;77.3;3.72;
2022-05-15 20:00:00;0.0;0.0;0.0;11.12;80.1;3.93;
2022-05-15 21:00:00;0.0;0.0;0.0;11.05;83.05;4.41;
2022-05-15 22:00:00;0.0;0.0;0.0;10.9;86.1;4.48;
2022-05-15 23:00:00;0.0;0.0;0.0;10.97;86.1;4.48;
2022-05-16 00:00:00;0.0;0.0;0.0;10.92;89.3;4.69;
2022-05-16 01:00:00;0.0;0.0;0.0;10.94;89.3;4.48;
2022-05-16 02:00:00;0.0;0.0;0.0;10.94;89.3;4.28;
2022-05-16 03:00:00;0.0;0.0;0.0;10.96;92.55;3.86;
2022-05-16 04:00:00;3.0;0.0;3.0;11.0;92.55;3.59;
2022-05-16 05:00:00;44.0;0.0;44.0;11.18;95.9;3.03;
2022-05-16 06:00:00;94.0;0.0;94.0;11.64;95.9;2.9;
2022-05-16 07:00:00;183.0;10.38;178.0;12.45;92.6;3.31;
2022-05-16 08:00:00;271.0;24.38;256.0;13.03;92.65;3.45;
2022-05-16 09:00:00;366.0;46.94;332.0;14.0;86.4;3.86;
2022-05-16 10:00:00;463.0;88.59;392.0;14.21;83.4;4.55;
2022-05-16 11:00:00;630.0;266.22;406.0;14.07;77.65;5.31;
2022-05-16 12:00:00;647.0;298.32;396.0;14.03;72.3;6.0;
2022-05-16 13:00:00;577.0;233.34;390.0;13.8;69.65;6.07;
2022-05-16 14:00:00;504.0;211.25;351.0;13.52;67.15;5.66;
2022-05-16 15:00:00;471.0;325.14;271.0;13.47;64.75;5.17;
2022-05-16 16:00:00;353.0;301.16;208.0;13.18;64.65;4.62;
2022-05-16 17:00:00;143.0;36.1;131.0;12.75;64.55;3.93;
2022-05-16 18:00:00;30.0;0.0;30.0;12.19;66.85;2.97;
2022-05-16 19:00:00;2.0;0.0;2.0;11.49;64.35;1.86;
2022-05-16 20:00:00;0.0;0.0;0.0;10.88;69.15;0.97;
2022-05-16 21:00:00;0.0;0.0;0.0;10.45;74.4;0.62;
2022-05-16 22:00:00;0.0;0.0;0.0;10.16;86.0;1.38;
2022-05-16 23:00:00;0.0;0.0;0.0;10.04;89.2;1.79;
2022-05-17 00:00:00;0.0;0.0;0.0;10.06;89.2;1.72;
2022-05-17 01:00:00;0.0;0.0;0.0;10.21;95.9;1.45;
2022-05-17 02:00:00;0.0;0.0;0.0;10.42;95.9;1.31;
2022-05-17 03:00:00;0.0;0.0;0.0;10.63;95.9;1.1;
2022-05-17 04:00:00;2.0;0.0;2.0;10.71;99.4;0.83;
2022-05-17 05:00:00;63.0;22.07;59.0;10.88;95.9;0.62;
2022-05-17 06:00:00;51.0;0.0;51.0;11.34;95.9;0.41;
2022-05-17 07:00:00;134.0;0.0;134.0;11.72;95.9;0.97;
2022-05-17 08:00:00;179.0;0.0;179.0;11.98;92.6;1.31;
2022-05-17 09:00:00;361.0;44.04;329.0;12.39;86.25;1.93;
2022-05-17 10:00:00;343.0;16.18;330.0;13.93;74.95;2.48;
2022-05-17 11:00:00;159.0;0.0;159.0;14.94;69.9;3.17;
2022-05-17 12:00:00;273.0;1.19;272.0;15.55;65.15;4.07;
2022-05-17 13:00:00;482.0;108.26;395.0;16.05;62.95;4.41;
2022-05-17 14:00:00;457.0;140.39;355.0;15.91;65.15;4.14;
2022-05-17 15:00:00;309.0;51.81;277.0;15.63;62.85;3.86;
2022-05-17 16:00:00;278.0;115.67;222.0;15.45;62.85;3.66;
2022-05-17 17:00:00;254.0;396.68;121.0;14.9;67.35;3.38;
2022-05-17 18:00:00;76.0;55.19;66.0;14.38;69.75;2.69;
2022-05-17 19:00:00;2.0;0.0;2.0;13.0;77.5;1.72;
2022-05-17 20:00:00;0.0;0.0;0.0;12.1;83.15;1.17;
2022-05-17 21:00:00;0.0;0.0;0.0;10.91;89.3;1.1;
2022-05-17 22:00:00;0.0;0.0;0.0;9.63;95.85;1.52;
2022-05-17 23:00:00;0.0;0.0;0.0;9.6;95.85;1.31;
2022-05-18 00:00:00;0.0;0.0;0.0;9.04;95.85;1.52;
2022-05-18 01:00:00;0.0;0.0;0.0;8.86;95.85;2.14;
2022-05-18 02:00:00;0.0;0.0;0.0;9.86;92.5;2.55;
2022-05-18 03:00:00;0.0;0.0;0.0;10.98;89.3;2.76;
2022-05-18 04:00:00;1.0;0.0;1.0;11.77;86.15;2.97;
2022-05-18 05:00:00;30.0;0.0;30.0;12.4;83.25;3.1;
2022-05-18 06:00:00;147.0;38.46;134.0;13.18;83.25;3.03;
2022-05-18 07:00:00;432.0;604.11;138.0;14.42;86.45;3.38;
2022-05-18 08:00:00;608.0;777.5;126.0;15.85;86.5;4.48;
2022-05-18 09:00:00;641.0;521.43;261.0;16.78;83.65;5.03;
2022-05-18 10:00:00;134.0;0.0;134.0;17.87;80.85;5.45;
2022-05-18 11:00:00;186.0;0.0;186.0;18.12;78.15;5.17;
2022-05-18 12:00:00;449.0;57.95;400.0;18.49;75.55;5.52;
2022-05-18 13:00:00;674.0;423.21;333.0;18.87;75.55;6.14;
2022-05-18 14:00:00;429.0;104.28;353.0;19.0;73.05;6.14;
2022-05-18 15:00:00;487.0;364.51;261.0;19.18;73.05;5.86;
2022-05-18 16:00:00;398.0;458.14;175.0;19.19;73.05;5.86;
2022-05-18 17:00:00;178.0;94.64;146.0;19.0;73.05;5.38;
2022-05-18 18:00:00;128.0;369.11;60.0;18.69;75.55;4.69;
2022-05-18 19:00:00;2.0;0.0;2.0;18.17;78.15;3.93;
2022-05-18 20:00:00;0.0;0.0;0.0;16.66;83.65;3.72;
2022-05-18 21:00:00;0.0;0.0;0.0;15.7;86.5;3.66;
2022-05-18 22:00:00;0.0;0.0;0.0;14.82;86.45;3.79;
2022-05-18 23:00:00;0.0;0.0;0.0;14.3;83.4;4.07;
2022-05-19 00:00:00;0.0;0.0;0.0;13.84;80.4;4.34;
2022-05-19 01:00:00;0.0;0.0;0.0;13.44;80.4;4.34;
2022-05-19 02:00:00;0.0;0.0;0.0;13.05;80.35;4.28;
2022-05-19 03:00:00;0.0;0.0;0.0;12.54;83.25;4.07;
2022-05-19 04:00:00;8.0;0.0;8.0;11.91;80.2;3.79;
2022-05-19 05:00:00;121.0;272.86;70.0;11.51;83.1;3.59;
2022-05-19 06:00:00;289.0;551.98;101.0;11.94;77.35;3.66;
2022-05-19 07:00:00;404.0;449.86;184.0;12.69;74.7;4.41;
2022-05-19 08:00:00;491.0;352.01;272.0;13.5;67.15;4.28;
2022-05-19 09:00:00;663.0;559.63;254.0;14.36;62.55;4.21;
2022-05-19 10:00:00;645.0;340.47;370.0;15.43;56.35;4.07;
2022-05-19 11:00:00;793.0;600.57;284.0;16.3;54.45;4.28;
2022-05-19 12:00:00;733.0;451.88;350.0;16.71;52.65;4.41;
2022-05-19 13:00:00;623.0;298.33;382.0;16.85;52.65;4.34;
2022-05-19 14:00:00;635.0;480.15;284.0;16.96;52.65;4.48;
2022-05-19 15:00:00;518.0;432.21;249.0;16.77;50.75;4.48;
2022-05-19 16:00:00;366.0;316.77;211.0;16.21;52.5;4.28;
2022-05-19 17:00:00;292.0;577.9;95.0;15.77;52.4;3.86;
2022-05-19 18:00:00;138.0;427.33;58.0;15.18;56.25;3.17;
2022-05-19 19:00:00;7.0;0.0;7.0;14.37;60.3;2.62;
2022-05-19 20:00:00;0.0;0.0;0.0;13.41;62.45;2.34;
2022-05-19 21:00:00;0.0;0.0;0.0;12.4;66.95;2.07;
2022-05-19 22:00:00;0.0;0.0;0.0;11.12;77.2;1.86;
2022-05-19 23:00:00;0.0;0.0;0.0;9.65;85.95;1.86;
2022-05-20 00:00:00;0.0;0.0;0.0;8.68;85.9;1.72;
2022-05-20 01:00:00;0.0;0.0;0.0;8.47;85.9;1.52;
2022-05-20 02:00:00;0.0;0.0;0.0;8.64;85.9;1.31;
2022-05-20 03:00:00;0.0;0.0;0.0;9.92;79.95;0.97;
2022-05-20 04:00:00;10.0;24.17;9.0;9.77;85.95;0.48;
2022-05-20 05:00:00;114.0;210.98;74.0;9.8;85.95;0.07;
2022-05-20 06:00:00;282.0;513.02;106.0;10.35;92.5;0.55;
2022-05-20 07:00:00;389.0;400.96;192.0;12.75;74.7;1.52;
2022-05-20 08:00:00;585.0;674.38;164.0;14.22;67.25;2.07;
2022-05-20 09:00:00;460.0;137.82;359.0;15.51;58.45;2.34;
2022-05-20 10:00:00;573.0;218.61;396.0;16.62;56.6;2.48;
2022-05-20 11:00:00;801.0;638.07;259.0;17.93;58.8;2.76;
2022-05-20 12:00:00;516.0;110.65;422.0;18.41;61.05;2.9;
2022-05-20 13:00:00;125.0;0.0;125.0;18.22;63.3;2.83;
2022-05-20 14:00:00;94.0;0.0;94.0;17.29;75.3;2.83;
2022-05-20 15:00:00;99.0;0.0;99.0;16.16;86.55;3.31;
2022-05-20 16:00:00;86.0;0.0;86.0;15.6;89.6;3.52;
2022-05-20 17:00:00;35.0;0.0;35.0;15.13;89.55;3.86;
2022-05-20 18:00:00;12.0;0.0;12.0;14.89;92.7;4.0;
2022-05-20 19:00:00;1.0;0.0;1.0;13.56;92.65;3.38;
2022-05-20 20:00:00;0.0;0.0;0.0;13.1;92.65;3.24;
2022-05-20 21:00:00;0.0;0.0;0.0;12.92;92.65;3.1;
2022-05-20 22:00:00;0.0;0.0;0.0;12.82;95.95;3.03;
2022-05-20 23:00:00;0.0;0.0;0.0;12.84;95.95;2.9;
2022-05-21 00:00:00;0.0;0.0;0.0;12.9;92.65;2.69;
2022-05-21 01:00:00;0.0;0.0;0.0;12.76;95.95;2.55;
2022-05-21 02:00:00;0.0;0.0;0.0;12.66;95.95;2.21;
2022-05-21 03:00:00;0.0;0.0;0.0;12.83;95.95;2.0;
2022-05-21 04:00:00;3.0;0.0;3.0;12.85;99.4;2.0;
2022-05-21 05:00:00;49.0;0.0;49.0;13.1;95.95;1.86;
2022-05-21 06:00:00;126.0;14.47;121.0;13.93;92.7;2.41;
2022-05-21 07:00:00;110.0;0.0;110.0;14.77;89.5;2.9;
2022-05-21 08:00:00;215.0;3.19;213.0;15.84;86.5;2.62;
2022-05-21 09:00:00;190.0;0.0;190.0;16.88;83.65;2.34;
2022-05-21 10:00:00;257.0;1.23;256.0;18.1;78.15;2.48;
2022-05-21 11:00:00;240.0;0.0;240.0;19.21;75.65;2.41;
2022-05-21 12:00:00;240.0;0.0;240.0;19.95;73.15;2.07;
2022-05-21 13:00:00;253.0;0.0;253.0;20.49;68.4;1.66;
2022-05-21 14:00:00;486.0;180.88;353.0;21.1;68.5;1.72;
2022-05-21 15:00:00;426.0;216.91;290.0;21.45;68.5;1.52;
2022-05-21 16:00:00;266.0;89.01;222.0;21.46;68.5;1.17;
2022-05-21 17:00:00;62.0;0.0;62.0;21.28;68.5;1.45;
2022-05-21 18:00:00;93.0;98.44;74.0;20.31;75.75;2.55;
2022-05-21 19:00:00;1.0;0.0;1.0;18.12;86.7;1.72;
2022-05-21 20:00:00;0.0;0.0;0.0;17.25;89.65;1.86;
2022-05-21 21:00:00;0.0;0.0;0.0;16.72;89.65;1.66;
2022-05-21 22:00:00;0.0;0.0;0.0;16.47;89.65;1.38;
2022-05-21 23:00:00;0.0;0.0;0.0;16.13;92.8;1.03;
2022-05-22 00:00:00;0.0;0.0;0.0;15.72;96.0;0.76;
2022-05-22 01:00:00;0.0;0.0;0.0;15.23;96.0;0.83;
2022-05-22 02:00:00;0.0;0.0;0.0;14.43;96.0;1.31;
2022-05-22 03:00:00;0.0;0.0;0.0;14.14;99.35;1.45;
2022-05-22 04:00:00;3.0;0.0;3.0;14.12;99.35;1.72;
2022-05-22 05:00:00;34.0;0.0;34.0;14.31;99.35;1.79;
2022-05-22 06:00:00;63.0;0.0;63.0;15.05;92.75;2.21;
2022-05-22 07:00:00;79.0;0.0;79.0;15.34;92.75;1.86;
2022-05-22 08:00:00;136.0;0.0;136.0;16.4;86.55;1.72;
2022-05-22 09:00:00;203.0;0.0;203.0;17.46;80.85;1.86;
2022-05-22 10:00:00;185.0;0.0;185.0;18.32;78.15;1.93;
2022-05-22 11:00:00;139.0;0.0;139.0;18.54;75.55;2.41;
2022-05-22 12:00:00;162.0;0.0;162.0;18.62;75.55;3.03;
2022-05-22 13:00:00;295.0;4.92;291.0;18.76;75.55;3.31;
2022-05-22 14:00:00;180.0;0.0;180.0;18.93;75.55;3.93;
2022-05-22 15:00:00;331.0;68.34;288.0;18.33;78.15;4.69;
2022-05-22 16:00:00;267.0;86.57;224.0;17.57;75.4;4.55;
2022-05-22 17:00:00;159.0;48.72;142.0;16.92;72.7;3.93;
2022-05-22 18:00:00;99.0;112.34;77.0;16.33;70.1;3.45;
2022-05-22 19:00:00;14.0;41.72;12.0;14.83;75.0;2.69;
2022-05-22 20:00:00;0.0;0.0;0.0;13.74;80.4;2.48;
2022-05-22 21:00:00;0.0;0.0;0.0;12.85;83.25;2.48;
2022-05-22 22:00:00;0.0;0.0;0.0;12.18;86.2;2.34;
2022-05-22 23:00:00;0.0;0.0;0.0;11.59;86.15;2.21;
2022-05-23 00:00:00;0.0;0.0;0.0;11.02;89.3;2.14;
2022-05-23 01:00:00;0.0;0.0;0.0;10.45;89.25;2.14;
2022-05-23 02:00:00;0.0;0.0;0.0;9.9;92.5;2.07;
2022-05-23 03:00:00;0.0;0.0;0.0;9.35;95.85;2.07;
2022-05-23 04:00:00;12.0;20.24;11.0;8.83;95.85;2.0;
2022-05-23 05:00:00;131.0;294.38;73.0;9.36;92.45;1.79;
2022-05-23 06:00:00;296.0;557.29;101.0;12.01;83.15;1.66;
2022-05-23 07:00:00;466.0;701.32;117.0;14.01;74.95;1.66;
2022-05-23 08:00:00;631.0;814.11;118.0;15.71;65.15;1.86;
2022-05-23 09:00:00;754.0;841.03;133.0;17.1;60.85;2.21;
2022-05-23 10:00:00;846.0;871.16;136.0;18.2;58.9;2.55;
2022-05-23 11:00:00;909.0;920.72;122.0;19.08;55.05;2.9;
2022-05-23 12:00:00;899.0;895.93;133.0;19.75;53.25;2.83;
2022-05-23 13:00:00;0.0;0.0;0.0;20.21;53.35;2.69;
2022-05-23 14:00:00;757.0;850.75;128.0;20.5;51.65;2.69;
2022-05-23 15:00:00;621.0;779.24;129.0;20.67;51.65;2.62;
2022-05-23 16:00:00;471.0;717.3;113.0;20.5;51.65;2.76;
2022-05-23 17:00:00;298.0;566.19;99.0;20.0;53.35;2.97;
2022-05-23 18:00:00;143.0;397.8;64.0;18.96;61.3;3.03;
2022-05-23 19:00:00;17.0;58.98;14.0;17.38;70.2;2.83;
2022-05-23 20:00:00;0.0;0.0;0.0;15.83;72.55;2.9;
2022-05-23 21:00:00;0.0;0.0;0.0;14.82;77.75;2.83;
2022-05-23 22:00:00;0.0;0.0;0.0;14.08;77.65;2.76;
2022-05-23 23:00:00;0.0;0.0;0.0;13.52;80.4;2.69;
2022-05-24 00:00:00;0.0;0.0;0.0;13.05;83.25;2.62;
2022-05-24 01:00:00;0.0;0.0;0.0;12.61;86.25;2.41;
2022-05-24 02:00:00;0.0;0.0;0.0;12.17;89.35;2.28;
2022-05-24 03:00:00;0.0;0.0;0.0;11.68;89.3;2.21;
2022-05-24 04:00:00;12.0;19.27;11.0;11.28;92.55;2.21;
2022-05-24 05:00:00;123.0;230.8;77.0;11.58;92.55;1.79;
2022-05-24 06:00:00;291.0;519.89;108.0;13.81;83.35;1.66;
2022-05-24 07:00:00;460.0;674.61;123.0;16.07;75.25;1.38;
2022-05-24 08:00:00;619.0;775.42;129.0;18.06;70.35;1.31;
2022-05-24 09:00:00;739.0;801.27;146.0;19.84;61.4;1.72;
2022-05-24 10:00:00;829.0;829.0;152.0;20.93;55.45;2.07;
2022-05-24 11:00:00;891.0;878.08;139.0;21.71;53.75;2.0;
2022-05-24 12:00:00;886.0;866.13;144.0;22.36;52.0;2.0;
2022-05-24 13:00:00;838.0;851.47;142.0;22.83;52.1;2.14;
2022-05-24 14:00:00;743.0;810.74;142.0;23.13;50.45;2.21;
2022-05-24 15:00:00;616.0;762.42;133.0;23.22;50.45;2.07;
2022-05-24 16:00:00;465.0;690.06;119.0;23.05;52.25;2.07;
2022-05-24 17:00:00;291.0;516.97;108.0;22.55;54.0;2.41;
2022-05-24 18:00:00;139.0;342.78;70.0;21.38;63.9;2.69;
2022-05-24 19:00:00;18.0;55.83;15.0;19.67;68.2;2.9;
2022-05-24 20:00:00;0.0;0.0;0.0;18.05;72.9;2.97;
2022-05-24 21:00:00;0.0;0.0;0.0;17.12;78.0;2.76;
2022-05-24 22:00:00;0.0;0.0;0.0;16.34;80.75;2.62;
2022-05-24 23:00:00;0.0;0.0;0.0;15.9;80.65;2.34;
2022-05-25 00:00:00;0.0;0.0;0.0;15.62;83.55;2.0;
2022-05-25 01:00:00;0.0;0.0;0.0;15.02;86.5;1.86;
2022-05-25 02:00:00;0.0;0.0;0.0;14.34;92.7;1.45;
2022-05-25 03:00:00;0.0;0.0;0.0;13.99;92.7;1.31;
2022-05-25 04:00:00;17.0;36.87;15.0;13.72;92.65;1.31;
2022-05-25 05:00:00;152.0;446.7;62.0;14.29;96.0;0.97;
2022-05-25 06:00:00;313.0;635.62;88.0;16.19;86.55;0.55;
2022-05-25 07:00:00;444.0;596.35;145.0;17.73;80.85;0.21;
2022-05-25 08:00:00;591.0;672.33;165.0;19.1;75.65;0.34;
2022-05-25 09:00:00;716.0;728.07;176.0;20.71;68.4;0.48;
2022-05-25 10:00:00;804.0;754.08;187.0;21.83;64.0;0.9;
2022-05-25 11:00:00;833.0;713.29;221.0;22.83;57.9;1.1;
2022-05-25 12:00:00;760.0;514.96;318.0;23.23;56.0;1.24;
2022-05-25 13:00:00;693.0;443.13;330.0;23.63;54.2;1.38;
2022-05-25 14:00:00;629.0;457.49;289.0;23.79;54.2;1.66;
2022-05-25 15:00:00;531.0;459.42;239.0;23.89;54.2;2.14;
2022-05-25 16:00:00;413.0;462.61;180.0;23.17;56.0;2.83;
2022-05-25 17:00:00;238.0;246.89;150.0;22.41;59.8;3.1;
2022-05-25 18:00:00;112.0;152.01;81.0;21.1;63.9;2.76;
2022-05-25 19:00:00;16.0;35.37;14.0;19.08;70.55;2.69;
2022-05-25 20:00:00;0.0;0.0;0.0;17.52;78.1;2.69;
2022-05-25 21:00:00;0.0;0.0;0.0;16.41;80.75;2.69;
2022-05-25 22:00:00;0.0;0.0;0.0;15.69;83.55;2.76;
2022-05-25 23:00:00;0.0;0.0;0.0;15.16;86.5;2.62;
2022-05-26 00:00:00;0.0;0.0;0.0;14.69;89.5;2.14;
2022-05-26 01:00:00;0.0;0.0;0.0;14.4;89.5;1.79;
2022-05-26 02:00:00;0.0;0.0;0.0;13.86;95.95;1.72;
2022-05-26 03:00:00;0.0;0.0;0.0;13.64;95.95;1.86;
2022-05-26 04:00:00;8.0;0.0;8.0;13.43;95.95;2.07;
2022-05-26 05:00:00;18.0;0.0;18.0;13.57;95.95;2.34;
2022-05-26 06:00:00;27.0;0.0;27.0;14.26;92.7;3.24;
2022-05-26 07:00:00;121.0;0.0;121.0;14.9;83.45;3.52;
2022-05-26 08:00:00;148.0;0.0;148.0;15.86;77.85;3.45;
2022-05-26 09:00:00;234.0;1.35;233.0;16.87;72.7;3.38;
2022-05-26 10:00:00;262.0;1.22;261.0;17.57;70.3;2.97;
2022-05-26 11:00:00;409.0;32.58;381.0;18.2;67.95;2.55;
2022-05-26 12:00:00;268.0;0.0;268.0;19.03;63.5;2.28;
2022-05-26 13:00:00;163.0;0.0;163.0;19.39;63.5;2.48;
2022-05-26 14:00:00;182.0;0.0;182.0;19.52;61.4;2.9;
2022-05-26 15:00:00;353.0;86.26;298.0;19.5;61.4;3.38;
2022-05-26 16:00:00;104.0;0.0;104.0;19.46;61.4;3.59;
2022-05-26 17:00:00;76.0;0.0;76.0;19.23;61.3;3.66;
2022-05-26 18:00:00;15.0;0.0;15.0;18.59;63.4;3.79;
2022-05-26 19:00:00;2.0;0.0;2.0;16.03;80.75;2.97;
2022-05-26 20:00:00;0.0;0.0;0.0;15.44;83.55;2.9;
2022-05-26 21:00:00;0.0;0.0;0.0;14.97;86.5;2.83;
2022-05-26 22:00:00;0.0;0.0;0.0;14.4;86.45;2.69;
2022-05-26 23:00:00;0.0;0.0;0.0;13.9;92.7;2.48;
2022-05-27 00:00:00;0.0;0.0;0.0;13.65;92.65;2.21;
2022-05-27 01:00:00;0.0;0.0;0.0;13.43;92.65;1.93;
2022-05-27 02:00:00;0.0;0.0;0.0;13.17;95.95;2.21;
2022-05-27 03:00:00;0.0;0.0;0.0;12.82;95.95;2.41;
2022-05-27 04:00:00;3.0;0.0;3.0;12.52;95.95;2.34;
2022-05-27 05:00:00;55.0;4.87;54.0;12.46;92.6;2.21;
2022-05-27 06:00:00;108.0;2.8;107.0;12.76;92.6;2.28;
2022-05-27 07:00:00;150.0;0.0;150.0;13.57;86.35;2.41;
2022-05-27 08:00:00;358.0;91.09;300.0;14.23;83.4;2.9;
2022-05-27 09:00:00;493.0;174.57;363.0;15.21;75.1;3.03;
2022-05-27 10:00:00;148.0;0.0;148.0;15.92;67.65;3.66;
2022-05-27 11:00:00;398.0;26.71;375.0;16.39;65.25;4.55;
2022-05-27 12:00:00;146.0;0.0;146.0;16.36;65.25;5.1;
2022-05-27 13:00:00;170.0;0.0;170.0;16.22;65.25;5.17;
2022-05-27 14:00:00;536.0;243.7;354.0;15.9;67.55;4.83;
2022-05-27 15:00:00;192.0;0.0;192.0;15.9;67.55;4.41;
2022-05-27 16:00:00;163.0;1.97;162.0;15.28;67.45;3.66;
2022-05-27 17:00:00;104.0;2.77;103.0;14.33;72.3;2.34;
2022-05-27 18:00:00;40.0;0.0;40.0;13.63;77.6;0.9;
2022-05-27 19:00:00;7.0;0.0;7.0;13.25;77.5;0.21;
2022-05-27 20:00:00;0.0;0.0;0.0;13.05;83.25;1.31;
2022-05-27 21:00:00;0.0;0.0;0.0;12.76;89.4;2.0;
2022-05-27 22:00:00;0.0;0.0;0.0;12.56;89.4;2.28;
2022-05-27 23:00:00;0.0;0.0;0.0;12.42;89.4;2.41;
2022-05-28 00:00:00;0.0;0.0;0.0;12.26;89.35;2.48;
2022-05-28 01:00:00;0.0;0.0;0.0;12.27;89.35;2.28;
2022-05-28 02:00:00;0.0;0.0;0.0;11.8;92.55;2.55;
2022-05-28 03:00:00;0.0;0.0;0.0;11.3;92.55;2.55;
2022-05-28 04:00:00;29.0;164.65;19.0;11.05;92.55;2.48;
2022-05-28 05:00:00;148.0;371.27;71.0;10.93;89.3;2.48;
2022-05-28 06:00:00;286.0;448.0;125.0;11.36;89.3;2.76;
2022-05-28 07:00:00;233.0;37.53;214.0;11.26;86.1;2.69;
2022-05-28 08:00:00;381.0;117.52;306.0;12.04;77.35;2.21;
2022-05-28 09:00:00;432.0;93.83;362.0;12.97;69.55;1.79;
2022-05-28 10:00:00;167.0;0.0;167.0;13.69;64.75;1.52;
2022-05-28 11:00:00;365.0;13.92;353.0;14.45;58.25;1.17;
2022-05-28 12:00:00;535.0;120.52;431.0;14.91;56.25;0.9;
2022-05-28 13:00:00;485.0;97.08;405.0;15.2;54.25;0.62;
2022-05-28 14:00:00;150.0;0.0;150.0;15.56;52.4;0.41;
2022-05-28 15:00:00;195.0;0.0;195.0;15.85;50.5;0.48;
2022-05-28 16:00:00;102.0;0.0;102.0;15.7;52.4;1.38;
2022-05-28 17:00:00;92.0;0.0;92.0;15.25;58.35;1.86;
2022-05-28 18:00:00;109.0;113.48;85.0;14.74;62.65;2.14;
2022-05-28 19:00:00;5.0;0.0;5.0;13.5;72.2;1.45;
2022-05-28 20:00:00;0.0;0.0;0.0;13.12;77.5;1.24;
2022-05-28 21:00:00;0.0;0.0;0.0;12.67;77.45;1.59;
2022-05-28 22:00:00;0.0;0.0;0.0;11.91;83.15;2.14;
2022-05-28 23:00:00;0.0;0.0;0.0;11.45;86.15;2.41;
2022-05-29 00:00:00;0.0;0.0;0.0;11.32;89.3;2.48;
2022-05-29 01:00:00;0.0;0.0;0.0;11.54;86.15;3.31;
2022-05-29 02:00:00;0.0;0.0;0.0;11.28;86.1;4.76;
2022-05-29 03:00:00;0.0;0.0;0.0;11.1;86.1;5.72;
2022-05-29 04:00:00;5.0;0.0;5.0;10.81;86.05;5.59;
2022-05-29 05:00:00;31.0;0.0;31.0;10.57;86.05;5.38;
2022-05-29 06:00:00;60.0;0.0;60.0;10.45;83.0;5.03;
2022-05-29 07:00:00;199.0;13.79;192.0;10.31;86.0;5.31;
2022-05-29 08:00:00;234.0;6.25;230.0;10.79;83.0;5.38;
2022-05-29 09:00:00;248.0;1.34;247.0;11.43;77.3;5.93;
2022-05-29 10:00:00;209.0;0.0;209.0;12.23;74.6;6.62;
2022-05-29 11:00:00;151.0;0.0;151.0;12.49;66.95;7.1;
2022-05-29 12:00:00;672.0;303.13;410.0;12.8;62.2;7.38;
2022-05-29 13:00:00;619.0;267.68;398.0;13.15;55.75;7.45;
2022-05-29 14:00:00;660.0;505.17;281.0;13.01;53.7;6.97;
2022-05-29 15:00:00;574.0;551.81;219.0;13.04;51.75;6.55;
2022-05-29 16:00:00;378.0;298.73;225.0;12.88;53.6;6.14;
2022-05-29 17:00:00;191.0;82.04;161.0;12.6;51.65;5.72;
2022-05-29 18:00:00;162.0;444.2;67.0;12.32;53.5;4.9;
2022-05-29 19:00:00;33.0;193.84;20.0;11.1;61.85;3.59;
2022-05-29 20:00:00;0.0;0.0;0.0;10.61;66.55;3.03;
2022-05-29 21:00:00;0.0;0.0;0.0;10.38;64.1;3.1;
2022-05-29 22:00:00;0.0;0.0;0.0;10.12;66.45;3.45;
2022-05-29 23:00:00;0.0;0.0;0.0;9.68;68.9;3.79;
2022-05-30 00:00:00;0.0;0.0;0.0;9.23;74.15;3.79;
2022-05-30 01:00:00;0.0;0.0;0.0;8.62;76.85;3.52;
2022-05-30 02:00:00;0.0;0.0;0.0;8.21;79.7;3.38;
2022-05-30 03:00:00;0.0;0.0;0.0;7.67;82.65;3.31;
2022-05-30 04:00:00;22.0;46.49;19.0;7.12;79.55;3.38;
2022-05-30 05:00:00;148.0;346.24;75.0;7.5;76.7;3.17;
2022-05-30 06:00:00;317.0;606.91;97.0;9.04;68.8;3.31;
2022-05-30 07:00:00;482.0;718.83;116.0;10.97;66.65;3.38;
2022-05-30 08:00:00;645.0;820.78;119.0;13.16;60.05;3.93;
2022-05-30 09:00:00;767.0;846.93;133.0;14.9;58.25;4.55;
2022-05-30 10:00:00;855.0;864.21;142.0;16.42;56.5;5.31;
2022-05-30 11:00:00;828.0;660.15;257.0;17.74;54.7;6.55;
2022-05-30 12:00:00;317.0;3.47;314.0;17.74;56.75;6.14;
2022-05-30 13:00:00;227.0;0.0;227.0;17.57;58.8;5.66;
2022-05-30 14:00:00;113.0;0.0;113.0;18.1;56.85;6.76;
2022-05-30 15:00:00;114.0;0.0;114.0;17.86;60.95;5.72;
2022-05-30 16:00:00;121.0;0.0;121.0;17.38;65.35;5.38;
2022-05-30 17:00:00;96.0;0.0;96.0;16.76;65.35;4.9;
2022-05-30 18:00:00;45.0;0.0;45.0;16.13;70.1;4.55;
2022-05-30 19:00:00;11.0;0.0;11.0;15.53;75.15;4.28;
2022-05-30 20:00:00;0.0;0.0;0.0;15.03;80.6;3.86;
2022-05-30 21:00:00;0.0;0.0;0.0;14.47;83.45;3.66;
2022-05-30 22:00:00;0.0;0.0;0.0;13.75;92.65;3.52;
2022-05-30 23:00:00;0.0;0.0;0.0;13.55;92.65;3.31;
2022-05-31 00:00:00;0.0;0.0;0.0;13.39;95.95;3.03;
2022-05-31 01:00:00;0.0;0.0;0.0;13.05;92.65;2.83;
2022-05-31 02:00:00;0.0;0.0;0.0;12.49;92.6;2.62;
2022-05-31 03:00:00;0.0;0.0;0.0;11.85;95.9;2.28;
2022-05-31 04:00:00;25.0;75.45;20.0;11.1;95.9;2.07;
2022-05-31 05:00:00;136.0;249.52;83.0;11.27;99.35;1.72;
2022-05-31 06:00:00;307.0;546.84;108.0;12.02;92.6;1.86;
2022-05-31 07:00:00;429.0;485.84;181.0;13.12;83.25;1.38;
2022-05-31 08:00:00;599.0;658.82;176.0;14.06;74.95;1.1;
2022-05-31 09:00:00;702.0;638.88;223.0;15.06;69.9;1.17;
2022-05-31 10:00:00;614.0;263.86;396.0;16.24;60.75;1.31;
2022-05-31 11:00:00;653.0;275.93;414.0;17.24;54.6;1.45;
2022-05-31 12:00:00;635.0;245.69;422.0;18.08;49.15;1.59;
2022-05-31 13:00:00;282.0;1.21;281.0;18.4;49.15;1.93;
2022-05-31 14:00:00;397.0;59.73;352.0;18.44;49.3;2.07;
2022-05-31 15:00:00;156.0;0.0;156.0;18.42;52.9;2.07;
2022-05-31 16:00:00;378.0;294.53;226.0;16.52;64.04;1.31;
2022-05-31 17:00:00;325.0;621.71;95.0;16.32;66.8;1.42;
2022-05-31 18:00:00;171.0;489.83;64.0;16.12;69.56;1.54;
2022-05-31 19:00:00;35.0;180.81;22.0;15.92;72.31;1.65;
2022-05-31 20:00:00;0.0;0.0;0.0;15.72;75.07;1.77;
2022-05-31 21:00:00;0.0;0.0;0.0;15.52;77.83;1.88;
2022-05-31 22:00:00;0.0;0.0;0.0;15.32;80.59;2.0;
2022-05-31 23:00:00;0.0;0.0;0.0;15.12;83.34;2.11;
2022-06-01 00:00:00;0.0;0.0;0.0;14.92;86.1;2.23;
2022-06-01 01:00:00;0.0;0.0;0.0;14.72;88.86;2.34;
2022-06-01 02:00:00;0.0;0.0;0.0;14.52;91.61;2.45;
2022-06-01 03:00:00;0.0;0.0;0.0;14.33;94.37;2.57;
2022-06-01 04:00:00;18.0;14.4;17.0;14.13;97.13;2.68;
2022-06-01 05:00:00;15.0;0.0;15.0;13.93;99.89;2.8;
2022-06-01 06:00:00;36.0;0.0;36.0;13.73;100.0;2.91;
2022-06-01 07:00:00;221.0;27.3;207.0;13.53;100.0;3.03;
2022-06-01 08:00:00;278.0;23.28;263.0;16.25;92.75;3.59;
2022-06-01 09:00:00;113.0;0.0;113.0;16.33;89.65;3.52;
2022-06-01 10:00:00;153.0;0.0;153.0;16.28;89.65;3.86;
2022-06-01 11:00:00;162.0;0.0;162.0;16.91;86.6;4.28;
2022-06-01 12:00:00;132.0;0.0;132.0;17.59;86.65;4.21;
2022-06-01 13:00:00;143.0;0.0;143.0;18.14;86.7;4.28;
2022-06-01 14:00:00;133.0;0.0;133.0;19.01;83.85;4.34;
2022-06-01 15:00:00;147.0;0.0;147.0;19.51;83.9;4.07;
2022-06-01 16:00:00;214.0;21.16;203.0;19.58;83.9;4.0;
2022-06-01 17:00:00;28.0;0.0;28.0;19.09;83.85;4.34;
2022-06-01 18:00:00;22.0;0.0;22.0;18.05;86.7;4.21;
2022-06-01 19:00:00;3.0;0.0;3.0;16.44;89.65;4.41;
2022-06-01 20:00:00;0.0;0.0;0.0;15.75;86.5;4.69;
2022-06-01 21:00:00;0.0;0.0;0.0;15.18;92.7;4.83;
2022-06-01 22:00:00;0.0;0.0;0.0;15.03;89.5;5.17;
2022-06-01 23:00:00;0.0;0.0;0.0;14.88;89.5;5.38;
2022-06-02 00:00:00;0.0;0.0;0.0;14.88;89.5;5.45;
2022-06-02 01:00:00;0.0;0.0;0.0;14.68;92.7;5.45;
2022-06-02 02:00:00;0.0;0.0;0.0;14.47;92.7;5.52;
2022-06-02 03:00:00;0.0;0.0;0.0;14.12;92.65;5.59;
2022-06-02 04:00:00;3.0;0.0;3.0;13.78;92.65;5.79;
2022-06-02 05:00:00;60.0;4.62;59.0;13.77;92.65;5.24;
2022-06-02 06:00:00;107.0;2.72;106.0;14.21;92.65;7.66;
2022-06-02 07:00:00;62.0;0.0;62.0;14.02;92.65;7.86;
2022-06-02 08:00:00;97.0;0.0;97.0;14.56;89.5;7.45;
2022-06-02 09:00:00;98.0;0.0;98.0;15.07;89.5;7.31;
2022-06-02 10:00:00;101.0;0.0;101.0;15.66;86.5;7.17;
2022-06-02 11:00:00;132.0;0.0;132.0;15.98;86.5;6.41;
2022-06-02 12:00:00;125.0;0.0;125.0;15.98;86.5;5.86;
2022-06-02 13:00:00;125.0;0.0;125.0;15.91;83.55;5.79;
2022-06-02 14:00:00;200.0;0.0;200.0;15.74;86.5;5.86;
2022-06-02 15:00:00;184.0;0.0;184.0;15.74;83.5;5.72;
2022-06-02 16:00:00;133.0;0.0;133.0;15.32;80.6;5.86;
2022-06-02 17:00:00;70.0;0.0;70.0;14.79;80.55;5.79;
2022-06-02 18:00:00;54.0;0.0;54.0;14.19;86.35;5.59;
2022-06-02 19:00:00;16.0;0.0;16.0;13.24;80.4;5.1;
2022-06-02 20:00:00;0.0;0.0;0.0;13.02;83.25;4.76;
2022-06-02 21:00:00;0.0;0.0;0.0;12.84;83.25;4.48;
2022-06-02 22:00:00;0.0;0.0;0.0;12.59;86.25;4.14;
2022-06-02 23:00:00;0.0;0.0;0.0;12.33;89.4;3.86;
2022-06-03 00:00:00;0.0;0.0;0.0;12.09;92.6;3.59;
2022-06-03 01:00:00;0.0;0.0;0.0;11.86;92.6;3.66;
2022-06-03 02:00:00;0.0;0.0;0.0;11.84;92.6;3.59;
2022-06-03 03:00:00;0.0;0.0;0.0;11.93;92.6;3.72;
2022-06-03 04:00:00;5.0;0.0;5.0;12.08;92.6;3.52;
2022-06-03 05:00:00;31.0;0.0;31.0;12.43;89.4;3.38;
2022-06-03 06:00:00;67.0;0.0;67.0;12.83;89.4;3.31;
2022-06-03 07:00:00;87.0;0.0;87.0;13.15;86.3;3.52;
2022-06-03 08:00:00;124.0;0.0;124.0;13.66;86.35;3.17;
2022-06-03 09:00:00;156.0;0.0;156.0;14.4;89.5;2.62;
2022-06-03 10:00:00;206.0;0.0;206.0;15.15;89.5;2.0;
2022-06-03 11:00:00;174.0;0.0;174.0;16.26;83.6;1.59;
2022-06-03 12:00:00;152.0;0.0;152.0;17.1;83.65;1.52;
2022-06-03 13:00:00;147.0;0.0;147.0;17.92;78.15;1.72;
2022-06-03 14:00:00;282.0;6.59;277.0;18.46;78.25;2.34;
2022-06-03 15:00:00;305.0;36.74;281.0;18.29;78.25;3.03;
2022-06-03 16:00:00;154.0;0.0;154.0;17.58;83.7;3.52;
2022-06-03 17:00:00;194.0;84.72;162.0;17.02;86.6;3.72;
2022-06-03 18:00:00;114.0;105.84;90.0;16.2;89.6;3.59;
2022-06-03 19:00:00;4.0;0.0;4.0;14.74;89.5;3.24;
2022-06-03 20:00:00;0.0;0.0;0.0;14.18;92.65;2.9;
2022-06-03 21:00:00;0.0;0.0;0.0;13.61;89.45;2.55;
2022-06-03 22:00:00;0.0;0.0;0.0;13.28;89.45;2.41;
2022-06-03 23:00:00;0.0;0.0;0.0;13.09;95.95;2.34;
2022-06-04 00:00:00;0.0;0.0;0.0;13.15;95.95;2.9;
2022-06-04 01:00:00;0.0;0.0;0.0;13.29;92.65;3.24;
2022-06-04 02:00:00;0.0;0.0;0.0;13.42;92.65;3.38;
2022-06-04 03:00:00;0.0;0.0;0.0;13.37;92.65;3.38;
2022-06-04 04:00:00;6.0;0.0;6.0;13.5;92.65;3.24;
2022-06-04 05:00:00;20.0;0.0;20.0;13.76;95.95;3.52;
2022-06-04 06:00:00;90.0;0.0;90.0;14.27;92.7;3.59;
2022-06-04 07:00:00;143.0;0.0;143.0;14.09;92.65;3.52;
2022-06-04 08:00:00;177.0;0.0;177.0;15.01;92.7;2.97;
2022-06-04 09:00:00;205.0;0.0;205.0;15.93;89.6;2.48;
2022-06-04 10:00:00;238.0;0.0;238.0;17.16;86.6;2.14;
2022-06-04 11:00:00;223.0;0.0;223.0;18.64;83.8;1.72;
2022-06-04 12:00:00;238.0;0.0;238.0;20.15;78.45;1.45;
2022-06-04 13:00:00;271.0;1.2;270.0;21.47;71.0;1.31;
2022-06-04 14:00:00;313.0;14.46;302.0;22.44;66.45;1.79;
2022-06-04 15:00:00;392.0;123.7;311.0;22.36;68.75;3.03;
2022-06-04 16:00:00;243.0;40.01;222.0;21.16;78.55;4.14;
2022-06-04 17:00:00;113.0;2.64;112.0;19.82;81.15;3.72;
2022-06-04 18:00:00;16.0;0.0;16.0;18.93;86.8;2.76;
2022-06-04 19:00:00;37.0;121.0;27.0;17.68;89.7;2.34;
2022-06-04 20:00:00;0.0;0.0;0.0;16.54;92.8;2.34;
2022-06-04 21:00:00;0.0;0.0;0.0;15.64;96.0;2.28;
2022-06-04 22:00:00;0.0;0.0;0.0;15.21;96.0;2.21;
2022-06-04 23:00:00;0.0;0.0;0.0;15.14;96.0;2.07;
2022-06-05 00:00:00;0.0;0.0;0.0;15.22;96.0;1.93;
2022-06-05 01:00:00;0.0;0.0;0.0;15.03;96.0;1.86;
2022-06-05 02:00:00;0.0;0.0;0.0;14.82;92.7;1.93;
2022-06-05 03:00:00;0.0;0.0;0.0;14.6;96.0;2.07;
2022-06-05 04:00:00;10.0;0.0;10.0;14.62;96.0;2.28;
2022-06-05 05:00:00;50.0;0.0;50.0;15.42;92.75;2.28;
2022-06-05 06:00:00;140.0;16.2;134.0;17.04;86.6;2.28;
2022-06-05 07:00:00;264.0;65.85;230.0;18.2;89.75;2.14;
2022-06-05 08:00:00;421.0;174.5;308.0;19.43;81.1;2.48;
2022-06-05 09:00:00;721.0;711.14;184.0;20.79;78.5;2.55;
2022-06-05 10:00:00;813.0;751.46;188.0;22.11;73.55;2.55;
2022-06-05 11:00:00;859.0;763.69;193.0;23.27;71.25;2.69;
2022-06-05 12:00:00;860.0;763.59;193.0;24.09;66.75;2.83;
2022-06-05 13:00:00;782.0;647.23;241.0;24.71;69.05;3.03;
2022-06-05 14:00:00;67.0;0.0;67.0;24.95;64.6;3.24;
2022-06-05 15:00:00;56.0;0.0;56.0;24.76;66.75;3.45;
2022-06-05 16:00:00;227.0;26.6;213.0;24.28;64.5;3.52;
2022-06-05 17:00:00;233.0;173.14;167.0;22.22;73.55;3.17;
2022-06-05 18:00:00;157.0;321.05;83.0;21.52;73.45;3.17;
2022-06-05 19:00:00;37.0;106.44;28.0;19.21;78.3;3.66;
2022-06-05 20:00:00;0.0;0.0;0.0;17.75;80.85;3.45;
2022-06-05 21:00:00;0.0;0.0;0.0;16.64;80.75;3.24;
2022-06-05 22:00:00;0.0;0.0;0.0;15.8;77.85;3.1;
2022-06-05 23:00:00;0.0;0.0;0.0;15.26;77.8;2.76;
2022-06-06 00:00:00;0.0;0.0;0.0;14.59;83.4;2.62;
2022-06-06 01:00:00;0.0;0.0;0.0;14.14;86.35;2.48;
2022-06-06 02:00:00;0.0;0.0;0.0;13.69;86.35;2.41;
2022-06-06 03:00:00;0.0;0.0;0.0;13.36;86.35;2.48;
2022-06-06 04:00:00;13.0;0.0;13.0;13.11;89.4;2.55;
2022-06-06 05:00:00;131.0;194.94;88.0;13.54;89.45;2.48;
2022-06-06 06:00:00;285.0;401.44;136.0;14.75;86.45;2.69;
2022-06-06 07:00:00;474.0;675.02;125.0;16.26;83.6;2.62;
2022-06-06 08:00:00;650.0;831.52;111.0;17.9;80.9;2.34;
2022-06-06 09:00:00;769.0;850.78;126.0;19.48;78.35;2.0;
2022-06-06 10:00:00;871.0;904.61;118.0;21.07;73.35;1.79;
2022-06-06 11:00:00;915.0;907.36;123.0;22.41;71.15;2.07;
2022-06-06 12:00:00;917.0;908.06;123.0;23.5;66.65;2.48;
2022-06-06 13:00:00;852.0;847.17;143.0;24.25;66.75;2.76;
2022-06-06 14:00:00;756.0;796.92;148.0;24.6;66.75;2.76;
2022-06-06 15:00:00;623.0;716.31;152.0;24.86;64.6;2.9;
2022-06-06 16:00:00;470.0;615.65;145.0;24.77;66.75;2.76;
2022-06-06 17:00:00;29.0;0.0;29.0;24.16;66.75;2.62;
2022-06-06 18:00:00;16.0;0.0;16.0;23.15;71.25;2.21;
2022-06-06 19:00:00;4.0;0.0;4.0;21.69;78.65;1.93;
2022-06-06 20:00:00;0.0;0.0;0.0;20.29;81.15;2.83;
2022-06-06 21:00:00;0.0;0.0;0.0;19.36;78.35;3.1;
2022-06-06 22:00:00;0.0;0.0;0.0;18.58;81.0;3.1;
2022-06-06 23:00:00;0.0;0.0;0.0;17.97;80.9;2.9;
2022-06-07 00:00:00;0.0;0.0;0.0;17.67;83.7;2.69;
2022-06-07 01:00:00;0.0;0.0;0.0;17.43;83.7;2.55;
2022-06-07 02:00:00;0.0;0.0;0.0;16.97;89.65;0.83;
2022-06-07 03:00:00;0.0;0.0;0.0;16.17;96.0;2.07;
2022-06-07 04:00:00;3.0;0.0;3.0;15.92;96.0;2.21;
2022-06-07 05:00:00;134.0;207.82;88.0;16.21;96.0;2.34;
2022-06-07 06:00:00;318.0;586.28;100.0;16.89;92.8;2.07;
2022-06-07 07:00:00;463.0;631.74;136.0;19.12;86.8;1.86;
2022-06-07 08:00:00;566.0;541.02;215.0;20.59;81.2;2.07;
2022-06-07 09:00:00;725.0;723.21;178.0;22.03;76.1;2.62;
2022-06-07 10:00:00;807.0;733.47;196.0;23.35;71.35;2.83;
2022-06-07 11:00:00;848.0;731.48;209.0;24.19;69.05;2.83;
2022-06-07 12:00:00;865.0;775.8;186.0;24.51;71.4;2.76;
2022-06-07 13:00:00;830.0;793.67;165.0;24.66;71.4;2.55;
2022-06-07 14:00:00;753.0;790.5;149.0;24.76;71.4;2.48;
2022-06-07 15:00:00;539.0;429.55;256.0;24.81;69.05;2.41;
2022-06-07 16:00:00;105.0;0.0;105.0;24.52;69.05;2.07;
2022-06-07 17:00:00;47.0;0.0;47.0;22.87;73.7;1.59;
2022-06-07 18:00:00;25.0;0.0;25.0;21.1;84.05;1.24;
2022-06-07 19:00:00;9.0;0.0;9.0;21.25;81.3;1.59;
2022-06-07 20:00:00;0.0;0.0;0.0;20.25;83.95;1.52;
2022-06-07 21:00:00;0.0;0.0;0.0;19.2;89.8;1.66;
2022-06-07 22:00:00;0.0;0.0;0.0;18.43;86.75;2.14;
2022-06-07 23:00:00;0.0;0.0;0.0;17.77;89.7;2.48;
2022-06-08 00:00:00;0.0;0.0;0.0;17.31;89.7;1.93;
2022-06-08 01:00:00;0.0;0.0;0.0;16.91;92.8;2.14;
2022-06-08 02:00:00;0.0;0.0;0.0;16.36;92.8;2.34;
2022-06-08 03:00:00;0.0;0.0;0.0;16.06;92.75;2.34;
2022-06-08 04:00:00;40.0;181.31;26.0;15.62;92.75;2.48;
2022-06-08 05:00:00;114.0;103.59;91.0;15.72;89.55;2.41;
2022-06-08 06:00:00;258.0;271.21;157.0;16.15;86.5;2.48;
2022-06-08 07:00:00;352.0;223.88;236.0;16.88;86.6;2.41;
2022-06-08 08:00:00;619.0;720.82;151.0;17.96;80.9;2.21;
2022-06-08 09:00:00;742.0;763.68;164.0;19.25;75.65;2.07;
2022-06-08 10:00:00;835.0;804.95;164.0;20.43;68.4;2.34;
2022-06-08 11:00:00;888.0;832.73;160.0;21.33;61.85;2.97;
2022-06-08 12:00:00;904.0;867.57;144.0;21.88;59.8;3.52;
2022-06-08 13:00:00;859.0;853.6;143.0;21.84;55.8;4.28;
2022-06-08 14:00:00;0.0;0.0;0.0;21.31;55.65;4.83;
2022-06-08 15:00:00;640.0;760.54;138.0;20.29;57.3;5.1;
2022-06-08 16:00:00;495.0;704.72;121.0;18.95;61.3;5.17;
2022-06-08 17:00:00;332.0;590.82;104.0;17.52;65.45;5.03;
2022-06-08 18:00:00;182.0;471.31;71.0;16.14;72.55;4.48;
2022-06-08 19:00:00;40.0;111.37;30.0;14.86;75.0;4.07;
2022-06-08 20:00:00;0.0;0.0;0.0;13.93;80.4;3.45;
2022-06-08 21:00:00;0.0;0.0;0.0;13.35;80.4;2.97;
2022-06-08 22:00:00;0.0;0.0;0.0;12.93;83.25;2.69;
2022-06-08 23:00:00;0.0;0.0;0.0;12.58;86.25;2.55;
2022-06-09 00:00:00;0.0;0.0;0.0;12.26;86.25;2.48;
2022-06-09 01:00:00;0.0;0.0;0.0;12.04;89.35;2.48;
2022-06-09 02:00:00;0.0;0.0;0.0;11.81;89.35;2.48;
2022-06-09 03:00:00;0.0;0.0;0.0;11.79;89.35;2.48;
2022-06-09 04:00:00;26.0;38.51;23.0;11.72;89.35;2.48;
2022-06-09 05:00:00;164.0;404.33;74.0;12.23;86.25;2.9;
2022-06-09 06:00:00;251.0;241.36;161.0;13.18;80.35;3.59;
2022-06-09 07:00:00;478.0;676.87;127.0;13.9;77.6;2.62;
2022-06-09 08:00:00;615.0;698.81;161.0;15.09;75.0;2.55;
2022-06-09 09:00:00;766.0;829.27;138.0;16.19;70.0;2.69;
2022-06-09 10:00:00;858.0;858.42;142.0;17.17;65.35;2.97;
2022-06-09 11:00:00;902.0;860.74;149.0;18.2;61.05;3.24;
2022-06-09 12:00:00;914.0;883.97;139.0;18.44;61.2;3.52;
2022-06-09 13:00:00;855.0;836.05;153.0;18.53;61.2;3.79;
2022-06-09 14:00:00;775.0;831.42;138.0;18.43;61.2;4.0;
2022-06-09 15:00:00;644.0;765.24;138.0;18.11;61.05;3.93;
2022-06-09 16:00:00;499.0;710.51;121.0;17.79;58.9;3.66;
2022-06-09 17:00:00;337.0;606.72;102.0;17.24;60.85;3.45;
2022-06-09 18:00:00;187.0;493.6;70.0;16.46;62.95;3.17;
2022-06-09 19:00:00;48.0;197.02;30.0;15.67;67.45;2.9;
2022-06-09 20:00:00;0.0;0.0;0.0;14.39;72.3;2.62;
2022-06-09 21:00:00;0.0;0.0;0.0;13.39;74.85;2.48;
2022-06-09 22:00:00;0.0;0.0;0.0;12.66;80.3;2.14;
2022-06-09 23:00:00;0.0;0.0;0.0;11.97;83.15;1.93;
2022-06-10 00:00:00;0.0;0.0;0.0;11.16;89.3;1.79;
2022-06-10 01:00:00;0.0;0.0;0.0;10.33;92.5;1.66;
2022-06-10 02:00:00;0.0;0.0;0.0;9.98;92.5;1.59;
2022-06-10 03:00:00;0.0;0.0;0.0;9.72;92.5;1.59;
2022-06-10 04:00:00;35.0;114.65;26.0;9.51;95.85;1.59;
2022-06-10 05:00:00;173.0;470.71;68.0;10.38;92.5;1.24;
2022-06-10 06:00:00;316.0;557.22;108.0;12.73;80.35;1.03;
2022-06-10 07:00:00;404.0;373.86;210.0;13.9;74.85;1.03;
2022-06-10 08:00:00;555.0;487.68;238.0;15.43;65.05;0.69;
2022-06-10 09:00:00;0.0;0.0;0.0;16.83;54.6;0.69;
2022-06-10 10:00:00;705.0;437.37;340.0;18.14;52.9;0.97;
2022-06-10 11:00:00;829.0;653.44;257.0;19.24;53.15;1.17;
2022-06-10 12:00:00;799.0;566.45;302.0;20.03;49.7;1.1;
2022-06-10 13:00:00;820.0;732.92;204.0;20.57;49.8;1.03;
2022-06-10 14:00:00;574.0;284.18;356.0;20.91;49.95;1.03;
2022-06-10 15:00:00;519.0;356.32;283.0;21.06;49.95;1.1;
2022-06-10 16:00:00;330.0;151.9;249.0;21.07;51.75;1.31;
2022-06-10 17:00:00;200.0;79.76;169.0;20.83;51.75;1.72;
2022-06-10 18:00:00;55.0;0.0;55.0;20.23;59.35;1.79;
2022-06-10 19:00:00;28.0;21.54;26.0;18.91;65.75;2.21;
2022-06-10 20:00:00;0.0;0.0;0.0;17.75;72.8;2.48;
2022-06-10 21:00:00;0.0;0.0;0.0;16.96;72.7;2.55;
2022-06-10 22:00:00;0.0;0.0;0.0;16.34;75.25;2.69;
2022-06-10 23:00:00;0.0;0.0;0.0;15.91;77.85;2.76;
2022-06-11 00:00:00;0.0;0.0;0.0;15.6;80.6;2.76;
2022-06-11 01:00:00;0.0;0.0;0.0;15.23;83.45;2.76;
2022-06-11 02:00:00;0.0;0.0;0.0;15.06;83.45;2.69;
2022-06-11 03:00:00;0.0;0.0;0.0;14.91;80.55;2.62;
2022-06-11 04:00:00;4.0;0.0;4.0;14.71;83.4;2.62;
2022-06-11 05:00:00;22.0;0.0;22.0;14.86;83.45;2.41;
2022-06-11 06:00:00;108.0;2.68;107.0;15.38;77.8;2.76;
2022-06-11 07:00:00;125.0;0.0;125.0;15.67;83.5;2.62;
2022-06-11 08:00:00;299.0;32.29;278.0;16.22;83.55;2.55;
2022-06-11 09:00:00;416.0;76.52;358.0;17.05;78.0;2.48;
2022-06-11 10:00:00;415.0;43.12;379.0;17.85;75.45;2.55;
2022-06-11 11:00:00;443.0;46.81;402.0;18.33;72.95;2.55;
2022-06-11 12:00:00;394.0;22.78;374.0;19.06;70.55;2.62;
2022-06-11 13:00:00;370.0;20.21;353.0;19.52;68.2;2.62;
2022-06-11 14:00:00;379.0;44.27;345.0;19.66;70.65;2.55;
2022-06-11 15:00:00;328.0;49.75;295.0;19.82;68.3;2.41;
2022-06-11 16:00:00;180.0;3.74;178.0;19.69;68.2;2.34;
2022-06-11 17:00:00;93.0;0.0;93.0;19.44;68.2;2.34;
2022-06-11 18:00:00;98.0;37.53;89.0;18.83;73.05;1.59;
2022-06-11 19:00:00;18.0;0.0;18.0;17.5;80.85;0.55;
2022-06-11 20:00:00;0.0;0.0;0.0;16.87;86.6;0.55;
2022-06-11 21:00:00;0.0;0.0;0.0;15.98;92.75;0.97;
2022-06-11 22:00:00;0.0;0.0;0.0;15.67;92.75;1.31;
2022-06-11 23:00:00;0.0;0.0;0.0;15.33;92.75;1.24;
2022-06-12 00:00:00;0.0;0.0;0.0;15.31;92.75;0.9;
2022-06-12 01:00:00;0.0;0.0;0.0;15.96;89.6;0.41;
2022-06-12 02:00:00;0.0;0.0;0.0;15.19;96.0;0.9;
2022-06-12 03:00:00;0.0;0.0;0.0;14.23;99.4;1.45;
2022-06-12 04:00:00;5.0;0.0;5.0;14.0;99.4;1.52;
2022-06-12 05:00:00;148.0;290.52;83.0;14.62;99.35;1.24;
2022-06-12 06:00:00;89.0;0.0;89.0;16.12;89.6;1.24;
2022-06-12 07:00:00;93.0;0.0;93.0;16.82;86.6;1.17;
2022-06-12 08:00:00;257.0;12.3;249.0;17.74;83.7;1.59;
2022-06-12 09:00:00;169.0;0.0;169.0;18.82;78.3;1.79;
2022-06-12 10:00:00;398.0;33.52;370.0;19.91;75.75;2.21;
2022-06-12 11:00:00;641.0;255.63;417.0;20.98;63.9;2.97;
2022-06-12 12:00:00;116.0;0.0;116.0;18.88;73.05;2.9;
2022-06-12 13:00:00;205.0;0.0;205.0;19.09;75.65;2.62;
2022-06-12 14:00:00;225.0;0.0;225.0;19.17;75.65;2.28;
2022-06-12 15:00:00;161.0;0.0;161.0;19.87;68.3;2.21;
2022-06-12 16:00:00;97.0;0.0;97.0;18.05;75.45;2.48;
2022-06-12 17:00:00;45.0;0.0;45.0;17.0;83.65;2.0;
2022-06-12 18:00:00;16.0;0.0;16.0;16.59;86.55;1.52;
2022-06-12 19:00:00;5.0;0.0;5.0;16.34;89.65;2.21;
2022-06-12 20:00:00;0.0;0.0;0.0;16.15;89.6;2.41;
2022-06-12 21:00:00;0.0;0.0;0.0;16.07;89.6;2.83;
2022-06-12 22:00:00;0.0;0.0;0.0;15.92;89.6;3.38;
2022-06-12 23:00:00;0.0;0.0;0.0;15.52;92.75;3.38;
2022-06-13 00:00:00;0.0;0.0;0.0;15.01;96.0;3.31;
2022-06-13 01:00:00;0.0;0.0;0.0;14.7;96.0;3.24;
2022-06-13 02:00:00;0.0;0.0;0.0;14.61;96.0;2.97;
2022-06-13 03:00:00;0.0;0.0;0.0;14.58;96.0;2.83;
2022-06-13 04:00:00;33.0;87.88;26.0;14.56;96.0;3.1;
2022-06-13 05:00:00;87.0;26.79;81.0;14.7;96.0;3.93;
2022-06-13 06:00:00;119.0;5.35;117.0;14.93;92.7;4.07;
2022-06-13 07:00:00;121.0;0.0;121.0;15.47;92.75;3.31;
2022-06-13 08:00:00;304.0;35.35;281.0;16.27;89.65;3.45;
2022-06-13 09:00:00;113.0;0.0;113.0;17.12;89.65;3.66;
2022-06-13 10:00:00;661.0;348.31;370.0;17.99;86.7;3.93;
2022-06-13 11:00:00;477.0;67.3;418.0;18.82;81.05;4.28;
2022-06-13 12:00:00;226.0;0.0;226.0;18.67;78.25;4.69;
2022-06-13 13:00:00;298.0;3.56;295.0;17.9;78.15;5.1;
2022-06-13 14:00:00;255.0;1.3;254.0;18.42;75.55;4.21;
2022-06-13 15:00:00;194.0;0.0;194.0;17.11;80.8;4.55;
2022-06-13 16:00:00;240.0;31.68;223.0;16.47;86.55;4.0;
2022-06-13 17:00:00;62.0;0.0;62.0;15.71;92.75;4.14;
2022-06-13 18:00:00;36.0;0.0;36.0;15.43;92.75;3.59;
2022-06-13 19:00:00;14.0;0.0;14.0;15.01;89.5;3.17;
2022-06-13 20:00:00;0.0;0.0;0.0;14.76;89.5;3.03;
2022-06-13 21:00:00;0.0;0.0;0.0;14.26;86.4;3.24;
2022-06-13 22:00:00;0.0;0.0;0.0;13.83;89.45;3.31;
2022-06-13 23:00:00;0.0;0.0;0.0;13.72;86.35;3.45;
2022-06-14 00:00:00;0.0;0.0;0.0;13.55;86.35;3.52;
2022-06-14 01:00:00;0.0;0.0;0.0;13.46;86.35;3.72;
2022-06-14 02:00:00;0.0;0.0;0.0;13.29;86.35;3.52;
2022-06-14 03:00:00;0.0;0.0;0.0;13.11;89.4;3.38;
2022-06-14 04:00:00;11.0;0.0;11.0;12.93;89.4;3.1;
2022-06-14 05:00:00;43.0;0.0;43.0;13.07;92.65;3.24;
2022-06-14 06:00:00;76.0;0.0;76.0;13.74;92.65;3.66;
2022-06-14 07:00:00;103.0;0.0;103.0;14.48;92.7;3.52;
2022-06-14 08:00:00;186.0;0.0;186.0;14.98;92.7;3.59;
2022-06-14 09:00:00;326.0;18.46;312.0;16.18;89.6;3.86;
2022-06-14 10:00:00;357.0;16.75;343.0;17.06;80.8;4.14;
2022-06-14 11:00:00;632.0;236.05;425.0;17.64;75.4;4.14;
2022-06-14 12:00:00;207.0;0.0;207.0;16.39;77.95;5.52;
2022-06-14 13:00:00;439.0;54.56;393.0;16.54;80.75;5.31;
2022-06-14 14:00:00;530.0;206.39;371.0;16.89;80.8;4.62;
2022-06-14 15:00:00;396.0;117.09;318.0;17.64;75.4;4.55;
2022-06-14 16:00:00;402.0;325.55;227.0;17.62;72.8;4.48;
2022-06-14 17:00:00;312.0;447.42;136.0;17.58;67.85;4.34;
2022-06-14 18:00:00;179.0;406.71;80.0;17.11;70.2;3.31;
2022-06-14 19:00:00;25.0;10.21;24.0;16.21;72.55;3.1;
2022-06-14 20:00:00;0.0;0.0;0.0;15.23;75.0;2.9;
2022-06-14 21:00:00;0.0;0.0;0.0;14.5;77.65;2.83;
2022-06-14 22:00:00;0.0;0.0;0.0;13.99;80.4;2.9;
2022-06-14 23:00:00;0.0;0.0;0.0;13.57;83.35;2.9;
2022-06-15 00:00:00;0.0;0.0;0.0;13.14;86.3;2.83;
2022-06-15 01:00:00;0.0;0.0;0.0;12.8;86.3;2.76;
2022-06-15 02:00:00;0.0;0.0;0.0;12.51;89.4;2.69;
2022-06-15 03:00:00;0.0;0.0;0.0;12.22;89.4;2.55;
2022-06-15 04:00:00;31.0;62.57;26.0;11.94;92.6;2.48;
2022-06-15 05:00:00;99.0;53.57;87.0;12.18;92.6;2.34;
2022-06-15 06:00:00;174.0;48.14;156.0;12.75;89.4;2.69;
2022-06-15 07:00:00;319.0;148.24;242.0;13.93;86.35;3.03;
2022-06-15 08:00:00;517.0;373.51;274.0;14.87;86.45;2.69;
2022-06-15 09:00:00;204.0;0.0;204.0;15.73;86.5;2.55;
2022-06-15 10:00:00;451.0;64.61;397.0;16.69;80.75;2.55;
2022-06-15 11:00:00;128.0;0.0;128.0;17.15;70.2;2.76;
2022-06-15 12:00:00;208.0;0.0;208.0;17.63;65.45;2.48;
2022-06-15 13:00:00;167.0;0.0;167.0;17.06;67.75;2.83;
2022-06-15 14:00:00;97.0;0.0;97.0;15.7;75.1;4.0;
2022-06-15 15:00:00;402.0;122.95;320.0;15.67;77.8;2.83;
2022-06-15 16:00:00;324.0;133.72;252.0;16.23;72.55;2.28;
2022-06-15 17:00:00;184.0;48.18;165.0;16.76;67.65;2.48;
2022-06-15 18:00:00;175.0;364.1;86.0;16.67;67.65;1.59;
2022-06-15 19:00:00;48.0;141.49;34.0;16.01;72.55;1.72;
2022-06-15 20:00:00;0.0;0.0;0.0;15.13;77.75;2.0;
2022-06-15 21:00:00;0.0;0.0;0.0;14.25;80.45;2.0;
2022-06-15 22:00:00;0.0;0.0;0.0;13.31;83.35;2.28;
2022-06-15 23:00:00;0.0;0.0;0.0;12.47;89.4;2.34;
2022-06-16 00:00:00;0.0;0.0;0.0;11.86;89.35;2.21;
2022-06-16 01:00:00;0.0;0.0;0.0;11.37;89.3;2.14;
2022-06-16 02:00:00;0.0;0.0;0.0;10.86;92.55;2.07;
2022-06-16 03:00:00;0.0;0.0;0.0;10.3;92.5;1.86;
2022-06-16 04:00:00;28.0;37.55;25.0;9.76;95.9;1.66;
2022-06-16 05:00:00;37.0;0.0;37.0;10.76;92.55;1.38;
2022-06-16 06:00:00;297.0;444.1;131.0;13.09;86.3;1.45;
2022-06-16 07:00:00;486.0;704.81;120.0;15.16;83.45;1.17;
2022-06-16 08:00:00;615.0;696.4;162.0;16.74;75.25;1.24;
2022-06-16 09:00:00;265.0;2.64;263.0;17.87;65.55;1.52;
2022-06-16 10:00:00;398.0;32.3;371.0;18.84;61.3;1.79;
2022-06-16 11:00:00;462.0;55.85;413.0;19.52;59.25;2.0;
2022-06-16 12:00:00;163.0;0.0;163.0;19.72;57.2;2.21;
2022-06-16 13:00:00;120.0;0.0;120.0;20.09;55.3;2.55;
2022-06-16 14:00:00;224.0;0.0;224.0;19.02;61.3;2.28;
2022-06-16 15:00:00;196.0;0.0;196.0;18.18;67.95;1.93;
2022-06-16 16:00:00;157.0;0.0;157.0;18.02;70.35;1.17;
2022-06-16 17:00:00;162.0;22.77;153.0;17.44;75.4;0.76;
2022-06-16 18:00:00;35.0;0.0;35.0;16.62;83.6;1.17;
2022-06-16 19:00:00;59.0;260.29;33.0;16.16;80.65;0.76;
2022-06-16 20:00:00;0.0;0.0;0.0;15.4;86.5;1.03;
2022-06-16 21:00:00;0.0;0.0;0.0;14.56;89.5;1.66;
2022-06-16 22:00:00;0.0;0.0;0.0;14.33;92.7;1.79;
2022-06-16 23:00:00;0.0;0.0;0.0;13.77;92.65;1.72;
2022-06-17 00:00:00;0.0;0.0;0.0;13.2;92.65;1.66;
2022-06-17 01:00:00;0.0;0.0;0.0;13.08;92.65;1.1;
2022-06-17 02:00:00;0.0;0.0;0.0;13.4;89.45;0.76;
2022-06-17 03:00:00;0.0;0.0;0.0;12.69;92.6;1.31;
2022-06-17 04:00:00;12.0;0.0;12.0;12.31;92.6;1.38;
2022-06-17 05:00:00;60.0;0.0;60.0;12.97;92.65;1.1;
2022-06-17 06:00:00;202.0;101.72;164.0;14.0;92.65;1.45;
2022-06-17 07:00:00;227.0;28.9;212.0;14.65;86.4;1.72;
2022-06-17 08:00:00;281.0;21.53;267.0;15.53;83.5;1.66;
2022-06-17 09:00:00;260.0;2.64;258.0;16.28;77.95;1.52;
2022-06-17 10:00:00;148.0;0.0;148.0;17.01;78.0;1.52;
2022-06-17 11:00:00;332.0;5.7;327.0;17.68;75.4;1.24;
2022-06-17 12:00:00;476.0;64.74;419.0;18.33;68.05;1.24;
2022-06-17 13:00:00;318.0;5.92;313.0;18.67;70.45;1.03;
2022-06-17 14:00:00;97.0;0.0;97.0;18.03;72.9;2.07;
2022-06-17 15:00:00;519.0;347.14;287.0;17.02;80.8;2.14;
2022-06-17 16:00:00;108.0;0.0;108.0;16.95;78.0;1.38;
2022-06-17 17:00:00;46.0;0.0;46.0;17.34;78.1;1.31;
2022-06-17 18:00:00;128.0;109.65;101.0;17.3;78.1;0.83;
2022-06-17 19:00:00;57.0;238.23;33.0;15.64;83.5;1.24;
2022-06-17 20:00:00;0.0;0.0;0.0;15.05;83.45;1.59;
2022-06-17 21:00:00;0.0;0.0;0.0;14.22;92.65;1.59;
2022-06-17 22:00:00;0.0;0.0;0.0;13.76;92.65;1.52;
2022-06-17 23:00:00;0.0;0.0;0.0;13.21;92.65;1.72;
2022-06-18 00:00:00;0.0;0.0;0.0;12.84;92.65;2.0;
2022-06-18 01:00:00;0.0;0.0;0.0;12.51;92.6;1.86;
2022-06-18 02:00:00;0.0;0.0;0.0;12.12;95.95;1.52;
2022-06-18 03:00:00;0.0;0.0;0.0;11.71;95.9;1.1;
2022-06-18 04:00:00;7.0;0.0;7.0;10.88;95.9;1.52;
2022-06-18 05:00:00;136.0;205.85;90.0;12.08;95.95;1.79;
2022-06-18 06:00:00;267.0;305.41;153.0;13.53;86.35;2.55;
2022-06-18 07:00:00;140.0;0.0;140.0;14.9;86.45;2.97;
2022-06-18 08:00:00;183.0;0.0;183.0;15.43;83.5;3.17;
2022-06-18 09:00:00;68.0;0.0;68.0;15.72;80.6;3.79;
2022-06-18 10:00:00;367.0;19.14;351.0;15.39;77.8;4.48;
2022-06-18 11:00:00;236.0;0.0;236.0;14.31;83.4;4.28;
2022-06-18 12:00:00;520.0;98.79;433.0;15.07;83.45;4.41;
2022-06-18 13:00:00;310.0;4.73;306.0;16.1;83.55;4.83;
2022-06-18 14:00:00;270.0;2.59;268.0;15.98;75.15;5.59;
2022-06-18 15:00:00;193.0;0.0;193.0;15.72;75.1;6.28;
2022-06-18 16:00:00;163.0;1.85;162.0;15.6;72.45;6.28;
2022-06-18 17:00:00;150.0;15.12;144.0;15.24;75.0;5.72;
2022-06-18 18:00:00;88.0;16.19;84.0;14.52;74.95;5.17;
2022-06-18 19:00:00;43.0;78.82;35.0;13.57;80.4;4.41;
2022-06-18 20:00:00;0.0;0.0;0.0;13.07;80.35;4.07;
2022-06-18 21:00:00;0.0;0.0;0.0;12.84;80.35;3.93;
2022-06-18 22:00:00;0.0;0.0;0.0;12.6;83.25;3.66;
2022-06-18 23:00:00;0.0;0.0;0.0;12.3;80.3;3.17;
2022-06-19 00:00:00;0.0;0.0;0.0;12.02;83.15;2.76;
2022-06-19 01:00:00;0.0;0.0;0.0;11.66;86.15;2.48;
2022-06-19 02:00:00;0.0;0.0;0.0;11.35;86.15;2.55;
2022-06-19 03:00:00;0.0;0.0;0.0;11.05;86.1;2.62;
2022-06-19 04:00:00;38.0;138.82;27.0;10.97;86.1;2.41;
2022-06-19 05:00:00;157.0;340.67;81.0;11.45;86.15;2.0;
2022-06-19 06:00:00;92.0;0.0;92.0;12.61;80.3;2.83;
2022-06-19 07:00:00;222.0;23.15;210.0;13.83;74.85;2.9;
2022-06-19 08:00:00;505.0;341.66;283.0;14.6;72.3;2.69;
2022-06-19 09:00:00;254.0;1.32;253.0;15.04;69.85;2.0;
2022-06-19 10:00:00;174.0;0.0;174.0;16.03;67.55;1.31;
2022-06-19 11:00:00;181.0;0.0;181.0;16.31;65.25;1.38;
2022-06-19 12:00:00;650.0;254.31;426.0;16.8;63.05;1.72;
2022-06-19 13:00:00;382.0;22.48;363.0;17.2;65.35;1.79;
2022-06-19 14:00:00;432.0;80.2;370.0;17.89;61.05;1.79;
2022-06-19 15:00:00;460.0;210.62;319.0;18.35;59.05;2.21;
2022-06-19 16:00:00;304.0;97.9;251.0;18.53;59.05;2.62;
2022-06-19 17:00:00;220.0;105.66;178.0;18.46;61.2;2.55;
2022-06-19 18:00:00;45.0;0.0;45.0;18.05;65.55;2.34;
2022-06-19 19:00:00;20.0;0.0;20.0;17.23;70.2;2.9;
2022-06-19 20:00:00;0.0;0.0;0.0;16.11;75.15;0.0;
2022-06-19 21:00:00;0.0;0.0;0.0;15.44;75.1;0.0;
2022-06-19 22:00:00;0.0;0.0;0.0;15.21;77.75;3.17;
2022-06-19 23:00:00;0.0;0.0;0.0;14.9;77.75;3.24;
2022-06-20 00:00:00;0.0;0.0;0.0;14.68;83.4;3.45;
2022-06-20 01:00:00;0.0;0.0;0.0;14.69;83.4;3.72;
2022-06-20 02:00:00;0.0;0.0;0.0;14.97;80.55;4.07;
2022-06-20 03:00:00;0.0;0.0;0.0;15.22;80.55;4.41;
2022-06-20 04:00:00;7.0;0.0;7.0;15.39;77.8;4.55;
2022-06-20 05:00:00;21.0;0.0;21.0;15.6;80.6;4.69;
2022-06-20 06:00:00;50.0;0.0;50.0;15.81;80.65;4.76;
2022-06-20 07:00:00;87.0;0.0;87.0;15.46;89.55;4.69;
2022-06-20 08:00:00;110.0;0.0;110.0;15.67;89.55;5.24;
2022-06-20 09:00:00;236.0;1.32;235.0;16.29;86.55;5.1;
2022-06-20 10:00:00;134.0;0.0;134.0;16.59;89.65;5.72;
2022-06-20 11:00:00;169.0;0.0;169.0;16.83;86.6;6.28;
2022-06-20 12:00:00;136.0;0.0;136.0;16.78;83.65;6.48;
2022-06-20 13:00:00;76.0;0.0;76.0;16.03;89.6;6.48;
2022-06-20 14:00:00;99.0;0.0;99.0;15.61;92.75;6.55;
2022-06-20 15:00:00;138.0;0.0;138.0;15.35;92.75;6.48;
2022-06-20 16:00:00;130.0;0.0;130.0;15.28;92.75;6.41;
2022-06-20 17:00:00;84.0;0.0;84.0;15.4;92.75;5.86;
2022-06-20 18:00:00;129.0;112.77;101.0;15.64;96.0;5.03;
2022-06-20 19:00:00;40.0;58.41;34.0;16.09;96.0;4.28;
2022-06-20 20:00:00;0.0;0.0;0.0;16.0;96.0;3.72;
2022-06-20 21:00:00;0.0;0.0;0.0;15.75;99.4;3.72;
2022-06-20 22:00:00;0.0;0.0;0.0;15.64;99.4;0.0;
2022-06-20 23:00:00;0.0;0.0;0.0;15.51;96.0;0.0;
2022-06-21 00:00:00;0.0;0.0;0.0;15.27;96.0;3.52;
2022-06-21 01:00:00;0.0;0.0;0.0;15.1;99.4;3.52;
2022-06-21 02:00:00;0.0;0.0;0.0;14.99;96.0;3.45;
2022-06-21 03:00:00;0.0;0.0;0.0;15.01;96.0;3.1;
2022-06-21 04:00:00;7.0;0.0;7.0;15.04;96.0;2.97;
2022-06-21 05:00:00;56.0;0.0;56.0;15.32;96.0;3.38;
2022-06-21 06:00:00;78.0;0.0;78.0;15.77;92.75;3.17;
2022-06-21 07:00:00;90.0;0.0;90.0;16.66;92.8;2.69;
2022-06-21 08:00:00;177.0;0.0;177.0;17.26;92.8;3.38;
2022-06-21 09:00:00;257.0;2.64;255.0;17.46;89.7;2.69;
2022-06-21 10:00:00;193.0;0.0;193.0;17.27;89.7;2.76;
2022-06-21 11:00:00;209.0;0.0;209.0;17.3;89.7;3.31;
2022-06-21 12:00:00;164.0;0.0;164.0;17.13;96.05;3.52;
2022-06-21 13:00:00;178.0;0.0;178.0;17.03;96.05;3.38;
2022-06-21 14:00:00;259.0;2.58;257.0;17.11;96.05;3.24;
2022-06-21 15:00:00;115.0;0.0;115.0;17.43;92.85;2.9;
2022-06-21 16:00:00;54.0;0.0;54.0;18.09;86.7;2.97;
2022-06-21 17:00:00;157.0;20.07;149.0;18.58;83.8;3.1;
2022-06-21 18:00:00;147.0;184.9;101.0;18.66;81.0;2.55;
2022-06-21 19:00:00;50.0;125.98;37.0;18.26;86.7;1.66;
2022-06-21 20:00:00;0.0;0.0;0.0;17.34;86.65;1.86;
2022-06-21 21:00:00;0.0;0.0;0.0;16.23;92.75;2.21;
2022-06-21 22:00:00;0.0;0.0;0.0;15.44;92.75;2.41;
2022-06-21 23:00:00;0.0;0.0;0.0;14.84;92.7;2.41;
2022-06-22 00:00:00;0.0;0.0;0.0;14.28;92.7;2.28;
2022-06-22 01:00:00;0.0;0.0;0.0;13.86;92.65;2.14;
2022-06-22 02:00:00;0.0;0.0;0.0;13.64;92.65;2.07;
2022-06-22 03:00:00;0.0;0.0;0.0;13.53;89.45;1.86;
2022-06-22 04:00:00;39.0;167.3;26.0;13.62;92.65;1.59;
2022-06-22 05:00:00;92.0;45.16;82.0;14.35;92.7;1.17;
2022-06-22 06:00:00;229.0;183.17;161.0;15.42;89.55;1.31;
2022-06-22 07:00:00;485.0;729.38;108.0;17.63;89.7;1.72;
2022-06-22 08:00:00;486.0;317.69;280.0;19.43;83.9;2.14;
2022-06-22 09:00:00;504.0;187.6;362.0;21.45;76.0;3.1;
2022-06-22 10:00:00;157.0;0.0;157.0;22.82;71.15;3.45;
2022-06-22 11:00:00;818.0;647.45;250.0;23.56;66.65;3.38;
2022-06-22 12:00:00;383.0;19.3;366.0;24.07;66.75;3.17;
2022-06-22 13:00:00;722.0;477.71;318.0;24.76;66.75;3.24;
2022-06-22 14:00:00;693.0;582.71;242.0;25.0;66.85;2.55;
2022-06-22 15:00:00;558.0;466.72;245.0;25.4;64.7;2.48;
2022-06-22 16:00:00;417.0;372.19;215.0;25.44;66.95;2.41;
2022-06-22 17:00:00;267.0;248.12;168.0;25.43;69.25;2.21;
2022-06-22 18:00:00;108.0;48.15;96.0;24.94;73.95;2.07;
2022-06-22 19:00:00;11.0;0.0;11.0;23.44;78.9;2.62;
2022-06-22 20:00:00;0.0;0.0;0.0;22.38;81.45;2.83;
2022-06-22 21:00:00;0.0;0.0;0.0;21.52;87.0;2.9;
2022-06-22 22:00:00;0.0;0.0;0.0;21.01;89.95;2.97;
2022-06-22 23:00:00;0.0;0.0;0.0;20.77;92.95;3.31;
2022-06-23 00:00:00;0.0;0.0;0.0;20.69;89.9;3.45;
2022-06-23 01:00:00;0.0;0.0;0.0;20.44;89.9;3.17;
2022-06-23 02:00:00;0.0;0.0;0.0;20.13;92.95;2.55;
2022-06-23 03:00:00;0.0;0.0;0.0;19.58;92.9;2.0;
2022-06-23 04:00:00;12.0;0.0;12.0;18.95;92.9;2.0;
2022-06-23 05:00:00;55.0;0.0;55.0;19.06;92.9;1.93;
2022-06-23 06:00:00;32.0;0.0;32.0;20.08;89.85;2.14;
2022-06-23 07:00:00;54.0;0.0;54.0;21.02;86.95;0.69;
2022-06-23 08:00:00;66.0;0.0;66.0;22.32;84.25;0.9;
2022-06-23 09:00:00;118.0;0.0;118.0;22.93;81.5;0.9;
2022-06-23 10:00:00;712.0;494.82;299.0;22.9;81.5;1.72;
2022-06-23 11:00:00;857.0;791.26;163.0;23.73;81.55;2.0;
2022-06-23 12:00:00;828.0;692.49;218.0;25.32;79.05;1.86;
2022-06-23 13:00:00;731.0;519.06;292.0;27.01;69.5;2.62;
2022-06-23 14:00:00;600.0;356.52;324.0;27.65;69.6;2.9;
2022-06-23 15:00:00;396.0;123.72;313.0;27.74;69.6;3.38;
2022-06-23 16:00:00;309.0;116.01;246.0;26.33;74.1;2.9;
2022-06-23 17:00:00;42.0;0.0;42.0;25.58;76.5;2.34;
2022-06-23 18:00:00;17.0;0.0;17.0;24.82;81.65;1.72;
2022-06-23 19:00:00;5.0;0.0;5.0;23.05;84.25;2.14;
2022-06-23 20:00:00;0.0;0.0;0.0;21.78;89.95;1.72;
2022-06-23 21:00:00;0.0;0.0;0.0;20.67;96.15;1.86;
2022-06-23 22:00:00;0.0;0.0;0.0;20.2;99.4;1.45;
2022-06-23 23:00:00;0.0;0.0;0.0;19.88;99.4;1.24;
2022-06-24 00:00:00;0.0;0.0;0.0;19.26;100.0;0.76;
2022-06-24 01:00:00;0.0;0.0;0.0;18.39;99.4;1.45;
2022-06-24 02:00:00;0.0;0.0;0.0;18.27;100.0;1.86;
2022-06-24 03:00:00;0.0;0.0;0.0;18.03;99.4;2.28;
2022-06-24 04:00:00;11.0;0.0;11.0;17.76;100.0;2.28;
2022-06-24 05:00:00;15.0;0.0;15.0;17.41;99.4;2.62;
2022-06-24 06:00:00;52.0;0.0;52.0;17.29;96.05;2.62;
2022-06-24 07:00:00;134.0;0.0;134.0;18.27;92.85;3.31;
2022-06-24 08:00:00;124.0;0.0;124.0;18.98;86.8;3.86;
2022-06-24 09:00:00;552.0;269.87;348.0;19.99;78.45;3.86;
2022-06-24 10:00:00;763.0;604.14;259.0;20.76;73.3;4.14;
2022-06-24 11:00:00;813.0;627.27;263.0;21.23;70.9;4.07;
2022-06-24 12:00:00;753.0;466.65;342.0;21.43;68.6;3.66;
2022-06-24 13:00:00;841.0;806.37;159.0;21.52;68.6;3.45;
2022-06-24 14:00:00;728.0;683.24;199.0;21.39;66.25;3.38;
2022-06-24 15:00:00;589.0;555.82;216.0;21.26;68.5;3.24;
2022-06-24 16:00:00;452.0;489.61;186.0;21.01;63.9;2.97;
2022-06-24 17:00:00;339.0;575.6;109.0;20.64;63.8;2.76;
2022-06-24 18:00:00;188.0;440.44;78.0;20.01;65.95;2.48;
2022-06-24 19:00:00;48.0;105.76;37.0;19.78;73.15;2.07;
2022-06-24 20:00:00;0.0;0.0;0.0;18.52;78.25;2.21;
2022-06-24 21:00:00;0.0;0.0;0.0;17.42;83.7;2.21;
2022-06-24 22:00:00;0.0;0.0;0.0;16.46;89.65;0.0;
2022-06-24 23:00:00;0.0;0.0;0.0;15.58;92.75;0.0;
2022-06-25 00:00:00;0.0;0.0;0.0;14.57;92.7;1.45;
2022-06-25 01:00:00;0.0;0.0;0.0;14.2;92.65;1.31;
2022-06-25 02:00:00;0.0;0.0;0.0;13.77;89.45;1.38;
2022-06-25 03:00:00;0.0;0.0;0.0;13.17;92.65;1.72;
2022-06-25 04:00:00;33.0;106.22;25.0;13.21;92.65;1.93;
2022-06-25 05:00:00;99.0;59.36;86.0;14.29;89.5;2.07;
2022-06-25 06:00:00;190.0;81.33;160.0;15.08;86.45;2.07;
2022-06-25 07:00:00;459.0;608.14;146.0;15.47;83.5;2.55;
2022-06-25 08:00:00;313.0;41.76;286.0;16.1;77.85;2.83;
2022-06-25 09:00:00;318.0;15.89;306.0;16.57;75.25;3.17;
2022-06-25 10:00:00;264.0;1.2;263.0;17.08;70.2;2.97;
2022-06-25 11:00:00;494.0;78.72;425.0;17.88;65.55;2.97;
2022-06-25 12:00:00;320.0;3.41;317.0;18.34;63.4;2.83;
2022-06-25 13:00:00;77.0;0.0;77.0;18.56;63.4;3.17;
2022-06-25 14:00:00;665.0;476.56;296.0;18.32;61.2;3.38;
2022-06-25 15:00:00;232.0;2.98;230.0;18.52;56.95;3.31;
2022-06-25 16:00:00;402.0;305.46;236.0;18.19;58.9;2.97;
2022-06-25 17:00:00;92.0;0.0;92.0;17.55;63.2;2.83;
2022-06-25 18:00:00;190.0;436.19;81.0;17.13;67.75;2.48;
2022-06-25 19:00:00;53.0;153.72;37.0;15.67;77.8;2.62;
2022-06-25 20:00:00;0.0;0.0;0.0;15.18;80.55;2.34;
2022-06-25 21:00:00;0.0;0.0;0.0;14.47;80.45;2.41;
2022-06-25 22:00:00;0.0;0.0;0.0;13.94;83.35;2.69;
2022-06-25 23:00:00;0.0;0.0;0.0;13.41;83.35;3.03;
2022-06-26 00:00:00;0.0;0.0;0.0;13.06;86.3;3.31;
2022-06-26 01:00:00;0.0;0.0;0.0;12.95;86.3;3.17;
2022-06-26 02:00:00;0.0;0.0;0.0;12.79;86.3;3.31;
2022-06-26 03:00:00;0.0;0.0;0.0;12.66;89.4;3.24;
2022-06-26 04:00:00;7.0;0.0;7.0;12.7;92.6;3.1;
2022-06-26 05:00:00;42.0;0.0;42.0;13.12;89.4;3.31;
2022-06-26 06:00:00;175.0;54.36;155.0;13.88;86.35;0.0;
2022-06-26 07:00:00;265.0;68.12;230.0;14.73;92.7;0.0;
2022-06-26 08:00:00;222.0;3.1;220.0;15.71;89.55;3.31;
2022-06-26 09:00:00;263.0;2.65;261.0;16.32;86.55;3.66;
2022-06-26 10:00:00;310.0;4.8;306.0;16.74;86.55;3.86;
2022-06-26 11:00:00;760.0;475.96;343.0;16.98;83.65;3.66;
2022-06-26 12:00:00;276.0;0.0;276.0;17.34;80.85;4.0;
2022-06-26 13:00:00;77.0;0.0;77.0;17.02;80.8;4.62;
2022-06-26 14:00:00;208.0;0.0;208.0;17.29;80.85;4.28;
2022-06-26 15:00:00;493.0;278.59;306.0;17.45;78.1;4.14;
2022-06-26 16:00:00;325.0;130.63;254.0;17.23;75.3;4.07;
2022-06-26 17:00:00;266.0;227.6;175.0;17.0;70.2;4.21;
2022-06-26 18:00:00;177.0;340.09;92.0;16.48;72.65;3.38;
2022-06-26 19:00:00;46.0;96.1;36.0;16.2;80.65;2.97;
2022-06-26 20:00:00;0.0;0.0;0.0;15.67;83.5;2.62;
2022-06-26 21:00:00;0.0;0.0;0.0;15.19;83.45;2.83;
2022-06-26 22:00:00;0.0;0.0;0.0;14.72;83.4;3.38;
2022-06-26 23:00:00;0.0;0.0;0.0;14.26;83.4;3.72;
2022-06-27 00:00:00;0.0;0.0;0.0;13.88;86.35;3.86;
2022-06-27 01:00:00;0.0;0.0;0.0;13.61;86.35;4.07;
2022-06-27 02:00:00;0.0;0.0;0.0;13.29;86.35;4.14;
2022-06-27 03:00:00;0.0;0.0;0.0;13.39;86.35;4.21;
2022-06-27 04:00:00;3.0;0.0;3.0;13.61;86.35;3.93;
2022-06-27 05:00:00;103.0;78.35;86.0;13.89;86.35;4.07;
2022-06-27 06:00:00;112.0;2.73;111.0;14.21;89.45;4.34;
2022-06-27 07:00:00;137.0;0.0;137.0;14.8;86.45;4.76;
2022-06-27 08:00:00;157.0;0.0;157.0;15.37;86.5;5.38;
2022-06-27 09:00:00;129.0;0.0;129.0;16.67;83.6;5.79;
2022-06-27 10:00:00;166.0;0.0;166.0;17.6;80.85;5.86;
2022-06-27 11:00:00;134.0;0.0;134.0;18.07;78.15;5.59;
2022-06-27 12:00:00;152.0;0.0;152.0;18.29;75.55;5.17;
2022-06-27 13:00:00;253.0;0.0;253.0;18.32;75.55;4.83;
2022-06-27 14:00:00;349.0;25.83;329.0;18.2;75.45;3.93;
2022-06-27 15:00:00;592.0;554.21;220.0;17.62;78.1;3.24;
2022-06-27 16:00:00;357.0;196.86;250.0;17.41;75.4;2.97;
2022-06-27 17:00:00;199.0;67.53;172.0;17.08;75.3;2.48;
2022-06-27 18:00:00;70.0;4.0;69.0;16.76;75.3;1.72;
2022-06-27 19:00:00;16.0;0.0;16.0;16.86;83.65;0.34;
2022-06-27 20:00:00;0.0;0.0;0.0;16.35;83.6;0.0;
2022-06-27 21:00:00;0.0;0.0;0.0;15.68;89.55;0.0;
2022-06-27 22:00:00;0.0;0.0;0.0;15.25;89.55;1.24;
2022-06-27 23:00:00;0.0;0.0;0.0;15.05;89.5;1.38;
2022-06-28 00:00:00;0.0;0.0;0.0;14.8;89.5;1.52;
2022-06-28 01:00:00;0.0;0.0;0.0;14.42;92.7;1.59;
2022-06-28 02:00:00;0.0;0.0;0.0;14.07;95.95;1.52;
2022-06-28 03:00:00;0.0;0.0;0.0;13.47;92.65;1.59;
2022-06-28 04:00:00;13.0;0.0;13.0;13.1;95.95;1.66;
2022-06-28 05:00:00;83.0;27.8;77.0;13.28;92.65;1.72;
2022-06-28 06:00:00;188.0;79.28;159.0;14.24;92.7;2.0;
2022-06-28 07:00:00;275.0;82.06;233.0;15.88;86.5;1.93;
2022-06-28 08:00:00;397.0;138.2;308.0;17.1;83.65;1.86;
2022-06-28 09:00:00;548.0;258.9;353.0;18.16;80.9;2.0;
2022-06-28 10:00:00;677.0;385.79;356.0;19.1;70.55;2.34;
2022-06-28 11:00:00;621.0;221.66;427.0;19.59;65.85;2.83;
2022-06-28 12:00:00;717.0;383.1;380.0;20.18;61.5;3.59;
2022-06-28 13:00:00;207.0;0.0;207.0;20.13;59.35;3.93;
2022-06-28 14:00:00;441.0;89.14;372.0;20.64;57.45;4.48;
2022-06-28 15:00:00;450.0;195.19;319.0;20.57;55.45;4.55;
2022-06-28 16:00:00;360.0;202.41;250.0;20.25;57.3;4.41;
2022-06-28 17:00:00;207.0;80.05;175.0;19.63;59.25;3.59;
2022-06-28 18:00:00;101.0;32.03;93.0;19.14;63.5;2.62;
2022-06-28 19:00:00;5.0;0.0;5.0;18.45;70.45;1.52;
2022-06-28 20:00:00;0.0;0.0;0.0;17.35;72.8;2.34;
2022-06-28 21:00:00;0.0;0.0;0.0;15.92;86.5;2.55;
2022-06-28 22:00:00;0.0;0.0;0.0;15.34;89.55;1.66;
2022-06-28 23:00:00;0.0;0.0;0.0;15.13;92.7;2.69;
2022-06-29 00:00:00;0.0;0.0;0.0;15.29;86.5;4.69;
2022-06-29 01:00:00;0.0;0.0;0.0;15.04;89.5;5.72;
2022-06-29 02:00:00;0.0;0.0;0.0;14.26;86.4;5.93;
2022-06-29 03:00:00;0.0;0.0;0.0;14.1;86.35;6.0;
2022-06-29 04:00:00;3.0;0.0;3.0;14.15;86.35;6.21;
2022-06-29 05:00:00;22.0;0.0;22.0;14.29;83.4;6.07;
2022-06-29 06:00:00;56.0;0.0;56.0;14.47;83.4;5.79;
2022-06-29 07:00:00;119.0;0.0;119.0;15.01;80.55;5.93;
2022-06-29 08:00:00;306.0;38.88;281.0;15.74;77.8;5.79;
2022-06-29 09:00:00;621.0;418.68;306.0;16.69;70.1;5.66;
2022-06-29 10:00:00;733.0;518.42;302.0;17.78;58.9;5.52;
2022-06-29 11:00:00;666.0;296.12;407.0;18.37;56.95;6.07;
2022-06-29 12:00:00;666.0;288.88;412.0;19.07;55.05;6.41;
2022-06-29 13:00:00;604.0;233.18;407.0;18.95;55.05;6.21;
2022-06-29 14:00:00;581.0;290.77;356.0;19.25;53.15;6.0;
2022-06-29 15:00:00;203.0;0.0;203.0;19.32;51.4;5.66;
2022-06-29 16:00:00;84.0;0.0;84.0;19.1;55.05;4.62;
2022-06-29 17:00:00;39.0;0.0;39.0;18.68;59.05;3.79;
2022-06-29 18:00:00;25.0;0.0;25.0;17.98;61.05;3.59;
2022-06-29 19:00:00;8.0;0.0;8.0;15.79;80.65;2.34;
2022-06-29 20:00:00;0.0;0.0;0.0;15.44;83.5;2.62;
2022-06-29 21:00:00;0.0;0.0;0.0;15.23;86.45;3.03;
2022-06-29 22:00:00;0.0;0.0;0.0;15.11;86.45;3.45;
2022-06-29 23:00:00;0.0;0.0;0.0;15.07;86.45;3.72;
2022-06-30 00:00:00;0.0;0.0;0.0;15.01;83.45;3.93;
2022-06-30 01:00:00;0.0;0.0;0.0;14.94;83.45;4.14;
2022-06-30 02:00:00;0.0;0.0;0.0;14.9;83.45;4.21;
2022-06-30 03:00:00;0.0;0.0;0.0;14.88;86.45;4.21;
2022-06-30 04:00:00;24.0;43.17;21.0;14.68;89.5;4.14;
2022-06-30 05:00:00;14.0;0.0;14.0;14.56;89.5;4.14;
2022-06-30 06:00:00;49.0;0.0;49.0;14.75;89.5;4.07;
2022-06-30 07:00:00;93.0;0.0;93.0;15.72;89.55;4.62;
2022-06-30 08:00:00;123.0;0.0;123.0;16.19;86.5;4.14;
2022-06-30 09:00:00;210.0;0.0;210.0;16.08;89.6;4.0;
2022-06-30 10:00:00;105.0;0.0;105.0;16.42;86.55;4.41;
2022-06-30 11:00:00;195.0;0.0;195.0;16.63;89.65;5.17;
2022-06-30 12:00:00;129.0;0.0;129.0;17.04;86.6;5.59;
2022-06-30 13:00:00;151.0;0.0;151.0;17.44;86.65;4.97;
2022-06-30 14:00:00;483.0;140.91;374.0;18.2;86.7;4.55;
2022-06-30 15:00:00;358.0;73.06;309.0;19.08;81.05;4.69;
2022-06-30 16:00:00;291.0;82.86;246.0;18.77;82.24;4.21;
2022-06-30 17:00:00;228.0;130.23;176.0;18.23;82.65;4.07;
2022-06-30 18:00:00;145.0;172.57;102.0;17.69;83.05;3.93;
2022-06-30 19:00:00;22.0;0.0;22.0;17.15;83.45;3.79;
2022-06-30 20:00:00;0.0;0.0;0.0;16.6;83.86;3.65;
2022-06-30 21:00:00;0.0;0.0;0.0;16.06;84.26;3.51;
2022-06-30 22:00:00;0.0;0.0;0.0;15.52;84.66;3.37;
2022-06-30 23:00:00;0.0;0.0;0.0;14.98;85.06;3.23;
2022-07-01 00:00:00;0.0;0.0;0.0;14.44;85.47;3.09;
2022-07-01 01:00:00;0.0;0.0;0.0;13.9;85.87;2.95;
2022-07-01 02:00:00;0.0;0.0;0.0;13.36;86.27;2.81;
2022-07-01 03:00:00;0.0;0.0;0.0;12.82;86.68;2.67;
2022-07-01 04:00:00;36.0;187.05;23.0;12.28;87.08;2.53;
2022-07-01 05:00:00;158.0;407.92;71.0;11.74;87.48;2.39;
2022-07-01 06:00:00;285.0;412.77;135.0;11.2;87.89;2.25;
2022-07-01 07:00:00;310.0;137.36;240.0;10.66;88.29;2.11;
2022-07-01 08:00:00;457.0;239.88;303.0;15.08;72.45;2.97;
2022-07-01 09:00:00;554.0;260.82;358.0;15.87;70.0;3.52;
2022-07-01 10:00:00;551.0;162.53;416.0;16.4;67.65;3.93;
2022-07-01 11:00:00;741.0;425.6;369.0;16.6;63.05;4.28;
2022-07-01 12:00:00;812.0;581.49;301.0;17.1;60.85;4.62;
2022-07-01 13:00:00;712.0;420.37;357.0;17.25;58.7;4.9;
2022-07-01 14:00:00;717.0;606.32;248.0;16.89;56.6;4.97;
2022-07-01 15:00:00;634.0;673.91;182.0;16.93;56.6;4.97;
2022-07-01 16:00:00;494.0;622.39;156.0;16.62;56.6;4.9;
2022-07-01 17:00:00;352.0;611.09;108.0;16.19;58.6;4.62;
2022-07-01 18:00:00;166.0;268.89;99.0;15.69;60.65;4.14;
2022-07-01 19:00:00;65.0;310.85;33.0;14.97;62.75;3.31;
2022-07-01 20:00:00;0.0;0.0;0.0;14.1;69.75;2.62;
2022-07-01 21:00:00;0.0;0.0;0.0;13.26;77.5;2.21;
2022-07-01 22:00:00;0.0;0.0;0.0;12.45;83.25;2.0;
2022-07-01 23:00:00;0.0;0.0;0.0;11.56;89.3;1.93;
2022-07-02 00:00:00;0.0;0.0;0.0;10.53;92.5;1.93;
2022-07-02 01:00:00;0.0;0.0;0.0;9.79;95.85;1.93;
2022-07-02 02:00:00;0.0;0.0;0.0;9.32;95.85;2.0;
2022-07-02 03:00:00;0.0;0.0;0.0;9.17;95.85;2.0;
2022-07-02 04:00:00;39.0;264.44;21.0;8.99;95.85;2.07;
2022-07-02 05:00:00;154.0;377.56;74.0;9.96;92.5;1.86;
2022-07-02 06:00:00;319.0;615.89;96.0;13.07;80.35;2.48;
2022-07-02 07:00:00;384.0;320.61;221.0;13.97;72.3;3.45;
2022-07-02 08:00:00;402.0;140.43;312.0;14.68;67.35;3.66;
2022-07-02 09:00:00;576.0;301.12;350.0;15.34;62.75;3.86;
2022-07-02 10:00:00;710.0;441.05;344.0;15.96;56.5;4.0;
2022-07-02 11:00:00;701.0;342.34;402.0;16.43;52.65;4.14;
2022-07-02 12:00:00;490.0;70.6;428.0;16.62;52.65;4.14;
2022-07-02 13:00:00;751.0;508.26;322.0;16.76;52.65;4.28;
2022-07-02 14:00:00;691.0;526.41;284.0;17.07;52.65;4.48;
2022-07-02 15:00:00;448.0;180.49;327.0;16.97;52.65;4.55;
2022-07-02 16:00:00;428.0;370.34;227.0;16.58;50.75;4.55;
2022-07-02 17:00:00;322.0;443.69;145.0;16.07;52.5;4.34;
2022-07-02 18:00:00;196.0;474.39;78.0;15.45;56.35;4.07;
2022-07-02 19:00:00;64.0;302.71;33.0;14.91;62.75;3.31;
2022-07-02 20:00:00;0.0;0.0;0.0;13.78;72.2;2.69;
2022-07-02 21:00:00;0.0;0.0;0.0;12.88;77.5;2.34;
2022-07-02 22:00:00;0.0;0.0;0.0;12.06;86.2;2.07;
2022-07-02 23:00:00;0.0;0.0;0.0;10.97;89.3;1.86;
2022-07-03 00:00:00;0.0;0.0;0.0;9.94;92.5;1.79;
2022-07-03 01:00:00;0.0;0.0;0.0;9.35;92.45;1.86;
2022-07-03 02:00:00;0.0;0.0;0.0;8.81;99.4;2.0;
2022-07-03 03:00:00;0.0;0.0;0.0;8.42;95.85;2.07;
2022-07-03 04:00:00;29.0;105.18;22.0;8.25;99.4;2.14;
2022-07-03 05:00:00;106.0;90.3;87.0;9.7;95.85;1.86;
2022-07-03 06:00:00;312.0;568.35;107.0;13.14;83.25;1.86;
2022-07-03 07:00:00;416.0;427.9;199.0;14.45;72.4;3.86;
2022-07-03 08:00:00;521.0;389.21;272.0;15.38;69.9;3.86;
2022-07-03 09:00:00;655.0;482.96;293.0;16.39;62.95;4.07;
2022-07-03 10:00:00;569.0;183.36;417.0;16.94;60.85;4.14;
2022-07-03 11:00:00;753.0;442.31;367.0;17.59;58.8;4.14;
2022-07-03 12:00:00;903.0;822.64;181.0;17.93;56.85;4.14;
2022-07-03 13:00:00;857.0;796.61;185.0;18.33;56.85;4.07;
2022-07-03 14:00:00;796.0;845.04;143.0;18.66;54.95;4.07;
2022-07-03 15:00:00;688.0;849.25;119.0;18.77;54.95;4.14;
2022-07-03 16:00:00;530.0;765.19;115.0;18.58;54.95;4.07;
2022-07-03 17:00:00;366.0;675.06;97.0;18.07;56.85;3.86;
2022-07-03 18:00:00;207.0;555.98;69.0;17.34;63.05;3.59;
2022-07-03 19:00:00;64.0;314.43;32.0;16.04;65.25;3.1;
2022-07-03 20:00:00;0.0;0.0;0.0;14.69;75.0;2.83;
2022-07-03 21:00:00;0.0;0.0;0.0;13.58;80.4;2.62;
2022-07-03 22:00:00;0.0;0.0;0.0;12.77;86.25;2.28;
2022-07-03 23:00:00;0.0;0.0;0.0;12.02;89.35;2.21;
2022-07-04 00:00:00;0.0;0.0;0.0;11.29;95.9;2.0;
2022-07-04 01:00:00;0.0;0.0;0.0;10.36;92.5;1.72;
2022-07-04 02:00:00;0.0;0.0;0.0;9.89;95.9;1.66;
2022-07-04 03:00:00;0.0;0.0;0.0;9.22;99.4;1.86;
2022-07-04 04:00:00;31.0;153.96;21.0;8.78;99.4;2.0;
2022-07-04 05:00:00;78.0;23.94;73.0;9.96;95.9;1.66;
2022-07-04 06:00:00;238.0;222.7;158.0;13.23;83.25;1.59;
2022-07-04 07:00:00;360.0;259.0;229.0;14.42;75.0;2.41;
2022-07-04 08:00:00;438.0;206.72;306.0;15.19;72.45;2.62;
2022-07-04 09:00:00;544.0;245.83;360.0;15.93;67.65;2.62;
2022-07-04 10:00:00;728.0;491.5;321.0;16.91;65.35;2.62;
2022-07-04 11:00:00;876.0;778.74;197.0;17.84;63.2;2.69;
2022-07-04 12:00:00;897.0;826.67;172.0;18.78;59.05;2.55;
2022-07-04 13:00:00;866.0;845.77;153.0;19.44;57.2;2.48;
2022-07-04 14:00:00;786.0;832.63;143.0;20.06;55.3;2.55;
2022-07-04 15:00:00;668.0;802.05;131.0;20.39;55.3;2.48;
2022-07-04 16:00:00;523.0;751.1;116.0;20.44;55.3;2.55;
2022-07-04 17:00:00;355.0;633.25;103.0;20.23;55.3;2.55;
2022-07-04 18:00:00;207.0;561.42;68.0;19.73;59.25;2.48;
2022-07-04 19:00:00;60.0;257.35;34.0;18.97;63.5;2.14;
2022-07-04 20:00:00;0.0;0.0;0.0;17.35;72.7;2.55;
2022-07-04 21:00:00;0.0;0.0;0.0;15.94;75.25;2.69;
2022-07-04 22:00:00;0.0;0.0;0.0;14.91;80.6;2.69;
2022-07-04 23:00:00;0.0;0.0;0.0;14.09;86.4;2.69;
2022-07-05 00:00:00;0.0;0.0;0.0;13.44;86.35;2.62;
2022-07-05 01:00:00;0.0;0.0;0.0;12.85;89.4;2.48;
2022-07-05 02:00:00;0.0;0.0;0.0;12.34;92.6;2.41;
2022-07-05 03:00:00;0.0;0.0;0.0;11.96;89.35;2.34;
2022-07-05 04:00:00;14.0;0.0;14.0;11.65;92.55;2.14;
2022-07-05 05:00:00;131.0;241.26;81.0;11.97;92.6;1.59;
2022-07-05 06:00:00;258.0;315.9;145.0;13.91;83.4;1.45;
2022-07-05 07:00:00;459.0;650.3;131.0;16.01;77.95;1.45;
2022-07-05 08:00:00;617.0;754.76;136.0;17.94;72.9;1.52;
2022-07-05 09:00:00;736.0;770.7;160.0;19.59;65.85;1.52;
2022-07-05 10:00:00;851.0;862.03;138.0;20.93;59.5;1.52;
2022-07-05 11:00:00;931.0;945.94;107.0;22.06;53.85;1.45;
2022-07-05 12:00:00;920.0;902.65;129.0;23.02;50.45;1.45;
2022-07-05 13:00:00;874.0;878.44;134.0;23.79;47.15;1.38;
2022-07-05 14:00:00;759.0;764.55;169.0;24.3;44.05;1.38;
2022-07-05 15:00:00;656.0;777.29;136.0;24.69;42.65;1.45;
2022-07-05 16:00:00;470.0;543.13;176.0;24.81;42.65;1.38;
2022-07-05 17:00:00;157.0;17.62;150.0;24.74;42.65;1.38;
2022-07-05 18:00:00;110.0;52.66;97.0;24.31;45.6;1.24;
2022-07-05 19:00:00;40.0;59.89;34.0;23.01;52.25;2.07;
2022-07-05 20:00:00;0.0;0.0;0.0;21.41;57.55;2.9;
2022-07-05 21:00:00;0.0;0.0;0.0;20.63;57.45;3.24;
2022-07-05 22:00:00;0.0;0.0;0.0;20.13;59.35;3.1;
2022-07-05 23:00:00;0.0;0.0;0.0;19.31;65.75;1.93;
2022-07-06 00:00:00;0.0;0.0;0.0;18.03;70.35;3.03;
2022-07-06 01:00:00;0.0;0.0;0.0;17.19;78.0;2.14;
2022-07-06 02:00:00;0.0;0.0;0.0;16.78;80.8;1.17;
2022-07-06 03:00:00;0.0;0.0;0.0;16.24;83.6;2.28;
2022-07-06 04:00:00;22.0;48.78;19.0;16.24;80.75;2.9;
2022-07-06 05:00:00;44.0;0.0;44.0;16.29;80.75;2.9;
2022-07-06 06:00:00;273.0;401.56;130.0;16.5;80.8;3.17;
2022-07-06 07:00:00;461.0;678.04;120.0;17.23;78.0;4.9;
2022-07-06 08:00:00;517.0;416.69;252.0;17.74;70.3;4.55;
2022-07-06 09:00:00;417.0;81.75;356.0;18.44;68.05;4.76;
2022-07-06 10:00:00;774.0;642.78;243.0;19.18;68.1;4.97;
2022-07-06 11:00:00;848.0;729.7;213.0;19.48;68.2;5.17;
2022-07-06 12:00:00;651.0;267.26;417.0;19.64;68.2;4.97;
2022-07-06 13:00:00;844.0;810.24;162.0;19.88;68.2;4.76;
2022-07-06 14:00:00;637.0;416.31;316.0;20.12;63.7;4.76;
2022-07-06 15:00:00;545.0;414.44;268.0;19.51;61.4;4.9;
2022-07-06 16:00:00;447.0;464.25;196.0;19.18;57.1;4.97;
2022-07-06 17:00:00;276.0;274.83;167.0;19.18;55.05;4.48;
2022-07-06 18:00:00;189.0;455.2;77.0;18.97;55.05;3.66;
2022-07-06 19:00:00;48.0;120.92;36.0;18.34;56.85;2.07;
2022-07-06 20:00:00;0.0;0.0;0.0;17.23;63.05;1.66;
2022-07-06 21:00:00;0.0;0.0;0.0;15.62;70.0;1.72;
2022-07-06 22:00:00;0.0;0.0;0.0;14.48;75.0;2.07;
2022-07-06 23:00:00;0.0;0.0;0.0;14.2;77.65;2.34;
2022-07-07 00:00:00;0.0;0.0;0.0;14.19;77.65;2.55;
2022-07-07 01:00:00;0.0;0.0;0.0;14.35;77.65;2.83;
2022-07-07 02:00:00;0.0;0.0;0.0;14.72;75.0;2.97;
2022-07-07 03:00:00;0.0;0.0;0.0;14.67;75.0;3.1;
2022-07-07 04:00:00;13.0;0.0;13.0;14.63;75.0;3.31;
2022-07-07 05:00:00;150.0;417.12;65.0;14.9;72.45;3.31;
2022-07-07 06:00:00;309.0;609.4;93.0;15.81;70.0;3.38;
2022-07-07 07:00:00;470.0;712.02;113.0;16.61;65.35;4.48;
2022-07-07 08:00:00;346.0;77.21;297.0;17.66;63.2;5.1;
2022-07-07 09:00:00;537.0;246.99;353.0;18.34;56.85;5.45;
2022-07-07 10:00:00;715.0;481.2;318.0;19.15;51.25;5.52;
2022-07-07 11:00:00;523.0;106.98;430.0;20.04;46.2;5.66;
2022-07-07 12:00:00;270.0;0.0;270.0;20.71;44.7;5.79;
2022-07-07 13:00:00;290.0;2.38;288.0;21.08;43.25;5.45;
2022-07-07 14:00:00;224.0;0.0;224.0;20.88;46.35;4.83;
2022-07-07 15:00:00;319.0;38.94;293.0;21.21;44.85;5.1;
2022-07-07 16:00:00;502.0;690.84;129.0;21.1;44.85;4.69;
2022-07-07 17:00:00;246.0;174.33;177.0;20.68;49.8;3.93;
2022-07-07 18:00:00;110.0;53.03;97.0;20.35;53.35;3.52;
2022-07-07 19:00:00;53.0;193.51;34.0;19.51;51.4;4.07;
2022-07-07 20:00:00;0.0;0.0;0.0;18.23;58.9;2.97;
2022-07-07 21:00:00;0.0;0.0;0.0;17.44;63.2;2.21;
2022-07-07 22:00:00;0.0;0.0;0.0;16.56;65.35;2.55;
2022-07-07 23:00:00;0.0;0.0;0.0;16.01;67.65;2.69;
2022-07-08 00:00:00;0.0;0.0;0.0;15.62;70.0;2.76;
2022-07-08 01:00:00;0.0;0.0;0.0;15.26;72.45;3.17;
2022-07-08 02:00:00;0.0;0.0;0.0;15.11;69.9;3.72;
2022-07-08 03:00:00;0.0;0.0;0.0;14.87;75.0;3.93;
2022-07-08 04:00:00;26.0;138.59;18.0;14.49;75.0;4.0;
2022-07-08 05:00:00;79.0;29.71;73.0;14.62;75.0;4.28;
2022-07-08 06:00:00;294.0;535.84;105.0;15.4;70.0;4.34;
2022-07-08 07:00:00;166.0;4.0;164.0;15.91;67.65;6.41;
2022-07-08 08:00:00;174.0;0.0;174.0;16.79;67.75;6.07;
2022-07-08 09:00:00;469.0;142.53;363.0;17.68;63.2;5.93;
2022-07-08 10:00:00;706.0;468.5;320.0;18.68;56.95;6.41;
2022-07-08 11:00:00;654.0;282.16;409.0;19.42;49.45;6.76;
2022-07-08 12:00:00;332.0;5.72;327.0;20.39;43.0;6.76;
2022-07-08 13:00:00;665.0;345.16;375.0;20.97;40.2;6.69;
2022-07-08 14:00:00;432.0;83.16;368.0;21.2;40.2;6.55;
2022-07-08 15:00:00;245.0;6.0;241.0;21.19;41.7;6.34;
2022-07-08 16:00:00;231.0;24.11;218.0;21.08;44.85;5.72;
2022-07-08 17:00:00;351.0;640.68;98.0;20.7;48.05;4.9;
2022-07-08 18:00:00;137.0;143.38;102.0;20.39;51.5;4.21;
2022-07-08 19:00:00;7.0;0.0;7.0;19.62;55.2;3.66;
2022-07-08 20:00:00;0.0;0.0;0.0;18.63;59.05;3.52;
2022-07-08 21:00:00;0.0;0.0;0.0;17.95;61.05;2.9;
2022-07-08 22:00:00;0.0;0.0;0.0;17.42;63.2;2.55;
2022-07-08 23:00:00;0.0;0.0;0.0;16.93;65.35;2.76;
2022-07-09 00:00:00;0.0;0.0;0.0;16.56;65.35;2.69;
2022-07-09 01:00:00;0.0;0.0;0.0;15.96;67.65;2.48;
2022-07-09 02:00:00;0.0;0.0;0.0;15.54;70.0;2.76;
2022-07-09 03:00:00;0.0;0.0;0.0;15.57;70.0;3.38;
2022-07-09 04:00:00;8.0;0.0;8.0;15.77;70.0;4.07;
2022-07-09 05:00:00;126.0;244.98;77.0;15.5;75.15;3.93;
2022-07-09 06:00:00;130.0;14.25;125.0;15.72;77.85;3.66;
2022-07-09 07:00:00;126.0;0.0;126.0;15.9;83.6;3.45;
2022-07-09 08:00:00;109.0;0.0;109.0;16.28;83.6;3.86;
2022-07-09 09:00:00;266.0;4.04;263.0;16.63;78.0;4.55;
2022-07-09 10:00:00;514.0;132.49;405.0;17.48;75.4;4.76;
2022-07-09 11:00:00;828.0;679.16;239.0;18.77;70.45;4.9;
2022-07-09 12:00:00;408.0;28.64;383.0;19.66;61.4;5.17;
2022-07-09 13:00:00;628.0;278.8;394.0;20.26;55.3;5.52;
2022-07-09 14:00:00;371.0;37.72;342.0;20.65;51.65;5.66;
2022-07-09 15:00:00;587.0;548.0;222.0;20.74;49.8;5.52;
2022-07-09 16:00:00;455.0;503.53;184.0;20.64;49.8;5.17;
2022-07-09 17:00:00;312.0;439.2;139.0;20.26;49.7;4.69;
2022-07-09 18:00:00;188.0;469.15;74.0;19.64;53.25;3.72;
2022-07-09 19:00:00;54.0;219.28;33.0;18.34;58.9;3.17;
2022-07-09 20:00:00;0.0;0.0;0.0;17.16;63.05;2.83;
2022-07-09 21:00:00;0.0;0.0;0.0;16.11;65.25;2.69;
2022-07-09 22:00:00;0.0;0.0;0.0;15.48;67.55;2.62;
2022-07-09 23:00:00;0.0;0.0;0.0;14.62;75.0;2.55;
2022-07-10 00:00:00;0.0;0.0;0.0;13.95;77.65;2.41;
2022-07-10 01:00:00;0.0;0.0;0.0;13.32;83.25;2.41;
2022-07-10 02:00:00;0.0;0.0;0.0;12.91;83.25;2.34;
2022-07-10 03:00:00;0.0;0.0;0.0;12.75;86.25;2.21;
2022-07-10 04:00:00;7.0;0.0;7.0;12.65;86.25;2.14;
2022-07-10 05:00:00;96.0;85.85;79.0;13.15;83.25;1.86;
2022-07-10 06:00:00;281.0;475.56;115.0;14.56;75.0;1.86;
2022-07-10 07:00:00;450.0;646.6;129.0;15.47;72.55;1.93;
2022-07-10 08:00:00;439.0;226.94;296.0;16.18;70.1;1.72;
2022-07-10 09:00:00;312.0;16.19;300.0;17.51;63.2;1.66;
2022-07-10 10:00:00;452.0;70.6;394.0;18.35;58.9;2.0;
2022-07-10 11:00:00;330.0;5.77;325.0;19.04;53.15;2.14;
2022-07-10 12:00:00;820.0;634.24;267.0;19.27;55.05;1.66;
2022-07-10 13:00:00;476.0;82.3;407.0;19.88;53.25;1.31;
2022-07-10 14:00:00;186.0;0.0;186.0;20.05;53.35;1.24;
2022-07-10 15:00:00;525.0;362.34;284.0;20.29;53.35;1.38;
2022-07-10 16:00:00;505.0;714.81;121.0;20.28;53.35;1.59;
2022-07-10 17:00:00;256.0;208.75;174.0;20.06;53.35;1.79;
2022-07-10 18:00:00;140.0;161.3;101.0;19.6;57.2;1.79;
2022-07-10 19:00:00;48.0;148.3;34.0;18.93;61.2;0.97;
2022-07-10 20:00:00;0.0;0.0;0.0;17.96;65.55;1.31;
2022-07-10 21:00:00;0.0;0.0;0.0;16.4;75.25;1.52;
2022-07-10 22:00:00;0.0;0.0;0.0;14.99;83.5;1.45;
2022-07-10 23:00:00;0.0;0.0;0.0;14.7;83.45;1.24;
2022-07-11 00:00:00;0.0;0.0;0.0;15.28;83.5;0.97;
2022-07-11 01:00:00;0.0;0.0;0.0;15.36;83.5;0.62;
2022-07-11 02:00:00;0.0;0.0;0.0;15.03;83.5;0.41;
2022-07-11 03:00:00;0.0;0.0;0.0;14.81;86.45;0.55;
2022-07-11 04:00:00;18.0;58.29;15.0;14.67;86.45;0.69;
2022-07-11 05:00:00;37.0;0.0;37.0;14.41;86.45;0.76;
2022-07-11 06:00:00;299.0;593.42;93.0;15.41;83.55;0.62;
2022-07-11 07:00:00;352.0;268.86;219.0;16.58;72.7;0.76;
2022-07-11 08:00:00;592.0;693.7;156.0;17.86;70.3;1.03;
2022-07-11 09:00:00;733.0;793.73;146.0;19.4;63.5;1.24;
2022-07-11 10:00:00;727.0;524.26;297.0;20.52;55.45;1.38;
2022-07-11 11:00:00;319.0;4.62;315.0;21.09;53.6;1.31;
2022-07-11 12:00:00;775.0;523.63;319.0;21.85;51.9;1.45;
2022-07-11 13:00:00;629.0;279.44;395.0;22.15;48.45;1.38;
2022-07-11 14:00:00;499.0;160.39;376.0;22.26;48.45;1.59;
2022-07-11 15:00:00;601.0;597.79;204.0;22.08;50.2;2.21;
2022-07-11 16:00:00;471.0;570.76;165.0;21.61;51.9;2.76;
2022-07-11 17:00:00;317.0;469.83;133.0;20.97;55.55;3.17;
2022-07-11 18:00:00;149.0;207.93;99.0;20.37;61.5;3.1;
2022-07-11 19:00:00;43.0;118.37;32.0;19.73;63.6;2.97;
2022-07-11 20:00:00;0.0;0.0;0.0;18.63;68.05;2.83;
2022-07-11 21:00:00;0.0;0.0;0.0;17.88;72.8;2.76;
2022-07-11 22:00:00;0.0;0.0;0.0;17.47;72.8;2.69;
2022-07-11 23:00:00;0.0;0.0;0.0;16.95;78.0;2.62;
2022-07-12 00:00:00;0.0;0.0;0.0;16.57;78.0;2.62;
2022-07-12 01:00:00;0.0;0.0;0.0;16.24;77.95;2.62;
2022-07-12 02:00:00;0.0;0.0;0.0;15.94;77.95;2.69;
2022-07-12 03:00:00;0.0;0.0;0.0;15.61;80.65;2.69;
2022-07-12 04:00:00;15.0;40.62;13.0;15.31;80.6;2.69;
2022-07-12 05:00:00;69.0;20.63;65.0;15.68;80.65;2.62;
2022-07-12 06:00:00;273.0;463.56;113.0;16.86;75.3;2.83;
2022-07-12 07:00:00;308.0;166.38;226.0;18.31;75.45;4.34;
2022-07-12 08:00:00;473.0;320.65;272.0;19.93;68.2;4.69;
2022-07-12 09:00:00;705.0;720.81;173.0;21.38;63.9;5.03;
2022-07-12 10:00:00;678.0;420.09;334.0;22.81;57.9;5.31;
2022-07-12 11:00:00;780.0;569.59;288.0;23.92;54.2;5.31;
2022-07-12 12:00:00;227.0;0.0;227.0;24.58;49.05;5.03;
2022-07-12 13:00:00;148.0;0.0;148.0;24.43;50.7;4.55;
2022-07-12 14:00:00;84.0;0.0;84.0;21.99;66.35;3.31;
2022-07-12 15:00:00;65.0;0.0;65.0;20.27;86.85;3.45;
2022-07-12 16:00:00;44.0;0.0;44.0;19.63;89.85;3.1;
2022-07-12 17:00:00;0.0;0.0;0.0;18.8;92.85;3.86;
2022-07-12 18:00:00;92.0;25.1;86.0;18.2;92.85;4.48;
2022-07-12 19:00:00;12.0;0.0;12.0;16.54;89.65;6.34;
2022-07-12 20:00:00;0.0;0.0;0.0;16.02;86.55;6.62;
2022-07-12 21:00:00;0.0;0.0;0.0;15.56;86.5;6.69;
2022-07-12 22:00:00;0.0;0.0;0.0;15.14;89.55;6.62;
2022-07-12 23:00:00;0.0;0.0;0.0;14.82;89.5;6.55;
2022-07-13 00:00:00;0.0;0.0;0.0;14.6;89.5;6.34;
2022-07-13 01:00:00;0.0;0.0;0.0;14.38;86.45;6.14;
2022-07-13 02:00:00;0.0;0.0;0.0;14.2;86.4;5.93;
2022-07-13 03:00:00;0.0;0.0;0.0;14.21;86.4;5.66;
2022-07-13 04:00:00;2.0;0.0;2.0;13.95;86.4;5.52;
2022-07-13 05:00:00;12.0;0.0;12.0;13.87;89.45;5.45;
2022-07-13 06:00:00;35.0;0.0;35.0;13.89;86.4;5.38;
2022-07-13 07:00:00;45.0;0.0;45.0;14.51;86.45;4.97;
2022-07-13 08:00:00;85.0;0.0;85.0;14.72;86.45;6.41;
2022-07-13 09:00:00;115.0;0.0;115.0;15.13;80.6;6.97;
2022-07-13 10:00:00;234.0;0.0;234.0;15.55;75.15;7.24;
2022-07-13 11:00:00;122.0;0.0;122.0;15.73;75.15;6.69;
2022-07-13 12:00:00;294.0;2.3;292.0;15.8;70.0;6.07;
2022-07-13 13:00:00;281.0;1.2;280.0;15.87;70.0;5.66;
2022-07-13 14:00:00;131.0;0.0;131.0;15.77;70.0;5.24;
2022-07-13 15:00:00;172.0;0.0;172.0;15.67;70.0;5.1;
2022-07-13 16:00:00;99.0;0.0;99.0;15.59;67.55;5.24;
2022-07-13 17:00:00;100.0;0.0;100.0;15.39;67.45;5.24;
2022-07-13 18:00:00;67.0;4.21;66.0;14.86;72.4;4.83;
2022-07-13 19:00:00;13.0;0.0;13.0;14.01;77.65;4.0;
2022-07-13 20:00:00;0.0;0.0;0.0;13.66;80.4;4.0;
2022-07-13 21:00:00;0.0;0.0;0.0;13.49;80.4;3.86;
2022-07-13 22:00:00;0.0;0.0;0.0;13.38;80.4;3.79;
2022-07-13 23:00:00;0.0;0.0;0.0;13.25;83.25;3.86;
2022-07-14 00:00:00;0.0;0.0;0.0;12.81;86.25;4.0;
2022-07-14 01:00:00;0.0;0.0;0.0;12.45;86.25;4.41;
2022-07-14 02:00:00;0.0;0.0;0.0;12.47;86.25;4.55;
2022-07-14 03:00:00;0.0;0.0;0.0;12.36;86.25;4.76;
2022-07-14 04:00:00;10.0;0.0;10.0;12.52;89.4;4.83;
2022-07-14 05:00:00;23.0;0.0;23.0;12.84;89.4;4.9;
2022-07-14 06:00:00;53.0;0.0;53.0;13.01;86.3;5.1;
2022-07-14 07:00:00;98.0;0.0;98.0;13.16;92.65;5.72;
2022-07-14 08:00:00;59.0;0.0;59.0;13.46;89.45;5.72;
2022-07-14 09:00:00;134.0;0.0;134.0;13.78;89.45;6.21;
2022-07-14 10:00:00;121.0;0.0;121.0;13.67;89.45;7.17;
2022-07-14 11:00:00;167.0;0.0;167.0;13.45;83.35;7.72;
2022-07-14 12:00:00;152.0;0.0;152.0;13.35;86.3;7.45;
2022-07-14 13:00:00;267.0;1.2;266.0;13.48;83.35;7.24;
2022-07-14 14:00:00;204.0;0.0;204.0;13.55;86.35;7.24;
2022-07-14 15:00:00;110.0;0.0;110.0;13.59;86.35;6.9;
2022-07-14 16:00:00;91.0;0.0;91.0;13.44;89.45;6.41;
2022-07-14 17:00:00;49.0;0.0;49.0;13.76;89.45;6.21;
2022-07-14 18:00:00;33.0;0.0;33.0;13.87;86.35;5.93;
2022-07-14 19:00:00;11.0;0.0;11.0;13.15;89.4;5.93;
2022-07-14 20:00:00;0.0;0.0;0.0;13.33;89.4;5.24;
2022-07-14 21:00:00;0.0;0.0;0.0;13.57;86.35;4.69;
2022-07-14 22:00:00;0.0;0.0;0.0;13.7;86.35;4.28;
2022-07-14 23:00:00;0.0;0.0;0.0;13.81;86.35;3.79;
2022-07-15 00:00:00;0.0;0.0;0.0;13.7;86.35;3.45;
2022-07-15 01:00:00;0.0;0.0;0.0;13.48;83.35;3.24;
2022-07-15 02:00:00;0.0;0.0;0.0;12.94;83.25;3.17;
2022-07-15 03:00:00;0.0;0.0;0.0;12.37;86.25;3.17;
2022-07-15 04:00:00;18.0;118.8;13.0;12.03;89.35;3.03;
2022-07-15 05:00:00;128.0;331.42;66.0;12.41;86.25;2.83;
2022-07-15 06:00:00;300.0;637.47;84.0;13.86;86.35;2.34;
2022-07-15 07:00:00;457.0;714.52;109.0;15.35;83.5;2.62;
2022-07-15 08:00:00;608.0;777.06;125.0;16.62;75.3;2.76;
2022-07-15 09:00:00;747.0;848.25;125.0;17.78;72.8;2.76;
2022-07-15 10:00:00;809.0;778.36;175.0;19.3;63.5;2.83;
2022-07-15 11:00:00;885.0;860.66;145.0;20.39;57.3;2.9;
2022-07-15 12:00:00;771.0;524.25;317.0;20.96;51.75;2.76;
2022-07-15 13:00:00;666.0;355.46;370.0;21.5;48.3;2.76;
2022-07-15 14:00:00;489.0;150.88;374.0;21.35;49.95;2.62;
2022-07-15 15:00:00;113.0;0.0;113.0;21.51;48.3;2.41;
2022-07-15 16:00:00;329.0;150.67;249.0;21.42;49.95;2.0;
2022-07-15 17:00:00;242.0;178.77;173.0;21.08;49.95;1.31;
2022-07-15 18:00:00;180.0;452.61;74.0;20.35;59.35;0.9;
2022-07-15 19:00:00;37.0;81.4;30.0;19.2;78.3;0.76;
2022-07-15 20:00:00;0.0;0.0;0.0;18.45;70.45;0.69;
2022-07-15 21:00:00;0.0;0.0;0.0;17.84;72.8;0.62;
2022-07-15 22:00:00;0.0;0.0;0.0;15.47;80.65;1.24;
2022-07-15 23:00:00;0.0;0.0;0.0;14.47;86.45;1.45;
2022-07-16 00:00:00;0.0;0.0;0.0;15.11;80.6;1.03;
2022-07-16 01:00:00;0.0;0.0;0.0;12.85;92.6;1.72;
2022-07-16 02:00:00;0.0;0.0;0.0;12.68;92.6;1.93;
2022-07-16 03:00:00;0.0;0.0;0.0;13.03;89.4;1.72;
2022-07-16 04:00:00;9.0;0.0;9.0;13.23;89.4;1.52;
2022-07-16 05:00:00;60.0;10.83;58.0;13.85;89.45;1.66;
2022-07-16 06:00:00;78.0;0.0;78.0;15.05;77.8;2.0;
2022-07-16 07:00:00;165.0;6.19;162.0;16.49;78.0;2.83;
2022-07-16 08:00:00;461.0;309.82;269.0;18.08;72.9;4.21;
2022-07-16 09:00:00;339.0;32.81;315.0;19.02;68.1;5.17;
2022-07-16 10:00:00;218.0;0.0;218.0;19.75;63.6;6.14;
2022-07-16 11:00:00;182.0;0.0;182.0;20.41;59.35;7.52;
2022-07-16 12:00:00;150.0;0.0;150.0;20.41;61.5;7.03;
2022-07-16 13:00:00;166.0;0.0;166.0;20.13;61.5;7.66;
2022-07-16 14:00:00;123.0;0.0;123.0;19.08;68.1;6.76;
2022-07-16 15:00:00;82.0;0.0;82.0;17.92;78.1;6.34;
2022-07-16 16:00:00;90.0;0.0;90.0;16.89;83.65;6.41;
2022-07-16 17:00:00;35.0;0.0;35.0;16.57;83.65;6.21;
2022-07-16 18:00:00;21.0;0.0;21.0;16.46;86.6;5.59;
2022-07-16 19:00:00;8.0;0.0;8.0;15.95;86.55;5.38;
2022-07-16 20:00:00;0.0;0.0;0.0;15.96;89.65;4.9;
2022-07-16 21:00:00;0.0;0.0;0.0;15.85;92.75;4.55;
2022-07-16 22:00:00;0.0;0.0;0.0;15.47;89.6;4.28;
2022-07-16 23:00:00;0.0;0.0;0.0;14.99;86.5;4.14;
2022-07-17 00:00:00;0.0;0.0;0.0;14.53;89.5;4.07;
2022-07-17 01:00:00;0.0;0.0;0.0;14.13;89.5;4.48;
2022-07-17 02:00:00;0.0;0.0;0.0;13.83;89.45;4.21;
2022-07-17 03:00:00;0.0;0.0;0.0;13.51;89.45;3.79;
2022-07-17 04:00:00;10.0;0.0;10.0;13.32;89.4;3.72;
2022-07-17 05:00:00;114.0;241.43;70.0;13.39;86.35;4.07;
2022-07-17 06:00:00;280.0;547.35;97.0;13.62;86.35;3.93;
2022-07-17 07:00:00;384.0;412.09;185.0;14.17;83.4;5.79;
2022-07-17 08:00:00;531.0;505.02;219.0;15.22;75.1;6.21;
2022-07-17 09:00:00;484.0;175.38;356.0;16.25;70.1;6.07;
2022-07-17 10:00:00;539.0;170.08;401.0;16.95;67.75;6.28;
2022-07-17 11:00:00;136.0;0.0;136.0;17.53;67.85;6.62;
2022-07-17 12:00:00;252.0;0.0;252.0;18.16;65.55;7.1;
2022-07-17 13:00:00;496.0;106.03;408.0;18.49;61.2;7.45;
2022-07-17 14:00:00;98.0;0.0;98.0;18.1;65.55;7.45;
2022-07-17 15:00:00;350.0;68.56;305.0;18.31;65.55;7.52;
2022-07-17 16:00:00;135.0;0.0;135.0;16.78;70.2;7.03;
2022-07-17 17:00:00;183.0;54.89;162.0;16.28;72.65;6.69;
2022-07-17 18:00:00;149.0;247.33;92.0;16.14;75.25;6.48;
2022-07-17 19:00:00;32.0;61.05;27.0;15.74;72.55;6.34;
2022-07-17 20:00:00;0.0;0.0;0.0;15.1;75.1;6.14;
2022-07-17 21:00:00;0.0;0.0;0.0;14.68;75.0;6.0;
2022-07-17 22:00:00;0.0;0.0;0.0;14.44;75.0;5.86;
2022-07-17 23:00:00;0.0;0.0;0.0;14.11;77.65;5.93;
2022-07-18 00:00:00;0.0;0.0;0.0;13.94;77.65;6.21;
2022-07-18 01:00:00;0.0;0.0;0.0;13.94;77.65;6.34;
2022-07-18 02:00:00;0.0;0.0;0.0;14.02;77.65;6.48;
2022-07-18 03:00:00;0.0;0.0;0.0;14.06;77.65;6.69;
2022-07-18 04:00:00;4.0;0.0;4.0;13.88;77.65;6.69;
2022-07-18 05:00:00;32.0;0.0;32.0;13.82;80.4;6.83;
2022-07-18 06:00:00;26.0;0.0;26.0;13.73;83.35;7.38;
2022-07-18 07:00:00;85.0;0.0;85.0;13.85;86.35;7.66;
2022-07-18 08:00:00;200.0;1.62;199.0;14.17;83.4;6.9;
2022-07-18 09:00:00;118.0;0.0;118.0;14.44;80.55;7.17;
2022-07-18 10:00:00;122.0;0.0;122.0;14.87;80.55;7.45;
2022-07-18 11:00:00;393.0;26.89;370.0;15.53;75.15;8.0;
2022-07-18 12:00:00;250.0;0.0;250.0;16.58;70.2;7.72;
2022-07-18 13:00:00;154.0;0.0;154.0;17.4;75.3;7.17;
2022-07-18 14:00:00;505.0;180.75;368.0;18.06;72.9;6.83;
2022-07-18 15:00:00;425.0;171.05;313.0;18.37;72.9;6.48;
2022-07-18 16:00:00;330.0;161.56;245.0;17.64;72.8;6.14;
2022-07-18 17:00:00;136.0;10.51;132.0;16.24;77.95;5.17;
2022-07-18 18:00:00;60.0;0.0;60.0;15.52;80.65;4.41;
2022-07-18 19:00:00;12.0;0.0;12.0;14.56;75.0;4.9;
2022-07-18 20:00:00;0.0;0.0;0.0;14.19;77.65;4.48;
2022-07-18 21:00:00;0.0;0.0;0.0;14.03;77.65;4.14;
2022-07-18 22:00:00;0.0;0.0;0.0;13.87;80.4;4.0;
2022-07-18 23:00:00;0.0;0.0;0.0;13.74;80.4;3.93;
2022-07-19 00:00:00;0.0;0.0;0.0;13.57;77.6;3.79;
2022-07-19 01:00:00;0.0;0.0;0.0;13.14;80.35;3.45;
2022-07-19 02:00:00;0.0;0.0;0.0;12.68;83.25;2.97;
2022-07-19 03:00:00;0.0;0.0;0.0;12.08;86.2;2.55;
2022-07-19 04:00:00;2.0;0.0;2.0;11.67;89.3;2.48;
2022-07-19 05:00:00;125.0;372.52;59.0;11.78;89.3;2.07;
2022-07-19 06:00:00;273.0;536.98;96.0;12.75;86.25;1.59;
2022-07-19 07:00:00;387.0;440.92;176.0;14.39;77.75;1.38;
2022-07-19 08:00:00;386.0;153.14;292.0;15.69;75.15;0.97;
2022-07-19 09:00:00;486.0;185.9;351.0;16.74;67.75;0.62;
2022-07-19 10:00:00;457.0;84.16;389.0;17.52;67.85;0.28;
2022-07-19 11:00:00;723.0;441.6;346.0;18.39;63.3;0.41;
2022-07-19 12:00:00;620.0;235.99;417.0;19.02;59.15;0.55;
2022-07-19 13:00:00;171.0;0.0;171.0;18.98;59.15;0.21;
2022-07-19 14:00:00;154.0;0.0;154.0;18.43;61.2;1.59;
2022-07-19 15:00:00;208.0;1.53;207.0;17.48;67.85;2.69;
2022-07-19 16:00:00;208.0;15.26;200.0;17.21;72.7;2.97;
2022-07-19 17:00:00;187.0;63.36;163.0;16.74;72.7;2.62;
2022-07-19 18:00:00;122.0;123.72;94.0;16.32;77.95;2.28;
2022-07-19 19:00:00;32.0;77.53;26.0;15.84;80.65;1.72;
2022-07-19 20:00:00;0.0;0.0;0.0;15.31;83.5;1.72;
2022-07-19 21:00:00;0.0;0.0;0.0;14.72;86.45;1.38;
2022-07-19 22:00:00;0.0;0.0;0.0;13.89;89.5;1.03;
2022-07-19 23:00:00;0.0;0.0;0.0;13.63;89.45;0.97;
2022-07-20 00:00:00;0.0;0.0;0.0;12.91;92.65;1.1;
2022-07-20 01:00:00;0.0;0.0;0.0;12.27;95.95;1.24;
2022-07-20 02:00:00;0.0;0.0;0.0;12.01;92.6;1.38;
2022-07-20 03:00:00;0.0;0.0;0.0;11.9;92.6;1.52;
2022-07-20 04:00:00;7.0;0.0;7.0;11.71;95.9;1.86;
2022-07-20 05:00:00;129.0;423.96;55.0;12.09;95.95;1.79;
2022-07-20 06:00:00;131.0;24.45;123.0;13.38;89.45;1.86;
2022-07-20 07:00:00;147.0;2.1;146.0;15.37;89.55;2.34;
2022-07-20 08:00:00;208.0;3.27;206.0;16.83;86.6;2.14;
2022-07-20 09:00:00;246.0;2.76;244.0;17.8;86.65;2.21;
2022-07-20 10:00:00;510.0;141.4;396.0;18.46;78.25;2.55;
2022-07-20 11:00:00;77.0;0.0;77.0;18.76;78.25;2.48;
2022-07-20 12:00:00;161.0;0.0;161.0;19.24;75.65;2.07;
2022-07-20 13:00:00;144.0;0.0;144.0;18.63;72.95;1.93;
2022-07-20 14:00:00;93.0;0.0;93.0;17.73;78.1;2.28;
2022-07-20 15:00:00;101.0;0.0;101.0;17.96;78.15;2.07;
2022-07-20 16:00:00;109.0;0.0;109.0;18.25;78.15;1.79;
2022-07-20 17:00:00;95.0;0.0;95.0;18.24;78.15;1.17;
2022-07-20 18:00:00;44.0;0.0;44.0;17.09;80.8;0.76;
2022-07-20 19:00:00;29.0;66.69;24.0;16.26;80.75;0.76;
2022-07-20 20:00:00;0.0;0.0;0.0;15.8;83.55;0.83;
2022-07-20 21:00:00;0.0;0.0;0.0;15.47;83.55;1.03;
2022-07-20 22:00:00;0.0;0.0;0.0;15.17;86.5;1.17;
2022-07-20 23:00:00;0.0;0.0;0.0;14.86;89.5;1.38;
2022-07-21 00:00:00;0.0;0.0;0.0;14.4;89.5;1.24;
2022-07-21 01:00:00;0.0;0.0;0.0;14.04;92.7;0.76;
2022-07-21 02:00:00;0.0;0.0;0.0;14.35;89.5;0.14;
2022-07-21 03:00:00;0.0;0.0;0.0;14.09;89.5;0.28;
2022-07-21 04:00:00;4.0;0.0;4.0;13.52;95.95;1.17;
2022-07-21 05:00:00;41.0;0.0;41.0;13.73;95.95;1.31;
2022-07-21 06:00:00;148.0;49.28;132.0;14.27;92.7;1.66;
2022-07-21 07:00:00;150.0;2.11;149.0;15.06;86.5;2.0;
2022-07-21 08:00:00;278.0;32.81;258.0;16.14;86.55;1.79;
2022-07-21 09:00:00;347.0;38.76;319.0;17.14;89.65;1.45;
2022-07-21 10:00:00;411.0;50.97;370.0;18.37;86.7;1.17;
2022-07-21 11:00:00;245.0;0.0;245.0;19.21;83.85;1.17;
2022-07-21 12:00:00;178.0;0.0;178.0;19.57;78.35;1.24;
2022-07-21 13:00:00;232.0;0.0;232.0;20.02;68.3;1.79;
2022-07-21 14:00:00;523.0;217.8;359.0;19.68;70.65;2.76;
2022-07-21 15:00:00;281.0;21.55;267.0;18.2;78.15;3.31;
2022-07-21 16:00:00;357.0;236.31;234.0;18.03;80.9;3.72;
2022-07-21 17:00:00;218.0;138.82;166.0;18.18;80.9;4.28;
2022-07-21 18:00:00;47.0;0.0;47.0;17.32;83.65;3.45;
2022-07-21 19:00:00;3.0;0.0;3.0;16.68;80.8;2.97;
2022-07-21 20:00:00;0.0;0.0;0.0;16.23;83.6;2.69;
2022-07-21 21:00:00;0.0;0.0;0.0;15.8;86.5;2.55;
2022-07-21 22:00:00;0.0;0.0;0.0;15.16;86.5;2.62;
2022-07-21 23:00:00;0.0;0.0;0.0;14.75;89.5;2.55;
2022-07-22 00:00:00;0.0;0.0;0.0;14.31;92.7;2.41;
2022-07-22 01:00:00;0.0;0.0;0.0;14.07;92.7;2.28;
2022-07-22 02:00:00;0.0;0.0;0.0;14.05;92.7;2.28;
2022-07-22 03:00:00;0.0;0.0;0.0;13.98;89.5;2.21;
2022-07-22 04:00:00;0.0;0.0;0.0;13.96;86.4;2.28;
2022-07-22 05:00:00;50.0;5.91;49.0;13.99;83.4;2.21;
2022-07-22 06:00:00;98.0;3.1;97.0;14.05;86.4;2.21;
2022-07-22 07:00:00;149.0;2.12;148.0;13.93;86.4;2.41;
2022-07-22 08:00:00;256.0;18.11;245.0;14.21;89.5;2.62;
2022-07-22 09:00:00;86.0;0.0;86.0;15.06;86.5;2.76;
2022-07-22 10:00:00;118.0;0.0;118.0;16.0;80.75;2.9;
2022-07-22 11:00:00;500.0;97.81;417.0;16.73;75.3;3.45;
2022-07-22 12:00:00;211.0;0.0;211.0;17.69;72.8;4.28;
2022-07-22 13:00:00;171.0;0.0;171.0;17.6;67.85;5.1;
2022-07-22 14:00:00;547.0;255.6;355.0;17.27;65.35;5.79;
2022-07-22 15:00:00;397.0;131.24;312.0;16.86;65.35;5.86;
2022-07-22 16:00:00;337.0;185.17;241.0;16.23;65.25;5.45;
2022-07-22 17:00:00;314.0;545.16;111.0;15.74;67.55;5.1;
2022-07-22 18:00:00;114.0;104.85;91.0;15.27;69.9;4.83;
2022-07-22 19:00:00;22.0;28.63;20.0;14.51;67.35;3.59;
2022-07-22 20:00:00;0.0;0.0;0.0;13.88;74.85;2.9;
2022-07-22 21:00:00;0.0;0.0;0.0;13.23;77.5;2.41;
2022-07-22 22:00:00;0.0;0.0;0.0;12.54;83.25;2.34;
2022-07-22 23:00:00;0.0;0.0;0.0;11.97;86.2;2.48;
2022-07-23 00:00:00;0.0;0.0;0.0;11.66;89.3;2.62;
2022-07-23 01:00:00;0.0;0.0;0.0;11.61;89.3;2.76;
2022-07-23 02:00:00;0.0;0.0;0.0;11.47;89.3;2.83;
2022-07-23 03:00:00;0.0;0.0;0.0;11.56;86.15;2.9;
2022-07-23 04:00:00;0.0;0.0;0.0;11.45;86.15;2.97;
2022-07-23 05:00:00;10.0;0.0;10.0;11.64;89.3;2.9;
2022-07-23 06:00:00;50.0;0.0;50.0;12.51;83.25;2.69;
2022-07-23 07:00:00;82.0;0.0;82.0;12.91;83.25;2.34;
2022-07-23 08:00:00;313.0;61.13;276.0;13.18;83.25;2.62;
2022-07-23 09:00:00;320.0;23.67;303.0;13.6;80.4;3.03;
2022-07-23 10:00:00;339.0;14.99;327.0;13.97;77.65;3.66;
2022-07-23 11:00:00;632.0;268.09;405.0;14.42;72.4;4.14;
2022-07-23 12:00:00;738.0;468.73;338.0;15.14;67.45;5.1;
2022-07-23 13:00:00;714.0;484.06;317.0;15.52;65.15;5.79;
2022-07-23 14:00:00;434.0;94.76;363.0;15.5;62.85;6.0;
2022-07-23 15:00:00;235.0;6.2;231.0;15.08;62.75;6.07;
2022-07-23 16:00:00;287.0;92.97;239.0;14.53;64.95;5.79;
2022-07-23 17:00:00;204.0;105.39;165.0;14.11;69.75;5.24;
2022-07-23 18:00:00;132.0;198.31;89.0;13.61;72.2;4.48;
2022-07-23 19:00:00;25.0;44.69;22.0;13.07;74.75;3.66;
2022-07-23 20:00:00;0.0;0.0;0.0;12.84;74.7;2.83;
2022-07-23 21:00:00;0.0;0.0;0.0;12.44;77.45;3.17;
2022-07-23 22:00:00;0.0;0.0;0.0;12.36;80.3;4.0;
2022-07-23 23:00:00;0.0;0.0;0.0;12.4;80.3;4.62;
2022-07-24 00:00:00;0.0;0.0;0.0;12.56;80.3;4.76;
2022-07-24 01:00:00;0.0;0.0;0.0;12.62;86.25;4.62;
2022-07-24 02:00:00;0.0;0.0;0.0;12.8;86.25;4.55;
2022-07-24 03:00:00;0.0;0.0;0.0;12.93;83.25;4.34;
2022-07-24 04:00:00;0.0;0.0;0.0;12.87;86.25;4.14;
2022-07-24 05:00:00;70.0;55.05;61.0;12.92;83.25;4.34;
2022-07-24 06:00:00;38.0;0.0;38.0;12.99;83.25;4.62;
2022-07-24 07:00:00;147.0;2.14;146.0;13.32;86.3;5.31;
2022-07-24 08:00:00;206.0;3.32;204.0;13.67;83.35;5.31;
2022-07-24 09:00:00;261.0;5.59;257.0;13.97;77.65;5.17;
2022-07-24 10:00:00;279.0;2.5;277.0;14.38;74.95;5.45;
2022-07-24 11:00:00;575.0;184.65;419.0;15.1;67.45;6.55;
2022-07-24 12:00:00;485.0;82.21;415.0;15.23;67.45;6.41;
2022-07-24 13:00:00;519.0;138.1;406.0;15.16;65.05;6.21;
2022-07-24 14:00:00;498.0;176.63;366.0;15.46;62.85;6.14;
2022-07-24 15:00:00;513.0;376.02;271.0;15.8;62.85;5.86;
2022-07-24 16:00:00;423.0;451.3;191.0;15.98;60.75;4.9;
2022-07-24 17:00:00;315.0;576.69;103.0;16.05;60.75;3.66;
2022-07-24 18:00:00;142.0;280.1;82.0;15.72;65.15;2.07;
2022-07-24 19:00:00;29.0;124.42;21.0;15.11;72.45;1.31;
2022-07-24 20:00:00;0.0;0.0;0.0;13.85;83.35;0.76;
2022-07-24 21:00:00;0.0;0.0;0.0;13.92;77.65;0.14;
2022-07-24 22:00:00;0.0;0.0;0.0;13.5;80.4;0.48;
2022-07-24 23:00:00;0.0;0.0;0.0;12.8;86.25;0.97;
2022-07-25 00:00:00;0.0;0.0;0.0;11.22;92.55;1.24;
2022-07-25 01:00:00;0.0;0.0;0.0;10.34;95.9;1.52;
2022-07-25 02:00:00;0.0;0.0;0.0;9.97;95.9;1.66;
2022-07-25 03:00:00;0.0;0.0;0.0;9.92;95.9;1.72;
2022-07-25 04:00:00;0.0;0.0;0.0;10.51;95.9;1.72;
2022-07-25 05:00:00;56.0;18.68;53.0;11.38;92.55;1.66;
2022-07-25 06:00:00;144.0;50.92;128.0;12.91;89.4;1.79;
2022-07-25 07:00:00;326.0;262.75;204.0;14.75;89.5;2.69;
2022-07-25 08:00:00;321.0;73.25;277.0;15.94;80.75;2.97;
2022-07-25 09:00:00;442.0;131.64;348.0;16.82;78.0;3.17;
2022-07-25 10:00:00;390.0;38.91;359.0;17.3;80.8;3.03;
2022-07-25 11:00:00;394.0;28.47;370.0;17.71;78.1;2.83;
2022-07-25 12:00:00;492.0;90.63;415.0;17.94;75.45;2.62;
2022-07-25 13:00:00;358.0;19.6;342.0;17.75;78.1;2.0;
2022-07-25 14:00:00;88.0;0.0;88.0;18.26;75.45;2.41;
2022-07-25 15:00:00;102.0;0.0;102.0;18.07;75.45;2.14;
2022-07-25 16:00:00;246.0;46.9;222.0;17.76;75.4;2.62;
2022-07-25 17:00:00;139.0;16.43;133.0;16.88;80.8;2.34;
2022-07-25 18:00:00;71.0;14.19;68.0;16.38;83.6;2.34;
2022-07-25 19:00:00;10.0;0.0;10.0;15.84;83.55;2.55;
2022-07-25 20:00:00;0.0;0.0;0.0;15.17;83.5;2.55;
2022-07-25 21:00:00;0.0;0.0;0.0;14.73;86.45;2.41;
2022-07-25 22:00:00;0.0;0.0;0.0;14.37;86.4;2.07;
2022-07-25 23:00:00;0.0;0.0;0.0;14.08;86.4;1.59;
2022-07-26 00:00:00;0.0;0.0;0.0;13.77;86.35;1.38;
2022-07-26 01:00:00;0.0;0.0;0.0;13.43;86.35;1.52;
2022-07-26 02:00:00;0.0;0.0;0.0;13.3;89.4;1.59;
2022-07-26 03:00:00;0.0;0.0;0.0;13.37;83.35;1.79;
2022-07-26 04:00:00;0.0;0.0;0.0;13.55;83.35;1.86;
2022-07-26 05:00:00;10.0;0.0;10.0;13.74;86.35;2.0;
2022-07-26 06:00:00;80.0;0.0;80.0;13.98;83.4;1.86;
2022-07-26 07:00:00;96.0;0.0;96.0;14.41;83.45;1.72;
2022-07-26 08:00:00;93.0;0.0;93.0;14.79;86.45;1.86;
2022-07-26 09:00:00;105.0;0.0;105.0;15.05;83.5;2.0;
2022-07-26 10:00:00;104.0;0.0;104.0;15.27;83.5;2.48;
2022-07-26 11:00:00;147.0;0.0;147.0;15.86;77.85;3.17;
2022-07-26 12:00:00;203.0;0.0;203.0;16.26;75.25;2.97;
2022-07-26 13:00:00;107.0;0.0;107.0;16.41;72.7;3.1;
2022-07-26 14:00:00;127.0;0.0;127.0;16.5;72.7;3.59;
2022-07-26 15:00:00;117.0;0.0;117.0;16.66;72.7;3.59;
2022-07-26 16:00:00;108.0;0.0;108.0;16.83;72.7;3.38;
2022-07-26 17:00:00;75.0;0.0;75.0;16.65;75.3;2.9;
2022-07-26 18:00:00;45.0;0.0;45.0;16.37;77.95;2.48;
2022-07-26 19:00:00;5.0;0.0;5.0;15.57;80.65;2.41;
2022-07-26 20:00:00;0.0;0.0;0.0;15.16;83.5;2.0;
2022-07-26 21:00:00;0.0;0.0;0.0;14.89;83.5;1.66;
2022-07-26 22:00:00;0.0;0.0;0.0;14.62;86.45;1.66;
2022-07-26 23:00:00;0.0;0.0;0.0;14.37;89.5;1.79;
2022-07-27 00:00:00;0.0;0.0;0.0;14.18;89.5;1.86;
2022-07-27 01:00:00;0.0;0.0;0.0;14.11;89.5;1.79;
2022-07-27 02:00:00;0.0;0.0;0.0;14.02;89.5;1.79;
2022-07-27 03:00:00;0.0;0.0;0.0;13.96;86.4;1.72;
2022-07-27 04:00:00;0.0;0.0;0.0;13.87;89.45;1.59;
2022-07-27 05:00:00;57.0;32.33;52.0;13.92;86.4;1.38;
2022-07-27 06:00:00;75.0;0.0;75.0;14.32;89.5;1.24;
2022-07-27 07:00:00;143.0;2.18;142.0;15.13;86.5;1.59;
2022-07-27 08:00:00;152.0;0.0;152.0;15.44;83.55;1.45;
2022-07-27 09:00:00;287.0;12.68;278.0;15.96;80.75;1.38;
2022-07-27 10:00:00;188.0;0.0;188.0;16.3;80.75;1.24;
2022-07-27 11:00:00;205.0;0.0;205.0;16.77;80.8;0.97;
2022-07-27 12:00:00;314.0;4.73;310.0;17.22;83.65;0.62;
2022-07-27 13:00:00;273.0;1.23;272.0;18.0;78.15;0.14;
2022-07-27 14:00:00;135.0;0.0;135.0;18.56;75.55;0.62;
2022-07-27 15:00:00;76.0;0.0;76.0;18.89;72.95;1.38;
2022-07-27 16:00:00;195.0;11.84;189.0;18.68;72.95;1.93;
2022-07-27 17:00:00;155.0;33.35;143.0;18.59;72.95;1.93;
2022-07-27 18:00:00;112.0;136.09;84.0;18.12;78.15;1.1;
2022-07-27 19:00:00;23.0;108.65;17.0;17.34;83.65;0.83;
2022-07-27 20:00:00;0.0;0.0;0.0;16.47;83.65;1.59;
2022-07-27 21:00:00;0.0;0.0;0.0;15.75;89.6;1.72;
2022-07-27 22:00:00;0.0;0.0;0.0;15.4;89.6;1.72;
2022-07-27 23:00:00;0.0;0.0;0.0;14.95;89.55;1.72;
2022-07-28 00:00:00;0.0;0.0;0.0;14.51;92.7;1.66;
2022-07-28 01:00:00;0.0;0.0;0.0;14.24;96.0;1.79;
2022-07-28 02:00:00;0.0;0.0;0.0;13.97;96.0;1.86;
2022-07-28 03:00:00;0.0;0.0;0.0;13.89;96.0;1.86;
2022-07-28 04:00:00;0.0;0.0;0.0;14.0;96.0;1.79;
2022-07-28 05:00:00;24.0;0.0;24.0;14.27;96.0;1.79;
2022-07-28 06:00:00;86.0;3.27;85.0;15.34;96.0;2.48;
2022-07-28 07:00:00;215.0;48.18;193.0;16.53;89.65;3.24;
2022-07-28 08:00:00;111.0;0.0;111.0;17.53;86.65;3.31;
2022-07-28 09:00:00;242.0;2.83;240.0;18.23;86.7;3.1;
2022-07-28 10:00:00;145.0;0.0;145.0;19.13;81.05;2.97;
2022-07-28 11:00:00;386.0;27.49;363.0;19.78;81.1;3.03;
2022-07-28 12:00:00;596.0;225.27;406.0;20.46;75.85;3.24;
2022-07-28 13:00:00;388.0;35.8;359.0;20.05;75.75;3.59;
2022-07-28 14:00:00;593.0;385.8;308.0;20.25;75.75;3.93;
2022-07-28 15:00:00;360.0;97.73;298.0;19.78;78.35;4.28;
2022-07-28 16:00:00;312.0;156.68;233.0;19.61;78.35;4.55;
2022-07-28 17:00:00;211.0;151.28;157.0;19.23;83.85;4.28;
2022-07-28 18:00:00;108.0;128.25;82.0;18.71;83.8;3.45;
2022-07-28 19:00:00;16.0;38.46;14.0;17.68;89.7;3.24;
2022-07-28 20:00:00;0.0;0.0;0.0;16.91;89.65;3.03;
2022-07-28 21:00:00;0.0;0.0;0.0;16.5;89.65;2.9;
2022-07-28 22:00:00;0.0;0.0;0.0;16.11;92.8;2.76;
2022-07-28 23:00:00;0.0;0.0;0.0;15.89;92.75;2.69;
2022-07-29 00:00:00;0.0;0.0;0.0;15.62;92.75;2.62;
2022-07-29 01:00:00;0.0;0.0;0.0;15.12;92.75;2.48;
2022-07-29 02:00:00;0.0;0.0;0.0;14.72;92.7;2.41;
2022-07-29 03:00:00;0.0;0.0;0.0;14.35;96.0;2.41;
2022-07-29 04:00:00;0.0;0.0;0.0;13.92;92.7;2.48;
2022-07-29 05:00:00;61.0;47.13;54.0;13.99;92.7;2.41;
2022-07-29 06:00:00;153.0;79.21;129.0;14.67;89.5;3.79;
2022-07-29 07:00:00;204.0;35.25;188.0;15.53;83.55;3.59;
2022-07-29 08:00:00;137.0;0.0;137.0;16.18;80.75;3.45;
2022-07-29 09:00:00;232.0;1.42;231.0;17.2;75.3;3.31;
2022-07-29 10:00:00;157.0;0.0;157.0;18.21;67.95;3.52;
2022-07-29 11:00:00;196.0;0.0;196.0;18.55;65.65;4.07;
2022-07-29 12:00:00;156.0;0.0;156.0;18.66;68.05;4.28;
2022-07-29 13:00:00;282.0;2.48;280.0;18.72;68.05;4.41;
2022-07-29 14:00:00;205.0;0.0;205.0;18.61;68.05;4.55;
2022-07-29 15:00:00;191.0;0.0;191.0;18.2;67.95;4.62;
2022-07-29 16:00:00;220.0;27.92;206.0;17.81;67.85;4.62;
2022-07-29 17:00:00;102.0;0.0;102.0;17.08;67.75;4.69;
2022-07-29 18:00:00;38.0;0.0;38.0;16.26;70.1;4.28;
2022-07-29 19:00:00;5.0;0.0;5.0;15.48;72.55;3.79;
2022-07-29 20:00:00;0.0;0.0;0.0;14.71;75.0;3.31;
2022-07-29 21:00:00;0.0;0.0;0.0;14.31;77.65;2.83;
2022-07-29 22:00:00;0.0;0.0;0.0;13.93;77.65;2.41;
2022-07-29 23:00:00;0.0;0.0;0.0;13.84;80.4;2.21;
2022-07-30 00:00:00;0.0;0.0;0.0;13.5;83.35;2.07;
2022-07-30 01:00:00;0.0;0.0;0.0;13.49;83.35;2.14;
2022-07-30 02:00:00;0.0;0.0;0.0;13.55;83.35;2.21;
2022-07-30 03:00:00;0.0;0.0;0.0;13.5;80.4;2.34;
2022-07-30 04:00:00;0.0;0.0;0.0;13.62;80.4;2.34;
2022-07-30 05:00:00;34.0;0.0;34.0;13.78;83.35;2.07;
2022-07-30 06:00:00;123.0;29.99;114.0;14.11;80.45;2.14;
2022-07-30 07:00:00;182.0;17.73;174.0;14.19;80.45;2.9;
2022-07-30 08:00:00;167.0;0.0;167.0;14.4;77.75;3.31;
2022-07-30 09:00:00;133.0;0.0;133.0;15.12;72.45;4.0;
2022-07-30 10:00:00;126.0;0.0;126.0;15.66;70.0;4.41;
2022-07-30 11:00:00;127.0;0.0;127.0;15.88;70.0;4.34;
2022-07-30 12:00:00;138.0;0.0;138.0;16.23;67.65;4.41;
2022-07-30 13:00:00;141.0;0.0;141.0;16.39;65.25;4.07;
2022-07-30 14:00:00;158.0;0.0;158.0;16.57;60.85;3.86;
2022-07-30 15:00:00;165.0;0.0;165.0;16.24;62.95;3.79;
2022-07-30 16:00:00;222.0;30.08;207.0;15.83;65.15;3.72;
2022-07-30 17:00:00;105.0;2.85;104.0;15.68;65.15;3.72;
2022-07-30 18:00:00;50.0;0.0;50.0;15.35;67.45;3.17;
2022-07-30 19:00:00;5.0;0.0;5.0;14.59;72.4;2.62;
2022-07-30 20:00:00;0.0;0.0;0.0;14.14;74.95;2.0;
2022-07-30 21:00:00;0.0;0.0;0.0;13.53;80.4;1.59;
2022-07-30 22:00:00;0.0;0.0;0.0;12.82;86.25;1.45;
2022-07-30 23:00:00;0.0;0.0;0.0;12.15;89.35;1.52;
2022-07-31 00:00:00;0.0;0.0;0.0;11.66;92.55;1.59;
2022-07-31 01:00:00;0.0;0.0;0.0;11.1;92.55;1.59;
2022-07-31 02:00:00;0.0;0.0;0.0;10.87;92.55;1.52;
2022-07-31 03:00:00;0.0;0.0;0.0;10.92;92.55;1.38;
2022-07-31 04:00:00;0.0;0.0;0.0;10.78;95.9;1.45;
2022-07-31 05:00:00;45.0;14.06;43.0;10.78;95.9;1.45;
2022-07-31 06:00:00;103.0;10.1;100.0;12.55;86.25;1.17;
2022-07-31 07:00:00;215.0;46.83;194.0;14.32;80.45;1.24;
2022-07-31 08:00:00;196.0;1.71;195.0;15.25;69.9;1.45;
2022-07-31 09:00:00;318.0;25.71;300.0;15.94;60.75;1.24;
2022-07-31 10:00:00;228.0;0.0;228.0;16.13;60.75;1.03;
2022-07-31 11:00:00;423.0;45.78;385.0;16.82;60.85;1.17;
2022-07-31 12:00:00;459.0;65.73;404.0;17.14;60.85;1.31;
2022-07-31 13:00:00;399.0;39.85;367.0;17.59;58.8;1.31;
2022-07-31 14:00:00;492.0;179.1;361.0;17.84;60.95;1.24;
2022-07-31 15:00:00;491.0;346.29;274.0;18.09;58.9;1.1;
2022-07-31 16:00:00;397.0;399.32;199.0;16.98;66.93;0.91;
2022-07-31 17:00:00;278.0;442.57;124.0;16.52;68.59;1.01;
2022-07-31 18:00:00;141.0;388.45;66.0;16.06;70.26;1.12;
2022-07-31 19:00:00;14.0;47.93;12.0;15.6;71.92;1.22;
2022-07-31 20:00:00;0.0;0.0;0.0;15.14;73.58;1.33;
2022-07-31 21:00:00;0.0;0.0;0.0;14.68;75.24;1.43;
2022-07-31 22:00:00;0.0;0.0;0.0;14.23;76.91;1.54;
2022-07-31 23:00:00;0.0;0.0;0.0;13.77;78.57;1.64;
2022-08-01 00:00:00;0.0;0.0;0.0;13.31;80.23;1.75;
2022-08-01 01:00:00;0.0;0.0;0.0;12.85;81.89;1.85;
2022-08-01 02:00:00;0.0;0.0;0.0;12.39;83.56;1.96;
2022-08-01 03:00:00;0.0;0.0;0.0;11.93;85.22;2.06;
2022-08-01 04:00:00;0.0;0.0;0.0;11.47;86.88;2.17;
2022-08-01 05:00:00;94.0;345.35;46.0;11.02;88.54;2.27;
2022-08-01 06:00:00;239.0;510.03;89.0;10.56;90.21;2.37;
2022-08-01 07:00:00;402.0;646.24;114.0;10.1;91.87;2.48;
2022-08-01 08:00:00;559.0;735.44;130.0;16.37;70.1;2.07;
2022-08-01 09:00:00;683.0;763.91;150.0;17.97;63.3;2.14;
2022-08-01 10:00:00;714.0;585.1;257.0;19.25;55.05;2.41;
2022-08-01 11:00:00;816.0;751.53;194.0;20.07;49.7;2.83;
2022-08-01 12:00:00;812.0;715.55;215.0;20.69;49.8;3.1;
2022-08-01 13:00:00;731.0;578.3;268.0;21.14;49.95;3.31;
2022-08-01 14:00:00;708.0;732.67;174.0;21.47;49.95;3.31;
2022-08-01 15:00:00;596.0;719.7;147.0;21.71;50.05;3.24;
2022-08-01 16:00:00;458.0;687.8;119.0;21.75;50.05;3.03;
2022-08-01 17:00:00;269.0;414.76;126.0;21.55;53.75;2.48;
2022-08-01 18:00:00;89.0;73.81;75.0;20.8;63.8;1.72;
2022-08-01 19:00:00;8.0;0.0;8.0;19.73;68.2;1.72;
2022-08-01 20:00:00;0.0;0.0;0.0;17.75;75.4;2.07;
2022-08-01 21:00:00;0.0;0.0;0.0;16.3;80.75;2.07;
2022-08-01 22:00:00;0.0;0.0;0.0;15.4;86.5;2.14;
2022-08-01 23:00:00;0.0;0.0;0.0;14.67;89.5;2.07;
2022-08-02 00:00:00;0.0;0.0;0.0;13.93;89.5;1.86;
2022-08-02 01:00:00;0.0;0.0;0.0;13.3;92.65;1.72;
2022-08-02 02:00:00;0.0;0.0;0.0;12.84;95.95;1.66;
2022-08-02 03:00:00;0.0;0.0;0.0;12.69;95.95;2.07;
2022-08-02 04:00:00;0.0;0.0;0.0;13.2;92.65;2.28;
2022-08-02 05:00:00;8.0;0.0;8.0;13.52;92.65;2.28;
2022-08-02 06:00:00;64.0;0.0;64.0;15.06;89.55;2.48;
2022-08-02 07:00:00;65.0;0.0;65.0;17.17;86.6;2.9;
2022-08-02 08:00:00;102.0;0.0;102.0;18.79;78.25;3.59;
2022-08-02 09:00:00;147.0;0.0;147.0;19.66;70.65;3.72;
2022-08-02 10:00:00;527.0;188.8;380.0;20.33;65.95;3.86;
2022-08-02 11:00:00;778.0;653.14;239.0;20.57;61.6;4.07;
2022-08-02 12:00:00;570.0;193.54;409.0;20.72;59.5;4.41;
2022-08-02 13:00:00;443.0;76.43;382.0;20.69;61.6;4.55;
2022-08-02 14:00:00;572.0;352.54;316.0;20.44;63.7;4.69;
2022-08-02 15:00:00;545.0;542.65;208.0;19.82;68.2;4.34;
2022-08-02 16:00:00;293.0;134.74;227.0;19.31;70.55;3.93;
2022-08-02 17:00:00;141.0;26.35;132.0;18.68;72.95;3.31;
2022-08-02 18:00:00;99.0;128.92;75.0;17.96;75.45;2.62;
2022-08-02 19:00:00;2.0;0.0;2.0;17.24;80.8;2.21;
2022-08-02 20:00:00;0.0;0.0;0.0;16.52;80.8;1.86;
2022-08-02 21:00:00;0.0;0.0;0.0;15.96;86.55;1.86;
2022-08-02 22:00:00;0.0;0.0;0.0;15.49;89.6;1.79;
2022-08-02 23:00:00;0.0;0.0;0.0;15.18;89.55;1.59;
2022-08-03 00:00:00;0.0;0.0;0.0;14.67;92.7;1.52;
2022-08-03 01:00:00;0.0;0.0;0.0;14.41;92.7;1.66;
2022-08-03 02:00:00;0.0;0.0;0.0;13.98;92.7;1.79;
2022-08-03 03:00:00;0.0;0.0;0.0;13.71;92.65;1.66;
2022-08-03 04:00:00;0.0;0.0;0.0;13.13;92.65;1.59;
2022-08-03 05:00:00;9.0;0.0;9.0;13.58;89.45;1.1;
2022-08-03 06:00:00;241.0;555.59;81.0;15.17;83.5;0.28;
2022-08-03 07:00:00;391.0;625.07;116.0;16.59;78.0;0.69;
2022-08-03 08:00:00;540.0;690.35;141.0;17.7;72.8;0.83;
2022-08-03 09:00:00;602.0;511.09;248.0;18.67;63.4;1.03;
2022-08-03 10:00:00;632.0;389.11;330.0;19.3;61.3;1.03;
2022-08-03 11:00:00;395.0;34.03;367.0;20.04;55.3;1.31;
2022-08-03 12:00:00;600.0;239.94;401.0;20.63;51.65;1.52;
2022-08-03 13:00:00;584.0;258.96;378.0;20.93;51.65;1.52;
2022-08-03 14:00:00;567.0;344.2;318.0;21.4;49.95;1.66;
2022-08-03 15:00:00;440.0;249.16;286.0;21.41;51.75;1.72;
2022-08-03 16:00:00;307.0;168.49;225.0;21.38;53.6;1.52;
2022-08-03 17:00:00;248.0;343.08;132.0;21.12;53.6;1.1;
2022-08-03 18:00:00;107.0;186.24;73.0;20.62;61.6;0.62;
2022-08-03 19:00:00;8.0;0.0;8.0;19.47;70.65;1.1;
2022-08-03 20:00:00;0.0;0.0;0.0;17.25;80.8;1.72;
2022-08-03 21:00:00;0.0;0.0;0.0;15.98;77.95;2.14;
2022-08-03 22:00:00;0.0;0.0;0.0;15.3;80.6;2.34;
2022-08-03 23:00:00;0.0;0.0;0.0;14.79;83.45;2.41;
2022-08-04 00:00:00;0.0;0.0;0.0;14.42;83.45;2.48;
2022-08-04 01:00:00;0.0;0.0;0.0;14.23;86.4;2.41;
2022-08-04 02:00:00;0.0;0.0;0.0;14.17;89.5;2.41;
2022-08-04 03:00:00;0.0;0.0;0.0;14.02;89.5;2.34;
2022-08-04 04:00:00;0.0;0.0;0.0;13.81;92.65;2.34;
2022-08-04 05:00:00;81.0;278.9;45.0;13.87;92.65;2.28;
2022-08-04 06:00:00;224.0;463.38;92.0;15.16;89.55;2.07;
2022-08-04 07:00:00;383.0;599.49;121.0;17.37;83.65;2.48;
2022-08-04 08:00:00;536.0;688.42;140.0;19.2;73.05;2.76;
2022-08-04 09:00:00;677.0;776.78;141.0;20.81;68.4;2.9;
2022-08-04 10:00:00;775.0;810.5;148.0;22.02;59.8;3.03;
2022-08-04 11:00:00;839.0;849.75;142.0;22.93;57.9;3.1;
2022-08-04 12:00:00;852.0;863.57;138.0;23.62;54.2;2.97;
2022-08-04 13:00:00;789.0;793.38;160.0;24.13;54.35;2.9;
2022-08-04 14:00:00;714.0;789.63;145.0;24.56;52.6;2.69;
2022-08-04 15:00:00;592.0;744.63;134.0;24.83;52.6;2.48;
2022-08-04 16:00:00;441.0;664.01;120.0;24.82;52.6;2.21;
2022-08-04 17:00:00;287.0;582.7;92.0;24.61;54.45;1.86;
2022-08-04 18:00:00;118.0;290.73;66.0;23.91;62.25;1.52;
2022-08-04 19:00:00;5.0;0.0;5.0;22.62;64.2;2.0;
2022-08-04 20:00:00;0.0;0.0;0.0;20.71;73.3;2.34;
2022-08-04 21:00:00;0.0;0.0;0.0;19.5;75.7;2.48;
2022-08-04 22:00:00;0.0;0.0;0.0;18.67;78.25;2.55;
2022-08-04 23:00:00;0.0;0.0;0.0;18.02;80.9;2.62;
2022-08-05 00:00:00;0.0;0.0;0.0;17.46;80.85;2.55;
2022-08-05 01:00:00;0.0;0.0;0.0;16.93;83.65;2.48;
2022-08-05 02:00:00;0.0;0.0;0.0;16.44;83.65;2.62;
2022-08-05 03:00:00;0.0;0.0;0.0;16.16;86.55;2.76;
2022-08-05 04:00:00;0.0;0.0;0.0;15.98;86.55;2.83;
2022-08-05 05:00:00;80.0;294.36;43.0;16.07;86.55;2.97;
2022-08-05 06:00:00;224.0;479.22;89.0;17.26;83.65;2.9;
2022-08-05 07:00:00;383.0;605.87;120.0;19.53;75.7;2.97;
2022-08-05 08:00:00;546.0;730.19;128.0;21.33;68.5;3.52;
2022-08-05 09:00:00;679.0;782.7;141.0;22.88;62.05;3.86;
2022-08-05 10:00:00;777.0;815.82;148.0;24.26;56.25;4.07;
2022-08-05 11:00:00;837.0;845.09;146.0;25.47;54.55;4.28;
2022-08-05 12:00:00;854.0;869.98;137.0;26.46;52.95;4.48;
2022-08-05 13:00:00;796.0;812.6;154.0;27.22;49.7;4.76;
2022-08-05 14:00:00;715.0;797.01;143.0;27.7;51.45;4.97;
2022-08-05 15:00:00;599.0;771.29;127.0;27.9;51.45;5.03;
2022-08-05 16:00:00;446.0;689.44;115.0;27.72;53.2;4.62;
2022-08-05 17:00:00;290.0;613.14;87.0;27.16;56.95;4.0;
2022-08-05 18:00:00;121.0;342.72;61.0;26.08;60.7;3.59;
2022-08-05 19:00:00;4.0;0.0;4.0;24.5;62.45;3.45;
2022-08-05 20:00:00;0.0;0.0;0.0;23.29;66.55;3.72;
2022-08-05 21:00:00;0.0;0.0;0.0;22.55;66.45;3.79;
2022-08-05 22:00:00;0.0;0.0;0.0;21.97;68.6;3.72;
2022-08-05 23:00:00;0.0;0.0;0.0;21.41;70.9;3.52;
2022-08-06 00:00:00;0.0;0.0;0.0;20.87;73.3;3.31;
2022-08-06 01:00:00;0.0;0.0;0.0;20.35;75.75;3.1;
2022-08-06 02:00:00;0.0;0.0;0.0;19.87;78.35;2.9;
2022-08-06 03:00:00;0.0;0.0;0.0;19.33;81.05;2.83;
2022-08-06 04:00:00;0.0;0.0;0.0;18.94;83.8;2.83;
2022-08-06 05:00:00;77.0;294.41;41.0;18.87;83.8;2.76;
2022-08-06 06:00:00;199.0;348.27;102.0;19.64;81.1;2.41;
2022-08-06 07:00:00;181.0;27.84;169.0;21.42;78.55;3.1;
2022-08-06 08:00:00;293.0;64.95;256.0;22.05;73.55;4.0;
2022-08-06 09:00:00;392.0;99.32;324.0;22.14;71.05;4.0;
2022-08-06 10:00:00;465.0;121.04;372.0;21.87;73.45;3.86;
2022-08-06 11:00:00;164.0;0.0;164.0;21.66;73.45;3.24;
2022-08-06 12:00:00;135.0;0.0;135.0;20.72;78.5;2.9;
2022-08-06 13:00:00;89.0;0.0;89.0;19.94;86.85;3.31;
2022-08-06 14:00:00;85.0;0.0;85.0;19.66;83.9;3.17;
2022-08-06 15:00:00;196.0;1.64;195.0;19.82;83.9;2.9;
2022-08-06 16:00:00;44.0;0.0;44.0;20.03;81.15;2.9;
2022-08-06 17:00:00;24.0;0.0;24.0;19.91;83.9;3.1;
2022-08-06 18:00:00;11.0;0.0;11.0;19.37;83.85;2.83;
2022-08-06 19:00:00;0.0;0.0;0.0;18.57;83.8;2.41;
2022-08-06 20:00:00;0.0;0.0;0.0;17.98;83.75;2.41;
2022-08-06 21:00:00;0.0;0.0;0.0;17.28;86.6;2.41;
2022-08-06 22:00:00;0.0;0.0;0.0;16.68;83.65;2.48;
2022-08-06 23:00:00;0.0;0.0;0.0;15.98;86.55;2.69;
2022-08-07 00:00:00;0.0;0.0;0.0;15.21;89.55;2.69;
2022-08-07 01:00:00;0.0;0.0;0.0;14.76;92.7;2.55;
2022-08-07 02:00:00;0.0;0.0;0.0;14.35;96.0;2.55;
2022-08-07 03:00:00;0.0;0.0;0.0;13.94;92.7;2.55;
2022-08-07 04:00:00;0.0;0.0;0.0;13.78;95.95;2.62;
2022-08-07 05:00:00;9.0;0.0;9.0;13.77;95.95;2.62;
2022-08-07 06:00:00;234.0;573.94;76.0;14.47;92.7;2.69;
2022-08-07 07:00:00;397.0;691.46;101.0;16.06;86.55;3.17;
2022-08-07 08:00:00;476.0;469.33;210.0;17.42;86.6;2.9;
2022-08-07 09:00:00;593.0;503.0;250.0;18.48;78.25;2.83;
2022-08-07 10:00:00;245.0;1.31;244.0;19.54;68.2;2.76;
2022-08-07 11:00:00;431.0;57.86;384.0;19.79;65.85;2.83;
2022-08-07 12:00:00;387.0;30.54;362.0;20.16;61.5;2.97;
2022-08-07 13:00:00;446.0;84.15;380.0;20.04;61.5;3.17;
2022-08-07 14:00:00;535.0;288.07;330.0;19.98;65.95;3.45;
2022-08-07 15:00:00;338.0;87.53;285.0;19.35;68.1;3.45;
2022-08-07 16:00:00;314.0;202.89;218.0;19.37;68.1;3.17;
2022-08-07 17:00:00;241.0;358.38;125.0;19.0;68.1;2.34;
2022-08-07 18:00:00;105.0;245.2;64.0;18.68;72.95;2.0;
2022-08-07 19:00:00;0.0;0.0;0.0;18.13;78.15;2.0;
2022-08-07 20:00:00;0.0;0.0;0.0;17.25;83.65;2.07;
2022-08-07 21:00:00;0.0;0.0;0.0;16.62;83.65;2.34;
2022-08-07 22:00:00;0.0;0.0;0.0;16.33;86.55;2.55;
2022-08-07 23:00:00;0.0;0.0;0.0;16.01;86.55;2.69;
2022-08-08 00:00:00;0.0;0.0;0.0;15.68;89.6;2.69;
2022-08-08 01:00:00;0.0;0.0;0.0;15.59;89.6;2.55;
2022-08-08 02:00:00;0.0;0.0;0.0;15.43;89.6;2.48;
2022-08-08 03:00:00;0.0;0.0;0.0;15.16;89.55;2.48;
2022-08-08 04:00:00;0.0;0.0;0.0;15.11;86.5;2.41;
2022-08-08 05:00:00;56.0;112.72;43.0;15.06;86.5;2.34;
2022-08-08 06:00:00;168.0;194.83;115.0;15.31;86.5;2.28;
2022-08-08 07:00:00;77.0;0.0;77.0;15.6;86.5;2.76;
2022-08-08 08:00:00;85.0;0.0;85.0;16.19;80.75;3.86;
2022-08-08 09:00:00;182.0;0.0;182.0;16.62;80.8;3.66;
2022-08-08 10:00:00;172.0;0.0;172.0;17.35;78.0;3.79;
2022-08-08 11:00:00;341.0;14.82;329.0;17.83;67.85;4.14;
2022-08-08 12:00:00;163.0;0.0;163.0;18.14;63.3;4.55;
2022-08-08 13:00:00;262.0;1.28;261.0;18.0;63.3;4.55;
2022-08-08 14:00:00;382.0;69.16;333.0;18.16;65.55;4.83;
2022-08-08 15:00:00;381.0;156.11;287.0;17.68;67.85;4.76;
2022-08-08 16:00:00;245.0;74.54;210.0;17.07;67.75;4.62;
2022-08-08 17:00:00;153.0;62.53;133.0;16.64;67.75;4.62;
2022-08-08 18:00:00;49.0;6.13;48.0;16.0;70.1;4.48;
2022-08-08 19:00:00;0.0;0.0;0.0;15.31;75.1;3.38;
2022-08-08 20:00:00;0.0;0.0;0.0;14.92;75.1;3.45;
2022-08-08 21:00:00;0.0;0.0;0.0;14.52;75.0;3.24;
2022-08-08 22:00:00;0.0;0.0;0.0;14.33;77.65;2.9;
2022-08-08 23:00:00;0.0;0.0;0.0;14.22;77.65;2.76;
2022-08-09 00:00:00;0.0;0.0;0.0;14.19;77.65;2.76;
2022-08-09 01:00:00;0.0;0.0;0.0;14.33;77.65;2.97;
2022-08-09 02:00:00;0.0;0.0;0.0;14.32;77.65;3.17;
2022-08-09 03:00:00;0.0;0.0;0.0;14.37;77.65;3.31;
2022-08-09 04:00:00;0.0;0.0;0.0;14.48;77.75;3.52;
2022-08-09 05:00:00;56.0;134.16;41.0;14.6;77.75;3.59;
2022-08-09 06:00:00;54.0;0.0;54.0;14.92;75.1;3.66;
2022-08-09 07:00:00;42.0;0.0;42.0;14.94;80.6;3.79;
2022-08-09 08:00:00;89.0;0.0;89.0;15.13;80.6;4.0;
2022-08-09 09:00:00;102.0;0.0;102.0;15.2;83.5;4.14;
2022-08-09 10:00:00;115.0;0.0;115.0;15.18;86.5;4.34;
2022-08-09 11:00:00;123.0;0.0;123.0;15.35;89.55;4.34;
2022-08-09 12:00:00;112.0;0.0;112.0;15.51;86.5;4.55;
2022-08-09 13:00:00;99.0;0.0;99.0;15.65;86.5;4.83;
2022-08-09 14:00:00;98.0;0.0;98.0;15.75;89.6;5.17;
2022-08-09 15:00:00;73.0;0.0;73.0;16.15;86.55;5.45;
2022-08-09 16:00:00;57.0;0.0;57.0;16.23;83.6;5.59;
2022-08-09 17:00:00;76.0;0.0;76.0;16.2;83.6;5.38;
2022-08-09 18:00:00;86.0;144.66;63.0;15.99;83.6;5.38;
2022-08-09 19:00:00;0.0;0.0;0.0;15.63;86.5;4.83;
2022-08-09 20:00:00;0.0;0.0;0.0;15.4;89.55;4.55;
2022-08-09 21:00:00;0.0;0.0;0.0;15.28;89.55;4.34;
2022-08-09 22:00:00;0.0;0.0;0.0;15.17;89.55;4.28;
2022-08-09 23:00:00;0.0;0.0;0.0;15.16;89.55;4.28;
2022-08-10 00:00:00;0.0;0.0;0.0;15.16;89.55;4.41;
2022-08-10 01:00:00;0.0;0.0;0.0;15.27;89.55;4.48;
2022-08-10 02:00:00;0.0;0.0;0.0;15.35;89.55;4.55;
2022-08-10 03:00:00;0.0;0.0;0.0;15.35;89.55;4.69;
2022-08-10 04:00:00;0.0;0.0;0.0;15.37;89.55;4.83;
2022-08-10 05:00:00;15.0;0.0;15.0;15.43;86.5;4.62;
2022-08-10 06:00:00;44.0;0.0;44.0;15.65;86.5;4.28;
2022-08-10 07:00:00;297.0;296.09;173.0;15.7;89.6;3.72;
2022-08-10 08:00:00;371.0;206.11;256.0;16.47;83.65;5.1;
2022-08-10 09:00:00;508.0;316.31;295.0;17.21;83.65;4.83;
2022-08-10 10:00:00;538.0;240.34;356.0;17.92;80.85;4.83;
2022-08-10 11:00:00;420.0;58.47;373.0;18.37;78.15;4.9;
2022-08-10 12:00:00;436.0;67.9;381.0;18.69;75.55;4.97;
2022-08-10 13:00:00;422.0;73.53;365.0;19.18;75.65;4.83;
2022-08-10 14:00:00;436.0;141.04;337.0;19.38;75.65;4.62;
2022-08-10 15:00:00;410.0;231.87;272.0;19.3;75.65;4.41;
2022-08-10 16:00:00;260.0;110.36;209.0;18.95;73.05;4.41;
2022-08-10 17:00:00;148.0;64.12;128.0;18.2;78.15;4.28;
2022-08-10 18:00:00;58.0;32.31;53.0;17.47;78.1;3.86;
2022-08-10 19:00:00;0.0;0.0;0.0;16.67;80.8;3.24;
2022-08-10 20:00:00;0.0;0.0;0.0;15.94;83.6;3.1;
2022-08-10 21:00:00;0.0;0.0;0.0;15.2;86.5;2.69;
2022-08-10 22:00:00;0.0;0.0;0.0;14.58;89.5;2.28;
2022-08-10 23:00:00;0.0;0.0;0.0;13.96;92.7;2.0;
2022-08-11 00:00:00;0.0;0.0;0.0;13.34;95.95;1.93;
2022-08-11 01:00:00;0.0;0.0;0.0;12.82;95.95;1.93;
2022-08-11 02:00:00;0.0;0.0;0.0;12.17;99.4;1.72;
2022-08-11 03:00:00;0.0;0.0;0.0;11.63;99.4;1.45;
2022-08-11 04:00:00;0.0;0.0;0.0;11.74;99.4;1.24;
2022-08-11 05:00:00;42.0;57.33;36.0;11.81;99.4;1.17;
2022-08-11 06:00:00;177.0;270.95;106.0;13.0;95.95;0.9;
2022-08-11 07:00:00;312.0;344.06;169.0;14.52;83.45;2.34;
2022-08-11 08:00:00;431.0;355.0;234.0;15.01;80.6;2.34;
2022-08-11 09:00:00;592.0;533.95;234.0;15.54;77.85;2.21;
2022-08-11 10:00:00;748.0;774.15;164.0;16.65;72.7;2.07;
2022-08-11 11:00:00;811.0;820.3;154.0;17.87;67.85;1.86;
2022-08-11 12:00:00;836.0;867.47;136.0;18.91;63.4;1.52;
2022-08-11 13:00:00;782.0;821.21;148.0;19.64;61.4;1.31;
2022-08-11 14:00:00;699.0;803.08;138.0;20.11;59.35;1.24;
2022-08-11 15:00:00;581.0;775.95;122.0;20.36;59.35;1.24;
2022-08-11 16:00:00;419.0;661.21;116.0;20.33;59.35;1.31;
2022-08-11 17:00:00;261.0;562.07;88.0;20.1;59.35;1.31;
2022-08-11 18:00:00;98.0;285.88;55.0;19.58;65.85;1.17;
2022-08-11 19:00:00;0.0;0.0;0.0;18.41;75.45;1.79;
2022-08-11 20:00:00;0.0;0.0;0.0;16.86;80.8;1.93;
2022-08-11 21:00:00;0.0;0.0;0.0;15.56;86.5;1.86;
2022-08-11 22:00:00;0.0;0.0;0.0;14.34;92.7;1.79;
2022-08-11 23:00:00;0.0;0.0;0.0;13.42;92.65;1.72;
2022-08-12 00:00:00;0.0;0.0;0.0;12.71;95.95;1.79;
2022-08-12 01:00:00;0.0;0.0;0.0;12.13;95.95;1.86;
2022-08-12 02:00:00;0.0;0.0;0.0;11.6;95.9;1.93;
2022-08-12 03:00:00;0.0;0.0;0.0;11.23;99.35;2.0;
2022-08-12 04:00:00;0.0;0.0;0.0;11.0;95.9;2.0;
2022-08-12 05:00:00;31.0;19.79;29.0;11.11;95.9;2.0;
2022-08-12 06:00:00;98.0;23.2;92.0;12.92;92.65;1.66;
2022-08-12 07:00:00;252.0;160.03;186.0;15.83;86.5;1.66;
2022-08-12 08:00:00;227.0;18.12;217.0;17.08;83.65;1.72;
2022-08-12 09:00:00;242.0;5.99;238.0;17.74;80.85;1.72;
2022-08-12 10:00:00;335.0;23.95;317.0;18.31;78.15;1.93;
2022-08-12 11:00:00;177.0;0.0;177.0;18.62;78.25;2.21;
2022-08-12 12:00:00;227.0;0.0;227.0;18.99;78.3;2.07;
2022-08-12 13:00:00;97.0;0.0;97.0;19.32;78.3;2.28;
2022-08-12 14:00:00;195.0;0.0;195.0;19.64;75.7;2.28;
2022-08-12 15:00:00;111.0;0.0;111.0;19.53;75.7;2.62;
2022-08-12 16:00:00;37.0;0.0;37.0;18.88;83.8;2.21;
2022-08-12 17:00:00;200.0;237.16;128.0;18.14;89.75;2.0;
2022-08-12 18:00:00;99.0;342.48;49.0;18.03;89.75;1.45;
2022-08-12 19:00:00;0.0;0.0;0.0;17.65;89.7;1.93;
2022-08-12 20:00:00;0.0;0.0;0.0;16.62;89.65;2.28;
2022-08-12 21:00:00;0.0;0.0;0.0;15.95;89.65;2.62;
2022-08-12 22:00:00;0.0;0.0;0.0;15.44;89.6;3.03;
2022-08-12 23:00:00;0.0;0.0;0.0;14.93;89.55;3.17;
2022-08-13 00:00:00;0.0;0.0;0.0;14.31;92.7;3.24;
2022-08-13 01:00:00;0.0;0.0;0.0;13.82;95.95;3.31;
2022-08-13 02:00:00;0.0;0.0;0.0;13.58;95.95;3.38;
2022-08-13 03:00:00;0.0;0.0;0.0;13.43;92.65;3.31;
2022-08-13 04:00:00;0.0;0.0;0.0;13.22;95.95;3.24;
2022-08-13 05:00:00;58.0;256.68;33.0;13.0;92.65;3.24;
2022-08-13 06:00:00;205.0;501.51;77.0;13.63;92.65;2.97;
2022-08-13 07:00:00;368.0;637.86;107.0;15.06;86.5;3.59;
2022-08-13 08:00:00;526.0;734.37;123.0;16.48;78.0;4.55;
2022-08-13 09:00:00;581.0;513.19;240.0;17.65;70.3;4.55;
2022-08-13 10:00:00;256.0;2.67;254.0;18.62;65.65;4.34;
2022-08-13 11:00:00;557.0;207.58;392.0;19.32;61.3;4.76;
2022-08-13 12:00:00;362.0;22.48;344.0;20.1;55.3;4.83;
2022-08-13 13:00:00;659.0;463.79;304.0;20.32;55.3;4.9;
2022-08-13 14:00:00;376.0;70.86;327.0;20.1;55.3;4.41;
2022-08-13 15:00:00;323.0;83.9;274.0;20.05;57.3;3.79;
2022-08-13 16:00:00;172.0;11.1;167.0;20.01;57.3;3.45;
2022-08-13 17:00:00;119.0;23.39;112.0;19.62;61.4;2.97;
2022-08-13 18:00:00;61.0;56.54;53.0;18.81;68.05;2.34;
2022-08-13 19:00:00;0.0;0.0;0.0;17.59;70.3;2.48;
2022-08-13 20:00:00;0.0;0.0;0.0;16.69;72.7;2.41;
2022-08-13 21:00:00;0.0;0.0;0.0;15.81;77.85;2.41;
2022-08-13 22:00:00;0.0;0.0;0.0;15.09;80.6;2.41;
2022-08-13 23:00:00;0.0;0.0;0.0;14.62;83.45;2.41;
2022-08-14 00:00:00;0.0;0.0;0.0;14.23;86.4;2.48;
2022-08-14 01:00:00;0.0;0.0;0.0;13.96;86.4;2.48;
2022-08-14 02:00:00;0.0;0.0;0.0;13.63;89.45;2.55;
2022-08-14 03:00:00;0.0;0.0;0.0;13.6;86.35;2.62;
2022-08-14 04:00:00;0.0;0.0;0.0;13.51;86.35;2.83;
2022-08-14 05:00:00;14.0;0.0;14.0;13.7;86.35;2.9;
2022-08-14 06:00:00;163.0;250.22;100.0;14.46;80.55;2.97;
2022-08-14 07:00:00;247.0;160.13;182.0;15.94;77.95;2.97;
2022-08-14 08:00:00;514.0;722.1;120.0;17.22;78.0;3.45;
2022-08-14 09:00:00;617.0;675.82;170.0;18.88;70.45;4.0;
2022-08-14 10:00:00;406.0;73.79;351.0;20.25;63.7;4.48;
2022-08-14 11:00:00;625.0;349.85;348.0;21.64;57.65;6.34;
2022-08-14 12:00:00;667.0;435.14;320.0;22.57;52.1;6.83;
2022-08-14 13:00:00;684.0;566.91;252.0;22.64;54.0;6.55;
2022-08-14 14:00:00;571.0;440.45;268.0;22.6;57.9;4.97;
2022-08-14 15:00:00;271.0;37.92;249.0;23.3;56.0;5.72;
2022-08-14 16:00:00;82.0;0.0;82.0;23.82;54.2;6.34;
2022-08-14 17:00:00;47.0;0.0;47.0;22.46;57.75;6.97;
2022-08-14 18:00:00;11.0;0.0;11.0;19.6;70.65;6.55;
2022-08-14 19:00:00;0.0;0.0;0.0;18.74;78.25;6.83;
2022-08-14 20:00:00;0.0;0.0;0.0;18.61;81.0;7.1;
2022-08-14 21:00:00;0.0;0.0;0.0;18.76;83.8;7.24;
2022-08-14 22:00:00;0.0;0.0;0.0;18.77;86.75;7.03;
2022-08-14 23:00:00;0.0;0.0;0.0;18.72;86.75;7.1;
2022-08-15 00:00:00;0.0;0.0;0.0;18.99;86.8;7.59;
2022-08-15 01:00:00;0.0;0.0;0.0;19.12;89.8;7.59;
2022-08-15 02:00:00;0.0;0.0;0.0;19.18;89.8;7.31;
2022-08-15 03:00:00;0.0;0.0;0.0;19.24;89.8;7.24;
2022-08-15 04:00:00;0.0;0.0;0.0;19.19;89.8;7.31;
2022-08-15 05:00:00;15.0;0.0;15.0;18.88;89.75;6.69;
2022-08-15 06:00:00;65.0;0.0;65.0;18.93;89.75;6.55;
2022-08-15 07:00:00;328.0;489.31;131.0;19.32;83.85;6.62;
2022-08-15 08:00:00;334.0;151.16;252.0;20.21;75.75;7.24;
2022-08-15 09:00:00;287.0;24.3;271.0;20.82;70.8;7.66;
2022-08-15 10:00:00;418.0;87.57;353.0;21.58;66.25;7.72;
2022-08-15 11:00:00;482.0;123.0;385.0;22.31;61.95;8.07;
2022-08-15 12:00:00;213.0;0.0;213.0;22.68;59.95;7.59;
2022-08-15 13:00:00;263.0;2.64;261.0;22.97;62.05;7.1;
2022-08-15 14:00:00;98.0;0.0;98.0;22.84;62.05;7.03;
2022-08-15 15:00:00;137.0;0.0;137.0;22.45;66.35;6.21;
2022-08-15 16:00:00;243.0;99.56;199.0;21.7;68.6;5.45;
2022-08-15 17:00:00;103.0;13.77;99.0;20.84;73.3;4.76;
2022-08-15 18:00:00;74.0;181.5;50.0;20.33;75.75;4.28;
2022-08-15 19:00:00;0.0;0.0;0.0;19.93;75.7;4.55;
2022-08-15 20:00:00;0.0;0.0;0.0;19.28;78.3;4.21;
2022-08-15 21:00:00;0.0;0.0;0.0;18.77;81.0;4.0;
2022-08-15 22:00:00;0.0;0.0;0.0;18.12;80.9;4.21;
2022-08-15 23:00:00;0.0;0.0;0.0;17.75;83.7;4.55;
2022-08-16 00:00:00;0.0;0.0;0.0;17.36;83.65;4.69;
2022-08-16 01:00:00;0.0;0.0;0.0;16.92;83.65;4.9;
2022-08-16 02:00:00;0.0;0.0;0.0;16.38;86.55;5.17;
2022-08-16 03:00:00;0.0;0.0;0.0;16.08;86.55;5.45;
2022-08-16 04:00:00;0.0;0.0;0.0;15.48;89.6;5.52;
2022-08-16 05:00:00;20.0;0.0;20.0;15.24;89.55;5.1;
2022-08-16 06:00:00;84.0;12.26;81.0;15.21;86.5;5.17;
2022-08-16 07:00:00;366.0;681.23;94.0;15.03;83.5;5.66;
2022-08-16 08:00:00;336.0;150.21;255.0;15.39;77.8;5.93;
2022-08-16 09:00:00;594.0;593.75;205.0;16.12;70.1;6.14;
2022-08-16 10:00:00;119.0;0.0;119.0;17.0;65.35;6.34;
2022-08-16 11:00:00;632.0;365.44;345.0;17.46;60.95;6.28;
2022-08-16 12:00:00;675.0;452.72;317.0;17.99;56.85;6.21;
2022-08-16 13:00:00;651.0;476.82;291.0;18.21;54.85;6.07;
2022-08-16 14:00:00;619.0;590.79;217.0;18.22;52.9;6.0;
2022-08-16 15:00:00;447.0;358.26;242.0;18.23;52.9;5.93;
2022-08-16 16:00:00;295.0;223.92;197.0;17.81;54.7;5.31;
2022-08-16 17:00:00;194.0;265.76;118.0;17.46;54.7;4.69;
2022-08-16 18:00:00;64.0;117.67;49.0;16.85;58.7;3.79;
2022-08-16 19:00:00;0.0;0.0;0.0;16.12;62.95;3.52;
2022-08-16 20:00:00;0.0;0.0;0.0;15.37;67.45;3.86;
2022-08-16 21:00:00;0.0;0.0;0.0;14.89;69.85;4.0;
2022-08-16 22:00:00;0.0;0.0;0.0;14.37;72.3;3.93;
2022-08-16 23:00:00;0.0;0.0;0.0;14.03;72.3;3.86;
2022-08-17 00:00:00;0.0;0.0;0.0;13.68;74.85;4.07;
2022-08-17 01:00:00;0.0;0.0;0.0;13.29;80.35;4.14;
2022-08-17 02:00:00;0.0;0.0;0.0;13.1;80.35;3.86;
2022-08-17 03:00:00;0.0;0.0;0.0;12.94;83.25;3.93;
2022-08-17 04:00:00;0.0;0.0;0.0;12.65;86.25;3.86;
2022-08-17 05:00:00;46.0;218.11;28.0;12.54;86.25;3.66;
2022-08-17 06:00:00;186.0;443.54;79.0;12.94;86.3;3.31;
2022-08-17 07:00:00;347.0;596.09;111.0;13.86;86.35;4.76;
2022-08-17 08:00:00;500.0;680.97;135.0;14.72;83.45;4.21;
2022-08-17 09:00:00;584.0;562.92;217.0;15.43;80.65;3.93;
2022-08-17 10:00:00;550.0;277.21;346.0;16.46;78.0;3.93;
2022-08-17 11:00:00;426.0;66.49;374.0;16.95;80.8;4.0;
2022-08-17 12:00:00;97.0;0.0;97.0;17.55;78.1;4.07;
2022-08-17 13:00:00;262.0;2.66;260.0;17.93;78.1;4.07;
2022-08-17 14:00:00;134.0;0.0;134.0;18.23;72.9;4.07;
2022-08-17 15:00:00;100.0;0.0;100.0;18.22;67.95;3.93;
2022-08-17 16:00:00;240.0;96.93;198.0;17.12;67.75;3.86;
2022-08-17 17:00:00;173.0;181.26;122.0;16.71;67.75;3.66;
2022-08-17 18:00:00;46.0;32.61;42.0;16.35;72.65;2.34;
2022-08-17 19:00:00;0.0;0.0;0.0;15.83;70.0;2.34;
2022-08-17 20:00:00;0.0;0.0;0.0;15.11;75.1;2.34;
2022-08-17 21:00:00;0.0;0.0;0.0;14.57;77.75;2.55;
2022-08-17 22:00:00;0.0;0.0;0.0;14.15;80.45;2.62;
2022-08-17 23:00:00;0.0;0.0;0.0;13.77;83.35;2.69;
2022-08-18 00:00:00;0.0;0.0;0.0;13.35;86.3;2.69;
2022-08-18 01:00:00;0.0;0.0;0.0;13.2;86.3;2.69;
2022-08-18 02:00:00;0.0;0.0;0.0;12.77;89.4;2.69;
2022-08-18 03:00:00;0.0;0.0;0.0;12.53;89.4;2.69;
2022-08-18 04:00:00;0.0;0.0;0.0;12.22;92.6;2.69;
2022-08-18 05:00:00;27.0;38.1;24.0;12.23;92.6;2.69;
2022-08-18 06:00:00;93.0;29.45;86.0;12.77;89.4;2.62;
2022-08-18 07:00:00;179.0;43.31;162.0;14.04;86.4;3.17;
2022-08-18 08:00:00;280.0;71.33;242.0;15.43;80.65;3.52;
2022-08-18 09:00:00;345.0;67.83;301.0;16.87;72.7;4.21;
2022-08-18 10:00:00;425.0;96.91;354.0;18.04;63.3;4.69;
2022-08-18 11:00:00;420.0;65.49;369.0;18.88;59.05;4.34;
2022-08-18 12:00:00;703.0;547.29;274.0;19.1;57.1;3.93;
2022-08-18 13:00:00;225.0;0.0;225.0;19.47;57.2;3.86;
2022-08-18 14:00:00;577.0;486.13;250.0;19.67;55.2;4.0;
2022-08-18 15:00:00;332.0;115.27;267.0;19.83;57.2;3.66;
2022-08-18 16:00:00;215.0;62.96;188.0;19.62;61.4;3.03;
2022-08-18 17:00:00;146.0;101.21;118.0;19.52;61.4;3.03;
2022-08-18 18:00:00;59.0;118.91;45.0;18.83;68.05;2.97;
2022-08-18 19:00:00;0.0;0.0;0.0;18.12;67.95;3.17;
2022-08-18 20:00:00;0.0;0.0;0.0;17.59;67.85;3.17;
2022-08-18 21:00:00;0.0;0.0;0.0;17.04;70.2;3.1;
2022-08-18 22:00:00;0.0;0.0;0.0;16.68;70.2;2.97;
2022-08-18 23:00:00;0.0;0.0;0.0;16.41;72.65;3.03;
2022-08-19 00:00:00;0.0;0.0;0.0;16.01;72.65;3.17;
2022-08-19 01:00:00;0.0;0.0;0.0;15.78;75.15;3.24;
2022-08-19 02:00:00;0.0;0.0;0.0;15.62;75.15;3.31;
2022-08-19 03:00:00;0.0;0.0;0.0;15.37;75.1;3.31;
2022-08-19 04:00:00;0.0;0.0;0.0;15.22;75.1;3.38;
2022-08-19 05:00:00;24.0;26.69;22.0;15.25;75.1;3.24;
2022-08-19 06:00:00;122.0;106.8;97.0;15.57;75.15;3.1;
2022-08-19 07:00:00;230.0;141.36;175.0;16.9;80.8;3.17;
2022-08-19 08:00:00;488.0;674.36;131.0;17.86;78.1;3.93;
2022-08-19 09:00:00;622.0;745.23;141.0;18.63;75.55;4.0;
2022-08-19 10:00:00;617.0;455.22;285.0;19.47;68.2;4.76;
2022-08-19 11:00:00;627.0;377.91;334.0;19.9;68.2;4.9;
2022-08-19 12:00:00;652.0;426.76;319.0;19.73;68.2;4.21;
2022-08-19 13:00:00;421.0;84.69;358.0;19.56;68.2;3.86;
2022-08-19 14:00:00;123.0;0.0;123.0;19.64;70.65;3.31;
2022-08-19 15:00:00;254.0;32.16;236.0;19.9;73.15;2.83;
2022-08-19 16:00:00;265.0;167.33;194.0;19.37;75.65;2.69;
2022-08-19 17:00:00;74.0;0.0;74.0;19.27;78.3;2.48;
2022-08-19 18:00:00;6.0;0.0;6.0;18.09;83.75;1.86;
2022-08-19 19:00:00;0.0;0.0;0.0;17.05;83.65;1.72;
2022-08-19 20:00:00;0.0;0.0;0.0;16.51;83.65;1.45;
2022-08-19 21:00:00;0.0;0.0;0.0;15.94;86.55;1.59;
2022-08-19 22:00:00;0.0;0.0;0.0;15.31;92.75;2.14;
2022-08-19 23:00:00;0.0;0.0;0.0;15.18;92.75;2.55;
2022-08-20 00:00:00;0.0;0.0;0.0;15.25;92.75;2.83;
2022-08-20 01:00:00;0.0;0.0;0.0;15.13;92.75;3.03;
2022-08-20 02:00:00;0.0;0.0;0.0;14.99;92.75;3.59;
2022-08-20 03:00:00;0.0;0.0;0.0;14.78;96.0;3.79;
2022-08-20 04:00:00;0.0;0.0;0.0;14.62;96.0;3.59;
2022-08-20 05:00:00;26.0;56.25;22.0;14.52;96.0;3.38;
2022-08-20 06:00:00;77.0;13.02;74.0;14.57;96.0;3.66;
2022-08-20 07:00:00;144.0;12.97;139.0;14.94;92.75;4.41;
2022-08-20 08:00:00;157.0;0.0;157.0;15.61;89.6;3.72;
2022-08-20 09:00:00;112.0;0.0;112.0;16.07;86.55;3.45;
2022-08-20 10:00:00;314.0;19.28;300.0;16.33;86.55;3.24;
2022-08-20 11:00:00;329.0;16.84;316.0;16.66;86.6;3.1;
2022-08-20 12:00:00;247.0;1.29;246.0;16.94;89.65;3.03;
2022-08-20 13:00:00;205.0;0.0;205.0;16.75;89.65;3.38;
2022-08-20 14:00:00;350.0;64.7;307.0;17.21;92.8;3.38;
2022-08-20 15:00:00;218.0;12.61;211.0;17.28;92.8;3.45;
2022-08-20 16:00:00;298.0;283.53;179.0;16.91;89.65;3.38;
2022-08-20 17:00:00;109.0;29.96;101.0;16.78;86.6;2.97;
2022-08-20 18:00:00;53.0;120.72;40.0;16.01;86.55;2.55;
2022-08-20 19:00:00;0.0;0.0;0.0;15.51;89.6;2.34;
2022-08-20 20:00:00;0.0;0.0;0.0;15.01;89.55;2.55;
2022-08-20 21:00:00;0.0;0.0;0.0;14.55;92.7;2.62;
2022-08-20 22:00:00;0.0;0.0;0.0;14.24;96.0;2.48;
2022-08-20 23:00:00;0.0;0.0;0.0;13.95;92.7;2.21;
2022-08-21 00:00:00;0.0;0.0;0.0;13.8;95.95;1.79;
2022-08-21 01:00:00;0.0;0.0;0.0;13.51;95.95;1.38;
2022-08-21 02:00:00;0.0;0.0;0.0;13.01;95.95;1.79;
2022-08-21 03:00:00;0.0;0.0;0.0;12.63;99.4;1.93;
2022-08-21 04:00:00;0.0;0.0;0.0;12.41;95.95;1.79;
2022-08-21 05:00:00;3.0;0.0;3.0;12.27;99.4;1.52;
2022-08-21 06:00:00;94.0;39.68;85.0;12.63;99.4;1.1;
2022-08-21 07:00:00;185.0;60.19;162.0;14.22;92.7;1.31;
2022-08-21 08:00:00;284.0;86.1;239.0;15.56;86.5;1.93;
2022-08-21 09:00:00;279.0;23.48;264.0;16.84;80.8;2.21;
2022-08-21 10:00:00;518.0;246.35;340.0;17.89;78.1;2.34;
2022-08-21 11:00:00;403.0;58.57;358.0;18.84;70.45;2.83;
2022-08-21 12:00:00;538.0;212.17;374.0;19.63;65.85;3.17;
2022-08-21 13:00:00;493.0;184.74;357.0;20.18;63.7;3.59;
2022-08-21 14:00:00;308.0;33.31;286.0;20.37;63.7;3.86;
2022-08-21 15:00:00;148.0;0.0;148.0;20.16;65.95;3.79;
2022-08-21 16:00:00;121.0;0.0;121.0;19.99;68.3;3.72;
2022-08-21 17:00:00;57.0;0.0;57.0;19.2;75.65;3.66;
2022-08-21 18:00:00;21.0;0.0;21.0;18.42;83.75;3.93;
2022-08-21 19:00:00;0.0;0.0;0.0;17.44;86.65;4.34;
2022-08-21 20:00:00;0.0;0.0;0.0;17.1;92.8;4.48;
2022-08-21 21:00:00;0.0;0.0;0.0;16.94;89.65;4.14;
2022-08-21 22:00:00;0.0;0.0;0.0;16.84;92.8;4.41;
2022-08-21 23:00:00;0.0;0.0;0.0;16.73;92.8;5.24;
2022-08-22 00:00:00;0.0;0.0;0.0;16.73;92.8;5.31;
2022-08-22 01:00:00;0.0;0.0;0.0;16.76;92.8;5.24;
2022-08-22 02:00:00;0.0;0.0;0.0;17.07;92.8;5.03;
2022-08-22 03:00:00;0.0;0.0;0.0;17.33;92.8;5.38;
2022-08-22 04:00:00;0.0;0.0;0.0;17.37;96.05;5.45;
2022-08-22 05:00:00;16.0;15.78;15.0;17.14;92.8;5.03;
2022-08-22 06:00:00;109.0;85.15;90.0;17.34;92.8;4.97;
2022-08-22 07:00:00;57.0;0.0;57.0;17.24;92.8;6.07;
2022-08-22 08:00:00;62.0;0.0;62.0;17.65;89.7;6.0;
2022-08-22 09:00:00;107.0;0.0;107.0;18.24;86.7;6.41;
2022-08-22 10:00:00;124.0;0.0;124.0;18.74;83.8;7.24;
2022-08-22 11:00:00;184.0;0.0;184.0;18.44;81.0;8.07;
2022-08-22 12:00:00;137.0;0.0;137.0;18.91;81.0;7.66;
2022-08-22 13:00:00;198.0;0.0;198.0;18.78;75.55;8.07;
2022-08-22 14:00:00;185.0;0.0;185.0;18.34;78.15;7.31;
2022-08-22 15:00:00;213.0;12.81;206.0;18.22;78.15;6.55;
2022-08-22 16:00:00;214.0;80.44;181.0;18.21;78.15;6.21;
2022-08-22 17:00:00;72.0;3.89;71.0;18.01;78.15;5.86;
2022-08-22 18:00:00;57.0;226.0;35.0;17.64;80.85;5.45;
2022-08-22 19:00:00;0.0;0.0;0.0;17.32;83.65;4.48;
2022-08-22 20:00:00;0.0;0.0;0.0;16.87;83.65;4.41;
2022-08-22 21:00:00;0.0;0.0;0.0;16.61;83.65;4.28;
2022-08-22 22:00:00;0.0;0.0;0.0;16.39;86.55;4.07;
2022-08-22 23:00:00;0.0;0.0;0.0;16.22;86.55;3.79;
2022-08-23 00:00:00;0.0;0.0;0.0;16.05;86.55;3.45;
2022-08-23 01:00:00;0.0;0.0;0.0;15.84;89.6;3.03;
2022-08-23 02:00:00;0.0;0.0;0.0;15.63;89.6;2.76;
2022-08-23 03:00:00;0.0;0.0;0.0;15.47;89.6;2.55;
2022-08-23 04:00:00;0.0;0.0;0.0;15.39;92.75;2.41;
2022-08-23 05:00:00;3.0;0.0;3.0;15.2;92.75;2.34;
2022-08-23 06:00:00;113.0;109.37;89.0;15.42;89.6;2.07;
2022-08-23 07:00:00;159.0;29.33;148.0;16.15;89.65;2.14;
2022-08-23 08:00:00;227.0;29.08;212.0;16.78;86.6;2.07;
2022-08-23 09:00:00;143.0;0.0;143.0;17.04;86.6;1.66;
2022-08-23 10:00:00;139.0;0.0;139.0;17.7;86.65;1.31;
2022-08-23 11:00:00;92.0;0.0;92.0;18.29;86.7;0.97;
2022-08-23 12:00:00;263.0;2.61;261.0;18.88;86.75;1.03;
2022-08-23 13:00:00;122.0;0.0;122.0;19.54;81.1;1.24;
2022-08-23 14:00:00;78.0;0.0;78.0;20.26;81.15;1.45;
2022-08-23 15:00:00;188.0;5.54;185.0;20.72;75.85;1.93;
2022-08-23 16:00:00;355.0;606.77;109.0;20.75;75.85;2.28;
2022-08-23 17:00:00;182.0;361.07;91.0;20.66;73.3;2.21;
2022-08-23 18:00:00;54.0;228.09;33.0;19.93;78.35;1.66;
2022-08-23 19:00:00;0.0;0.0;0.0;18.67;83.8;1.45;
2022-08-23 20:00:00;0.0;0.0;0.0;17.76;89.7;1.72;
2022-08-23 21:00:00;0.0;0.0;0.0;16.94;89.65;1.72;
2022-08-23 22:00:00;0.0;0.0;0.0;16.04;92.8;1.45;
2022-08-23 23:00:00;0.0;0.0;0.0;15.4;96.0;1.31;
2022-08-24 00:00:00;0.0;0.0;0.0;15.05;92.75;1.24;
2022-08-24 01:00:00;0.0;0.0;0.0;15.01;92.75;1.1;
2022-08-24 02:00:00;0.0;0.0;0.0;15.57;92.75;0.9;
2022-08-24 03:00:00;0.0;0.0;0.0;15.36;96.0;0.34;
2022-08-24 04:00:00;0.0;0.0;0.0;15.12;96.0;0.41;
2022-08-24 05:00:00;21.0;71.99;17.0;14.91;96.0;0.41;
2022-08-24 06:00:00;150.0;333.77;78.0;14.92;96.0;0.41;
2022-08-24 07:00:00;317.0;576.08;103.0;17.07;92.8;0.83;
2022-08-24 08:00:00;475.0;689.15;122.0;18.8;89.75;0.62;
2022-08-24 09:00:00;610.0;762.29;131.0;20.35;81.15;0.83;
2022-08-24 10:00:00;551.0;330.06;316.0;21.53;73.45;1.17;
2022-08-24 11:00:00;483.0;147.87;371.0;22.13;71.05;1.31;
2022-08-24 12:00:00;692.0;583.05;248.0;22.5;71.15;1.24;
2022-08-24 13:00:00;622.0;483.41;272.0;22.81;71.15;1.1;
2022-08-24 14:00:00;480.0;287.26;294.0;23.09;71.25;1.24;
2022-08-24 15:00:00;480.0;603.17;156.0;22.9;73.6;1.31;
2022-08-24 16:00:00;343.0;559.28;119.0;22.49;71.15;1.79;
2022-08-24 17:00:00;180.0;372.66;88.0;21.34;78.55;2.14;
2022-08-24 18:00:00;40.0;103.78;31.0;20.21;83.95;2.41;
2022-08-24 19:00:00;0.0;0.0;0.0;18.65;86.75;2.97;
2022-08-24 20:00:00;0.0;0.0;0.0;17.83;89.7;2.55;
2022-08-24 21:00:00;0.0;0.0;0.0;17.36;92.8;2.28;
2022-08-24 22:00:00;0.0;0.0;0.0;16.82;89.65;2.14;
2022-08-24 23:00:00;0.0;0.0;0.0;16.33;92.8;1.93;
2022-08-25 00:00:00;0.0;0.0;0.0;16.03;92.8;1.86;
2022-08-25 01:00:00;0.0;0.0;0.0;15.72;92.75;1.79;
2022-08-25 02:00:00;0.0;0.0;0.0;15.35;96.0;1.79;
2022-08-25 03:00:00;0.0;0.0;0.0;15.21;96.0;1.66;
2022-08-25 04:00:00;0.0;0.0;0.0;14.97;92.75;1.66;
2022-08-25 05:00:00;21.0;96.85;16.0;14.74;96.0;1.45;
2022-08-25 06:00:00;109.0;108.5;86.0;15.33;96.0;0.97;
2022-08-25 07:00:00;204.0;111.45;163.0;17.51;86.65;1.59;
2022-08-25 08:00:00;347.0;228.04;231.0;18.28;83.75;1.59;
2022-08-25 09:00:00;385.0;137.64;299.0;19.08;78.3;1.79;
2022-08-25 10:00:00;371.0;60.7;328.0;20.14;75.75;2.07;
2022-08-25 11:00:00;669.0;536.05;265.0;21.04;68.5;2.28;
2022-08-25 12:00:00;740.0;748.45;173.0;21.61;66.25;2.34;
2022-08-25 13:00:00;497.0;208.38;347.0;22.08;64.1;2.55;
2022-08-25 14:00:00;270.0;17.11;259.0;21.95;68.6;2.83;
2022-08-25 15:00:00;387.0;281.72;237.0;21.54;68.6;2.83;
2022-08-25 16:00:00;256.0;197.2;178.0;21.03;73.35;2.76;
2022-08-25 17:00:00;171.0;335.18;90.0;20.55;75.85;2.28;
2022-08-25 18:00:00;38.0;110.68;29.0;19.82;81.1;1.31;
2022-08-25 19:00:00;0.0;0.0;0.0;19.16;86.8;1.17;
2022-08-25 20:00:00;0.0;0.0;0.0;18.47;86.75;0.62;
2022-08-25 21:00:00;0.0;0.0;0.0;16.92;92.8;1.17;
2022-08-25 22:00:00;0.0;0.0;0.0;15.92;92.8;1.45;
2022-08-25 23:00:00;0.0;0.0;0.0;14.85;96.0;1.79;
2022-08-26 00:00:00;0.0;0.0;0.0;14.37;99.35;2.21;
2022-08-26 01:00:00;0.0;0.0;0.0;14.35;99.35;2.34;
2022-08-26 02:00:00;0.0;0.0;0.0;14.44;96.0;2.41;
2022-08-26 03:00:00;0.0;0.0;0.0;14.73;96.0;2.28;
2022-08-26 04:00:00;0.0;0.0;0.0;14.98;92.75;2.14;
2022-08-26 05:00:00;16.0;41.95;14.0;14.99;92.75;2.14;
2022-08-26 06:00:00;67.0;9.61;65.0;15.75;92.75;1.86;
2022-08-26 07:00:00;251.0;260.83;156.0;17.31;92.8;1.66;
2022-08-26 08:00:00;352.0;239.55;231.0;18.44;89.75;1.59;
2022-08-26 09:00:00;331.0;67.61;289.0;19.07;83.85;1.79;
2022-08-26 10:00:00;512.0;251.16;335.0;19.49;81.1;2.28;
2022-08-26 11:00:00;327.0;18.67;313.0;19.65;81.1;2.9;
2022-08-26 12:00:00;258.0;2.65;256.0;20.21;75.75;3.24;
2022-08-26 13:00:00;255.0;4.19;252.0;20.49;73.3;3.45;
2022-08-26 14:00:00;223.0;3.13;221.0;20.37;75.75;3.72;
2022-08-26 15:00:00;211.0;13.27;204.0;20.08;73.2;3.79;
2022-08-26 16:00:00;187.0;51.22;167.0;19.31;73.05;4.0;
2022-08-26 17:00:00;147.0;198.84;100.0;18.26;75.45;3.93;
2022-08-26 18:00:00;40.0;171.42;27.0;17.24;75.3;3.1;
2022-08-26 19:00:00;0.0;0.0;0.0;15.84;77.85;2.76;
2022-08-26 20:00:00;0.0;0.0;0.0;15.06;80.6;2.28;
2022-08-26 21:00:00;0.0;0.0;0.0;14.28;86.4;2.0;
2022-08-26 22:00:00;0.0;0.0;0.0;13.47;86.35;2.14;
2022-08-26 23:00:00;0.0;0.0;0.0;12.86;92.6;2.28;
2022-08-27 00:00:00;0.0;0.0;0.0;12.37;92.6;2.21;
2022-08-27 01:00:00;0.0;0.0;0.0;11.82;95.9;2.07;
2022-08-27 02:00:00;0.0;0.0;0.0;11.15;92.55;2.0;
2022-08-27 03:00:00;0.0;0.0;0.0;10.82;95.9;1.86;
2022-08-27 04:00:00;0.0;0.0;0.0;10.83;95.9;1.86;
2022-08-27 05:00:00;18.0;114.42;13.0;10.69;92.5;1.79;
2022-08-27 06:00:00;160.0;474.53;63.0;11.64;89.3;1.38;
2022-08-27 07:00:00;297.0;482.59;123.0;14.9;86.45;0.76;
2022-08-27 08:00:00;433.0;514.47;175.0;15.78;70.0;1.24;
2022-08-27 09:00:00;516.0;433.93;248.0;16.33;65.25;1.17;
2022-08-27 10:00:00;637.0;563.48;242.0;16.99;60.85;1.66;
2022-08-27 11:00:00;455.0;112.6;371.0;17.53;58.8;2.0;
2022-08-27 12:00:00;557.0;261.51;361.0;17.93;58.8;2.28;
2022-08-27 13:00:00;322.0;23.9;305.0;18.28;56.85;2.48;
2022-08-27 14:00:00;461.0;252.39;301.0;18.4;56.85;2.55;
2022-08-27 15:00:00;305.0;107.12;249.0;18.24;58.9;2.76;
2022-08-27 16:00:00;219.0;108.99;177.0;17.98;61.05;3.03;
2022-08-27 17:00:00;162.0;311.66;90.0;17.38;70.2;2.97;
2022-08-27 18:00:00;0.0;0.0;0.0;16.74;72.7;2.76;
2022-08-27 19:00:00;0.0;0.0;0.0;15.73;77.85;2.83;
2022-08-27 20:00:00;0.0;0.0;0.0;15.15;80.6;2.62;
2022-08-27 21:00:00;0.0;0.0;0.0;14.42;80.55;2.28;
2022-08-27 22:00:00;0.0;0.0;0.0;13.8;86.35;2.07;
2022-08-27 23:00:00;0.0;0.0;0.0;13.13;89.4;2.0;
2022-08-28 00:00:00;0.0;0.0;0.0;12.48;92.6;1.79;
2022-08-28 01:00:00;0.0;0.0;0.0;12.12;92.6;1.31;
2022-08-28 02:00:00;0.0;0.0;0.0;13.51;83.35;0.62;
2022-08-28 03:00:00;0.0;0.0;0.0;13.55;83.35;0.21;
2022-08-28 04:00:00;0.0;0.0;0.0;13.53;86.35;0.28;
2022-08-28 05:00:00;5.0;0.0;5.0;13.39;86.35;0.34;
2022-08-28 06:00:00;29.0;0.0;29.0;13.24;86.3;0.83;
2022-08-28 07:00:00;87.0;0.0;87.0;14.11;86.4;1.72;
2022-08-28 08:00:00;362.0;281.21;222.0;15.14;80.6;3.03;
2022-08-28 09:00:00;387.0;144.97;298.0;16.05;72.65;3.38;
2022-08-28 10:00:00;450.0;152.03;344.0;16.63;67.75;3.31;
2022-08-28 11:00:00;579.0;319.38;342.0;16.94;65.35;3.03;
2022-08-28 12:00:00;602.0;363.59;331.0;17.06;63.05;2.97;
2022-08-28 13:00:00;417.0;101.86;345.0;17.28;63.05;2.97;
2022-08-28 14:00:00;519.0;414.75;258.0;17.25;60.85;3.03;
2022-08-28 15:00:00;371.0;258.76;237.0;17.23;58.7;3.24;
2022-08-28 16:00:00;217.0;115.74;173.0;16.71;56.6;3.24;
2022-08-28 17:00:00;171.0;412.24;78.0;16.28;56.5;2.9;
2022-08-28 18:00:00;22.0;30.91;20.0;15.58;60.65;2.48;
2022-08-28 19:00:00;0.0;0.0;0.0;14.55;64.95;2.48;
2022-08-28 20:00:00;0.0;0.0;0.0;13.68;69.65;2.62;
2022-08-28 21:00:00;0.0;0.0;0.0;13.23;72.1;2.76;
2022-08-28 22:00:00;0.0;0.0;0.0;12.99;72.1;2.76;
2022-08-28 23:00:00;0.0;0.0;0.0;12.54;77.45;2.9;
2022-08-29 00:00:00;0.0;0.0;0.0;12.26;77.35;2.97;
2022-08-29 01:00:00;0.0;0.0;0.0;11.86;80.15;2.97;
2022-08-29 02:00:00;0.0;0.0;0.0;11.69;80.15;2.83;
2022-08-29 03:00:00;0.0;0.0;0.0;11.48;80.15;2.69;
2022-08-29 04:00:00;0.0;0.0;0.0;11.04;83.05;2.48;
2022-08-29 05:00:00;9.0;0.0;9.0;10.89;83.05;2.55;
2022-08-29 06:00:00;143.0;381.17;68.0;11.05;86.1;2.41;
2022-08-29 07:00:00;303.0;557.86;106.0;12.02;83.15;2.41;
2022-08-29 08:00:00;466.0;698.16;121.0;13.76;77.6;2.62;
2022-08-29 09:00:00;600.0;758.74;137.0;15.18;65.05;3.38;
2022-08-29 10:00:00;694.0;783.08;151.0;16.11;58.6;3.79;
2022-08-29 11:00:00;742.0;785.83;162.0;16.87;52.65;4.0;
2022-08-29 12:00:00;746.0;787.97;162.0;17.51;49.05;4.34;
2022-08-29 13:00:00;660.0;627.82;219.0;17.57;49.05;4.07;
2022-08-29 14:00:00;540.0;478.74;241.0;17.45;50.85;3.93;
2022-08-29 15:00:00;409.0;380.23;214.0;17.19;54.6;3.59;
2022-08-29 16:00:00;219.0;125.37;172.0;16.93;56.6;3.1;
2022-08-29 17:00:00;170.0;436.13;74.0;16.52;58.7;2.69;
2022-08-29 18:00:00;27.0;101.6;21.0;15.77;65.15;2.69;
2022-08-29 19:00:00;0.0;0.0;0.0;14.36;72.3;2.69;
2022-08-29 20:00:00;0.0;0.0;0.0;13.39;74.85;2.62;
2022-08-29 21:00:00;0.0;0.0;0.0;12.63;80.3;2.34;
2022-08-29 22:00:00;0.0;0.0;0.0;11.83;86.15;2.0;
2022-08-29 23:00:00;0.0;0.0;0.0;11.03;89.3;1.45;
2022-08-30 00:00:00;0.0;0.0;0.0;12.59;83.25;0.83;
2022-08-30 01:00:00;0.0;0.0;0.0;12.53;83.25;0.62;
2022-08-30 02:00:00;0.0;0.0;0.0;12.2;89.35;0.97;
2022-08-30 03:00:00;0.0;0.0;0.0;10.42;92.5;1.45;
2022-08-30 04:00:00;0.0;0.0;0.0;9.66;95.85;1.79;
2022-08-30 05:00:00;8.0;0.0;8.0;10.02;95.9;1.79;
2022-08-30 06:00:00;136.0;352.51;68.0;10.84;95.9;1.72;
2022-08-30 07:00:00;291.0;520.93;109.0;13.72;89.45;1.79;
2022-08-30 08:00:00;442.0;623.94;136.0;15.43;80.65;2.21;
2022-08-30 09:00:00;464.0;323.19;268.0;16.7;72.7;2.69;
2022-08-30 10:00:00;97.0;0.0;97.0;17.66;67.85;3.45;
2022-08-30 11:00:00;349.0;32.7;325.0;18.11;65.55;4.07;
2022-08-30 12:00:00;481.0;158.78;364.0;18.22;65.55;4.48;
2022-08-30 13:00:00;618.0;528.72;249.0;18.13;67.95;4.41;
2022-08-30 14:00:00;102.0;0.0;102.0;18.13;70.35;4.48;
2022-08-30 15:00:00;141.0;0.0;141.0;18.02;72.9;4.76;
2022-08-30 16:00:00;121.0;5.41;119.0;17.67;78.1;3.86;
2022-08-30 17:00:00;75.0;13.98;72.0;17.34;80.8;3.59;
2022-08-30 18:00:00;13.0;0.0;13.0;17.06;80.8;3.24;
2022-08-30 19:00:00;0.0;0.0;0.0;16.58;80.8;2.76;
2022-08-30 20:00:00;0.0;0.0;0.0;16.24;83.6;2.48;
2022-08-30 21:00:00;0.0;0.0;0.0;16.0;86.55;2.48;
2022-08-30 22:00:00;0.0;0.0;0.0;15.78;89.6;2.48;
2022-08-30 23:00:00;0.0;0.0;0.0;15.61;89.6;2.41;
2022-08-31 00:00:00;0.0;0.0;0.0;15.48;89.6;2.34;
2022-08-31 01:00:00;0.0;0.0;0.0;15.23;92.75;2.34;
2022-08-31 02:00:00;0.0;0.0;0.0;14.97;92.75;2.48;
2022-08-31 03:00:00;0.0;0.0;0.0;14.89;96.0;2.55;
2022-08-31 04:00:00;0.0;0.0;0.0;15.28;92.75;2.76;
2022-08-31 05:00:00;1.0;0.0;1.0;15.31;92.75;3.03;
2022-08-31 06:00:00;59.0;10.58;57.0;15.35;92.75;3.45;
2022-08-31 07:00:00;210.0;164.93;153.0;15.51;86.5;4.0;
2022-08-31 08:00:00;196.0;16.44;188.0;16.11;77.95;4.69;
2022-08-31 09:00:00;190.0;1.66;189.0;16.74;72.7;5.31;
2022-08-31 10:00:00;117.0;0.0;117.0;17.34;72.7;5.72;
2022-08-31 11:00:00;345.0;32.88;321.0;17.68;70.3;5.86;
2022-08-31 12:00:00;114.0;0.0;114.0;17.55;72.8;5.45;
2022-08-31 13:00:00;127.0;0.0;127.0;17.66;72.8;5.31;
2022-08-31 14:00:00;83.0;0.0;83.0;17.83;72.8;5.52;
2022-08-31 15:00:00;82.0;0.0;82.0;17.71;75.4;5.17;
2022-08-31 16:00:00;78.0;0.0;78.0;17.66;81.81;4.08;
2022-08-31 17:00:00;30.0;0.0;30.0;17.13;82.25;3.85;
2022-08-31 18:00:00;20.0;84.06;16.0;16.6;82.7;3.62;
2022-08-31 19:00:00;0.0;0.0;0.0;16.07;83.14;3.39;
2022-08-31 20:00:00;0.0;0.0;0.0;15.55;83.58;3.17;
2022-08-31 21:00:00;0.0;0.0;0.0;15.02;84.02;2.94;
2022-08-31 22:00:00;0.0;0.0;0.0;14.49;84.46;2.71;
2022-08-31 23:00:00;0.0;0.0;0.0;13.96;84.9;2.48;
2022-09-01 00:00:00;0.0;0.0;0.0;13.43;85.35;2.25;
2022-09-01 01:00:00;0.0;0.0;0.0;12.9;85.79;2.02;
2022-09-01 02:00:00;0.0;0.0;0.0;12.37;86.23;1.8;
2022-09-01 03:00:00;0.0;0.0;0.0;11.84;86.67;1.57;
2022-09-01 04:00:00;0.0;0.0;0.0;11.31;87.11;1.34;
2022-09-01 05:00:00;0.0;0.0;0.0;10.78;87.55;1.11;
2022-09-01 06:00:00;92.0;104.86;73.0;10.25;88.0;0.88;
2022-09-01 07:00:00;292.0;585.89;94.0;9.73;88.44;0.65;
2022-09-01 08:00:00;445.0;684.67;117.0;14.0;77.65;1.59;
2022-09-01 09:00:00;567.0;704.28;148.0;15.22;67.45;1.59;
2022-09-01 10:00:00;650.0;696.52;178.0;16.02;60.75;1.66;
2022-09-01 11:00:00;704.0;726.17;180.0;16.8;56.6;1.79;
2022-09-01 12:00:00;643.0;519.52;267.0;17.11;52.75;1.93;
2022-09-01 13:00:00;638.0;627.21;209.0;17.86;52.75;1.93;
2022-09-01 14:00:00;603.0;796.68;121.0;18.11;51.0;1.86;
2022-09-01 15:00:00;485.0;788.3;97.0;18.4;49.15;1.79;
2022-09-01 16:00:00;307.0;580.34;102.0;18.39;51.0;1.24;
2022-09-01 17:00:00;160.0;511.11;59.0;18.13;52.9;0.34;
2022-09-01 18:00:00;10.0;0.0;10.0;17.27;70.3;0.41;
2022-09-01 19:00:00;0.0;0.0;0.0;17.08;60.95;0.07;
2022-09-01 20:00:00;0.0;0.0;0.0;16.15;67.65;0.76;
2022-09-01 21:00:00;0.0;0.0;0.0;13.85;83.35;1.52;
2022-09-01 22:00:00;0.0;0.0;0.0;13.51;80.4;1.93;
2022-09-01 23:00:00;0.0;0.0;0.0;13.42;83.25;2.07;
2022-09-02 00:00:00;0.0;0.0;0.0;13.25;83.25;2.28;
2022-09-02 01:00:00;0.0;0.0;0.0;13.11;83.25;2.34;
2022-09-02 02:00:00;0.0;0.0;0.0;12.81;86.25;2.55;
2022-09-02 03:00:00;0.0;0.0;0.0;12.73;86.25;2.48;
2022-09-02 04:00:00;0.0;0.0;0.0;12.81;86.25;2.48;
2022-09-02 05:00:00;0.0;0.0;0.0;13.0;86.3;2.48;
2022-09-02 06:00:00;92.0;118.47;71.0;13.43;86.35;2.41;
2022-09-02 07:00:00;241.0;329.26;131.0;15.27;89.55;2.97;
2022-09-02 08:00:00;270.0;107.32;219.0;16.62;80.8;3.59;
2022-09-02 09:00:00;403.0;214.89;276.0;17.19;78.1;3.17;
2022-09-02 10:00:00;499.0;282.07;309.0;18.08;75.45;3.17;
2022-09-02 11:00:00;571.0;365.24;309.0;18.71;70.45;3.17;
2022-09-02 12:00:00;625.0;503.3;263.0;19.16;68.1;3.1;
2022-09-02 13:00:00;623.0;618.36;203.0;19.67;63.6;3.1;
2022-09-02 14:00:00;565.0;700.04;145.0;19.85;61.4;3.1;
2022-09-02 15:00:00;321.0;199.23;224.0;20.04;59.35;3.17;
2022-09-02 16:00:00;68.0;0.0;68.0;19.59;63.6;3.17;
2022-09-02 17:00:00;120.0;229.35;76.0;18.71;72.95;3.17;
2022-09-02 18:00:00;7.0;0.0;7.0;17.79;78.1;2.62;
2022-09-02 19:00:00;0.0;0.0;0.0;17.09;80.85;2.14;
2022-09-02 20:00:00;0.0;0.0;0.0;16.53;83.65;1.66;
2022-09-02 21:00:00;0.0;0.0;0.0;16.44;86.55;1.17;
2022-09-02 22:00:00;0.0;0.0;0.0;16.41;86.55;1.03;
2022-09-02 23:00:00;0.0;0.0;0.0;16.45;89.65;1.1;
2022-09-03 00:00:00;0.0;0.0;0.0;16.41;89.65;1.17;
2022-09-03 01:00:00;0.0;0.0;0.0;16.39;89.65;1.17;
2022-09-03 02:00:00;0.0;0.0;0.0;16.33;89.65;1.24;
2022-09-03 03:00:00;0.0;0.0;0.0;16.27;89.65;1.24;
2022-09-03 04:00:00;0.0;0.0;0.0;16.13;89.65;1.24;
2022-09-03 05:00:00;0.0;0.0;0.0;15.66;92.75;1.24;
2022-09-03 06:00:00;28.0;0.0;28.0;15.53;92.75;1.1;
2022-09-03 07:00:00;165.0;72.69;141.0;16.87;92.8;1.31;
2022-09-03 08:00:00;341.0;288.56;205.0;17.78;86.65;1.86;
2022-09-03 09:00:00;417.0;248.71;271.0;18.59;81.0;1.86;
2022-09-03 10:00:00;508.0;307.7;302.0;19.52;73.15;1.86;
2022-09-03 11:00:00;544.0;307.14;325.0;20.29;68.3;2.21;
2022-09-03 12:00:00;598.0;432.35;289.0;20.95;63.8;2.41;
2022-09-03 13:00:00;548.0;395.91;281.0;21.31;61.7;2.83;
2022-09-03 14:00:00;485.0;413.54;239.0;21.38;61.7;3.03;
2022-09-03 15:00:00;328.0;224.3;220.0;21.24;61.7;2.83;
2022-09-03 16:00:00;294.0;584.69;94.0;21.09;61.7;2.83;
2022-09-03 17:00:00;119.0;247.27;73.0;20.55;63.8;2.48;
2022-09-03 18:00:00;3.0;0.0;3.0;19.41;73.05;2.34;
2022-09-03 19:00:00;0.0;0.0;0.0;18.25;83.75;2.34;
2022-09-03 20:00:00;0.0;0.0;0.0;17.12;89.7;2.28;
2022-09-03 21:00:00;0.0;0.0;0.0;16.32;92.8;2.07;
2022-09-03 22:00:00;0.0;0.0;0.0;15.79;96.0;1.86;
2022-09-03 23:00:00;0.0;0.0;0.0;15.23;96.0;1.66;
2022-09-04 00:00:00;0.0;0.0;0.0;14.35;99.35;1.31;
2022-09-04 01:00:00;0.0;0.0;0.0;13.94;96.0;1.03;
2022-09-04 02:00:00;0.0;0.0;0.0;13.84;99.4;0.76;
2022-09-04 03:00:00;0.0;0.0;0.0;13.71;99.4;0.55;
2022-09-04 04:00:00;0.0;0.0;0.0;13.75;99.4;0.62;
2022-09-04 05:00:00;0.0;0.0;0.0;13.6;99.4;0.83;
2022-09-04 06:00:00;91.0;141.76;67.0;13.66;99.4;0.76;
2022-09-04 07:00:00;229.0;294.24;133.0;14.39;99.35;0.69;
2022-09-04 08:00:00;364.0;382.99;185.0;15.37;96.0;0.48;
2022-09-04 09:00:00;551.0;708.38;138.0;16.96;89.7;0.69;
2022-09-04 10:00:00;655.0;783.08;134.0;18.75;86.75;0.9;
2022-09-04 11:00:00;721.0;846.67;121.0;20.62;70.8;1.03;
2022-09-04 12:00:00;704.0;791.45;142.0;21.77;64.0;1.52;
2022-09-04 13:00:00;668.0;808.05;127.0;22.4;61.95;1.93;
2022-09-04 14:00:00;576.0;771.59;121.0;22.63;59.95;2.41;
2022-09-04 15:00:00;449.0;716.28;108.0;22.43;61.95;2.76;
2022-09-04 16:00:00;290.0;588.6;92.0;21.75;66.25;2.97;
2022-09-04 17:00:00;130.0;388.52;60.0;20.64;73.3;2.76;
2022-09-04 18:00:00;0.0;0.0;0.0;19.15;81.05;2.55;
2022-09-04 19:00:00;0.0;0.0;0.0;17.86;86.65;2.69;
2022-09-04 20:00:00;0.0;0.0;0.0;16.84;89.65;2.34;
2022-09-04 21:00:00;0.0;0.0;0.0;16.14;89.65;2.14;
2022-09-04 22:00:00;0.0;0.0;0.0;15.68;92.75;2.14;
2022-09-04 23:00:00;0.0;0.0;0.0;15.62;92.75;2.21;
2022-09-05 00:00:00;0.0;0.0;0.0;15.65;92.75;2.28;
2022-09-05 01:00:00;0.0;0.0;0.0;15.77;92.75;2.28;
2022-09-05 02:00:00;0.0;0.0;0.0;15.66;92.75;2.34;
2022-09-05 03:00:00;0.0;0.0;0.0;15.63;86.5;2.41;
2022-09-05 04:00:00;0.0;0.0;0.0;15.4;89.55;2.28;
2022-09-05 05:00:00;0.0;0.0;0.0;14.97;83.5;2.21;
2022-09-05 06:00:00;64.0;30.25;59.0;14.69;86.45;2.14;
2022-09-05 07:00:00;158.0;65.15;137.0;16.1;83.6;2.9;
2022-09-05 08:00:00;341.0;299.95;202.0;16.83;80.8;3.03;
2022-09-05 09:00:00;538.0;652.88;160.0;17.71;70.3;3.1;
2022-09-05 10:00:00;580.0;511.26;242.0;18.47;65.55;3.17;
2022-09-05 11:00:00;469.0;171.82;348.0;19.04;59.15;3.24;
2022-09-05 12:00:00;500.0;222.56;343.0;19.17;59.15;3.79;
2022-09-05 13:00:00;539.0;382.2;285.0;19.05;59.15;4.48;
2022-09-05 14:00:00;348.0;112.92;282.0;18.59;61.2;5.03;
2022-09-05 15:00:00;342.0;282.63;209.0;17.98;61.05;5.24;
2022-09-05 16:00:00;281.0;550.4;99.0;17.36;60.95;4.97;
2022-09-05 17:00:00;125.0;367.26;61.0;16.76;58.7;4.28;
2022-09-05 18:00:00;0.0;0.0;0.0;16.22;60.75;3.17;
2022-09-05 19:00:00;0.0;0.0;0.0;15.21;67.45;2.69;
2022-09-05 20:00:00;0.0;0.0;0.0;14.75;69.85;2.55;
2022-09-05 21:00:00;0.0;0.0;0.0;14.27;74.95;2.55;
2022-09-05 22:00:00;0.0;0.0;0.0;13.87;80.4;2.69;
2022-09-05 23:00:00;0.0;0.0;0.0;13.66;80.4;2.62;
2022-09-06 00:00:00;0.0;0.0;0.0;13.63;80.4;2.34;
2022-09-06 01:00:00;0.0;0.0;0.0;13.31;83.25;2.0;
2022-09-06 02:00:00;0.0;0.0;0.0;12.56;86.25;1.59;
2022-09-06 03:00:00;0.0;0.0;0.0;12.1;89.35;1.31;
2022-09-06 04:00:00;0.0;0.0;0.0;13.12;80.35;0.9;
2022-09-06 05:00:00;0.0;0.0;0.0;13.4;83.25;0.62;
2022-09-06 06:00:00;59.0;24.8;55.0;13.48;77.6;0.28;
2022-09-06 07:00:00;153.0;56.54;135.0;13.76;92.65;0.34;
2022-09-06 08:00:00;214.0;37.0;197.0;15.34;77.8;0.21;
2022-09-06 09:00:00;371.0;158.3;280.0;16.24;67.65;0.55;
2022-09-06 10:00:00;455.0;200.96;323.0;16.84;63.05;0.28;
2022-09-06 11:00:00;438.0;127.18;349.0;17.3;58.8;0.34;
2022-09-06 12:00:00;402.0;84.2;343.0;17.78;58.8;0.69;
2022-09-06 13:00:00;552.0;418.45;276.0;18.41;56.85;1.1;
2022-09-06 14:00:00;549.0;669.89;161.0;18.72;54.95;1.31;
2022-09-06 15:00:00;422.0;608.54;139.0;18.83;54.95;1.52;
2022-09-06 16:00:00;209.0;193.91;146.0;18.62;54.95;1.52;
2022-09-06 17:00:00;98.0;172.3;69.0;18.14;58.9;1.45;
2022-09-06 18:00:00;0.0;0.0;0.0;17.17;63.2;1.52;
2022-09-06 19:00:00;0.0;0.0;0.0;15.45;75.15;1.17;
2022-09-06 20:00:00;0.0;0.0;0.0;13.65;83.35;1.52;
2022-09-06 21:00:00;0.0;0.0;0.0;12.2;89.35;1.79;
2022-09-06 22:00:00;0.0;0.0;0.0;11.25;89.3;2.0;
2022-09-06 23:00:00;0.0;0.0;0.0;10.75;89.25;2.28;
2022-09-07 00:00:00;0.0;0.0;0.0;10.55;89.25;2.48;
2022-09-07 01:00:00;0.0;0.0;0.0;10.6;89.25;2.62;
2022-09-07 02:00:00;0.0;0.0;0.0;10.78;92.5;2.62;
2022-09-07 03:00:00;0.0;0.0;0.0;11.03;89.3;2.76;
2022-09-07 04:00:00;0.0;0.0;0.0;11.23;92.55;2.83;
2022-09-07 05:00:00;0.0;0.0;0.0;11.28;92.55;2.9;
2022-09-07 06:00:00;104.0;305.28;56.0;11.63;89.3;2.76;
2022-09-07 07:00:00;267.0;572.62;87.0;13.52;89.45;2.69;
2022-09-07 08:00:00;421.0;682.94;110.0;15.71;80.65;3.38;
2022-09-07 09:00:00;549.0;739.39;127.0;17.29;75.4;3.31;
2022-09-07 10:00:00;661.0;832.11;118.0;18.77;70.45;3.45;
2022-09-07 11:00:00;705.0;829.91;128.0;19.99;63.7;3.59;
2022-09-07 12:00:00;695.0;797.5;140.0;20.84;59.5;3.66;
2022-09-07 13:00:00;657.0;812.81;125.0;21.41;57.55;3.66;
2022-09-07 14:00:00;569.0;794.61;113.0;21.71;53.75;3.52;
2022-09-07 15:00:00;444.0;757.42;96.0;21.71;51.9;3.38;
2022-09-07 16:00:00;278.0;601.72;86.0;21.34;53.6;3.03;
2022-09-07 17:00:00;116.0;381.96;54.0;20.51;59.5;2.14;
2022-09-07 18:00:00;0.0;0.0;0.0;19.12;65.75;1.93;
2022-09-07 19:00:00;0.0;0.0;0.0;18.01;70.35;1.72;
2022-09-07 20:00:00;0.0;0.0;0.0;16.21;77.95;1.59;
2022-09-07 21:00:00;0.0;0.0;0.0;15.16;80.6;1.52;
2022-09-07 22:00:00;0.0;0.0;0.0;14.19;83.4;1.72;
2022-09-07 23:00:00;0.0;0.0;0.0;13.1;86.3;1.93;
2022-09-08 00:00:00;0.0;0.0;0.0;12.34;92.6;2.0;
2022-09-08 01:00:00;0.0;0.0;0.0;11.77;92.55;2.0;
2022-09-08 02:00:00;0.0;0.0;0.0;11.3;95.9;2.0;
2022-09-08 03:00:00;0.0;0.0;0.0;10.89;95.9;2.07;
2022-09-08 04:00:00;0.0;0.0;0.0;10.58;95.9;2.14;
2022-09-08 05:00:00;0.0;0.0;0.0;10.3;95.9;2.14;
2022-09-08 06:00:00;103.0;326.44;53.0;10.45;95.9;1.86;
2022-09-08 07:00:00;264.0;567.17;88.0;13.87;92.65;1.52;
2022-09-08 08:00:00;419.0;684.66;110.0;16.7;78.0;1.52;
2022-09-08 09:00:00;547.0;743.07;126.0;18.87;72.95;1.45;
2022-09-08 10:00:00;645.0;791.41;132.0;20.76;63.8;1.59;
2022-09-08 11:00:00;703.0;832.51;128.0;22.26;53.85;1.59;
2022-09-08 12:00:00;689.0;787.15;145.0;23.28;48.7;1.31;
2022-09-08 13:00:00;644.0;783.78;135.0;23.94;45.5;0.97;
2022-09-08 14:00:00;557.0;766.95;121.0;24.26;42.5;0.69;
2022-09-08 15:00:00;404.0;590.55;136.0;24.31;42.5;0.41;
2022-09-08 16:00:00;275.0;609.79;84.0;24.09;42.5;0.28;
2022-09-08 17:00:00;115.0;409.49;51.0;23.24;50.45;0.48;
2022-09-08 18:00:00;0.0;0.0;0.0;21.3;63.9;1.24;
2022-09-08 19:00:00;0.0;0.0;0.0;18.68;72.95;1.38;
2022-09-08 20:00:00;0.0;0.0;0.0;16.93;80.8;1.52;
2022-09-08 21:00:00;0.0;0.0;0.0;15.85;83.55;1.59;
2022-09-08 22:00:00;0.0;0.0;0.0;14.65;83.45;1.72;
2022-09-08 23:00:00;0.0;0.0;0.0;13.76;86.35;1.86;
2022-09-09 00:00:00;0.0;0.0;0.0;13.1;89.4;2.0;
2022-09-09 01:00:00;0.0;0.0;0.0;12.72;89.4;1.93;
2022-09-09 02:00:00;0.0;0.0;0.0;12.29;89.35;2.0;
2022-09-09 03:00:00;0.0;0.0;0.0;11.79;92.55;2.07;
2022-09-09 04:00:00;0.0;0.0;0.0;11.32;92.55;2.14;
2022-09-09 05:00:00;0.0;0.0;0.0;11.03;89.3;2.14;
2022-09-09 06:00:00;102.0;335.37;52.0;11.24;92.55;2.0;
2022-09-09 07:00:00;268.0;607.33;82.0;14.34;86.4;1.59;
2022-09-09 08:00:00;420.0;702.12;106.0;17.71;75.4;1.66;
2022-09-09 09:00:00;547.0;750.42;125.0;20.21;65.95;1.86;
2022-09-09 10:00:00;660.0;843.41;117.0;22.49;57.75;2.14;
2022-09-09 11:00:00;704.0;841.03;127.0;24.34;50.7;2.34;
2022-09-09 12:00:00;693.0;808.78;138.0;25.74;46.0;2.62;
2022-09-09 13:00:00;655.0;824.2;124.0;26.71;43.15;2.97;
2022-09-09 14:00:00;562.0;795.67;114.0;27.18;40.35;3.31;
2022-09-09 15:00:00;433.0;747.56;98.0;27.14;40.35;3.31;
2022-09-09 16:00:00;265.0;572.69;89.0;26.62;43.15;2.76;
2022-09-09 17:00:00;105.0;346.14;53.0;25.29;47.5;2.34;
2022-09-09 18:00:00;0.0;0.0;0.0;23.28;52.25;2.62;
2022-09-09 19:00:00;0.0;0.0;0.0;21.35;49.95;3.03;
2022-09-09 20:00:00;0.0;0.0;0.0;20.1;53.35;2.97;
2022-09-09 21:00:00;0.0;0.0;0.0;19.06;57.1;3.17;
2022-09-09 22:00:00;0.0;0.0;0.0;18.12;63.3;3.31;
2022-09-09 23:00:00;0.0;0.0;0.0;17.3;67.85;3.17;
2022-09-10 00:00:00;0.0;0.0;0.0;16.9;75.3;3.24;
2022-09-10 01:00:00;0.0;0.0;0.0;16.63;78.0;2.9;
2022-09-10 02:00:00;0.0;0.0;0.0;16.27;83.6;2.76;
2022-09-10 03:00:00;0.0;0.0;0.0;15.86;86.5;2.69;
2022-09-10 04:00:00;0.0;0.0;0.0;15.51;86.5;2.69;
2022-09-10 05:00:00;0.0;0.0;0.0;15.29;89.55;2.62;
2022-09-10 06:00:00;55.0;34.49;50.0;15.35;89.55;2.48;
2022-09-10 07:00:00;148.0;69.5;127.0;16.91;89.65;3.17;
2022-09-10 08:00:00;303.0;239.23;197.0;18.2;83.75;4.69;
2022-09-10 09:00:00;252.0;30.46;235.0;19.52;73.15;5.03;
2022-09-10 10:00:00;236.0;6.26;232.0;20.57;66.05;5.1;
2022-09-10 11:00:00;407.0;113.0;330.0;21.53;59.7;5.31;
2022-09-10 12:00:00;593.0;507.86;247.0;22.54;55.9;5.31;
2022-09-10 13:00:00;544.0;474.14;241.0;23.59;52.35;5.59;
2022-09-10 14:00:00;413.0;294.13;249.0;24.14;50.7;5.38;
2022-09-10 15:00:00;288.0;192.14;203.0;24.24;50.7;4.83;
2022-09-10 16:00:00;234.0;428.03;105.0;23.45;54.1;3.52;
2022-09-10 17:00:00;95.0;298.35;52.0;22.65;57.9;2.55;
2022-09-10 18:00:00;0.0;0.0;0.0;21.3;63.9;1.86;
2022-09-10 19:00:00;0.0;0.0;0.0;20.03;73.2;1.93;
2022-09-10 20:00:00;0.0;0.0;0.0;18.99;78.3;1.79;
2022-09-10 21:00:00;0.0;0.0;0.0;17.87;86.65;2.0;
2022-09-10 22:00:00;0.0;0.0;0.0;17.02;83.7;2.07;
2022-09-10 23:00:00;0.0;0.0;0.0;16.41;89.65;2.21;
2022-09-11 00:00:00;0.0;0.0;0.0;16.2;86.55;2.28;
2022-09-11 01:00:00;0.0;0.0;0.0;16.14;86.55;2.48;
2022-09-11 02:00:00;0.0;0.0;0.0;16.07;86.55;2.69;
2022-09-11 03:00:00;0.0;0.0;0.0;15.97;86.55;2.83;
2022-09-11 04:00:00;0.0;0.0;0.0;15.88;86.5;2.97;
2022-09-11 05:00:00;0.0;0.0;0.0;15.69;86.5;3.17;
2022-09-11 06:00:00;13.0;0.0;13.0;15.88;86.5;3.17;
2022-09-11 07:00:00;46.0;0.0;46.0;16.74;80.8;3.72;
2022-09-11 08:00:00;81.0;0.0;81.0;17.1;80.85;3.86;
2022-09-11 09:00:00;192.0;3.61;190.0;17.23;80.85;4.97;
2022-09-11 10:00:00;125.0;0.0;125.0;17.03;80.85;4.83;
2022-09-11 11:00:00;412.0;118.22;332.0;17.08;78.1;4.83;
2022-09-11 12:00:00;129.0;0.0;129.0;17.45;72.8;5.59;
2022-09-11 13:00:00;424.0;183.03;308.0;17.58;67.85;5.93;
2022-09-11 14:00:00;436.0;364.1;235.0;17.67;60.95;5.93;
2022-09-11 15:00:00;229.0;71.0;198.0;17.59;54.7;5.66;
2022-09-11 16:00:00;166.0;118.48;131.0;16.99;52.75;5.03;
2022-09-11 17:00:00;65.0;79.71;54.0;16.39;56.5;4.14;
2022-09-11 18:00:00;0.0;0.0;0.0;15.58;58.45;3.24;
2022-09-11 19:00:00;0.0;0.0;0.0;14.96;60.5;2.21;
2022-09-11 20:00:00;0.0;0.0;0.0;14.67;64.95;2.0;
2022-09-11 21:00:00;0.0;0.0;0.0;14.26;67.25;2.21;
2022-09-11 22:00:00;0.0;0.0;0.0;13.63;69.65;2.34;
2022-09-11 23:00:00;0.0;0.0;0.0;12.87;74.7;2.48;
2022-09-12 00:00:00;0.0;0.0;0.0;12.65;74.7;2.41;
2022-09-12 01:00:00;0.0;0.0;0.0;12.33;77.35;2.28;
2022-09-12 02:00:00;0.0;0.0;0.0;12.13;77.35;2.41;
2022-09-12 03:00:00;0.0;0.0;0.0;11.9;77.3;2.69;
2022-09-12 04:00:00;0.0;0.0;0.0;11.9;74.55;2.83;
2022-09-12 05:00:00;0.0;0.0;0.0;11.77;71.85;2.76;
2022-09-12 06:00:00;98.0;402.26;43.0;11.48;74.55;2.62;
2022-09-12 07:00:00;253.0;581.76;82.0;12.19;77.35;2.55;
2022-09-12 08:00:00;406.0;687.81;107.0;12.88;69.45;3.93;
2022-09-12 09:00:00;284.0;58.24;252.0;13.81;62.45;4.55;
2022-09-12 10:00:00;536.0;448.94;253.0;14.6;56.15;4.83;
2022-09-12 11:00:00;617.0;581.91;226.0;15.07;52.25;4.9;
2022-09-12 12:00:00;560.0;409.67;285.0;15.73;46.9;4.69;
2022-09-12 13:00:00;502.0;354.82;279.0;16.03;45.3;4.28;
2022-09-12 14:00:00;259.0;34.77;240.0;16.46;42.15;4.28;
2022-09-12 15:00:00;313.0;278.55;193.0;16.65;42.15;4.28;
2022-09-12 16:00:00;191.0;221.16;127.0;16.59;43.8;3.93;
2022-09-12 17:00:00;55.0;45.51;49.0;16.15;48.8;2.83;
2022-09-12 18:00:00;0.0;0.0;0.0;15.34;54.25;3.03;
2022-09-12 19:00:00;0.0;0.0;0.0;14.16;64.85;3.17;
2022-09-12 20:00:00;0.0;0.0;0.0;13.19;74.75;3.24;
2022-09-12 21:00:00;0.0;0.0;0.0;12.32;86.2;3.45;
2022-09-12 22:00:00;0.0;0.0;0.0;12.07;89.35;3.66;
2022-09-12 23:00:00;0.0;0.0;0.0;11.91;92.6;3.45;
2022-09-13 00:00:00;0.0;0.0;0.0;12.01;92.6;2.9;
2022-09-13 01:00:00;0.0;0.0;0.0;12.13;95.95;1.93;
2022-09-13 02:00:00;0.0;0.0;0.0;12.16;95.95;1.52;
2022-09-13 03:00:00;0.0;0.0;0.0;12.19;95.95;2.76;
2022-09-13 04:00:00;0.0;0.0;0.0;12.26;92.6;4.34;
2022-09-13 05:00:00;0.0;0.0;0.0;12.15;92.6;4.83;
2022-09-13 06:00:00;69.0;135.78;51.0;12.09;89.35;4.41;
2022-09-13 07:00:00;64.0;0.0;64.0;12.72;89.4;3.93;
2022-09-13 08:00:00;300.0;246.24;194.0;13.39;86.3;4.55;
2022-09-13 09:00:00;335.0;133.92;262.0;14.34;74.95;4.69;
2022-09-13 10:00:00;408.0;161.39;307.0;15.37;65.05;4.55;
2022-09-13 11:00:00;479.0;233.84;323.0;16.23;56.5;4.34;
2022-09-13 12:00:00;195.0;0.0;195.0;16.33;54.45;4.14;
2022-09-13 13:00:00;433.0;208.62;303.0;16.21;52.5;4.07;
2022-09-13 14:00:00;339.0;144.22;261.0;16.03;52.5;4.0;
2022-09-13 15:00:00;294.0;232.97;195.0;15.9;56.35;3.59;
2022-09-13 16:00:00;220.0;412.94;103.0;15.74;54.35;3.31;
2022-09-13 17:00:00;91.0;397.9;41.0;15.16;58.35;2.62;
2022-09-13 18:00:00;0.0;0.0;0.0;14.06;64.85;1.79;
2022-09-13 19:00:00;0.0;0.0;0.0;13.41;74.75;1.66;
2022-09-13 20:00:00;0.0;0.0;0.0;12.6;80.3;1.79;
2022-09-13 21:00:00;0.0;0.0;0.0;11.88;83.1;2.34;
2022-09-13 22:00:00;0.0;0.0;0.0;11.45;83.1;2.9;
2022-09-13 23:00:00;0.0;0.0;0.0;11.37;83.05;3.52;
2022-09-14 00:00:00;0.0;0.0;0.0;11.24;80.1;3.93;
2022-09-14 01:00:00;0.0;0.0;0.0;11.07;77.2;4.28;
2022-09-14 02:00:00;0.0;0.0;0.0;11.04;80.1;4.62;
2022-09-14 03:00:00;0.0;0.0;0.0;11.23;83.05;4.9;
2022-09-14 04:00:00;0.0;0.0;0.0;11.56;83.1;5.1;
2022-09-14 05:00:00;0.0;0.0;0.0;12.26;83.15;5.31;
2022-09-14 06:00:00;41.0;15.58;39.0;13.18;80.35;5.31;
2022-09-14 07:00:00;28.0;0.0;28.0;14.54;80.55;5.24;
2022-09-14 08:00:00;78.0;0.0;78.0;15.42;80.6;5.17;
2022-09-14 09:00:00;112.0;0.0;112.0;16.22;75.25;6.48;
2022-09-14 10:00:00;100.0;0.0;100.0;17.03;67.85;7.17;
2022-09-14 11:00:00;538.0;383.54;284.0;17.26;70.3;6.48;
2022-09-14 12:00:00;310.0;31.77;289.0;17.84;70.3;6.9;
2022-09-14 13:00:00;93.0;0.0;93.0;18.22;67.95;7.38;
2022-09-14 14:00:00;80.0;0.0;80.0;18.53;65.65;7.45;
2022-09-14 15:00:00;185.0;28.64;173.0;18.15;70.35;6.62;
2022-09-14 16:00:00;143.0;82.95;120.0;17.49;72.8;6.14;
2022-09-14 17:00:00;60.0;108.83;47.0;16.81;70.2;4.76;
2022-09-14 18:00:00;0.0;0.0;0.0;16.11;65.25;4.07;
2022-09-14 19:00:00;0.0;0.0;0.0;15.96;67.65;3.31;
2022-09-14 20:00:00;0.0;0.0;0.0;15.49;67.55;3.24;
2022-09-14 21:00:00;0.0;0.0;0.0;15.26;69.9;3.1;
2022-09-14 22:00:00;0.0;0.0;0.0;14.62;69.85;2.76;
2022-09-14 23:00:00;0.0;0.0;0.0;14.07;74.95;2.62;
2022-09-15 00:00:00;0.0;0.0;0.0;13.55;77.6;2.62;
2022-09-15 01:00:00;0.0;0.0;0.0;13.12;80.35;2.48;
2022-09-15 02:00:00;0.0;0.0;0.0;12.84;83.25;2.34;
2022-09-15 03:00:00;0.0;0.0;0.0;12.57;83.25;2.34;
2022-09-15 04:00:00;0.0;0.0;0.0;12.42;86.25;2.34;
2022-09-15 05:00:00;0.0;0.0;0.0;12.19;89.35;2.41;
2022-09-15 06:00:00;0.0;0.0;0.0;12.0;89.35;2.34;
2022-09-15 07:00:00;130.0;53.31;115.0;13.08;89.4;1.93;
2022-09-15 08:00:00;338.0;412.4;164.0;14.86;80.55;2.41;
2022-09-15 09:00:00;464.0;507.24;192.0;15.81;70.0;3.03;
2022-09-15 10:00:00;426.0;207.61;298.0;16.59;63.05;3.03;
2022-09-15 11:00:00;422.0;147.56;325.0;17.08;60.95;3.24;
2022-09-15 12:00:00;556.0;442.13;266.0;17.38;60.95;3.31;
2022-09-15 13:00:00;567.0;617.34;189.0;17.8;63.2;3.31;
2022-09-15 14:00:00;429.0;398.49;218.0;17.99;61.05;3.17;
2022-09-15 15:00:00;353.0;517.99;139.0;18.05;61.05;2.97;
2022-09-15 16:00:00;184.0;258.16;114.0;17.84;63.2;2.34;
2022-09-15 17:00:00;65.0;194.3;43.0;17.23;65.45;1.31;
2022-09-15 18:00:00;0.0;0.0;0.0;15.97;72.65;0.9;
2022-09-15 19:00:00;0.0;0.0;0.0;14.81;77.75;1.1;
2022-09-15 20:00:00;0.0;0.0;0.0;12.58;89.4;1.79;
2022-09-15 21:00:00;0.0;0.0;0.0;11.74;92.55;1.93;
2022-09-15 22:00:00;0.0;0.0;0.0;11.24;92.55;2.14;
2022-09-15 23:00:00;0.0;0.0;0.0;10.9;89.3;2.34;
2022-09-16 00:00:00;0.0;0.0;0.0;10.73;92.5;2.41;
2022-09-16 01:00:00;0.0;0.0;0.0;10.61;92.5;2.48;
2022-09-16 02:00:00;0.0;0.0;0.0;10.6;92.5;2.62;
2022-09-16 03:00:00;0.0;0.0;0.0;10.63;92.5;2.69;
2022-09-16 04:00:00;0.0;0.0;0.0;10.6;92.5;2.69;
2022-09-16 05:00:00;0.0;0.0;0.0;10.5;92.5;2.69;
2022-09-16 06:00:00;72.0;241.68;43.0;10.64;92.5;2.62;
2022-09-16 07:00:00;226.0;505.15;86.0;12.03;92.6;2.34;
2022-09-16 08:00:00;371.0;605.86;118.0;13.69;89.45;2.62;
2022-09-16 09:00:00;449.0;472.03;198.0;15.57;80.65;2.83;
2022-09-16 10:00:00;550.0;565.5;204.0;17.16;72.8;3.17;
2022-09-16 11:00:00;570.0;499.68;244.0;18.74;65.65;4.34;
2022-09-16 12:00:00;582.0;544.03;228.0;19.63;61.4;4.69;
2022-09-16 13:00:00;471.0;327.94;272.0;19.97;61.4;4.28;
2022-09-16 14:00:00;380.0;265.39;241.0;20.49;59.35;4.34;
2022-09-16 15:00:00;262.0;179.28;189.0;20.54;57.45;3.72;
2022-09-16 16:00:00;130.0;67.92;112.0;20.36;59.35;3.17;
2022-09-16 17:00:00;39.0;28.04;36.0;19.35;65.75;2.69;
2022-09-16 18:00:00;0.0;0.0;0.0;17.92;70.3;2.76;
2022-09-16 19:00:00;0.0;0.0;0.0;16.65;75.3;2.55;
2022-09-16 20:00:00;0.0;0.0;0.0;15.64;80.65;2.41;
2022-09-16 21:00:00;0.0;0.0;0.0;14.93;83.45;2.83;
2022-09-16 22:00:00;0.0;0.0;0.0;14.41;86.4;3.17;
2022-09-16 23:00:00;0.0;0.0;0.0;13.8;86.35;3.17;
2022-09-17 00:00:00;0.0;0.0;0.0;13.23;89.4;3.1;
2022-09-17 01:00:00;0.0;0.0;0.0;12.93;89.4;2.97;
2022-09-17 02:00:00;0.0;0.0;0.0;12.67;92.6;2.83;
2022-09-17 03:00:00;0.0;0.0;0.0;12.58;92.6;2.83;
2022-09-17 04:00:00;0.0;0.0;0.0;12.8;92.6;2.76;
2022-09-17 05:00:00;0.0;0.0;0.0;13.26;92.65;2.62;
2022-09-17 06:00:00;32.0;8.64;31.0;13.8;89.45;2.55;
2022-09-17 07:00:00;114.0;32.98;105.0;14.49;89.5;2.69;
2022-09-17 08:00:00;206.0;58.08;182.0;15.71;86.5;3.38;
2022-09-17 09:00:00;363.0;218.12;248.0;17.0;78.1;3.86;
2022-09-17 10:00:00;268.0;23.06;254.0;18.16;75.45;3.86;
2022-09-17 11:00:00;309.0;35.52;286.0;18.69;70.45;3.79;
2022-09-17 12:00:00;205.0;1.55;204.0;19.14;68.1;3.52;
2022-09-17 13:00:00;179.0;0.0;179.0;19.4;70.55;3.72;
2022-09-17 14:00:00;251.0;42.47;229.0;19.64;68.2;4.55;
2022-09-17 15:00:00;98.0;0.0;98.0;19.36;70.55;4.28;
2022-09-17 16:00:00;100.0;19.31;95.0;19.1;70.55;4.21;
2022-09-17 17:00:00;31.0;9.93;30.0;18.46;75.45;3.38;
2022-09-17 18:00:00;0.0;0.0;0.0;18.02;75.45;3.45;
2022-09-17 19:00:00;0.0;0.0;0.0;17.02;78.1;3.59;
2022-09-17 20:00:00;0.0;0.0;0.0;16.47;75.3;3.72;
2022-09-17 21:00:00;0.0;0.0;0.0;15.89;75.15;3.59;
2022-09-17 22:00:00;0.0;0.0;0.0;15.16;75.1;3.31;
2022-09-17 23:00:00;0.0;0.0;0.0;14.38;80.45;3.03;
2022-09-18 00:00:00;0.0;0.0;0.0;13.75;83.35;2.9;
2022-09-18 01:00:00;0.0;0.0;0.0;13.72;83.35;2.83;
2022-09-18 02:00:00;0.0;0.0;0.0;13.72;83.35;2.83;
2022-09-18 03:00:00;0.0;0.0;0.0;13.72;83.35;2.9;
2022-09-18 04:00:00;0.0;0.0;0.0;13.84;86.35;3.24;
2022-09-18 05:00:00;0.0;0.0;0.0;13.98;83.4;4.07;
2022-09-18 06:00:00;30.0;8.97;29.0;14.15;89.5;4.62;
2022-09-18 07:00:00;81.0;3.72;80.0;14.13;89.5;4.07;
2022-09-18 08:00:00;194.0;44.03;176.0;14.46;86.45;4.28;
2022-09-18 09:00:00;271.0;59.31;240.0;14.85;77.75;4.9;
2022-09-18 10:00:00;317.0;59.77;281.0;15.13;72.45;5.1;
2022-09-18 11:00:00;125.0;0.0;125.0;15.67;70.0;5.24;
2022-09-18 12:00:00;519.0;374.9;279.0;16.23;65.25;5.03;
2022-09-18 13:00:00;487.0;392.78;253.0;16.54;60.85;5.24;
2022-09-18 14:00:00;457.0;560.34;170.0;16.26;56.5;5.38;
2022-09-18 15:00:00;362.0;655.4;103.0;15.86;56.35;5.24;
2022-09-18 16:00:00;100.0;23.74;94.0;15.39;58.35;4.76;
2022-09-18 17:00:00;55.0;211.74;35.0;14.57;60.4;3.59;
2022-09-18 18:00:00;0.0;0.0;0.0;13.86;64.75;3.17;
2022-09-18 19:00:00;0.0;0.0;0.0;13.22;67.05;2.55;
2022-09-18 20:00:00;0.0;0.0;0.0;12.74;69.45;2.34;
2022-09-18 21:00:00;0.0;0.0;0.0;12.15;71.95;2.34;
2022-09-18 22:00:00;0.0;0.0;0.0;11.93;69.35;2.62;
2022-09-18 23:00:00;0.0;0.0;0.0;11.55;69.25;2.83;
2022-09-19 00:00:00;0.0;0.0;0.0;11.34;69.15;2.9;
2022-09-19 01:00:00;0.0;0.0;0.0;11.09;66.65;2.97;
2022-09-19 02:00:00;0.0;0.0;0.0;10.82;69.1;3.17;
2022-09-19 03:00:00;0.0;0.0;0.0;10.72;69.1;3.38;
2022-09-19 04:00:00;0.0;0.0;0.0;10.53;71.7;3.52;
2022-09-19 05:00:00;0.0;0.0;0.0;10.43;71.7;3.45;
2022-09-19 06:00:00;73.0;354.3;35.0;10.72;74.4;3.24;
2022-09-19 07:00:00;225.0;559.99;77.0;10.66;83.0;2.55;
2022-09-19 08:00:00;330.0;430.25;156.0;11.9;74.55;4.07;
2022-09-19 09:00:00;383.0;274.09;241.0;12.62;69.45;4.48;
2022-09-19 10:00:00;447.0;272.79;284.0;13.28;64.65;4.9;
2022-09-19 11:00:00;184.0;0.0;184.0;13.51;60.2;5.1;
2022-09-19 12:00:00;515.0;362.3;285.0;13.91;58.0;5.38;
2022-09-19 13:00:00;463.0;328.73;269.0;14.12;56.0;5.66;
2022-09-19 14:00:00;418.0;414.73;208.0;14.13;53.95;5.72;
2022-09-19 15:00:00;287.0;295.52;172.0;13.77;55.9;5.45;
2022-09-19 16:00:00;188.0;385.38;93.0;13.56;55.9;4.9;
2022-09-19 17:00:00;56.0;294.87;30.0;13.22;57.9;3.79;
2022-09-19 18:00:00;0.0;0.0;0.0;12.45;59.95;2.69;
2022-09-19 19:00:00;0.0;0.0;0.0;11.77;69.25;2.07;
2022-09-19 20:00:00;0.0;0.0;0.0;11.18;71.75;2.21;
2022-09-19 21:00:00;0.0;0.0;0.0;10.6;74.4;2.48;
2022-09-19 22:00:00;0.0;0.0;0.0;10.35;77.1;2.55;
2022-09-19 23:00:00;0.0;0.0;0.0;10.42;71.7;2.55;
2022-09-20 00:00:00;0.0;0.0;0.0;10.11;74.3;2.62;
2022-09-20 01:00:00;0.0;0.0;0.0;9.67;79.9;2.41;
2022-09-20 02:00:00;0.0;0.0;0.0;9.21;82.85;2.28;
2022-09-20 03:00:00;0.0;0.0;0.0;8.88;82.85;2.28;
2022-09-20 04:00:00;0.0;0.0;0.0;8.83;85.9;2.34;
2022-09-20 05:00:00;0.0;0.0;0.0;8.79;85.9;2.48;
2022-09-20 06:00:00;48.0;97.11;38.0;8.95;82.85;2.55;
2022-09-20 07:00:00;112.0;34.62;103.0;9.67;89.15;2.41;
2022-09-20 08:00:00;155.0;12.5;150.0;11.15;80.1;2.9;
2022-09-20 09:00:00;261.0;54.53;233.0;12.71;74.7;3.17;
2022-09-20 10:00:00;472.0;357.7;260.0;14.25;67.25;3.66;
2022-09-20 11:00:00;544.0;461.85;252.0;15.1;58.35;4.07;
2022-09-20 12:00:00;541.0;462.3;250.0;15.32;56.25;3.93;
2022-09-20 13:00:00;299.0;51.32;269.0;15.77;50.5;3.86;
2022-09-20 14:00:00;234.0;33.97;217.0;15.97;48.8;3.45;
2022-09-20 15:00:00;271.0;258.43;172.0;15.89;50.5;2.69;
2022-09-20 16:00:00;164.0;266.33;100.0;15.68;54.35;1.93;
2022-09-20 17:00:00;43.0;158.76;30.0;15.11;58.35;1.45;
2022-09-20 18:00:00;0.0;0.0;0.0;14.22;62.55;1.79;
2022-09-20 19:00:00;0.0;0.0;0.0;13.16;67.05;2.21;
2022-09-20 20:00:00;0.0;0.0;0.0;12.39;69.35;2.34;
2022-09-20 21:00:00;0.0;0.0;0.0;11.88;71.85;2.41;
2022-09-20 22:00:00;0.0;0.0;0.0;11.51;71.85;2.48;
2022-09-20 23:00:00;0.0;0.0;0.0;11.1;71.75;2.41;
2022-09-21 00:00:00;0.0;0.0;0.0;10.64;74.4;2.34;
2022-09-21 01:00:00;0.0;0.0;0.0;10.29;74.3;2.34;
2022-09-21 02:00:00;0.0;0.0;0.0;9.97;71.6;2.34;
2022-09-21 03:00:00;0.0;0.0;0.0;9.67;74.2;2.28;
2022-09-21 04:00:00;0.0;0.0;0.0;9.33;74.15;2.21;
2022-09-21 05:00:00;0.0;0.0;0.0;9.08;74.15;2.14;
2022-09-21 06:00:00;32.0;20.27;30.0;9.02;74.15;2.0;
2022-09-21 07:00:00;168.0;234.74;108.0;9.74;85.95;1.79;
2022-09-21 08:00:00;190.0;48.04;171.0;11.05;77.2;1.72;
2022-09-21 09:00:00;276.0;74.69;238.0;12.48;72.05;1.72;
2022-09-21 10:00:00;322.0;73.16;279.0;13.95;64.85;1.45;
2022-09-21 11:00:00;476.0;288.63;295.0;15.01;60.5;1.1;
2022-09-21 12:00:00;424.0;185.88;308.0;15.88;56.35;0.69;
2022-09-21 13:00:00;305.0;60.46;270.0;16.3;54.45;0.48;
2022-09-21 14:00:00;221.0;26.28;208.0;16.44;52.5;0.9;
2022-09-21 15:00:00;161.0;26.52;151.0;16.17;54.45;1.03;
2022-09-21 16:00:00;63.0;0.0;63.0;15.77;58.45;1.03;
2022-09-21 17:00:00;20.0;13.23;19.0;14.97;62.75;1.31;
2022-09-21 18:00:00;0.0;0.0;0.0;13.98;69.75;1.66;
2022-09-21 19:00:00;0.0;0.0;0.0;13.15;74.75;1.86;
2022-09-21 20:00:00;0.0;0.0;0.0;12.35;80.2;1.93;
2022-09-21 21:00:00;0.0;0.0;0.0;11.5;83.1;1.93;
2022-09-21 22:00:00;0.0;0.0;0.0;10.82;89.25;2.28;
2022-09-21 23:00:00;0.0;0.0;0.0;10.58;89.25;2.69;
2022-09-22 00:00:00;0.0;0.0;0.0;10.81;89.25;3.03;
2022-09-22 01:00:00;0.0;0.0;0.0;11.14;89.3;3.31;
2022-09-22 02:00:00;0.0;0.0;0.0;11.43;86.15;3.52;
2022-09-22 03:00:00;0.0;0.0;0.0;11.43;83.1;4.07;
2022-09-22 04:00:00;0.0;0.0;0.0;11.22;80.1;4.28;
2022-09-22 05:00:00;0.0;0.0;0.0;11.07;77.2;3.66;
2022-09-22 06:00:00;34.0;31.79;31.0;10.66;80.05;2.55;
2022-09-22 07:00:00;204.0;489.62;81.0;10.5;89.25;1.93;
2022-09-22 08:00:00;267.0;225.09;179.0;11.86;83.1;2.21;
2022-09-22 09:00:00;478.0;682.43;134.0;12.95;72.1;3.1;
2022-09-22 10:00:00;424.0;248.77;279.0;13.63;67.15;3.45;
2022-09-22 11:00:00;578.0;599.75;205.0;14.09;58.1;3.31;
2022-09-22 12:00:00;361.0;93.76;303.0;14.7;54.1;3.17;
2022-09-22 13:00:00;417.0;247.74;275.0;15.12;50.35;3.03;
2022-09-22 14:00:00;443.0;583.19;158.0;15.17;48.55;2.97;
2022-09-22 15:00:00;337.0;628.19;104.0;15.06;46.75;3.03;
2022-09-22 16:00:00;182.0;465.19;76.0;14.6;50.25;3.03;
2022-09-22 17:00:00;35.0;144.29;25.0;13.7;55.9;2.28;
2022-09-22 18:00:00;0.0;0.0;0.0;12.46;62.2;2.21;
2022-09-22 19:00:00;0.0;0.0;0.0;11.66;71.85;2.14;
2022-09-22 20:00:00;0.0;0.0;0.0;11.28;74.45;2.14;
2022-09-22 21:00:00;0.0;0.0;0.0;10.8;77.15;2.14;
2022-09-22 22:00:00;0.0;0.0;0.0;10.45;77.15;2.21;
2022-09-22 23:00:00;0.0;0.0;0.0;10.19;79.95;2.34;
2022-09-23 00:00:00;0.0;0.0;0.0;9.68;82.9;2.41;
2022-09-23 01:00:00;0.0;0.0;0.0;9.2;85.95;2.41;
2022-09-23 02:00:00;0.0;0.0;0.0;8.9;85.95;2.48;
2022-09-23 03:00:00;0.0;0.0;0.0;8.91;82.85;2.76;
2022-09-23 04:00:00;0.0;0.0;0.0;9.03;82.85;2.9;
2022-09-23 05:00:00;0.0;0.0;0.0;9.09;82.85;3.1;
2022-09-23 06:00:00;40.0;88.86;32.0;9.29;82.85;3.24;
2022-09-23 07:00:00;128.0;93.19;105.0;9.76;85.95;3.38;
2022-09-23 08:00:00;181.0;43.99;164.0;10.44;80.05;3.66;
2022-09-23 09:00:00;100.0;0.0;100.0;11.17;77.2;4.0;
2022-09-23 10:00:00;167.0;0.0;167.0;12.32;71.95;4.62;
2022-09-23 11:00:00;188.0;0.0;188.0;12.84;69.45;4.97;
2022-09-23 12:00:00;137.0;0.0;137.0;13.28;67.05;5.45;
2022-09-23 13:00:00;83.0;0.0;83.0;13.82;64.75;6.07;
2022-09-23 14:00:00;160.0;2.07;159.0;14.36;60.3;6.69;
2022-09-23 15:00:00;95.0;0.0;95.0;14.41;62.55;6.28;
2022-09-23 16:00:00;23.0;0.0;23.0;13.49;69.65;5.79;
2022-09-23 17:00:00;13.0;0.0;13.0;12.97;74.75;5.79;
2022-09-23 18:00:00;0.0;0.0;0.0;12.76;80.3;5.31;
2022-09-23 19:00:00;0.0;0.0;0.0;11.89;86.15;5.31;
2022-09-23 20:00:00;0.0;0.0;0.0;11.97;83.15;4.9;
2022-09-23 21:00:00;0.0;0.0;0.0;12.2;86.2;4.21;
2022-09-23 22:00:00;0.0;0.0;0.0;12.78;92.6;3.79;
2022-09-23 23:00:00;0.0;0.0;0.0;13.49;92.65;3.52;
2022-09-24 00:00:00;0.0;0.0;0.0;14.39;96.0;3.45;
2022-09-24 01:00:00;0.0;0.0;0.0;15.23;89.55;3.45;
2022-09-24 02:00:00;0.0;0.0;0.0;15.94;92.75;3.66;
2022-09-24 03:00:00;0.0;0.0;0.0;16.46;86.6;4.07;
2022-09-24 04:00:00;0.0;0.0;0.0;16.79;89.65;4.28;
2022-09-24 05:00:00;0.0;0.0;0.0;16.97;86.65;4.28;
2022-09-24 06:00:00;50.0;233.4;30.0;16.9;89.65;4.62;
2022-09-24 07:00:00;171.0;330.06;91.0;16.44;92.8;4.14;
2022-09-24 08:00:00;275.0;301.16;160.0;16.99;89.7;4.0;
2022-09-24 09:00:00;207.0;20.22;197.0;18.23;86.7;4.76;
2022-09-24 10:00:00;430.0;305.46;255.0;18.43;86.7;5.52;
2022-09-24 11:00:00;0.0;0.0;0.0;18.11;83.75;6.41;
2022-09-24 12:00:00;302.0;47.72;273.0;17.36;83.7;8.76;
2022-09-24 13:00:00;225.0;12.46;218.0;15.01;86.5;10.07;
2022-09-24 14:00:00;51.0;0.0;51.0;14.9;77.75;9.86;
2022-09-24 15:00:00;86.0;0.0;86.0;15.7;67.55;9.72;
2022-09-24 16:00:00;85.0;27.86;79.0;16.0;62.95;9.24;
2022-09-24 17:00:00;25.0;105.77;19.0;15.74;62.85;8.28;
2022-09-24 18:00:00;0.0;0.0;0.0;15.34;62.75;7.66;
2022-09-24 19:00:00;0.0;0.0;0.0;14.86;64.95;7.03;
2022-09-24 20:00:00;0.0;0.0;0.0;14.63;64.95;6.55;
2022-09-24 21:00:00;0.0;0.0;0.0;14.4;67.25;6.0;
2022-09-24 22:00:00;0.0;0.0;0.0;13.57;74.85;5.38;
2022-09-24 23:00:00;0.0;0.0;0.0;13.06;80.35;5.45;
2022-09-25 00:00:00;0.0;0.0;0.0;12.78;86.25;5.86;
2022-09-25 01:00:00;0.0;0.0;0.0;12.57;89.4;5.38;
2022-09-25 02:00:00;0.0;0.0;0.0;12.1;89.35;5.31;
2022-09-25 03:00:00;0.0;0.0;0.0;11.88;89.3;5.38;
2022-09-25 04:00:00;0.0;0.0;0.0;11.4;89.3;5.31;
2022-09-25 05:00:00;0.0;0.0;0.0;11.08;89.3;5.1;
2022-09-25 06:00:00;10.0;0.0;10.0;10.93;89.3;5.1;
2022-09-25 07:00:00;191.0;491.73;74.0;11.37;86.1;5.45;
2022-09-25 08:00:00;357.0;718.35;86.0;12.42;83.25;5.03;
2022-09-25 09:00:00;406.0;436.92;192.0;13.66;72.2;7.72;
2022-09-25 10:00:00;376.0;174.33;277.0;14.47;67.35;7.03;
2022-09-25 11:00:00;287.0;32.99;267.0;15.52;67.55;6.62;
2022-09-25 12:00:00;84.0;0.0;84.0;16.06;65.25;6.55;
2022-09-25 13:00:00;536.0;714.08;139.0;16.69;56.6;6.83;
2022-09-25 14:00:00;354.0;303.72;211.0;16.77;54.6;6.34;
2022-09-25 15:00:00;315.0;615.53;98.0;16.85;56.6;6.21;
2022-09-25 16:00:00;154.0;363.36;78.0;16.48;58.7;4.97;
2022-09-25 17:00:00;11.0;0.0;11.0;15.33;65.05;5.24;
2022-09-25 18:00:00;0.0;0.0;0.0;14.11;69.75;4.9;
2022-09-25 19:00:00;0.0;0.0;0.0;13.42;80.35;4.9;
2022-09-25 20:00:00;0.0;0.0;0.0;13.23;80.35;4.97;
2022-09-25 21:00:00;0.0;0.0;0.0;13.09;80.35;5.1;
2022-09-25 22:00:00;0.0;0.0;0.0;13.0;80.35;5.1;
2022-09-25 23:00:00;0.0;0.0;0.0;12.92;83.25;5.03;
2022-09-26 00:00:00;0.0;0.0;0.0;13.01;83.25;5.1;
2022-09-26 01:00:00;0.0;0.0;0.0;13.03;83.25;5.1;
2022-09-26 02:00:00;0.0;0.0;0.0;12.66;86.25;5.31;
2022-09-26 03:00:00;0.0;0.0;0.0;12.33;89.35;5.1;
2022-09-26 04:00:00;0.0;0.0;0.0;12.35;89.35;4.97;
2022-09-26 05:00:00;0.0;0.0;0.0;12.03;89.35;4.76;
2022-09-26 06:00:00;39.0;155.94;27.0;11.95;89.35;4.76;
2022-09-26 07:00:00;177.0;406.92;82.0;12.18;89.35;4.76;
2022-09-26 08:00:00;224.0;139.55;172.0;13.09;83.25;5.79;
2022-09-26 09:00:00;483.0;795.93;97.0;13.89;80.4;6.0;
2022-09-26 10:00:00;420.0;284.28;260.0;14.66;77.75;5.59;
2022-09-26 11:00:00;455.0;291.23;280.0;15.71;72.55;5.72;
2022-09-26 12:00:00;306.0;51.96;275.0;16.31;70.1;5.79;
2022-09-26 13:00:00;404.0;267.19;257.0;16.49;65.35;5.52;
2022-09-26 14:00:00;347.0;301.17;207.0;16.69;63.05;5.1;
2022-09-26 15:00:00;285.0;464.77;124.0;16.64;63.05;4.76;
2022-09-26 16:00:00;139.0;285.82;81.0;14.94;72.45;4.21;
2022-09-26 17:00:00;18.0;90.54;14.0;14.57;75.0;4.14;
2022-09-26 18:00:00;0.0;0.0;0.0;14.05;77.65;4.41;
2022-09-26 19:00:00;0.0;0.0;0.0;13.33;80.35;4.14;
2022-09-26 20:00:00;0.0;0.0;0.0;12.99;80.35;4.21;
2022-09-26 21:00:00;0.0;0.0;0.0;12.74;83.25;4.28;
2022-09-26 22:00:00;0.0;0.0;0.0;12.67;83.25;4.21;
2022-09-26 23:00:00;0.0;0.0;0.0;12.55;86.25;4.07;
2022-09-27 00:00:00;0.0;0.0;0.0;12.13;89.35;3.79;
2022-09-27 01:00:00;0.0;0.0;0.0;11.82;92.55;3.52;
2022-09-27 02:00:00;0.0;0.0;0.0;11.79;92.55;3.31;
2022-09-27 03:00:00;0.0;0.0;0.0;11.64;92.55;3.17;
2022-09-27 04:00:00;0.0;0.0;0.0;11.41;89.3;3.38;
2022-09-27 05:00:00;0.0;0.0;0.0;11.22;95.9;3.52;
2022-09-27 06:00:00;26.0;41.34;23.0;11.25;95.9;3.59;
2022-09-27 07:00:00;93.0;30.57;86.0;11.46;92.55;2.97;
2022-09-27 08:00:00;170.0;40.76;155.0;11.99;92.6;3.24;
2022-09-27 09:00:00;263.0;83.31;223.0;12.78;92.6;3.17;
2022-09-27 10:00:00;256.0;28.69;240.0;13.28;92.65;3.24;
2022-09-27 11:00:00;65.0;0.0;65.0;14.22;89.5;3.31;
2022-09-27 12:00:00;445.0;287.65;275.0;15.14;86.5;3.52;
2022-09-27 13:00:00;404.0;279.22;252.0;15.17;83.5;3.93;
2022-09-27 14:00:00;359.0;361.78;193.0;14.27;83.4;4.41;
2022-09-27 15:00:00;227.0;217.48;153.0;13.88;83.35;4.76;
2022-09-27 16:00:00;72.0;20.34;68.0;13.31;83.25;4.41;
2022-09-27 17:00:00;13.0;0.0;13.0;12.91;86.25;4.34;
2022-09-27 18:00:00;0.0;0.0;0.0;12.48;86.25;3.52;
2022-09-27 19:00:00;0.0;0.0;0.0;12.57;80.3;2.55;
2022-09-27 20:00:00;0.0;0.0;0.0;12.04;83.15;2.48;
2022-09-27 21:00:00;0.0;0.0;0.0;11.65;86.15;2.69;
2022-09-27 22:00:00;0.0;0.0;0.0;11.29;89.3;2.97;
2022-09-27 23:00:00;0.0;0.0;0.0;10.94;89.3;3.17;
2022-09-28 00:00:00;0.0;0.0;0.0;10.76;92.5;3.38;
2022-09-28 01:00:00;0.0;0.0;0.0;10.67;89.25;3.59;
2022-09-28 02:00:00;0.0;0.0;0.0;10.54;89.25;3.86;
2022-09-28 03:00:00;0.0;0.0;0.0;10.34;92.5;4.0;
2022-09-28 04:00:00;0.0;0.0;0.0;10.25;92.5;4.07;
2022-09-28 05:00:00;0.0;0.0;0.0;10.28;92.5;4.07;
2022-09-28 06:00:00;21.0;14.67;20.0;10.38;92.5;4.14;
2022-09-28 07:00:00;146.0;231.67;94.0;11.55;92.55;3.79;
2022-09-28 08:00:00;159.0;30.28;148.0;12.51;86.25;5.03;
2022-09-28 09:00:00;430.0;599.7;145.0;13.45;80.4;5.52;
2022-09-28 10:00:00;470.0;459.62;216.0;14.35;72.3;5.52;
2022-09-28 11:00:00;496.0;430.36;242.0;15.03;67.45;5.59;
2022-09-28 12:00:00;220.0;6.83;216.0;15.63;62.85;5.66;
2022-09-28 13:00:00;476.0;529.2;191.0;16.03;60.75;5.1;
2022-09-28 14:00:00;241.0;72.87;208.0;16.19;62.95;4.55;
2022-09-28 15:00:00;236.0;269.37;146.0;15.99;62.95;4.07;
2022-09-28 16:00:00;78.0;31.5;72.0;15.93;67.55;3.86;
2022-09-28 17:00:00;8.0;0.0;8.0;15.36;67.45;3.66;
2022-09-28 18:00:00;0.0;0.0;0.0;14.86;69.85;3.59;
2022-09-28 19:00:00;0.0;0.0;0.0;14.23;67.25;4.0;
2022-09-28 20:00:00;0.0;0.0;0.0;13.74;69.65;4.07;
2022-09-28 21:00:00;0.0;0.0;0.0;13.35;72.1;4.14;
2022-09-28 22:00:00;0.0;0.0;0.0;13.09;72.1;4.14;
2022-09-28 23:00:00;0.0;0.0;0.0;12.75;77.45;4.21;
2022-09-29 00:00:00;0.0;0.0;0.0;12.56;80.3;4.07;
2022-09-29 01:00:00;0.0;0.0;0.0;12.43;80.3;3.79;
2022-09-29 02:00:00;0.0;0.0;0.0;12.23;86.2;3.52;
2022-09-29 03:00:00;0.0;0.0;0.0;11.89;89.3;3.38;
2022-09-29 04:00:00;0.0;0.0;0.0;11.6;89.3;3.31;
2022-09-29 05:00:00;0.0;0.0;0.0;11.38;92.55;3.31;
2022-09-29 06:00:00;34.0;203.96;21.0;11.11;89.3;3.31;
2022-09-29 07:00:00;177.0;491.08;69.0;11.57;92.55;3.45;
2022-09-29 08:00:00;311.0;549.36;114.0;12.52;89.4;3.38;
2022-09-29 09:00:00;218.0;34.02;202.0;13.5;80.4;4.07;
2022-09-29 10:00:00;270.0;43.84;246.0;14.32;77.65;4.14;
2022-09-29 11:00:00;495.0;434.33;241.0;14.77;72.4;4.21;
2022-09-29 12:00:00;405.0;208.7;284.0;15.05;67.45;4.62;
2022-09-29 13:00:00;435.0;392.33;226.0;14.81;62.65;4.9;
2022-09-29 14:00:00;407.0;606.5;136.0;14.6;58.25;4.9;
2022-09-29 15:00:00;285.0;561.02;101.0;14.23;58.1;4.69;
2022-09-29 16:00:00;149.0;499.31;57.0;13.65;60.2;3.93;
2022-09-29 17:00:00;7.0;0.0;7.0;12.82;64.55;2.83;
2022-09-29 18:00:00;0.0;0.0;0.0;11.95;66.85;2.07;
2022-09-29 19:00:00;0.0;0.0;0.0;11.57;69.25;2.14;
2022-09-29 20:00:00;0.0;0.0;0.0;11.18;71.75;2.21;
2022-09-29 21:00:00;0.0;0.0;0.0;10.73;74.4;2.41;
2022-09-29 22:00:00;0.0;0.0;0.0;10.67;74.4;2.48;
2022-09-29 23:00:00;0.0;0.0;0.0;10.7;74.4;2.48;
2022-09-30 00:00:00;0.0;0.0;0.0;10.57;74.4;2.48;
2022-09-30 01:00:00;0.0;0.0;0.0;10.21;77.1;2.48;
2022-09-30 02:00:00;0.0;0.0;0.0;9.6;82.9;2.55;
2022-09-30 03:00:00;0.0;0.0;0.0;9.18;85.95;2.48;
2022-09-30 04:00:00;0.0;0.0;0.0;8.72;89.1;2.48;
2022-09-30 05:00:00;0.0;0.0;0.0;8.38;89.1;2.62;
2022-09-30 06:00:00;26.0;101.17;20.0;8.17;92.4;2.69;
2022-09-30 07:00:00;174.0;496.83;67.0;8.69;92.4;2.62;
2022-09-30 08:00:00;314.0;596.26;103.0;10.57;83.0;2.97;
2022-09-30 09:00:00;435.0;659.66;128.0;12.56;74.7;3.38;
2022-09-30 10:00:00;516.0;674.88;150.0;14.15;64.85;3.86;
2022-09-30 11:00:00;550.0;657.57;169.0;15.1;58.35;4.48;
2022-09-30 12:00:00;539.0;630.52;177.0;15.79;58.45;4.34;
2022-09-30 13:00:00;497.0;654.83;152.0;16.31;56.5;4.21;
2022-09-30 14:00:00;387.0;537.65;150.0;16.64;54.6;4.07;
2022-09-30 15:00:00;284.0;587.26;95.0;16.62;54.6;3.86;
2022-09-30 16:00:00;128.0;348.21;66.0;12.76;70.72;2.37;
2022-09-30 17:00:00;0.0;0.0;0.0;12.94;72.35;2.49;
2022-09-30 18:00:00;0.0;0.0;0.0;13.13;73.98;2.62;
2022-09-30 19:00:00;0.0;0.0;0.0;13.32;75.61;2.74;
2022-09-30 20:00:00;0.0;0.0;0.0;13.5;77.24;2.87;
2022-09-30 21:00:00;0.0;0.0;0.0;13.69;78.87;2.99;
2022-09-30 22:00:00;0.0;0.0;0.0;13.87;80.5;3.11;
2022-09-30 23:00:00;0.0;0.0;0.0;14.06;82.13;3.24;
2022-10-01 00:00:00;0.0;0.0;0.0;14.24;83.76;3.36;
2022-10-01 01:00:00;0.0;0.0;0.0;14.43;85.39;3.49;
2022-10-01 02:00:00;0.0;0.0;0.0;14.61;87.02;3.61;
2022-10-01 03:00:00;0.0;0.0;0.0;14.8;88.65;3.74;
2022-10-01 04:00:00;0.0;0.0;0.0;14.98;90.28;3.86;
2022-10-01 05:00:00;0.0;0.0;0.0;15.17;91.9;3.99;
2022-10-01 06:00:00;15.0;16.86;14.0;15.35;93.53;4.11;
2022-10-01 07:00:00;143.0;269.31;85.0;15.54;95.16;4.24;
2022-10-01 08:00:00;179.0;67.82;155.0;16.6;80.8;4.69;
2022-10-01 09:00:00;81.0;0.0;81.0;17.12;78.1;5.17;
2022-10-01 10:00:00;245.0;27.66;230.0;17.74;78.15;6.34;
2022-10-01 11:00:00;428.0;274.42;269.0;18.35;75.55;5.79;
2022-10-01 12:00:00;62.0;0.0;62.0;19.48;73.15;5.93;
2022-10-01 13:00:00;367.0;223.97;249.0;19.82;70.7;6.14;
2022-10-01 14:00:00;116.0;0.0;116.0;18.64;73.05;6.28;
2022-10-01 15:00:00;25.0;0.0;25.0;17.68;80.9;3.59;
2022-10-01 16:00:00;24.0;0.0;24.0;17.21;80.85;4.21;
2022-10-01 17:00:00;0.0;0.0;0.0;15.93;89.6;4.28;
2022-10-01 18:00:00;0.0;0.0;0.0;15.89;86.5;4.28;
2022-10-01 19:00:00;0.0;0.0;0.0;16.31;77.95;4.97;
2022-10-01 20:00:00;0.0;0.0;0.0;16.23;75.25;4.97;
2022-10-01 21:00:00;0.0;0.0;0.0;16.22;72.65;5.03;
2022-10-01 22:00:00;0.0;0.0;0.0;15.95;75.15;5.24;
2022-10-01 23:00:00;0.0;0.0;0.0;15.39;75.1;5.72;
2022-10-02 00:00:00;0.0;0.0;0.0;15.14;75.1;6.28;
2022-10-02 01:00:00;0.0;0.0;0.0;14.97;77.75;6.76;
2022-10-02 02:00:00;0.0;0.0;0.0;14.69;77.75;6.76;
2022-10-02 03:00:00;0.0;0.0;0.0;14.57;77.75;6.55;
2022-10-02 04:00:00;0.0;0.0;0.0;14.65;77.75;6.69;
2022-10-02 05:00:00;0.0;0.0;0.0;14.69;77.75;6.69;
2022-10-02 06:00:00;7.0;0.0;7.0;14.63;77.75;6.76;
2022-10-02 07:00:00;60.0;4.74;59.0;14.89;80.55;6.69;
2022-10-02 08:00:00;133.0;14.32;128.0;15.48;80.6;5.72;
2022-10-02 09:00:00;157.0;4.34;155.0;16.06;77.85;7.03;
2022-10-02 10:00:00;224.0;16.76;215.0;16.59;72.7;7.38;
2022-10-02 11:00:00;245.0;17.42;235.0;17.28;72.8;7.31;
2022-10-02 12:00:00;318.0;82.68;271.0;17.9;70.35;7.17;
2022-10-02 13:00:00;337.0;165.07;251.0;17.0;72.7;7.38;
2022-10-02 14:00:00;214.0;50.6;192.0;17.49;75.4;6.0;
2022-10-02 15:00:00;129.0;22.17;122.0;16.82;75.3;5.86;
2022-10-02 16:00:00;81.0;75.64;68.0;16.43;75.25;5.79;
2022-10-02 17:00:00;0.0;0.0;0.0;16.07;77.85;5.17;
2022-10-02 18:00:00;0.0;0.0;0.0;15.79;77.85;5.17;
2022-10-02 19:00:00;0.0;0.0;0.0;15.47;80.6;5.59;
2022-10-02 20:00:00;0.0;0.0;0.0;15.27;77.8;5.79;
2022-10-02 21:00:00;0.0;0.0;0.0;15.14;77.8;5.79;
2022-10-02 22:00:00;0.0;0.0;0.0;14.99;77.75;5.52;
2022-10-02 23:00:00;0.0;0.0;0.0;14.73;77.75;5.31;
2022-10-03 00:00:00;0.0;0.0;0.0;14.65;80.55;5.03;
2022-10-03 01:00:00;0.0;0.0;0.0;14.32;83.4;4.21;
2022-10-03 02:00:00;0.0;0.0;0.0;14.09;83.4;3.86;
2022-10-03 03:00:00;0.0;0.0;0.0;14.0;86.35;3.72;
2022-10-03 04:00:00;0.0;0.0;0.0;13.73;89.45;3.17;
2022-10-03 05:00:00;0.0;0.0;0.0;13.3;92.65;2.9;
2022-10-03 06:00:00;9.0;0.0;9.0;12.92;95.95;2.48;
2022-10-03 07:00:00;160.0;465.56;64.0;13.37;92.65;2.14;
2022-10-03 08:00:00;167.0;55.18;148.0;14.24;89.5;2.55;
2022-10-03 09:00:00;308.0;208.59;213.0;15.0;83.45;3.03;
2022-10-03 10:00:00;244.0;30.08;228.0;15.79;75.15;3.03;
2022-10-03 11:00:00;389.0;200.52;275.0;16.21;70.1;3.1;
2022-10-03 12:00:00;295.0;60.41;261.0;16.36;67.65;3.31;
2022-10-03 13:00:00;318.0;133.95;249.0;16.14;65.25;3.72;
2022-10-03 14:00:00;119.0;0.0;119.0;15.76;65.15;4.07;
2022-10-03 15:00:00;54.0;0.0;54.0;15.31;67.45;4.34;
2022-10-03 16:00:00;54.0;12.07;52.0;14.78;69.85;4.55;
2022-10-03 17:00:00;0.0;0.0;0.0;14.23;72.3;4.0;
2022-10-03 18:00:00;0.0;0.0;0.0;13.9;72.2;3.72;
2022-10-03 19:00:00;0.0;0.0;0.0;13.49;74.75;3.45;
2022-10-03 20:00:00;0.0;0.0;0.0;13.4;77.5;3.52;
2022-10-03 21:00:00;0.0;0.0;0.0;12.98;80.3;3.52;
2022-10-03 22:00:00;0.0;0.0;0.0;12.61;83.25;3.59;
2022-10-03 23:00:00;0.0;0.0;0.0;12.64;86.25;3.45;
2022-10-04 00:00:00;0.0;0.0;0.0;12.13;89.35;3.38;
2022-10-04 01:00:00;0.0;0.0;0.0;12.15;89.35;3.45;
2022-10-04 02:00:00;0.0;0.0;0.0;11.86;92.55;3.66;
2022-10-04 03:00:00;0.0;0.0;0.0;11.86;92.55;3.38;
2022-10-04 04:00:00;0.0;0.0;0.0;11.71;92.55;3.52;
2022-10-04 05:00:00;0.0;0.0;0.0;11.69;92.55;3.17;
2022-10-04 06:00:00;2.0;0.0;2.0;11.4;95.9;3.31;
2022-10-04 07:00:00;142.0;332.35;75.0;11.86;95.9;3.1;
2022-10-04 08:00:00;129.0;11.78;125.0;12.58;92.6;3.45;
2022-10-04 09:00:00;141.0;2.22;140.0;13.42;92.65;3.38;
2022-10-04 10:00:00;70.0;0.0;70.0;14.06;89.5;3.52;
2022-10-04 11:00:00;411.0;255.75;267.0;14.66;86.45;3.72;
2022-10-04 12:00:00;49.0;0.0;49.0;14.78;86.45;4.0;
2022-10-04 13:00:00;73.0;0.0;73.0;14.62;83.45;4.07;
2022-10-04 14:00:00;90.0;0.0;90.0;14.68;80.55;4.21;
2022-10-04 15:00:00;229.0;352.6;122.0;14.64;75.0;4.21;
2022-10-04 16:00:00;119.0;419.93;52.0;14.24;69.75;4.0;
2022-10-04 17:00:00;0.0;0.0;0.0;13.53;72.1;3.1;
2022-10-04 18:00:00;0.0;0.0;0.0;12.81;72.05;2.48;
2022-10-04 19:00:00;0.0;0.0;0.0;12.04;74.6;2.55;
2022-10-04 20:00:00;0.0;0.0;0.0;11.58;77.3;2.83;
2022-10-04 21:00:00;0.0;0.0;0.0;11.4;80.1;3.1;
2022-10-04 22:00:00;0.0;0.0;0.0;11.18;80.1;3.31;
2022-10-04 23:00:00;0.0;0.0;0.0;11.3;83.05;3.38;
2022-10-05 00:00:00;0.0;0.0;0.0;11.33;86.1;3.24;
2022-10-05 01:00:00;0.0;0.0;0.0;11.08;86.1;3.03;
2022-10-05 02:00:00;0.0;0.0;0.0;10.79;89.25;3.03;
2022-10-05 03:00:00;0.0;0.0;0.0;10.42;92.5;3.1;
2022-10-05 04:00:00;0.0;0.0;0.0;10.38;95.9;3.17;
2022-10-05 05:00:00;0.0;0.0;0.0;10.47;95.9;3.17;
2022-10-05 06:00:00;7.0;0.0;7.0;10.48;95.9;3.1;
2022-10-05 07:00:00;126.0;238.62;79.0;10.77;95.9;3.1;
2022-10-05 08:00:00;207.0;164.3;152.0;11.84;92.55;4.41;
2022-10-05 09:00:00;336.0;323.3;192.0;13.18;83.25;4.9;
2022-10-05 10:00:00;474.0;606.05;158.0;14.23;72.3;5.17;
2022-10-05 11:00:00;491.0;529.09;196.0;15.11;67.45;5.59;
2022-10-05 12:00:00;271.0;43.52;247.0;15.41;72.45;5.31;
2022-10-05 13:00:00;276.0;79.46;236.0;14.86;77.75;5.1;
2022-10-05 14:00:00;121.0;0.0;121.0;14.2;86.4;5.38;
2022-10-05 15:00:00;108.0;10.09;105.0;13.92;86.35;5.72;
2022-10-05 16:00:00;77.0;97.77;62.0;13.81;86.35;5.66;
2022-10-05 17:00:00;0.0;0.0;0.0;13.74;83.35;5.79;
2022-10-05 18:00:00;0.0;0.0;0.0;13.75;83.35;6.14;
2022-10-05 19:00:00;0.0;0.0;0.0;13.7;86.35;6.76;
2022-10-05 20:00:00;0.0;0.0;0.0;13.48;89.4;7.1;
2022-10-05 21:00:00;0.0;0.0;0.0;13.53;89.4;7.1;
2022-10-05 22:00:00;0.0;0.0;0.0;13.9;89.45;6.9;
2022-10-05 23:00:00;0.0;0.0;0.0;14.23;89.5;6.76;
2022-10-06 00:00:00;0.0;0.0;0.0;14.45;89.5;6.69;
2022-10-06 01:00:00;0.0;0.0;0.0;14.67;89.5;6.48;
2022-10-06 02:00:00;0.0;0.0;0.0;14.76;86.45;6.28;
2022-10-06 03:00:00;0.0;0.0;0.0;14.85;86.45;6.14;
2022-10-06 04:00:00;0.0;0.0;0.0;14.85;86.45;5.93;
2022-10-06 05:00:00;0.0;0.0;0.0;14.85;86.45;6.0;
2022-10-06 06:00:00;2.0;0.0;2.0;14.84;86.45;6.07;
2022-10-06 07:00:00;50.0;0.0;50.0;15.12;83.5;6.48;
2022-10-06 08:00:00;85.0;0.0;85.0;15.34;83.5;6.69;
2022-10-06 09:00:00;66.0;0.0;66.0;15.65;83.55;6.9;
2022-10-06 10:00:00;151.0;0.0;151.0;16.25;80.75;6.83;
2022-10-06 11:00:00;259.0;36.23;239.0;16.61;78.0;7.24;
2022-10-06 12:00:00;84.0;0.0;84.0;17.47;75.4;8.07;
2022-10-06 13:00:00;83.0;0.0;83.0;17.69;75.45;7.1;
2022-10-06 14:00:00;111.0;0.0;111.0;17.71;75.45;7.52;
2022-10-06 15:00:00;128.0;37.76;117.0;16.98;80.8;7.45;
2022-10-06 16:00:00;49.0;13.58;47.0;16.51;86.55;7.59;
2022-10-06 17:00:00;0.0;0.0;0.0;16.24;86.55;7.17;
2022-10-06 18:00:00;0.0;0.0;0.0;15.95;92.75;6.76;
2022-10-06 19:00:00;0.0;0.0;0.0;15.34;89.55;6.97;
2022-10-06 20:00:00;0.0;0.0;0.0;14.62;83.45;6.34;
2022-10-06 21:00:00;0.0;0.0;0.0;14.06;83.4;6.34;
2022-10-06 22:00:00;0.0;0.0;0.0;13.8;86.35;6.34;
2022-10-06 23:00:00;0.0;0.0;0.0;13.68;86.35;6.14;
2022-10-07 00:00:00;0.0;0.0;0.0;13.68;83.35;5.86;
2022-10-07 01:00:00;0.0;0.0;0.0;13.76;83.35;5.66;
2022-10-07 02:00:00;0.0;0.0;0.0;13.83;83.35;5.38;
2022-10-07 03:00:00;0.0;0.0;0.0;13.4;83.25;5.1;
2022-10-07 04:00:00;0.0;0.0;0.0;12.79;86.25;4.97;
2022-10-07 05:00:00;0.0;0.0;0.0;12.73;83.25;5.1;
2022-10-07 06:00:00;4.0;0.0;4.0;12.5;83.15;5.38;
2022-10-07 07:00:00;111.0;175.84;78.0;12.54;77.45;5.52;
2022-10-07 08:00:00;262.0;442.98;118.0;12.95;77.45;6.07;
2022-10-07 09:00:00;226.0;64.32;198.0;13.54;72.1;7.17;
2022-10-07 10:00:00;310.0;121.37;248.0;14.1;64.85;7.79;
2022-10-07 11:00:00;291.0;64.04;256.0;14.53;62.55;7.52;
2022-10-07 12:00:00;312.0;94.45;261.0;14.84;58.25;6.83;
2022-10-07 13:00:00;300.0;126.12;238.0;15.03;58.25;6.34;
2022-10-07 14:00:00;264.0;180.37;191.0;15.01;58.25;5.45;
2022-10-07 15:00:00;198.0;262.96;123.0;15.02;60.4;4.62;
2022-10-07 16:00:00;109.0;460.15;44.0;14.65;62.65;3.59;
2022-10-07 17:00:00;0.0;0.0;0.0;14.18;62.55;3.03;
2022-10-07 18:00:00;0.0;0.0;0.0;13.42;67.05;2.76;
2022-10-07 19:00:00;0.0;0.0;0.0;13.13;69.55;3.03;
2022-10-07 20:00:00;0.0;0.0;0.0;12.81;72.05;3.1;
2022-10-07 21:00:00;0.0;0.0;0.0;12.72;72.05;3.38;
2022-10-07 22:00:00;0.0;0.0;0.0;12.36;74.6;3.52;
2022-10-07 23:00:00;0.0;0.0;0.0;12.06;74.6;3.59;
2022-10-08 00:00:00;0.0;0.0;0.0;11.83;77.3;3.52;
2022-10-08 01:00:00;0.0;0.0;0.0;11.28;80.1;3.31;
2022-10-08 02:00:00;0.0;0.0;0.0;10.86;86.05;3.17;
2022-10-08 03:00:00;0.0;0.0;0.0;10.71;86.05;3.03;
2022-10-08 04:00:00;0.0;0.0;0.0;10.49;89.2;2.97;
2022-10-08 05:00:00;0.0;0.0;0.0;10.38;89.2;2.97;
2022-10-08 06:00:00;6.0;0.0;6.0;10.29;89.2;3.03;
2022-10-08 07:00:00;142.0;469.96;56.0;10.59;92.5;2.97;
2022-10-08 08:00:00;274.0;543.41;100.0;11.7;86.15;3.17;
2022-10-08 09:00:00;393.0;629.93;122.0;13.14;80.35;3.17;
2022-10-08 10:00:00;460.0;589.48;162.0;14.48;74.95;3.24;
2022-10-08 11:00:00;544.0;804.04;109.0;15.46;69.9;3.38;
2022-10-08 12:00:00;507.0;671.94;148.0;16.09;60.75;3.38;
2022-10-08 13:00:00;456.0;662.91;134.0;16.44;58.6;3.17;
2022-10-08 14:00:00;338.0;486.54;144.0;16.57;58.6;3.17;
2022-10-08 15:00:00;237.0;544.46;85.0;16.43;58.6;3.03;
2022-10-08 16:00:00;69.0;110.93;54.0;15.75;62.85;2.41;
2022-10-08 17:00:00;0.0;0.0;0.0;14.45;69.75;2.48;
2022-10-08 18:00:00;0.0;0.0;0.0;13.26;74.75;2.69;
2022-10-08 19:00:00;0.0;0.0;0.0;12.5;80.2;2.97;
2022-10-08 20:00:00;0.0;0.0;0.0;11.89;83.1;2.97;
2022-10-08 21:00:00;0.0;0.0;0.0;11.35;86.1;2.9;
2022-10-08 22:00:00;0.0;0.0;0.0;10.9;86.05;2.9;
2022-10-08 23:00:00;0.0;0.0;0.0;10.57;86.05;2.9;
2022-10-09 00:00:00;0.0;0.0;0.0;10.3;89.2;2.9;
2022-10-09 01:00:00;0.0;0.0;0.0;10.07;89.2;2.76;
2022-10-09 02:00:00;0.0;0.0;0.0;9.89;92.45;2.69;
2022-10-09 03:00:00;0.0;0.0;0.0;9.73;92.45;2.76;
2022-10-09 04:00:00;0.0;0.0;0.0;9.62;92.45;2.83;
2022-10-09 05:00:00;0.0;0.0;0.0;9.64;92.45;2.83;
2022-10-09 06:00:00;5.0;0.0;5.0;9.82;92.45;2.9;
2022-10-09 07:00:00;128.0;381.36;60.0;10.48;95.9;2.83;
2022-10-09 08:00:00;168.0;91.97;139.0;12.1;89.35;3.17;
2022-10-09 09:00:00;205.0;47.05;185.0;14.06;80.45;3.59;
2022-10-09 10:00:00;237.0;37.98;218.0;15.71;77.85;3.66;
2022-10-09 11:00:00;378.0;237.17;251.0;17.17;72.8;3.59;
2022-10-09 12:00:00;306.0;102.17;252.0;18.1;70.45;3.38;
2022-10-09 13:00:00;231.0;43.76;210.0;18.93;70.55;3.38;
2022-10-09 14:00:00;204.0;71.29;176.0;19.34;70.65;3.17;
2022-10-09 15:00:00;106.0;18.3;101.0;19.44;70.65;2.9;
2022-10-09 16:00:00;71.0;154.78;51.0;19.02;75.65;2.07;
2022-10-09 17:00:00;0.0;0.0;0.0;18.07;80.9;2.0;
2022-10-09 18:00:00;0.0;0.0;0.0;17.49;83.7;1.93;
2022-10-09 19:00:00;0.0;0.0;0.0;16.78;89.65;2.07;
2022-10-09 20:00:00;0.0;0.0;0.0;16.46;92.8;2.0;
2022-10-09 21:00:00;0.0;0.0;0.0;16.03;96.0;1.86;
2022-10-09 22:00:00;0.0;0.0;0.0;15.55;96.0;1.72;
2022-10-09 23:00:00;0.0;0.0;0.0;15.08;96.0;1.52;
2022-10-10 00:00:00;0.0;0.0;0.0;14.62;96.0;1.45;
2022-10-10 01:00:00;0.0;0.0;0.0;14.37;99.35;1.24;
2022-10-10 02:00:00;0.0;0.0;0.0;14.1;99.35;1.38;
2022-10-10 03:00:00;0.0;0.0;0.0;14.03;100.0;1.38;
2022-10-10 04:00:00;0.0;0.0;0.0;14.06;96.0;1.45;
2022-10-10 05:00:00;0.0;0.0;0.0;14.26;99.35;1.38;
2022-10-10 06:00:00;0.0;0.0;0.0;14.33;99.35;1.38;
2022-10-10 07:00:00;39.0;0.0;39.0;14.54;99.35;1.66;
2022-10-10 08:00:00;90.0;0.0;90.0;15.46;96.0;1.66;
2022-10-10 09:00:00;45.0;0.0;45.0;16.53;92.8;1.86;
2022-10-10 10:00:00;194.0;12.12;188.0;17.68;86.7;2.07;
2022-10-10 11:00:00;387.0;275.5;241.0;18.63;81.05;2.07;
2022-10-10 12:00:00;246.0;36.34;227.0;19.62;73.2;1.79;
2022-10-10 13:00:00;406.0;516.87;161.0;20.14;73.2;1.52;
2022-10-10 14:00:00;175.0;36.19;161.0;20.35;73.2;1.59;
2022-10-10 15:00:00;126.0;56.14;111.0;20.17;73.2;2.07;
2022-10-10 16:00:00;70.0;186.61;47.0;19.25;78.35;2.07;
2022-10-10 17:00:00;0.0;0.0;0.0;17.89;83.75;2.55;
2022-10-10 18:00:00;0.0;0.0;0.0;16.86;89.65;2.69;
2022-10-10 19:00:00;0.0;0.0;0.0;16.56;89.65;2.83;
2022-10-10 20:00:00;0.0;0.0;0.0;15.98;92.75;2.83;
2022-10-10 21:00:00;0.0;0.0;0.0;15.46;96.0;2.76;
2022-10-10 22:00:00;0.0;0.0;0.0;15.17;92.75;2.76;
2022-10-10 23:00:00;0.0;0.0;0.0;14.92;96.0;2.83;
2022-10-11 00:00:00;0.0;0.0;0.0;14.68;92.7;2.9;
2022-10-11 01:00:00;0.0;0.0;0.0;14.41;96.0;2.9;
2022-10-11 02:00:00;0.0;0.0;0.0;14.15;92.7;2.83;
2022-10-11 03:00:00;0.0;0.0;0.0;13.86;92.65;2.83;
2022-10-11 04:00:00;0.0;0.0;0.0;13.57;92.65;2.83;
2022-10-11 05:00:00;0.0;0.0;0.0;13.31;92.65;2.9;
2022-10-11 06:00:00;0.0;0.0;0.0;13.07;92.65;2.97;
2022-10-11 07:00:00;129.0;455.89;52.0;13.27;92.65;3.1;
2022-10-11 08:00:00;254.0;527.0;93.0;14.55;92.7;3.03;
2022-10-11 09:00:00;374.0;633.95;111.0;16.38;83.6;3.03;
2022-10-11 10:00:00;423.0;518.87;169.0;17.95;78.15;2.83;
2022-10-11 11:00:00;485.0;646.46;146.0;19.3;73.15;2.97;
2022-10-11 12:00:00;491.0;707.78;125.0;20.34;70.7;3.38;
2022-10-11 13:00:00;344.0;288.36;209.0;20.95;70.8;3.72;
2022-10-11 14:00:00;310.0;448.96;139.0;21.08;70.8;3.66;
2022-10-11 15:00:00;170.0;225.87;111.0;20.9;70.8;3.24;
2022-10-11 16:00:00;77.0;315.36;40.0;20.13;73.2;2.76;
2022-10-11 17:00:00;0.0;0.0;0.0;18.92;75.65;2.41;
2022-10-11 18:00:00;0.0;0.0;0.0;18.34;78.25;2.28;
2022-10-11 19:00:00;0.0;0.0;0.0;17.76;83.75;2.41;
2022-10-11 20:00:00;0.0;0.0;0.0;17.17;86.65;2.41;
2022-10-11 21:00:00;0.0;0.0;0.0;16.75;89.65;2.34;
2022-10-11 22:00:00;0.0;0.0;0.0;16.35;92.8;2.28;
2022-10-11 23:00:00;0.0;0.0;0.0;15.91;96.0;1.86;
2022-10-12 00:00:00;0.0;0.0;0.0;15.6;96.0;1.72;
2022-10-12 01:00:00;0.0;0.0;0.0;15.13;96.0;1.66;
2022-10-12 02:00:00;0.0;0.0;0.0;15.08;96.0;1.66;
2022-10-12 03:00:00;0.0;0.0;0.0;15.03;99.4;1.72;
2022-10-12 04:00:00;0.0;0.0;0.0;15.3;99.4;1.66;
2022-10-12 05:00:00;0.0;0.0;0.0;15.44;99.4;1.66;
2022-10-12 06:00:00;0.0;0.0;0.0;15.62;96.0;1.93;
2022-10-12 07:00:00;107.0;280.18;61.0;14.87;96.0;2.07;
2022-10-12 08:00:00;241.0;465.77;101.0;15.65;96.0;1.93;
2022-10-12 09:00:00;245.0;134.24;190.0;16.28;96.05;2.28;
2022-10-12 10:00:00;107.0;0.0;107.0;16.42;96.05;2.83;
2022-10-12 11:00:00;71.0;0.0;71.0;16.65;89.65;3.72;
2022-10-12 12:00:00;52.0;0.0;52.0;16.72;86.6;3.79;
2022-10-12 13:00:00;113.0;0.0;113.0;16.7;83.65;3.72;
2022-10-12 14:00:00;80.0;0.0;80.0;16.63;78.0;3.72;
2022-10-12 15:00:00;152.0;160.6;111.0;16.3;75.25;3.66;
2022-10-12 16:00:00;41.0;35.89;37.0;15.67;75.15;3.03;
2022-10-12 17:00:00;0.0;0.0;0.0;14.58;77.75;2.48;
2022-10-12 18:00:00;0.0;0.0;0.0;13.58;83.35;2.21;
2022-10-12 19:00:00;0.0;0.0;0.0;12.98;89.4;2.21;
2022-10-12 20:00:00;0.0;0.0;0.0;12.39;92.6;2.14;
2022-10-12 21:00:00;0.0;0.0;0.0;11.75;92.55;2.07;
2022-10-12 22:00:00;0.0;0.0;0.0;11.08;92.55;1.86;
2022-10-12 23:00:00;0.0;0.0;0.0;10.51;95.9;1.66;
2022-10-13 00:00:00;0.0;0.0;0.0;10.86;92.5;1.38;
2022-10-13 01:00:00;0.0;0.0;0.0;12.32;89.35;1.03;
2022-10-13 02:00:00;0.0;0.0;0.0;12.1;89.35;0.9;
2022-10-13 03:00:00;0.0;0.0;0.0;11.67;92.55;1.1;
2022-10-13 04:00:00;0.0;0.0;0.0;10.07;95.9;1.31;
2022-10-13 05:00:00;0.0;0.0;0.0;9.26;95.85;1.52;
2022-10-13 06:00:00;0.0;0.0;0.0;8.72;95.85;1.66;
2022-10-13 07:00:00;118.0;407.65;53.0;9.22;95.85;1.03;
2022-10-13 08:00:00;269.0;656.2;75.0;11.0;99.4;0.69;
2022-10-13 09:00:00;378.0;674.79;105.0;12.67;92.6;1.03;
2022-10-13 10:00:00;463.0;722.63;117.0;13.9;89.45;2.07;
2022-10-13 11:00:00;494.0;699.4;135.0;15.19;75.1;2.83;
2022-10-13 12:00:00;480.0;668.39;142.0;15.88;72.55;2.69;
2022-10-13 13:00:00;426.0;644.03;132.0;16.39;70.1;2.83;
2022-10-13 14:00:00;350.0;704.44;90.0;16.61;65.35;2.97;
2022-10-13 15:00:00;224.0;641.54;64.0;16.63;65.35;2.9;
2022-10-13 16:00:00;74.0;378.79;34.0;16.06;72.55;2.21;
2022-10-13 17:00:00;0.0;0.0;0.0;14.96;77.75;2.14;
2022-10-13 18:00:00;0.0;0.0;0.0;14.24;80.45;2.28;
2022-10-13 19:00:00;0.0;0.0;0.0;13.76;86.35;2.48;
2022-10-13 20:00:00;0.0;0.0;0.0;13.6;89.45;2.34;
2022-10-13 21:00:00;0.0;0.0;0.0;13.51;92.65;2.28;
2022-10-13 22:00:00;0.0;0.0;0.0;13.65;92.65;2.14;
2022-10-13 23:00:00;0.0;0.0;0.0;13.81;95.95;2.0;
2022-10-14 00:00:00;0.0;0.0;0.0;13.94;95.95;1.93;
2022-10-14 01:00:00;0.0;0.0;0.0;13.97;99.4;2.0;
2022-10-14 02:00:00;0.0;0.0;0.0;13.81;99.4;2.21;
2022-10-14 03:00:00;0.0;0.0;0.0;13.84;99.4;2.34;
2022-10-14 04:00:00;0.0;0.0;0.0;13.91;99.4;2.55;
2022-10-14 05:00:00;0.0;0.0;0.0;14.02;99.4;2.62;
2022-10-14 06:00:00;0.0;0.0;0.0;13.96;99.4;2.55;
2022-10-14 07:00:00;58.0;25.85;54.0;13.96;99.4;2.48;
2022-10-14 08:00:00;133.0;44.72;120.0;14.32;96.0;3.72;
2022-10-14 09:00:00;173.0;25.04;163.0;14.88;89.5;3.79;
2022-10-14 10:00:00;173.0;6.34;170.0;15.6;86.5;3.66;
2022-10-14 11:00:00;120.0;0.0;120.0;16.17;83.6;3.72;
2022-10-14 12:00:00;0.0;0.0;0.0;16.73;78.0;3.93;
2022-10-14 13:00:00;78.0;0.0;78.0;17.07;78.0;4.14;
2022-10-14 14:00:00;146.0;16.52;140.0;17.18;75.4;4.07;
2022-10-14 15:00:00;153.0;188.87;107.0;17.05;75.3;4.14;
2022-10-14 16:00:00;59.0;230.44;36.0;16.41;75.25;3.72;
2022-10-14 17:00:00;0.0;0.0;0.0;15.23;75.1;3.45;
2022-10-14 18:00:00;0.0;0.0;0.0;14.25;77.65;3.24;
2022-10-14 19:00:00;0.0;0.0;0.0;13.55;77.6;3.52;
2022-10-14 20:00:00;0.0;0.0;0.0;13.16;80.35;3.45;
2022-10-14 21:00:00;0.0;0.0;0.0;12.76;80.3;3.31;
2022-10-14 22:00:00;0.0;0.0;0.0;12.62;80.3;3.17;
2022-10-14 23:00:00;0.0;0.0;0.0;12.57;83.25;2.97;
2022-10-15 00:00:00;0.0;0.0;0.0;12.3;86.2;2.83;
2022-10-15 01:00:00;0.0;0.0;0.0;11.85;89.3;2.97;
2022-10-15 02:00:00;0.0;0.0;0.0;11.46;92.55;3.38;
2022-10-15 03:00:00;0.0;0.0;0.0;11.16;92.55;3.66;
2022-10-15 04:00:00;0.0;0.0;0.0;10.86;95.9;3.79;
2022-10-15 05:00:00;0.0;0.0;0.0;10.64;92.5;3.79;
2022-10-15 06:00:00;0.0;0.0;0.0;10.41;95.9;3.93;
2022-10-15 07:00:00;106.0;353.42;53.0;10.13;95.9;3.79;
2022-10-15 08:00:00;250.0;587.94;82.0;11.23;89.3;4.76;
2022-10-15 09:00:00;369.0;674.71;103.0;12.51;86.2;4.97;
2022-10-15 10:00:00;461.0;758.43;106.0;13.52;83.25;4.83;
2022-10-15 11:00:00;517.0;844.28;93.0;14.69;75.0;5.1;
2022-10-15 12:00:00;512.0;857.77;88.0;15.49;75.1;4.76;
2022-10-15 13:00:00;452.0;824.87;85.0;16.09;70.1;4.83;
2022-10-15 14:00:00;335.0;682.69;91.0;16.36;70.1;4.83;
2022-10-15 15:00:00;195.0;492.14;78.0;16.17;67.65;4.41;
2022-10-15 16:00:00;60.0;287.04;33.0;15.39;72.45;3.72;
2022-10-15 17:00:00;0.0;0.0;0.0;14.05;74.95;3.59;
2022-10-15 18:00:00;0.0;0.0;0.0;13.07;80.35;3.52;
2022-10-15 19:00:00;0.0;0.0;0.0;12.4;86.2;3.72;
2022-10-15 20:00:00;0.0;0.0;0.0;11.94;89.3;3.59;
2022-10-15 21:00:00;0.0;0.0;0.0;11.52;89.3;3.52;
2022-10-15 22:00:00;0.0;0.0;0.0;11.17;89.3;3.52;
2022-10-15 23:00:00;0.0;0.0;0.0;10.83;89.25;3.38;
2022-10-16 00:00:00;0.0;0.0;0.0;10.51;92.5;3.24;
2022-10-16 01:00:00;0.0;0.0;0.0;10.19;92.5;3.03;
2022-10-16 02:00:00;0.0;0.0;0.0;9.93;92.45;2.83;
2022-10-16 03:00:00;0.0;0.0;0.0;9.58;92.45;2.69;
2022-10-16 04:00:00;0.0;0.0;0.0;9.29;89.15;2.62;
2022-10-16 05:00:00;0.0;0.0;0.0;9.03;89.15;2.62;
2022-10-16 06:00:00;0.0;0.0;0.0;8.81;92.45;2.55;
2022-10-16 07:00:00;108.0;426.96;46.0;8.74;92.45;2.28;
2022-10-16 08:00:00;251.0;630.39;74.0;10.18;92.5;2.21;
2022-10-16 09:00:00;369.0;709.38;93.0;12.12;83.15;2.48;
2022-10-16 10:00:00;457.0;769.39;101.0;13.82;80.4;2.69;
2022-10-16 11:00:00;510.0;845.64;90.0;15.28;75.1;3.03;
2022-10-16 12:00:00;503.0;847.26;89.0;16.47;72.65;3.31;
2022-10-16 13:00:00;443.0;815.19;85.0;17.3;70.3;3.45;
2022-10-16 14:00:00;335.0;719.53;82.0;17.77;67.95;3.38;
2022-10-16 15:00:00;193.0;530.24;70.0;17.77;67.95;2.9;
2022-10-16 16:00:00;57.0;305.53;30.0;16.87;75.3;2.55;
2022-10-16 17:00:00;0.0;0.0;0.0;15.23;80.6;2.9;
2022-10-16 18:00:00;0.0;0.0;0.0;14.17;83.4;3.1;
2022-10-16 19:00:00;0.0;0.0;0.0;13.44;83.25;3.31;
2022-10-16 20:00:00;0.0;0.0;0.0;12.76;83.25;3.24;
2022-10-16 21:00:00;0.0;0.0;0.0;12.03;83.1;3.17;
2022-10-16 22:00:00;0.0;0.0;0.0;11.3;83.05;3.1;
2022-10-16 23:00:00;0.0;0.0;0.0;10.7;83.0;3.1;
2022-10-17 00:00:00;0.0;0.0;0.0;10.22;82.95;3.1;
2022-10-17 01:00:00;0.0;0.0;0.0;9.84;85.95;3.03;
2022-10-17 02:00:00;0.0;0.0;0.0;9.49;85.95;2.9;
2022-10-17 03:00:00;0.0;0.0;0.0;9.16;85.95;2.83;
2022-10-17 04:00:00;0.0;0.0;0.0;8.89;85.95;2.83;
2022-10-17 05:00:00;0.0;0.0;0.0;8.68;85.95;2.83;
2022-10-17 06:00:00;0.0;0.0;0.0;8.45;85.9;2.76;
2022-10-17 07:00:00;101.0;391.59;46.0;8.79;89.1;2.69;
2022-10-17 08:00:00;244.0;616.36;74.0;10.32;86.0;2.69;
2022-10-17 09:00:00;261.0;213.6;179.0;12.41;80.2;3.31;
2022-10-17 10:00:00;450.0;765.3;100.0;14.35;74.95;3.59;
2022-10-17 11:00:00;460.0;641.38;145.0;16.09;67.65;3.79;
2022-10-17 12:00:00;463.0;697.76;126.0;17.41;65.45;3.86;
2022-10-17 13:00:00;370.0;479.89;162.0;18.3;61.2;3.79;
2022-10-17 14:00:00;276.0;401.89;137.0;18.65;59.15;3.59;
2022-10-17 15:00:00;107.0;57.46;94.0;18.37;63.4;2.97;
2022-10-17 16:00:00;41.0;120.87;31.0;17.21;67.85;2.97;
2022-10-17 17:00:00;0.0;0.0;0.0;15.87;72.55;3.03;
2022-10-17 18:00:00;0.0;0.0;0.0;15.18;75.1;3.1;
2022-10-17 19:00:00;0.0;0.0;0.0;14.59;75.0;3.17;
2022-10-17 20:00:00;0.0;0.0;0.0;14.46;77.65;3.17;
2022-10-17 21:00:00;0.0;0.0;0.0;14.16;74.95;3.03;
2022-10-17 22:00:00;0.0;0.0;0.0;13.83;77.6;2.83;
2022-10-17 23:00:00;0.0;0.0;0.0;13.38;77.5;2.69;
2022-10-18 00:00:00;0.0;0.0;0.0;12.91;80.3;2.48;
2022-10-18 01:00:00;0.0;0.0;0.0;12.36;83.15;2.28;
2022-10-18 02:00:00;0.0;0.0;0.0;11.99;86.15;2.28;
2022-10-18 03:00:00;0.0;0.0;0.0;12.0;86.15;2.28;
2022-10-18 04:00:00;0.0;0.0;0.0;11.89;86.15;2.41;
2022-10-18 05:00:00;0.0;0.0;0.0;11.86;86.15;2.34;
2022-10-18 06:00:00;0.0;0.0;0.0;11.81;89.3;2.34;
2022-10-18 07:00:00;42.0;14.74;40.0;12.1;92.6;1.93;
2022-10-18 08:00:00;82.0;3.69;81.0;12.52;95.95;2.28;
2022-10-18 09:00:00;85.0;0.0;85.0;13.69;89.45;2.28;
2022-10-18 10:00:00;91.0;0.0;91.0;14.69;86.45;2.41;
2022-10-18 11:00:00;109.0;0.0;109.0;15.74;83.55;2.62;
2022-10-18 12:00:00;330.0;226.25;222.0;16.88;80.8;2.76;
2022-10-18 13:00:00;201.0;39.75;184.0;17.91;78.15;2.83;
2022-10-18 14:00:00;124.0;8.82;121.0;18.33;72.95;2.97;
2022-10-18 15:00:00;142.0;231.21;91.0;18.21;75.55;2.55;
2022-10-18 16:00:00;38.0;129.61;28.0;17.43;78.1;2.48;
2022-10-18 17:00:00;0.0;0.0;0.0;16.38;80.75;2.62;
2022-10-18 18:00:00;0.0;0.0;0.0;15.73;83.55;2.76;
2022-10-18 19:00:00;0.0;0.0;0.0;15.57;86.5;2.76;
2022-10-18 20:00:00;0.0;0.0;0.0;15.23;89.55;2.9;
2022-10-18 21:00:00;0.0;0.0;0.0;15.01;89.5;2.97;
2022-10-18 22:00:00;0.0;0.0;0.0;14.78;89.5;2.9;
2022-10-18 23:00:00;0.0;0.0;0.0;14.49;92.7;2.97;
2022-10-19 00:00:00;0.0;0.0;0.0;14.17;89.5;3.03;
2022-10-19 01:00:00;0.0;0.0;0.0;13.9;92.65;3.17;
2022-10-19 02:00:00;0.0;0.0;0.0;13.72;89.45;3.24;
2022-10-19 03:00:00;0.0;0.0;0.0;13.57;86.35;3.31;
2022-10-19 04:00:00;0.0;0.0;0.0;13.56;83.35;3.72;
2022-10-19 05:00:00;0.0;0.0;0.0;13.55;83.35;4.14;
2022-10-19 06:00:00;0.0;0.0;0.0;13.4;89.4;4.55;
2022-10-19 07:00:00;59.0;68.74;50.0;13.21;86.3;4.34;
2022-10-19 08:00:00;184.0;278.33;110.0;14.24;86.4;4.97;
2022-10-19 09:00:00;161.0;26.77;151.0;15.6;83.55;4.9;
2022-10-19 10:00:00;283.0;158.97;212.0;16.8;80.8;5.38;
2022-10-19 11:00:00;309.0;164.55;230.0;17.62;72.9;6.69;
2022-10-19 12:00:00;368.0;354.02;201.0;17.95;70.35;5.86;
2022-10-19 13:00:00;228.0;80.56;194.0;18.21;65.65;5.24;
2022-10-19 14:00:00;224.0;224.23;149.0;18.59;65.65;4.76;
2022-10-19 15:00:00;141.0;241.92;89.0;18.45;65.65;4.07;
2022-10-19 16:00:00;25.0;27.92;23.0;17.64;67.95;3.66;
2022-10-19 17:00:00;0.0;0.0;0.0;16.43;75.25;3.66;
2022-10-19 18:00:00;0.0;0.0;0.0;16.01;77.85;4.21;
2022-10-19 19:00:00;0.0;0.0;0.0;14.73;86.45;4.55;
2022-10-19 20:00:00;0.0;0.0;0.0;14.53;89.5;4.55;
2022-10-19 21:00:00;0.0;0.0;0.0;14.37;89.5;4.69;
2022-10-19 22:00:00;0.0;0.0;0.0;14.42;89.5;4.9;
2022-10-19 23:00:00;0.0;0.0;0.0;14.43;89.5;4.97;
2022-10-20 00:00:00;0.0;0.0;0.0;14.21;89.5;4.83;
2022-10-20 01:00:00;0.0;0.0;0.0;14.01;92.65;4.9;
2022-10-20 02:00:00;0.0;0.0;0.0;13.81;89.45;5.17;
2022-10-20 03:00:00;0.0;0.0;0.0;13.43;92.65;4.83;
2022-10-20 04:00:00;0.0;0.0;0.0;13.31;92.65;4.62;
2022-10-20 05:00:00;0.0;0.0;0.0;13.07;89.4;4.62;
2022-10-20 06:00:00;0.0;0.0;0.0;12.79;92.6;4.69;
2022-10-20 07:00:00;69.0;158.52;49.0;12.3;89.35;4.83;
2022-10-20 08:00:00;184.0;298.97;106.0;12.99;89.4;5.1;
2022-10-20 09:00:00;88.0;0.0;88.0;14.04;86.35;4.97;
2022-10-20 10:00:00;177.0;13.6;171.0;15.25;75.1;7.79;
2022-10-20 11:00:00;230.0;44.25;209.0;15.87;75.15;7.17;
2022-10-20 12:00:00;91.0;0.0;91.0;16.26;72.65;6.76;
2022-10-20 13:00:00;207.0;52.83;185.0;16.45;72.65;5.93;
2022-10-20 14:00:00;215.0;203.75;148.0;16.57;75.25;5.52;
2022-10-20 15:00:00;121.0;148.06;90.0;16.62;72.7;4.97;
2022-10-20 16:00:00;27.0;60.44;23.0;16.15;72.65;4.55;
2022-10-20 17:00:00;0.0;0.0;0.0;15.74;75.15;4.62;
2022-10-20 18:00:00;0.0;0.0;0.0;15.46;77.8;4.55;
2022-10-20 19:00:00;0.0;0.0;0.0;15.07;77.8;4.69;
2022-10-20 20:00:00;0.0;0.0;0.0;14.86;80.55;4.62;
2022-10-20 21:00:00;0.0;0.0;0.0;14.68;83.45;4.48;
2022-10-20 22:00:00;0.0;0.0;0.0;14.24;86.4;4.21;
2022-10-20 23:00:00;0.0;0.0;0.0;14.04;89.45;4.14;
2022-10-21 00:00:00;0.0;0.0;0.0;13.93;89.45;4.07;
2022-10-21 01:00:00;0.0;0.0;0.0;13.72;89.45;4.0;
2022-10-21 02:00:00;0.0;0.0;0.0;13.57;89.45;4.07;
2022-10-21 03:00:00;0.0;0.0;0.0;13.36;92.65;4.07;
2022-10-21 04:00:00;0.0;0.0;0.0;13.57;89.45;4.21;
2022-10-21 05:00:00;0.0;0.0;0.0;13.67;89.45;4.28;
2022-10-21 06:00:00;0.0;0.0;0.0;13.6;89.45;4.28;
2022-10-21 07:00:00;86.0;387.13;39.0;13.32;92.65;4.34;
2022-10-21 08:00:00;170.0;238.35;109.0;13.64;86.35;4.14;
2022-10-21 09:00:00;246.0;223.02;165.0;14.2;83.4;5.24;
2022-10-21 10:00:00;275.0;153.7;208.0;15.27;77.8;6.76;
2022-10-21 11:00:00;277.0;112.98;224.0;16.05;75.15;6.21;
2022-10-21 12:00:00;266.0;104.22;218.0;16.41;72.65;5.79;
2022-10-21 13:00:00;178.0;24.34;168.0;17.05;67.75;6.0;
2022-10-21 14:00:00;168.0;74.25;144.0;17.05;70.2;4.69;
2022-10-21 15:00:00;59.0;4.91;58.0;17.05;72.7;4.62;
2022-10-21 16:00:00;23.0;49.36;20.0;16.68;72.7;4.62;
2022-10-21 17:00:00;0.0;0.0;0.0;15.69;77.85;4.62;
2022-10-21 18:00:00;0.0;0.0;0.0;14.98;83.45;4.21;
2022-10-21 19:00:00;0.0;0.0;0.0;15.2;80.6;4.83;
2022-10-21 20:00:00;0.0;0.0;0.0;14.79;83.45;4.76;
2022-10-21 21:00:00;0.0;0.0;0.0;14.34;86.4;4.41;
2022-10-21 22:00:00;0.0;0.0;0.0;14.19;86.4;4.34;
2022-10-21 23:00:00;0.0;0.0;0.0;13.93;86.35;4.62;
2022-10-22 00:00:00;0.0;0.0;0.0;13.56;86.35;4.83;
2022-10-22 01:00:00;0.0;0.0;0.0;13.23;86.3;4.9;
2022-10-22 02:00:00;0.0;0.0;0.0;12.99;89.4;5.03;
2022-10-22 03:00:00;0.0;0.0;0.0;12.67;86.25;5.1;
2022-10-22 04:00:00;0.0;0.0;0.0;12.35;89.35;5.17;
2022-10-22 05:00:00;0.0;0.0;0.0;12.11;89.35;5.31;
2022-10-22 06:00:00;0.0;0.0;0.0;12.02;92.55;5.1;
2022-10-22 07:00:00;36.0;8.57;35.0;12.14;92.6;4.97;
2022-10-22 08:00:00;100.0;23.91;94.0;12.75;92.6;5.1;
2022-10-22 09:00:00;77.0;0.0;77.0;13.69;86.35;5.59;
2022-10-22 10:00:00;174.0;16.26;167.0;14.19;83.4;6.14;
2022-10-22 11:00:00;229.0;47.45;207.0;15.01;77.75;5.38;
2022-10-22 12:00:00;105.0;0.0;105.0;15.68;75.15;4.83;
2022-10-22 13:00:00;184.0;32.08;171.0;15.47;83.5;4.07;
2022-10-22 14:00:00;119.0;12.59;115.0;15.4;86.5;4.41;
2022-10-22 15:00:00;71.0;15.12;68.0;15.64;86.5;4.76;
2022-10-22 16:00:00;14.0;0.0;14.0;16.15;80.75;5.17;
2022-10-22 17:00:00;0.0;0.0;0.0;16.58;78.0;5.45;
2022-10-22 18:00:00;0.0;0.0;0.0;16.91;75.3;5.86;
2022-10-22 19:00:00;0.0;0.0;0.0;16.44;80.75;5.66;
2022-10-22 20:00:00;0.0;0.0;0.0;15.7;86.5;5.59;
2022-10-22 21:00:00;0.0;0.0;0.0;15.37;89.55;5.93;
2022-10-22 22:00:00;0.0;0.0;0.0;15.13;92.75;5.72;
2022-10-22 23:00:00;0.0;0.0;0.0;15.13;92.75;5.38;
2022-10-23 00:00:00;0.0;0.0;0.0;15.22;92.75;5.38;
2022-10-23 01:00:00;0.0;0.0;0.0;15.39;92.75;5.72;
2022-10-23 02:00:00;0.0;0.0;0.0;15.67;89.6;5.66;
2022-10-23 03:00:00;0.0;0.0;0.0;15.65;89.6;5.52;
2022-10-23 04:00:00;0.0;0.0;0.0;15.85;89.6;5.38;
2022-10-23 05:00:00;0.0;0.0;0.0;15.88;89.6;5.1;
2022-10-23 06:00:00;0.0;0.0;0.0;15.91;89.6;5.03;
2022-10-23 07:00:00;40.0;26.81;37.0;15.44;89.55;5.38;
2022-10-23 08:00:00;119.0;65.04;103.0;15.55;89.55;5.31;
2022-10-23 09:00:00;329.0;702.79;81.0;16.17;86.55;4.83;
2022-10-23 10:00:00;254.0;126.98;200.0;16.69;80.8;5.59;
2022-10-23 11:00:00;305.0;194.22;216.0;17.19;78.1;5.38;
2022-10-23 12:00:00;360.0;398.2;181.0;17.43;75.4;4.97;
2022-10-23 13:00:00;359.0;615.43;113.0;17.88;70.35;4.48;
2022-10-23 14:00:00;189.0;153.73;141.0;18.13;68.05;3.72;
2022-10-23 15:00:00;95.0;82.9;79.0;17.79;72.9;2.0;
2022-10-23 16:00:00;17.0;39.85;15.0;16.93;78.0;2.07;
2022-10-23 17:00:00;0.0;0.0;0.0;15.93;86.5;2.97;
2022-10-23 18:00:00;0.0;0.0;0.0;15.66;92.75;4.14;
2022-10-23 19:00:00;0.0;0.0;0.0;16.3;92.8;6.41;
2022-10-23 20:00:00;0.0;0.0;0.0;16.45;92.8;8.97;
2022-10-23 21:00:00;0.0;0.0;0.0;15.49;92.75;6.62;
2022-10-23 22:00:00;0.0;0.0;0.0;14.66;89.5;2.62;
2022-10-23 23:00:00;0.0;0.0;0.0;13.84;92.65;3.1;
2022-10-24 00:00:00;0.0;0.0;0.0;13.87;95.95;3.79;
2022-10-24 01:00:00;0.0;0.0;0.0;13.79;92.65;4.41;
2022-10-24 02:00:00;0.0;0.0;0.0;13.94;89.45;5.31;
2022-10-24 03:00:00;0.0;0.0;0.0;14.22;83.4;6.62;
2022-10-24 04:00:00;0.0;0.0;0.0;14.06;77.65;7.17;
2022-10-24 05:00:00;0.0;0.0;0.0;13.54;80.35;7.1;
2022-10-24 06:00:00;0.0;0.0;0.0;13.19;80.35;6.76;
2022-10-24 07:00:00;43.0;46.67;38.0;12.8;89.4;6.69;
2022-10-24 08:00:00;117.0;66.38;101.0;13.15;86.3;6.62;
2022-10-24 09:00:00;140.0;17.25;134.0;13.43;86.3;6.9;
2022-10-24 10:00:00;233.0;88.1;196.0;13.5;89.4;7.03;
2022-10-24 11:00:00;84.0;0.0;84.0;14.11;89.5;5.72;
2022-10-24 12:00:00;116.0;0.0;116.0;14.18;89.5;5.66;
2022-10-24 13:00:00;109.0;0.0;109.0;14.1;89.5;6.69;
2022-10-24 14:00:00;129.0;26.08;121.0;13.81;89.45;5.93;
2022-10-24 15:00:00;13.0;0.0;13.0;13.37;89.4;6.55;
2022-10-24 16:00:00;22.0;177.76;14.0;13.14;86.3;5.24;
2022-10-24 17:00:00;0.0;0.0;0.0;12.52;89.35;4.41;
2022-10-24 18:00:00;0.0;0.0;0.0;12.03;92.55;3.59;
2022-10-24 19:00:00;0.0;0.0;0.0;12.13;86.2;3.31;
2022-10-24 20:00:00;0.0;0.0;0.0;11.59;89.3;3.17;
2022-10-24 21:00:00;0.0;0.0;0.0;11.3;92.55;3.1;
2022-10-24 22:00:00;0.0;0.0;0.0;10.99;95.9;2.97;
2022-10-24 23:00:00;0.0;0.0;0.0;10.46;95.9;2.97;
2022-10-25 00:00:00;0.0;0.0;0.0;10.18;95.9;2.97;
2022-10-25 01:00:00;0.0;0.0;0.0;9.79;95.85;2.97;
2022-10-25 02:00:00;0.0;0.0;0.0;9.56;95.85;2.55;
2022-10-25 03:00:00;0.0;0.0;0.0;9.11;92.45;2.28;
2022-10-25 04:00:00;0.0;0.0;0.0;8.72;92.45;2.28;
2022-10-25 05:00:00;0.0;0.0;0.0;8.51;92.45;2.34;
2022-10-25 06:00:00;0.0;0.0;0.0;8.6;92.45;2.41;
2022-10-25 07:00:00;48.0;97.66;38.0;9.29;95.85;2.55;
2022-10-25 08:00:00;145.0;182.14;102.0;10.38;95.9;2.76;
2022-10-25 09:00:00;188.0;93.4;156.0;11.71;92.55;3.24;
2022-10-25 10:00:00;219.0;69.93;190.0;12.73;86.25;3.59;
2022-10-25 11:00:00;278.0;143.04;214.0;13.69;80.4;3.93;
2022-10-25 12:00:00;260.0;118.56;208.0;14.26;77.65;4.14;
2022-10-25 13:00:00;203.0;69.44;176.0;14.4;77.65;4.55;
2022-10-25 14:00:00;110.0;9.95;107.0;14.88;75.0;4.69;
2022-10-25 15:00:00;79.0;43.86;71.0;15.16;72.45;4.62;
2022-10-25 16:00:00;10.0;0.0;10.0;15.21;69.9;4.55;
2022-10-25 17:00:00;0.0;0.0;0.0;15.21;69.9;4.55;
2022-10-25 18:00:00;0.0;0.0;0.0;15.33;69.9;4.76;
2022-10-25 19:00:00;0.0;0.0;0.0;15.19;72.45;4.83;
2022-10-25 20:00:00;0.0;0.0;0.0;15.37;75.1;5.38;
2022-10-25 21:00:00;0.0;0.0;0.0;15.57;72.55;5.72;
2022-10-25 22:00:00;0.0;0.0;0.0;15.68;72.55;5.72;
2022-10-25 23:00:00;0.0;0.0;0.0;15.89;72.55;5.45;
2022-10-26 00:00:00;0.0;0.0;0.0;16.04;75.15;5.31;
2022-10-26 01:00:00;0.0;0.0;0.0;16.16;75.25;5.24;
2022-10-26 02:00:00;0.0;0.0;0.0;16.21;75.25;5.31;
2022-10-26 03:00:00;0.0;0.0;0.0;16.22;77.95;5.38;
2022-10-26 04:00:00;0.0;0.0;0.0;16.21;77.95;5.45;
2022-10-26 05:00:00;0.0;0.0;0.0;16.19;77.95;5.38;
2022-10-26 06:00:00;0.0;0.0;0.0;16.14;77.95;5.31;
2022-10-26 07:00:00;14.0;0.0;14.0;16.53;83.6;5.24;
2022-10-26 08:00:00;91.0;25.96;85.0;17.35;78.1;5.45;
2022-10-26 09:00:00;231.0;251.86;146.0;18.47;75.55;5.66;
2022-10-26 10:00:00;341.0;486.04;142.0;19.47;73.15;5.79;
2022-10-26 11:00:00;379.0;522.53;148.0;20.35;73.2;5.66;
2022-10-26 12:00:00;260.0;131.58;203.0;20.72;73.3;5.31;
2022-10-26 13:00:00;217.0;106.93;176.0;20.62;73.3;5.72;
2022-10-26 14:00:00;144.0;60.79;126.0;20.63;73.3;5.38;
2022-10-26 15:00:00;68.0;28.22;63.0;20.31;75.75;4.62;
2022-10-26 16:00:00;10.0;0.0;10.0;19.79;75.75;4.48;
2022-10-26 17:00:00;0.0;0.0;0.0;18.92;81.05;4.83;
2022-10-26 18:00:00;0.0;0.0;0.0;18.13;83.8;4.97;
2022-10-26 19:00:00;0.0;0.0;0.0;17.03;86.6;4.97;
2022-10-26 20:00:00;0.0;0.0;0.0;16.45;86.55;5.1;
2022-10-26 21:00:00;0.0;0.0;0.0;15.97;89.6;5.17;
2022-10-26 22:00:00;0.0;0.0;0.0;15.62;89.6;5.1;
2022-10-26 23:00:00;0.0;0.0;0.0;15.29;89.55;4.83;
2022-10-27 00:00:00;0.0;0.0;0.0;14.91;89.5;4.48;
2022-10-27 01:00:00;0.0;0.0;0.0;14.38;80.45;4.28;
2022-10-27 02:00:00;0.0;0.0;0.0;13.62;72.2;3.86;
2022-10-27 03:00:00;0.0;0.0;0.0;12.79;72.05;3.38;
2022-10-27 04:00:00;0.0;0.0;0.0;11.87;77.3;3.03;
2022-10-27 05:00:00;0.0;0.0;0.0;11.1;80.1;2.76;
2022-10-27 06:00:00;0.0;0.0;0.0;10.37;86.0;2.76;
2022-10-27 07:00:00;59.0;312.06;30.0;10.25;89.2;2.76;
2022-10-27 08:00:00;190.0;548.15;66.0;11.1;86.1;2.62;
2022-10-27 09:00:00;299.0;619.77;93.0;12.19;80.2;3.1;
2022-10-27 10:00:00;372.0;635.84;115.0;13.1;72.1;3.45;
2022-10-27 11:00:00;420.0;721.24;105.0;13.87;69.65;3.52;
2022-10-27 12:00:00;408.0;703.53;107.0;14.39;67.25;3.66;
2022-10-27 13:00:00;315.0;452.29;144.0;14.82;62.65;4.14;
2022-10-27 14:00:00;140.0;51.58;125.0;15.02;60.4;4.28;
2022-10-27 15:00:00;69.0;29.06;64.0;14.68;64.95;2.62;
2022-10-27 16:00:00;8.0;0.0;8.0;14.01;69.65;2.21;
2022-10-27 17:00:00;0.0;0.0;0.0;13.61;69.65;1.72;
2022-10-27 18:00:00;0.0;0.0;0.0;13.35;72.1;1.38;
2022-10-27 19:00:00;0.0;0.0;0.0;12.99;77.45;1.38;
2022-10-27 20:00:00;0.0;0.0;0.0;12.85;77.45;1.66;
2022-10-27 21:00:00;0.0;0.0;0.0;12.64;80.3;1.66;
2022-10-27 22:00:00;0.0;0.0;0.0;12.41;83.15;1.72;
2022-10-27 23:00:00;0.0;0.0;0.0;12.13;83.15;1.86;
2022-10-28 00:00:00;0.0;0.0;0.0;11.75;86.15;2.21;
2022-10-28 01:00:00;0.0;0.0;0.0;11.83;89.3;2.21;
2022-10-28 02:00:00;0.0;0.0;0.0;11.89;92.55;2.28;
2022-10-28 03:00:00;0.0;0.0;0.0;12.05;89.35;2.28;
2022-10-28 04:00:00;0.0;0.0;0.0;12.06;92.6;2.48;
2022-10-28 05:00:00;0.0;0.0;0.0;12.27;92.6;2.76;
2022-10-28 06:00:00;0.0;0.0;0.0;12.39;95.95;2.83;
2022-10-28 07:00:00;26.0;11.34;25.0;12.34;95.95;2.62;
2022-10-28 08:00:00;60.0;0.0;60.0;12.73;95.95;2.97;
2022-10-28 09:00:00;176.0;91.66;146.0;13.31;95.95;2.9;
2022-10-28 10:00:00;119.0;0.0;119.0;14.06;92.7;4.41;
2022-10-28 11:00:00;182.0;20.86;173.0;14.87;92.7;4.83;
2022-10-28 12:00:00;257.0;137.27;199.0;15.55;92.75;4.0;
2022-10-28 13:00:00;110.0;0.0;110.0;16.35;86.55;5.24;
2022-10-28 14:00:00;143.0;70.02;123.0;16.24;83.6;5.1;
2022-10-28 15:00:00;31.0;0.0;31.0;16.12;83.6;5.03;
2022-10-28 16:00:00;5.0;0.0;5.0;15.95;86.5;4.76;
2022-10-28 17:00:00;0.0;0.0;0.0;15.76;83.55;4.76;
2022-10-28 18:00:00;0.0;0.0;0.0;15.6;83.55;5.03;
2022-10-28 19:00:00;0.0;0.0;0.0;15.52;86.5;5.17;
2022-10-28 20:00:00;0.0;0.0;0.0;15.59;86.5;5.03;
2022-10-28 21:00:00;0.0;0.0;0.0;15.67;86.5;4.97;
2022-10-28 22:00:00;0.0;0.0;0.0;15.77;89.6;4.97;
2022-10-28 23:00:00;0.0;0.0;0.0;15.87;89.6;4.9;
2022-10-29 00:00:00;0.0;0.0;0.0;15.96;92.75;4.83;
2022-10-29 01:00:00;0.0;0.0;0.0;16.04;92.75;4.83;
2022-10-29 02:00:00;0.0;0.0;0.0;16.13;89.65;4.83;
2022-10-29 03:00:00;0.0;0.0;0.0;16.14;89.65;4.9;
2022-10-29 04:00:00;0.0;0.0;0.0;16.06;92.75;4.83;
2022-10-29 05:00:00;0.0;0.0;0.0;15.81;92.75;4.62;
2022-10-29 06:00:00;0.0;0.0;0.0;15.49;92.75;4.41;
2022-10-29 07:00:00;41.0;119.74;31.0;15.26;92.75;4.28;
2022-10-29 08:00:00;119.0;115.52;94.0;15.23;86.5;4.41;
2022-10-29 09:00:00;244.0;347.57;132.0;15.16;77.8;4.9;
2022-10-29 10:00:00;279.0;251.4;180.0;15.0;72.4;5.03;
2022-10-29 11:00:00;245.0;100.89;202.0;14.89;69.85;5.03;
2022-10-29 12:00:00;200.0;43.14;182.0;14.92;69.85;4.76;
2022-10-29 13:00:00;205.0;95.22;170.0;15.06;69.85;4.83;
2022-10-29 14:00:00;125.0;35.65;115.0;15.05;67.35;4.48;
2022-10-29 15:00:00;104.0;246.88;64.0;14.78;69.85;3.45;
2022-10-29 16:00:00;0.0;0.0;0.0;14.35;72.3;2.83;
2022-10-29 17:00:00;0.0;0.0;0.0;13.76;77.6;2.34;
2022-10-29 18:00:00;0.0;0.0;0.0;12.99;83.25;2.21;
2022-10-29 19:00:00;0.0;0.0;0.0;11.97;89.3;2.0;
2022-10-29 20:00:00;0.0;0.0;0.0;11.47;89.3;1.79;
2022-10-29 21:00:00;0.0;0.0;0.0;10.47;95.9;1.59;
2022-10-29 22:00:00;0.0;0.0;0.0;10.24;92.5;1.24;
2022-10-29 23:00:00;0.0;0.0;0.0;11.42;89.3;0.62;
2022-10-30 00:00:00;0.0;0.0;0.0;11.17;92.55;0.07;
2022-10-30 01:00:00;0.0;0.0;0.0;10.8;95.9;0.69;
2022-10-30 02:00:00;0.0;0.0;0.0;9.62;99.4;1.1;
2022-10-30 03:00:00;0.0;0.0;0.0;8.46;99.4;1.24;
2022-10-30 04:00:00;0.0;0.0;0.0;7.32;99.4;1.59;
2022-10-30 05:00:00;0.0;0.0;0.0;7.53;95.8;1.59;
2022-10-30 06:00:00;0.0;0.0;0.0;7.96;99.4;1.66;
2022-10-30 07:00:00;45.0;228.34;27.0;8.94;99.4;2.0;
2022-10-30 08:00:00;157.0;382.93;76.0;9.83;99.4;2.41;
2022-10-30 09:00:00;190.0;138.72;146.0;10.78;92.5;3.66;
2022-10-30 10:00:00;335.0;524.91;131.0;11.93;86.15;3.72;
2022-10-30 11:00:00;355.0;472.7;156.0;13.07;77.5;3.79;
2022-10-30 12:00:00;384.0;677.13;105.0;13.9;74.85;4.0;
2022-10-30 13:00:00;327.0;629.16;99.0;14.39;72.3;4.0;
2022-10-30 14:00:00;234.0;551.84;82.0;14.63;69.85;3.79;
2022-10-30 15:00:00;0.0;0.0;0.0;14.42;72.3;3.1;
2022-10-30 16:00:00;0.0;0.0;0.0;13.52;77.5;2.9;
2022-10-30 17:00:00;0.0;0.0;0.0;12.45;83.15;3.1;
2022-10-30 18:00:00;0.0;0.0;0.0;11.87;86.15;3.38;
2022-10-30 19:00:00;0.0;0.0;0.0;11.87;86.15;3.52;
2022-10-30 20:00:00;0.0;0.0;0.0;11.61;86.15;3.45;
2022-10-30 21:00:00;0.0;0.0;0.0;11.43;89.3;3.52;
2022-10-30 22:00:00;0.0;0.0;0.0;11.27;89.3;3.66;
2022-10-30 23:00:00;0.0;0.0;0.0;11.14;89.3;3.93;
2022-10-31 00:00:00;0.0;0.0;0.0;11.01;92.5;4.0;
2022-10-31 01:00:00;0.0;0.0;0.0;10.84;92.5;4.14;
2022-10-31 02:00:00;0.0;0.0;0.0;10.85;92.5;4.28;
2022-10-31 03:00:00;0.0;0.0;0.0;10.95;92.5;4.41;
2022-10-31 04:00:00;0.0;0.0;0.0;10.96;95.9;4.48;
2022-10-31 05:00:00;0.0;0.0;0.0;11.41;92.55;4.62;
2022-10-31 06:00:00;0.0;0.0;0.0;12.08;89.35;4.9;
2022-10-31 07:00:00;37.0;148.32;26.0;12.79;92.6;5.1;
2022-10-31 08:00:00;84.0;29.03;78.0;13.49;92.65;5.45;
2022-10-31 09:00:00;139.0;35.24;128.0;14.03;89.45;5.38;
2022-10-31 10:00:00;67.0;0.0;67.0;14.3;86.4;5.59;
2022-10-31 11:00:00;331.0;382.39;172.0;14.69;83.45;6.41;
2022-10-31 12:00:00;290.0;253.16;187.0;14.98;83.45;6.28;
2022-10-31 13:00:00;247.0;235.11;163.0;14.81;72.4;7.03;
2022-10-31 14:00:00;222.0;488.09;90.0;13.84;69.65;6.76;
2022-10-31 15:00:00;49.0;6.57;48.0;13.04;66.95;6.55;
2022-10-31 16:00:00;0.0;0.0;0.0;12.52;67.01;6.46;
2022-10-31 17:00:00;0.0;0.0;0.0;12.25;68.3;6.41;
2022-10-31 18:00:00;0.0;0.0;0.0;11.98;69.59;6.37;
2022-10-31 19:00:00;0.0;0.0;0.0;11.72;70.88;6.32;
2022-10-31 20:00:00;0.0;0.0;0.0;11.45;72.18;6.28;
2022-10-31 21:00:00;0.0;0.0;0.0;11.18;73.47;6.23;
2022-10-31 22:00:00;0.0;0.0;0.0;10.91;74.76;6.18;
2022-10-31 23:00:00;0.0;0.0;0.0;10.65;76.05;6.14;
2022-11-01 00:00:00;0.0;0.0;0.0;10.38;77.35;6.09;
2022-11-01 01:00:00;0.0;0.0;0.0;10.11;78.64;6.05;
2022-11-01 02:00:00;0.0;0.0;0.0;9.84;79.93;6.0;
2022-11-01 03:00:00;0.0;0.0;0.0;9.57;81.22;5.96;
2022-11-01 04:00:00;0.0;0.0;0.0;9.31;82.52;5.91;
2022-11-01 05:00:00;0.0;0.0;0.0;9.04;83.81;5.87;
2022-11-01 06:00:00;0.0;0.0;0.0;8.77;85.1;5.82;
2022-11-01 07:00:00;35.0;158.24;24.0;8.5;86.39;5.77;
2022-11-01 08:00:00;174.0;599.52;53.0;9.1;82.85;6.07;
2022-11-01 09:00:00;228.0;315.76;131.0;9.91;77.1;5.38;
2022-11-01 10:00:00;151.0;13.21;146.0;10.79;71.75;6.69;
2022-11-01 11:00:00;354.0;496.75;150.0;11.7;69.25;8.0;
2022-11-01 12:00:00;62.0;0.0;62.0;12.27;62.2;7.59;
2022-11-01 13:00:00;40.0;0.0;40.0;12.41;62.2;6.48;
2022-11-01 14:00:00;21.0;0.0;21.0;12.23;64.45;5.59;
2022-11-01 15:00:00;10.0;0.0;10.0;11.95;64.45;4.83;
2022-11-01 16:00:00;0.0;0.0;0.0;11.26;66.75;4.34;
2022-11-01 17:00:00;0.0;0.0;0.0;10.4;71.7;4.34;
2022-11-01 18:00:00;0.0;0.0;0.0;9.6;77.0;4.07;
2022-11-01 19:00:00;0.0;0.0;0.0;8.67;85.9;3.72;
2022-11-01 20:00:00;0.0;0.0;0.0;8.33;85.9;3.45;
2022-11-01 21:00:00;0.0;0.0;0.0;7.93;89.05;3.31;
2022-11-01 22:00:00;0.0;0.0;0.0;7.76;89.05;3.24;
2022-11-01 23:00:00;0.0;0.0;0.0;7.6;92.35;3.38;
2022-11-02 00:00:00;0.0;0.0;0.0;7.41;92.35;3.52;
2022-11-02 01:00:00;0.0;0.0;0.0;7.35;89.0;3.59;
2022-11-02 02:00:00;0.0;0.0;0.0;7.26;89.0;3.24;
2022-11-02 03:00:00;0.0;0.0;0.0;7.02;92.35;2.97;
2022-11-02 04:00:00;0.0;0.0;0.0;6.95;92.35;2.76;
2022-11-02 05:00:00;0.0;0.0;0.0;6.95;92.35;2.76;
2022-11-02 06:00:00;0.0;0.0;0.0;7.13;95.8;2.9;
2022-11-02 07:00:00;3.0;0.0;3.0;7.7;92.4;2.14;
2022-11-02 08:00:00;29.0;0.0;29.0;7.87;92.4;2.14;
2022-11-02 09:00:00;42.0;0.0;42.0;8.37;92.4;2.41;
2022-11-02 10:00:00;118.0;2.68;117.0;8.96;89.1;2.48;
2022-11-02 11:00:00;165.0;14.79;159.0;9.55;89.15;2.41;
2022-11-02 12:00:00;121.0;0.0;121.0;10.04;82.95;2.41;
2022-11-02 13:00:00;255.0;290.86;154.0;10.49;80.05;2.48;
2022-11-02 14:00:00;181.0;264.7;112.0;10.71;77.15;2.28;
2022-11-02 15:00:00;108.0;455.03;43.0;10.31;77.15;1.59;
2022-11-02 16:00:00;0.0;0.0;0.0;9.61;79.9;1.66;
2022-11-02 17:00:00;0.0;0.0;0.0;8.53;82.75;2.0;
2022-11-02 18:00:00;0.0;0.0;0.0;7.74;85.85;2.21;
2022-11-02 19:00:00;0.0;0.0;0.0;6.93;92.35;2.0;
2022-11-02 20:00:00;0.0;0.0;0.0;6.48;92.3;2.07;
2022-11-02 21:00:00;0.0;0.0;0.0;5.71;92.3;2.21;
2022-11-02 22:00:00;0.0;0.0;0.0;5.21;95.75;1.93;
2022-11-02 23:00:00;0.0;0.0;0.0;4.7;95.75;1.79;
2022-11-03 00:00:00;0.0;0.0;0.0;4.03;100.0;1.79;
2022-11-03 01:00:00;0.0;0.0;0.0;3.5;99.4;1.45;
2022-11-03 02:00:00;0.0;0.0;0.0;3.38;99.4;1.31;
2022-11-03 03:00:00;0.0;0.0;0.0;2.78;99.4;1.59;
2022-11-03 04:00:00;0.0;0.0;0.0;2.7;99.4;1.52;
2022-11-03 05:00:00;0.0;0.0;0.0;2.58;99.4;1.31;
2022-11-03 06:00:00;0.0;0.0;0.0;2.41;99.4;1.45;
2022-11-03 07:00:00;32.0;199.07;20.0;2.95;99.4;1.52;
2022-11-03 08:00:00;166.0;608.66;49.0;4.21;99.4;0.97;
2022-11-03 09:00:00;272.0;659.25;76.0;6.4;95.8;0.9;
2022-11-03 10:00:00;359.0;757.41;80.0;7.71;92.4;1.1;
2022-11-03 11:00:00;396.0;781.44;83.0;8.97;85.95;1.66;
2022-11-03 12:00:00;382.0;755.75;86.0;9.76;79.95;2.21;
2022-11-03 13:00:00;108.0;2.92;107.0;10.22;82.95;2.14;
2022-11-03 14:00:00;38.0;0.0;38.0;10.3;80.05;2.14;
2022-11-03 15:00:00;44.0;7.23;43.0;9.95;82.95;1.93;
2022-11-03 16:00:00;0.0;0.0;0.0;8.47;85.9;2.14;
2022-11-03 17:00:00;0.0;0.0;0.0;7.55;89.0;1.86;
2022-11-03 18:00:00;0.0;0.0;0.0;7.05;92.35;1.38;
2022-11-03 19:00:00;0.0;0.0;0.0;5.99;95.75;1.79;
2022-11-03 20:00:00;0.0;0.0;0.0;5.6;95.75;1.79;
2022-11-03 21:00:00;0.0;0.0;0.0;5.19;95.75;1.72;
2022-11-03 22:00:00;0.0;0.0;0.0;4.78;95.75;1.52;
2022-11-03 23:00:00;0.0;0.0;0.0;4.58;99.4;1.52;
2022-11-04 00:00:00;0.0;0.0;0.0;4.16;100.0;1.66;
2022-11-04 01:00:00;0.0;0.0;0.0;4.21;99.4;1.52;
2022-11-04 02:00:00;0.0;0.0;0.0;4.16;100.0;1.45;
2022-11-04 03:00:00;0.0;0.0;0.0;3.53;99.4;1.66;
2022-11-04 04:00:00;0.0;0.0;0.0;2.95;99.4;1.79;
2022-11-04 05:00:00;0.0;0.0;0.0;2.93;99.4;1.72;
2022-11-04 06:00:00;0.0;0.0;0.0;3.15;99.4;1.79;
2022-11-04 07:00:00;16.0;17.95;15.0;5.02;99.4;2.14;
2022-11-04 08:00:00;100.0;106.68;80.0;6.28;95.8;1.86;
2022-11-04 09:00:00;63.0;0.0;63.0;8.31;89.1;2.14;
2022-11-04 10:00:00;31.0;0.0;31.0;9.88;86.0;3.31;
2022-11-04 11:00:00;201.0;55.62;179.0;10.8;80.1;4.62;
2022-11-04 12:00:00;360.0;656.81;106.0;11.13;80.1;4.69;
2022-11-04 13:00:00;28.0;0.0;28.0;11.2;77.2;4.83;
2022-11-04 14:00:00;20.0;0.0;20.0;10.62;80.05;5.38;
2022-11-04 15:00:00;102.0;463.54;40.0;9.93;82.95;4.83;
2022-11-04 16:00:00;0.0;0.0;0.0;9.4;82.9;4.28;
2022-11-04 17:00:00;0.0;0.0;0.0;8.74;85.95;4.21;
2022-11-04 18:00:00;0.0;0.0;0.0;8.51;89.1;4.41;
2022-11-04 19:00:00;0.0;0.0;0.0;8.72;85.95;3.72;
2022-11-04 20:00:00;0.0;0.0;0.0;8.54;89.1;4.34;
2022-11-04 21:00:00;0.0;0.0;0.0;8.42;89.1;4.21;
2022-11-04 22:00:00;0.0;0.0;0.0;8.29;89.1;3.93;
2022-11-04 23:00:00;0.0;0.0;0.0;8.17;92.4;3.59;
2022-11-05 00:00:00;0.0;0.0;0.0;7.69;92.35;2.9;
2022-11-05 01:00:00;0.0;0.0;0.0;7.2;92.35;2.55;
2022-11-05 02:00:00;0.0;0.0;0.0;7.2;89.0;2.62;
2022-11-05 03:00:00;0.0;0.0;0.0;7.25;89.0;2.41;
2022-11-05 04:00:00;0.0;0.0;0.0;7.09;92.35;2.21;
2022-11-05 05:00:00;0.0;0.0;0.0;6.93;92.35;2.21;
2022-11-05 06:00:00;0.0;0.0;0.0;6.7;89.0;2.28;
2022-11-05 07:00:00;15.0;19.55;14.0;6.27;88.95;2.34;
2022-11-05 08:00:00;143.0;459.67;59.0;6.97;92.35;2.28;
2022-11-05 09:00:00;155.0;86.94;130.0;9.0;89.1;2.21;
2022-11-05 10:00:00;119.0;2.79;118.0;10.46;86.05;2.41;
2022-11-05 11:00:00;142.0;5.12;140.0;11.48;80.15;3.1;
2022-11-05 12:00:00;122.0;2.62;121.0;11.97;77.35;3.38;
2022-11-05 13:00:00;106.0;3.01;105.0;11.23;83.05;3.38;
2022-11-05 14:00:00;50.0;0.0;50.0;10.72;83.0;3.38;
2022-11-05 15:00:00;62.0;85.05;51.0;10.21;82.95;3.31;
2022-11-05 16:00:00;0.0;0.0;0.0;9.54;85.95;2.69;
2022-11-05 17:00:00;0.0;0.0;0.0;8.48;85.9;2.62;
2022-11-05 18:00:00;0.0;0.0;0.0;7.65;89.0;2.76;
2022-11-05 19:00:00;0.0;0.0;0.0;7.0;89.0;2.97;
2022-11-05 20:00:00;0.0;0.0;0.0;6.6;88.95;2.97;
2022-11-05 21:00:00;0.0;0.0;0.0;6.21;85.7;3.1;
2022-11-05 22:00:00;0.0;0.0;0.0;5.86;88.9;3.17;
2022-11-05 23:00:00;0.0;0.0;0.0;5.51;92.25;3.17;
2022-11-06 00:00:00;0.0;0.0;0.0;5.45;92.25;3.31;
2022-11-06 01:00:00;0.0;0.0;0.0;5.46;92.25;3.31;
2022-11-06 02:00:00;0.0;0.0;0.0;5.48;92.25;3.45;
2022-11-06 03:00:00;0.0;0.0;0.0;5.62;92.25;3.52;
2022-11-06 04:00:00;0.0;0.0;0.0;5.73;88.9;3.52;
2022-11-06 05:00:00;0.0;0.0;0.0;5.97;88.9;3.52;
2022-11-06 06:00:00;0.0;0.0;0.0;6.33;85.7;3.66;
2022-11-06 07:00:00;13.0;21.45;12.0;6.14;88.9;3.72;
2022-11-06 08:00:00;64.0;16.85;61.0;6.48;88.95;3.79;
2022-11-06 09:00:00;152.0;91.96;126.0;7.6;85.8;3.79;
2022-11-06 10:00:00;194.0;87.67;163.0;8.96;82.85;4.34;
2022-11-06 11:00:00;183.0;41.48;167.0;10.27;77.15;4.76;
2022-11-06 12:00:00;102.0;0.0;102.0;10.96;80.1;4.76;
2022-11-06 13:00:00;99.0;0.0;99.0;11.32;80.15;4.41;
2022-11-06 14:00:00;63.0;0.0;63.0;11.55;80.15;4.9;
2022-11-06 15:00:00;31.0;0.0;31.0;11.25;80.15;4.9;
2022-11-06 16:00:00;0.0;0.0;0.0;11.16;83.05;5.03;
2022-11-06 17:00:00;0.0;0.0;0.0;10.95;80.1;5.24;
2022-11-06 18:00:00;0.0;0.0;0.0;10.86;80.1;5.72;
2022-11-06 19:00:00;0.0;0.0;0.0;10.54;83.0;6.28;
2022-11-06 20:00:00;0.0;0.0;0.0;10.75;80.1;6.28;
2022-11-06 21:00:00;0.0;0.0;0.0;10.85;83.05;6.14;
2022-11-06 22:00:00;0.0;0.0;0.0;11.09;83.05;6.34;
2022-11-06 23:00:00;0.0;0.0;0.0;11.26;80.15;6.34;
2022-11-07 00:00:00;0.0;0.0;0.0;11.49;83.1;6.07;
2022-11-07 01:00:00;0.0;0.0;0.0;11.73;86.15;5.59;
2022-11-07 02:00:00;0.0;0.0;0.0;11.82;86.2;5.24;
2022-11-07 03:00:00;0.0;0.0;0.0;11.69;89.3;4.76;
2022-11-07 04:00:00;0.0;0.0;0.0;11.61;89.3;4.76;
2022-11-07 05:00:00;0.0;0.0;0.0;11.34;89.3;4.62;
2022-11-07 06:00:00;0.0;0.0;0.0;11.03;89.3;4.21;
2022-11-07 07:00:00;10.0;0.0;10.0;10.76;86.1;4.69;
2022-11-07 08:00:00;145.0;565.22;47.0;10.4;83.0;4.48;
2022-11-07 09:00:00;175.0;176.28;126.0;10.91;80.1;4.83;
2022-11-07 10:00:00;175.0;57.35;155.0;11.3;74.55;5.38;
2022-11-07 11:00:00;206.0;78.76;176.0;11.55;69.25;6.07;
2022-11-07 12:00:00;54.0;0.0;54.0;11.57;66.75;6.41;
2022-11-07 13:00:00;69.0;0.0;69.0;11.29;66.75;5.86;
2022-11-07 14:00:00;115.0;63.13;100.0;11.22;69.15;5.66;
2022-11-07 15:00:00;14.0;0.0;14.0;10.85;66.65;4.76;
2022-11-07 16:00:00;0.0;0.0;0.0;10.21;69.0;4.14;
2022-11-07 17:00:00;0.0;0.0;0.0;9.98;69.0;3.79;
2022-11-07 18:00:00;0.0;0.0;0.0;9.95;69.0;3.59;
2022-11-07 19:00:00;0.0;0.0;0.0;8.96;74.15;3.17;
2022-11-07 20:00:00;0.0;0.0;0.0;8.97;76.95;3.17;
2022-11-07 21:00:00;0.0;0.0;0.0;8.98;76.95;3.1;
2022-11-07 22:00:00;0.0;0.0;0.0;8.78;79.85;2.97;
2022-11-07 23:00:00;0.0;0.0;0.0;9.02;79.85;2.76;
2022-11-08 00:00:00;0.0;0.0;0.0;8.61;82.75;2.55;
2022-11-08 01:00:00;0.0;0.0;0.0;8.37;82.75;2.34;
2022-11-08 02:00:00;0.0;0.0;0.0;7.93;85.85;2.34;
2022-11-08 03:00:00;0.0;0.0;0.0;7.42;89.0;2.41;
2022-11-08 04:00:00;0.0;0.0;0.0;7.37;89.0;2.34;
2022-11-08 05:00:00;0.0;0.0;0.0;7.27;89.0;2.34;
2022-11-08 06:00:00;0.0;0.0;0.0;7.04;92.35;2.34;
2022-11-08 07:00:00;4.0;0.0;4.0;6.73;89.0;2.28;
2022-11-08 08:00:00;122.0;361.46;61.0;7.11;92.35;2.07;
2022-11-08 09:00:00;256.0;713.67;61.0;8.48;85.9;1.93;
2022-11-08 10:00:00;319.0;674.48;87.0;9.92;79.95;2.0;
2022-11-08 11:00:00;312.0;441.32;146.0;10.95;71.75;2.21;
2022-11-08 12:00:00;215.0;111.54;174.0;11.29;64.35;2.21;
2022-11-08 13:00:00;252.0;395.2;126.0;11.31;62.0;2.14;
2022-11-08 14:00:00;161.0;265.83;99.0;11.26;62.0;2.28;
2022-11-08 15:00:00;71.0;222.93;45.0;10.89;66.65;1.59;
2022-11-08 16:00:00;0.0;0.0;0.0;10.05;71.6;1.45;
2022-11-08 17:00:00;0.0;0.0;0.0;8.86;79.85;1.59;
2022-11-08 18:00:00;0.0;0.0;0.0;7.8;85.85;1.66;
2022-11-08 19:00:00;0.0;0.0;0.0;6.92;92.35;1.86;
2022-11-08 20:00:00;0.0;0.0;0.0;6.39;92.3;2.14;
2022-11-08 21:00:00;0.0;0.0;0.0;5.94;92.3;2.21;
2022-11-08 22:00:00;0.0;0.0;0.0;5.73;92.3;2.28;
2022-11-08 23:00:00;0.0;0.0;0.0;5.68;95.75;2.34;
2022-11-09 00:00:00;0.0;0.0;0.0;5.54;92.25;2.41;
2022-11-09 01:00:00;0.0;0.0;0.0;5.41;92.25;2.48;
2022-11-09 02:00:00;0.0;0.0;0.0;5.38;92.25;2.55;
2022-11-09 03:00:00;0.0;0.0;0.0;5.51;92.25;2.69;
2022-11-09 04:00:00;0.0;0.0;0.0;5.69;92.3;2.83;
2022-11-09 05:00:00;0.0;0.0;0.0;6.03;92.3;2.9;
2022-11-09 06:00:00;0.0;0.0;0.0;6.38;88.95;3.03;
2022-11-09 07:00:00;5.0;0.0;5.0;6.99;89.0;3.17;
2022-11-09 08:00:00;106.0;255.82;64.0;7.64;89.0;3.17;
2022-11-09 09:00:00;200.0;346.31;107.0;8.31;82.75;2.97;
2022-11-09 10:00:00;261.0;359.62;139.0;8.9;82.85;3.17;
2022-11-09 11:00:00;202.0;83.46;171.0;9.4;79.9;3.31;
2022-11-09 12:00:00;244.0;209.39;168.0;10.01;77.1;3.45;
2022-11-09 13:00:00;183.0;120.88;145.0;10.25;77.15;3.03;
2022-11-09 14:00:00;103.0;43.68;93.0;10.42;77.15;2.62;
2022-11-09 15:00:00;40.0;26.65;37.0;10.34;77.15;2.41;
2022-11-09 16:00:00;0.0;0.0;0.0;9.79;79.95;2.41;
2022-11-09 17:00:00;0.0;0.0;0.0;9.47;79.9;2.55;
2022-11-09 18:00:00;0.0;0.0;0.0;9.3;79.9;2.62;
2022-11-09 19:00:00;0.0;0.0;0.0;9.25;79.9;2.14;
2022-11-09 20:00:00;0.0;0.0;0.0;8.85;82.85;1.93;
2022-11-09 21:00:00;0.0;0.0;0.0;8.62;85.9;2.28;
2022-11-09 22:00:00;0.0;0.0;0.0;8.37;82.75;2.62;
2022-11-09 23:00:00;0.0;0.0;0.0;8.14;85.85;2.48;
2022-11-10 00:00:00;0.0;0.0;0.0;7.94;82.7;2.14;
2022-11-10 01:00:00;0.0;0.0;0.0;7.61;85.8;2.07;
2022-11-10 02:00:00;0.0;0.0;0.0;7.09;89.0;2.21;
2022-11-10 03:00:00;0.0;0.0;0.0;6.68;88.95;2.34;
2022-11-10 04:00:00;0.0;0.0;0.0;6.41;88.95;2.62;
2022-11-10 05:00:00;0.0;0.0;0.0;6.19;85.7;2.55;
2022-11-10 06:00:00;0.0;0.0;0.0;6.01;88.9;2.21;
2022-11-10 07:00:00;2.0;0.0;2.0;6.46;85.7;1.93;
2022-11-10 08:00:00;72.0;56.38;63.0;6.74;85.75;1.17;
2022-11-10 09:00:00;112.0;26.52;105.0;7.67;85.8;1.52;
2022-11-10 10:00:00;131.0;14.94;126.0;8.67;82.75;2.55;
2022-11-10 11:00:00;204.0;89.97;171.0;9.55;79.9;2.14;
2022-11-10 12:00:00;198.0;89.28;166.0;10.4;77.15;1.93;
2022-11-10 13:00:00;121.0;12.9;117.0;10.88;74.45;2.0;
2022-11-10 14:00:00;38.0;0.0;38.0;10.93;74.45;1.72;
2022-11-10 15:00:00;27.0;0.0;27.0;10.53;80.05;1.45;
2022-11-10 16:00:00;0.0;0.0;0.0;9.95;79.95;1.66;
2022-11-10 17:00:00;0.0;0.0;0.0;9.45;82.9;1.66;
2022-11-10 18:00:00;0.0;0.0;0.0;9.24;82.9;1.66;
2022-11-10 19:00:00;0.0;0.0;0.0;9.12;82.85;1.45;
2022-11-10 20:00:00;0.0;0.0;0.0;8.95;82.85;1.03;
2022-11-10 21:00:00;0.0;0.0;0.0;8.69;85.9;1.24;
2022-11-10 22:00:00;0.0;0.0;0.0;8.36;82.75;1.66;
2022-11-10 23:00:00;0.0;0.0;0.0;8.03;85.85;1.86;
2022-11-11 00:00:00;0.0;0.0;0.0;7.8;85.85;1.79;
2022-11-11 01:00:00;0.0;0.0;0.0;7.38;89.0;1.86;
2022-11-11 02:00:00;0.0;0.0;0.0;7.06;89.0;1.79;
2022-11-11 03:00:00;0.0;0.0;0.0;6.85;89.0;1.66;
2022-11-11 04:00:00;0.0;0.0;0.0;6.68;92.3;1.79;
2022-11-11 05:00:00;0.0;0.0;0.0;6.7;89.0;1.66;
2022-11-11 06:00:00;0.0;0.0;0.0;6.63;92.3;1.59;
2022-11-11 07:00:00;1.0;0.0;1.0;6.7;89.0;1.79;
2022-11-11 08:00:00;45.0;6.45;44.0;7.11;89.0;1.86;
2022-11-11 09:00:00;59.0;0.0;59.0;8.1;85.85;2.28;
2022-11-11 10:00:00;61.0;0.0;61.0;8.77;82.85;2.28;
2022-11-11 11:00:00;127.0;5.52;125.0;9.63;82.9;2.28;
2022-11-11 12:00:00;120.0;2.83;119.0;10.29;80.05;2.14;
2022-11-11 13:00:00;98.0;3.27;97.0;10.93;80.1;2.0;
2022-11-11 14:00:00;41.0;0.0;41.0;11.25;77.3;1.86;
2022-11-11 15:00:00;23.0;0.0;23.0;11.05;83.05;1.45;
2022-11-11 16:00:00;0.0;0.0;0.0;10.33;83.0;1.66;
2022-11-11 17:00:00;0.0;0.0;0.0;9.67;89.15;1.66;
2022-11-11 18:00:00;0.0;0.0;0.0;8.93;89.1;1.86;
2022-11-11 19:00:00;0.0;0.0;0.0;9.39;89.15;2.34;
2022-11-11 20:00:00;0.0;0.0;0.0;9.35;89.15;1.86;
2022-11-11 21:00:00;0.0;0.0;0.0;9.0;89.1;1.79;
2022-11-11 22:00:00;0.0;0.0;0.0;8.32;92.4;1.72;
2022-11-11 23:00:00;0.0;0.0;0.0;7.53;95.8;1.86;
2022-11-12 00:00:00;0.0;0.0;0.0;6.91;95.8;2.14;
2022-11-12 01:00:00;0.0;0.0;0.0;6.14;99.4;2.34;
2022-11-12 02:00:00;0.0;0.0;0.0;5.44;95.75;2.34;
2022-11-12 03:00:00;0.0;0.0;0.0;4.94;95.75;2.21;
2022-11-12 04:00:00;0.0;0.0;0.0;4.3;99.4;2.55;
2022-11-12 05:00:00;0.0;0.0;0.0;3.9;100.0;3.17;
2022-11-12 06:00:00;0.0;0.0;0.0;3.51;95.7;3.72;
2022-11-12 07:00:00;0.0;0.0;0.0;3.75;99.4;3.72;
2022-11-12 08:00:00;103.0;311.91;56.0;3.81;95.7;3.93;
2022-11-12 09:00:00;201.0;419.95;94.0;4.42;92.2;4.14;
2022-11-12 10:00:00;295.0;636.11;88.0;5.57;88.85;4.14;
2022-11-12 11:00:00;310.0;522.72;123.0;7.28;79.65;4.21;
2022-11-12 12:00:00;216.0;145.89;165.0;8.85;71.4;4.21;
2022-11-12 13:00:00;243.0;431.24;113.0;9.75;71.6;4.07;
2022-11-12 14:00:00;59.0;0.0;59.0;10.2;74.3;4.28;
2022-11-12 15:00:00;58.0;197.99;38.0;10.05;74.3;4.62;
2022-11-12 16:00:00;0.0;0.0;0.0;9.55;74.2;4.76;
2022-11-12 17:00:00;0.0;0.0;0.0;9.57;77.0;4.83;
2022-11-12 18:00:00;0.0;0.0;0.0;9.89;77.1;4.97;
2022-11-12 19:00:00;0.0;0.0;0.0;9.8;82.95;5.1;
2022-11-12 20:00:00;0.0;0.0;0.0;9.85;89.2;5.17;
2022-11-12 21:00:00;0.0;0.0;0.0;10.45;89.25;5.45;
2022-11-12 22:00:00;0.0;0.0;0.0;10.97;89.3;5.38;
2022-11-12 23:00:00;0.0;0.0;0.0;11.44;86.15;5.38;
2022-11-13 00:00:00;0.0;0.0;0.0;11.75;86.2;5.38;
2022-11-13 01:00:00;0.0;0.0;0.0;11.87;86.2;5.24;
2022-11-13 02:00:00;0.0;0.0;0.0;11.74;86.2;4.9;
2022-11-13 03:00:00;0.0;0.0;0.0;11.29;89.3;4.48;
2022-11-13 04:00:00;0.0;0.0;0.0;11.01;89.3;4.0;
2022-11-13 05:00:00;0.0;0.0;0.0;10.39;89.25;3.79;
2022-11-13 06:00:00;0.0;0.0;0.0;10.34;89.25;3.59;
2022-11-13 07:00:00;0.0;0.0;0.0;10.4;92.5;3.66;
2022-11-13 08:00:00;65.0;61.53;56.0;10.64;92.5;3.52;
2022-11-13 09:00:00;94.0;15.98;90.0;10.91;92.55;3.24;
2022-11-13 10:00:00;133.0;21.81;126.0;11.63;92.55;3.31;
2022-11-13 11:00:00;124.0;5.66;122.0;12.37;86.25;3.38;
2022-11-13 12:00:00;64.0;0.0;64.0;12.69;89.4;3.52;
2022-11-13 13:00:00;135.0;37.0;124.0;12.68;89.4;3.38;
2022-11-13 14:00:00;78.0;14.1;75.0;12.55;86.25;3.79;
2022-11-13 15:00:00;50.0;133.53;37.0;12.1;89.35;3.45;
2022-11-13 16:00:00;0.0;0.0;0.0;11.34;89.3;3.1;
2022-11-13 17:00:00;0.0;0.0;0.0;10.83;92.55;2.69;
2022-11-13 18:00:00;0.0;0.0;0.0;10.43;92.5;2.34;
2022-11-13 19:00:00;0.0;0.0;0.0;10.45;92.5;2.07;
2022-11-13 20:00:00;0.0;0.0;0.0;10.38;92.5;1.93;
2022-11-13 21:00:00;0.0;0.0;0.0;10.28;92.5;1.72;
2022-11-13 22:00:00;0.0;0.0;0.0;9.75;92.5;1.59;
2022-11-13 23:00:00;0.0;0.0;0.0;8.96;95.85;1.66;
2022-11-14 00:00:00;0.0;0.0;0.0;7.98;99.4;1.66;
2022-11-14 01:00:00;0.0;0.0;0.0;7.26;99.4;1.59;
2022-11-14 02:00:00;0.0;0.0;0.0;7.6;99.4;1.31;
2022-11-14 03:00:00;0.0;0.0;0.0;7.78;99.4;1.24;
2022-11-14 04:00:00;0.0;0.0;0.0;7.98;99.4;1.38;
2022-11-14 05:00:00;0.0;0.0;0.0;8.05;99.4;1.66;
2022-11-14 06:00:00;0.0;0.0;0.0;8.27;99.4;2.34;
2022-11-14 07:00:00;0.0;0.0;0.0;8.7;99.4;2.34;
2022-11-14 08:00:00;47.0;14.09;45.0;8.9;99.4;3.03;
2022-11-14 09:00:00;55.0;0.0;55.0;9.34;92.45;3.45;
2022-11-14 10:00:00;57.0;0.0;57.0;9.68;92.45;3.66;
2022-11-14 11:00:00;84.0;0.0;84.0;10.13;89.2;3.79;
2022-11-14 12:00:00;133.0;11.73;129.0;10.51;86.05;3.79;
2022-11-14 13:00:00;178.0;146.61;135.0;10.81;83.05;3.79;
2022-11-14 14:00:00;167.0;478.55;67.0;10.73;86.05;3.38;
2022-11-14 15:00:00;47.0;127.93;35.0;10.49;86.05;3.1;
2022-11-14 16:00:00;0.0;0.0;0.0;10.06;89.2;2.76;
2022-11-14 17:00:00;0.0;0.0;0.0;9.69;89.15;2.76;
2022-11-14 18:00:00;0.0;0.0;0.0;9.42;89.15;2.83;
2022-11-14 19:00:00;0.0;0.0;0.0;8.94;89.1;2.9;
2022-11-14 20:00:00;0.0;0.0;0.0;8.59;92.4;2.69;
2022-11-14 21:00:00;0.0;0.0;0.0;8.53;92.4;2.69;
2022-11-14 22:00:00;0.0;0.0;0.0;8.16;92.4;2.55;
2022-11-14 23:00:00;0.0;0.0;0.0;7.87;92.4;2.48;
2022-11-15 00:00:00;0.0;0.0;0.0;7.58;95.8;2.55;
2022-11-15 01:00:00;0.0;0.0;0.0;7.41;92.35;2.55;
2022-11-15 02:00:00;0.0;0.0;0.0;7.28;92.35;2.55;
2022-11-15 03:00:00;0.0;0.0;0.0;7.19;95.8;2.48;
2022-11-15 04:00:00;0.0;0.0;0.0;7.13;95.8;2.41;
2022-11-15 05:00:00;0.0;0.0;0.0;6.86;95.8;2.41;
2022-11-15 06:00:00;0.0;0.0;0.0;6.84;95.8;2.48;
2022-11-15 07:00:00;0.0;0.0;0.0;6.63;95.8;2.41;
2022-11-15 08:00:00;31.0;0.0;31.0;6.8;92.35;2.34;
2022-11-15 09:00:00;35.0;0.0;35.0;7.48;92.35;2.9;
2022-11-15 10:00:00;48.0;0.0;48.0;7.95;89.05;2.83;
2022-11-15 11:00:00;49.0;0.0;49.0;8.3;82.75;3.24;
2022-11-15 12:00:00;45.0;0.0;45.0;8.29;82.75;3.17;
2022-11-15 13:00:00;41.0;0.0;41.0;8.12;82.7;2.97;
2022-11-15 14:00:00;26.0;0.0;26.0;7.89;82.7;2.9;
2022-11-15 15:00:00;15.0;0.0;15.0;7.6;85.8;2.97;
2022-11-15 16:00:00;0.0;0.0;0.0;7.31;82.65;2.9;
2022-11-15 17:00:00;0.0;0.0;0.0;7.09;85.75;2.9;
2022-11-15 18:00:00;0.0;0.0;0.0;6.88;82.6;2.83;
2022-11-15 19:00:00;0.0;0.0;0.0;7.01;85.75;2.41;
2022-11-15 20:00:00;0.0;0.0;0.0;6.82;85.75;2.34;
2022-11-15 21:00:00;0.0;0.0;0.0;6.66;88.95;2.21;
2022-11-15 22:00:00;0.0;0.0;0.0;6.49;85.7;2.07;
2022-11-15 23:00:00;0.0;0.0;0.0;6.33;85.7;1.79;
2022-11-16 00:00:00;0.0;0.0;0.0;6.19;82.55;1.66;
2022-11-16 01:00:00;0.0;0.0;0.0;6.07;85.65;1.59;
2022-11-16 02:00:00;0.0;0.0;0.0;5.83;85.65;1.38;
2022-11-16 03:00:00;0.0;0.0;0.0;5.65;88.85;1.45;
2022-11-16 04:00:00;0.0;0.0;0.0;5.56;88.85;1.45;
2022-11-16 05:00:00;0.0;0.0;0.0;5.41;85.6;1.24;
2022-11-16 06:00:00;0.0;0.0;0.0;5.22;85.6;0.97;
2022-11-16 07:00:00;0.0;0.0;0.0;5.47;88.85;0.97;
2022-11-16 08:00:00;31.0;0.0;31.0;5.55;88.85;0.9;
2022-11-16 09:00:00;32.0;0.0;32.0;5.8;82.5;0.83;
2022-11-16 10:00:00;46.0;0.0;46.0;6.1;82.5;0.62;
2022-11-16 11:00:00;50.0;0.0;50.0;6.32;79.5;0.55;
2022-11-16 12:00:00;58.0;0.0;58.0;6.56;79.5;0.48;
2022-11-16 13:00:00;49.0;0.0;49.0;6.64;79.5;0.62;
2022-11-16 14:00:00;34.0;0.0;34.0;6.74;76.65;0.62;
2022-11-16 15:00:00;20.0;0.0;20.0;6.87;76.65;0.76;
2022-11-16 16:00:00;0.0;0.0;0.0;6.87;79.55;0.76;
2022-11-16 17:00:00;0.0;0.0;0.0;6.7;79.55;1.17;
2022-11-16 18:00:00;0.0;0.0;0.0;6.62;85.7;1.59;
2022-11-16 19:00:00;0.0;0.0;0.0;6.14;88.9;1.93;
2022-11-16 20:00:00;0.0;0.0;0.0;6.11;88.9;2.21;
2022-11-16 21:00:00;0.0;0.0;0.0;6.03;88.9;2.55;
2022-11-16 22:00:00;0.0;0.0;0.0;5.67;92.25;2.69;
2022-11-16 23:00:00;0.0;0.0;0.0;5.53;92.25;2.9;
2022-11-17 00:00:00;0.0;0.0;0.0;5.65;92.25;2.97;
2022-11-17 01:00:00;0.0;0.0;0.0;5.64;92.25;3.03;
2022-11-17 02:00:00;0.0;0.0;0.0;6.0;92.3;3.1;
2022-11-17 03:00:00;0.0;0.0;0.0;6.47;92.3;3.03;
2022-11-17 04:00:00;0.0;0.0;0.0;7.03;89.0;3.1;
2022-11-17 05:00:00;0.0;0.0;0.0;7.54;89.0;3.17;
2022-11-17 06:00:00;0.0;0.0;0.0;7.9;92.4;3.17;
2022-11-17 07:00:00;0.0;0.0;0.0;7.71;92.4;2.9;
2022-11-17 08:00:00;19.0;0.0;19.0;8.35;92.4;2.9;
2022-11-17 09:00:00;40.0;0.0;40.0;9.31;92.45;2.76;
2022-11-17 10:00:00;121.0;16.47;116.0;10.76;86.1;3.1;
2022-11-17 11:00:00;176.0;68.38;153.0;11.4;83.1;3.52;
2022-11-17 12:00:00;286.0;538.16;109.0;11.48;80.15;3.86;
2022-11-17 13:00:00;203.0;291.04;121.0;11.33;77.3;3.52;
2022-11-17 14:00:00;129.0;227.11;84.0;10.98;77.2;3.17;
2022-11-17 15:00:00;30.0;35.81;27.0;10.17;82.95;2.97;
2022-11-17 16:00:00;0.0;0.0;0.0;9.0;85.95;2.62;
2022-11-17 17:00:00;0.0;0.0;0.0;8.19;89.05;2.34;
2022-11-17 18:00:00;0.0;0.0;0.0;7.7;92.35;2.41;
2022-11-17 19:00:00;0.0;0.0;0.0;7.37;89.0;2.48;
2022-11-17 20:00:00;0.0;0.0;0.0;7.29;89.0;2.55;
2022-11-17 21:00:00;0.0;0.0;0.0;7.18;92.35;2.62;
2022-11-17 22:00:00;0.0;0.0;0.0;7.22;89.0;2.69;
2022-11-17 23:00:00;0.0;0.0;0.0;7.44;89.0;2.83;
2022-11-18 00:00:00;0.0;0.0;0.0;7.13;92.35;2.97;
2022-11-18 01:00:00;0.0;0.0;0.0;7.18;92.35;2.9;
2022-11-18 02:00:00;0.0;0.0;0.0;7.08;92.35;2.97;
2022-11-18 03:00:00;0.0;0.0;0.0;6.96;92.35;3.03;
2022-11-18 04:00:00;0.0;0.0;0.0;6.55;95.8;2.9;
2022-11-18 05:00:00;0.0;0.0;0.0;6.2;92.3;2.97;
2022-11-18 06:00:00;0.0;0.0;0.0;5.83;95.75;3.17;
2022-11-18 07:00:00;0.0;0.0;0.0;5.8;92.3;3.31;
2022-11-18 08:00:00;89.0;391.81;40.0;5.95;92.3;3.31;
2022-11-18 09:00:00;177.0;419.53;81.0;6.86;89.0;3.17;
2022-11-18 10:00:00;251.0;504.13;100.0;8.36;85.9;3.66;
2022-11-18 11:00:00;291.0;568.7;102.0;9.77;79.95;4.07;
2022-11-18 12:00:00;270.0;483.03;113.0;10.75;77.2;4.28;
2022-11-18 13:00:00;177.0;186.99;125.0;11.44;77.3;4.21;
2022-11-18 14:00:00;122.0;205.41;82.0;11.78;77.35;4.07;
2022-11-18 15:00:00;41.0;148.82;29.0;11.35;80.15;3.45;
2022-11-18 16:00:00;0.0;0.0;0.0;10.78;83.05;3.24;
2022-11-18 17:00:00;0.0;0.0;0.0;10.48;86.05;3.31;
2022-11-18 18:00:00;0.0;0.0;0.0;10.27;86.05;3.52;
2022-11-18 19:00:00;0.0;0.0;0.0;10.34;86.05;3.66;
2022-11-18 20:00:00;0.0;0.0;0.0;10.58;89.25;3.38;
2022-11-18 21:00:00;0.0;0.0;0.0;10.74;86.1;3.17;
2022-11-18 22:00:00;0.0;0.0;0.0;10.89;89.3;3.31;
2022-11-18 23:00:00;0.0;0.0;0.0;10.88;89.3;3.31;
2022-11-19 00:00:00;0.0;0.0;0.0;10.93;89.3;3.31;
2022-11-19 01:00:00;0.0;0.0;0.0;10.93;92.55;3.38;
2022-11-19 02:00:00;0.0;0.0;0.0;11.0;92.55;3.38;
2022-11-19 03:00:00;0.0;0.0;0.0;11.01;92.55;3.31;
2022-11-19 04:00:00;0.0;0.0;0.0;11.02;92.55;3.31;
2022-11-19 05:00:00;0.0;0.0;0.0;11.02;92.55;3.17;
2022-11-19 06:00:00;0.0;0.0;0.0;10.95;92.55;2.97;
2022-11-19 07:00:00;0.0;0.0;0.0;10.82;92.55;2.76;
2022-11-19 08:00:00;50.0;49.59;44.0;10.85;92.55;2.83;
2022-11-19 09:00:00;141.0;191.34;98.0;11.28;92.55;2.9;
2022-11-19 10:00:00;213.0;291.06;127.0;11.99;89.35;3.59;
2022-11-19 11:00:00;158.0;48.72;142.0;12.48;86.25;3.72;
2022-11-19 12:00:00;148.0;37.35;136.0;13.06;80.35;4.28;
2022-11-19 13:00:00;68.0;0.0;68.0;13.0;80.35;3.72;
2022-11-19 14:00:00;38.0;0.0;38.0;12.67;83.25;3.1;
2022-11-19 15:00:00;12.0;0.0;12.0;12.32;83.25;2.76;
2022-11-19 16:00:00;0.0;0.0;0.0;11.36;86.15;2.41;
2022-11-19 17:00:00;0.0;0.0;0.0;10.88;89.3;2.14;
2022-11-19 18:00:00;0.0;0.0;0.0;10.87;89.3;2.0;
2022-11-19 19:00:00;0.0;0.0;0.0;10.99;89.3;1.93;
2022-11-19 20:00:00;0.0;0.0;0.0;10.71;92.5;1.79;
2022-11-19 21:00:00;0.0;0.0;0.0;10.53;89.25;1.66;
2022-11-19 22:00:00;0.0;0.0;0.0;10.41;89.25;1.59;
2022-11-19 23:00:00;0.0;0.0;0.0;10.31;89.25;1.59;
2022-11-20 00:00:00;0.0;0.0;0.0;10.03;92.5;1.66;
2022-11-20 01:00:00;0.0;0.0;0.0;10.0;92.5;1.72;
2022-11-20 02:00:00;0.0;0.0;0.0;10.09;92.5;1.86;
2022-11-20 03:00:00;0.0;0.0;0.0;10.05;92.5;1.93;
2022-11-20 04:00:00;0.0;0.0;0.0;10.0;92.5;1.93;
2022-11-20 05:00:00;0.0;0.0;0.0;9.85;92.5;1.86;
2022-11-20 06:00:00;0.0;0.0;0.0;9.85;92.5;2.07;
2022-11-20 07:00:00;0.0;0.0;0.0;9.96;92.5;2.07;
2022-11-20 08:00:00;23.0;0.0;23.0;10.02;92.5;2.41;
2022-11-20 09:00:00;32.0;0.0;32.0;10.14;92.5;2.76;
2022-11-20 10:00:00;52.0;0.0;52.0;10.41;89.25;3.79;
2022-11-20 11:00:00;60.0;0.0;60.0;10.73;89.25;3.72;
2022-11-20 12:00:00;60.0;0.0;60.0;10.89;86.1;3.59;
2022-11-20 13:00:00;63.0;0.0;63.0;10.77;83.05;3.31;
2022-11-20 14:00:00;37.0;0.0;37.0;10.66;86.05;3.17;
2022-11-20 15:00:00;14.0;0.0;14.0;10.38;83.0;2.83;
2022-11-20 16:00:00;0.0;0.0;0.0;10.01;86.0;2.76;
2022-11-20 17:00:00;0.0;0.0;0.0;9.8;86.0;2.83;
2022-11-20 18:00:00;0.0;0.0;0.0;9.35;85.95;2.9;
2022-11-20 19:00:00;0.0;0.0;0.0;9.2;92.45;2.97;
2022-11-20 20:00:00;0.0;0.0;0.0;9.17;92.45;3.17;
2022-11-20 21:00:00;0.0;0.0;0.0;9.15;92.45;3.17;
2022-11-20 22:00:00;0.0;0.0;0.0;9.13;92.45;2.9;
2022-11-20 23:00:00;0.0;0.0;0.0;9.15;92.45;2.62;
2022-11-21 00:00:00;0.0;0.0;0.0;9.08;92.45;2.55;
2022-11-21 01:00:00;0.0;0.0;0.0;9.05;92.45;2.62;
2022-11-21 02:00:00;0.0;0.0;0.0;9.11;92.45;2.62;
2022-11-21 03:00:00;0.0;0.0;0.0;9.16;89.1;2.76;
2022-11-21 04:00:00;0.0;0.0;0.0;9.24;85.95;2.83;
2022-11-21 05:00:00;0.0;0.0;0.0;9.41;89.15;2.41;
2022-11-21 06:00:00;0.0;0.0;0.0;9.45;85.95;2.83;
2022-11-21 07:00:00;0.0;0.0;0.0;8.8;89.1;3.1;
2022-11-21 08:00:00;12.0;0.0;12.0;8.82;85.95;3.52;
2022-11-21 09:00:00;36.0;0.0;36.0;8.77;82.85;2.9;
2022-11-21 10:00:00;159.0;97.36;131.0;8.86;79.85;2.69;
2022-11-21 11:00:00;172.0;81.06;146.0;8.95;79.85;2.76;
2022-11-21 12:00:00;223.0;261.15;141.0;8.92;76.95;3.17;
2022-11-21 13:00:00;62.0;0.0;62.0;8.95;76.95;3.45;
2022-11-21 14:00:00;148.0;491.46;57.0;8.83;74.15;3.59;
2022-11-21 15:00:00;36.0;153.01;25.0;8.36;76.85;3.59;
2022-11-21 16:00:00;0.0;0.0;0.0;7.68;82.65;3.59;
2022-11-21 17:00:00;0.0;0.0;0.0;7.35;82.65;3.72;
2022-11-21 18:00:00;0.0;0.0;0.0;6.77;85.75;3.52;
2022-11-21 19:00:00;0.0;0.0;0.0;6.76;82.6;3.24;
2022-11-21 20:00:00;0.0;0.0;0.0;6.16;82.5;2.9;
2022-11-21 21:00:00;0.0;0.0;0.0;5.72;79.4;2.9;
2022-11-21 22:00:00;0.0;0.0;0.0;5.36;82.4;3.1;
2022-11-21 23:00:00;0.0;0.0;0.0;5.51;85.6;3.52;
2022-11-22 00:00:00;0.0;0.0;0.0;5.35;85.6;3.72;
2022-11-22 01:00:00;0.0;0.0;0.0;5.22;85.6;3.86;
2022-11-22 02:00:00;0.0;0.0;0.0;4.98;88.85;4.0;
2022-11-22 03:00:00;0.0;0.0;0.0;4.8;88.85;4.07;
2022-11-22 04:00:00;0.0;0.0;0.0;4.61;92.2;4.14;
2022-11-22 05:00:00;0.0;0.0;0.0;4.58;92.2;4.07;
2022-11-22 06:00:00;0.0;0.0;0.0;4.4;92.2;3.86;
2022-11-22 07:00:00;0.0;0.0;0.0;4.55;92.2;3.52;
2022-11-22 08:00:00;69.0;247.28;42.0;4.48;92.2;3.31;
2022-11-22 09:00:00;178.0;516.74;68.0;5.26;88.85;2.9;
2022-11-22 10:00:00;264.0;676.57;72.0;6.21;82.55;3.24;
2022-11-22 11:00:00;301.0;706.43;77.0;7.04;79.55;3.45;
2022-11-22 12:00:00;295.0;708.52;75.0;7.63;73.9;3.59;
2022-11-22 13:00:00;239.0;631.39;72.0;7.97;71.25;3.52;
2022-11-22 14:00:00;151.0;537.9;53.0;7.92;73.95;2.9;
2022-11-22 15:00:00;33.0;115.61;25.0;7.41;76.7;2.41;
2022-11-22 16:00:00;0.0;0.0;0.0;6.3;82.55;2.41;
2022-11-22 17:00:00;0.0;0.0;0.0;5.57;88.85;2.41;
2022-11-22 18:00:00;0.0;0.0;0.0;4.99;92.25;2.41;
2022-11-22 19:00:00;0.0;0.0;0.0;4.41;92.2;2.41;
2022-11-22 20:00:00;0.0;0.0;0.0;4.06;95.7;2.34;
2022-11-22 21:00:00;0.0;0.0;0.0;3.81;95.7;2.14;
2022-11-22 22:00:00;0.0;0.0;0.0;3.13;95.7;1.72;
2022-11-22 23:00:00;0.0;0.0;0.0;3.15;95.7;1.31;
2022-11-23 00:00:00;0.0;0.0;0.0;3.57;92.15;1.17;
2022-11-23 01:00:00;0.0;0.0;0.0;4.55;95.75;0.83;
2022-11-23 02:00:00;0.0;0.0;0.0;4.68;92.25;0.41;
2022-11-23 03:00:00;0.0;0.0;0.0;4.64;95.75;0.76;
2022-11-23 04:00:00;0.0;0.0;0.0;3.06;95.7;1.31;
2022-11-23 05:00:00;0.0;0.0;0.0;2.9;95.7;1.45;
2022-11-23 06:00:00;0.0;0.0;0.0;3.47;95.7;1.38;
2022-11-23 07:00:00;0.0;0.0;0.0;2.77;95.7;1.72;
2022-11-23 08:00:00;28.0;0.0;28.0;3.93;99.4;1.38;
2022-11-23 09:00:00;61.0;0.0;61.0;4.76;92.25;1.45;
2022-11-23 10:00:00;83.0;0.0;83.0;5.57;92.25;1.52;
2022-11-23 11:00:00;88.0;0.0;88.0;6.42;85.7;1.52;
2022-11-23 12:00:00;81.0;0.0;81.0;7.28;85.8;1.45;
2022-11-23 13:00:00;98.0;11.48;95.0;8.24;82.75;1.17;
2022-11-23 14:00:00;22.0;0.0;22.0;8.63;85.9;0.9;
2022-11-23 15:00:00;17.0;0.0;17.0;8.46;89.1;0.83;
2022-11-23 16:00:00;0.0;0.0;0.0;7.65;95.8;0.97;
2022-11-23 17:00:00;0.0;0.0;0.0;6.7;92.35;1.1;
2022-11-23 18:00:00;0.0;0.0;0.0;6.25;95.8;1.17;
2022-11-23 19:00:00;0.0;0.0;0.0;6.37;95.8;0.28;
2022-11-23 20:00:00;0.0;0.0;0.0;5.65;99.4;0.14;
2022-11-23 21:00:00;0.0;0.0;0.0;5.06;99.4;0.55;
2022-11-23 22:00:00;0.0;0.0;0.0;3.86;100.0;0.76;
2022-11-23 23:00:00;0.0;0.0;0.0;4.45;99.4;0.9;
2022-11-24 00:00:00;0.0;0.0;0.0;4.78;99.4;0.9;
2022-11-24 01:00:00;0.0;0.0;0.0;5.12;99.4;0.97;
2022-11-24 02:00:00;0.0;0.0;0.0;5.19;95.75;1.1;
2022-11-24 03:00:00;0.0;0.0;0.0;5.22;95.75;1.17;
2022-11-24 04:00:00;0.0;0.0;0.0;5.06;99.4;1.24;
2022-11-24 05:00:00;0.0;0.0;0.0;5.01;99.4;1.17;
2022-11-24 06:00:00;0.0;0.0;0.0;4.96;99.4;1.31;
2022-11-24 07:00:00;0.0;0.0;0.0;4.97;99.4;1.45;
2022-11-24 08:00:00;25.0;0.0;25.0;4.94;99.4;1.79;
2022-11-24 09:00:00;39.0;0.0;39.0;5.17;99.4;2.0;
2022-11-24 10:00:00;61.0;0.0;61.0;5.53;95.75;2.21;
2022-11-24 11:00:00;54.0;0.0;54.0;5.97;92.3;2.28;
2022-11-24 12:00:00;53.0;0.0;53.0;6.27;88.95;2.07;
2022-11-24 13:00:00;51.0;0.0;51.0;6.57;85.7;1.86;
2022-11-24 14:00:00;73.0;33.98;67.0;6.69;82.6;1.72;
2022-11-24 15:00:00;18.0;15.59;17.0;6.56;85.7;1.45;
2022-11-24 16:00:00;0.0;0.0;0.0;6.03;88.9;0.83;
2022-11-24 17:00:00;0.0;0.0;0.0;5.6;92.25;0.48;
2022-11-24 18:00:00;0.0;0.0;0.0;5.45;92.25;0.34;
2022-11-24 19:00:00;0.0;0.0;0.0;4.15;99.4;1.45;
2022-11-24 20:00:00;0.0;0.0;0.0;4.47;99.4;1.17;
2022-11-24 21:00:00;0.0;0.0;0.0;4.62;99.4;0.9;
2022-11-24 22:00:00;0.0;0.0;0.0;4.73;95.75;0.76;
2022-11-24 23:00:00;0.0;0.0;0.0;4.57;99.4;0.76;
2022-11-25 00:00:00;0.0;0.0;0.0;4.39;99.4;0.83;
2022-11-25 01:00:00;0.0;0.0;0.0;4.17;99.4;1.17;
2022-11-25 02:00:00;0.0;0.0;0.0;4.49;99.4;1.24;
2022-11-25 03:00:00;0.0;0.0;0.0;4.97;92.25;1.17;
2022-11-25 04:00:00;0.0;0.0;0.0;5.23;88.85;1.31;
2022-11-25 05:00:00;0.0;0.0;0.0;5.42;85.6;1.52;
2022-11-25 06:00:00;0.0;0.0;0.0;5.44;88.85;1.66;
2022-11-25 07:00:00;0.0;0.0;0.0;5.53;92.25;1.45;
2022-11-25 08:00:00;42.0;61.22;36.0;5.92;92.3;1.45;
2022-11-25 09:00:00;75.0;14.87;72.0;6.51;92.3;1.45;
2022-11-25 10:00:00;75.0;0.0;75.0;7.39;89.0;1.52;
2022-11-25 11:00:00;84.0;0.0;84.0;7.74;85.85;2.21;
2022-11-25 12:00:00;97.0;3.33;96.0;8.14;85.85;2.9;
2022-11-25 13:00:00;130.0;66.56;113.0;8.24;79.75;3.03;
2022-11-25 14:00:00;69.0;28.75;64.0;7.94;79.7;2.83;
2022-11-25 15:00:00;27.0;97.09;21.0;7.59;79.65;2.69;
2022-11-25 16:00:00;0.0;0.0;0.0;6.62;85.7;2.76;
2022-11-25 17:00:00;0.0;0.0;0.0;6.18;85.65;2.62;
2022-11-25 18:00:00;0.0;0.0;0.0;5.58;85.6;2.48;
2022-11-25 19:00:00;0.0;0.0;0.0;5.05;92.25;2.55;
2022-11-25 20:00:00;0.0;0.0;0.0;4.8;92.25;2.76;
2022-11-25 21:00:00;0.0;0.0;0.0;4.97;92.25;2.69;
2022-11-25 22:00:00;0.0;0.0;0.0;4.9;92.25;2.69;
2022-11-25 23:00:00;0.0;0.0;0.0;4.89;92.25;2.97;
2022-11-26 00:00:00;0.0;0.0;0.0;5.11;88.85;3.1;
2022-11-26 01:00:00;0.0;0.0;0.0;5.01;92.25;2.97;
2022-11-26 02:00:00;0.0;0.0;0.0;4.89;92.25;3.03;
2022-11-26 03:00:00;0.0;0.0;0.0;4.85;88.85;3.17;
2022-11-26 04:00:00;0.0;0.0;0.0;4.4;88.8;3.31;
2022-11-26 05:00:00;0.0;0.0;0.0;3.81;88.75;3.72;
2022-11-26 06:00:00;0.0;0.0;0.0;3.44;85.45;4.07;
2022-11-26 07:00:00;0.0;0.0;0.0;3.21;85.45;4.34;
2022-11-26 08:00:00;34.0;21.18;32.0;3.04;85.4;4.62;
2022-11-26 09:00:00;45.0;0.0;45.0;3.43;85.45;4.55;
2022-11-26 10:00:00;52.0;0.0;52.0;4.02;88.75;4.97;
2022-11-26 11:00:00;72.0;0.0;72.0;4.22;88.8;5.72;
2022-11-26 12:00:00;65.0;0.0;65.0;3.93;95.7;6.48;
2022-11-26 13:00:00;28.0;0.0;28.0;4.35;95.75;6.07;
2022-11-26 14:00:00;79.0;58.34;69.0;4.83;95.75;6.07;
2022-11-26 15:00:00;3.0;0.0;3.0;5.35;92.25;5.24;
2022-11-26 16:00:00;0.0;0.0;0.0;5.64;92.25;4.28;
2022-11-26 17:00:00;0.0;0.0;0.0;5.74;88.9;3.59;
2022-11-26 18:00:00;0.0;0.0;0.0;5.55;92.25;3.31;
2022-11-26 19:00:00;0.0;0.0;0.0;4.85;95.75;3.79;
2022-11-26 20:00:00;0.0;0.0;0.0;4.78;95.75;4.07;
2022-11-26 21:00:00;0.0;0.0;0.0;4.87;95.75;4.21;
2022-11-26 22:00:00;0.0;0.0;0.0;4.97;92.25;4.21;
2022-11-26 23:00:00;0.0;0.0;0.0;4.83;88.85;3.38;
2022-11-27 00:00:00;0.0;0.0;0.0;4.33;85.5;2.48;
2022-11-27 01:00:00;0.0;0.0;0.0;3.31;85.45;2.76;
2022-11-27 02:00:00;0.0;0.0;0.0;2.54;88.65;2.97;
2022-11-27 03:00:00;0.0;0.0;0.0;1.66;88.65;2.9;
2022-11-27 04:00:00;0.0;0.0;0.0;0.9;92.05;2.62;
2022-11-27 05:00:00;0.0;0.0;0.0;0.36;92.0;2.34;
2022-11-27 06:00:00;0.0;0.0;0.0;-0.17;92.0;2.21;
2022-11-27 07:00:00;0.0;0.0;0.0;0.04;95.6;2.07;
2022-11-27 08:00:00;61.0;329.87;31.0;-0.1;95.6;1.66;
2022-11-27 09:00:00;164.0;539.27;59.0;1.1;95.65;1.03;
2022-11-27 10:00:00;193.0;285.65;117.0;2.75;88.7;0.62;
2022-11-27 11:00:00;232.0;346.5;128.0;3.54;88.75;0.9;
2022-11-27 12:00:00;151.0;61.09;133.0;4.33;85.5;1.59;
2022-11-27 13:00:00;65.0;0.0;65.0;4.68;85.55;2.28;
2022-11-27 14:00:00;61.0;11.83;59.0;4.73;85.55;2.97;
2022-11-27 15:00:00;19.0;34.82;17.0;4.48;88.8;3.59;
2022-11-27 16:00:00;0.0;0.0;0.0;4.17;88.8;4.14;
2022-11-27 17:00:00;0.0;0.0;0.0;4.26;92.2;4.0;
2022-11-27 18:00:00;0.0;0.0;0.0;4.4;95.75;3.31;
2022-11-27 19:00:00;0.0;0.0;0.0;3.37;92.15;1.31;
2022-11-27 20:00:00;0.0;0.0;0.0;3.77;92.15;1.93;
2022-11-27 21:00:00;0.0;0.0;0.0;4.05;95.7;2.21;
2022-11-27 22:00:00;0.0;0.0;0.0;4.07;95.7;2.48;
2022-11-27 23:00:00;0.0;0.0;0.0;3.88;95.7;2.76;
2022-11-28 00:00:00;0.0;0.0;0.0;3.59;95.7;2.69;
2022-11-28 01:00:00;0.0;0.0;0.0;3.19;92.15;2.55;
2022-11-28 02:00:00;0.0;0.0;0.0;3.0;95.7;2.76;
2022-11-28 03:00:00;0.0;0.0;0.0;2.74;95.7;2.76;
2022-11-28 04:00:00;0.0;0.0;0.0;2.39;95.7;2.48;
2022-11-28 05:00:00;0.0;0.0;0.0;2.17;95.7;2.07;
2022-11-28 06:00:00;0.0;0.0;0.0;2.01;95.65;1.66;
2022-11-28 07:00:00;0.0;0.0;0.0;2.78;95.7;1.52;
2022-11-28 08:00:00;5.0;0.0;5.0;2.46;95.7;1.72;
2022-11-28 09:00:00;14.0;0.0;14.0;3.69;95.7;2.0;
2022-11-28 10:00:00;35.0;0.0;35.0;4.03;95.7;3.31;
2022-11-28 11:00:00;50.0;0.0;50.0;4.08;95.7;3.24;
2022-11-28 12:00:00;80.0;0.0;80.0;4.42;92.2;3.52;
2022-11-28 13:00:00;69.0;0.0;69.0;4.82;82.35;3.72;
2022-11-28 14:00:00;68.0;29.99;63.0;4.93;82.35;3.24;
2022-11-28 15:00:00;11.0;0.0;11.0;4.5;85.5;3.31;
2022-11-28 16:00:00;0.0;0.0;0.0;3.75;88.75;3.24;
2022-11-28 17:00:00;0.0;0.0;0.0;3.25;88.75;3.31;
2022-11-28 18:00:00;0.0;0.0;0.0;2.89;92.15;3.17;
2022-11-28 19:00:00;0.0;0.0;0.0;2.15;85.35;2.28;
2022-11-28 20:00:00;0.0;0.0;0.0;2.06;88.65;2.14;
2022-11-28 21:00:00;0.0;0.0;0.0;1.83;88.65;2.34;
2022-11-28 22:00:00;0.0;0.0;0.0;1.79;88.65;2.62;
2022-11-28 23:00:00;0.0;0.0;0.0;1.82;85.3;2.76;
2022-11-29 00:00:00;0.0;0.0;0.0;1.68;85.3;2.62;
2022-11-29 01:00:00;0.0;0.0;0.0;1.31;85.25;2.55;
2022-11-29 02:00:00;0.0;0.0;0.0;1.16;85.25;2.55;
2022-11-29 03:00:00;0.0;0.0;0.0;1.11;92.05;2.62;
2022-11-29 04:00:00;0.0;0.0;0.0;1.22;88.6;2.76;
2022-11-29 05:00:00;0.0;0.0;0.0;1.58;88.6;2.9;
2022-11-29 06:00:00;0.0;0.0;0.0;1.95;88.65;2.9;
2022-11-29 07:00:00;0.0;0.0;0.0;1.57;92.05;2.9;
2022-11-29 08:00:00;38.0;83.13;31.0;1.98;88.65;2.97;
2022-11-29 09:00:00;106.0;127.63;82.0;3.29;82.25;2.83;
2022-11-29 10:00:00;219.0;500.7;89.0;5.19;76.4;3.31;
2022-11-29 11:00:00;74.0;0.0;74.0;6.43;70.95;3.93;
2022-11-29 12:00:00;231.0;397.87;116.0;7.0;65.85;4.28;
2022-11-29 13:00:00;168.0;245.04;108.0;7.2;61.1;4.62;
2022-11-29 14:00:00;88.0;109.4;70.0;6.81;63.35;4.28;
2022-11-29 15:00:00;11.0;0.0;11.0;6.03;68.2;4.14;
2022-11-29 16:00:00;0.0;0.0;0.0;5.15;73.45;3.59;
2022-11-29 17:00:00;0.0;0.0;0.0;4.24;76.25;3.45;
2022-11-29 18:00:00;0.0;0.0;0.0;3.89;82.25;3.86;
2022-11-29 19:00:00;0.0;0.0;0.0;3.93;88.75;4.14;
2022-11-29 20:00:00;0.0;0.0;0.0;3.68;88.75;4.34;
2022-11-29 21:00:00;0.0;0.0;0.0;3.2;85.45;4.41;
2022-11-29 22:00:00;0.0;0.0;0.0;2.8;85.4;4.48;
2022-11-29 23:00:00;0.0;0.0;0.0;2.89;85.4;4.69;
2022-11-30 00:00:00;0.0;0.0;0.0;3.44;82.25;5.1;
2022-11-30 01:00:00;0.0;0.0;0.0;3.94;85.45;5.59;
2022-11-30 02:00:00;0.0;0.0;0.0;4.7;88.85;5.86;
2022-11-30 03:00:00;0.0;0.0;0.0;5.75;88.9;6.0;
2022-11-30 04:00:00;0.0;0.0;0.0;6.73;89.0;6.21;
2022-11-30 05:00:00;0.0;0.0;0.0;7.44;89.0;6.48;
2022-11-30 06:00:00;0.0;0.0;0.0;7.73;89.05;6.55;
2022-11-30 07:00:00;0.0;0.0;0.0;7.85;89.05;6.48;
2022-11-30 08:00:00;31.0;37.06;28.0;7.98;89.05;6.41;
2022-11-30 09:00:00;18.0;0.0;18.0;8.27;89.1;6.48;
2022-11-30 10:00:00;66.0;0.0;66.0;8.63;89.1;6.48;
2022-11-30 11:00:00;40.0;0.0;40.0;9.1;89.1;6.48;
2022-11-30 12:00:00;27.0;0.0;27.0;9.42;89.15;6.41;
2022-11-30 13:00:00;72.0;0.0;72.0;9.57;89.15;6.34;
2022-11-30 14:00:00;21.0;0.0;21.0;9.66;89.15;6.14;
2022-11-30 15:00:00;7.0;0.0;7.0;9.75;86.0;5.79;
2022-11-30 16:00:00;0.0;0.0;0.0;9.99;88.4;6.79;
2022-11-30 17:00:00;0.0;0.0;0.0;10.02;88.79;6.43;
2022-11-30 18:00:00;0.0;0.0;0.0;10.06;89.18;6.07;
2022-11-30 19:00:00;0.0;0.0;0.0;10.09;89.56;5.71;
2022-11-30 20:00:00;0.0;0.0;0.0;10.12;89.95;5.35;
2022-11-30 21:00:00;0.0;0.0;0.0;10.15;90.33;4.99;
2022-11-30 22:00:00;0.0;0.0;0.0;10.19;90.72;4.63;
2022-11-30 23:00:00;0.0;0.0;0.0;10.22;91.11;4.27;
2022-12-01 00:00:00;0.0;0.0;0.0;10.25;91.49;3.91;
2022-12-01 01:00:00;0.0;0.0;0.0;10.29;91.88;3.55;
2022-12-01 02:00:00;0.0;0.0;0.0;10.32;92.27;3.19;
2022-12-01 03:00:00;0.0;0.0;0.0;10.35;92.65;2.82;
2022-12-01 04:00:00;0.0;0.0;0.0;10.38;93.04;2.46;
2022-12-01 05:00:00;0.0;0.0;0.0;10.42;93.42;2.1;
2022-12-01 06:00:00;0.0;0.0;0.0;10.45;93.81;1.74;
2022-12-01 07:00:00;0.0;0.0;0.0;10.48;94.2;1.38;
2022-12-01 08:00:00;22.0;12.85;21.0;9.4;95.85;0.55;
2022-12-01 09:00:00;29.0;0.0;29.0;9.75;92.5;1.17;
2022-12-01 10:00:00;117.0;47.32;105.0;10.54;95.9;2.55;
2022-12-01 11:00:00;79.0;0.0;79.0;11.71;92.6;4.69;
2022-12-01 12:00:00;116.0;21.13;110.0;12.38;89.4;5.72;
2022-12-01 13:00:00;45.0;0.0;45.0;12.75;86.3;5.72;
2022-12-01 14:00:00;40.0;0.0;40.0;12.74;86.3;5.59;
2022-12-01 15:00:00;16.0;39.88;14.0;12.46;86.25;5.31;
2022-12-01 16:00:00;0.0;0.0;0.0;11.89;86.2;5.31;
2022-12-01 17:00:00;0.0;0.0;0.0;11.57;83.1;5.24;
2022-12-01 18:00:00;0.0;0.0;0.0;11.02;83.05;4.97;
2022-12-01 19:00:00;0.0;0.0;0.0;11.17;86.1;5.38;
2022-12-01 20:00:00;0.0;0.0;0.0;10.89;83.05;5.24;
2022-12-01 21:00:00;0.0;0.0;0.0;10.67;83.0;5.03;
2022-12-01 22:00:00;0.0;0.0;0.0;10.44;83.0;4.76;
2022-12-01 23:00:00;0.0;0.0;0.0;10.35;83.0;4.34;
2022-12-02 00:00:00;0.0;0.0;0.0;10.19;86.05;4.07;
2022-12-02 01:00:00;0.0;0.0;0.0;10.38;86.05;4.21;
2022-12-02 02:00:00;0.0;0.0;0.0;10.25;83.0;4.21;
2022-12-02 03:00:00;0.0;0.0;0.0;10.17;82.95;4.21;
2022-12-02 04:00:00;0.0;0.0;0.0;9.81;79.95;4.14;
2022-12-02 05:00:00;0.0;0.0;0.0;9.59;82.9;4.34;
2022-12-02 06:00:00;0.0;0.0;0.0;8.91;85.95;4.34;
2022-12-02 07:00:00;0.0;0.0;0.0;9.53;74.2;4.28;
2022-12-02 08:00:00;30.0;53.53;26.0;9.49;74.2;4.34;
2022-12-02 09:00:00;149.0;548.22;51.0;9.58;74.2;4.41;
2022-12-02 10:00:00;148.0;131.6;115.0;10.08;71.6;4.41;
2022-12-02 11:00:00;194.0;216.94;132.0;10.42;71.7;4.55;
2022-12-02 12:00:00;170.0;138.54;131.0;10.9;69.15;3.93;
2022-12-02 13:00:00;172.0;298.12;101.0;11.16;69.15;4.48;
2022-12-02 14:00:00;114.0;346.51;59.0;11.15;69.15;4.48;
2022-12-02 15:00:00;21.0;123.41;15.0;10.51;69.1;4.21;
2022-12-02 16:00:00;0.0;0.0;0.0;9.6;74.2;3.93;
2022-12-02 17:00:00;0.0;0.0;0.0;8.88;76.95;3.79;
2022-12-02 18:00:00;0.0;0.0;0.0;8.46;79.75;3.86;
2022-12-02 19:00:00;0.0;0.0;0.0;9.05;76.95;4.21;
2022-12-02 20:00:00;0.0;0.0;0.0;8.63;79.75;4.28;
2022-12-02 21:00:00;0.0;0.0;0.0;8.19;79.75;4.21;
2022-12-02 22:00:00;0.0;0.0;0.0;8.04;82.7;4.28;
2022-12-02 23:00:00;0.0;0.0;0.0;7.93;82.7;4.34;
2022-12-03 00:00:00;0.0;0.0;0.0;7.73;79.7;4.28;
2022-12-03 01:00:00;0.0;0.0;0.0;7.5;82.65;4.07;
2022-12-03 02:00:00;0.0;0.0;0.0;7.34;82.65;3.93;
2022-12-03 03:00:00;0.0;0.0;0.0;6.96;85.75;3.72;
2022-12-03 04:00:00;0.0;0.0;0.0;6.79;85.75;3.66;
2022-12-03 05:00:00;0.0;0.0;0.0;6.53;88.95;3.59;
2022-12-03 06:00:00;0.0;0.0;0.0;6.46;88.95;3.59;
2022-12-03 07:00:00;0.0;0.0;0.0;7.93;79.7;4.0;
2022-12-03 08:00:00;31.0;83.63;25.0;7.88;79.7;4.07;
2022-12-03 09:00:00;77.0;39.8;70.0;8.16;79.7;4.07;
2022-12-03 10:00:00;212.0;552.42;75.0;8.65;76.85;3.72;
2022-12-03 11:00:00;255.0;635.48;75.0;9.48;71.5;4.14;
2022-12-03 12:00:00;223.0;415.45;107.0;10.05;69.0;4.41;
2022-12-03 13:00:00;176.0;347.22;94.0;10.38;66.55;4.28;
2022-12-03 14:00:00;86.0;133.73;65.0;10.29;66.55;4.55;
2022-12-03 15:00:00;19.0;105.9;14.0;9.73;69.0;4.48;
2022-12-03 16:00:00;0.0;0.0;0.0;9.16;71.4;4.34;
2022-12-03 17:00:00;0.0;0.0;0.0;8.9;71.4;4.76;
2022-12-03 18:00:00;0.0;0.0;0.0;8.76;71.4;5.03;
2022-12-03 19:00:00;0.0;0.0;0.0;8.68;74.15;5.24;
2022-12-03 20:00:00;0.0;0.0;0.0;8.43;76.85;5.59;
2022-12-03 21:00:00;0.0;0.0;0.0;8.22;76.85;5.86;
2022-12-03 22:00:00;0.0;0.0;0.0;8.22;74.05;6.28;
2022-12-03 23:00:00;0.0;0.0;0.0;8.58;71.35;6.83;
2022-12-04 00:00:00;0.0;0.0;0.0;9.1;68.8;7.17;
2022-12-04 01:00:00;0.0;0.0;0.0;9.22;68.9;7.17;
2022-12-04 02:00:00;0.0;0.0;0.0;9.29;74.2;7.17;
2022-12-04 03:00:00;0.0;0.0;0.0;9.6;85.95;7.03;
2022-12-04 04:00:00;0.0;0.0;0.0;10.38;86.05;7.03;
2022-12-04 05:00:00;0.0;0.0;0.0;10.66;89.25;6.21;
2022-12-04 06:00:00;0.0;0.0;0.0;9.05;82.85;6.07;
2022-12-04 07:00:00;0.0;0.0;0.0;8.57;82.75;4.14;
2022-12-04 08:00:00;41.0;261.4;23.0;7.58;85.8;3.86;
2022-12-04 09:00:00;144.0;548.95;49.0;7.74;82.7;3.59;
2022-12-04 10:00:00;217.0;615.44;66.0;8.39;82.75;3.66;
2022-12-04 11:00:00;259.0;673.02;70.0;8.96;79.85;4.07;
2022-12-04 12:00:00;260.0;703.84;65.0;9.4;77.0;4.41;
2022-12-04 13:00:00;205.0;601.82;64.0;9.85;77.1;4.21;
2022-12-04 14:00:00;122.0;488.88;46.0;10.06;79.95;4.62;
2022-12-04 15:00:00;22.0;195.97;13.0;9.93;79.95;4.62;
2022-12-04 16:00:00;0.0;0.0;0.0;9.51;79.9;4.62;
2022-12-04 17:00:00;0.0;0.0;0.0;9.28;79.9;4.76;
2022-12-04 18:00:00;0.0;0.0;0.0;9.11;79.85;5.03;
2022-12-04 19:00:00;0.0;0.0;0.0;8.42;79.75;5.1;
2022-12-04 20:00:00;0.0;0.0;0.0;8.11;82.7;5.24;
2022-12-04 21:00:00;0.0;0.0;0.0;7.85;82.7;5.38;
2022-12-04 22:00:00;0.0;0.0;0.0;7.67;82.7;5.59;
2022-12-04 23:00:00;0.0;0.0;0.0;7.63;82.65;5.86;
2022-12-05 00:00:00;0.0;0.0;0.0;7.51;82.65;6.0;
2022-12-05 01:00:00;0.0;0.0;0.0;7.3;82.65;6.07;
2022-12-05 02:00:00;0.0;0.0;0.0;7.04;82.6;6.14;
2022-12-05 03:00:00;0.0;0.0;0.0;7.01;82.6;6.14;
2022-12-05 04:00:00;0.0;0.0;0.0;6.77;79.55;6.14;
2022-12-05 05:00:00;0.0;0.0;0.0;6.63;82.55;6.21;
2022-12-05 06:00:00;0.0;0.0;0.0;6.58;82.55;6.28;
2022-12-05 07:00:00;0.0;0.0;0.0;6.61;88.95;6.55;
2022-12-05 08:00:00;23.0;30.27;21.0;6.41;85.7;6.69;
2022-12-05 09:00:00;67.0;23.48;63.0;6.61;85.7;7.17;
2022-12-05 10:00:00;103.0;24.71;97.0;6.95;85.75;6.14;
2022-12-05 11:00:00;197.0;254.93;126.0;7.37;82.65;6.76;
2022-12-05 12:00:00;154.0;98.18;127.0;7.84;79.7;6.76;
2022-12-05 13:00:00;134.0;120.41;106.0;8.18;74.05;6.21;
2022-12-05 14:00:00;79.0;90.9;65.0;8.19;71.35;6.76;
2022-12-05 15:00:00;19.0;111.71;14.0;7.98;71.25;6.48;
2022-12-05 16:00:00;0.0;0.0;0.0;7.71;66.05;6.76;
2022-12-05 17:00:00;0.0;0.0;0.0;7.5;65.95;6.62;
2022-12-05 18:00:00;0.0;0.0;0.0;7.39;63.5;6.55;
2022-12-05 19:00:00;0.0;0.0;0.0;7.9;66.05;6.76;
2022-12-05 20:00:00;0.0;0.0;0.0;7.64;68.5;6.83;
2022-12-05 21:00:00;0.0;0.0;0.0;7.35;71.15;6.76;
2022-12-05 22:00:00;0.0;0.0;0.0;7.04;73.8;6.97;
2022-12-05 23:00:00;0.0;0.0;0.0;6.72;76.65;7.17;
2022-12-06 00:00:00;0.0;0.0;0.0;6.91;79.55;7.24;
2022-12-06 01:00:00;0.0;0.0;0.0;7.28;79.65;7.31;
2022-12-06 02:00:00;0.0;0.0;0.0;7.5;82.65;7.31;
2022-12-06 03:00:00;0.0;0.0;0.0;7.72;79.7;7.24;
2022-12-06 04:00:00;0.0;0.0;0.0;8.17;79.75;7.17;
2022-12-06 05:00:00;0.0;0.0;0.0;8.68;76.95;7.17;
2022-12-06 06:00:00;0.0;0.0;0.0;9.01;76.95;6.97;
2022-12-06 07:00:00;0.0;0.0;0.0;9.19;77.0;7.1;
2022-12-06 08:00:00;29.0;110.46;22.0;9.4;79.9;7.24;
2022-12-06 09:00:00;79.0;59.61;69.0;9.63;79.9;7.38;
2022-12-06 10:00:00;75.0;4.16;74.0;10.16;77.1;7.31;
2022-12-06 11:00:00;124.0;36.19;114.0;10.89;74.45;7.03;
2022-12-06 12:00:00;89.0;3.66;88.0;11.28;74.55;7.24;
2022-12-06 13:00:00;32.0;0.0;32.0;11.55;77.3;6.97;
2022-12-06 14:00:00;68.0;52.4;60.0;11.82;74.6;6.69;
2022-12-06 15:00:00;4.0;0.0;4.0;11.94;74.6;6.21;
2022-12-06 16:00:00;0.0;0.0;0.0;12.01;77.35;5.93;
2022-12-06 17:00:00;0.0;0.0;0.0;12.14;80.2;5.66;
2022-12-06 18:00:00;0.0;0.0;0.0;12.25;77.45;5.38;
2022-12-06 19:00:00;0.0;0.0;0.0;12.35;77.45;5.17;
2022-12-06 20:00:00;0.0;0.0;0.0;12.39;77.45;4.69;
2022-12-06 21:00:00;0.0;0.0;0.0;12.25;80.3;4.14;
2022-12-06 22:00:00;0.0;0.0;0.0;12.04;83.15;3.66;
2022-12-06 23:00:00;0.0;0.0;0.0;11.7;80.2;3.59;
2022-12-07 00:00:00;0.0;0.0;0.0;11.39;83.1;4.0;
2022-12-07 01:00:00;0.0;0.0;0.0;11.11;83.05;4.21;
2022-12-07 02:00:00;0.0;0.0;0.0;10.83;83.05;4.14;
2022-12-07 03:00:00;0.0;0.0;0.0;10.49;86.05;3.93;
2022-12-07 04:00:00;0.0;0.0;0.0;10.14;86.0;3.72;
2022-12-07 05:00:00;0.0;0.0;0.0;9.64;89.15;3.31;
2022-12-07 06:00:00;0.0;0.0;0.0;9.02;92.45;3.03;
2022-12-07 07:00:00;0.0;0.0;0.0;8.44;92.4;2.9;
2022-12-07 08:00:00;36.0;279.73;19.0;8.41;92.4;3.03;
2022-12-07 09:00:00;83.0;90.76;68.0;8.8;89.1;3.1;
2022-12-07 10:00:00;186.0;420.03;86.0;9.48;89.15;3.03;
2022-12-07 11:00:00;238.0;576.14;80.0;10.5;83.0;3.45;
2022-12-07 12:00:00;232.0;549.25;83.0;11.34;80.15;3.38;
2022-12-07 13:00:00;204.0;636.42;58.0;11.95;80.2;3.1;
2022-12-07 14:00:00;91.0;198.05;61.0;11.99;80.2;2.76;
2022-12-07 15:00:00;19.0;163.58;12.0;11.34;83.1;2.83;
2022-12-07 16:00:00;0.0;0.0;0.0;10.3;86.05;3.03;
2022-12-07 17:00:00;0.0;0.0;0.0;9.73;86.0;3.31;
2022-12-07 18:00:00;0.0;0.0;0.0;9.54;89.15;3.52;
2022-12-07 19:00:00;0.0;0.0;0.0;9.21;82.9;3.31;
2022-12-07 20:00:00;0.0;0.0;0.0;9.0;85.95;3.45;
2022-12-07 21:00:00;0.0;0.0;0.0;8.94;82.85;3.66;
2022-12-07 22:00:00;0.0;0.0;0.0;8.97;82.85;3.93;
2022-12-07 23:00:00;0.0;0.0;0.0;9.03;85.95;4.07;
2022-12-08 00:00:00;0.0;0.0;0.0;9.05;85.95;4.14;
2022-12-08 01:00:00;0.0;0.0;0.0;9.05;89.1;4.14;
2022-12-08 02:00:00;0.0;0.0;0.0;8.8;85.95;4.07;
2022-12-08 03:00:00;0.0;0.0;0.0;8.51;89.1;4.14;
2022-12-08 04:00:00;0.0;0.0;0.0;8.28;85.9;4.34;
2022-12-08 05:00:00;0.0;0.0;0.0;8.14;89.05;4.62;
2022-12-08 06:00:00;0.0;0.0;0.0;8.01;85.85;4.69;
2022-12-08 07:00:00;0.0;0.0;0.0;8.25;85.9;4.76;
2022-12-08 08:00:00;30.0;188.77;19.0;8.25;85.9;4.97;
2022-12-08 09:00:00;88.0;122.78;68.0;8.85;82.85;5.17;
2022-12-08 10:00:00;155.0;216.21;104.0;9.77;79.95;5.17;
2022-12-08 11:00:00;194.0;282.8;117.0;10.47;80.05;4.76;
2022-12-08 12:00:00;65.0;0.0;65.0;10.88;77.2;4.97;
2022-12-08 13:00:00;32.0;0.0;32.0;11.11;80.1;5.17;
2022-12-08 14:00:00;23.0;0.0;23.0;11.03;83.05;5.1;
2022-12-08 15:00:00;16.0;95.26;12.0;10.53;89.25;4.76;
2022-12-08 16:00:00;0.0;0.0;0.0;10.46;92.5;4.48;
2022-12-08 17:00:00;0.0;0.0;0.0;10.53;92.5;4.34;
2022-12-08 18:00:00;0.0;0.0;0.0;10.51;92.5;4.28;
2022-12-08 19:00:00;0.0;0.0;0.0;10.88;89.3;4.41;
2022-12-08 20:00:00;0.0;0.0;0.0;10.51;86.05;4.55;
2022-12-08 21:00:00;0.0;0.0;0.0;9.65;85.95;4.55;
2022-12-08 22:00:00;0.0;0.0;0.0;8.78;82.85;4.34;
2022-12-08 23:00:00;0.0;0.0;0.0;8.24;85.9;4.41;
2022-12-09 00:00:00;0.0;0.0;0.0;7.81;85.85;4.41;
2022-12-09 01:00:00;0.0;0.0;0.0;7.65;89.0;4.21;
2022-12-09 02:00:00;0.0;0.0;0.0;7.44;85.8;3.86;
2022-12-09 03:00:00;0.0;0.0;0.0;7.06;85.75;3.66;
2022-12-09 04:00:00;0.0;0.0;0.0;6.73;85.75;3.31;
2022-12-09 05:00:00;0.0;0.0;0.0;6.1;92.3;2.9;
2022-12-09 06:00:00;0.0;0.0;0.0;5.62;95.75;2.69;
2022-12-09 07:00:00;0.0;0.0;0.0;5.6;95.75;2.76;
2022-12-09 08:00:00;31.0;232.67;18.0;5.33;95.75;2.76;
2022-12-09 09:00:00;131.0;523.0;47.0;5.99;92.3;2.76;
2022-12-09 10:00:00;208.0;620.2;63.0;6.99;92.35;2.83;
2022-12-09 11:00:00;246.0;636.0;74.0;8.0;89.05;3.24;
2022-12-09 12:00:00;247.0;664.07;69.0;8.65;85.9;3.31;
2022-12-09 13:00:00;194.0;551.21;69.0;9.1;82.85;3.24;
2022-12-09 14:00:00;118.0;495.19;44.0;9.04;82.85;3.1;
2022-12-09 15:00:00;19.0;169.44;12.0;8.45;85.9;3.17;
2022-12-09 16:00:00;0.0;0.0;0.0;7.65;89.0;3.86;
2022-12-09 17:00:00;0.0;0.0;0.0;7.24;89.0;4.48;
2022-12-09 18:00:00;0.0;0.0;0.0;6.99;92.35;4.76;
2022-12-09 19:00:00;0.0;0.0;0.0;6.47;88.95;4.62;
2022-12-09 20:00:00;0.0;0.0;0.0;6.22;88.95;4.83;
2022-12-09 21:00:00;0.0;0.0;0.0;5.97;92.3;4.9;
2022-12-09 22:00:00;0.0;0.0;0.0;5.7;92.3;5.03;
2022-12-09 23:00:00;0.0;0.0;0.0;5.48;92.25;5.17;
2022-12-10 00:00:00;0.0;0.0;0.0;5.29;92.25;5.31;
2022-12-10 01:00:00;0.0;0.0;0.0;5.16;88.85;5.31;
2022-12-10 02:00:00;0.0;0.0;0.0;4.92;92.25;5.38;
2022-12-10 03:00:00;0.0;0.0;0.0;4.71;88.85;5.45;
2022-12-10 04:00:00;0.0;0.0;0.0;4.41;92.2;5.59;
2022-12-10 05:00:00;0.0;0.0;0.0;3.97;95.7;5.52;
2022-12-10 06:00:00;0.0;0.0;0.0;3.85;92.15;5.45;
2022-12-10 07:00:00;0.0;0.0;0.0;4.03;95.7;4.9;
2022-12-10 08:00:00;20.0;55.99;17.0;3.95;95.7;4.9;
2022-12-10 09:00:00;78.0;75.74;66.0;4.19;92.2;5.52;
2022-12-10 10:00:00;186.0;435.67;85.0;4.63;85.55;5.52;
2022-12-10 11:00:00;213.0;398.18;106.0;5.19;85.6;5.52;
2022-12-10 12:00:00;196.0;300.06;116.0;5.77;82.5;5.45;
2022-12-10 13:00:00;159.0;279.2;96.0;6.07;82.5;5.17;
2022-12-10 14:00:00;93.0;215.33;61.0;6.04;82.5;4.69;
2022-12-10 15:00:00;16.0;98.15;12.0;5.74;79.4;5.1;
2022-12-10 16:00:00;0.0;0.0;0.0;5.2;79.35;5.1;
2022-12-10 17:00:00;0.0;0.0;0.0;4.83;79.3;5.31;
2022-12-10 18:00:00;0.0;0.0;0.0;4.67;79.3;5.38;
2022-12-10 19:00:00;0.0;0.0;0.0;4.6;85.5;5.66;
2022-12-10 20:00:00;0.0;0.0;0.0;4.4;85.5;5.79;
2022-12-10 21:00:00;0.0;0.0;0.0;4.51;85.5;5.79;
2022-12-10 22:00:00;0.0;0.0;0.0;4.75;82.35;5.86;
2022-12-10 23:00:00;0.0;0.0;0.0;4.99;82.35;6.0;
2022-12-11 00:00:00;0.0;0.0;0.0;5.2;82.4;6.07;
2022-12-11 01:00:00;0.0;0.0;0.0;5.58;85.6;6.21;
2022-12-11 02:00:00;0.0;0.0;0.0;6.02;85.65;6.14;
2022-12-11 03:00:00;0.0;0.0;0.0;6.28;85.7;6.21;
2022-12-11 04:00:00;0.0;0.0;0.0;6.65;85.75;6.41;
2022-12-11 05:00:00;0.0;0.0;0.0;7.49;85.8;6.69;
2022-12-11 06:00:00;0.0;0.0;0.0;8.35;82.75;6.55;
2022-12-11 07:00:00;0.0;0.0;0.0;7.52;85.8;6.14;
2022-12-11 08:00:00;17.0;38.92;15.0;7.76;85.85;6.07;
2022-12-11 09:00:00;39.0;0.0;39.0;8.22;85.9;5.86;
2022-12-11 10:00:00;63.0;0.0;63.0;8.65;89.1;5.86;
2022-12-11 11:00:00;87.0;3.74;86.0;9.21;85.95;5.79;
2022-12-11 12:00:00;108.0;22.62;102.0;9.53;82.9;5.52;
2022-12-11 13:00:00;86.0;17.81;82.0;9.31;85.95;4.9;
2022-12-11 14:00:00;30.0;0.0;30.0;9.03;89.1;4.28;
2022-12-11 15:00:00;11.0;24.8;10.0;8.83;89.1;3.79;
2022-12-11 16:00:00;0.0;0.0;0.0;8.76;89.1;3.59;
2022-12-11 17:00:00;0.0;0.0;0.0;8.94;92.45;3.66;
2022-12-11 18:00:00;0.0;0.0;0.0;9.03;92.45;3.66;
2022-12-11 19:00:00;0.0;0.0;0.0;9.04;92.45;3.86;
2022-12-11 20:00:00;0.0;0.0;0.0;9.04;89.1;4.07;
2022-12-11 21:00:00;0.0;0.0;0.0;8.63;85.9;4.0;
2022-12-11 22:00:00;0.0;0.0;0.0;8.13;85.85;3.93;
2022-12-11 23:00:00;0.0;0.0;0.0;7.76;79.7;3.79;
2022-12-12 00:00:00;0.0;0.0;0.0;7.05;85.75;3.59;
2022-12-12 01:00:00;0.0;0.0;0.0;6.31;85.7;3.45;
2022-12-12 02:00:00;0.0;0.0;0.0;5.66;88.9;3.17;
2022-12-12 03:00:00;0.0;0.0;0.0;5.15;88.85;2.97;
2022-12-12 04:00:00;0.0;0.0;0.0;4.72;92.25;2.83;
2022-12-12 05:00:00;0.0;0.0;0.0;4.29;92.2;2.76;
2022-12-12 06:00:00;0.0;0.0;0.0;4.0;95.7;2.62;
2022-12-12 07:00:00;0.0;0.0;0.0;3.95;95.7;2.48;
2022-12-12 08:00:00;16.0;40.57;14.0;3.87;95.7;2.41;
2022-12-12 09:00:00;99.0;233.09;63.0;4.71;95.75;2.28;
2022-12-12 10:00:00;154.0;240.97;99.0;5.7;92.3;2.34;
2022-12-12 11:00:00;119.0;33.88;110.0;6.74;89.0;2.62;
2022-12-12 12:00:00;160.0;147.66;121.0;7.63;89.0;2.9;
2022-12-12 13:00:00;85.0;17.88;81.0;8.41;89.1;3.38;
2022-12-12 14:00:00;41.0;0.0;41.0;9.05;92.45;4.9;
2022-12-12 15:00:00;12.0;49.99;10.0;9.87;92.5;5.59;
2022-12-12 16:00:00;0.0;0.0;0.0;10.39;92.5;6.07;
2022-12-12 17:00:00;0.0;0.0;0.0;10.52;89.25;6.83;
2022-12-12 18:00:00;0.0;0.0;0.0;10.3;83.0;7.52;
2022-12-12 19:00:00;0.0;0.0;0.0;10.44;80.05;7.86;
2022-12-12 20:00:00;0.0;0.0;0.0;10.26;80.05;8.14;
2022-12-12 21:00:00;0.0;0.0;0.0;10.14;82.95;8.34;
2022-12-12 22:00:00;0.0;0.0;0.0;10.01;79.95;8.21;
2022-12-12 23:00:00;0.0;0.0;0.0;10.11;79.95;7.86;
2022-12-13 00:00:00;0.0;0.0;0.0;10.18;82.95;7.72;
2022-12-13 01:00:00;0.0;0.0;0.0;10.38;80.05;7.45;
2022-12-13 02:00:00;0.0;0.0;0.0;10.6;83.0;7.03;
2022-12-13 03:00:00;0.0;0.0;0.0;10.86;80.1;6.55;
2022-12-13 04:00:00;0.0;0.0;0.0;10.55;86.05;4.55;
2022-12-13 05:00:00;0.0;0.0;0.0;9.82;86.0;2.69;
2022-12-13 06:00:00;0.0;0.0;0.0;8.89;92.45;1.93;
2022-12-13 07:00:00;0.0;0.0;0.0;8.17;89.1;1.86;
2022-12-13 08:00:00;6.0;0.0;6.0;7.82;89.05;1.72;
2022-12-13 09:00:00;20.0;0.0;20.0;7.62;92.35;1.72;
2022-12-13 10:00:00;25.0;0.0;25.0;7.63;92.35;1.86;
2022-12-13 11:00:00;44.0;0.0;44.0;7.58;89.0;2.0;
2022-12-13 12:00:00;67.0;0.0;67.0;7.69;85.85;2.07;
2022-12-13 13:00:00;36.0;0.0;36.0;7.77;89.05;2.07;
2022-12-13 14:00:00;13.0;0.0;13.0;7.71;89.05;2.07;
2022-12-13 15:00:00;5.0;0.0;5.0;7.75;89.05;2.0;
2022-12-13 16:00:00;0.0;0.0;0.0;7.76;92.4;1.86;
2022-12-13 17:00:00;0.0;0.0;0.0;7.85;92.4;1.66;
2022-12-13 18:00:00;0.0;0.0;0.0;7.88;92.4;1.59;
2022-12-13 19:00:00;0.0;0.0;0.0;7.81;95.8;1.72;
2022-12-13 20:00:00;0.0;0.0;0.0;7.96;95.8;1.66;
2022-12-13 21:00:00;0.0;0.0;0.0;8.14;95.8;1.86;
2022-12-13 22:00:00;0.0;0.0;0.0;8.18;92.4;2.34;
2022-12-13 23:00:00;0.0;0.0;0.0;8.08;95.8;2.76;
2022-12-14 00:00:00;0.0;0.0;0.0;7.87;92.4;2.76;
2022-12-14 01:00:00;0.0;0.0;0.0;7.56;95.8;2.41;
2022-12-14 02:00:00;0.0;0.0;0.0;7.09;95.8;2.07;
2022-12-14 03:00:00;0.0;0.0;0.0;6.76;92.35;2.14;
2022-12-14 04:00:00;0.0;0.0;0.0;6.06;95.75;2.14;
2022-12-14 05:00:00;0.0;0.0;0.0;5.68;92.3;2.14;
2022-12-14 06:00:00;0.0;0.0;0.0;5.21;95.75;2.21;
2022-12-14 07:00:00;0.0;0.0;0.0;5.2;95.75;2.07;
2022-12-14 08:00:00;15.0;44.01;13.0;4.72;99.4;2.21;
2022-12-14 09:00:00;107.0;337.95;56.0;5.02;99.4;2.14;
2022-12-14 10:00:00;113.0;71.07;97.0;5.76;92.3;3.1;
2022-12-14 11:00:00;73.0;0.0;73.0;6.33;88.95;3.17;
2022-12-14 12:00:00;102.0;15.26;98.0;6.73;85.75;3.24;
2022-12-14 13:00:00;126.0;121.4;99.0;6.91;85.75;3.31;
2022-12-14 14:00:00;37.0;0.0;37.0;6.97;85.75;3.1;
2022-12-14 15:00:00;10.0;0.0;10.0;6.71;85.75;2.55;
2022-12-14 16:00:00;0.0;0.0;0.0;6.18;88.95;2.41;
2022-12-14 17:00:00;0.0;0.0;0.0;5.82;92.3;2.28;
2022-12-14 18:00:00;0.0;0.0;0.0;5.28;95.75;2.14;
2022-12-14 19:00:00;0.0;0.0;0.0;5.8;92.3;2.62;
2022-12-14 20:00:00;0.0;0.0;0.0;5.74;92.3;2.55;
2022-12-14 21:00:00;0.0;0.0;0.0;5.69;92.3;2.48;
2022-12-14 22:00:00;0.0;0.0;0.0;5.75;92.3;2.41;
2022-12-14 23:00:00;0.0;0.0;0.0;5.7;92.3;2.14;
2022-12-15 00:00:00;0.0;0.0;0.0;5.64;95.75;1.86;
2022-12-15 01:00:00;0.0;0.0;0.0;5.28;95.75;1.93;
2022-12-15 02:00:00;0.0;0.0;0.0;4.99;99.4;1.86;
2022-12-15 03:00:00;0.0;0.0;0.0;4.82;99.4;1.93;
2022-12-15 04:00:00;0.0;0.0;0.0;4.63;99.4;2.21;
2022-12-15 05:00:00;0.0;0.0;0.0;4.64;95.75;1.93;
2022-12-15 06:00:00;0.0;0.0;0.0;4.3;99.4;2.07;
2022-12-15 07:00:00;0.0;0.0;0.0;4.48;99.4;1.93;
2022-12-15 08:00:00;19.0;114.47;14.0;4.19;99.4;2.07;
2022-12-15 09:00:00;109.0;395.15;50.0;5.1;99.4;2.0;
2022-12-15 10:00:00;184.0;513.91;69.0;6.79;92.35;2.0;
2022-12-15 11:00:00;152.0;125.96;119.0;7.95;89.05;2.21;
2022-12-15 12:00:00;180.0;252.53;114.0;8.56;89.1;2.41;
2022-12-15 13:00:00;148.0;238.84;95.0;8.85;89.1;2.21;
2022-12-15 14:00:00;58.0;34.17;53.0;9.12;89.1;2.55;
2022-12-15 15:00:00;10.0;0.0;10.0;8.97;89.1;2.9;
2022-12-15 16:00:00;0.0;0.0;0.0;8.55;92.4;2.9;
2022-12-15 17:00:00;0.0;0.0;0.0;8.46;92.4;3.17;
2022-12-15 18:00:00;0.0;0.0;0.0;8.68;85.95;3.31;
2022-12-15 19:00:00;0.0;0.0;0.0;9.69;82.95;3.72;
2022-12-15 20:00:00;0.0;0.0;0.0;9.86;82.95;3.86;
2022-12-15 21:00:00;0.0;0.0;0.0;9.63;89.15;4.14;
2022-12-15 22:00:00;0.0;0.0;0.0;9.5;89.15;4.14;
2022-12-15 23:00:00;0.0;0.0;0.0;9.42;89.15;4.0;
2022-12-16 00:00:00;0.0;0.0;0.0;9.46;92.45;4.0;
2022-12-16 01:00:00;0.0;0.0;0.0;9.58;92.45;3.93;
2022-12-16 02:00:00;0.0;0.0;0.0;9.75;92.5;4.0;
2022-12-16 03:00:00;0.0;0.0;0.0;9.98;92.5;4.07;
2022-12-16 04:00:00;0.0;0.0;0.0;10.13;95.9;4.28;
2022-12-16 05:00:00;0.0;0.0;0.0;10.0;92.5;4.28;
2022-12-16 06:00:00;0.0;0.0;0.0;10.0;92.5;4.21;
2022-12-16 07:00:00;0.0;0.0;0.0;10.58;95.9;4.14;
2022-12-16 08:00:00;14.0;47.59;12.0;10.9;92.55;4.21;
2022-12-16 09:00:00;67.0;67.64;57.0;11.35;92.55;4.48;
2022-12-16 10:00:00;35.0;0.0;35.0;12.01;92.6;4.62;
2022-12-16 11:00:00;56.0;0.0;56.0;12.63;92.6;4.9;
2022-12-16 12:00:00;126.0;57.54;111.0;13.0;89.4;5.1;
2022-12-16 13:00:00;45.0;0.0;45.0;13.12;89.4;4.97;
2022-12-16 14:00:00;68.0;75.21;57.0;13.09;92.65;4.69;
2022-12-16 15:00:00;11.0;0.0;11.0;12.94;92.65;4.55;
2022-12-16 16:00:00;0.0;0.0;0.0;12.83;92.65;4.9;
2022-12-16 17:00:00;0.0;0.0;0.0;12.75;92.65;5.31;
2022-12-16 18:00:00;0.0;0.0;0.0;12.73;89.4;5.45;
2022-12-16 19:00:00;0.0;0.0;0.0;12.76;89.4;4.76;
2022-12-16 20:00:00;0.0;0.0;0.0;12.65;92.6;4.48;
2022-12-16 21:00:00;0.0;0.0;0.0;12.54;92.6;4.34;
2022-12-16 22:00:00;0.0;0.0;0.0;12.45;89.4;4.14;
2022-12-16 23:00:00;0.0;0.0;0.0;12.43;92.6;3.72;
2022-12-17 00:00:00;0.0;0.0;0.0;12.45;92.6;4.07;
2022-12-17 01:00:00;0.0;0.0;0.0;12.66;92.6;4.34;
2022-12-17 02:00:00;0.0;0.0;0.0;12.84;92.65;4.14;
2022-12-17 03:00:00;0.0;0.0;0.0;12.96;92.65;3.93;
2022-12-17 04:00:00;0.0;0.0;0.0;12.9;92.65;4.0;
2022-12-17 05:00:00;0.0;0.0;0.0;12.53;92.6;4.21;
2022-12-17 06:00:00;0.0;0.0;0.0;11.82;89.35;4.21;
2022-12-17 07:00:00;0.0;0.0;0.0;11.79;86.2;4.28;
2022-12-17 08:00:00;13.0;49.4;11.0;11.41;86.15;4.41;
2022-12-17 09:00:00;74.0;102.41;59.0;11.59;83.1;4.62;
2022-12-17 10:00:00;143.0;212.28;96.0;12.34;80.3;4.83;
2022-12-17 11:00:00;207.0;438.16;93.0;13.25;77.5;4.83;
2022-12-17 12:00:00;183.0;280.62;110.0;13.97;77.6;4.97;
2022-12-17 13:00:00;166.0;379.57;82.0;14.39;72.3;5.03;
2022-12-17 14:00:00;98.0;300.73;54.0;14.37;72.3;4.83;
2022-12-17 15:00:00;15.0;99.32;11.0;13.84;74.85;4.83;
2022-12-17 16:00:00;0.0;0.0;0.0;13.24;77.5;4.9;
2022-12-17 17:00:00;0.0;0.0;0.0;13.02;77.5;5.1;
2022-12-17 18:00:00;0.0;0.0;0.0;13.04;80.35;5.38;
2022-12-17 19:00:00;0.0;0.0;0.0;13.79;77.6;5.31;
2022-12-17 20:00:00;0.0;0.0;0.0;13.71;80.35;5.17;
2022-12-17 21:00:00;0.0;0.0;0.0;13.4;80.35;4.83;
2022-12-17 22:00:00;0.0;0.0;0.0;13.08;80.35;4.62;
2022-12-17 23:00:00;0.0;0.0;0.0;12.72;77.5;4.62;
2022-12-18 00:00:00;0.0;0.0;0.0;12.35;80.3;4.48;
2022-12-18 01:00:00;0.0;0.0;0.0;12.06;86.2;4.48;
2022-12-18 02:00:00;0.0;0.0;0.0;11.89;89.35;4.48;
2022-12-18 03:00:00;0.0;0.0;0.0;11.63;92.55;4.34;
2022-12-18 04:00:00;0.0;0.0;0.0;11.34;89.3;4.28;
2022-12-18 05:00:00;0.0;0.0;0.0;11.32;89.3;4.21;
2022-12-18 06:00:00;0.0;0.0;0.0;11.16;92.55;3.93;
2022-12-18 07:00:00;0.0;0.0;0.0;11.53;92.55;3.79;
2022-12-18 08:00:00;6.0;0.0;6.0;11.5;92.55;3.66;
2022-12-18 09:00:00;46.0;6.89;45.0;11.63;92.55;3.66;
2022-12-18 10:00:00;63.0;0.0;63.0;11.88;89.35;3.86;
2022-12-18 11:00:00;113.0;30.83;105.0;11.9;86.2;3.93;
2022-12-18 12:00:00;86.0;3.85;85.0;12.0;86.2;3.79;
2022-12-18 13:00:00;116.0;90.42;96.0;12.04;86.2;3.72;
2022-12-18 14:00:00;63.0;47.79;56.0;11.96;83.15;3.86;
2022-12-18 15:00:00;11.0;24.58;10.0;11.5;83.1;3.66;
2022-12-18 16:00:00;0.0;0.0;0.0;10.89;86.1;3.59;
2022-12-18 17:00:00;0.0;0.0;0.0;10.73;83.05;3.72;
2022-12-18 18:00:00;0.0;0.0;0.0;10.54;86.05;3.86;
2022-12-18 19:00:00;0.0;0.0;0.0;10.5;86.05;3.79;
2022-12-18 20:00:00;0.0;0.0;0.0;10.67;89.25;3.93;
2022-12-18 21:00:00;0.0;0.0;0.0;10.95;89.3;3.93;
2022-12-18 22:00:00;0.0;0.0;0.0;11.4;89.3;3.93;
2022-12-18 23:00:00;0.0;0.0;0.0;11.44;92.55;3.86;
2022-12-19 00:00:00;0.0;0.0;0.0;11.64;92.55;4.07;
2022-12-19 01:00:00;0.0;0.0;0.0;11.73;89.35;4.28;
2022-12-19 02:00:00;0.0;0.0;0.0;11.8;89.35;4.55;
2022-12-19 03:00:00;0.0;0.0;0.0;11.85;89.35;4.55;
2022-12-19 04:00:00;0.0;0.0;0.0;11.99;89.35;4.48;
2022-12-19 05:00:00;0.0;0.0;0.0;11.98;89.35;4.28;
2022-12-19 06:00:00;0.0;0.0;0.0;11.78;86.2;4.28;
2022-12-19 07:00:00;0.0;0.0;0.0;11.63;89.3;4.41;
2022-12-19 08:00:00;9.0;0.0;9.0;11.86;86.2;4.48;
2022-12-19 09:00:00;27.0;0.0;27.0;12.25;83.25;4.48;
2022-12-19 10:00:00;47.0;0.0;47.0;12.73;83.25;4.69;
2022-12-19 11:00:00;103.0;19.31;98.0;13.15;83.25;4.9;
2022-12-19 12:00:00;131.0;73.23;112.0;13.27;83.25;4.97;
2022-12-19 13:00:00;148.0;253.14;92.0;13.52;83.25;5.1;
2022-12-19 14:00:00;79.0;136.25;59.0;13.78;80.4;5.03;
2022-12-19 15:00:00;13.0;48.51;11.0;13.72;80.4;4.9;
2022-12-19 16:00:00;0.0;0.0;0.0;13.28;80.35;4.9;
2022-12-19 17:00:00;0.0;0.0;0.0;12.84;80.35;5.03;
2022-12-19 18:00:00;0.0;0.0;0.0;12.53;80.3;5.1;
2022-12-19 19:00:00;0.0;0.0;0.0;12.51;74.7;5.31;
2022-12-19 20:00:00;0.0;0.0;0.0;12.38;74.7;5.45;
2022-12-19 21:00:00;0.0;0.0;0.0;12.33;72.05;5.52;
2022-12-19 22:00:00;0.0;0.0;0.0;12.39;74.7;5.52;
2022-12-19 23:00:00;0.0;0.0;0.0;12.29;74.7;5.52;
2022-12-20 00:00:00;0.0;0.0;0.0;12.28;72.05;5.72;
2022-12-20 01:00:00;0.0;0.0;0.0;12.35;72.05;5.79;
2022-12-20 02:00:00;0.0;0.0;0.0;12.37;72.05;5.66;
2022-12-20 03:00:00;0.0;0.0;0.0;12.24;72.05;5.66;
2022-12-20 04:00:00;0.0;0.0;0.0;12.04;71.95;5.45;
2022-12-20 05:00:00;0.0;0.0;0.0;11.8;71.95;5.31;
2022-12-20 06:00:00;0.0;0.0;0.0;11.51;74.55;5.31;
2022-12-20 07:00:00;0.0;0.0;0.0;11.58;77.3;5.1;
2022-12-20 08:00:00;11.0;0.0;11.0;11.46;77.3;4.83;
2022-12-20 09:00:00;95.0;286.5;54.0;11.55;77.3;4.62;
2022-12-20 10:00:00;188.0;589.61;59.0;12.12;77.35;4.9;
2022-12-20 11:00:00;225.0;595.93;71.0;12.79;74.75;5.03;
2022-12-20 12:00:00;138.0;88.7;115.0;13.1;77.5;4.83;
2022-12-20 13:00:00;99.0;40.66;90.0;13.44;77.5;5.31;
2022-12-20 14:00:00;40.0;0.0;40.0;13.53;80.35;5.17;
2022-12-20 15:00:00;10.0;0.0;10.0;13.32;77.5;5.1;
2022-12-20 16:00:00;0.0;0.0;0.0;12.83;77.5;4.97;
2022-12-20 17:00:00;0.0;0.0;0.0;12.62;80.3;4.97;
2022-12-20 18:00:00;0.0;0.0;0.0;12.49;80.3;5.03;
2022-12-20 19:00:00;0.0;0.0;0.0;12.2;86.2;5.24;
2022-12-20 20:00:00;0.0;0.0;0.0;11.89;83.15;5.24;
2022-12-20 21:00:00;0.0;0.0;0.0;11.63;86.15;5.17;
2022-12-20 22:00:00;0.0;0.0;0.0;11.54;86.15;5.1;
2022-12-20 23:00:00;0.0;0.0;0.0;11.21;83.1;5.1;
2022-12-21 00:00:00;0.0;0.0;0.0;10.68;89.25;4.97;
2022-12-21 01:00:00;0.0;0.0;0.0;10.36;86.05;4.9;
2022-12-21 02:00:00;0.0;0.0;0.0;10.06;86.0;4.83;
2022-12-21 03:00:00;0.0;0.0;0.0;9.71;82.95;5.1;
2022-12-21 04:00:00;0.0;0.0;0.0;9.28;82.9;5.38;
2022-12-21 05:00:00;0.0;0.0;0.0;8.99;82.85;5.59;
2022-12-21 06:00:00;0.0;0.0;0.0;8.95;82.85;5.79;
2022-12-21 07:00:00;0.0;0.0;0.0;8.64;79.75;5.79;
2022-12-21 08:00:00;9.0;0.0;9.0;8.55;79.75;6.21;
2022-12-21 09:00:00;98.0;323.42;52.0;8.8;76.95;6.48;
2022-12-21 10:00:00;194.0;637.12;55.0;9.36;74.2;6.97;
2022-12-21 11:00:00;41.0;0.0;41.0;10.03;74.3;6.48;
2022-12-21 12:00:00;120.0;42.43;109.0;10.52;74.4;6.34;
2022-12-21 13:00:00;17.0;0.0;17.0;10.7;71.75;7.72;
2022-12-21 14:00:00;69.0;67.68;59.0;11.11;71.75;8.0;
2022-12-21 15:00:00;2.0;0.0;2.0;11.33;66.75;8.21;
2022-12-21 16:00:00;0.0;0.0;0.0;11.49;66.75;8.55;
2022-12-21 17:00:00;0.0;0.0;0.0;11.74;64.45;8.83;
2022-12-21 18:00:00;0.0;0.0;0.0;11.75;66.85;9.03;
2022-12-21 19:00:00;0.0;0.0;0.0;11.91;74.6;8.69;
2022-12-21 20:00:00;0.0;0.0;0.0;12.1;77.35;7.79;
2022-12-21 21:00:00;0.0;0.0;0.0;12.25;80.3;6.69;
2022-12-21 22:00:00;0.0;0.0;0.0;12.0;86.2;5.52;
2022-12-21 23:00:00;0.0;0.0;0.0;11.75;86.2;4.69;
2022-12-22 00:00:00;0.0;0.0;0.0;11.62;89.3;5.1;
2022-12-22 01:00:00;0.0;0.0;0.0;11.79;86.2;5.59;
2022-12-22 02:00:00;0.0;0.0;0.0;11.92;86.2;5.93;
2022-12-22 03:00:00;0.0;0.0;0.0;11.64;89.3;5.86;
2022-12-22 04:00:00;0.0;0.0;0.0;11.59;89.3;6.55;
2022-12-22 05:00:00;0.0;0.0;0.0;11.81;89.35;7.17;
2022-12-22 06:00:00;0.0;0.0;0.0;12.3;86.25;7.52;
2022-12-22 07:00:00;0.0;0.0;0.0;12.29;83.25;7.52;
2022-12-22 08:00:00;5.0;0.0;5.0;12.61;86.25;7.86;
2022-12-22 09:00:00;29.0;0.0;29.0;12.89;83.25;8.21;
2022-12-22 10:00:00;32.0;0.0;32.0;13.26;80.35;8.41;
2022-12-22 11:00:00;113.0;34.9;104.0;13.68;80.35;8.62;
2022-12-22 12:00:00;73.0;0.0;73.0;13.9;77.6;8.55;
2022-12-22 13:00:00;60.0;0.0;60.0;14.03;74.85;8.14;
2022-12-22 14:00:00;13.0;0.0;13.0;14.01;74.85;7.86;
2022-12-22 15:00:00;8.0;0.0;8.0;13.76;72.2;7.79;
2022-12-22 16:00:00;0.0;0.0;0.0;13.7;72.1;7.59;
2022-12-22 17:00:00;0.0;0.0;0.0;13.78;69.65;7.66;
2022-12-22 18:00:00;0.0;0.0;0.0;13.75;69.65;7.66;
2022-12-22 19:00:00;0.0;0.0;0.0;13.65;72.1;7.38;
2022-12-22 20:00:00;0.0;0.0;0.0;13.51;69.55;7.52;
2022-12-22 21:00:00;0.0;0.0;0.0;13.27;67.05;7.59;
2022-12-22 22:00:00;0.0;0.0;0.0;13.12;67.05;7.66;
2022-12-22 23:00:00;0.0;0.0;0.0;12.94;64.65;7.66;
2022-12-23 00:00:00;0.0;0.0;0.0;12.77;64.65;7.66;
2022-12-23 01:00:00;0.0;0.0;0.0;12.5;69.45;7.72;
2022-12-23 02:00:00;0.0;0.0;0.0;12.55;72.05;7.79;
2022-12-23 03:00:00;0.0;0.0;0.0;12.74;72.1;7.59;
2022-12-23 04:00:00;0.0;0.0;0.0;12.43;77.45;6.69;
2022-12-23 05:00:00;0.0;0.0;0.0;11.96;80.2;6.07;
2022-12-23 06:00:00;0.0;0.0;0.0;11.36;80.15;6.0;
2022-12-23 07:00:00;0.0;0.0;0.0;11.02;77.2;6.48;
2022-12-23 08:00:00;9.0;0.0;9.0;10.76;74.45;6.48;
2022-12-23 09:00:00;107.0;454.42;43.0;10.7;74.45;6.28;
2022-12-23 10:00:00;167.0;395.75;81.0;11.05;74.45;6.07;
2022-12-23 11:00:00;211.0;465.43;91.0;11.47;74.55;5.66;
2022-12-23 12:00:00;212.0;466.05;91.0;11.72;71.95;5.45;
2022-12-23 13:00:00;177.0;449.25;77.0;11.68;71.85;5.17;
2022-12-23 14:00:00;114.0;462.34;45.0;11.36;71.85;4.34;
2022-12-23 15:00:00;12.0;22.44;11.0;10.86;74.45;3.86;
2022-12-23 16:00:00;0.0;0.0;0.0;10.15;79.95;3.66;
2022-12-23 17:00:00;0.0;0.0;0.0;9.77;79.95;3.52;
2022-12-23 18:00:00;0.0;0.0;0.0;9.3;82.9;3.52;
2022-12-23 19:00:00;0.0;0.0;0.0;9.09;89.1;3.72;
2022-12-23 20:00:00;0.0;0.0;0.0;8.84;85.95;3.93;
2022-12-23 21:00:00;0.0;0.0;0.0;8.58;89.1;4.07;
2022-12-23 22:00:00;0.0;0.0;0.0;8.53;89.1;4.21;
2022-12-23 23:00:00;0.0;0.0;0.0;8.4;89.1;4.34;
2022-12-24 00:00:00;0.0;0.0;0.0;8.44;85.9;4.55;
2022-12-24 01:00:00;0.0;0.0;0.0;8.3;85.9;4.76;
2022-12-24 02:00:00;0.0;0.0;0.0;8.45;85.9;5.03;
2022-12-24 03:00:00;0.0;0.0;0.0;8.76;85.95;5.17;
2022-12-24 04:00:00;0.0;0.0;0.0;8.72;85.95;5.17;
2022-12-24 05:00:00;0.0;0.0;0.0;8.94;85.95;5.24;
2022-12-24 06:00:00;0.0;0.0;0.0;9.35;85.95;5.45;
2022-12-24 07:00:00;0.0;0.0;0.0;9.59;89.15;5.31;
2022-12-24 08:00:00;9.0;0.0;9.0;10.2;86.05;5.79;
2022-12-24 09:00:00;92.0;270.79;54.0;10.83;83.05;6.14;
2022-12-24 10:00:00;155.0;304.05;89.0;11.38;80.15;6.69;
2022-12-24 11:00:00;233.0;643.69;67.0;11.86;74.6;7.1;
2022-12-24 12:00:00;223.0;553.85;79.0;12.19;74.6;7.24;
2022-12-24 13:00:00;120.0;98.54;98.0;12.3;72.05;7.86;
2022-12-24 14:00:00;114.0;452.84;46.0;12.42;72.05;8.07;
2022-12-24 15:00:00;2.0;0.0;2.0;12.12;71.95;7.79;
2022-12-24 16:00:00;0.0;0.0;0.0;11.68;77.3;7.66;
2022-12-24 17:00:00;0.0;0.0;0.0;11.3;80.15;6.83;
2022-12-24 18:00:00;0.0;0.0;0.0;10.77;80.1;6.34;
2022-12-24 19:00:00;0.0;0.0;0.0;10.49;83.0;5.52;
2022-12-24 20:00:00;0.0;0.0;0.0;10.04;77.1;5.17;
2022-12-24 21:00:00;0.0;0.0;0.0;9.49;77.0;4.9;
2022-12-24 22:00:00;0.0;0.0;0.0;9.01;76.95;4.9;
2022-12-24 23:00:00;0.0;0.0;0.0;8.59;79.75;4.83;
2022-12-25 00:00:00;0.0;0.0;0.0;8.28;79.75;4.62;
2022-12-25 01:00:00;0.0;0.0;0.0;8.06;82.7;4.62;
2022-12-25 02:00:00;0.0;0.0;0.0;7.93;82.7;4.48;
2022-12-25 03:00:00;0.0;0.0;0.0;7.55;85.8;4.28;
2022-12-25 04:00:00;0.0;0.0;0.0;7.3;85.8;4.14;
2022-12-25 05:00:00;0.0;0.0;0.0;7.03;89.0;4.0;
2022-12-25 06:00:00;0.0;0.0;0.0;6.69;85.75;3.72;
2022-12-25 07:00:00;0.0;0.0;0.0;7.14;89.0;3.38;
2022-12-25 08:00:00;7.0;0.0;7.0;7.26;85.8;3.45;
2022-12-25 09:00:00;63.0;57.17;55.0;7.61;85.8;3.79;
2022-12-25 10:00:00;93.0;32.26;86.0;7.99;82.7;3.86;
2022-12-25 11:00:00;127.0;62.0;111.0;8.17;79.75;3.31;
2022-12-25 12:00:00;32.0;0.0;32.0;8.49;85.9;2.9;
2022-12-25 13:00:00;97.0;35.71;89.0;9.34;85.95;3.79;
2022-12-25 14:00:00;24.0;0.0;24.0;10.56;89.25;5.03;
2022-12-25 15:00:00;15.0;42.6;13.0;11.44;86.15;6.07;
2022-12-25 16:00:00;0.0;0.0;0.0;11.93;86.2;6.41;
2022-12-25 17:00:00;0.0;0.0;0.0;12.33;86.25;6.48;
2022-12-25 18:00:00;0.0;0.0;0.0;12.59;86.25;6.55;
2022-12-25 19:00:00;0.0;0.0;0.0;13.16;86.3;6.9;
2022-12-25 20:00:00;0.0;0.0;0.0;13.43;83.25;6.83;
2022-12-25 21:00:00;0.0;0.0;0.0;13.62;83.25;6.97;
2022-12-25 22:00:00;0.0;0.0;0.0;13.84;77.6;7.31;
2022-12-25 23:00:00;0.0;0.0;0.0;13.95;77.6;7.38;
2022-12-26 00:00:00;0.0;0.0;0.0;13.87;74.85;7.17;
2022-12-26 01:00:00;0.0;0.0;0.0;13.77;72.2;6.9;
2022-12-26 02:00:00;0.0;0.0;0.0;13.61;74.75;6.62;
2022-12-26 03:00:00;0.0;0.0;0.0;13.32;72.1;6.34;
2022-12-26 04:00:00;0.0;0.0;0.0;12.61;74.7;6.07;
2022-12-26 05:00:00;0.0;0.0;0.0;11.9;74.6;5.86;
2022-12-26 06:00:00;0.0;0.0;0.0;11.37;77.3;5.72;
2022-12-26 07:00:00;0.0;0.0;0.0;12.01;74.6;6.0;
2022-12-26 08:00:00;4.0;0.0;4.0;11.77;74.6;6.0;
2022-12-26 09:00:00;55.0;28.64;51.0;11.59;77.3;6.14;
2022-12-26 10:00:00;137.0;193.57;95.0;11.96;77.35;5.93;
2022-12-26 11:00:00;184.0;286.38;110.0;12.39;77.45;5.52;
2022-12-26 12:00:00;222.0;543.8;80.0;12.78;77.5;4.9;
2022-12-26 13:00:00;173.0;408.96;81.0;13.15;77.5;5.31;
2022-12-26 14:00:00;95.0;229.7;60.0;13.18;77.5;5.93;
2022-12-26 15:00:00;20.0;103.48;15.0;12.78;74.75;5.66;
2022-12-26 16:00:00;0.0;0.0;0.0;12.11;80.2;5.45;
2022-12-26 17:00:00;0.0;0.0;0.0;11.54;80.15;5.38;
2022-12-26 18:00:00;0.0;0.0;0.0;11.04;83.05;5.52;
2022-12-26 19:00:00;0.0;0.0;0.0;10.9;80.1;5.66;
2022-12-26 20:00:00;0.0;0.0;0.0;10.74;77.2;5.72;
2022-12-26 21:00:00;0.0;0.0;0.0;10.54;80.05;5.72;
2022-12-26 22:00:00;0.0;0.0;0.0;10.32;80.05;5.79;
2022-12-26 23:00:00;0.0;0.0;0.0;10.21;80.05;5.86;
2022-12-27 00:00:00;0.0;0.0;0.0;10.23;77.15;5.93;
2022-12-27 01:00:00;0.0;0.0;0.0;10.15;79.95;5.93;
2022-12-27 02:00:00;0.0;0.0;0.0;10.0;79.95;5.79;
2022-12-27 03:00:00;0.0;0.0;0.0;9.89;79.95;5.79;
2022-12-27 04:00:00;0.0;0.0;0.0;9.85;77.1;5.72;
2022-12-27 05:00:00;0.0;0.0;0.0;9.74;77.1;5.66;
2022-12-27 06:00:00;0.0;0.0;0.0;9.63;77.0;5.66;
2022-12-27 07:00:00;0.0;0.0;0.0;10.27;80.05;5.72;
2022-12-27 08:00:00;9.0;0.0;9.0;10.26;80.05;5.93;
2022-12-27 09:00:00;79.0;157.65;57.0;10.51;80.05;6.21;
2022-12-27 10:00:00;114.0;92.11;94.0;11.27;77.3;6.41;
2022-12-27 11:00:00;127.0;61.81;111.0;11.97;77.35;6.07;
2022-12-27 12:00:00;124.0;49.64;111.0;12.45;77.45;6.07;
2022-12-27 13:00:00;126.0;119.47;99.0;12.85;74.75;5.72;
2022-12-27 14:00:00;53.0;13.02;51.0;12.97;74.75;5.59;
2022-12-27 15:00:00;14.0;20.08;13.0;12.81;74.75;4.97;
2022-12-27 16:00:00;0.0;0.0;0.0;12.75;74.75;4.55;
2022-12-27 17:00:00;0.0;0.0;0.0;12.54;77.45;4.21;
2022-12-27 18:00:00;0.0;0.0;0.0;12.32;74.7;3.79;
2022-12-27 19:00:00;0.0;0.0;0.0;10.77;80.1;3.45;
2022-12-27 20:00:00;0.0;0.0;0.0;10.35;83.0;3.31;
2022-12-27 21:00:00;0.0;0.0;0.0;10.13;82.95;3.1;
2022-12-27 22:00:00;0.0;0.0;0.0;9.87;82.95;2.83;
2022-12-27 23:00:00;0.0;0.0;0.0;9.43;85.95;2.69;
2022-12-28 00:00:00;0.0;0.0;0.0;8.94;89.1;2.69;
2022-12-28 01:00:00;0.0;0.0;0.0;8.38;89.1;2.62;
2022-12-28 02:00:00;0.0;0.0;0.0;7.95;89.05;2.69;
2022-12-28 03:00:00;0.0;0.0;0.0;7.37;89.0;2.83;
2022-12-28 04:00:00;0.0;0.0;0.0;6.86;89.0;2.9;
2022-12-28 05:00:00;0.0;0.0;0.0;6.43;88.95;2.9;
2022-12-28 06:00:00;0.0;0.0;0.0;6.17;88.95;2.97;
2022-12-28 07:00:00;0.0;0.0;0.0;6.44;88.95;3.17;
2022-12-28 08:00:00;9.0;0.0;9.0;6.56;88.95;3.38;
2022-12-28 09:00:00;108.0;473.0;42.0;7.26;82.65;3.52;
2022-12-28 10:00:00;167.0;390.98;82.0;8.68;76.95;3.66;
2022-12-28 11:00:00;213.0;458.69;94.0;10.05;74.3;3.72;
2022-12-28 12:00:00;248.0;711.66;61.0;11.17;74.45;3.59;
2022-12-28 13:00:00;160.0;281.73;96.0;11.75;69.35;4.48;
2022-12-28 14:00:00;87.0;141.87;65.0;11.76;69.35;4.41;
2022-12-28 15:00:00;20.0;77.83;16.0;11.09;74.45;4.14;
2022-12-28 16:00:00;0.0;0.0;0.0;10.19;74.4;4.14;
2022-12-28 17:00:00;0.0;0.0;0.0;9.82;77.1;4.28;
2022-12-28 18:00:00;0.0;0.0;0.0;9.55;77.0;4.41;
2022-12-28 19:00:00;0.0;0.0;0.0;8.61;82.75;4.21;
2022-12-28 20:00:00;0.0;0.0;0.0;8.3;82.75;4.14;
2022-12-28 21:00:00;0.0;0.0;0.0;8.11;85.85;4.07;
2022-12-28 22:00:00;0.0;0.0;0.0;8.04;85.85;4.07;
2022-12-28 23:00:00;0.0;0.0;0.0;8.01;85.85;4.07;
2022-12-29 00:00:00;0.0;0.0;0.0;8.05;82.7;4.14;
2022-12-29 01:00:00;0.0;0.0;0.0;8.08;82.7;4.21;
2022-12-29 02:00:00;0.0;0.0;0.0;8.2;76.85;4.28;
2022-12-29 03:00:00;0.0;0.0;0.0;8.25;76.85;4.28;
2022-12-29 04:00:00;0.0;0.0;0.0;8.25;76.85;4.21;
2022-12-29 05:00:00;0.0;0.0;0.0;8.14;79.7;4.14;
2022-12-29 06:00:00;0.0;0.0;0.0;8.35;76.85;4.14;
2022-12-29 07:00:00;0.0;0.0;0.0;8.96;76.95;4.21;
2022-12-29 08:00:00;2.0;0.0;2.0;9.33;77.0;4.0;
2022-12-29 09:00:00;49.0;14.32;47.0;9.59;79.9;3.79;
2022-12-29 10:00:00;81.0;13.77;78.0;9.76;79.95;3.31;
2022-12-29 11:00:00;113.0;30.75;105.0;10.16;82.95;3.03;
2022-12-29 12:00:00;117.0;34.12;108.0;10.81;80.1;3.17;
2022-12-29 13:00:00;136.0;148.82;102.0;11.48;80.15;3.66;
2022-12-29 14:00:00;15.0;0.0;15.0;11.45;80.15;3.93;
2022-12-29 15:00:00;12.0;0.0;12.0;10.8;83.05;3.24;
2022-12-29 16:00:00;0.0;0.0;0.0;9.91;86.0;3.17;
2022-12-29 17:00:00;0.0;0.0;0.0;9.06;89.1;3.24;
2022-12-29 18:00:00;0.0;0.0;0.0;8.58;92.4;3.17;
2022-12-29 19:00:00;0.0;0.0;0.0;7.95;92.4;3.31;
2022-12-29 20:00:00;0.0;0.0;0.0;7.46;92.35;3.45;
2022-12-29 21:00:00;0.0;0.0;0.0;7.13;92.35;3.72;
2022-12-29 22:00:00;0.0;0.0;0.0;6.94;92.35;4.07;
2022-12-29 23:00:00;0.0;0.0;0.0;6.79;92.35;4.28;
2022-12-30 00:00:00;0.0;0.0;0.0;6.67;89.0;4.34;
2022-12-30 01:00:00;0.0;0.0;0.0;6.5;92.3;4.28;
2022-12-30 02:00:00;0.0;0.0;0.0;6.32;92.3;4.34;
2022-12-30 03:00:00;0.0;0.0;0.0;6.18;88.95;4.69;
2022-12-30 04:00:00;0.0;0.0;0.0;6.12;92.3;4.83;
2022-12-30 05:00:00;0.0;0.0;0.0;6.14;92.3;5.03;
2022-12-30 06:00:00;0.0;0.0;0.0;6.4;88.95;5.24;
2022-12-30 07:00:00;0.0;0.0;0.0;7.39;82.65;5.59;
2022-12-30 08:00:00;1.0;0.0;1.0;7.75;79.7;5.66;
2022-12-30 09:00:00;32.0;0.0;32.0;8.08;79.7;5.93;
2022-12-30 10:00:00;132.0;160.3;97.0;8.56;79.75;6.14;
2022-12-30 11:00:00;199.0;367.84;103.0;9.12;76.95;5.79;
2022-12-30 12:00:00;192.0;301.98;112.0;9.58;77.0;5.17;
2022-12-30 13:00:00;109.0;56.55;96.0;9.89;74.3;5.03;
2022-12-30 14:00:00;78.0;88.47;64.0;9.98;71.6;6.55;
2022-12-30 15:00:00;25.0;145.67;17.0;9.48;71.5;6.41;
2022-12-30 16:00:00;0.0;0.0;0.0;8.82;71.4;6.28;
2022-12-30 17:00:00;0.0;0.0;0.0;8.34;71.35;6.21;
2022-12-30 18:00:00;0.0;0.0;0.0;8.06;76.8;6.28;
2022-12-30 19:00:00;0.0;0.0;0.0;8.51;71.35;6.34;
2022-12-30 20:00:00;0.0;0.0;0.0;8.73;71.4;6.34;
2022-12-30 21:00:00;0.0;0.0;0.0;8.8;71.4;6.41;
2022-12-30 22:00:00;0.0;0.0;0.0;8.64;74.05;6.14;
2022-12-30 23:00:00;0.0;0.0;0.0;8.46;71.35;5.66;
2022-12-31 00:00:00;0.0;0.0;0.0;8.41;74.05;5.72;
2022-12-31 01:00:00;0.0;0.0;0.0;8.52;74.05;5.52;
2022-12-31 02:00:00;0.0;0.0;0.0;8.01;79.7;5.66;
2022-12-31 03:00:00;0.0;0.0;0.0;8.04;85.85;5.72;
2022-12-31 04:00:00;0.0;0.0;0.0;8.45;89.1;5.38;
2022-12-31 05:00:00;0.0;0.0;0.0;8.85;89.1;5.24;
2022-12-31 06:00:00;0.0;0.0;0.0;8.99;89.1;5.31;
2022-12-31 07:00:00;0.0;0.0;0.0;8.42;82.75;5.72;
2022-12-31 08:00:00;8.0;0.0;8.0;8.03;79.7;6.07;
2022-12-31 09:00:00;83.0;178.25;58.0;8.01;79.7;6.28;
2022-12-31 10:00:00;181.0;511.42;69.0;8.34;76.85;6.21;
2022-12-31 11:00:00;213.0;446.65;96.0;8.93;74.15;6.21;
2022-12-31 12:00:00;240.0;634.89;71.0;9.49;71.5;5.66;
2022-12-31 13:00:00;193.0;518.54;73.0;9.68;71.5;5.38;
2022-12-31 14:00:00;112.0;324.96;60.0;9.51;71.5;4.69;
2022-12-31 15:00:00;32.0;299.05;15.0;8.85;71.4;3.86;
2022-12-31 16:00:00;0.0;0.0;0.0;7.54;73.59;5.02;
2022-12-31 17:00:00;0.0;0.0;0.0;7.51;74.7;4.94;
2022-12-31 18:00:00;0.0;0.0;0.0;7.48;75.81;4.85;
2022-12-31 19:00:00;0.0;0.0;0.0;7.45;76.92;4.76;
2022-12-31 20:00:00;0.0;0.0;0.0;7.41;78.02;4.67;
2022-12-31 21:00:00;0.0;0.0;0.0;7.38;79.13;4.59;
2022-12-31 22:00:00;0.0;0.0;0.0;7.35;80.24;4.5;
2022-12-31 23:00:00;0.0;0.0;0.0;7.32;81.35;4.41;
