snapshot,NL,BE,DE
2013-01-01 00:00:00,4.335856986899819,22.135251662262142,37.74919010977095
2013-01-01 01:00:00,13.276070112758166,21.98664920730856,39.293930203993554
2013-01-01 02:00:00,19.040906408748583,22.5233763279762,41.368562054035834
2013-01-01 03:00:00,19.344339822253506,22.523374710249584,41.47859708252896
2013-01-01 04:00:00,23.607783291937285,26.98114405660533,43.8914438260489
2013-01-01 05:00:00,27.30960197686459,28.858953819690285,44.46742461642297
2013-01-01 06:00:00,31.82945567101005,31.897831041547814,49.143859440025984
2013-01-01 07:00:00,31.828596036452957,31.926834141278608,50.88380326126557
2013-01-01 08:00:00,31.721066413437665,31.962235357834068,49.45607212293471
2013-01-01 09:00:00,31.721064340574475,31.96224153338884,45.83552460946282
2013-01-01 10:00:00,31.72106579865485,32.31338211650732,45.55514949993287
2013-01-01 11:00:00,31.721064813996286,31.962240536990322,45.84121768346133
2013-01-01 12:00:00,31.72106520124138,31.962233992803895,50.30569258767526
2013-01-01 13:00:00,31.72106678129727,31.96223677289289,53.62147561453734
2013-01-01 14:00:00,37.33670282461841,39.11266616496103,57.61789612425515
2013-01-01 15:00:00,38.30149619403844,48.5915933837441,62.04499553079815
2013-01-01 16:00:00,38.192091427820436,48.59160108944222,62.35548194486027
2013-01-01 17:00:00,37.33671615249286,48.59160079824048,62.550342618811534
2013-01-01 18:00:00,37.336713121343536,48.59159998973753,62.48718491215033
2013-01-01 19:00:00,37.33671299254118,48.59159834663774,62.263424853482675
2013-01-01 20:00:00,37.336712533052804,48.5915975064905,60.70565943583626
2013-01-01 21:00:00,37.33671270183368,48.59159365571794,60.52989266702986
2013-01-01 22:00:00,37.336712835758775,52.15902277099717,61.064046505277844
2013-01-01 23:00:00,37.33671357293164,52.080995809016414,61.725345202588876
2013-01-02 00:00:00,42.18355578072879,52.77273368694455,61.96787345930765
2013-01-02 01:00:00,42.72235211202387,53.45326007164333,62.31050183449386
2013-01-02 02:00:00,45.111940341949094,54.130797152364636,62.8357896344177
2013-01-02 03:00:00,45.1119502617955,56.4968891519937,63.608738099171674
2013-01-02 04:00:00,45.11195065467293,58.61654892271849,65.7010464742585
2013-01-02 05:00:00,45.11195084354285,59.416048520589,65.78010351807912
2013-01-02 06:00:00,45.111951011542224,60.812854663143355,65.57567230738246
2013-01-02 07:00:00,43.73939218747319,61.16723468649414,64.15789703894785
2013-01-02 08:00:00,43.739392461304334,57.92013498495031,57.271987137175394
2013-01-02 09:00:00,43.739392094091905,53.74114227330604,52.874613004818094
2013-01-02 10:00:00,42.07873833821192,53.740275804823696,51.44883991411731
2013-01-02 11:00:00,43.73939154343462,53.74027559770393,53.20813957300232
2013-01-02 12:00:00,43.59670403987738,53.06621140574072,53.909687539774076
2013-01-02 13:00:00,42.980564551101736,50.817669953385376,54.31353632645672
2013-01-02 14:00:00,43.739391328795755,50.81768985321355,59.66740280402453
2013-01-02 15:00:00,43.73939158060235,54.608372285729445,69.12591781408652
2013-01-02 16:00:00,43.739390353810386,54.57810642720743,69.4310028208711
2013-01-02 17:00:00,39.29020790959808,51.41462790978021,68.9953548629894
2013-01-02 18:00:00,36.22494492443927,50.63691562253952,66.67586239852952
2013-01-02 19:00:00,32.62365579964359,48.59159179002435,65.09430306914119
2013-01-02 20:00:00,30.729172985094227,48.59153981279674,65.09427764305367
2013-01-02 21:00:00,20.90770287314777,45.82516896681577,64.4400546040616
2013-01-02 22:00:00,6.1144478184615965,41.81662657814482,51.8327988561639
2013-01-02 23:00:00,4.3361083235744795,41.508012866812905,50.929372792210714
2013-01-03 00:00:00,4.335873543808094,40.041929298359406,50.761572544798135
2013-01-03 01:00:00,4.335868153103121,32.122139013333516,49.136343837331005
2013-01-03 02:00:00,4.335868321045565,37.2529305432393,50.18923773941436
2013-01-03 03:00:00,4.335869601570717,41.816609293435036,50.917996935598445
2013-01-03 04:00:00,4.336602085143724,41.81662619206634,50.91799748269402
2013-01-03 05:00:00,13.276062665486538,41.816626866706116,50.922268777585806
2013-01-03 06:00:00,13.276063564404591,41.81662713829569,50.96203231147792
2013-01-03 07:00:00,13.276066586691105,41.81662808239683,51.49925958869202
2013-01-03 08:00:00,20.907669842503164,41.81670898641232,46.046677156869755
2013-01-03 09:00:00,13.27606588540407,41.81671317350347,44.47337173924966
2013-01-03 10:00:00,13.276077584794514,50.81766919545123,45.88477404733842
2013-01-03 11:00:00,13.276077277789359,50.817670263153275,47.016735733098436
2013-01-03 12:00:00,13.276077262092087,50.81766419640118,47.64049186838283
2013-01-03 13:00:00,20.91158904750607,58.18437691484317,50.740691692012
2013-01-03 14:00:00,20.915443686504638,63.290738209610495,53.54522747877727
2013-01-03 15:00:00,20.919301114152486,65.08905688333336,56.482550599949725
2013-01-03 16:00:00,54.07301862030383,65.08906128628547,57.158028776017844
2013-01-03 17:00:00,54.48426424081871,65.08906255045804,57.42967541456633
2013-01-03 18:00:00,55.470674819438706,65.08906346043415,57.113811189625515
2013-01-03 19:00:00,56.07956396846138,65.08906342780453,56.13479651104721
2013-01-03 20:00:00,57.108109679880364,65.08906370782776,61.693837694456235
2013-01-03 21:00:00,57.6408147868983,65.0890640220423,62.30045860258935
2013-01-03 22:00:00,58.122075570754824,65.08906578302499,62.29293537049659
2013-01-03 23:00:00,56.0795297499583,65.08906552018198,62.28933232852686
2013-01-04 00:00:00,56.07953603066121,65.08906563475654,56.077904593156745
2013-01-04 01:00:00,56.0794833286924,65.08906533621831,56.07671505368757
2013-01-04 02:00:00,54.354442630143,65.0890657012145,62.03056744964032
2013-01-04 03:00:00,54.35444219080161,65.08906649474616,61.62277965495046
2013-01-04 04:00:00,54.354442390084664,65.0890678881417,61.6227322002679
2013-01-04 05:00:00,54.35444249430595,65.08909772631353,62.240186360357725
2013-01-04 06:00:00,54.35444304004365,67.37042126527516,65.14186293256616
2013-01-04 07:00:00,54.48433951696029,67.99496597720542,65.5287956567449
2013-01-04 08:00:00,58.694183162198435,67.99496897859576,59.29303165358362
2013-01-04 09:00:00,58.694198108467525,67.9949698309837,50.749781169752005
2013-01-04 10:00:00,58.69433676298824,67.99497051541572,50.746219038438994
2013-01-04 11:00:00,58.694339141053,67.99497086595636,50.25137492767688
2013-01-04 12:00:00,58.70047770939182,67.99497162191838,50.211737180970836
2013-01-04 13:00:00,58.832618085807745,67.99498248520437,50.344308030195805
2013-01-04 14:00:00,59.67042109815336,70.18738710865289,56.539117279235775
2013-01-04 15:00:00,62.35730995367154,77.44839671689553,58.90540567898061
2013-01-04 16:00:00,62.35731088538745,78.15185080424405,58.96100822342189
2013-01-04 17:00:00,62.357311297114,78.42829864857217,58.99687252630758
2013-01-04 18:00:00,62.357311852988,78.42830492895878,59.03288181846144
2013-01-04 19:00:00,62.357312600838625,78.42831715281419,58.93158452939887
2013-01-04 20:00:00,62.357313562542835,78.624951844178,58.96635142416128
2013-01-04 21:00:00,62.357315630361086,78.62496197466537,58.966476305395226
2013-01-04 22:00:00,65.27369458729072,78.62496885263725,61.62063952376145
2013-01-04 23:00:00,66.12417851390927,78.62496986903311,64.41360008889731
2013-01-05 00:00:00,66.12418596409417,78.62497036275195,64.58733939438285
2013-01-05 01:00:00,66.12418855090644,78.62497118357946,68.20322395102234
2013-01-05 02:00:00,66.12419138536906,78.62497220137325,73.85120981853807
2013-01-05 03:00:00,66.12419874258063,78.62497434035377,79.40484715020976
2013-01-05 04:00:00,69.70864808119192,78.62499697736816,82.39881530508356
2013-01-05 05:00:00,77.88866763474485,82.28972317624644,84.08870033971367
2013-01-05 06:00:00,79.9431896557375,82.41034280017483,85.34000337345543
2013-01-05 07:00:00,80.6419272299326,82.87514300195707,90.27744188622857
2013-01-05 08:00:00,82.1125654187536,85.01698038880498,92.50662176089448
2013-01-05 09:00:00,83.29536678643044,85.62290032958101,93.31023581071983
2013-01-05 10:00:00,84.91432644064147,87.32408550328282,94.62471351533551
2013-01-05 11:00:00,85.76961991129218,88.019119394881,96.635666189631
2013-01-05 12:00:00,86.12136286950644,88.01917951960304,97.51764422499988
2013-01-05 13:00:00,87.5670753546232,89.1471764903817,98.76074652781648
2013-01-05 14:00:00,95.8457008446273,96.71945973642418,103.65494108284894
2013-01-05 15:00:00,98.57517439564036,105.36554120725997,110.25752306630001
2013-01-05 16:00:00,98.575175362881,105.50108078803649,111.20528920226481
2013-01-05 17:00:00,98.57517537469326,105.99986588641518,112.27786513683743
2013-01-05 18:00:00,98.57517440772298,105.3656150221896,112.80515559938289
2013-01-05 19:00:00,80.64192972090777,99.73562900142187,111.54121230498497
2013-01-05 20:00:00,80.64192929084903,99.6400408435928,111.81425924068994
2013-01-05 21:00:00,80.64192930059967,99.63977020255065,111.81403247601911
2013-01-05 22:00:00,80.6419292995217,98.38729046121047,111.58224372401479
2013-01-05 23:00:00,80.64192933824603,90.64023241073662,104.92042695823669
2013-01-06 00:00:00,80.64192933583608,90.64749435755081,102.98322157622866
2013-01-06 01:00:00,80.64192926578315,88.72769333914793,102.28030384450415
2013-01-06 02:00:00,80.6419292536748,88.01923721614226,101.9913599561668
2013-01-06 03:00:00,80.64192952261912,88.01917673511024,100.5656113904702
2013-01-06 04:00:00,80.64192950115579,88.01917689568083,100.67314079605899
2013-01-06 05:00:00,80.6419295393783,88.01917477730052,100.54340782325524
2013-01-06 06:00:00,80.64192949976432,88.01917567192311,100.25170873109755
2013-01-06 07:00:00,80.64192952016431,88.01917611840915,100.33698490695703
2013-01-06 08:00:00,80.64192947938889,88.01917719111711,99.0719143350277
2013-01-06 09:00:00,80.64192940864363,88.01917623743718,98.74278540068275
2013-01-06 10:00:00,80.64192993505898,88.01917567400235,98.58863116190611
2013-01-06 11:00:00,80.64193034068757,88.01917605074449,97.84087385128942
2013-01-06 12:00:00,80.64193070191328,87.25560703955937,97.34368880511596
2013-01-06 13:00:00,82.00373629628017,89.63191900106938,98.81097107835525
2013-01-06 14:00:00,84.88982609215209,92.60604760085161,103.65724721984176
2013-01-06 15:00:00,156.59465637923785,156.3937954595941,149.4476011917962
2013-01-06 16:00:00,187.06399402777456,191.4072552783527,163.5824497586873
2013-01-06 17:00:00,192.66420137702465,198.53599680257614,168.19828912044423
2013-01-06 18:00:00,206.80696630880163,212.5580908297673,178.67213298009733
2013-01-06 19:00:00,211.88786394619268,212.55811781044076,181.6423823359411
2013-01-06 20:00:00,213.50986189550827,212.5581213069217,192.66233857287529
2013-01-06 21:00:00,205.2945020575856,212.5581255701637,217.03528869655713
2013-01-06 22:00:00,201.0949350763705,212.5581390796946,220.49590517761385
2013-01-06 23:00:00,201.0949551573007,212.5581620638274,220.4960167195727
2013-01-07 00:00:00,201.09492177043802,212.5581286543406,222.11612968903842
2013-01-07 01:00:00,200.97059246226158,212.5581279168443,225.66361825623937
2013-01-07 02:00:00,203.2234292566105,214.8130286956286,228.34009844058124
2013-01-07 03:00:00,205.8792779582878,216.8747749093842,232.10329742828569
2013-01-07 04:00:00,209.41778432980482,220.01438544538843,237.24384934252944
2013-01-07 05:00:00,211.61759000845103,222.47696167826558,240.04679736196883
2013-01-07 06:00:00,213.80245886715534,226.9251540483234,242.81516543097993
2013-01-07 07:00:00,98.57517853087471,229.74528621393503,243.0637723902363
2013-01-07 08:00:00,98.57517851923687,216.8747371016423,241.8174824798105
2013-01-07 09:00:00,98.57517832539624,212.76914990299915,233.06791195210573
2013-01-07 10:00:00,98.57517687832163,212.76914964765749,232.52407772516327
2013-01-07 11:00:00,80.64194025656775,212.7691495960175,231.51797819352802
2013-01-07 12:00:00,98.57508746192597,212.76914482101813,231.26458613413695
2013-01-07 13:00:00,80.64193325312571,212.76914552021614,230.96900811384654
2013-01-07 14:00:00,80.64193240055863,212.76915532387503,231.41669809178268
2013-01-07 15:00:00,80.6419317259944,223.7134956897105,238.59351028376042
2013-01-07 16:00:00,80.64193160149821,225.8506985907275,240.39592614422122
2013-01-07 17:00:00,80.64193159921665,225.26994995577203,239.7552934369461
2013-01-07 18:00:00,80.6419315995331,216.87474230035048,234.32218346765512
2013-01-07 19:00:00,80.64193161268088,212.76915134517583,231.86851548353343
2013-01-07 20:00:00,80.6419316277177,212.7691458255045,230.86781848571732
2013-01-07 21:00:00,80.64193163525381,212.7691459968224,230.86784495375173
2013-01-07 22:00:00,80.64193162999824,212.7691459673093,230.8678180609713
2013-01-07 23:00:00,80.6419316332659,212.76914498933056,230.86781418244493
2013-01-08 00:00:00,80.64193161421571,212.76914401432188,230.86781369672278
2013-01-08 01:00:00,80.64193162504377,212.76914380344672,230.86781361712124
2013-01-08 02:00:00,80.64193165185188,212.76914367966637,230.8678138204371
2013-01-08 03:00:00,80.6419317062804,212.76914393836864,230.86781753077605
2013-01-08 04:00:00,80.6419317634792,212.7691448539809,230.86781483184842
2013-01-08 05:00:00,80.64193181078114,212.76914537235908,230.8682573233518
2013-01-08 06:00:00,80.64193185264324,212.7691529627719,230.86825335785994
2013-01-08 07:00:00,80.64193191819325,213.04178585958735,230.91752215201834
2013-01-08 08:00:00,80.64193206303358,213.04179653552163,230.9237592649618
2013-01-08 09:00:00,80.64193222910788,213.0417945833347,230.4154753226308
2013-01-08 10:00:00,80.64193241632242,213.04180249590095,230.68647634845217
2013-01-08 11:00:00,80.64193217562429,213.04180475046329,230.689251766849
2013-01-08 12:00:00,80.64193218213424,213.04180714724575,231.07764755809032
2013-01-08 13:00:00,80.64193235105324,213.04181867060075,231.1763830316484
2013-01-08 14:00:00,80.64193277840769,216.8747193457036,234.7861880527225
2013-01-08 15:00:00,80.64193471714889,216.87473144329942,240.4536121016292
2013-01-08 16:00:00,98.5751682937975,216.8747327278576,241.43261062020593
2013-01-08 17:00:00,98.575178933942,216.87470945714577,241.25832305614583
2013-01-08 18:00:00,81.7799667848395,213.04182431214412,241.31106395430143
2013-01-08 19:00:00,80.6419346536281,213.04181735223537,241.26980700252653
2013-01-08 20:00:00,80.64193631333788,213.04181725683432,239.29310063215019
2013-01-08 21:00:00,80.64193504962468,213.041821287199,238.52769140117272
2013-01-08 22:00:00,80.6419501259097,213.04182001510097,232.42623697129284
2013-01-08 23:00:00,80.64193520534235,213.04181466331877,232.40614235802104
2013-01-09 00:00:00,80.64193331966949,213.04181339133766,232.4061425097937
2013-01-09 01:00:00,80.64193270428403,213.04181134044387,231.83618826538006
2013-01-09 02:00:00,80.64193261505282,213.0418078004642,231.83617501687468
2013-01-09 03:00:00,80.64193276338477,213.04180816245548,231.42741928085172
2013-01-09 04:00:00,80.64193291318055,213.04181095927265,231.4153008189735
2013-01-09 05:00:00,80.64193296347219,213.04181298229543,231.32290593060785
2013-01-09 06:00:00,80.64193282169241,213.04181226558575,231.31417994931076
2013-01-09 07:00:00,80.64193269014316,213.04180342418752,203.69728284689472
2013-01-09 08:00:00,80.64193263324728,207.84535424883197,200.3421162555262
2013-01-09 09:00:00,80.64193262223944,195.79023958109005,186.27616492856941
2013-01-09 10:00:00,80.6419357279001,195.82429404929644,184.01315034183006
2013-01-09 11:00:00,84.2136518389025,190.3692902652448,172.92885609598673
2013-01-09 12:00:00,92.178148864899,195.81186259880334,172.18892829379604
2013-01-09 13:00:00,98.79289910843168,202.9975383845829,178.27773115792425
2013-01-09 14:00:00,120.98377450295376,215.09289158190447,186.66871645570188
2013-01-09 15:00:00,120.98377889373552,216.87472560375315,192.24133648327754
2013-01-09 16:00:00,120.98377910086194,223.69335956268634,192.03615623799396
2013-01-09 17:00:00,120.98377913030662,221.61792620074704,192.15611006177326
2013-01-09 18:00:00,120.98377910247574,221.17756617895856,192.40823866094243
2013-01-09 19:00:00,120.98377894808516,220.1888360891672,191.45672451177813
2013-01-09 20:00:00,120.9837784770734,220.4250880822114,190.5921628423021
2013-01-09 21:00:00,120.98376711457405,218.47823221448562,188.39490778873488
2013-01-09 22:00:00,98.79289861388743,217.53690742280853,188.38406501680606
2013-01-09 23:00:00,98.79289823468166,215.0929563516525,187.7496570930359
2013-01-10 00:00:00,82.72773712875771,215.092956118777,187.7042294373124
2013-01-10 01:00:00,80.64193334230076,215.0929559668309,187.32760639471536
2013-01-10 02:00:00,80.64193273892637,215.0929563061024,174.2031662050314
2013-01-10 03:00:00,98.7928855759117,215.09295802005363,174.463627268241
2013-01-10 04:00:00,98.79289742361125,215.09295585736115,171.71476039403805
2013-01-10 05:00:00,98.7928980195756,215.09295589948346,172.07125814746203
2013-01-10 06:00:00,98.79289927413193,215.09295580510516,177.89387622957463
2013-01-10 07:00:00,102.50426389416478,217.56632475389023,178.96226815766778
2013-01-10 08:00:00,102.5042812489269,216.87473008259212,178.1587062367624
2013-01-10 09:00:00,83.824477071307,208.621964384753,164.2761412104668
2013-01-10 10:00:00,80.64193308884926,202.4623110696486,154.28267829719857
2013-01-10 11:00:00,80.64193270512716,201.90205483381376,145.6991192946471
2013-01-10 12:00:00,80.64193275326765,202.462309632486,157.7797823438044
2013-01-10 13:00:00,80.64193273820025,203.3142634101744,170.77427744551983
2013-01-10 14:00:00,82.72772509819143,212.87285618470415,206.79782907781953
2013-01-10 15:00:00,83.82451235432679,223.69336188570438,222.8852897609562
2013-01-10 16:00:00,84.21357005112985,223.693365516897,223.32617929272897
2013-01-10 17:00:00,83.82452680230256,223.69336585961483,223.38410901147438
2013-01-10 18:00:00,83.82451074858282,220.28080729608035,224.36557058481503
2013-01-10 19:00:00,80.64193375466331,216.874889526835,224.39416993755987
2013-01-10 20:00:00,83.82430911856675,216.87488611201022,224.25933896178122
2013-01-10 21:00:00,83.82452381795068,216.8748823890037,224.34239517974402
2013-01-10 22:00:00,199.1038814492264,216.87488424733658,224.65809088480384
2013-01-10 23:00:00,201.49121073062003,216.87488244435283,224.59101777907983
2013-01-11 00:00:00,204.09982664781148,217.27012950551276,224.78855013325253
2013-01-11 01:00:00,204.78623393195795,217.77755339321575,224.8003810446051
2013-01-11 02:00:00,206.74685514289527,217.77758363624088,225.00649021542696
2013-01-11 03:00:00,208.80201036987913,218.0637469538696,224.8613812315166
2013-01-11 04:00:00,221.3529276908129,223.6933665230336,226.52799342288213
2013-01-11 05:00:00,226.98818021599666,225.54199521410715,228.19354533426886
2013-01-11 06:00:00,229.41870401415375,229.75095576934382,229.26507710820076
2013-01-11 07:00:00,231.49063939426415,234.86498964967257,229.67220491065848
2013-01-11 08:00:00,228.577106253374,227.10281023656387,229.06643509077446
2013-01-11 09:00:00,226.98817905380653,225.5419937426757,225.89203528491555
2013-01-11 10:00:00,226.98817924564224,225.54199387730617,225.8701494932073
2013-01-11 11:00:00,226.9881792014887,225.54199329880316,226.91949578634683
2013-01-11 12:00:00,226.9881803122347,225.54199643271772,229.2644224878088
2013-01-11 13:00:00,228.23436459061804,226.76613552645625,231.1757882326048
2013-01-11 14:00:00,228.47445133470003,227.00197174564966,233.2087771722776
2013-01-11 15:00:00,231.27288848054997,229.7508943421851,234.60478799952048
2013-01-11 16:00:00,233.82836487241102,230.04797124981047,234.99650501072108
2013-01-11 17:00:00,233.82836625521736,229.75095165303554,235.44704279366834
2013-01-11 18:00:00,233.82836661201893,228.91654992720754,235.66713259446425
2013-01-11 19:00:00,233.82836667734793,226.91785366083448,234.94467820043084
2013-01-11 20:00:00,233.8283640940061,228.06955552129912,234.55430201810637
2013-01-11 21:00:00,233.24018089871927,228.2598514214027,233.7723610880905
2013-01-11 22:00:00,233.79882057631633,226.86730670418885,233.38177549829499
2013-01-11 23:00:00,231.78389238959554,226.85045524496167,233.1317646752912
2013-01-12 00:00:00,228.4380213062558,226.83359950235536,232.8717158181582
2013-01-12 01:00:00,228.28587463853682,226.81673746289226,232.85235446700915
2013-01-12 02:00:00,226.98818094374062,226.76687897609852,234.0168873167239
2013-01-12 03:00:00,226.98817993593252,226.76688148138405,234.85694099679773
2013-01-12 04:00:00,226.98817978659767,226.76687766246312,234.85257526838677
2013-01-12 05:00:00,226.9881797028385,226.76687734638196,234.91789297302478
2013-01-12 06:00:00,226.98817967368365,226.76687817857916,234.7170128001365
2013-01-12 07:00:00,211.68776014380995,216.87472227168885,234.6162679805567
2013-01-12 08:00:00,195.20625418359407,195.72140504028155,226.14666552659133
2013-01-12 09:00:00,85.04892664845947,92.20265962830203,221.53320848600924
2013-01-12 10:00:00,179.70730313262024,150.0748459357532,225.4195980869481
2013-01-12 11:00:00,165.60566951131847,102.99188192629148,226.09824344219146
2013-01-12 12:00:00,165.31899586906832,102.03469656066873,226.51562204246972
2013-01-12 13:00:00,179.7073176029364,156.98877454157326,226.80015654254663
2013-01-12 14:00:00,182.1606978485409,168.48827909934585,229.70107978147408
2013-01-12 15:00:00,194.9357526045263,178.43718773838884,233.38201616620506
2013-01-12 16:00:00,194.9518722323647,178.40878997526715,233.34040826238981
2013-01-12 17:00:00,189.72861137156036,178.35776728519622,233.09694284183152
2013-01-12 18:00:00,179.70730854926973,178.3577650150283,233.05054359983524
2013-01-12 19:00:00,155.52321137169403,178.35776485055388,233.0062503214167
2013-01-12 20:00:00,179.70730168427133,178.35776666310878,229.94220867749107
2013-01-12 21:00:00,179.70730963532475,178.35776705706573,226.8420572686847
2013-01-12 22:00:00,179.70730875018336,180.66932769630648,226.7121447926951
2013-01-12 23:00:00,179.70731010032952,180.66933123238317,226.7267484901014
2013-01-13 00:00:00,179.70731065657074,180.66932925821067,226.71212786276675
2013-01-13 01:00:00,179.7073116042013,179.52689426420616,226.71216260391617
2013-01-13 02:00:00,179.70734430318862,179.32237277382575,226.7157120276587
2013-01-13 03:00:00,188.51187264715674,178.35776843658803,227.0662936287606
2013-01-13 04:00:00,188.40285038419654,178.3577711529439,226.96096593953163
2013-01-13 05:00:00,188.58176673839696,178.35777790080604,227.14417920242192
2013-01-13 06:00:00,187.88683309231317,178.35777184580397,226.91740637657858
2013-01-13 07:00:00,188.3258675572007,179.0071485008991,226.76035640641808
2013-01-13 08:00:00,187.10750812248776,178.35776875460368,226.71211699913476
2013-01-13 09:00:00,179.70731495728108,175.0178073657299,226.71211400357876
2013-01-13 10:00:00,179.70731728961505,175.01780453355357,226.67278612484998
2013-01-13 11:00:00,182.16069284889224,176.2133736238146,226.6726380315755
2013-01-13 12:00:00,184.6483833556895,178.48887799332695,226.7121165137734
2013-01-13 13:00:00,190.56701260705879,182.41411516742386,227.76624553448033
2013-01-13 14:00:00,216.09453949534435,208.0645908160303,232.25354702303025
2013-01-13 15:00:00,219.1711671266924,223.69330768066587,234.7874449448219
2013-01-13 16:00:00,222.06057891176656,223.69336802675318,234.76401755374218
2013-01-13 17:00:00,225.10625957428257,223.69336739042632,234.9063776612523
2013-01-13 18:00:00,225.10626951497585,223.69337191191764,234.67691367206544
2013-01-13 19:00:00,226.16911447006942,223.69372076484558,234.31766157029975
2013-01-13 20:00:00,226.15775304588462,223.69337807029206,234.16784764010814
2013-01-13 21:00:00,225.1062626510978,223.69336721201722,234.1552780724796
2013-01-13 22:00:00,219.17117213809738,223.69336668969356,233.69483672529043
2013-01-13 23:00:00,219.17117027374817,223.69336692216032,233.69482616601192
2013-01-14 00:00:00,219.2283794344184,223.69336730547585,233.6948260369885
2013-01-14 01:00:00,222.23449344914204,223.6933677473914,233.75624875668333
2013-01-14 02:00:00,225.28263728053133,223.86661586848416,233.7881950552196
2013-01-14 03:00:00,228.83602014706872,225.96879901784712,234.21597993699606
2013-01-14 04:00:00,231.97649659077348,225.95174338111335,234.82066343746942
2013-01-14 05:00:00,233.82837178152047,226.7708302625481,235.63084699537632
2013-01-14 06:00:00,236.28843443257318,230.07144044268276,237.69375310527695
2013-01-14 07:00:00,234.4705466006615,226.4881749823958,235.95944843284798
2013-01-14 08:00:00,234.47053263340317,225.88346756818376,233.67411054302374
2013-01-14 09:00:00,209.70253700324878,216.87475687342672,233.181084123112
2013-01-14 10:00:00,209.14254213016108,216.8747371259117,232.05405908383756
2013-01-14 11:00:00,209.16510391538372,216.87473565325342,232.18353111735644
2013-01-14 12:00:00,209.1461081600823,216.87473079519685,232.06110698907196
2013-01-14 13:00:00,209.50984603634663,216.87473251069622,232.92028793902642
2013-01-14 14:00:00,209.7025246248184,216.87474019409802,235.1567882680608
2013-01-14 15:00:00,212.57540943981812,221.92573898056023,236.05639260652902
2013-01-14 16:00:00,213.70858612274952,225.74671837756992,236.20486208116256
2013-01-14 17:00:00,190.9456815719223,216.8747372743498,236.58319681285772
2013-01-14 18:00:00,91.41605484356687,216.8745555097,237.46668273562773
2013-01-14 19:00:00,80.64193303835734,153.40449121872476,236.83527451392035
2013-01-14 20:00:00,80.6419327341336,110.10453398547884,236.25367239242428
2013-01-14 21:00:00,80.64193268306241,95.16682065942828,236.1808291500406
2013-01-14 22:00:00,80.64193289022542,108.13626330153882,236.15803853242633
2013-01-14 23:00:00,80.64193279088768,108.13652717444977,236.15803836276154
2013-01-15 00:00:00,80.64193276964839,110.10454503122008,236.1580389323641
2013-01-15 01:00:00,80.6419329941732,110.10454963161685,236.15804262486188
2013-01-15 02:00:00,84.31444142503061,110.1046143725407,237.15962795073247
2013-01-15 03:00:00,190.71717773391936,216.87467712237773,237.60371995054822
2013-01-15 04:00:00,209.53330109399434,216.87473786001624,238.7922934847836
2013-01-15 05:00:00,212.40381936720766,219.83216991296825,240.59769004971497
2013-01-15 06:00:00,215.31448305053922,225.69060779572337,242.51736541765163
2013-01-15 07:00:00,218.26585372013275,228.21694618567255,242.60138750462494
2013-01-15 08:00:00,219.9076654073726,228.21694866390862,239.4202855654754
2013-01-15 09:00:00,222.9232598744734,228.21694952538067,238.7900169907222
2013-01-15 10:00:00,222.92330242553166,228.2169568596661,238.79321756743335
2013-01-15 11:00:00,225.9810370904109,228.97477964737513,239.21210836252294
2013-01-15 12:00:00,229.08158738520845,228.97480420143197,239.79666772449815
2013-01-15 13:00:00,232.2255020391924,228.97481093693304,242.14419437324133
2013-01-15 14:00:00,232.27564873561712,230.39826895073523,244.93686460503238
2013-01-15 15:00:00,232.6527556226585,231.51127513829255,247.5945362016035
2013-01-15 16:00:00,233.82836707719247,231.51127893739348,248.65973561095822
2013-01-15 17:00:00,233.8283638888295,231.51127519983686,248.8963084800611
2013-01-15 18:00:00,232.43252807851957,231.71315156035422,249.16373376643915
2013-01-15 19:00:00,232.33257562697608,231.6956582042535,249.02473227541097
2013-01-15 20:00:00,232.32715685539097,231.67815142370318,248.18949743260674
2013-01-15 21:00:00,232.27564794872774,231.51130858014636,245.5030314985612
2013-01-15 22:00:00,232.27564902858697,231.51128067313604,245.5453891206381
2013-01-15 23:00:00,232.27564914050328,231.5112804951975,245.54536624237045
2013-01-16 00:00:00,232.2756492356991,231.51128104610913,245.5453309212067
2013-01-16 01:00:00,232.27564960236245,231.51128242658936,245.5453851766274
2013-01-16 02:00:00,232.27565141602176,231.51128298875312,245.54538930840292
2013-01-16 03:00:00,233.671477471091,232.30600889908317,246.78132456818918
2013-01-16 04:00:00,235.19438656445166,235.51862744660076,249.81374367406517
2013-01-16 05:00:00,236.88102245410298,235.80341843225708,252.3957478781591
2013-01-16 06:00:00,239.81602289534604,238.14291155223793,255.75769973593754
2013-01-16 07:00:00,241.53061373407573,240.24709786680052,257.1853088775775
2013-01-16 08:00:00,234.649938002664,236.50885590762422,244.4178321835734
2013-01-16 09:00:00,233.82836569332187,235.51864238905193,243.49296090492444
2013-01-16 10:00:00,233.82836586381202,235.51864161103632,243.98022509461882
2013-01-16 11:00:00,233.82836611168005,235.518634875062,243.55957435720225
2013-01-16 12:00:00,233.8283671161617,235.5186345469757,243.39533669460295
2013-01-16 13:00:00,233.8283705770277,235.51863508022097,243.40941180522196
2013-01-16 14:00:00,233.8580309925467,235.51864347966256,245.15756506144726
2013-01-16 15:00:00,237.01157152610867,237.95836008959506,249.0476871854333
2013-01-16 16:00:00,236.97003416716512,236.98846172093238,249.27914575555602
2013-01-16 17:00:00,237.00096318098295,237.40034008294268,249.21698381992383
2013-01-16 18:00:00,237.12320489094554,238.9245059028754,247.6452691338786
2013-01-16 19:00:00,236.0727031697352,239.09690819307676,244.244059720869
2013-01-16 20:00:00,236.0567901506687,238.14288918879754,243.28160927895567
2013-01-16 21:00:00,234.11172526408225,237.17552906036298,243.06607818000396
2013-01-16 22:00:00,233.82836901284864,236.50883562368992,243.01092712149898
2013-01-16 23:00:00,233.82836679621252,235.51864576596313,243.10436443325796
2013-01-17 00:00:00,233.82836676849072,235.5186452362805,243.100644016694
2013-01-17 01:00:00,233.82836677390338,235.518645255693,243.14026814821318
2013-01-17 02:00:00,233.82836691239802,235.518645159079,243.14708884791244
2013-01-17 03:00:00,233.82836782113196,235.5186449181097,243.08292530136364
2013-01-17 04:00:00,235.9134291940776,235.5186448136982,243.33542484718524
2013-01-17 05:00:00,235.9134398264694,235.5186475163638,243.33440462972828
2013-01-17 06:00:00,235.89749849277845,235.5186456147378,243.33211970769744
2013-01-17 07:00:00,235.88154177115243,235.77131554974108,238.20680025681233
2013-01-17 08:00:00,233.82837323475715,224.64363000548784,232.73655642678966
2013-01-17 09:00:00,233.82836701738646,224.62625012050395,232.15426079520722
2013-01-17 10:00:00,233.82836097869767,224.60889037896212,232.38571199148953
2013-01-17 11:00:00,226.32308536074808,224.59149828844224,232.37998163262657
2013-01-17 12:00:00,229.42841702591875,224.57414071020284,232.18673267542272
2013-01-17 13:00:00,232.5771812647055,224.55676049908257,233.01089725029738
2013-01-17 14:00:00,235.76971422426777,224.55673587241725,234.8463550221419
2013-01-17 15:00:00,235.7538050758173,224.55676364741163,236.64375771282357
2013-01-17 16:00:00,235.73782113714742,225.95806944163692,236.45065844339348
2013-01-17 17:00:00,235.72182154773546,224.5567646546658,234.9006913721063
2013-01-17 18:00:00,233.82836830499645,224.55675920808827,232.97892524779124
2013-01-17 19:00:00,226.91339777422837,224.55675894660092,232.90989362855635
2013-01-17 20:00:00,226.52773924778805,224.5567590519963,232.82045176171084
2013-01-17 21:00:00,223.67042014210855,224.55675656408434,232.34645011501135
2013-01-17 22:00:00,223.7181164352266,224.556757810521,232.34287578193332
2013-01-17 23:00:00,212.42070909464618,224.4001419423335,232.34287426774645
2013-01-18 00:00:00,212.38737913622668,224.36529512933225,232.33572006853294
2013-01-18 01:00:00,212.38737796553514,224.36529661017175,232.3320331925063
2013-01-18 02:00:00,212.35403214979806,224.33042950468123,232.3285273040312
2013-01-18 03:00:00,80.64193340975515,224.31298073038542,231.71536907252326
2013-01-18 04:00:00,80.64193200636444,216.87473317008073,230.17098886576912
2013-01-18 05:00:00,80.64193191211321,216.03159570595835,230.58924603994575
2013-01-18 06:00:00,80.64193185609214,216.01410435582503,230.5783926741854
2013-01-18 07:00:00,80.64193176223962,118.60831440033888,206.18640802538954
2013-01-18 08:00:00,80.64193167777255,107.59932296902412,192.25962245618624
2013-01-18 09:00:00,80.64193137495447,97.34496416655406,187.19375539715452
2013-01-18 10:00:00,80.64193133011074,97.34496286178975,175.03756515712297
2013-01-18 11:00:00,80.6419307362787,97.34495911036049,174.20493654453864
2013-01-18 12:00:00,79.9433985284626,89.05479865813912,175.3226486477674
2013-01-18 13:00:00,80.64193040982461,94.05748425650084,180.5605983817103
2013-01-18 14:00:00,80.64193121874166,97.34496005828142,185.15902897023557
2013-01-18 15:00:00,80.6419312364611,97.37833385311649,190.13469604999668
2013-01-18 16:00:00,80.64193127398448,97.34501333340243,191.08396528220274
2013-01-18 17:00:00,80.64192188372532,97.67385029516937,187.7532260501664
2013-01-18 18:00:00,79.94332517530079,94.50613139199702,166.76874158596206
2013-01-18 19:00:00,75.23969397890613,92.3052664178013,166.65981486829983
2013-01-18 20:00:00,75.23969209043206,92.32224037397559,166.35952903053155
2013-01-18 21:00:00,75.23969463051975,92.04512483326842,166.07757793718457
2013-01-18 22:00:00,75.23969544282787,98.04623703104902,166.11098822649086
2013-01-18 23:00:00,75.23969419492498,98.53428769061448,166.11584434991937
2013-01-19 00:00:00,75.23968803547608,98.49599028662465,165.98727345552643
2013-01-19 01:00:00,75.23969304574555,97.3449622355617,165.7702687736512
2013-01-19 02:00:00,75.23969480159528,97.34487150427736,165.68497736326864
2013-01-19 03:00:00,75.23969453594567,91.69409605140252,164.29532688271877
2013-01-19 04:00:00,75.23969239926238,91.69406731618824,164.29530055929484
2013-01-19 05:00:00,75.23968985087605,90.57681805515521,163.71054403386566
2013-01-19 06:00:00,75.23968845260146,90.58309772732078,164.5714228353089
2013-01-19 07:00:00,72.06013237212193,82.38806265341438,156.52845635058745
2013-01-19 08:00:00,72.06013122186862,82.38806151834314,153.56714663755935
2013-01-19 09:00:00,72.06012741662869,82.38806161837887,153.44597740311897
2013-01-19 10:00:00,72.06013369912282,82.38806215817881,153.40019827312173
2013-01-19 11:00:00,72.06015173084164,82.38806172364467,153.32336263193417
2013-01-19 12:00:00,72.06013226125064,82.3880616282572,153.35572614748094
2013-01-19 13:00:00,72.06013041943271,82.38806200514215,153.30980552010269
2013-01-19 14:00:00,72.06013044044202,82.38806304573487,153.41722650383025
2013-01-19 15:00:00,72.06043040082542,82.38806360546049,154.79034492045406
2013-01-19 16:00:00,73.00827845688201,82.38806295808554,156.4312132036142
2013-01-19 17:00:00,73.9693767126992,82.38806230272876,156.90996155434203
2013-01-19 18:00:00,74.86364360783452,82.38806757509755,155.87493361017582
2013-01-19 19:00:00,74.95915513723645,82.38806357487672,154.28661096486712
2013-01-19 20:00:00,72.0601534095485,82.38806177375191,153.6367187548754
2013-01-19 21:00:00,72.06013150704952,82.38806149329045,153.63595596845425
2013-01-19 22:00:00,72.06013006232172,82.38806200699649,153.6113351599139
2013-01-19 23:00:00,72.06012975435344,82.38806170095145,153.5467639931308
2013-01-20 00:00:00,72.06012966517416,82.38806184070323,153.61133909448546
2013-01-20 01:00:00,72.06012910616823,82.38806151381323,153.61134440475882
2013-01-20 02:00:00,72.06012852349738,82.38806120562042,153.56998658789206
2013-01-20 03:00:00,72.0601283081354,82.38806117368613,153.60356206530525
2013-01-20 04:00:00,72.0601285634709,82.38806122623077,153.63664843328317
2013-01-20 05:00:00,72.06012771674902,82.38806131877931,153.63665223670608
2013-01-20 06:00:00,72.06012666251392,82.38806137571345,153.63665121099697
2013-01-20 07:00:00,70.55696428677545,82.38806123105559,153.63665276262435
2013-01-20 08:00:00,67.55292199396523,82.38806108201334,153.3961197337503
2013-01-20 09:00:00,67.55291971128516,82.38806135065954,151.460233212757
2013-01-20 10:00:00,13.276073076852686,82.3880738022019,152.67418324156998
2013-01-20 11:00:00,13.276055827301356,82.40164372900159,152.5768198570714
2013-01-20 12:00:00,13.276067580906552,82.40164524530975,152.21507692937433
2013-01-20 13:00:00,13.27607005506744,82.40164627389585,153.473160936034
2013-01-20 14:00:00,13.276079726366891,82.40164685010478,151.57154124096107
2013-01-20 15:00:00,61.10806025624574,82.40167646009883,158.34631792944333
2013-01-20 16:00:00,52.20694123070185,82.40164448471094,155.37722283952158
2013-01-20 17:00:00,48.62846418394972,82.40075755808783,154.7608225143236
2013-01-20 18:00:00,13.276060046594104,82.38806102656991,146.73270198214882
2013-01-20 19:00:00,4.336102182540932,82.38806115027342,143.94325836052917
2013-01-20 20:00:00,4.336104136231255,82.38806147178191,143.57089622987314
2013-01-20 21:00:00,13.276057504737754,82.38806180517105,143.57353629075575
2013-01-20 22:00:00,56.89207312799337,83.44885998177716,148.55864791091685
2013-01-20 23:00:00,55.28377114299771,82.40158818743541,144.36376394069964
2013-01-21 00:00:00,57.276801636117455,82.40162984310206,143.5857850851554
2013-01-21 01:00:00,71.73265082789285,82.40164986477797,143.5857974161059
2013-01-21 02:00:00,72.75425871727694,86.97139593003897,150.66214378426525
2013-01-21 03:00:00,73.71195801551657,92.34754588888909,153.88824239184927
2013-01-21 04:00:00,79.58879235835032,96.46252595060744,156.35404798101098
2013-01-21 05:00:00,80.64193076366702,99.79387047745345,158.49856827261272
2013-01-21 06:00:00,80.64193097741995,120.867991892214,154.06725688418547
2013-01-21 07:00:00,80.64193096993736,120.86791769767578,155.82087047465052
2013-01-21 08:00:00,80.64193098025993,120.41403508451582,152.1038353559312
2013-01-21 09:00:00,80.64193100163547,122.00303766794451,156.1796090323815
2013-01-21 10:00:00,80.64193108090059,106.58590527568549,137.1287671815897
2013-01-21 11:00:00,80.64193109649298,124.71401927841454,139.27714037536836
2013-01-21 12:00:00,80.64193109654546,124.51107289063745,138.79864888052325
2013-01-21 13:00:00,80.64193109727997,134.89787749296013,148.4791471573467
2013-01-21 14:00:00,80.64193109474822,146.17355984917583,154.51512751831245
2013-01-21 15:00:00,80.64193108793334,149.7385196356317,165.88914561349583
2013-01-21 16:00:00,80.6419310670368,149.73852226820483,159.22049581064968
2013-01-21 17:00:00,80.64193104777664,149.7385216328792,159.8894156683413
2013-01-21 18:00:00,80.64193105730318,149.73852332309286,160.85064882615438
2013-01-21 19:00:00,80.64193107297523,149.738524682309,160.7184732368388
2013-01-21 20:00:00,80.64193109140024,149.73852624085737,160.70141757467073
2013-01-21 21:00:00,80.64193111069463,149.73852828310382,160.91068032125185
2013-01-21 22:00:00,80.64193114971133,149.73852633560614,172.87802018859094
2013-01-21 23:00:00,80.64193116227506,149.73852684745876,173.09292789557162
2013-01-22 00:00:00,80.64193116984555,149.73852825351196,175.1808494267499
2013-01-22 01:00:00,80.64193117232666,149.73852915576393,176.24783993989388
2013-01-22 02:00:00,80.64193117646117,149.73853006332143,178.73814298958382
2013-01-22 03:00:00,80.64193119007884,149.73853281435186,178.73847623177085
2013-01-22 04:00:00,80.64193122481112,156.4746132206821,183.03036182557582
2013-01-22 05:00:00,80.64193126958843,173.06098902095164,190.4450274553579
2013-01-22 06:00:00,80.64193135002587,176.18132732956232,191.59550901543795
2013-01-22 07:00:00,80.64193138485925,179.22774631479982,193.18855323301705
2013-01-22 08:00:00,80.64193153799494,170.38313529254862,180.91831082156307
2013-01-22 09:00:00,80.64193209688804,151.73965061937656,170.17786339768404
2013-01-22 10:00:00,83.72138549555211,173.06099423164554,203.61738457871098
2013-01-22 11:00:00,83.66270777113614,172.9780626936881,200.45934892587982
2013-01-22 12:00:00,92.40419146667546,173.06099984060958,204.6432647835851
2013-01-22 13:00:00,167.15347152730058,189.0670533015502,217.55789271673126
2013-01-22 14:00:00,169.43120397208378,209.6462893742776,228.35394869596632
2013-01-22 15:00:00,176.45738829661832,214.06056441051246,230.75863598675528
2013-01-22 16:00:00,176.45739183227477,214.1369148325801,231.70728725432957
2013-01-22 17:00:00,176.4573937827411,214.11898393022952,231.80573750950907
2013-01-22 18:00:00,178.8647692134237,214.06056973501762,231.7776740441148
2013-01-22 19:00:00,181.07569956512876,214.06056991947392,231.77392051852985
2013-01-22 20:00:00,176.45738992362772,214.0605694679233,231.77113542203753
2013-01-22 21:00:00,176.457392296897,214.0605696605175,231.77301616723085
2013-01-22 22:00:00,176.4573959948089,214.06056995082955,231.7666473032432
2013-01-22 23:00:00,176.45739816851196,214.06057019536703,231.76664867922202
2013-01-23 00:00:00,178.86532202645412,214.06057049184204,231.7666555388189
2013-01-23 01:00:00,181.30692356501137,214.0605711473108,231.94345575236508
2013-01-23 02:00:00,183.78267624466392,214.06057253049053,232.07526276094973
2013-01-23 03:00:00,187.07705335501367,214.78336182631296,233.5495734327496
2013-01-23 04:00:00,204.8734619137991,216.87473579540168,234.5637583911451
2013-01-23 05:00:00,207.67880623164282,216.87477619526334,237.19913278346067
2013-01-23 06:00:00,210.52338321083192,222.80028143355173,240.05620508401546
2013-01-23 07:00:00,213.40775212192312,222.8002863422944,240.5116270704152
2013-01-23 08:00:00,216.33245529168548,222.80028501443388,240.08620527963578
2013-01-23 09:00:00,219.29806126938456,222.800286897644,240.12646055424813
2013-01-23 10:00:00,222.30497935197585,222.80029083992133,240.5563435387781
2013-01-23 11:00:00,225.3539481654911,224.11708061462548,241.10047397296057
2013-01-23 12:00:00,225.82250730542015,224.3969436590617,242.0622975206699
2013-01-23 13:00:00,226.48736407211823,225.05003016972074,243.60427322099895
2013-01-23 14:00:00,227.3563970784888,225.9037012004668,245.4421576421038
2013-01-23 15:00:00,227.99569132652135,226.53167490925946,246.11132647197857
2013-01-23 16:00:00,227.63866087522067,226.18098167972383,245.77123605339443
2013-01-23 17:00:00,227.32503989143245,225.90370964308522,245.736120014794
2013-01-23 18:00:00,221.13036454932595,225.90370803756923,245.78267710723
2013-01-23 19:00:00,221.1303619362054,225.903707707268,245.74067786128336
2013-01-23 20:00:00,227.32504100640375,225.90372591419174,245.63105090796623
2013-01-23 21:00:00,227.32504362608776,225.9037078993266,245.44598709291145
2013-01-23 22:00:00,227.32504323291496,225.90370744716446,245.43963669244022
2013-01-23 23:00:00,227.32504357093345,225.90370759984282,245.4396304308096
2013-01-24 00:00:00,227.32504418270213,225.90370810523817,245.4396309982497
2013-01-24 01:00:00,227.32505120993343,225.903707830235,245.4396317497508
2013-01-24 02:00:00,227.3564022067617,225.9037088246541,245.43963668285338
2013-01-24 03:00:00,227.3565092437306,225.90374479474042,245.4637788987843
2013-01-24 04:00:00,228.64960606974392,227.1740149697896,246.61455579147852
2013-01-24 05:00:00,231.78747876048428,229.22475371675094,249.09901705824137
2013-01-24 06:00:00,233.1321822194687,229.22476066236604,249.70384113835286
2013-01-24 07:00:00,233.14877343154606,229.80228193967199,249.91420421832268
2013-01-24 08:00:00,233.13218549144827,229.22475853526254,249.46751126246747
2013-01-24 09:00:00,233.1155996856928,229.22475819502174,249.43799189045473
2013-01-24 10:00:00,233.1321815853202,229.22485405567684,249.43445996705088
2013-01-24 11:00:00,233.13218303146945,228.8049350620696,249.59630260448145
2013-01-24 12:00:00,233.13218381819652,227.94816016575155,250.00636718653223
2013-01-24 13:00:00,233.13218757076984,229.2246169327565,250.27514812386121
2013-01-24 14:00:00,233.82836274588982,231.05088700376893,250.70201798661185
2013-01-24 15:00:00,233.82837452145836,233.03840368956003,251.7647907870426
2013-01-24 16:00:00,236.35876165608695,236.95391873669445,252.89153954145405
2013-01-24 17:00:00,239.60418249107613,239.17791062696563,254.86011118330563
2013-01-24 18:00:00,242.89524445396341,238.22505180225215,257.47171083312617
2013-01-24 19:00:00,238.04303939427996,237.25884397639055,253.9235329378663
2013-01-24 20:00:00,237.13405875469195,236.27912199482137,251.75528595673887
2013-01-24 21:00:00,234.55798069458484,235.28569248032917,251.13350406789496
2013-01-24 22:00:00,233.82836693806672,231.05088335256278,250.74471888797748
2013-01-24 23:00:00,233.1321855672555,231.09172747819602,250.66995849514976
2013-01-25 00:00:00,233.13218443186352,231.0508878757105,250.62926371854212
2013-01-25 01:00:00,233.13218458645326,231.05088905494875,250.61296105236798
2013-01-25 02:00:00,233.132185115669,231.05089561138033,250.61297182480814
2013-01-25 03:00:00,233.13218448209196,231.05094859063902,250.61301667732116
2013-01-25 04:00:00,233.13218400847305,231.05089297782288,251.2367397053401
2013-01-25 05:00:00,233.13218222232865,231.0508988773907,251.32641062718324
2013-01-25 06:00:00,232.9447811557831,231.05089010346742,251.1049780131616
2013-01-25 07:00:00,209.360421785601,221.25272436409526,238.35871745657255
2013-01-25 08:00:00,209.36042059294687,221.12535723913143,234.61972907205586
2013-01-25 09:00:00,189.40966686044118,212.96279726135558,231.27731077542956
2013-01-25 10:00:00,80.64193091657928,212.9445989239993,230.7023300945108
2013-01-25 11:00:00,80.64193117153091,212.92648000403864,230.84756052824292
2013-01-25 12:00:00,80.6419306525904,212.92648144495809,230.98306128930142
2013-01-25 13:00:00,80.64193003112389,212.9264840650413,231.11741204185643
2013-01-25 14:00:00,80.64192983844951,216.24134637789905,231.7632040141884
2013-01-25 15:00:00,80.64192913994395,216.71502716309908,231.51173837283397
2013-01-25 16:00:00,80.64192781817647,215.12568621643618,230.23181454795673
2013-01-25 17:00:00,80.64191211355569,212.92647937533638,226.75670453141095
2013-01-25 18:00:00,67.38245897138749,200.03280459712295,219.88271218018733
2013-01-25 19:00:00,67.38244246363811,116.48602438652767,168.6615799813883
2013-01-25 20:00:00,67.38244085055884,92.22806481728428,166.7046192528529
2013-01-25 21:00:00,67.3824401960685,70.93270869755078,163.60498801022447
2013-01-25 22:00:00,67.38243996916948,87.99460787241061,163.24125840670752
2013-01-25 23:00:00,67.38243954635395,74.28737370029836,161.56092111309792
2013-01-26 00:00:00,67.38242227535966,74.3375840592331,161.531248027826
2013-01-26 01:00:00,62.19172265272166,71.94319987886831,161.61621010090653
2013-01-26 02:00:00,57.43678592680098,69.62707102559702,161.60974367768085
2013-01-26 03:00:00,67.38243520449907,74.10872637729511,160.9004189284048
2013-01-26 04:00:00,67.38243201398961,74.14844588093523,160.4480086441979
2013-01-26 05:00:00,66.38453046849055,73.79795817835411,160.45580272786003
2013-01-26 06:00:00,63.45662763917728,69.83641753959702,160.70543812848564
2013-01-26 07:00:00,60.77047852243004,66.42090709023392,116.27135094543777
2013-01-26 08:00:00,53.03123115387293,55.49576763319996,103.12237323133836
2013-01-26 09:00:00,49.815052069282345,53.502927782234764,99.9011966330846
2013-01-26 10:00:00,55.62539830985248,55.073162777842796,97.44412096846953
2013-01-26 11:00:00,52.20695462588417,55.07316427281536,97.42142170898651
2013-01-26 12:00:00,52.20695256171781,55.18085761859305,99.1399530849934
2013-01-26 13:00:00,52.53723737200295,55.537044047544825,101.13031390379138
2013-01-26 14:00:00,58.663877044449144,59.77566687368264,101.86781970711284
2013-01-26 15:00:00,58.787754884298145,60.51670462574924,110.06659613661682
2013-01-26 16:00:00,57.745039876062954,61.272942671654974,107.53984228571456
2013-01-26 17:00:00,60.7704632983079,62.62059948673969,107.69079408376449
2013-01-26 18:00:00,51.74846237246868,56.404473929987546,96.9480216687024
2013-01-26 19:00:00,50.475186862279365,55.073162284556915,93.32398201869951
2013-01-26 20:00:00,50.475186870451445,55.07316153164339,90.17278558248725
2013-01-26 21:00:00,50.02012513091644,54.59735926989971,94.97146619160681
2013-01-26 22:00:00,50.02010142740833,45.31204045757498,100.88490245759174
2013-01-26 23:00:00,18.011989186686797,17.29441238677301,93.66035574799466
2013-01-27 00:00:00,4.33758613104713,8.408921949755893,99.11231630561153
2013-01-27 01:00:00,4.325908952846896,7.952572359465028,98.72806818910202
2013-01-27 02:00:00,4.3259049308507675,7.952584764718611,98.7280767261039
2013-01-27 03:00:00,4.325904609008453,7.952586719829818,98.72807425784177
2013-01-27 04:00:00,4.3259045014065745,7.926747276519213,98.7576078083757
2013-01-27 05:00:00,4.32590433263751,6.837999955169242,91.79958015552931
2013-01-27 06:00:00,4.3259042382474036,6.837987737196095,90.45485551041463
2013-01-27 07:00:00,4.325904204361104,6.837987538399158,70.1230105532179
2013-01-27 08:00:00,4.325904112826618,6.837987252364198,62.50115780504709
2013-01-27 09:00:00,4.325904100364154,6.837987171212023,58.54823223009769
2013-01-27 10:00:00,4.325904105237333,6.837987051844687,56.92410490393295
2013-01-27 11:00:00,4.325904108756477,6.83798633850223,52.989342160657685
2013-01-27 12:00:00,4.325904095974061,6.8379836701290175,54.4036842958123
2013-01-27 13:00:00,4.325904085580891,6.8354025048171865,53.53151641970682
2013-01-27 14:00:00,4.325904078036372,6.837982491788176,52.182931611550934
2013-01-27 15:00:00,4.325904130194592,6.837987690185838,57.37681572441659
2013-01-27 16:00:00,4.3259043125010255,6.837994935860748,57.4610233105188
2013-01-27 17:00:00,4.3259046574940605,21.662014518834226,60.35054088999864
2013-01-27 18:00:00,4.335863916759096,21.910803457968356,60.55840676391015
2013-01-27 19:00:00,4.3358628309061285,21.910813735141225,60.55840984013128
2013-01-27 20:00:00,4.325905635598743,21.904488532896877,60.55711621911694
2013-01-27 21:00:00,4.325904875095613,21.904392377914952,61.76093995108115
2013-01-27 22:00:00,4.325904406060509,21.904334796484186,61.76090329432808
2013-01-27 23:00:00,4.325905267493485,24.66411948014255,70.72760315657275
2013-01-28 00:00:00,4.325906855409924,24.664154875857246,70.72769846142877
2013-01-28 01:00:00,4.335877698527067,24.663853282051218,70.72764825593278
2013-01-28 02:00:00,4.337560708323347,24.664273431962634,70.72772526160377
2013-01-28 03:00:00,4.337584088410906,24.664275941559666,70.7805125609977
2013-01-28 04:00:00,4.3487520046110335,24.664274743399336,70.87015067399102
2013-01-28 05:00:00,13.276064850935413,27.724697156187773,70.21753404557553
2013-01-28 06:00:00,4.359144538335879,24.66427724802401,65.83939450477557
2013-01-28 07:00:00,13.323841106512429,26.718762148197207,68.91757744095591
2013-01-28 08:00:00,4.3259083522636725,21.219557605515476,54.909224491367674
2013-01-28 09:00:00,4.325904364576545,6.837987946608434,47.37182073544269
2013-01-28 10:00:00,4.325904227211106,6.837988041970324,46.49997919944454
2013-01-28 11:00:00,4.3259041779356835,6.837986883473512,43.53355325544594
2013-01-28 12:00:00,4.325904116326819,6.837976726486523,44.87072376105073
2013-01-28 13:00:00,4.325904229057284,6.837984608291638,50.457670568141836
2013-01-28 14:00:00,4.325907837274516,6.8379878831269165,53.46185512334982
2013-01-28 15:00:00,13.276052718538786,16.178510382459237,71.3797447833425
2013-01-28 16:00:00,4.337560884281013,6.862834575605504,68.41941190588535
2013-01-28 17:00:00,4.325904265651244,6.83798874647999,67.59559908360788
2013-01-28 18:00:00,4.325904146208847,6.837987641961289,65.51671657721099
2013-01-28 19:00:00,4.325904127750839,6.83798745345469,64.84978500847755
2013-01-28 20:00:00,4.325904123064562,6.837986991930835,63.39167372652265
2013-01-28 21:00:00,4.325904122655816,6.837986370489944,59.955676106003416
2013-01-28 22:00:00,4.3259041205436635,6.837984907503279,52.5163022170275
2013-01-28 23:00:00,4.325904123752555,6.837984048276966,52.51626481538964
2013-01-29 00:00:00,4.3259041213184,6.837983884235836,51.95046530154865
2013-01-29 01:00:00,4.325904121211322,6.837983648010024,51.95046410563796
2013-01-29 02:00:00,4.325904127327816,6.8379826709013685,51.95046381003824
2013-01-29 03:00:00,4.325904126333994,6.8379835105639435,51.95046355648539
2013-01-29 04:00:00,4.32590412384543,6.837985330985576,51.950463442311936
2013-01-29 05:00:00,4.325904124456975,6.8379988722721246,51.95046602132294
2013-01-29 06:00:00,4.325904183164387,6.83799460460444,51.99305085967134
2013-01-29 07:00:00,4.325904207009032,6.858079530280298,40.008599769326636
2013-01-29 08:00:00,4.325904299673191,16.648561599749108,37.553542859659075
2013-01-29 09:00:00,4.325904268596735,13.882111237708722,34.96910692989712
2013-01-29 10:00:00,4.325904868966178,6.8401900830835975,32.791429536578164
2013-01-29 11:00:00,4.325923741131115,6.849446732770943,32.79323215947819
2013-01-29 12:00:00,4.335867373875801,6.849471694270958,32.79323830156589
2013-01-29 13:00:00,4.335813866121688,6.837987450648021,33.66487093870302
2013-01-29 14:00:00,4.335868915430348,6.83798749923672,36.31345757639095
2013-01-29 15:00:00,4.342718098003687,6.837987561655214,39.28726540441249
2013-01-29 16:00:00,4.342724672404791,6.837987887812151,42.04763562361359
2013-01-29 17:00:00,4.337503727428235,6.8379879420599075,50.091949038341895
2013-01-29 18:00:00,4.3259043993189525,6.837988245887305,51.90468724515753
2013-01-29 19:00:00,4.32590425293878,6.837985421340263,51.17212922256833
2013-01-29 20:00:00,4.3259042400447845,6.835439019339523,48.96387726797268
2013-01-29 21:00:00,4.325904237203656,6.835420132833086,48.814314426537614
2013-01-29 22:00:00,4.32590413410463,6.835426696550981,45.925168150180674
2013-01-29 23:00:00,4.325904129183439,6.8354140177545455,39.27880784547715
2013-01-30 00:00:00,4.325904128252475,6.835413376679184,39.277703350830976
2013-01-30 01:00:00,4.325904128074739,6.835413833492855,39.277699603983585
2013-01-30 02:00:00,4.325904126595301,6.835414429358332,39.27768883211094
2013-01-30 03:00:00,4.325904127791386,6.835412798650296,39.27710640250704
2013-01-30 04:00:00,4.325904131495893,6.835408421093173,39.27770028290107
2013-01-30 05:00:00,4.32590412319057,6.835410649273817,39.2776968976721
2013-01-30 06:00:00,4.325904137275223,6.83540538740964,39.27770118775078
2013-01-30 07:00:00,4.325904154739267,6.835402381027394,38.07727312469319
2013-01-30 08:00:00,4.325904122511029,6.8354007786759805,34.90775936922847
2013-01-30 09:00:00,4.325904134048923,6.832972090676142,32.52728678550105
2013-01-30 10:00:00,4.32590406896497,6.835395699945334,31.556509323346972
2013-01-30 11:00:00,4.325904091603494,6.835393049851712,17.03167821178775
2013-01-30 12:00:00,4.325904048603489,6.83296373207982,17.01171356414962
2013-01-30 13:00:00,4.325903974228307,6.825769671568737,16.88465941227391
2013-01-30 14:00:00,4.32590397045861,6.825779601166759,32.36528542722472
2013-01-30 15:00:00,4.3259040775960935,6.832968173039498,35.458896623966275
2013-01-30 16:00:00,4.325904133227323,6.835463362904875,36.82379233378845
2013-01-30 17:00:00,4.325904133536808,6.835409520892582,36.82379645479553
2013-01-30 18:00:00,4.32590413243513,6.83540933420605,36.87485603277107
2013-01-30 19:00:00,4.325904125212144,6.835413659446607,37.62856153225346
2013-01-30 20:00:00,4.325904131423708,6.837425796573689,37.62895560469557
2013-01-30 21:00:00,4.325904230719396,6.837982981818657,37.62906878258673
2013-01-30 22:00:00,4.342725925846535,6.8379891627649085,37.63295303757102
2013-01-30 23:00:00,4.342728404378921,6.837991538117709,37.63930812824169
2013-01-31 00:00:00,4.337561549587065,6.837992576611374,37.63306595819428
2013-01-31 01:00:00,4.325904587484326,6.837990017833083,39.56982664416869
2013-01-31 02:00:00,4.325904312542433,6.837987663248729,38.86688137394215
2013-01-31 03:00:00,4.325904240872854,6.837987580501337,37.714127276457944
2013-01-31 04:00:00,4.325904174342794,6.837987450467944,37.71191403459645
2013-01-31 05:00:00,4.325904175275536,6.837987440190225,37.74120136325108
2013-01-31 06:00:00,4.32590417336147,6.837987514765355,37.82610169772028
2013-01-31 07:00:00,4.325904165181361,6.837987276505356,31.60110849088317
2013-01-31 08:00:00,4.325904054406752,6.825779234696855,14.033903733575396
2013-01-31 09:00:00,4.325904008215463,6.8257601141712385,13.331897409785357
2013-01-31 10:00:00,4.325904007220793,6.825759723978338,13.329825456057328
2013-01-31 11:00:00,4.325904025917678,6.825759068182184,13.327239013586063
2013-01-31 12:00:00,4.325903978133449,6.825759151548897,13.330067650386342
2013-01-31 13:00:00,4.32590399429911,6.825758836343194,13.339131376748403
2013-01-31 14:00:00,4.325903944494411,6.825759361230978,19.120942502200137
2013-01-31 15:00:00,4.325904032856192,6.825794408862313,46.20738244332576
2013-01-31 16:00:00,4.325904236128729,6.837987141958771,49.50612867337478
2013-01-31 17:00:00,4.325904225481334,6.83798738982773,51.04609957089042
2013-01-31 18:00:00,4.325904226412923,6.837987375180028,51.04353942213925
2013-01-31 19:00:00,4.325904241447116,6.837987209000252,51.04405326652847
2013-01-31 20:00:00,4.325904230648615,6.837987388238131,51.04301641930308
2013-01-31 21:00:00,4.325904235319203,6.837987413638137,51.04406482324655
2013-01-31 22:00:00,4.325904222860087,6.837987631489147,51.04364246848078
2013-01-31 23:00:00,4.325904280118095,6.837987739311019,51.044097623801306
2013-02-01 00:00:00,4.32590448289695,6.837988054727333,51.15930544231119
2013-02-01 01:00:00,4.325905359537051,6.837993984289324,51.15137473640481
2013-02-01 02:00:00,6.425457108359862,9.085102398210449,51.76627678862485
2013-02-01 03:00:00,37.944092083646375,43.238859067343,58.7639928978446
2013-02-01 04:00:00,42.412599100097374,47.41967606645565,59.852957774948926
2013-02-01 05:00:00,51.11677986438324,55.74399919993756,64.01150926596797
2013-02-01 06:00:00,56.492241046757236,63.32421497564434,67.58846129404118
2013-02-01 07:00:00,62.17528090802562,67.30656548636122,79.17355640509206
2013-02-01 08:00:00,63.05942394234321,68.23098681716962,78.2467842711018
2013-02-01 09:00:00,63.84872591747413,69.05626308671238,77.83090212782032
2013-02-01 10:00:00,67.38243787411744,69.83639088209732,78.83410399042359
2013-02-01 11:00:00,67.38243813216611,69.83638967030588,78.79839459737103
2013-02-01 12:00:00,67.3824382579365,69.38251510189185,79.35658617683764
2013-02-01 13:00:00,67.38243844566992,68.55653959174181,87.5220136100475
2013-02-01 14:00:00,67.38243949594762,69.83639073195164,92.72581931871704
2013-02-01 15:00:00,70.7193122677315,69.83639183255973,110.57893858783042
2013-02-01 16:00:00,78.0679667078629,73.88849115176953,111.63966877535356
2013-02-01 17:00:00,78.0679639027965,74.0864966611802,111.63672164887714
2013-02-01 18:00:00,68.44064657986152,69.83639313387926,111.45349900718456
2013-02-01 19:00:00,67.38244531104192,69.83639155533841,111.44928492518942
2013-02-01 20:00:00,67.38243862728442,69.83638609209414,111.65181556338395
2013-02-01 21:00:00,67.38243845418947,65.90570941421133,111.63329392537642
2013-02-01 22:00:00,67.38243836265735,65.9723386751091,110.76143521445364
2013-02-01 23:00:00,67.38243832422478,65.55229767274565,107.23662902354525
2013-02-02 00:00:00,67.38243835366691,65.2663016741052,101.31800638122296
2013-02-02 01:00:00,67.38243836139935,65.21054662270807,99.16613358313471
2013-02-02 02:00:00,67.38243833541763,65.55229497807441,94.8701203766169
2013-02-02 03:00:00,67.38243826139582,65.55229080087895,90.38276256331281
2013-02-02 04:00:00,67.38243738145646,65.32905810020962,89.41158318352237
2013-02-02 05:00:00,67.38243582372142,64.91126090961562,89.57410168326385
2013-02-02 06:00:00,64.03130506120692,63.245154861377074,88.45912686133332
2013-02-02 07:00:00,51.559615306043355,57.84020301777983,79.84912129702101
2013-02-02 08:00:00,13.276079394168512,47.73119586944567,74.13308214397621
2013-02-02 09:00:00,4.325904513839587,15.771391371046915,70.6551680104259
2013-02-02 10:00:00,4.32590587849284,15.771392182267977,70.68720811268442
2013-02-02 11:00:00,4.325904123657593,6.8485913991576055,68.64303478973186
2013-02-02 12:00:00,4.325904150055027,6.837987101039981,56.855907818543024
2013-02-02 13:00:00,4.325904231279428,6.837989615930718,52.265730416281876
2013-02-02 14:00:00,8.041268573906097,16.07132606498093,71.26579730988328
2013-02-02 15:00:00,49.84833957592473,52.31520381049816,75.18549932491857
2013-02-02 16:00:00,51.625331228976805,62.79530295485927,79.71954621845673
2013-02-02 17:00:00,51.636292430352654,64.64534478914554,80.81942699124507
2013-02-02 18:00:00,51.64725506613994,64.80846347243234,81.90319087773186
2013-02-02 19:00:00,51.658221824766215,65.29256312102748,82.45981595134438
2013-02-02 20:00:00,51.66918922285473,65.40465801059925,82.75131588739944
2013-02-02 21:00:00,51.68016193550022,65.66816816983912,82.82816397906144
2013-02-02 22:00:00,51.69114122208734,67.26516748879068,82.94023439774713
2013-02-02 23:00:00,52.25235491323962,67.26524249979204,82.87046926363432
2013-02-03 00:00:00,53.314432652744074,67.26524273106061,82.73798727120884
2013-02-03 01:00:00,53.288220537107044,67.26523661653859,82.71681037198252
2013-02-03 02:00:00,53.85176778538075,67.26499354954726,81.95356218537219
2013-02-03 03:00:00,54.87012473361686,67.26515100144216,82.87485669613051
2013-02-03 04:00:00,54.87010523546666,67.2651336496782,83.10322982035424
2013-02-03 05:00:00,61.12652999571339,66.153402248121,83.87469129073467
2013-02-03 06:00:00,62.71035937625071,63.31695754035765,84.30203826944911
2013-02-03 07:00:00,59.11538603436378,64.1071769521132,75.17152326764126
2013-02-03 08:00:00,51.80102408543662,55.41343738131745,67.54660976600367
2013-02-03 09:00:00,13.27605958633034,18.557916127917803,61.34204838728053
2013-02-03 10:00:00,12.7284807977178,16.091896876142542,30.437125757795734
2013-02-03 11:00:00,4.325904176219811,7.340852916675127,14.759861783813546
2013-02-03 12:00:00,4.325904181824144,6.838005717847996,13.79812299116787
2013-02-03 13:00:00,4.32590414397711,8.68671954871018,17.20642902936258
2013-02-03 14:00:00,4.325904108933199,6.83798820632198,41.069838811666834
2013-02-03 15:00:00,4.3259041876578435,6.8379880344896895,44.21580719007072
2013-02-03 16:00:00,4.325905612900372,14.012217191428029,48.31233219214648
2013-02-03 17:00:00,4.325906102847241,15.490211493258032,48.60040875829313
2013-02-03 18:00:00,4.3259101667885025,18.273363275377747,48.14833555522695
2013-02-03 19:00:00,10.907256370905218,15.49020141594328,47.60583118203255
2013-02-03 20:00:00,4.325905936221403,6.84948064930303,46.916152780558384
2013-02-03 21:00:00,4.325905819726923,6.838187132307904,46.91567238903083
2013-02-03 22:00:00,10.204902981287674,12.967364209341248,48.176010651087
2013-02-03 23:00:00,10.53286014885477,13.310269344918467,48.24637825132053
2013-02-04 00:00:00,15.451531484282288,18.453132491745762,49.30405030325287
2013-02-04 01:00:00,40.67733170714911,29.995109951967926,65.16018305821119
2013-02-04 02:00:00,42.253870024890965,30.716447382248123,66.38712465142721
2013-02-04 03:00:00,42.97325016421866,31.045595598511884,67.01297945129059
2013-02-04 04:00:00,43.48728076186366,31.28078719948402,67.57312769278239
2013-02-04 05:00:00,13.276068324245436,17.457811460016572,67.36357126516901
2013-02-04 06:00:00,4.325905655438301,13.362712460665003,65.02950306681169
2013-02-04 07:00:00,4.325904288243075,6.837987922115973,46.26294255768407
2013-02-04 08:00:00,4.3259041152885,6.837987110039994,40.70279673357174
2013-02-04 09:00:00,4.325904080550027,6.8379868445781735,28.80213960973439
2013-02-04 10:00:00,4.325904040676182,6.8379873549788055,24.751583917596506
2013-02-04 11:00:00,4.325904019217358,6.837812862545434,20.51558869692478
2013-02-04 12:00:00,4.325904026723508,6.835402430729428,20.534762339698457
2013-02-04 13:00:00,4.325904017202948,6.83751460956787,16.024971558497448
2013-02-04 14:00:00,4.325904040447457,6.837809046226093,23.64400280727491
2013-02-04 15:00:00,4.32590411580458,6.837987527844333,32.44002629664762
2013-02-04 16:00:00,4.325904225912286,6.837989470023733,36.6163803227923
2013-02-04 17:00:00,4.325904196069047,6.837989243312391,36.616389212165494
2013-02-04 18:00:00,4.3259041828490075,6.837988699111047,36.61639043113172
2013-02-04 19:00:00,4.325904178593649,6.8379881599516015,36.61639071292902
2013-02-04 20:00:00,4.325904171444527,6.837987789371014,36.61639165875707
2013-02-04 21:00:00,4.325904162921495,6.837987677079209,36.61464234406327
2013-02-04 22:00:00,4.32590416190297,6.837987942270575,36.61639225086438
2013-02-04 23:00:00,4.325904148931075,6.837987794433864,36.614632516969884
2013-02-05 00:00:00,4.325904145981117,6.837987494520761,36.6146317642669
2013-02-05 01:00:00,4.325904143198962,6.837987267180887,36.61463109746647
2013-02-05 02:00:00,4.325904134778042,6.837987225923547,36.6146310823886
2013-02-05 03:00:00,4.325904130281469,6.837986908905452,36.614630929871474
2013-02-05 04:00:00,4.325904135152228,6.837986682104925,36.61463106436802
2013-02-05 05:00:00,4.32590416839286,6.837986621422865,36.614681120785285
2013-02-05 06:00:00,4.325904440929706,6.837986704654086,36.616916696422294
2013-02-05 07:00:00,4.325904490669779,6.837986468580264,46.07977918477932
2013-02-05 08:00:00,4.3259042198295825,6.835277192602257,27.36573078266322
2013-02-05 09:00:00,4.3259040347616216,6.825759150182161,13.885777932006972
2013-02-05 10:00:00,4.921488139500841,6.83798702990791,20.84421876090556
2013-02-05 11:00:00,4.325904340340777,6.83798542071909,17.213883877304262
2013-02-05 12:00:00,4.325904699510844,6.837987799445937,18.69786568582731
2013-02-05 13:00:00,4.325904512688322,6.86051906198853,38.51283094575169
2013-02-05 14:00:00,4.32590471407057,6.837995160852281,40.2269211077858
2013-02-05 15:00:00,5.929343454153036,8.496924411905844,48.855615982077346
2013-02-05 16:00:00,51.37426235830521,56.013210809782635,79.5074878119967
2013-02-05 17:00:00,65.9553890910628,56.01320976698831,92.77289532714485
2013-02-05 18:00:00,67.38243844991374,56.01321146713056,94.38804988240472
2013-02-05 19:00:00,67.38243909938943,55.892370776610804,94.4268075321073
2013-02-05 20:00:00,67.38243915035017,53.29593734996084,94.66973881555145
2013-02-05 21:00:00,67.38243922480636,47.89866438460962,95.17472473037586
2013-02-05 22:00:00,68.288635697232,48.49356995999756,95.40211191632918
2013-02-05 23:00:00,68.28864056112458,48.49364098434292,95.16884939578989
2013-02-06 00:00:00,68.28863869259727,48.49364055504897,95.3524639833981
2013-02-06 01:00:00,68.28861726569512,48.493557997673705,95.35258970423722
2013-02-06 02:00:00,67.38244563059006,47.82533055956833,95.17025633110316
2013-02-06 03:00:00,67.70492223423192,48.05968677444922,95.82304451416714
2013-02-06 04:00:00,68.59183686356526,48.65719673095292,99.88708685787779
2013-02-06 05:00:00,68.28863436409506,48.56619265101632,100.79802237638118
2013-02-06 06:00:00,67.38243961459332,56.013213421564174,101.52531357848395
2013-02-06 07:00:00,67.38243951271049,56.01321773542654,101.82244113861387
2013-02-06 08:00:00,67.38243931276781,56.127988989995714,84.89156994696313
2013-02-06 09:00:00,64.03129979828816,51.73712825985382,81.56454444863121
2013-02-06 10:00:00,55.19382057677338,16.879482316068557,81.50046146143134
2013-02-06 11:00:00,58.51132499890856,6.837989680654182,80.96943629981288
2013-02-06 12:00:00,59.35993942316205,6.837987967261357,81.5752100582465
2013-02-06 13:00:00,64.03129842850458,6.8379885676146985,85.07838202634846
2013-02-06 14:00:00,64.03131805045369,20.59783020615363,96.32704999661243
2013-02-06 15:00:00,67.3824389376309,47.157491379496804,178.6641781532956
2013-02-06 16:00:00,67.38243949790427,47.942530580491834,183.11064717130927
2013-02-06 17:00:00,67.3824395294721,49.04629853046619,182.69061431657187
2013-02-06 18:00:00,67.38243941089128,59.16064058262519,182.36629557231538
2013-02-06 19:00:00,67.38243752068102,59.76152885686463,180.47508769211032
2013-02-06 20:00:00,64.03130610017735,59.16064922047276,179.91650341253708
2013-02-06 21:00:00,64.03130185606693,59.16064971823742,180.34422375414363
2013-02-06 22:00:00,64.03130149160233,59.1606509632566,180.24551609350726
2013-02-06 23:00:00,64.03130147659802,59.160650276657734,180.2354946392278
2013-02-07 00:00:00,64.03130151435012,59.16065125891011,180.20954513849537
2013-02-07 01:00:00,64.03130135192426,59.16064988080808,180.2095362864667
2013-02-07 02:00:00,64.03130136735038,59.218501952936975,180.21136218183787
2013-02-07 03:00:00,64.03130242304059,59.20563230746649,180.24544925392468
2013-02-07 04:00:00,67.38243856651074,61.273310938523665,189.48982290858402
2013-02-07 05:00:00,67.38244259731734,66.8350331204877,196.68664319125332
2013-02-07 06:00:00,67.38245783240204,68.17779751705297,201.18326657780696
2013-02-07 07:00:00,68.53309293612328,70.44976881833377,197.33395616050922
2013-02-07 08:00:00,68.53309655188473,70.44977521723929,186.63946762650758
2013-02-07 09:00:00,68.53310480552692,70.44977710869045,183.58948033432517
2013-02-07 10:00:00,68.53331533321814,71.60514243328564,190.17816157457568
2013-02-07 11:00:00,69.43181710838101,70.52470938129694,191.31242736514344
2013-02-07 12:00:00,70.34288873220524,73.00726308559608,193.7028375746412
2013-02-07 13:00:00,71.26672096690453,74.01195058228816,202.88675464192738
2013-02-07 14:00:00,72.20378902331554,78.6228752191207,226.51329118881432
2013-02-07 15:00:00,74.8065010368348,78.66027991417874,234.46050213351265
2013-02-07 16:00:00,74.80650505288219,82.68644432001804,236.39405330371847
2013-02-07 17:00:00,75.79307532619116,92.20587058732316,235.8542385016583
2013-02-07 18:00:00,77.07488800520623,94.38577846462101,235.85474448814335
2013-02-07 19:00:00,77.08861899770525,102.32183205829082,236.39382106279368
2013-02-07 20:00:00,78.10679055151375,102.32184513760126,237.87545814262958
2013-02-07 21:00:00,79.13920541374218,102.32185894212749,237.5561686168927
2013-02-07 22:00:00,81.24787569986634,102.32186360024329,237.40591869392858
2013-02-07 23:00:00,81.24788529483612,102.3219070050556,236.27031197291876
2013-02-08 00:00:00,82.32433419765839,102.92135735381618,235.4955099979654
2013-02-08 01:00:00,83.41590649317979,104.19636892803506,235.47072392556674
2013-02-08 02:00:00,186.97468710811054,176.16611707369387,235.13932987654377
2013-02-08 03:00:00,196.81650099540005,185.94422743589817,235.08153147904943
2013-02-08 04:00:00,198.35102947367236,191.19033589493748,234.85565015751482
2013-02-08 05:00:00,200.45973934862744,198.27235281275685,234.5916988177511
2013-02-08 06:00:00,202.25382493964935,201.91727180807328,234.93337579612358
2013-02-08 07:00:00,206.733682290469,216.8747332994458,233.83860490055588
2013-02-08 08:00:00,197.71073678219986,198.82791369213885,227.87262598164773
2013-02-08 09:00:00,196.8165045034751,198.82791336981586,225.7528047285582
2013-02-08 10:00:00,196.81650515517353,198.82790126619008,226.6440096022102
2013-02-08 11:00:00,196.7810515417731,198.82790867277822,224.83774076603856
2013-02-08 12:00:00,196.81650638449594,198.12599010456887,225.71594845404093
2013-02-08 13:00:00,196.81699764919176,198.82790746751203,224.7177872128957
2013-02-08 14:00:00,206.25735411043195,211.97275275045024,234.44635745140036
2013-02-08 15:00:00,209.08227524557498,220.90953176681208,234.1917966756088
2013-02-08 16:00:00,211.94641964083075,223.90409288799546,236.65812073720292
2013-02-08 17:00:00,215.69876533998536,222.84448233494462,236.5403108771367
2013-02-08 18:00:00,222.6133736838414,221.91076766396628,236.6210225633524
2013-02-08 19:00:00,220.97694034339074,221.910769544594,236.361327872891
2013-02-08 20:00:00,222.88914184874926,222.4537339296877,236.1461202549517
2013-02-08 21:00:00,223.34539174627653,221.9636594635592,236.00377951527585
2013-02-08 22:00:00,225.71002119907533,222.83221275184167,236.04424469541541
2013-02-08 23:00:00,225.37480207072971,222.47588839328708,235.90730404324918
2013-02-09 00:00:00,224.7077076169676,223.69193770243456,235.74523333125055
2013-02-09 01:00:00,224.47657955000736,223.69336130581624,235.6159637270348
2013-02-09 02:00:00,226.07094286421435,223.6933636139449,235.64658456230939
2013-02-09 03:00:00,231.7932286005147,224.32504816619917,235.98877444509486
2013-02-09 04:00:00,231.77632952172377,224.52725269258542,236.26503106532806
2013-02-09 05:00:00,231.7594282859266,224.2820304586319,236.23302129859377
2013-02-09 06:00:00,233.82836436714433,225.3328268251611,236.54781846195294
2013-02-09 07:00:00,233.82836753032558,225.14318383146863,236.19051077503238
2013-02-09 08:00:00,227.7152090577476,223.1727765225506,233.23343722110963
2013-02-09 09:00:00,220.4640760118034,215.09398328246664,232.70317861872184
2013-02-09 10:00:00,220.46406542180912,215.09396621408123,232.4410153788871
2013-02-09 11:00:00,217.66491424700612,206.0297377588371,234.23622521755
2013-02-09 12:00:00,219.81987786351294,211.03787327303158,234.5020194825003
2013-02-09 13:00:00,222.29757872076888,215.09398180163117,234.4207368069268
2013-02-09 14:00:00,225.34661812337853,220.02670939464758,236.0955999637874
2013-02-09 15:00:00,228.43831424581464,224.63462210565797,237.39013750396626
2013-02-09 16:00:00,231.57321654280204,226.59537379410335,240.82822277859316
2013-02-09 17:00:00,231.55626532495543,227.15238213165756,241.600442096116
2013-02-09 18:00:00,230.73617367340583,226.54432786515488,241.67592971966965
2013-02-09 19:00:00,226.7753622038255,225.33294186210446,241.78513653427194
2013-02-09 20:00:00,220.23834255354953,224.6348552250077,239.97259530496854
2013-02-09 21:00:00,211.7447220395207,223.69336076309773,237.41568469462837
2013-02-09 22:00:00,210.39652531353184,222.28369146017343,235.92122183037068
2013-02-09 23:00:00,208.14873748142202,217.83070107931883,234.81792221321157
2013-02-10 00:00:00,207.86241575634318,216.87472805083726,235.07580003479256
2013-02-10 01:00:00,207.32907429947775,215.1235467562105,235.33823825144773
2013-02-10 02:00:00,207.3290720152994,215.0939886894912,235.44245395896644
2013-02-10 03:00:00,207.2599790775087,215.09398282236015,235.32722930406544
2013-02-10 04:00:00,206.7632587563095,215.09398047271495,235.35769881731113
2013-02-10 05:00:00,195.31953888845644,215.093977410199,234.81843704107538
2013-02-10 06:00:00,74.8065070582042,155.5332916516375,234.91050273746043
2013-02-10 07:00:00,74.80650672084228,71.03234793539502,153.89285772099936
2013-02-10 08:00:00,74.8065034337328,70.85114994035081,128.41643385456936
2013-02-10 09:00:00,65.36836834894329,61.94088882435828,124.30012824620658
2013-02-10 10:00:00,64.43161581129226,61.169813933671364,119.62937112754194
2013-02-10 11:00:00,59.95061371720209,58.147332236718114,98.71405802523512
2013-02-10 12:00:00,44.46801139762319,29.720032432814687,113.80634666117206
2013-02-10 13:00:00,13.276065546533125,16.071332624589374,118.5804488331189
2013-02-10 14:00:00,13.276097143000346,30.57086126780212,126.61009415362811
2013-02-10 15:00:00,49.815140314259594,60.11413590209885,145.72807123286947
2013-02-10 16:00:00,57.269492067258525,61.93034030133653,155.70603260378726
2013-02-10 17:00:00,54.53756006587067,61.930339963619545,154.39634741920082
2013-02-10 18:00:00,53.66255755088761,61.93033475242723,152.90308111081853
2013-02-10 19:00:00,52.610479338315834,61.85871840144351,152.73721710283775
2013-02-10 20:00:00,52.66271035003169,61.85871994868593,152.57209096859376
2013-02-10 21:00:00,54.484524013219534,61.93033527301077,146.3326003541681
2013-02-10 22:00:00,52.46048769753398,60.59620083373444,142.00759315153755
2013-02-10 23:00:00,13.276075423158279,61.93033460007264,142.54497468911484
2013-02-11 00:00:00,45.3617406815175,61.93033679670317,142.8240549565149
2013-02-11 01:00:00,49.815068581679384,61.930339097487916,141.9952350198773
2013-02-11 02:00:00,49.81511564613749,62.297745703914515,141.88953345380082
2013-02-11 03:00:00,49.815059122699274,63.07434282692185,142.59133317211808
2013-02-11 04:00:00,57.338398318229316,66.28030179597354,145.16228111709455
2013-02-11 05:00:00,26.985015758599324,68.41060877131952,145.84807850939316
2013-02-11 06:00:00,13.276071327488559,70.73297024000625,147.61222205140757
2013-02-11 07:00:00,13.276071992894401,71.03234458868134,143.50118140175695
2013-02-11 08:00:00,4.325906656802386,71.03232603884,110.30285031407051
2013-02-11 09:00:00,4.32590502157938,71.03233995574166,83.57120001309107
2013-02-11 10:00:00,4.325905621153539,71.03234032894385,51.546039322049495
2013-02-11 11:00:00,4.325904846752329,71.03234484399562,51.207378433416714
2013-02-11 12:00:00,4.325905219562628,71.03234576438808,51.39326327892016
2013-02-11 13:00:00,13.276060600253096,71.0323454674314,66.1050921347878
2013-02-11 14:00:00,13.276089804026181,71.03234650917112,106.98155914769899
2013-02-11 15:00:00,68.57926595521376,89.19795754490194,152.05101831761897
2013-02-11 16:00:00,72.23544137199386,110.26110980923164,166.24613769567256
2013-02-11 17:00:00,72.23544070732034,110.26110590137003,166.92567718197049
2013-02-11 18:00:00,72.23544126826117,110.26110884513413,166.92501753847324
2013-02-11 19:00:00,72.23544346894951,110.26111170862303,166.92259785514338
2013-02-11 20:00:00,74.80649622109118,110.26111769641433,168.12354125116164
2013-02-11 21:00:00,74.80650684671761,110.2611203812088,168.12353921476452
2013-02-11 22:00:00,74.80650693107059,110.26112339271607,168.52106940549004
2013-02-11 23:00:00,74.80650697208331,110.2611254887718,169.9422436526293
2013-02-12 00:00:00,74.80650700048827,110.26112751790605,170.16544376941116
2013-02-12 01:00:00,74.80650705605917,110.26113122267962,170.39179103117968
2013-02-12 02:00:00,74.80650709691972,110.26118291476169,171.75348561619202
2013-02-12 03:00:00,74.80650713173864,110.43359275644733,188.3403364431993
2013-02-12 04:00:00,74.80650715201608,110.26122318851952,197.54655660602162
2013-02-12 05:00:00,74.80650717109484,136.79183253703079,199.28846423624265
2013-02-12 06:00:00,74.80650719603915,148.52379940056315,200.22076588183313
2013-02-12 07:00:00,74.80650723214654,148.52380505692835,200.97707784528814
2013-02-12 08:00:00,74.80650723280553,148.5238014010171,189.1131649975191
2013-02-12 09:00:00,74.80650726596775,148.52380502610984,185.48145775065507
2013-02-12 10:00:00,74.80650726489682,148.5238022687057,178.02754501465887
2013-02-12 11:00:00,74.80650745241294,162.02361744572164,187.85029972864396
2013-02-12 12:00:00,77.07488862843655,170.31967966957575,194.40752508566487
2013-02-12 13:00:00,167.1421114201025,193.49364248260176,212.45981434847423
2013-02-12 14:00:00,190.08177022001948,207.5530253847491,224.94771790072596
2013-02-12 15:00:00,200.94096512069513,216.07885333052818,232.1558829473807
2013-02-12 16:00:00,205.41703616514914,221.0568359688415,235.1605057857939
2013-02-12 17:00:00,222.36870245994797,222.1411351073277,235.9632076590225
2013-02-12 18:00:00,220.892298464945,221.0568664637603,236.13185095496146
2013-02-12 19:00:00,220.86140580777928,221.48679390421142,236.74796784539785
2013-02-12 20:00:00,222.84054759908952,222.16375438870008,237.8488239641207
2013-02-12 21:00:00,224.06625742511088,222.6717636485894,237.16557493233637
2013-02-12 22:00:00,223.8994596839718,222.50791639027184,237.18789476689483
2013-02-12 23:00:00,223.67283528694696,222.28529677200711,236.97472087323138
2013-02-13 00:00:00,223.3908794564874,222.00832814940225,236.96795970246
2013-02-13 01:00:00,226.62125177587308,223.6931919768252,237.34509388796934
2013-02-13 02:00:00,230.17006351660075,223.6048001445527,238.13360382686926
2013-02-13 03:00:00,230.15280409654147,225.36284474492044,240.48153491440618
2013-02-13 04:00:00,233.82836533537,228.10294126853796,242.66134310160325
2013-02-13 05:00:00,233.8283702662756,230.39826620868538,245.58424565875964
2013-02-13 06:00:00,233.82837528691252,230.58549054974796,246.7596599955484
2013-02-13 07:00:00,222.89299977164083,195.79204248337186,244.20145215916637
2013-02-13 08:00:00,222.89299916004083,195.79202439739882,234.65296886669285
2013-02-13 09:00:00,222.8929985875235,159.863767496863,233.72720722188956
2013-02-13 10:00:00,222.89299771478176,159.8637203853205,232.9782695607057
2013-02-13 11:00:00,210.96238913437702,148.53664024884824,233.21469470613434
2013-02-13 12:00:00,185.2397683033386,147.2219996208385,235.35345779378073
2013-02-13 13:00:00,185.6335095150889,148.53663704838775,235.32161151383127
2013-02-13 14:00:00,189.0260441211746,159.86376313807634,237.15622491557497
2013-02-13 15:00:00,190.48323186808244,161.7376465486874,238.8146031132102
2013-02-13 16:00:00,194.2295416103311,195.7920208343434,241.39996278633222
2013-02-13 17:00:00,181.33936321456818,195.79202196565222,241.4781353513192
2013-02-13 18:00:00,74.80650813236498,195.79201094624307,240.40069436928417
2013-02-13 19:00:00,74.80650767670183,180.24351946780533,237.5487909981935
2013-02-13 20:00:00,74.80650760816053,159.86377274843363,236.67500704983297
2013-02-13 21:00:00,74.80650757476747,159.86377007679,234.86299753599934
2013-02-13 22:00:00,74.80650753680364,159.86376550449134,233.5171902254907
2013-02-13 23:00:00,74.80650751477694,159.86375491778327,233.38744779902646
2013-02-14 00:00:00,74.80650744937404,156.19291856463857,233.17263608782582
2013-02-14 01:00:00,74.80650717495689,142.001656817839,230.86243615149408
2013-02-14 02:00:00,74.80650693694797,124.90941339098592,230.21065758775512
2013-02-14 03:00:00,74.8065051442609,116.65511132528427,229.51378154049644
2013-02-14 04:00:00,72.23543608037295,67.26361716468945,226.7243701803526
2013-02-14 05:00:00,65.09838398412502,67.55406194552332,219.41812522451647
2013-02-14 06:00:00,64.29829473072662,70.73297729113814,192.30266636193988
2013-02-14 07:00:00,64.57935763576134,71.03234648771434,153.57648747703035
2013-02-14 08:00:00,49.815068639269846,68.73627126670362,130.02771341155184
2013-02-14 09:00:00,45.72263926516093,59.93265382598861,81.26876380722165
2013-02-14 10:00:00,4.335868300032098,55.05514027759003,65.73272464615569
2013-02-14 11:00:00,4.325911623511149,49.72538058357381,60.25809937448139
2013-02-14 12:00:00,13.27606996848154,48.9572128621391,58.924161367056804
2013-02-14 13:00:00,48.8027097503565,59.93265868340136,73.83787185363475
2013-02-14 14:00:00,51.979559109560086,71.03234121236524,134.17880584790933
2013-02-14 15:00:00,54.48446552327573,71.03234777700646,155.06788603874807
2013-02-14 16:00:00,64.57938648346592,71.0323511249377,161.19050123484917
2013-02-14 17:00:00,74.80650736340445,91.05661267368835,159.87252571323745
2013-02-14 18:00:00,74.8065076482044,102.4534476852273,162.33775294900485
2013-02-14 19:00:00,74.80650775089744,104.27324525906798,163.41834295520033
2013-02-14 20:00:00,74.80650789241767,109.0189502444468,165.87565865488565
2013-02-14 21:00:00,86.26832989535673,114.96841367121141,168.02583287807803
2013-02-14 22:00:00,181.29018018034088,191.8506957615948,205.8850189173459
2013-02-14 23:00:00,181.33936683922528,191.90211783135396,206.2828310731162
2013-02-15 00:00:00,181.6388876662418,192.21529088528425,206.8796971173115
2013-02-15 01:00:00,202.86381533111162,214.40764700143757,225.86781316671673
2013-02-15 02:00:00,208.482058559249,220.28170558506304,229.8130740421467
2013-02-15 03:00:00,229.7563531914742,224.24693406452826,232.58258919988214
2013-02-15 04:00:00,229.26637372183802,224.43292630977055,232.9874109823425
2013-02-15 05:00:00,229.26638722795641,227.0074972458007,235.04739442897596
2013-02-15 06:00:00,229.26639190520746,227.75464380777362,236.9293212645137
2013-02-15 07:00:00,231.3350878533357,227.87138555460697,236.66542908402022
2013-02-15 08:00:00,231.61127598713819,227.09083311052862,234.47034562461363
2013-02-15 09:00:00,231.61128031421003,227.09083478529607,235.71851793188108
2013-02-15 10:00:00,232.56758403488593,227.09077503780765,237.21409999272657
2013-02-15 11:00:00,232.56759336196538,227.09084192046436,237.51953121012653
2013-02-15 12:00:00,232.56761801063402,227.64184176808632,238.63178972699458
2013-02-15 13:00:00,232.56762205322372,228.0096829004842,239.28369462190423
2013-02-15 14:00:00,232.56762515875187,228.451553516508,242.3455852801237
2013-02-15 15:00:00,232.5676194549531,230.3982608343328,244.83589960175888
2013-02-15 16:00:00,233.18936990148256,230.39826504592247,246.88425027364576
2013-02-15 17:00:00,233.564514658576,235.21999289870826,247.10913760087547
2013-02-15 18:00:00,233.53513037610128,235.14716328891402,247.11059947839854
2013-02-15 19:00:00,233.39842929122565,235.1471602863953,246.89386739994157
2013-02-15 20:00:00,233.3984307951111,235.14716222055122,246.85040403157942
2013-02-15 21:00:00,233.3795348004547,235.14716850885932,246.77910488614316
2013-02-15 22:00:00,233.3012627941904,235.2200178977415,246.6922197257758
2013-02-15 23:00:00,233.22392519405903,235.12102876325432,246.65220586231072
2013-02-16 00:00:00,232.56762124470097,232.99577502509865,246.6510443732931
2013-02-16 01:00:00,232.56762083070612,230.39826424241406,246.65248847145176
2013-02-16 02:00:00,232.5676211202332,230.3982635158172,246.7965293330457
2013-02-16 03:00:00,232.5676240805257,230.39826385127273,247.13404367078024
2013-02-16 04:00:00,232.56762914385962,230.39826873557197,247.27417568899565
2013-02-16 05:00:00,233.2177788386597,232.4502949392924,247.53700411918035
2013-02-16 06:00:00,233.12410585351645,232.82247197562143,247.66959996409125
2013-02-16 07:00:00,233.25724433227742,234.68992201695067,246.24448297947012
2013-02-16 08:00:00,233.30659209127518,230.1636253920661,246.1124696849844
2013-02-16 09:00:00,234.08839705174626,230.39825874123,246.16714039286478
2013-02-16 10:00:00,233.8283706068674,230.16359182838326,246.2040553624935
2013-02-16 11:00:00,233.82836893306057,230.16358855179928,246.34056340741574
2013-02-16 12:00:00,233.82836877122332,230.17907106842398,246.61736983160927
2013-02-16 13:00:00,233.82836901410798,230.39826597195687,247.45975166705145
2013-02-16 14:00:00,236.36235765719675,230.58281787954607,247.77202131324304
2013-02-16 15:00:00,236.07073604636366,230.60748632328182,247.94425182662027
2013-02-16 16:00:00,235.49729585160466,231.22522570303656,248.88414749499736
2013-02-16 17:00:00,234.4922164386968,231.037275155837,248.60144484661114
2013-02-16 18:00:00,233.8045991856992,230.4879971474462,247.37687703830963
2013-02-16 19:00:00,233.54000400642684,230.3982720556755,246.78781503665184
2013-02-16 20:00:00,232.95583100374463,230.3982660319278,246.45046619924517
2013-02-16 21:00:00,232.49179894998667,230.39827270638372,246.41377600068418
2013-02-16 22:00:00,232.33087257191872,230.39831020391455,246.4137723759739
2013-02-16 23:00:00,232.33087004740324,230.3982714513482,246.41376945741354
2013-02-17 00:00:00,232.3308693931762,230.3982683371051,246.41051222228148
2013-02-17 01:00:00,232.33086922610502,230.39826583045476,246.41050983664118
2013-02-17 02:00:00,232.3308691916434,230.39826470746007,246.4158855908869
2013-02-17 03:00:00,232.33086920767016,230.39826435064327,246.41772454715075
2013-02-17 04:00:00,232.33086921099974,230.39826422468258,246.65571314756664
2013-02-17 05:00:00,232.33086931864216,230.39826380312815,247.07255753505615
2013-02-17 06:00:00,232.33086938538452,230.39826343085807,247.1752598138728
2013-02-17 07:00:00,231.59413969223507,228.388036425513,243.04129235505357
2013-02-17 08:00:00,231.59413869011084,228.3880285169153,242.6567552700547
2013-02-17 09:00:00,231.59413910587483,228.3800727068441,242.7166568211681
2013-02-17 10:00:00,231.59413933317938,228.38802946890263,242.72913959180852
2013-02-17 11:00:00,231.59413942824963,228.38802923092715,242.7168295242208
2013-02-17 12:00:00,231.5941394499771,228.3880290614968,242.8321330995342
2013-02-17 13:00:00,231.59413978087696,228.38802862809158,242.8320627898306
2013-02-17 14:00:00,231.59414123998377,228.3880305412829,243.8586532274179
2013-02-17 15:00:00,233.82836817716108,228.4112179969476,245.43067374825446
2013-02-17 16:00:00,234.07048742277618,230.3982669170352,245.65189901756486
2013-02-17 17:00:00,233.82836912849942,230.39826705318583,245.6702896657082
2013-02-17 18:00:00,233.828365003559,229.6882886446677,244.69347982296597
2013-02-17 19:00:00,233.82836437992196,230.2517730030335,244.77977525369727
2013-02-17 20:00:00,231.59414678297844,228.60868058847836,243.84725032726956
2013-02-17 21:00:00,231.59414238945078,228.48515375310956,243.7296164692475
2013-02-17 22:00:00,231.59414147789963,228.41122568800665,243.63902179218204
2013-02-17 23:00:00,231.59414165147197,228.4112248544019,243.08822154074107
2013-02-18 00:00:00,231.59414200738638,228.41122441381518,243.18044438961576
2013-02-18 01:00:00,231.59414220421107,228.41122446291087,243.40732674932485
2013-02-18 02:00:00,231.59414246500265,228.41122624377627,243.5723301877396
2013-02-18 03:00:00,231.5941436195899,228.4112298900564,243.58708646984826
2013-02-18 04:00:00,231.59418000894647,228.88516540342758,244.1911176445616
2013-02-18 05:00:00,233.82836790272333,230.2105861764836,245.76284520632626
2013-02-18 06:00:00,233.82836800000706,230.39825553465454,246.08511070904908
2013-02-18 07:00:00,233.8283686189694,95.95657292277657,232.40943557524866
2013-02-18 08:00:00,229.00383310724766,80.04208983638395,222.2024425631113
2013-02-18 09:00:00,219.86469543534076,78.99704872154389,216.93286463868267
2013-02-18 10:00:00,193.55438968152973,78.99704835108642,209.6354232262761
2013-02-18 11:00:00,193.1697313798781,78.99704823162693,209.1033449965089
2013-02-18 12:00:00,193.16973125537433,78.9970483864143,212.94630174841961
2013-02-18 13:00:00,195.81141562093543,78.99704900030954,216.18884946394775
2013-02-18 14:00:00,218.91958342767072,78.99705153898456,218.5409655476287
2013-02-18 15:00:00,231.2638787694643,208.3132208256772,229.01457023169007
2013-02-18 16:00:00,234.438238621742,230.37478629419059,237.87429335350373
2013-02-18 17:00:00,233.82836798535024,229.46485612075992,236.82378323469612
2013-02-18 18:00:00,233.0549031091671,228.2918482206962,235.5827963966182
2013-02-18 19:00:00,232.2005536956405,227.4256851242792,234.44260732425903
2013-02-18 20:00:00,231.24386745508536,226.72817347137794,233.70795465214155
2013-02-18 21:00:00,230.88309810807473,224.98783406689918,228.3678435437691
2013-02-18 22:00:00,214.74514828899726,214.06500285147092,221.11109693095747
2013-02-18 23:00:00,213.88846312107714,214.11894730725786,219.5338884120589
2013-02-19 00:00:00,200.34500016215293,215.6539529234869,219.37045782348406
2013-02-19 01:00:00,193.16973034154555,208.31327467247164,212.885792226566
2013-02-19 02:00:00,193.16972449327903,208.3132420189747,212.88573641154898
2013-02-19 03:00:00,187.13875058909773,208.31323996308404,212.65354991102177
2013-02-19 04:00:00,186.83244000990135,208.31324112925284,212.86347405232448
2013-02-19 05:00:00,187.46753558974973,208.31324352323057,212.8014529909459
2013-02-19 06:00:00,193.16972284909983,208.31324385503413,212.13129261147517
2013-02-19 07:00:00,91.37095248016823,168.86148933980394,150.10978139722602
2013-02-19 08:00:00,91.37095274419492,134.7165461953642,143.36598196043508
2013-02-19 09:00:00,74.80652536489485,78.6995788876628,85.7412726912231
2013-02-19 10:00:00,76.09510574527918,78.69955670796634,83.40832693092622
2013-02-19 11:00:00,74.80654434923285,78.69955448869067,84.66574310680127
2013-02-19 12:00:00,74.80651132783437,78.9803075666851,86.13009504066606
2013-02-19 13:00:00,74.80650940580352,80.85040833512082,92.17030757211982
2013-02-19 14:00:00,74.80651091884866,111.76284960050546,121.49851976611818
2013-02-19 15:00:00,74.80650882626026,132.69868965569248,144.04927159906998
2013-02-19 16:00:00,74.80650832062557,138.05017030211457,151.0551457602347
2013-02-19 17:00:00,74.8065082006598,138.0501938850095,151.06579990993782
2013-02-19 18:00:00,74.80650815299856,138.05017051407756,151.06579126399308
2013-02-19 19:00:00,74.80650814146914,138.0501678369365,151.0657854000375
2013-02-19 20:00:00,74.80650814042284,138.0501686058477,151.06578311978893
2013-02-19 21:00:00,74.80650815926249,138.05016721213477,151.0657835963391
2013-02-19 22:00:00,74.80650823806693,138.05016858632604,151.06578416899575
2013-02-19 23:00:00,74.80650827180216,138.050167661862,151.0657839517679
2013-02-20 00:00:00,74.80650831338491,138.0501628881784,151.06578360892934
2013-02-20 01:00:00,74.80650829513728,138.05012741465657,151.06578382904294
2013-02-20 02:00:00,74.80650823927924,138.0500459301388,151.0657836928601
2013-02-20 03:00:00,74.80650831085433,138.05003547579457,151.06578618323692
2013-02-20 04:00:00,74.80650847742879,138.05003475320888,151.06578950660722
2013-02-20 05:00:00,74.80650876553177,138.0500341753709,151.0658278937527
2013-02-20 06:00:00,74.80650902651142,138.05003392055147,151.06585095147705
2013-02-20 07:00:00,74.80650859302096,82.1373019142154,146.84542726270953
2013-02-20 08:00:00,74.80650819094451,77.65815211989077,98.68607060343741
2013-02-20 09:00:00,74.80650553150389,77.24409368385302,84.68101234345552
2013-02-20 10:00:00,74.80650802965968,77.17411181870307,86.08750528814095
2013-02-20 11:00:00,74.80650818540819,77.44093303457842,87.94656404247866
2013-02-20 12:00:00,74.80650835265664,77.65815050749362,114.87091797510466
2013-02-20 13:00:00,74.80650848127193,78.48502287415441,117.21311825954375
2013-02-20 14:00:00,74.80650841362916,78.69955556126286,132.29512636290687
2013-02-20 15:00:00,74.80650837015561,80.07309939880979,161.4380877283152
2013-02-20 16:00:00,74.8065089508273,83.55888109558511,202.7283478589815
2013-02-20 17:00:00,74.80651067448122,83.95927254000637,202.74929404481878
2013-02-20 18:00:00,74.80650972564545,83.67561434114825,202.7834193921547
2013-02-20 19:00:00,74.80651723116979,83.64254478961345,202.78498033789725
2013-02-20 20:00:00,74.80650991676985,83.93954023857125,202.74681131588034
2013-02-20 21:00:00,74.8065086172394,84.00527397685595,202.74748096150844
2013-02-20 22:00:00,74.80651068821439,86.17873735036787,202.75555605098305
2013-02-20 23:00:00,74.80650904846227,84.00544691194659,202.75481375567117
2013-02-21 00:00:00,74.80650906579237,84.00502446256682,202.75560157875475
2013-02-21 01:00:00,74.8065104558858,84.00497937112651,202.7556020450892
2013-02-21 02:00:00,74.80651180082631,84.00496520815632,202.75576211672652
2013-02-21 03:00:00,76.46571978679958,84.76203959543147,204.47147499584992
2013-02-21 04:00:00,78.23873023527607,85.49985295867259,206.54475807685267
2013-02-21 05:00:00,79.27290114436012,85.69179112465545,209.1362531820033
2013-02-21 06:00:00,79.34235337313731,85.47106134447833,211.55992161397444
2013-02-21 07:00:00,79.34234677008594,84.38380541460836,205.2330220376013
2013-02-21 08:00:00,74.80650927578975,78.6995565653356,142.93329621887273
2013-02-21 09:00:00,74.8065084407892,78.6329218095092,120.27661929083231
2013-02-21 10:00:00,74.806508324193,78.69955593053176,141.90680019120725
2013-02-21 11:00:00,74.80650828493414,78.69955634831203,140.24617770171162
2013-02-21 12:00:00,74.80650836529196,80.15394062593404,162.91452641463832
2013-02-21 13:00:00,74.80650855902611,80.13987116567047,159.28753987341656
2013-02-21 14:00:00,74.80650846112256,81.5416290230797,203.77318375285824
2013-02-21 15:00:00,74.80650838100851,81.9783514261326,208.3956630778193
2013-02-21 16:00:00,76.2521385844269,83.11884160550751,216.81701647729392
2013-02-21 17:00:00,74.80651024248299,83.35900754912981,217.59546091522577
2013-02-21 18:00:00,74.80650841337255,83.35900578962473,217.88900515247968
2013-02-21 19:00:00,74.8065083345652,83.35900774407226,216.56741656777368
2013-02-21 20:00:00,74.80650835096309,83.3590049159393,214.8725940563127
2013-02-21 21:00:00,74.806508406086,83.35900418842294,215.2374169088891
2013-02-21 22:00:00,76.25214437745494,83.5727783077135,215.71384741766548
2013-02-21 23:00:00,79.34234646427356,84.93838382234081,215.7602786508569
2013-02-22 00:00:00,79.34234899461694,84.93838459253227,216.3778217207289
2013-02-22 01:00:00,79.34234947673777,84.9383843922903,216.974589649665
2013-02-22 02:00:00,79.34235010971427,84.93838410781842,217.16397023356967
2013-02-22 03:00:00,79.65565505486265,85.07605711683517,217.44650265353653
2013-02-22 04:00:00,79.67312019915313,85.09028333822947,218.377493335465
2013-02-22 05:00:00,80.72743727704969,85.5535781124455,218.94628903905806
2013-02-22 06:00:00,79.7080202124545,85.13387456772537,218.9094119762394
2013-02-22 07:00:00,76.25217619733768,81.34806022785043,166.43603207932802
2013-02-22 08:00:00,74.80650823934293,78.69956258922979,122.2169936937585
2013-02-22 09:00:00,74.80650822725403,78.35403937120729,118.72100468985845
2013-02-22 10:00:00,74.80650840571973,78.6995546133695,124.13349587302118
2013-02-22 11:00:00,74.80650827508357,78.69955756042023,124.91477281943925
2013-02-22 12:00:00,74.80650833315377,78.69955782429446,128.72183441971472
2013-02-22 13:00:00,74.80650835157401,78.69955749090872,122.98651072805457
2013-02-22 14:00:00,74.8065082683695,78.69958345024781,127.64807169173892
2013-02-22 15:00:00,74.80650826654497,79.70808292535962,140.79632798702883
2013-02-22 16:00:00,74.8065083157741,80.61375451236863,161.33254055424237
2013-02-22 17:00:00,74.80650829692388,83.35898798242181,162.42732271423384
2013-02-22 18:00:00,74.80650828813806,83.359008608277,162.55794639739656
2013-02-22 19:00:00,74.80650829707707,83.3590083253426,162.55793021391867
2013-02-22 20:00:00,74.80650832988958,83.35900922258072,156.29565736667234
2013-02-22 21:00:00,74.80650834818644,83.35901133761458,156.11264734171323
2013-02-22 22:00:00,75.91545922411875,83.3590145256798,156.1132047900706
2013-02-22 23:00:00,76.76920213243804,83.66302646414242,156.10865337981465
2013-02-23 00:00:00,79.34235894309407,83.93473193235506,156.1090877062147
2013-02-23 01:00:00,79.34235956949469,83.91848729245203,156.1090729113888
2013-02-23 02:00:00,79.34235948511444,83.91845241485892,156.10107620893743
2013-02-23 03:00:00,79.34235691037222,83.78769782835538,156.10018881409695
2013-02-23 04:00:00,74.80650960895736,81.64914005118476,156.09623480043572
2013-02-23 05:00:00,74.80650868978226,80.86168447746164,142.82545417269966
2013-02-23 06:00:00,74.80650841394812,81.50113570734877,122.46417602679657
2013-02-23 07:00:00,74.80650831156228,83.35901245370108,99.58213569757285
2013-02-23 08:00:00,74.80650786980499,79.14004425648255,90.9605144357786
2013-02-23 09:00:00,68.28865654345631,75.63200686539045,85.49226909428776
2013-02-23 10:00:00,64.03137012608832,77.17996857203545,84.3853198882898
2013-02-23 11:00:00,67.9384212502985,78.69954944749524,84.4774572021922
2013-02-23 12:00:00,68.28864899759485,78.69954532632121,88.99174123668419
2013-02-23 13:00:00,68.28864620146092,77.86043206192323,88.28196315887985
2013-02-23 14:00:00,68.2886482335662,78.69955722049615,92.55467550105743
2013-02-23 15:00:00,70.49037230610794,78.6995655811869,94.81880681406058
2013-02-23 16:00:00,74.80649810258555,83.35901676221354,101.89047804966418
2013-02-23 17:00:00,74.80650782789245,83.98066002905317,102.23086499517264
2013-02-23 18:00:00,74.80650790703012,84.4748022649005,100.58140798560767
2013-02-23 19:00:00,74.80650790302985,84.49278085169297,100.19709717489363
2013-02-23 20:00:00,74.80650791156658,83.35903286726705,101.42632936458645
2013-02-23 21:00:00,74.80650398313385,83.35902985497235,102.10211914772125
2013-02-23 22:00:00,74.80650343435846,87.69159518570683,104.67550537314595
2013-02-23 23:00:00,74.80650333369928,88.34182427012475,105.15281422694683
2013-02-24 00:00:00,74.80650115491925,85.50183068034639,104.17900672314303
2013-02-24 01:00:00,71.777054549754,83.35904495036135,103.74308095514884
2013-02-24 02:00:00,68.28864880067457,83.35902217950697,102.61553672350092
2013-02-24 03:00:00,55.625338411625265,83.35901931906938,102.36321528609588
2013-02-24 04:00:00,55.62533278750275,83.35901981535994,102.97690617118427
2013-02-24 05:00:00,55.62533187081411,83.35901877116945,103.65426362087395
2013-02-24 06:00:00,55.62533192271348,83.3590186344087,104.04296297214685
2013-02-24 07:00:00,52.53721075347793,84.08071916388369,97.13839774639294
2013-02-24 08:00:00,51.7484839650468,81.99627970731093,92.39905132986482
2013-02-24 09:00:00,48.586954548801096,79.5203990255585,91.02601123119982
2013-02-24 10:00:00,48.80270900998857,78.69955659805456,90.92845222094132
2013-02-24 11:00:00,48.80271610712338,78.69955549619961,91.4234432047082
2013-02-24 12:00:00,48.80271275466682,78.6995555605665,93.05519089353483
2013-02-24 13:00:00,48.802715560228016,78.69955199985779,92.08054809417519
2013-02-24 14:00:00,54.48446744399911,82.21778992860114,96.60793355431568
2013-02-24 15:00:00,71.77705099195865,84.98077707574735,102.30812404125066
2013-02-24 16:00:00,74.80650781581159,84.98083474030692,107.78540121763618
2013-02-24 17:00:00,74.8065080153304,84.98085236843565,108.26078464422173
2013-02-24 18:00:00,74.80650802681063,84.98085387346272,109.08347874315702
2013-02-24 19:00:00,74.80650805354641,84.9808546193064,109.09178589744124
2013-02-24 20:00:00,74.80650800837222,84.98085618892691,109.0703980246805
2013-02-24 21:00:00,74.80650786879205,84.98085830241307,109.00683563828296
2013-02-24 22:00:00,74.80650783966641,84.98087357237019,109.00683857101937
2013-02-24 23:00:00,74.806507902707,84.98086775224468,109.00683505754452
2013-02-25 00:00:00,74.80650789420153,84.98086182256796,109.00683453164908
2013-02-25 01:00:00,74.8065078476601,84.98086078091372,109.00683453776948
2013-02-25 02:00:00,74.80650773319624,84.98086080482211,109.00683528163448
2013-02-25 03:00:00,74.8065076553601,84.9808617982137,109.00683676520839
2013-02-25 04:00:00,74.80650800381491,84.98086938898913,109.07020676559979
2013-02-25 05:00:00,74.80650810664527,85.10912396148775,109.6054146365837
2013-02-25 06:00:00,74.806508168297,86.3958931001811,109.84336829014998
2013-02-25 07:00:00,74.80650817624382,86.39589569388173,109.3303969045601
2013-02-25 08:00:00,74.8065081372013,86.39589428223833,99.91749696807304
2013-02-25 09:00:00,74.80650727871992,78.93054470112982,94.41658842370465
2013-02-25 10:00:00,74.80650774682685,78.69956671782873,89.28431105896638
2013-02-25 11:00:00,74.80650778982044,78.69956068825279,88.51458493371793
2013-02-25 12:00:00,74.80650769741338,78.69957841911548,93.0386671276726
2013-02-25 13:00:00,74.80650643021333,80.20434906425056,92.10749879774322
2013-02-25 14:00:00,74.80650728319681,84.40246174830195,96.5238909829907
2013-02-25 15:00:00,74.80650623313412,93.65209102491754,123.7754991313007
2013-02-25 16:00:00,74.80650739015447,98.26123308393632,152.3146768403329
2013-02-25 17:00:00,74.80650758761116,100.68788484921974,152.46168940587486
2013-02-25 18:00:00,74.80650771347653,100.68572006049664,152.46032131168113
2013-02-25 19:00:00,74.80650778216604,102.06594901367573,153.12082338713697
2013-02-25 20:00:00,74.80650793204985,104.58795312990627,154.477218637999
2013-02-25 21:00:00,74.80650808289182,106.29171320419582,155.79461623334726
2013-02-25 22:00:00,74.80650817235616,107.72322017594188,156.3119584026345
2013-02-25 23:00:00,74.80650818447383,109.17423976623168,156.83639291573874
2013-02-26 00:00:00,74.80650819528583,110.76573164128823,159.86406140457822
2013-02-26 01:00:00,74.80650822813931,125.98401408245458,167.9008762058844
2013-02-26 02:00:00,74.80650824790935,127.46219403893213,169.7837779745439
2013-02-26 03:00:00,74.80650829110128,129.0371777654517,198.56899645247782
2013-02-26 04:00:00,74.8065083427108,130.1338428045543,205.86412598664126
2013-02-26 05:00:00,74.80650847944824,155.82713677517245,208.79938131570722
2013-02-26 06:00:00,74.80652830844514,155.8271493053971,211.7033791130979
2013-02-26 07:00:00,80.37407246934728,155.8271493337726,209.41033452379762
2013-02-26 08:00:00,81.43817759822683,155.82714380894672,209.4099781998954
2013-02-26 09:00:00,170.00597143558994,155.82713781262927,209.4581363250375
2013-02-26 10:00:00,170.00693763439716,155.827149833334,209.35072031420782
2013-02-26 11:00:00,172.32440851534068,161.08032865120097,209.98109266566922
2013-02-26 12:00:00,191.01753193688958,202.02134402830342,214.9351715822716
2013-02-26 13:00:00,193.357161631796,202.02135134320312,218.71005343320527
2013-02-26 14:00:00,203.78180577387104,202.02163982879307,235.3155202607564
2013-02-26 15:00:00,208.89015299691343,211.51508997873358,237.92836350488594
2013-02-26 16:00:00,209.37351787938604,212.04886184120338,238.67693075235508
2013-02-26 17:00:00,209.67766790479627,212.0488657416699,239.04471451301936
2013-02-26 18:00:00,209.30117593048482,212.04886249408733,238.55698714674992
2013-02-26 19:00:00,209.301173849762,212.04886269773297,238.65560771742548
2013-02-26 20:00:00,209.30117360732118,212.04885959369636,238.69934432124182
2013-02-26 21:00:00,209.30117298986482,212.048856457583,238.4733242925097
2013-02-26 22:00:00,209.30117573525044,212.04886300235518,238.58102554220292
2013-02-26 23:00:00,209.30117744499552,212.04886424294403,238.25281449608997
2013-02-27 00:00:00,209.3011751861189,212.04886575841965,238.25281589945067
2013-02-27 01:00:00,209.30117374650374,212.04886899716988,238.36416373102176
2013-02-27 02:00:00,209.3011741039075,212.04891578313337,238.2446371163694
2013-02-27 03:00:00,209.8312558964277,213.43780592251525,238.29043005625385
2013-02-27 04:00:00,210.5031802398359,216.06216391351393,237.933582906392
2013-02-27 05:00:00,212.0180965961788,220.49103974565827,237.97209798437893
2013-02-27 06:00:00,214.3982349724216,224.55291480775995,238.3842451639948
2013-02-27 07:00:00,213.4041676184583,224.8076168372058,237.4312827161109
2013-02-27 08:00:00,213.10988216280862,224.5529151439072,237.28563577035158
2013-02-27 09:00:00,213.2066195692766,224.5529157964588,237.34289338578716
2013-02-27 10:00:00,213.38301076341665,224.5529161326983,237.42048412056562
2013-02-27 11:00:00,213.5511749636365,224.55291581339546,237.65930726510902
2013-02-27 12:00:00,213.7453306213646,224.55291737773123,237.92895430391366
2013-02-27 13:00:00,213.02420871360306,224.55291281344705,238.0211433605515
2013-02-27 14:00:00,209.30117888373678,224.55291051633853,238.10505813150618
2013-02-27 15:00:00,209.301179045365,224.55290970736212,238.80761533821752
2013-02-27 16:00:00,212.168011001863,224.55291828507083,239.67329663878337
2013-02-27 17:00:00,209.301180100608,224.55292013043135,240.12549461885507
2013-02-27 18:00:00,209.30117789186167,224.5529193979056,239.24168843232334
2013-02-27 19:00:00,209.3011776410241,224.55291984899375,238.24173673232963
2013-02-27 20:00:00,209.3011774994507,224.5529220155744,238.17109380535558
2013-02-27 21:00:00,209.3011782241684,224.55295257462834,237.85653469124105
2013-02-27 22:00:00,186.33022131954746,224.5529243722467,237.6770462875284
2013-02-27 23:00:00,209.30117747160264,225.2826528482953,237.63343819077946
2013-02-28 00:00:00,209.30117876429574,225.28267702923674,237.63343367369436
2013-02-28 01:00:00,213.26477424904294,225.28268319560107,237.63343287088125
2013-02-28 02:00:00,213.2647909917186,225.28269656192197,237.63343226966177
2013-02-28 03:00:00,213.2647917412237,225.2826978935158,237.63343142355507
2013-02-28 04:00:00,213.2647896480169,225.28269456636878,237.41071325298356
2013-02-28 05:00:00,213.26476742262378,225.28267345879684,237.1489783746668
2013-02-28 06:00:00,212.40210630186712,224.38069848597678,236.32585329586928
2013-02-28 07:00:00,158.10561627463247,171.66718418013195,176.53052984035324
2013-02-28 08:00:00,158.10561312418758,167.6093743281096,172.9946783644192
2013-02-28 09:00:00,158.1056156116885,167.60937553436304,173.06507829598462
2013-02-28 10:00:00,158.10561617046469,167.6093751342694,172.88509581372696
2013-02-28 11:00:00,158.10561511638133,167.60937408380587,172.70672774656077
2013-02-28 12:00:00,158.10561634266276,167.6093760157975,173.73702268187841
2013-02-28 13:00:00,158.10561564580297,167.60937495905577,172.8512535909676
2013-02-28 14:00:00,158.10561628007977,167.6093755215567,171.43642206012578
2013-02-28 15:00:00,158.10561610878884,167.60937562398752,175.67707234553248
2013-02-28 16:00:00,158.10561647118593,171.06380775895326,181.74001712961513
2013-02-28 17:00:00,158.10561519851626,172.1387849899701,178.90549573703652
2013-02-28 18:00:00,128.86158942532572,167.609376807224,174.08744414038938
2013-02-28 19:00:00,128.86158261963578,167.60935109766478,173.59396629103585
2013-02-28 20:00:00,128.86158056386998,166.84385167912023,173.2612319691694
2013-02-28 21:00:00,128.86158129097134,167.12151033247613,173.17782451723534
2013-02-28 22:00:00,128.8615817710473,166.81756020143612,173.26475412931435
2013-02-28 23:00:00,128.8615817064253,166.81753973951254,173.25586528964035
2013-03-01 00:00:00,128.86157824977678,166.81752649540817,173.25584918684663
2013-03-01 01:00:00,77.87706059773808,166.81402661355523,173.2517726772271
2013-03-01 02:00:00,74.80651105045604,166.81578375616454,173.25358873936528
2013-03-01 03:00:00,74.8065091263504,166.81778427769262,173.2555010940123
2013-03-01 04:00:00,74.80650859480284,166.8178548152609,173.26471563644313
2013-03-01 05:00:00,74.80650844133129,166.81765084355672,173.26477170158535
2013-03-01 06:00:00,74.80650838209105,166.81841004300986,173.26136507537285
2013-03-01 07:00:00,74.80650834722952,165.68968764386946,169.37022020362724
2013-03-01 08:00:00,74.80650831214489,158.5239332503462,164.82196284965457
2013-03-01 09:00:00,74.80650830527591,152.40684554980942,158.68676042900233
2013-03-01 10:00:00,74.80650831236998,156.25292323356283,165.00729836661523
2013-03-01 11:00:00,74.80650831965265,159.08979186286462,167.20314106373917
2013-03-01 12:00:00,74.8065083322766,165.68968475922205,171.54159912818307
2013-03-01 13:00:00,74.80650832395015,167.00917837457004,172.29262303245875
2013-03-01 14:00:00,74.80650829333389,169.3103970637767,174.4777199967863
2013-03-01 15:00:00,74.80650828988554,178.9457186162406,183.17951884490301
2013-03-01 16:00:00,74.80650844115954,182.27560054562713,192.8551162000325
2013-03-01 17:00:00,74.80650901491033,182.27560439776488,191.8163372146539
2013-03-01 18:00:00,74.8065094564102,182.2756086782919,192.06685665486305
2013-03-01 19:00:00,82.73460457866177,182.27561188452424,192.56281917183253
2013-03-01 20:00:00,84.94438554230577,182.275624318856,192.76578877459346
2013-03-01 21:00:00,179.66301046673482,193.84315152669305,197.97978705296885
2013-03-01 22:00:00,205.07486373318505,216.87473547380674,220.00391074577865
2013-03-01 23:00:00,207.09823013953687,219.94795774797697,222.04158159965073
2013-03-02 00:00:00,208.58864550535287,221.89882636716393,223.48129826944614
2013-03-02 01:00:00,210.3205619224835,222.19913827709038,223.64480782479131
2013-03-02 02:00:00,220.0119288199495,222.3533599410693,224.31604750581616
2013-03-02 03:00:00,220.82339968617208,223.46034038058903,224.33465127745865
2013-03-02 04:00:00,220.82339963110024,223.46034166582848,218.13487565682286
2013-03-02 05:00:00,220.82339992858718,223.46034142292947,215.5488369431611
2013-03-02 06:00:00,220.82340004074962,223.46034103887538,214.74076728603993
2013-03-02 07:00:00,111.29904271152989,190.04349409194396,113.46894781466204
2013-03-02 08:00:00,111.29904192846665,115.87775678575727,99.84362543810894
2013-03-02 09:00:00,107.83211443604671,106.5483257642283,97.91895836336838
2013-03-02 10:00:00,99.8326725625627,105.76405874861783,96.55802376038397
2013-03-02 11:00:00,94.43305130557391,105.76406371821689,92.09100878845535
2013-03-02 12:00:00,90.94826180850245,105.76406312590605,91.42359596387561
2013-03-02 13:00:00,90.94826013618795,97.11474375633624,90.4541632861111
2013-03-02 14:00:00,90.94826167592115,99.12132411864678,91.69004158137972
2013-03-02 15:00:00,90.94826109409966,105.21352977979487,95.4264334379506
2013-03-02 16:00:00,92.16020241923624,140.40788557352386,111.4253010269575
2013-03-02 17:00:00,89.77415138630359,210.542053815803,112.09343499185283
2013-03-02 18:00:00,84.41004158929486,210.54205470940568,111.93396631489176
2013-03-02 19:00:00,85.8538781622524,210.5420555655804,110.56960499506577
2013-03-02 20:00:00,74.8065100152212,210.54205636306014,107.30976547782556
2013-03-02 21:00:00,74.80650906498516,210.54205848315044,107.30975288341526
2013-03-02 22:00:00,74.80652639632089,210.54207793610982,107.58852001812305
2013-03-02 23:00:00,82.967921764952,210.54206473855683,107.99030028968915
2013-03-03 00:00:00,84.2883156099259,210.54205395165448,108.50721833312386
2013-03-03 01:00:00,90.94826079578652,210.5420539496172,110.19566628458716
2013-03-03 02:00:00,90.9482618776052,210.54205391348427,110.20000146057205
2013-03-03 03:00:00,91.3448078711271,210.54205359422838,110.62743058949187
2013-03-03 04:00:00,110.44270616631263,210.54205226014562,111.52013980958287
2013-03-03 05:00:00,116.966142967629,210.5420419997539,112.15664383102481
2013-03-03 06:00:00,118.62198205595432,210.5420396213976,112.35186436271542
2013-03-03 07:00:00,118.621988875065,149.59712550233442,87.74629515652862
2013-03-03 08:00:00,96.87985002626799,100.20652333444067,81.7094384182333
2013-03-03 09:00:00,96.87985241585669,100.20648113717212,81.69124229040008
2013-03-03 10:00:00,96.8798549206554,94.96392389539032,82.53523343749237
2013-03-03 11:00:00,96.87994935658692,88.4540736849177,82.35576282086397
2013-03-03 12:00:00,123.53292075303382,105.81001897777263,86.7960156828543
2013-03-03 13:00:00,123.53292957768751,105.81002149247234,86.98656840436493
2013-03-03 14:00:00,144.13251651414987,120.62247307308111,92.14235559905238
2013-03-03 15:00:00,190.19701920789376,149.5680975868535,125.76604871084247
2013-03-03 16:00:00,233.82836657803583,214.88918750646735,212.06450565022323
2013-03-03 17:00:00,233.82837060519134,219.44109742242426,218.67193093070884
2013-03-03 18:00:00,233.82836773058443,219.44109718437718,218.63710532739898
2013-03-03 19:00:00,233.82836733733936,219.44109483058313,218.6440426623448
2013-03-03 20:00:00,233.38452008847565,219.4410810014902,218.80618462837595
2013-03-03 21:00:00,232.71051307638393,219.44106529038783,219.23184072712627
2013-03-03 22:00:00,225.7663291372313,216.87472941431858,223.0543802681061
2013-03-03 23:00:00,221.61620349321106,216.00452532094013,223.00390239279483
2013-03-04 00:00:00,201.41722224232706,211.94393740430715,221.62745831793274
2013-03-04 01:00:00,197.09981159077364,202.97777149901793,221.83905079711764
2013-03-04 02:00:00,194.6285221462426,196.0574755530221,221.79516942278917
2013-03-04 03:00:00,190.73584165169186,185.04400249850474,221.77450737317463
2013-03-04 04:00:00,190.73583817112916,185.0439988512098,221.7344377622687
2013-03-04 05:00:00,190.1970208236426,185.04399864173155,221.09582479795023
2013-03-04 06:00:00,190.197019370802,185.09027924623518,220.87610872758916
2013-03-04 07:00:00,75.28858473495345,80.32404463779461,86.09295447284947
2013-03-04 08:00:00,72.0356492628573,70.4976055066814,75.4267113070916
2013-03-04 09:00:00,68.28863703956482,70.49755406484421,74.81108266291733
2013-03-04 10:00:00,68.28862715321715,70.49755388411826,74.71880147234262
2013-03-04 11:00:00,68.28862687082423,70.49755343426378,74.22015572183285
2013-03-04 12:00:00,68.28862685494981,70.49755378229483,74.79654813563263
2013-03-04 13:00:00,68.28862689569866,70.4975540467822,74.81105362176602
2013-03-04 14:00:00,68.28862720101209,71.34161687241102,75.13561360459353
2013-03-04 15:00:00,70.63467221967504,74.32639417840689,79.5172214141609
2013-03-04 16:00:00,74.22356481740472,78.69955298102293,93.06914016891004
2013-03-04 17:00:00,74.22356469674608,79.28705802461563,91.9902901753722
2013-03-04 18:00:00,70.11252531693913,77.61094477064164,88.77608738256207
2013-03-04 19:00:00,68.28862987909154,75.31245982870745,87.49558011915147
2013-03-04 20:00:00,68.28862681656786,75.07897249996016,85.78001543191115
2013-03-04 21:00:00,68.28862754564184,74.95531694240033,85.5985139545048
2013-03-04 22:00:00,68.28863854529558,74.94630426690533,85.62139195246371
2013-03-04 23:00:00,68.2886395277317,74.9037635199453,85.68728027988784
2013-03-05 00:00:00,71.57919514596108,75.00953526568213,85.83820894075738
2013-03-05 01:00:00,73.19331558267082,75.74389286605958,86.18824545838298
2013-03-05 02:00:00,74.22356429222664,82.11999266447039,87.82707108935837
2013-03-05 03:00:00,74.22356446886708,82.60093673109846,88.71115830293726
2013-03-05 04:00:00,74.22356451698721,83.58226741376023,90.47454784544165
2013-03-05 05:00:00,74.22356450073708,84.0694669107677,90.78316372065385
2013-03-05 06:00:00,74.22356449604271,84.069474671608,92.07938428075934
2013-03-05 07:00:00,70.63484782276956,74.32658198357711,78.09756374546312
2013-03-05 08:00:00,66.36491494093772,69.98037966251619,73.87248469180335
2013-03-05 09:00:00,66.36491096706779,69.98038052904728,73.74873589269379
2013-03-05 10:00:00,66.36491238842856,69.98037922007528,73.74873167679554
2013-03-05 11:00:00,66.36491196037184,69.9803783700789,73.74781723303583
2013-03-05 12:00:00,66.36491237920347,69.98038020725411,73.51614039992685
2013-03-05 13:00:00,66.36491315133195,69.9803830795389,73.88647001475769
2013-03-05 14:00:00,69.28868675480933,72.95637241990062,76.68624362524598
2013-03-05 15:00:00,74.22356433905621,81.30566537100273,90.54076284876842
2013-03-05 16:00:00,89.00367560106835,149.1356344523268,158.37568040998073
2013-03-05 17:00:00,140.689768339957,149.83145110019038,161.7592255080928
2013-03-05 18:00:00,140.8303518289035,149.39971682277312,159.95046717380512
2013-03-05 19:00:00,140.68976578646505,149.39971298721463,158.62095767778916
2013-03-05 20:00:00,140.68976600329373,149.39971060551667,158.50998217192088
2013-03-05 21:00:00,140.68976645759668,149.3997107076109,158.50926707028873
2013-03-05 22:00:00,144.4022163410571,153.2813714543694,162.6266016856528
2013-03-05 23:00:00,150.78139741792873,159.42722208713678,168.25682230722566
2013-03-06 00:00:00,178.48805753747635,178.93333878188568,191.62970298013886
2013-03-06 01:00:00,183.55112588111112,182.87338698573421,194.70140769052023
2013-03-06 02:00:00,185.1670844297316,182.87344634367358,194.93836810414913
2013-03-06 03:00:00,185.16708950948043,182.8734520710712,195.45191067613564
2013-03-06 04:00:00,185.16708956274243,182.87345342400783,195.67126338989715
2013-03-06 05:00:00,185.16708997719206,182.8734538923281,195.67127391237764
2013-03-06 06:00:00,185.1670902511079,182.8734542422642,195.75711364942336
2013-03-06 07:00:00,90.65126652000325,93.80537430866252,98.87512321982695
2013-03-06 08:00:00,90.6512665455089,95.91999499118324,101.0314280879917
2013-03-06 09:00:00,90.65126680354598,95.92000378027672,105.78087400278926
2013-03-06 10:00:00,80.23939509251655,81.28536803074567,89.39993742195442
2013-03-06 11:00:00,74.22356427490547,77.63884231106142,80.62052614822433
2013-03-06 12:00:00,74.22356486953147,77.26983361644038,83.01444851490722
2013-03-06 13:00:00,74.22356756335518,78.0653738340212,85.39088883816903
2013-03-06 14:00:00,76.07863521774212,78.96742643756835,86.62760929628783
2013-03-06 15:00:00,81.88388882040273,82.79570679618627,91.5180810151264
2013-03-06 16:00:00,90.65126552435903,88.35579175192659,102.56583730802181
2013-03-06 17:00:00,90.65124424622721,95.92000126920827,102.83332508409528
2013-03-06 18:00:00,74.22356332598834,82.06203350627166,93.32627384049182
2013-03-06 19:00:00,72.93680931862043,79.3912268261766,92.02165858032501
2013-03-06 20:00:00,66.12419338185856,78.96744137535414,91.9330691897508
2013-03-06 21:00:00,66.1241911844792,78.96743538769282,91.6621707938236
2013-03-06 22:00:00,66.12419019339846,78.96743267738825,90.9687318356032
2013-03-06 23:00:00,66.1241897240999,78.96743259981172,90.9687380914729
2013-03-07 00:00:00,66.12418946266074,78.96743213486887,90.96974558516578
2013-03-07 01:00:00,66.12418917497992,78.96743181334745,90.8990434789624
2013-03-07 02:00:00,66.12418886200237,78.96743173650677,90.90188981375687
2013-03-07 03:00:00,66.124188518591,78.96743188477714,90.84489628984457
2013-03-07 04:00:00,66.12418810926272,78.96743219778763,90.14519493296835
2013-03-07 05:00:00,66.1241876574723,78.96743365522862,89.45544230444918
2013-03-07 06:00:00,66.12418720210977,79.09284578208305,89.64137834595468
2013-03-07 07:00:00,57.36950326411039,74.37175459827516,71.26335566620232
2013-03-07 08:00:00,54.896944152791036,70.59539952428385,65.18916293015344
2013-03-07 09:00:00,52.73647291080116,70.59532289308518,65.81147542943165
2013-03-07 10:00:00,54.48442015113857,69.20457144857914,64.69090147372425
2013-03-07 11:00:00,49.05860775237438,69.9736419798761,58.27861565763893
2013-03-07 12:00:00,57.369487805980974,69.45233206058154,63.54579387193445
2013-03-07 13:00:00,57.38179350673035,68.22753988757552,64.56829926104713
2013-03-07 14:00:00,57.50486814662104,70.59539980708203,64.690163949029
2013-03-07 15:00:00,61.076988805053176,70.59540511940523,71.60213689916135
2013-03-07 16:00:00,61.56326906331017,70.5954043928758,59.206196841917524
2013-03-07 17:00:00,57.5048683088997,70.59540503803935,59.66184739836269
2013-03-07 18:00:00,57.504859165315594,70.59540406824425,59.63877749154363
2013-03-07 19:00:00,57.50485852633219,70.59540177695229,59.61378518844967
2013-03-07 20:00:00,57.50485850057185,70.59540225444965,59.627324210536194
2013-03-07 21:00:00,57.504858590546505,70.59540243309279,59.638787047120395
2013-03-07 22:00:00,57.504858726855055,70.59540311569121,59.63880356640638
2013-03-07 23:00:00,57.504860657890035,70.59540193084031,59.65226463839706
2013-03-08 00:00:00,57.51718275742422,70.59540079660768,59.4498663620064
2013-03-08 01:00:00,57.52950841408897,70.59540034773752,59.527196633736644
2013-03-08 02:00:00,57.54183703106877,70.59540042967298,59.638795194309196
2013-03-08 03:00:00,57.554168496343344,70.59540021966534,59.64994618679419
2013-03-08 04:00:00,57.566503772720196,70.59539985497771,59.63880310397824
2013-03-08 05:00:00,57.60352380431779,70.59540058143803,59.63881056316584
2013-03-08 06:00:00,58.2695878922349,70.59540057102458,59.66186831183775
2013-03-08 07:00:00,49.95974465053999,66.71307362050688,43.469832883261475
2013-03-08 08:00:00,31.636326698330596,66.71306843597505,37.193096653422295
2013-03-08 09:00:00,13.276073565126996,66.71306780084963,30.500365657930494
2013-03-08 10:00:00,4.32590562449872,66.7130678807231,16.648120471427703
2013-03-08 11:00:00,4.325904662969682,66.71306836250807,14.816386298671128
2013-03-08 12:00:00,4.33586963396438,66.71306933075897,25.04048655646352
2013-03-08 13:00:00,16.6822212884383,66.71307253094015,31.168269115986753
2013-03-08 14:00:00,40.02932400465133,66.7130769038393,40.45862721395239
2013-03-08 15:00:00,57.76423104895458,67.57858595666995,50.67757250587086
2013-03-08 16:00:00,58.188525043307365,66.7130818583169,68.2079960115433
2013-03-08 17:00:00,57.76423625056448,66.71327656766535,62.21793962978682
2013-03-08 18:00:00,57.76423479843805,66.71308168456923,62.217870643454056
2013-03-08 19:00:00,57.764234701503774,66.71307550965135,62.103864647296064
2013-03-08 20:00:00,57.764235052204825,66.71307605058233,75.83939517622487
2013-03-08 21:00:00,57.7766156018807,67.30422185311289,76.79399923098153
2013-03-08 22:00:00,57.78900258895865,68.74647782841008,78.17909529672701
2013-03-08 23:00:00,57.801390243683144,68.3051688396421,77.88321853793167
2013-03-09 00:00:00,57.813781163365775,67.0885089800537,77.65803878370306
2013-03-09 01:00:00,57.82617514707134,66.71307602901113,77.28724925943062
2013-03-09 02:00:00,57.838572033323345,66.71307390135266,77.28725045076985
2013-03-09 03:00:00,57.85097174391897,66.71307026468867,77.28724593775713
2013-03-09 04:00:00,57.86337454598968,66.71306917282678,77.28724463397795
2013-03-09 05:00:00,57.875780383102246,66.71307061531304,77.28724151612074
2013-03-09 06:00:00,57.888189148827365,66.71307441503392,77.08744505101076
2013-03-09 07:00:00,56.04218498815754,66.71306866528295,65.21630847060477
2013-03-09 08:00:00,54.55616402990044,66.7130688392691,63.5277523947693
2013-03-09 09:00:00,49.42835760671853,66.71306809082466,61.65700006635559
2013-03-09 10:00:00,54.48440719154283,66.71307206030458,65.60546437404362
2013-03-09 11:00:00,57.95027259665148,66.71307027149749,64.31902382599246
2013-03-09 12:00:00,57.96270138772289,66.71306853304344,65.0785854312127
2013-03-09 13:00:00,57.975136862160475,66.71306814193582,65.80630913429623
2013-03-09 14:00:00,58.42446282477749,66.71306788372051,66.22515418400042
2013-03-09 15:00:00,58.73858238211326,66.71306754333011,67.52127512814057
2013-03-09 16:00:00,59.500110438868745,66.71308019022418,73.98580153436272
2013-03-09 17:00:00,63.50324895072495,70.5954025903824,75.541046710012
2013-03-09 18:00:00,63.52876213535493,70.59540286319917,76.44240810949954
2013-03-09 19:00:00,63.527782791537675,70.59540244281546,76.43032849353119
2013-03-09 20:00:00,63.52872841050717,70.59540175763634,76.44241656050072
2013-03-09 21:00:00,63.72867805080368,70.59540076450732,76.44244312698305
2013-03-09 22:00:00,64.16915605477503,70.59540293194937,78.05520583127661
2013-03-09 23:00:00,64.16914500805544,70.5954028627977,76.48473209136229
2013-03-10 00:00:00,63.503170371005666,70.595402743347,76.4412084411858
2013-03-10 01:00:00,61.24922686857253,70.59539591812404,75.651571762554
2013-03-10 02:00:00,60.222153022985594,69.42917509891232,75.50396034579643
2013-03-10 03:00:00,61.15859292903883,69.4876235421195,75.71162790712994
2013-03-10 04:00:00,62.31764108224503,69.25514507757103,75.95130180807473
2013-03-10 05:00:00,63.12921311975699,69.48762440327556,76.11871032469828
2013-03-10 06:00:00,61.874387543956836,67.33648481908493,75.84342738434519
2013-03-10 07:00:00,14.440059924491965,17.622483975016685,21.211647424681576
2013-03-10 08:00:00,4.400252998534226,12.61146592029355,18.06180033453731
2013-03-10 09:00:00,4.335866617264994,12.611450152325382,16.28458970204654
2013-03-10 10:00:00,4.335867451037959,12.57606492620496,16.306058735621676
2013-03-10 11:00:00,4.335866781803589,12.611450360279528,16.307685849336483
2013-03-10 12:00:00,4.335867091389221,12.083017121881841,17.70343643222304
2013-03-10 13:00:00,4.3358690191444715,12.090410429732621,17.698213749235233
2013-03-10 14:00:00,4.4597013345116565,12.197411474296947,18.161230613758665
2013-03-10 15:00:00,13.276052670198435,19.96770731422817,20.88688156038106
2013-03-10 16:00:00,34.86326839743209,38.74966133462233,58.174991369755716
2013-03-10 17:00:00,51.177581903439446,55.80757634186206,63.815957759740904
2013-03-10 18:00:00,49.81498126902423,54.382869012134066,65.7426688897578
2013-03-10 19:00:00,48.80600652000748,53.3279065464164,66.14827115445867
2013-03-10 20:00:00,51.016311966241915,55.638958781434724,72.45024861756593
2013-03-10 21:00:00,51.97948240842901,55.90988987581336,79.31920597454071
2013-03-10 22:00:00,56.260970067414945,55.909918197228635,79.75444919410232
2013-03-10 23:00:00,56.26096315615918,55.9099020076508,80.66999623777191
2013-03-11 00:00:00,56.26095953700131,55.90989013551268,80.33581984717833
2013-03-11 01:00:00,56.26101684064753,55.90988622959151,80.93520055949332
2013-03-11 02:00:00,56.34308713137092,55.90988517350321,81.38761265300624
2013-03-11 03:00:00,62.42861029586437,55.90988914220375,87.06436070730791
2013-03-11 04:00:00,62.54734004427779,55.909891022741334,87.46838306937606
2013-03-11 05:00:00,62.54734267077497,55.90991336374893,87.99224870436629
2013-03-11 06:00:00,62.54733145804975,55.90991171667494,88.06936882787505
2013-03-11 07:00:00,49.32337764944963,43.14825586035738,81.8971806151416
2013-03-11 08:00:00,4.325904620317847,20.096166744727544,72.29196602165096
2013-03-11 09:00:00,4.325904460637586,19.750541724133754,71.04514136306216
2013-03-11 10:00:00,4.325986472702071,19.127933916251045,70.84460207996551
2013-03-11 11:00:00,4.337565532017691,16.969675238688705,70.56370175907834
2013-03-11 12:00:00,19.663381148831082,24.537935127562136,76.12141471550902
2013-03-11 13:00:00,13.27606599277873,20.06132082635272,75.39182853166196
2013-03-11 14:00:00,4.3375696733376135,17.574525856163508,76.92974379224707
2013-03-11 15:00:00,4.325908693182384,17.860116939002413,106.61624606297934
2013-03-11 16:00:00,13.27608065209904,23.659152303840038,136.5447119255635
2013-03-11 17:00:00,66.12417615289341,49.50685763443323,151.5079378219347
2013-03-11 18:00:00,66.12417425360198,49.455431162904446,151.2738265894094
2013-03-11 19:00:00,64.03129641075147,48.49960706131182,151.40030721915534
2013-03-11 20:00:00,64.03129176044392,46.095722541273474,159.989996545527
2013-03-11 21:00:00,58.155876295604486,36.26442415196671,162.97317180764827
2013-03-11 22:00:00,66.12417935694907,41.27626685325194,167.57687480875722
2013-03-11 23:00:00,58.155843429705,36.2644078085947,168.28184429680653
2013-03-12 00:00:00,53.38364634801615,36.26439769576574,172.22212526593717
2013-03-12 01:00:00,58.15588888011118,36.26438988801904,178.4302924511052
2013-03-12 02:00:00,66.12417189845799,36.2644008377852,189.84618708385975
2013-03-12 03:00:00,66.1241727106554,37.79246780400098,201.83407843528656
2013-03-12 04:00:00,66.12418065446256,36.26445405359895,206.43869660894725
2013-03-12 05:00:00,66.12418102873353,46.09573522521576,208.84215833029043
2013-03-12 06:00:00,66.12418114720549,67.62535302563136,210.66657489628392
2013-03-12 07:00:00,66.1241811938478,67.62535545574195,196.2862965499249
2013-03-12 08:00:00,66.12418097475538,41.79005304322605,189.8548603036222
2013-03-12 09:00:00,66.12418019867485,28.34608697212029,179.92953770876636
2013-03-12 10:00:00,66.12418110495844,13.734839101713533,182.8171125704648
2013-03-12 11:00:00,66.12418118031808,22.47395606114959,180.605824433659
2013-03-12 12:00:00,66.12418122209573,28.346132511302446,201.0182834504559
2013-03-12 13:00:00,66.1241812689449,19.295253316928868,204.69445937725106
2013-03-12 14:00:00,66.12418144505776,28.34614288133741,216.08369291480867
2013-03-12 15:00:00,68.28863997150155,69.71593752079686,227.15099356797438
2013-03-12 16:00:00,167.32446579279107,112.47388518069762,230.297748519818
2013-03-12 17:00:00,193.41372548591076,176.94076051767752,231.53874886759397
2013-03-12 18:00:00,193.4011762180095,176.94076602375412,231.5232562421104
2013-03-12 19:00:00,193.38862819040253,176.94078300319487,231.5042283026579
2013-03-12 20:00:00,199.33683233484646,196.84273503495763,231.48255024672727
2013-03-12 21:00:00,205.59065975213508,205.68232902188774,231.68299172398835
2013-03-12 22:00:00,205.18443087815885,214.27015817195863,230.7416450576644
2013-03-12 23:00:00,205.59066134381288,216.874694411079,229.8394254817032
2013-03-13 00:00:00,205.52865012591604,216.8747297956318,229.5597772135191
2013-03-13 01:00:00,205.5906550518622,216.87473733228325,229.5579618850276
2013-03-13 02:00:00,205.52866205118616,216.8537940206135,229.48210906286965
2013-03-13 03:00:00,205.2233535729815,216.87472624995783,229.47658198529325
2013-03-13 04:00:00,205.22335883220643,216.87472928962177,229.59071777513952
2013-03-13 05:00:00,205.22335545219963,216.87472960245452,229.7023238932854
2013-03-13 06:00:00,205.20502621615694,216.85556804227724,229.5730748065331
2013-03-13 07:00:00,125.45663693964822,168.5941767146367,226.9690725107995
2013-03-13 08:00:00,125.45657921958865,168.5941732953975,226.96352955415247
2013-03-13 09:00:00,102.41591280107006,167.51984862269816,225.73771395523042
2013-03-13 10:00:00,102.41591310496833,109.8250080596662,219.04861895859653
2013-03-13 11:00:00,102.4159121334811,108.28192411248854,220.55018504114747
2013-03-13 12:00:00,102.41590506296573,161.00107120379977,222.88758334634758
2013-03-13 13:00:00,68.14200955826657,80.27054098312006,225.14638180883378
2013-03-13 14:00:00,66.12418121432265,161.00107585905394,226.86722770419956
2013-03-13 15:00:00,66.12418086902484,161.00108506274123,228.44173153783441
2013-03-13 16:00:00,66.12418086771132,173.3253677601555,233.5460628604854
2013-03-13 17:00:00,66.12418174884402,212.4112800932321,235.09091177196794
2013-03-13 18:00:00,66.12418269523005,212.41128168818406,235.4418913839969
2013-03-13 19:00:00,68.28861260988525,212.4112821102251,233.9062254454243
2013-03-13 20:00:00,68.28863700701898,212.4112816010296,233.46689563708807
2013-03-13 21:00:00,68.2886375722045,212.41128155349176,232.72440668056294
2013-03-13 22:00:00,102.41591383743072,212.41075533480748,228.81553997645025
2013-03-13 23:00:00,102.41590970337886,212.02134596468557,228.52262848650523
2013-03-14 00:00:00,82.48020499140817,174.27968256101775,228.52262189701216
2013-03-14 01:00:00,105.18004504481587,173.32537794929942,228.52262073151712
2013-03-14 02:00:00,106.59125027425411,173.3253728221245,228.4906968152543
2013-03-14 03:00:00,108.0221882355399,173.32537178899813,228.87364133894903
2013-03-14 04:00:00,122.38018611155859,173.325371274319,229.8834140420403
2013-03-14 05:00:00,138.94087649272512,173.32537153409953,230.9288853818206
2013-03-14 06:00:00,144.6699441938458,173.32537181863688,232.27668513861596
2013-03-14 07:00:00,144.66994725582546,173.32534251638438,216.06573434183858
2013-03-14 08:00:00,144.6699453306263,140.58186886844103,178.34186046412003
2013-03-14 09:00:00,144.66994091757047,140.23157695647205,169.6382654180303
2013-03-14 10:00:00,167.62268314786985,164.47243268209056,181.69274386386516
2013-03-14 11:00:00,169.90704718543964,166.30664424437566,181.71039798379272
2013-03-14 12:00:00,172.22336882999184,173.32535958510925,187.93810580690305
2013-03-14 13:00:00,174.57206505596585,173.3253631258565,184.9086561537956
2013-03-14 14:00:00,176.95367957396718,173.32536532081215,208.5627644694693
2013-03-14 15:00:00,190.65224700864024,186.38287364686204,219.45367996398969
2013-03-14 16:00:00,214.2908446357245,207.54082736759165,231.07031589778637
2013-03-14 17:00:00,217.47857209594244,216.87473530834723,233.81519020026792
2013-03-14 18:00:00,217.4785720946409,218.2404782357859,234.20889480822026
2013-03-14 19:00:00,217.4785720050835,218.77337587923236,232.9957276013737
2013-03-14 20:00:00,217.4785718021766,219.00959228226955,233.06364045184748
2013-03-14 21:00:00,217.47857031736996,219.6838022398078,233.1927867699929
2013-03-14 22:00:00,206.52949784079956,218.2404099300286,230.31031416845997
2013-03-14 23:00:00,176.95602487108627,216.43667234978895,227.17322070947844
2013-03-15 00:00:00,176.95367615899607,212.28706149451628,225.85942930120783
2013-03-15 01:00:00,68.14200345804672,198.67615062715026,225.4979258383126
2013-03-15 02:00:00,66.12417977237726,186.38295491346102,224.84533330466877
2013-03-15 03:00:00,66.12417946303317,186.38293677860744,222.84102026974566
2013-03-15 04:00:00,66.1241791577166,186.38293435113175,222.7261982186211
2013-03-15 05:00:00,66.12417869693398,186.38293419071417,223.08401432081564
2013-03-15 06:00:00,66.12417765505742,186.38293318817023,223.5555382904505
2013-03-15 07:00:00,56.583602134852256,56.93959284177642,79.67714544773249
2013-03-15 08:00:00,52.96900061010285,49.97309134207865,73.86027443200807
2013-03-15 09:00:00,50.0074751874276,49.97300529608803,70.80375479868334
2013-03-15 10:00:00,39.08304828951898,29.097258867577125,63.46773403816329
2013-03-15 11:00:00,18.404578877345354,11.689246435432658,47.81891529702376
2013-03-15 12:00:00,6.91757360837381,6.8380452648200745,51.90864609876623
2013-03-15 13:00:00,4.337569321642476,8.051373157847031,58.11619052320055
2013-03-15 14:00:00,43.86762302176707,32.8036999948347,69.68853014824073
2013-03-15 15:00:00,54.44939383281981,49.973092642230995,75.31378589558459
2013-03-15 16:00:00,55.15103946377492,53.317955489982765,92.44402531375285
2013-03-15 17:00:00,55.86238789856883,57.18131237665688,97.22338181236749
2013-03-15 18:00:00,56.583600958335744,57.52089084634005,95.74212982988485
2013-03-15 19:00:00,56.58360026193569,58.96076760997855,89.69318384160376
2013-03-15 20:00:00,53.61023800816735,59.3477169880195,89.22185758418962
2013-03-15 21:00:00,46.62875566795661,57.181388598194744,88.9072064547339
2013-03-15 22:00:00,46.62875442249125,51.72196268652618,86.93365605042017
2013-03-15 23:00:00,46.62875364800317,51.69557457526416,85.12878568293954
2013-03-16 00:00:00,46.6287531870232,51.68806045027753,84.93704066250119
2013-03-16 01:00:00,46.6287525202837,51.67360663945692,84.4434711076511
2013-03-16 02:00:00,46.628748831515715,49.97308816891636,78.72812842375036
2013-03-16 03:00:00,46.516716086023195,49.85543547654963,79.15877683987661
2013-03-16 04:00:00,46.24317310575785,49.85543484406652,77.33585705175913
2013-03-16 05:00:00,44.69920313385348,49.855434469656984,77.61539138230067
2013-03-16 06:00:00,13.276062419666662,49.85543393882401,75.31919465655893
2013-03-16 07:00:00,4.325904474076089,6.938577285680767,13.361896384663618
2013-03-16 08:00:00,4.325904212944545,6.826490369260206,13.330388839838717
2013-03-16 09:00:00,4.325904091253356,6.825761937833531,13.329029629915782
2013-03-16 10:00:00,4.325903991688834,6.826223641272173,13.325618846936056
2013-03-16 11:00:00,4.325903900768235,6.825965399369574,13.324866130116604
2013-03-16 12:00:00,4.325904036864218,6.826493360145844,13.325673356546632
2013-03-16 13:00:00,4.325904268265075,6.840420792924851,13.328673354241309
2013-03-16 14:00:00,4.325904151038111,7.588150935218046,13.880638370864288
2013-03-16 15:00:00,4.325904775344321,16.588927996781045,22.359045683420774
2013-03-16 16:00:00,4.325904807898252,41.0672979608284,51.29714743963496
2013-03-16 17:00:00,4.325905069964224,41.29027423723903,49.16906426235433
2013-03-16 18:00:00,4.325904630656576,41.067293474485496,40.16611264515737
2013-03-16 19:00:00,4.325904547071814,32.71992680217796,38.55557368784855
2013-03-16 20:00:00,4.325904636641198,32.66198919268434,38.631284052565896
2013-03-16 21:00:00,4.3259050243863175,32.31407426250104,38.921491875055125
2013-03-16 22:00:00,4.325907031278443,32.66291983773557,39.01177302999568
2013-03-16 23:00:00,4.3362936976060436,41.08316630781161,40.6530613646445
2013-03-17 00:00:00,21.101600099885648,47.38828531304404,41.741396189514674
2013-03-17 01:00:00,13.27608254687242,47.39769056977738,41.7785689445259
2013-03-17 02:00:00,13.276075750862084,47.407098141392126,41.7905185619527
2013-03-17 03:00:00,13.276072773531652,52.658476301015895,42.712138292243615
2013-03-17 04:00:00,39.465566241734614,52.65847850434034,42.6863154896746
2013-03-17 05:00:00,40.58843069215751,52.65847926759871,42.72976964264556
2013-03-17 06:00:00,41.789753444863635,52.6584785783928,42.315770516297285
2013-03-17 07:00:00,21.74118632413585,41.186551868540235,24.79344014807897
2013-03-17 08:00:00,18.789674735957608,41.01669955724073,23.62447050633717
2013-03-17 09:00:00,18.138802918859533,41.186479020525226,23.3468949262768
2013-03-17 10:00:00,22.04718773854572,41.18652609842931,23.93244343968332
2013-03-17 11:00:00,28.860628190200362,41.186551430278044,25.62548643898485
2013-03-17 12:00:00,34.65644845133926,41.18647604570005,26.251959441921713
2013-03-17 13:00:00,35.46283264663598,39.031652859123355,27.244679643606233
2013-03-17 14:00:00,42.74354139884906,45.93699851514474,34.08795381482094
2013-03-17 15:00:00,46.940794158241665,58.75520996372285,44.22353356937134
2013-03-17 16:00:00,46.94079231963509,66.71302634150399,48.81288655437101
2013-03-17 17:00:00,46.94079237857561,66.71306666037462,49.641552205242284
2013-03-17 18:00:00,46.95066631231496,66.71306659556329,49.641926502684385
2013-03-17 19:00:00,46.96054301884199,66.71306614844093,49.64192696485833
2013-03-17 20:00:00,46.97042410182697,66.71306576446135,49.64192689407408
2013-03-17 21:00:00,46.98031228516674,66.71306608326215,49.64192720260442
2013-03-17 22:00:00,46.99019891199118,66.71306645617895,49.6471407730788
2013-03-17 23:00:00,47.000087941385665,66.71306521339046,49.64354295511533
2013-03-18 00:00:00,47.00997973763906,66.71306651080519,49.604684650304186
2013-03-18 01:00:00,49.8149285733442,66.713066948424,49.64191576928624
2013-03-18 02:00:00,54.09270333464827,66.71306727367852,49.64224078460485
2013-03-18 03:00:00,56.86555113558171,66.71306754513641,49.88839944744986
2013-03-18 04:00:00,57.68637444818498,66.71306924395485,50.05643229382961
2013-03-18 05:00:00,58.45023823155258,67.85922206731941,50.64877312820861
2013-03-18 06:00:00,59.190431866145936,68.27699013166217,54.10598565128158
2013-03-18 07:00:00,57.43618446382667,66.71299064324467,54.74951256669039
2013-03-18 08:00:00,57.436183956396235,66.69774327250578,63.261001428583704
2013-03-18 09:00:00,57.436183616216724,66.69766310240142,63.73593477017442
2013-03-18 10:00:00,57.43619463295919,65.29683822932515,65.28006949166372
2013-03-18 11:00:00,59.63785495835051,66.3496093604337,68.31143547911917
2013-03-18 12:00:00,63.13996570676124,66.69779582625218,70.39831179783421
2013-03-18 13:00:00,66.00063894680103,66.71306959753593,72.66395315084556
2013-03-18 14:00:00,66.0006397978206,67.89707365005985,74.45472176445224
2013-03-18 15:00:00,66.00064027313286,68.59607293074536,75.82721522313278
2013-03-18 16:00:00,71.93097299500698,74.38156963143449,79.60258517823887
2013-03-18 17:00:00,80.49950763005508,86.46666846647693,83.91475033870944
2013-03-18 18:00:00,79.93595753073697,86.83772587632133,84.29838529494585
2013-03-18 19:00:00,72.33120692693974,85.39598338834931,83.5733328773446
2013-03-18 20:00:00,66.000641414753,84.70032330278828,83.9492505082237
2013-03-18 21:00:00,66.00064004695757,88.34727287535544,83.78730469705178
2013-03-18 22:00:00,66.00063989521024,94.48455253812205,85.3970107894889
2013-03-18 23:00:00,66.00063988181728,99.63199990922239,85.28325034965809
2013-03-19 00:00:00,66.00063982539962,99.63201873631965,85.55532655212804
2013-03-19 01:00:00,66.00063981145442,99.63201857548876,85.84070278557998
2013-03-19 02:00:00,66.00063980431031,99.63201787647499,87.64894730896027
2013-03-19 03:00:00,66.00063977268448,99.63201838815944,92.9906986626635
2013-03-19 04:00:00,66.00063974174489,99.63201866810644,94.15703337779503
2013-03-19 05:00:00,66.00063974509341,99.63201815381856,95.37336949448326
2013-03-19 06:00:00,66.00063973582407,99.63201906382629,95.39216250592818
2013-03-19 07:00:00,66.00063941903548,82.74968504158049,81.75861101436233
2013-03-19 08:00:00,66.00063835867411,70.68009470139067,75.89905932822231
2013-03-19 09:00:00,66.00063894487994,70.4717472996728,75.24573539226624
2013-03-19 10:00:00,66.00063952679143,70.40279545026735,73.96909068709928
2013-03-19 11:00:00,66.00063947455997,70.40278874994009,73.89161178657099
2013-03-19 12:00:00,66.0006395204252,70.40261510822957,73.1139067609321
2013-03-19 13:00:00,66.00063952773678,69.98854820614807,72.4329813389471
2013-03-19 14:00:00,66.00063956349422,70.47224988670597,74.20205721798187
2013-03-19 15:00:00,66.00063955595701,71.1488437432462,76.14904926314763
2013-03-19 16:00:00,66.00063962904683,75.08106356160273,83.0393725456545
2013-03-19 17:00:00,66.00063965364426,85.63467148342369,95.24347596555114
2013-03-19 18:00:00,66.00063961768733,85.63467157832737,95.24348852459148
2013-03-19 19:00:00,66.00063958970935,84.58921602312549,94.99571865305364
2013-03-19 20:00:00,66.0006395625763,84.58921028721784,95.30331017751999
2013-03-19 21:00:00,66.00063952714773,84.58921053362273,95.45965803349183
2013-03-19 22:00:00,66.00063954926561,84.58921122496542,95.6493652744121
2013-03-19 23:00:00,66.00063954567675,84.58921115121805,95.72656650985193
2013-03-20 00:00:00,66.00063954069988,84.58921114351307,95.72694320431592
2013-03-20 01:00:00,66.00063951704541,84.58921106751565,95.72695389276672
2013-03-20 02:00:00,66.00063950141075,84.58921055560542,95.72697040902669
2013-03-20 03:00:00,66.00063949185157,84.58921076820032,96.26309077450347
2013-03-20 04:00:00,66.00063948483846,84.58928056966562,97.1931668091369
2013-03-20 05:00:00,66.00063947812075,84.58932516196441,97.19318989368816
2013-03-20 06:00:00,66.00063945145796,84.58925945887714,97.00620252020177
2013-03-20 07:00:00,65.8426431882877,73.81342333270084,82.8870764291349
2013-03-20 08:00:00,64.1690805951331,70.59540280216864,78.14226061833489
2013-03-20 09:00:00,64.16914586017865,70.59540256149434,77.28692507408583
2013-03-20 10:00:00,66.0006391182332,70.59540287988722,76.83322711798169
2013-03-20 11:00:00,66.00063924754365,70.6368076088066,77.3722119621068
2013-03-20 12:00:00,66.00063933396028,70.63680888674419,78.24841804089627
2013-03-20 13:00:00,66.00063942123376,71.52963679216049,79.6134393544376
2013-03-20 14:00:00,66.0006395859858,73.9735671454604,82.34121188882526
2013-03-20 15:00:00,68.25206047481815,75.25920972344615,86.26380249857537
2013-03-20 16:00:00,91.03586605670138,101.33570186309176,119.7648646956177
2013-03-20 17:00:00,125.78484091240622,133.81541702426168,140.4507878854765
2013-03-20 18:00:00,133.61172646576742,133.81737186399693,143.13578128956595
2013-03-20 19:00:00,135.4640970577264,135.63699265649763,144.94841231503443
2013-03-20 20:00:00,142.43363259624996,142.48323604381085,151.76882314192437
2013-03-20 21:00:00,163.85900277498658,163.52958437464554,167.38839644923138
2013-03-20 22:00:00,167.28242537773488,163.63587697892558,167.45186282646463
2013-03-20 23:00:00,170.06974735936984,163.63592181377427,167.4519398488095
2013-03-21 00:00:00,170.0699216127132,163.63596480293418,167.45195052622321
2013-03-21 01:00:00,170.06992269528854,163.63596838565542,167.45195264356357
2013-03-21 02:00:00,170.06992301855908,163.635978529717,167.45195570656387
2013-03-21 03:00:00,170.06992330387888,163.63597917183284,167.4608758194877
2013-03-21 04:00:00,170.06992273343056,163.6359796450689,167.46090984447608
2013-03-21 05:00:00,170.06992329837396,163.63597997294022,167.46091365116465
2013-03-21 06:00:00,170.0699239597445,163.6359788694181,167.4609108229489
2013-03-21 07:00:00,81.30828098758437,85.79267096117673,99.38220187095314
2013-03-21 08:00:00,78.05659342116418,70.09528302400443,98.92982200810413
2013-03-21 09:00:00,78.05659069952448,70.09528201092141,98.92811213894116
2013-03-21 10:00:00,78.05659162373009,70.09528155982115,99.12319582265057
2013-03-21 11:00:00,78.05659343770795,70.09528158070006,99.1264831252579
2013-03-21 12:00:00,79.08825759078282,70.09528011123592,98.87664525215415
2013-03-21 13:00:00,78.13968214697564,70.0952751655335,98.8766431298497
2013-03-21 14:00:00,78.02314661759655,69.98360786642141,99.03461478263407
2013-03-21 15:00:00,78.70199049744491,70.09528114559177,99.30171444829851
2013-03-21 16:00:00,79.7427922413944,71.00243177366836,101.44562646137123
2013-03-21 17:00:00,80.79802775760484,84.96673062677317,112.61909914042879
2013-03-21 18:00:00,68.13232149387713,84.96672594975404,112.4204092611401
2013-03-21 19:00:00,66.00063833732551,70.25275580711615,112.59297775778356
2013-03-21 20:00:00,66.00063740218312,70.09528455399446,107.20077591321655
2013-03-21 21:00:00,66.00063647870631,70.09528452455666,100.83032678635911
2013-03-21 22:00:00,66.00063425829308,70.09528362240229,100.62241812910355
2013-03-21 23:00:00,66.00063015904038,70.09528395224184,100.63780782891888
2013-03-22 00:00:00,66.00062273140307,70.09528317878703,100.63780609961721
2013-03-22 01:00:00,65.82337867203059,70.09528327281056,100.63793311390539
2013-03-22 02:00:00,65.69193837642717,70.09528301418217,100.63571355263647
2013-03-22 03:00:00,65.68615990550377,70.09528275332562,100.63538594199477
2013-03-22 04:00:00,65.68615137535598,70.09528245962441,100.25608546612747
2013-03-22 05:00:00,65.68614824722994,70.09528143650358,100.25606598120777
2013-03-22 06:00:00,65.68614666084468,70.09527141308008,93.9577920560071
2013-03-22 07:00:00,4.325906051784448,6.83798785725543,13.728212781911616
2013-03-22 08:00:00,4.32590443576557,6.825758906596945,13.335509974213764
2013-03-22 09:00:00,4.325904081124243,6.8257569785031444,13.327602210653378
2013-03-22 10:00:00,4.3259039686801755,6.825758668288543,13.325706993816274
2013-03-22 11:00:00,4.325903911418393,6.825758243747375,13.325958956593553
2013-03-22 12:00:00,4.325903970769614,6.8240232390545605,13.334014812829249
2013-03-22 13:00:00,4.325903984584264,6.8257574555585245,13.330107669048047
2013-03-22 14:00:00,4.325903995251665,6.825759318896618,13.332132219377538
2013-03-22 15:00:00,4.325904013976236,6.837989543111212,13.386119253679198
2013-03-22 16:00:00,4.325904419969593,6.837987498400824,40.37255392271468
2013-03-22 17:00:00,4.325904648956395,6.837987768069705,43.227490770213294
2013-03-22 18:00:00,4.325904369612528,6.837987668043528,43.22875368678094
2013-03-22 19:00:00,4.325904295575742,6.837987385380939,43.06966134042288
2013-03-22 20:00:00,4.32590431975193,6.837986673176905,43.1042949344358
2013-03-22 21:00:00,4.325904338545398,6.837987021862509,43.194694615012665
2013-03-22 22:00:00,4.325904463082043,6.837987708014466,43.07993461091133
2013-03-22 23:00:00,4.325904193406742,6.837987679436659,43.0306618118534
2013-03-23 00:00:00,4.325904191378737,6.837987590320942,43.03065127200149
2013-03-23 01:00:00,4.325904191298437,6.837987665310229,43.030678212509926
2013-03-23 02:00:00,4.3259042195832365,6.837987585939452,43.09239897728575
2013-03-23 03:00:00,4.325904233017821,6.837987602093408,43.143362453237486
2013-03-23 04:00:00,4.325904226833082,6.83798754687264,43.34920505458659
2013-03-23 05:00:00,4.325904260382771,6.837987485858218,43.389280729206696
2013-03-23 06:00:00,4.3259042856097425,6.837987170071347,38.609027076437016
2013-03-23 07:00:00,4.325904048642244,6.837987395724663,19.100884535046113
2013-03-23 08:00:00,4.325903931451378,6.8379890410517605,17.927361540789143
2013-03-23 09:00:00,4.325903645453708,6.83798884156958,15.475027937833406
2013-03-23 10:00:00,4.32590252662718,6.838186995133193,14.993269129016634
2013-03-23 11:00:00,4.325898580139773,6.8381771791895,14.60227101751898
2013-03-23 12:00:00,4.325903294888787,6.8381589072319615,14.868770790821186
2013-03-23 13:00:00,4.3259037442489925,6.838175783738043,15.900318735412629
2013-03-23 14:00:00,4.325903991401876,6.837987705701142,17.923707432028493
2013-03-23 15:00:00,4.325904142404305,6.8379876842701215,37.333305169101045
2013-03-23 16:00:00,4.325904204153331,6.837988156859695,47.06362352612096
2013-03-23 17:00:00,4.325904313121148,6.837988487942528,47.57498320097825
2013-03-23 18:00:00,4.325904291181502,6.837988277434901,47.57500241977653
2013-03-23 19:00:00,4.325904266574671,6.8379882563766206,47.57370030080247
2013-03-23 20:00:00,4.325904273013505,6.837988182416729,47.86768609855438
2013-03-23 21:00:00,4.325904310616012,6.837988216008382,47.867743790773275
2013-03-23 22:00:00,4.325904684764981,6.8385767712947185,47.87031269305128
2013-03-23 23:00:00,4.325904519097678,6.837989421062857,47.87026706569156
2013-03-24 00:00:00,4.325904440459515,6.837988463611999,47.87026541203404
2013-03-24 01:00:00,4.3259043586810595,6.837988592607738,47.87024253969938
2013-03-24 02:00:00,4.325904310379557,6.83798879389147,47.60219230756068
2013-03-24 03:00:00,4.325904342882458,6.837990724246159,47.606075987759716
2013-03-24 04:00:00,4.325904358574542,6.8381836593115475,47.607804432336415
2013-03-24 05:00:00,4.325904377876231,6.838179892679237,47.63223726920528
2013-03-24 06:00:00,4.325904534766481,6.8379883561699835,47.40362321379186
2013-03-24 07:00:00,4.325904168599497,6.837988874811742,30.70088885430225
2013-03-24 08:00:00,4.325904084407141,6.837989880062595,30.094355325456647
2013-03-24 09:00:00,4.3259040461710585,6.837987971141279,28.724819354826202
2013-03-24 10:00:00,4.325903990509231,6.837987132183976,14.669625468576644
2013-03-24 11:00:00,4.325903971974378,6.8379849163084705,13.702561135177948
2013-03-24 12:00:00,4.325903956763435,6.835399798894648,13.956983472315445
2013-03-24 13:00:00,4.325903972719334,6.837987308634807,13.454025694407743
2013-03-24 14:00:00,4.325904059607356,6.837987336608997,15.579898832717337
2013-03-24 15:00:00,4.32590413551955,6.837987608598906,35.17713444242943
2013-03-24 16:00:00,4.325904190198096,6.837987508046742,49.73015858772323
2013-03-24 17:00:00,4.325904310139869,6.8379886809671016,50.81180713354899
2013-03-24 18:00:00,4.325904275330478,6.837988430835701,50.519084973246166
2013-03-24 19:00:00,4.325904265471594,6.837987998765398,50.51908411766875
2013-03-24 20:00:00,4.3259042712970075,6.837987989225488,50.5190854815968
2013-03-24 21:00:00,4.325904285596857,6.837988092491459,50.81182246039055
2013-03-24 22:00:00,4.325904469275963,6.838309829610993,50.817798608668035
2013-03-24 23:00:00,4.325904559805419,6.838197726854754,50.81773601321033
2013-03-25 00:00:00,4.32590448467978,6.838176283369226,50.81383316898394
2013-03-25 01:00:00,4.325904445873307,6.8381768104935015,50.81388071739224
2013-03-25 02:00:00,4.325904494894638,6.838202102473594,50.813880883892956
2013-03-25 03:00:00,4.325904547107938,6.838205129480302,50.81388943338906
2013-03-25 04:00:00,4.325904506466714,6.83821442180461,50.86923318617368
2013-03-25 05:00:00,4.325904480832867,6.838216452902535,51.01768094005672
2013-03-25 06:00:00,4.325904558911262,6.8382166290330595,51.01767612242063
2013-03-25 07:00:00,4.325904155542962,6.8379866156209665,49.99867848753814
2013-03-25 08:00:00,4.325904075029559,6.835400897659448,42.905202102578684
2013-03-25 09:00:00,4.325904062105741,6.834618348119181,41.599621313243354
2013-03-25 10:00:00,4.325903996767538,6.834612357186591,33.18333322580628
2013-03-25 11:00:00,4.3259038176267826,6.834491247533364,32.11298097650939
2013-03-25 12:00:00,4.325903684321349,6.829888051458813,39.66998312466201
2013-03-25 13:00:00,4.325903926679075,6.834609275004043,42.472753046377996
2013-03-25 14:00:00,4.325904031549929,6.835047869419405,44.3241039911431
2013-03-25 15:00:00,4.325904083696331,6.835401591129034,48.159645680058
2013-03-25 16:00:00,4.32590419395488,6.837987772768717,52.15563160310808
2013-03-25 17:00:00,4.32592309230972,31.670752667245544,59.668535927839
2013-03-25 18:00:00,6.741232829288274,36.758156540459986,60.91393970530004
2013-03-25 19:00:00,13.276058440583334,36.75859822113238,60.54194757442045
2013-03-25 20:00:00,13.276066471916305,36.75860000261537,60.54194852851071
2013-03-25 21:00:00,14.122088767672317,36.814187448877625,60.537988743287784
2013-03-25 22:00:00,48.94168405813004,62.194085768761155,65.03179487886088
2013-03-25 23:00:00,48.94168650961606,62.81842354643419,74.08380075133572
2013-03-26 00:00:00,48.95202638827718,65.98206901031098,76.17574080542967
2013-03-26 01:00:00,48.96236905485691,65.98206827275285,77.63477646887324
2013-03-26 02:00:00,48.972714359952775,65.98207197390919,78.13421074908112
2013-03-26 03:00:00,50.4517526401023,65.60782583328142,78.55029107725805
2013-03-26 04:00:00,58.829672365230365,66.3361668289043,79.0123782361889
2013-03-26 05:00:00,59.59245678466523,66.430261228779,79.18670038474684
2013-03-26 06:00:00,59.59245724916943,66.43026134579921,79.0404861989931
2013-03-26 07:00:00,13.27606585230706,51.48052612240319,73.92856803588606
2013-03-26 08:00:00,4.325904149321759,40.817789709844476,66.27199737235816
2013-03-26 09:00:00,4.325903978598076,6.832963397453003,49.300447885799294
2013-03-26 10:00:00,4.325884724765358,6.825759169622369,47.032675370563936
2013-03-26 11:00:00,4.325193457533066,6.825534463502323,46.57112955873636
2013-03-26 12:00:00,4.325262977148293,6.8257585395584535,45.080539384396005
2013-03-26 13:00:00,4.325903962525976,6.827923322087112,47.92047681700007
2013-03-26 14:00:00,4.325904103161164,6.832991958186358,50.001437488513396
2013-03-26 15:00:00,4.325904481764239,6.849366622214801,51.95597498453402
2013-03-26 16:00:00,49.81492786429155,66.13608833615899,76.9516051445516
2013-03-26 17:00:00,64.08556129043882,71.00612772846169,83.00403139502421
2013-03-26 18:00:00,64.92186560799612,71.90435495937629,83.53184834857134
2013-03-26 19:00:00,65.68613801420139,70.69950834399634,83.70971832318148
2013-03-26 20:00:00,65.68614240762739,70.65325405460932,83.6546317315845
2013-03-26 21:00:00,64.1634629465973,70.84197457493745,83.32628434904517
2013-03-26 22:00:00,63.775198556782655,69.9865211249317,83.73569713991779
2013-03-26 23:00:00,63.826779273491795,70.13801794109494,83.86402214624826
2013-03-27 00:00:00,63.91573901557931,70.31559979903021,83.96521215635411
2013-03-27 01:00:00,64.03129120899321,70.67266616339961,84.5514019254929
2013-03-27 02:00:00,64.03129304687715,70.56133036063288,84.55836168678785
2013-03-27 03:00:00,65.68614338423001,69.87610442820927,86.23186996998223
2013-03-27 04:00:00,65.68614407715611,69.84381194966728,86.68444791991655
2013-03-27 05:00:00,65.68614410175508,70.10007438393522,86.71773044731961
2013-03-27 06:00:00,65.68614398144375,71.61768075364861,83.8220683318361
2013-03-27 07:00:00,59.92624580449435,65.92371994729498,77.35701901097326
2013-03-27 08:00:00,4.326323819938581,58.88253373599595,73.02730511731637
2013-03-27 09:00:00,4.325904651292463,57.30085591188707,71.36896112149591
2013-03-27 10:00:00,4.325904959705473,57.300855131395735,70.5947470320597
2013-03-27 11:00:00,4.325904683600782,57.300854851853686,70.4918123893948
2013-03-27 12:00:00,4.325904589822308,57.30085571305288,70.86099203841468
2013-03-27 13:00:00,4.32590474194777,57.30085890317869,71.4486683568765
2013-03-27 14:00:00,4.325907462921086,61.64761081236486,72.57868811548242
2013-03-27 15:00:00,49.976916171506474,65.7663783072592,75.60205995593311
2013-03-27 16:00:00,64.25040561859527,69.75518826695306,80.97899012623314
2013-03-27 17:00:00,65.6861439579802,72.76135859316643,85.97067050994917
2013-03-27 18:00:00,65.68614411707172,72.8535929426215,85.96316514579667
2013-03-27 19:00:00,65.68614404559004,72.80453418017687,85.9661805354069
2013-03-27 20:00:00,65.68614397017386,72.77293843665122,85.95745691566002
2013-03-27 21:00:00,65.68614366071115,72.76135941009987,85.9457159389876
2013-03-27 22:00:00,65.68614240666365,72.76135963212909,85.94409071017137
2013-03-27 23:00:00,65.68614327799243,72.79965149867824,85.93729257621071
2013-03-28 00:00:00,65.68614373725515,73.08583042330471,85.94331535982245
2013-03-28 01:00:00,65.68614387815397,73.5162719722061,85.96251610434311
2013-03-28 02:00:00,65.68614393386076,73.91778754756136,86.09555109884366
2013-03-28 03:00:00,65.68614409336247,78.53620995531708,90.51040835731214
2013-03-28 04:00:00,65.68614417500727,81.55403479825182,91.90914516817145
2013-03-28 05:00:00,65.68614418479163,81.55404657586897,92.17450627708787
2013-03-28 06:00:00,65.68614418552407,81.55405053972565,91.78776832661137
2013-03-28 07:00:00,65.68614269793908,69.65365216476161,78.5933953761152
2013-03-28 08:00:00,63.38038843602752,68.43707927303493,77.21680657031773
2013-03-28 09:00:00,61.81468503546087,66.92952893463475,75.56081389690658
2013-03-28 10:00:00,57.84272244197828,62.573113408196434,71.86448674253431
2013-03-28 11:00:00,63.959655013515274,67.42776899749052,74.78086737938672
2013-03-28 12:00:00,65.68613032430096,69.11779181635816,75.9986897235293
2013-03-28 13:00:00,65.68614402646666,69.28859924379117,77.33583225788598
2013-03-28 14:00:00,65.68614414673671,69.75518806946567,78.42272684924178
2013-03-28 15:00:00,65.68614419244497,70.17507853784217,81.49482755965349
2013-03-28 16:00:00,65.68614425934179,73.43605036777885,87.34947540834209
2013-03-28 17:00:00,65.6861443784387,84.48619031560666,94.01951584124168
2013-03-28 18:00:00,65.68614447918279,84.55001254531886,94.07441976200595
2013-03-28 19:00:00,65.68614458272891,84.48619234245302,94.01688520906598
2013-03-28 20:00:00,65.68614464490248,84.48982381128144,94.02076803252034
2013-03-28 21:00:00,65.68614487443904,84.48619364957511,94.01844798543026
2013-03-28 22:00:00,65.68614570390685,84.48997498801656,94.01163147695978
2013-03-28 23:00:00,65.68614604864233,84.48951451006555,94.01243860570113
2013-03-29 00:00:00,65.68614605034189,84.48951579043495,94.01243984058277
2013-03-29 01:00:00,65.6861459341073,84.81226384831746,94.13807292591926
2013-03-29 02:00:00,65.68614579667484,85.61152537670739,94.4240112969135
2013-03-29 03:00:00,65.68615912640404,87.13734391994402,95.29383063564534
2013-03-29 04:00:00,67.30118724276605,88.19926519080603,96.8450343434325
2013-03-29 05:00:00,68.18234810880698,89.33797499080237,97.8823981257395
2013-03-29 06:00:00,68.28863511753231,85.11940394397314,94.25738858337459
2013-03-29 07:00:00,65.68614513509033,81.11699942462609,89.42090190639281
2013-03-29 08:00:00,65.6861451137905,72.69768854255186,87.78826214579746
2013-03-29 09:00:00,68.28863533856008,71.62210608554844,87.46518935877069
2013-03-29 10:00:00,78.55963208761929,84.43769338200595,90.26664923293346
2013-03-29 11:00:00,78.60601086503945,84.48618574584167,90.34516370865828
2013-03-29 12:00:00,78.61664621602361,84.49730381405921,90.33120325741878
2013-03-29 13:00:00,79.65623812844917,85.58428166763116,91.33347607824078
2013-03-29 14:00:00,80.71046897188681,86.68656577596836,93.86164163114269
2013-03-29 15:00:00,90.06541307859943,96.46790698135845,104.44843006861204
2013-03-29 16:00:00,104.17524860457553,111.22086774173835,118.60236173113273
2013-03-29 17:00:00,108.35750216185129,129.39207806484376,135.51745703398316
2013-03-29 18:00:00,113.8464079240803,131.25527915742333,136.9778225933562
2013-03-29 19:00:00,123.2984954928608,131.21575767520434,138.92120650608408
2013-03-29 20:00:00,124.37994811002262,132.34649528753306,140.21681619436495
2013-03-29 21:00:00,125.37950022929158,133.39160580464812,141.09900503476803
2013-03-29 22:00:00,127.62692802437986,135.74146941455868,141.35037370632165
2013-03-29 23:00:00,128.38167884024344,135.74147206498387,141.40980395187864
2013-03-30 00:00:00,128.38223925082332,135.74147197160238,141.40980571467446
2013-03-30 01:00:00,128.38223967498246,135.74147074256717,141.6248443731763
2013-03-30 02:00:00,128.28161704100287,135.7414652302499,141.87800804246973
2013-03-30 03:00:00,126.90961480979911,134.99146083222158,142.06638385070025
2013-03-30 04:00:00,126.90959225801977,134.99143865626863,142.06637866587948
2013-03-30 05:00:00,126.90958052978627,134.99142678556055,142.0663717090875
2013-03-30 06:00:00,105.75252310920423,112.87003382685621,118.97080964151334
2013-03-30 07:00:00,69.77687562372546,70.43822225695527,103.10641891684006
2013-03-30 08:00:00,68.29548016732528,69.75518867510779,103.09276155906676
2013-03-30 09:00:00,68.89390348324248,69.75518798439057,103.05438589842225
2013-03-30 10:00:00,69.77687654042016,70.14406421596463,103.08570879787524
2013-03-30 11:00:00,69.77687717657257,70.1440686346493,103.08570833948257
2013-03-30 12:00:00,69.77687756366481,70.40762513495629,103.10735232575047
2013-03-30 13:00:00,69.77687758933534,70.41949922885861,103.10905840136792
2013-03-30 14:00:00,69.77687757091067,70.41950193867828,103.1222230060203
2013-03-30 15:00:00,69.77686710662287,70.41950082260527,104.25671765201795
2013-03-30 16:00:00,68.28863931034272,70.41946896932703,109.00601128162893
2013-03-30 17:00:00,70.7081685701288,79.81585176313776,125.86158717568989
2013-03-30 18:00:00,71.63709214108648,89.07614598781134,125.86157352483745
2013-03-30 19:00:00,71.63709453209621,90.2268621976767,125.86298011484274
2013-03-30 20:00:00,71.6370993052291,92.49510001990407,125.86296243512359
2013-03-30 21:00:00,72.57852832464928,92.57660792542303,125.85844638282298
2013-03-30 22:00:00,72.82545214387027,81.20805698399131,125.84496284531568
2013-03-30 23:00:00,77.37005525012293,81.67959973248178,125.69953085341022
2013-03-31 00:00:00,100.76384319698744,95.37580103185667,125.69880361395886
2013-03-31 01:00:00,101.28067900337248,96.35479416596463,125.89489384788814
2013-03-31 02:00:00,101.48222523622235,96.96743272837848,125.86995865361915
2013-03-31 03:00:00,101.48222711156501,96.96743603115868,125.87006202623228
2013-03-31 04:00:00,101.48222739541828,96.96743679320194,125.63851802766246
2013-03-31 05:00:00,101.48222537905369,96.96744092023035,124.12465585665846
2013-03-31 06:00:00,88.92628552496417,94.44430034567425,103.0623032066132
2013-03-31 07:00:00,75.21493772099959,77.18210445548291,90.79207051476241
2013-03-31 08:00:00,72.39918411025545,70.37463708130399,90.42432120011428
2013-03-31 09:00:00,72.28449216167184,70.26936598067076,90.23483959705901
2013-03-31 10:00:00,75.21494804668166,75.07744272479977,90.75635505402099
2013-03-31 11:00:00,76.20691678644862,77.77210532640265,90.75639506954903
2013-03-31 12:00:00,77.21275702498274,77.77210853308412,90.75639663069228
2013-03-31 13:00:00,78.23266150090848,77.77211124297041,90.75639729343786
2013-03-31 14:00:00,79.26683448659924,78.6954429931027,90.75639858706403
2013-03-31 15:00:00,80.31547295469022,78.69582825307981,90.75801372307366
2013-03-31 16:00:00,81.37877913301347,82.88285847210953,94.54410155936873
2013-03-31 17:00:00,95.60071441434958,100.7538407167367,106.66008747138815
2013-03-31 18:00:00,95.09634576633358,100.75386307873659,106.86209879873454
2013-03-31 19:00:00,93.84153148773505,100.03070153494218,106.86413640024794
2013-03-31 20:00:00,87.73270877408568,90.33847762216872,104.26488151955897
2013-03-31 21:00:00,87.63585448086566,90.75041128202102,103.82208328723233
2013-03-31 22:00:00,78.2326646581253,82.96237922335989,98.7572079259142
2013-03-31 23:00:00,78.232665864028,83.47842101627633,99.01525424316686
2013-04-01 00:00:00,78.6949724853458,83.84751836358178,99.23909623853378
2013-04-01 01:00:00,87.61740121229107,91.19109159391746,103.48574646687274
2013-04-01 02:00:00,93.78217666014262,99.88696622932774,108.84421987906931
2013-04-01 03:00:00,95.51036780974155,100.03069479490313,109.44484006036319
2013-04-01 04:00:00,95.60073093532444,100.0306921981095,109.45283829578854
2013-04-01 05:00:00,95.60074108123624,100.03068826821192,109.50005405051382
2013-04-01 06:00:00,70.37065747409056,65.4565718145252,83.54155932466365
2013-04-01 07:00:00,65.68614313823089,65.31283452299118,74.9368257876422
2013-04-01 08:00:00,65.68614208379573,61.97167957321737,73.56541527512853
2013-04-01 09:00:00,65.68613527709016,15.490052896600156,73.55749760093599
2013-04-01 10:00:00,65.6861240765955,12.25501127546661,73.66450582670255
2013-04-01 11:00:00,65.68612354772682,11.018853647078476,73.6645068722715
2013-04-01 12:00:00,65.68612384468122,11.024257284220132,73.66667754787287
2013-04-01 13:00:00,65.68612402202415,11.018850787245313,73.68320304403336
2013-04-01 14:00:00,65.6861247831781,11.312009046610191,73.85853910000283
2013-04-01 15:00:00,65.68614012595467,12.255029869368236,75.06952303296733
2013-04-01 16:00:00,65.68614100487635,31.133642854852685,84.54427481976799
2013-04-01 17:00:00,65.68614118867092,63.183428316145,96.2318071448444
2013-04-01 18:00:00,65.6861411468212,67.37912968906161,95.86518275541417
2013-04-01 19:00:00,65.68614102512416,68.2264291942322,95.86521418203554
2013-04-01 20:00:00,65.6861409141342,68.9460065309794,96.44569675963952
2013-04-01 21:00:00,65.68614083236014,64.06575406519647,99.87944240841851
2013-04-01 22:00:00,65.68614077035656,64.02613386834916,99.72821516449646
2013-04-01 23:00:00,65.68614076739223,64.00161839384727,100.23918057199631
2013-04-02 00:00:00,65.68614078873873,66.32029654727155,100.48336187578325
2013-04-02 01:00:00,65.6861414879273,69.10492968096493,100.58435142348078
2013-04-02 02:00:00,72.90136860509554,69.10493151163627,100.59849752776901
2013-04-02 03:00:00,75.74161400465483,69.10493215120945,101.23899458643822
2013-04-02 04:00:00,77.18056113691658,69.10969372224346,101.25058256611625
2013-04-02 05:00:00,77.1945524309958,69.10969424782566,101.24382233950583
2013-04-02 06:00:00,65.68613971926972,65.31283262510594,86.33129939262425
2013-04-02 07:00:00,65.48216925243726,63.45956373401711,76.87389517252107
2013-04-02 08:00:00,64.03129531820274,55.71989326083387,75.4425874103846
2013-04-02 09:00:00,56.84851228002034,36.415868106815566,72.28874297305381
2013-04-02 10:00:00,54.00181059541199,12.315356862284391,72.34637624812463
2013-04-02 11:00:00,54.00180964009777,11.071168211797795,72.5236651895285
2013-04-02 12:00:00,40.62820568432183,11.071289527295693,72.48315725956598
2013-04-02 13:00:00,40.56411986590163,12.327430267984267,73.10554025228747
2013-04-02 14:00:00,52.47169563523613,50.6147223192538,73.18299351392753
2013-04-02 15:00:00,54.00181036358963,55.72356746418531,73.36729193317827
2013-04-02 16:00:00,58.26089937645809,62.236253465885454,76.9038425272135
2013-04-02 17:00:00,64.0313094336793,69.10481587728215,80.71364820983464
2013-04-02 18:00:00,64.46206895917791,69.10493153619697,81.17430400059364
2013-04-02 19:00:00,63.484838240518556,69.06659716954306,80.34619974282364
2013-04-02 20:00:00,62.873900985272535,68.5509477663684,79.96782881933618
2013-04-02 21:00:00,63.28983395495394,69.09344380668895,79.97764550106899
2013-04-02 22:00:00,54.48422468629216,68.93129311291946,79.89393742528861
2013-04-02 23:00:00,63.36275801594396,69.10493062623891,80.2046630061777
2013-04-03 00:00:00,64.23959651963332,69.10493113359394,80.5096551577012
2013-04-03 01:00:00,65.4821583195854,69.10493179365831,81.44394552234033
2013-04-03 02:00:00,65.48215880945375,68.9972083667966,82.07877186190692
2013-04-03 03:00:00,65.48215893412849,69.10491561407483,82.86812128280953
2013-04-03 04:00:00,65.48215892491247,69.10493156978474,83.71535954358504
2013-04-03 05:00:00,65.48215894596532,69.10493150951407,83.83694754425832
2013-04-03 06:00:00,58.588540562312375,65.14949687069232,77.87889214834063
2013-04-03 07:00:00,58.588540245719024,58.970378733951904,76.1039154388513
2013-04-03 08:00:00,48.252754883455985,49.298897322523686,71.36425517618231
2013-04-03 09:00:00,8.568258476312849,16.47558089749693,69.28886718160733
2013-04-03 10:00:00,8.870609447406531,15.29089413768053,68.78190303939775
2013-04-03 11:00:00,4.3259050009638145,13.140782020198632,68.34934688595787
2013-04-03 12:00:00,4.325904369856632,15.798594853574128,67.71107489387609
2013-04-03 13:00:00,4.325904516909243,16.475588042945276,67.28116706686592
2013-04-03 14:00:00,4.325909334846313,16.437892990005295,67.85092809178674
2013-04-03 15:00:00,8.870592275156685,23.350837996092896,68.56643643615435
2013-04-03 16:00:00,48.446535093868235,51.58167461460472,71.76968197896461
2013-04-03 17:00:00,54.48417773944455,57.60943622808165,76.68850677086154
2013-04-03 18:00:00,58.69705136771066,62.6695058929932,76.95469513118408
2013-04-03 19:00:00,58.827777877774814,62.672657803519854,77.19455061266093
2013-04-03 20:00:00,58.82777232069829,62.67258118010372,77.63452662841868
2013-04-03 21:00:00,58.41324770632338,60.873800577080914,77.64428738253358
2013-04-03 22:00:00,50.195824347328895,55.72602275242785,77.79762720598055
2013-04-03 23:00:00,54.89444807055107,58.02827671009025,77.72661851829118
2013-04-04 00:00:00,57.41761023380984,59.87890722923909,77.60838211782391
2013-04-04 01:00:00,57.9278687020078,59.43321385427457,77.67947229935064
2013-04-04 02:00:00,57.252748893412885,58.893795062086156,77.69180570412776
2013-04-04 03:00:00,57.82387032750205,59.305725608261625,77.68112463825618
2013-04-04 04:00:00,58.572589126287156,59.982698976921526,77.74452832901
2013-04-04 05:00:00,58.82777863376659,60.72651662675398,77.743495951392
2013-04-04 06:00:00,49.81477575233755,53.337033533369095,77.03802498497755
2013-04-04 07:00:00,46.930114135968324,50.56846905658004,69.93235048406483
2013-04-04 08:00:00,13.276061373453697,31.823527839568023,67.74798230195167
2013-04-04 09:00:00,4.3259067327698935,6.837994579667227,66.67616667289413
2013-04-04 10:00:00,4.337552825091184,6.83798908318535,65.39010527613291
2013-04-04 11:00:00,4.337563646786617,6.837988057801503,62.75866264844588
2013-04-04 12:00:00,13.276065729906836,6.837988264603073,60.54762818150639
2013-04-04 13:00:00,32.62034280865666,6.83798959518163,62.32653705507481
2013-04-04 14:00:00,46.93997048312419,30.952708604155582,65.81829390939437
2013-04-04 15:00:00,47.53649770091388,44.12443060290444,69.17563092815313
2013-04-04 16:00:00,58.05899011115699,59.32010301639565,89.68419896543142
2013-04-04 17:00:00,61.65994784246275,62.65300464179384,92.39910467452785
2013-04-04 18:00:00,61.659956407467874,62.653008970715206,92.40439086802411
2013-04-04 19:00:00,61.659949537000614,62.65300789544425,92.39908730543058
2013-04-04 20:00:00,61.65994864018399,62.65300892763088,92.22512325964236
2013-04-04 21:00:00,61.659949120738595,62.65301132260721,92.11943326662438
2013-04-04 22:00:00,61.659949826059254,62.65302984124713,92.0867174812962
2013-04-04 23:00:00,62.19766864384581,64.44839302843576,92.08166670353098
2013-04-05 00:00:00,63.26592302226144,64.82834103198854,93.38812044128329
2013-04-05 01:00:00,64.03129368889499,64.82905505449733,94.19881173939459
2013-04-05 02:00:00,64.58226831473597,64.82909443821514,103.69199489865125
2013-04-05 03:00:00,65.48213783205932,65.59941827592857,105.84555763696652
2013-04-05 04:00:00,65.48215812131961,66.0335238801422,107.4988557467029
2013-04-05 05:00:00,65.4821583628621,66.38388990395082,108.23563817835519
2013-04-05 06:00:00,65.48215837243482,66.31243555114953,107.5227989699458
2013-04-05 07:00:00,65.48215821784092,64.64687371870492,107.3063819230251
2013-04-05 08:00:00,65.48215365879484,62.46711375037101,107.31240803314809
2013-04-05 09:00:00,65.48215245126084,62.448587057579076,107.22090901962544
2013-04-05 10:00:00,65.4821563741594,62.455531378616115,107.22103577492939
2013-04-05 11:00:00,65.48215619006037,62.455534150079274,107.78268395183818
2013-04-05 12:00:00,65.48215657051261,62.45174041477907,108.44075263499143
2013-04-05 13:00:00,65.48215751974332,62.45562060383887,109.91373839678305
2013-04-05 14:00:00,65.48215831255746,62.44587452562618,111.07977481206615
2013-04-05 15:00:00,65.48215842475602,62.80617597495136,107.92644038738783
2013-04-05 16:00:00,65.48215849400819,67.01085907710582,115.96049704806327
2013-04-05 17:00:00,65.48215859006504,75.95164564828207,125.51386141590866
2013-04-05 18:00:00,65.4821587003198,75.95165654671031,125.88335442215254
2013-04-05 19:00:00,65.4821587872054,75.95165766575062,126.2700568806707
2013-04-05 20:00:00,65.48215904959214,75.95165920661785,126.41709265642336
2013-04-05 21:00:00,65.48215956949512,75.95166776376769,126.41676787229056
2013-04-05 22:00:00,65.48216029696884,75.95166277923913,126.32246630087224
2013-04-05 23:00:00,65.48216564181378,75.95166180689212,126.32246327850311
2013-04-06 00:00:00,66.65042317777383,75.95166322655014,126.22903211270453
2013-04-06 01:00:00,80.30677397372887,76.71019313401362,126.74155448655941
2013-04-06 02:00:00,87.50444508982925,82.1671391698888,128.53266294406257
2013-04-06 03:00:00,88.6680734888244,83.91309480695185,138.74376728872446
2013-04-06 04:00:00,88.66807512704752,84.0490795010286,140.32372949751397
2013-04-06 05:00:00,88.66807540420166,84.21480506280498,142.33996194065065
2013-04-06 06:00:00,88.66807449824896,83.03871397585644,126.03746035029582
2013-04-06 07:00:00,82.44950187592111,76.69623952549851,125.90212287503824
2013-04-06 08:00:00,72.61717890616792,75.95165748946594,125.80582494157089
2013-04-06 09:00:00,72.6171782701745,75.95166109076975,125.80582044539867
2013-04-06 10:00:00,72.61717820842935,75.95166071512658,125.80581982698871
2013-04-06 11:00:00,72.61717820276051,75.95165975927708,125.8058196940222
2013-04-06 12:00:00,72.61717866285338,75.95165178986692,125.80581990080333
2013-04-06 13:00:00,72.61717975329938,75.95162413454757,125.80582060928856
2013-04-06 14:00:00,73.57288847231534,75.52132437321899,125.86590599487167
2013-04-06 15:00:00,80.22037425449601,75.95166431835489,126.65324005131991
2013-04-06 16:00:00,103.41315826256927,79.80062950070395,138.34769063618998
2013-04-06 17:00:00,154.92168583075508,164.28031627069493,171.40037838319398
2013-04-06 18:00:00,172.6177674052631,178.1314369330071,172.85693767154294
2013-04-06 19:00:00,172.61776798210803,178.13143726492964,172.85693744158687
2013-04-06 20:00:00,172.6177608796454,178.13143710310027,172.85693707514707
2013-04-06 21:00:00,172.61776992418805,178.13143777108678,172.8569380799597
2013-04-06 22:00:00,172.6177699786375,178.13143729629743,172.85692185259063
2013-04-06 23:00:00,172.61776925836975,178.13143612620797,172.85692080028906
2013-04-07 00:00:00,172.617756680999,178.13142317805423,172.85694034223937
2013-04-07 01:00:00,172.61766188262857,178.1313269132748,172.8530244755843
2013-04-07 02:00:00,172.61765442338753,178.1313194050716,172.84838665253469
2013-04-07 03:00:00,172.51465481927693,178.0264796688722,172.79698909349727
2013-04-07 04:00:00,171.6959848188402,177.19318632293704,172.00089544605615
2013-04-07 05:00:00,169.63805242065126,175.0984865249204,171.0642499753675
2013-04-07 06:00:00,79.85940415772853,84.0439810410926,85.11572194869204
2013-04-07 07:00:00,65.48215871491747,66.58583378870647,75.84599593332335
2013-04-07 08:00:00,65.48215817901202,66.19329850527231,75.5774491459812
2013-04-07 09:00:00,65.48215777853687,66.1932972280738,75.57743984533313
2013-04-07 10:00:00,65.48215761775324,66.19329704574265,75.57744883099507
2013-04-07 11:00:00,65.48215745289502,66.1932969494368,75.57744895713854
2013-04-07 12:00:00,65.48215751725469,66.1932969853193,75.59827338769396
2013-04-07 13:00:00,65.48215769894583,66.19329757161223,75.6403469479819
2013-04-07 14:00:00,65.48215799464147,66.19329965783145,75.76776136668911
2013-04-07 15:00:00,65.48215835992245,66.5857872283831,76.08743220394075
2013-04-07 16:00:00,71.88688662434096,71.68872531855952,82.2346776542432
2013-04-07 17:00:00,94.61150691658575,95.50706383751522,102.83566178762626
2013-04-07 18:00:00,94.61151108591645,95.50707251187912,103.08753539621436
2013-04-07 19:00:00,94.611510732339,95.50706898378769,103.04233152651427
2013-04-07 20:00:00,94.61150729904818,95.5070450984674,102.8308037788991
2013-04-07 21:00:00,94.61146085095531,95.50699656493794,103.27892934746356
2013-04-07 22:00:00,83.27139748291158,81.11846363257881,102.78956917694076
2013-04-07 23:00:00,83.27137791060521,81.11841225503173,102.78980746826615
2013-04-08 00:00:00,83.27139610086104,81.11846903423067,102.78981800997278
2013-04-08 01:00:00,83.27156239288527,81.11904834517433,102.78994312239715
2013-04-08 02:00:00,83.2715683559073,81.11904299116443,102.78995995438814
2013-04-08 03:00:00,83.27156319407307,81.11902640618072,102.78996574083483
2013-04-08 04:00:00,83.27155841540763,81.11901907619149,102.78996793705042
2013-04-08 05:00:00,83.2708325514595,81.11737382550521,102.789890543449
2013-04-08 06:00:00,65.48215681568057,69.10493130372805,80.10199015374351
2013-04-08 07:00:00,65.03517112662549,57.44378402149604,74.15235611697774
2013-04-08 08:00:00,59.04582801448502,57.44377591303568,69.69911610195663
2013-04-08 09:00:00,54.05113559697054,57.314918174741265,69.61898019068312
2013-04-08 10:00:00,54.05113516242148,57.443766188720005,68.86850115701345
2013-04-08 11:00:00,54.006508455013076,57.44377632803652,68.84182550677575
2013-04-08 12:00:00,54.05113539724486,57.44377637932398,69.37929264119455
2013-04-08 13:00:00,54.05113565553311,57.43773867677672,69.4023127312816
2013-04-08 14:00:00,54.05114624572965,57.39079461114052,69.97344728234827
2013-04-08 15:00:00,57.90047768155014,60.068453939355564,73.8130278748466
2013-04-08 16:00:00,64.03129124865985,64.70637742071155,76.77837204873732
2013-04-08 17:00:00,65.03516817784651,66.96655488650552,77.74711415156418
2013-04-08 18:00:00,65.0351661650596,67.14602067959456,77.71983564043913
2013-04-08 19:00:00,64.03129083252655,66.95577733894912,77.12327472298797
2013-04-08 20:00:00,60.13724514375489,66.74296890839194,76.7633500051587
2013-04-08 21:00:00,59.73878276793308,65.94939816872616,75.97404723697741
2013-04-08 22:00:00,59.46033015170102,65.6664014430446,75.58205607940268
2013-04-08 23:00:00,59.415145165850696,65.53129038295542,75.55402249855018
2013-04-09 00:00:00,60.63682948608674,65.69797777581141,75.5882276554602
2013-04-09 01:00:00,62.17519460323242,65.9570840289494,75.75176221648007
2013-04-09 02:00:00,62.51093923054372,66.54982274837249,76.05946921835984
2013-04-09 03:00:00,62.750510625614595,67.19232080429829,76.50997086711749
2013-04-09 04:00:00,63.46605087547274,67.66876514595114,76.75255867836962
2013-04-09 05:00:00,64.06124489348633,66.79101136830053,76.73451411824634
2013-04-09 06:00:00,53.03923235293063,54.67026242504309,63.50149207287547
2013-04-09 07:00:00,46.18669981000155,50.589204560869945,58.392321956835055
2013-04-09 08:00:00,44.04580429616007,47.22515195352736,55.15207153709489
2013-04-09 09:00:00,37.07014231867864,41.05710191213531,47.92796873415395
2013-04-09 10:00:00,37.43582372367247,39.34286994413064,46.2804337070141
2013-04-09 11:00:00,26.344121309636634,28.447375551299523,31.54861918152053
2013-04-09 12:00:00,44.04580419462673,45.8359110426929,50.502338130454554
2013-04-09 13:00:00,47.848425091332885,49.571263118486215,55.04760532429727
2013-04-09 14:00:00,54.68802205663298,58.094851876171546,61.043570999077666
2013-04-09 15:00:00,59.06575249908005,62.29671594096072,66.67569193115791
2013-04-09 16:00:00,65.03516137579989,68.62685694737841,73.17609825003163
2013-04-09 17:00:00,65.03516791218395,68.62697308148817,74.18920172610673
2013-04-09 18:00:00,65.0351678712576,69.10492921285177,74.16788127537303
2013-04-09 19:00:00,65.03516774319982,69.0989858111151,73.69126003245226
2013-04-09 20:00:00,65.03516757370734,69.10493073582694,73.60775291413817
2013-04-09 21:00:00,65.03516756022614,69.10493081776727,73.53615674164695
2013-04-09 22:00:00,65.03516775652659,69.10493089195977,73.65298040277168
2013-04-09 23:00:00,65.03516786191658,69.10493073936085,73.74010901637911
2013-04-10 00:00:00,65.03516793755371,69.1049291749558,73.53985324418505
2013-04-10 01:00:00,65.03516800659756,68.64138415647147,73.64280181086663
2013-04-10 02:00:00,65.03516801077737,68.90732641820124,73.76173310808069
2013-04-10 03:00:00,65.03516809443649,69.10494633873999,74.27503959598026
2013-04-10 04:00:00,65.03516811263192,70.11236744358374,74.95187230031596
2013-04-10 05:00:00,65.03516813940898,69.44414629533104,75.29970130534527
2013-04-10 06:00:00,65.03516806627832,68.62686880278379,73.37162655639173
2013-04-10 07:00:00,65.03516797545217,68.62685850235589,71.32736140711825
2013-04-10 08:00:00,65.03516797930183,68.57961878530928,71.24620841626286
2013-04-10 09:00:00,65.03516799937293,68.58125247473399,71.24687624012748
2013-04-10 10:00:00,65.03516800632707,68.62685850008748,71.25676230831608
2013-04-10 11:00:00,65.03516801276605,68.62685987457624,71.22472174630458
2013-04-10 12:00:00,65.035168016059,68.62686167701986,71.20871408945186
2013-04-10 13:00:00,65.03516801295895,68.6268612959494,71.26308443245104
2013-04-10 14:00:00,65.03516805499834,68.62686324062399,71.28631966108757
2013-04-10 15:00:00,65.03516871562229,68.62686573008317,72.18791749747902
2013-04-10 16:00:00,67.18806780851168,69.73741247121048,74.75581598508741
2013-04-10 17:00:00,73.24175585541037,73.68772735628212,80.12771663603212
2013-04-10 18:00:00,74.3984949985029,74.48752349553178,80.22544826156842
2013-04-10 19:00:00,74.00608085876641,74.10531528640227,79.88696424092142
2013-04-10 20:00:00,73.92513710268695,73.68772851816819,79.49453677693734
2013-04-10 21:00:00,72.4913429534534,72.84762100452792,78.95845627094404
2013-04-10 22:00:00,71.82356850600851,72.06920035825644,78.55143840769115
2013-04-10 23:00:00,68.73409738568145,69.10493408539364,78.32982060083728
2013-04-11 00:00:00,68.22330885985824,69.10493094096431,77.89283730002994
2013-04-11 01:00:00,66.53312384948553,69.1049306252775,77.32393211887562
2013-04-11 02:00:00,66.5331194644722,69.10493050701054,77.34113057690675
2013-04-11 03:00:00,66.53310401068319,69.10492984354823,77.31473255105331
2013-04-11 04:00:00,65.03517157212903,69.10492894244003,77.10037723480643
2013-04-11 05:00:00,65.03516992205692,68.88731552256347,76.72973391546374
2013-04-11 06:00:00,65.03516780330094,66.4539584838065,74.52584483881607
2013-04-11 07:00:00,65.03516771405491,65.31283502938138,74.14778961738263
2013-04-11 08:00:00,65.0351677330116,65.31283301383978,73.01621754430057
2013-04-11 09:00:00,65.03516774198825,65.31283293290744,73.00909553306174
2013-04-11 10:00:00,65.0351677812848,65.31283241332821,73.00907898383754
2013-04-11 11:00:00,65.03516773463868,65.31283265316151,73.00909250914408
2013-04-11 12:00:00,65.03516768321478,65.31283242193277,73.00909165907453
2013-04-11 13:00:00,65.03516768200497,65.31283336028238,73.00909583986648
2013-04-11 14:00:00,65.03516778609591,65.31283460796281,73.171180164229
2013-04-11 15:00:00,65.03516810043993,66.42375823938683,73.76453664253182
2013-04-11 16:00:00,66.5331192452301,67.96813971648912,75.25230600448852
2013-04-11 17:00:00,67.37222868581969,70.88001590036639,77.9026856926048
2013-04-11 18:00:00,70.17524321920035,71.77650705982882,78.54192457885082
2013-04-11 19:00:00,70.34220464753477,71.66712365656734,78.56244493311338
2013-04-11 20:00:00,70.34658294095982,72.51372318851458,77.89978660885026
2013-04-11 21:00:00,72.03693924545333,73.68770414940084,78.21798337790831
2013-04-11 22:00:00,72.20412426674291,73.68767469028981,78.21023639390025
2013-04-11 23:00:00,73.19874521276299,72.84767608262025,78.55360539299699
2013-04-12 00:00:00,73.73990689735263,72.8476195374964,78.52798832763918
2013-04-12 01:00:00,73.57523001632424,72.65153132772899,78.3198915727598
2013-04-12 02:00:00,73.57516089435134,72.65148518598666,78.31985495878
2013-04-12 03:00:00,73.75642412419306,72.82227157074047,78.4933146371529
2013-04-12 04:00:00,73.77122215085632,72.84757118088562,78.52377835226696
2013-04-12 05:00:00,71.76653532860455,71.09103330087355,77.88299822204817
2013-04-12 06:00:00,66.53312228469639,66.45592356571822,72.92097677850097
2013-04-12 07:00:00,65.03516562790053,65.31283134060612,70.57570177059769
2013-04-12 08:00:00,64.88751566562814,65.31283058221514,70.30977208895753
2013-04-12 09:00:00,64.57678911773633,65.3128303041693,70.30977005372266
2013-04-12 10:00:00,64.57678546555304,65.31282920632677,70.30977000654774
2013-04-12 11:00:00,64.57677380691375,65.3128297669274,70.30976953295118
2013-04-12 12:00:00,63.57243500851113,65.31282789971293,70.22648838649032
2013-04-12 13:00:00,64.57677688119347,65.31282388998126,70.26147697620611
2013-04-12 14:00:00,64.57677713672503,65.31282884552449,70.31481272041853
2013-04-12 15:00:00,64.57677689540031,65.31283069768216,70.92183104675507
2013-04-12 16:00:00,64.57677640348943,65.33824938098532,72.65283823428483
2013-04-12 17:00:00,64.57677561297066,65.91522485665503,75.00772767001058
2013-04-12 18:00:00,64.57677186312104,66.00368040702418,75.22960241530457
2013-04-12 19:00:00,64.3998638992474,65.82990304968989,75.10009944161108
2013-04-12 20:00:00,63.98084660433878,65.41829695489047,74.30083644709903
2013-04-12 21:00:00,63.57243873190947,65.3128335861474,72.6133405157134
2013-04-12 22:00:00,63.57243323840493,65.3128320064279,72.3063147006738
2013-04-12 23:00:00,63.57243003186049,65.31283499070265,72.2744133172214
2013-04-13 00:00:00,63.572429449253995,65.31997542276146,72.26783374009445
2013-04-13 01:00:00,63.57242917099695,65.31995782399842,72.26782111432131
2013-04-13 02:00:00,63.57242897209121,65.32000300855712,72.26781610276008
2013-04-13 03:00:00,63.57242879384654,65.32000950638896,72.26781382638764
2013-04-13 04:00:00,63.57242864794584,65.32001656093988,72.2678132371242
2013-04-13 05:00:00,63.572428664527976,65.41475846795309,72.24112780649487
2013-04-13 06:00:00,34.86294504638701,18.981039380586473,36.99322482566008
2013-04-13 07:00:00,34.862944705247635,16.048989230714533,34.33917013033077
2013-04-13 08:00:00,34.8629446712962,16.048987590470702,32.935663529385785
2013-04-13 09:00:00,34.86294484808753,15.675757750357853,34.173759732053725
2013-04-13 10:00:00,34.86294461399836,13.812462602769592,34.375694337201374
2013-04-13 11:00:00,34.862933164790114,10.958203254459878,34.375694327319145
2013-04-13 12:00:00,29.035022758767795,6.8379873255787444,34.37569435758198
2013-04-13 13:00:00,29.035022345384633,6.837987399429492,34.37569444225875
2013-04-13 14:00:00,29.035022238254136,6.837988080124489,34.853338558358864
2013-04-13 15:00:00,29.035022465595894,6.837992113109381,36.2934643332409
2013-04-13 16:00:00,34.86294397808002,16.048997751026086,44.181484101646575
2013-04-13 17:00:00,34.86294456717502,16.049053353219414,47.58714838376918
2013-04-13 18:00:00,34.86294443604689,18.242913137603672,48.476722434278685
2013-04-13 19:00:00,34.86294005872025,18.242911542822362,48.47672369673996
2013-04-13 20:00:00,28.34463718248413,18.242909890500975,48.14237552986433
2013-04-13 21:00:00,21.829506262286664,17.8002521169806,48.13659121261182
2013-04-13 22:00:00,21.829503186458133,18.242920620022296,46.39300427787569
2013-04-13 23:00:00,21.774232229313164,18.05840283431514,44.510204340758534
2013-04-14 00:00:00,21.827799523004412,18.237237324899503,44.44592704345742
2013-04-14 01:00:00,21.82950262842325,18.242921881734155,44.445186249321914
2013-04-14 02:00:00,21.829504169305242,18.24292718974892,44.44518378624237
2013-04-14 03:00:00,21.82950421177982,18.242931116190455,44.445168583850474
2013-04-14 04:00:00,21.829504290729826,18.2429340114518,44.445123130848316
2013-04-14 05:00:00,21.82950402665612,18.242935093546954,44.26520894977462
2013-04-14 06:00:00,4.35729392957801,6.856205795838171,13.364726522977325
2013-04-14 07:00:00,4.338706069024861,6.837988448526084,13.344930532112187
2013-04-14 08:00:00,4.332960772648836,6.833222446806612,13.332454578627534
2013-04-14 09:00:00,4.326944870189333,6.825757608225947,13.331169730844742
2013-04-14 10:00:00,4.325905034690648,6.825751681479869,13.327276172638971
2013-04-14 11:00:00,4.325904401852854,6.823726628941438,13.326845068747588
2013-04-14 12:00:00,4.3259041336303925,6.82414949689502,13.326671602523827
2013-04-14 13:00:00,4.325904359633367,6.825033714885869,13.327014984235081
2013-04-14 14:00:00,4.325904420079948,6.825750906243268,13.3277474500752
2013-04-14 15:00:00,4.325904886707263,6.82872008023848,13.342183791661164
2013-04-14 16:00:00,7.302334303243551,7.324524752925447,18.714151081779395
2013-04-14 17:00:00,8.54490404389888,11.23170378511967,19.920456274161943
2013-04-14 18:00:00,8.533751777622527,11.220044539275712,20.048152068691657
2013-04-14 19:00:00,8.442458316437833,11.124591242896168,19.932357950282242
2013-04-14 20:00:00,7.426148420808341,11.12459080668568,19.833830641813883
2013-04-14 21:00:00,4.335869772132094,10.116702285762006,18.737885356137106
2013-04-14 22:00:00,4.326290012433903,10.826815031520002,18.847983898632236
2013-04-14 23:00:00,4.335860764206539,10.826826946645953,18.847940947803693
2013-04-15 00:00:00,4.335869430003219,11.066209652324547,18.896655473534565
2013-04-15 01:00:00,7.4137487286883745,11.308827682067655,18.81292837057701
2013-04-15 02:00:00,8.523670409658834,11.380263051175252,18.887427621421658
2013-04-15 03:00:00,9.011655052986068,11.908686732243016,18.948069995930737
2013-04-15 04:00:00,9.171709471309404,12.082006257074589,19.730981973762592
2013-04-15 05:00:00,9.17171156391078,12.082007497164579,19.973977790882977
2013-04-15 06:00:00,4.3568461681537425,6.8645194594084975,13.349205625833433
2013-04-15 07:00:00,4.337564790133879,6.844893526199793,13.331209303468182
2013-04-15 08:00:00,4.338566078752173,6.845912305297246,13.331697676148616
2013-04-15 09:00:00,4.3375618983878725,6.844890206871184,13.329753759752919
2013-04-15 10:00:00,4.337570697090024,6.844898538861169,13.329558984007425
2013-04-15 11:00:00,4.337620538642657,6.844949402645314,13.32958600882207
2013-04-15 12:00:00,4.339195795752355,6.845904622628832,13.331091793507674
2013-04-15 13:00:00,4.384148297136331,6.875878983755502,13.393512126370574
2013-04-15 14:00:00,8.728901203678074,11.14377273719932,17.885150308910006
2013-04-15 15:00:00,13.685786346364019,16.057331973536236,24.65907438984223
2013-04-15 16:00:00,39.048351807645815,40.92687841180002,50.380127317674656
2013-04-15 17:00:00,48.5295474308121,50.2403361336322,58.89538399198996
2013-04-15 18:00:00,48.52958737654612,50.24037454564558,58.99047657953117
2013-04-15 19:00:00,48.52958777598484,50.24037510713103,58.9999650142209
2013-04-15 20:00:00,48.529587803591994,50.240375233941776,59.081198615533154
2013-04-15 21:00:00,48.52958737524884,50.24037333389525,59.08120612203615
2013-04-15 22:00:00,48.43285923420061,50.14537320498546,59.23061617604203
2013-04-15 23:00:00,47.175179527929274,50.24033525611675,59.310218012534726
2013-04-16 00:00:00,47.15950085505792,50.24032880511537,59.310295179495604
2013-04-16 01:00:00,45.852970124745184,50.240175907437816,59.309414101134045
2013-04-16 02:00:00,43.95657513327581,48.25743006654672,58.90184099175552
2013-04-16 03:00:00,43.755152315065885,47.57955572003232,58.90299393662116
2013-04-16 04:00:00,43.75358296485853,47.56982444444763,58.90403905559012
2013-04-16 05:00:00,41.587522052019686,41.96697062323382,58.660001626087094
2013-04-16 06:00:00,9.202395995634898,11.689373520839936,18.322720086967553
2013-04-16 07:00:00,8.478282043991188,11.162031331280549,17.995656255790898
2013-04-16 08:00:00,7.48458480254115,9.674244866816274,17.21886981520958
2013-04-16 09:00:00,4.325905337555031,6.837982302228008,13.352830111348656
2013-04-16 10:00:00,4.325904907021616,6.837982244361549,13.341115478642141
2013-04-16 11:00:00,4.32590405615852,6.825759390410005,13.332466885993494
2013-04-16 12:00:00,4.325903995337554,6.825758856915676,13.330850502938937
2013-04-16 13:00:00,4.325904044939194,6.837985612769182,13.33719935137033
2013-04-16 14:00:00,4.325904137166781,7.763513281327325,14.732411551007996
2013-04-16 15:00:00,4.325905048121041,9.412348273800653,17.264253470067366
2013-04-16 16:00:00,9.210384804873199,21.072259423872964,29.087970401881677
2013-04-16 17:00:00,9.348227425775242,25.538398573979084,32.853001153146764
2013-04-16 18:00:00,13.276033219072112,26.547535008552405,33.215778174501644
2013-04-16 19:00:00,13.276046380172751,27.966513398950504,33.83734660636549
2013-04-16 20:00:00,13.276051626527163,30.89741607778617,34.24412251051263
2013-04-16 21:00:00,13.276066396106359,31.452207266183805,33.993465892392564
2013-04-16 22:00:00,13.719749108437743,31.452208374759962,32.86528304913154
2013-04-16 23:00:00,13.819686084798967,31.452208770277156,32.86528018098899
2013-04-17 00:00:00,14.41795203884045,31.45220935444347,32.86528215633349
2013-04-17 01:00:00,23.020004287104793,31.452208813553014,34.29245752478967
2013-04-17 02:00:00,28.345253751155685,31.452208331972457,35.79489967300696
2013-04-17 03:00:00,28.345259525485112,31.452208030246997,36.34005055252148
2013-04-17 04:00:00,28.34526053582964,31.452207494183575,36.34005361082531
2013-04-17 05:00:00,28.345260324196765,31.203231449071982,36.37948261566391
2013-04-17 06:00:00,10.412093115577807,13.400518069274252,18.499524621279512
2013-04-17 07:00:00,10.117667617954435,12.140966508797217,18.23548425217625
2013-04-17 08:00:00,9.229753987205182,11.259824998621793,17.41364812006214
2013-04-17 09:00:00,7.940406779076714,10.369219870007381,17.004957804240256
2013-04-17 10:00:00,6.384796022506771,6.837990885836624,16.64835274501295
2013-04-17 11:00:00,4.337790088467854,6.8328298990202,14.489258664872446
2013-04-17 12:00:00,4.325907516475378,6.823311308570463,13.339366425558282
2013-04-17 13:00:00,4.325906234317103,6.825461267084307,13.34301234867821
2013-04-17 14:00:00,7.022419785953133,8.882906871872747,16.988423798758845
2013-04-17 15:00:00,8.584991023541804,11.091335249318714,17.892132886440393
2013-04-17 16:00:00,9.237864065584523,11.956245894465184,19.924968446160786
2013-04-17 17:00:00,9.239023935229781,11.957466441386927,21.639766615424186
2013-04-17 18:00:00,9.24122962947847,11.959769065793074,21.675880001758685
2013-04-17 19:00:00,9.24130605760392,11.959845127338319,21.608644708263235
2013-04-17 20:00:00,8.513411448322568,11.198774560878734,21.45246644766616
2013-04-17 21:00:00,4.337560594052485,10.774953989595263,21.33824910833736
2013-04-17 22:00:00,4.325904477869686,6.837992854446054,19.797907579971074
2013-04-17 23:00:00,4.325904360745807,6.837988050543038,19.346762840983327
2013-04-18 00:00:00,4.3259042691715175,6.83798791925766,19.34205670256367
2013-04-18 01:00:00,4.32590424697678,6.837987988736562,19.342020053903802
2013-04-18 02:00:00,4.325904245393437,6.837988216335172,19.321324298923088
2013-04-18 03:00:00,4.325904259687903,6.837988712954188,18.950303402829242
2013-04-18 04:00:00,4.325904288371448,6.83798970165569,18.95272159747485
2013-04-18 05:00:00,4.325904332393256,6.847269036549046,18.47333305996948
2013-04-18 06:00:00,4.325903929309963,6.837987446935317,13.333515866644039
2013-04-18 07:00:00,4.32590366311578,6.825769530857992,13.325543059808085
2013-04-18 08:00:00,4.325055280580401,6.825758749819642,13.324923669996986
2013-04-18 09:00:00,4.325054948531244,6.825758640039278,13.324921349948257
2013-04-18 10:00:00,4.325055042449935,6.825758315985485,13.324814796367987
2013-04-18 11:00:00,4.325055025507322,6.8257576724059845,13.32490468101901
2013-04-18 12:00:00,4.325055002580514,6.825757792320591,13.324921788970222
2013-04-18 13:00:00,4.32505496182052,6.82575813912275,13.32523101347765
2013-04-18 14:00:00,4.325903008222976,6.825757646255162,13.325499922306166
2013-04-18 15:00:00,4.325903690391343,6.825758357907181,13.334355289497788
2013-04-18 16:00:00,4.325903933022566,6.832965167944134,17.45695320494909
2013-04-18 17:00:00,4.3259041208229245,6.837988512477704,19.981486625979542
2013-04-18 18:00:00,4.325904220424385,11.22137791486725,20.926455768724185
2013-04-18 19:00:00,4.325904248965728,11.222409356844391,20.92664947808569
2013-04-18 20:00:00,4.325904287526828,11.223438682787323,20.92685595061689
2013-04-18 21:00:00,4.325904309413432,11.224470072262626,20.92560305852232
2013-04-18 22:00:00,4.325904441011154,11.225527431113683,20.925615800399346
2013-04-18 23:00:00,4.3259054147964315,11.22652957247033,20.92713821414046
2013-04-19 00:00:00,4.335865800642178,12.844299316786822,21.077163745204572
2013-04-19 01:00:00,4.339148001947192,12.845714178990917,21.08335119516331
2013-04-19 02:00:00,9.277051002542379,14.015559266303443,22.24841406263254
2013-04-19 03:00:00,9.278214228710866,15.62811244923653,22.67416844280535
2013-04-19 04:00:00,9.481156690188833,19.798899746063952,23.57896167741835
2013-04-19 05:00:00,13.276062629314733,25.46083238958739,23.720651532405885
2013-04-19 06:00:00,13.276061264262076,22.58864365506596,22.657343312043707
2013-04-19 07:00:00,13.276060616788367,21.895504839463854,21.874406924374604
2013-04-19 08:00:00,13.276070815767437,21.895457481149982,21.56177733750307
2013-04-19 09:00:00,15.906651864515496,21.895504359973465,21.613845281008118
2013-04-19 10:00:00,22.689575614990034,29.97664073287113,26.32802271613349
2013-04-19 11:00:00,23.045943491736416,29.97663951421174,26.651126746121093
2013-04-19 12:00:00,23.34606451859385,29.97663857771216,28.33266346500144
2013-04-19 13:00:00,23.47995250802644,29.976637100236292,30.612900600076614
2013-04-19 14:00:00,23.479954543548345,28.909687222392847,31.308750715325118
2013-04-19 15:00:00,23.99854377100892,30.31731180400601,37.04600030862345
2013-04-19 16:00:00,35.27461386317855,42.60752198582948,48.737635385596086
2013-04-19 17:00:00,42.54879394720402,45.73877726495695,51.12861701133672
2013-04-19 18:00:00,46.73803523713186,52.57820682612865,53.0525345984427
2013-04-19 19:00:00,49.10813390063891,52.57820732295353,53.85781330225876
2013-04-19 20:00:00,50.04471789989696,52.57820754211322,53.776851568167416
2013-04-19 21:00:00,51.54660378185851,52.57820774419089,54.27094759877664
2013-04-19 22:00:00,51.54660475700089,52.57820761932757,54.52930252196479
2013-04-19 23:00:00,51.54660946422724,52.57820759518077,54.02169781481418
2013-04-20 00:00:00,51.54660985000337,52.57820750373878,54.562478969828625
2013-04-20 01:00:00,51.54660993346754,52.57820750584875,56.748027497772696
2013-04-20 02:00:00,51.5466099426971,52.57822307193149,57.78512547909023
2013-04-20 03:00:00,51.54660996785519,52.57821902666075,58.287996180928545
2013-04-20 04:00:00,51.54661004072467,52.578212996303066,58.607341146139284
2013-04-20 05:00:00,51.546610119804576,52.57820956621222,58.672512949017
2013-04-20 06:00:00,51.54661004476315,48.810665996181896,58.51747522524156
2013-04-20 07:00:00,51.546580072479756,43.86110759741807,51.74550289244643
2013-04-20 08:00:00,47.16923179184414,39.06606861253894,50.080927336788854
2013-04-20 09:00:00,42.54879487740089,39.06606700512128,50.01430148197712
2013-04-20 10:00:00,42.54879479646188,39.06606692351252,50.0143017798241
2013-04-20 11:00:00,42.548794704826065,39.066066343826265,50.01430031839077
2013-04-20 12:00:00,42.548794776394764,39.06606617475143,50.01430261031055
2013-04-20 13:00:00,42.548795135007616,39.066066855703355,50.014318204049225
2013-04-20 14:00:00,42.94869467363608,39.06606929471759,50.80828292116362
2013-04-20 15:00:00,50.59749648060869,40.65584507625181,55.65614615699805
2013-04-20 16:00:00,51.54660985377709,49.90201140425114,59.89905727419012
2013-04-20 17:00:00,51.54661041651505,53.20403159588173,61.042181649464005
2013-04-20 18:00:00,52.28412442368415,55.54962310706459,61.054345259703
2013-04-20 19:00:00,51.54661157455538,55.549623630966494,61.05335349151241
2013-04-20 20:00:00,51.54661034195147,55.16983119299134,61.049937606392994
2013-04-20 21:00:00,51.54661063637832,54.521554878332466,61.049929282338226
2013-04-20 22:00:00,51.546610447154045,54.521502589730545,61.04992854369821
2013-04-20 23:00:00,51.546612125356525,54.38433786870945,61.04992871371482
2013-04-21 00:00:00,51.54661053233656,55.549626578608695,61.04993995190337
2013-04-21 01:00:00,51.54661087698955,55.54962929364898,61.049940524610136
2013-04-21 02:00:00,51.54676581295139,55.54962991162718,61.04994039404358
2013-04-21 03:00:00,52.285896957084425,55.54963029929516,61.04994133883245
2013-04-21 04:00:00,52.28413583796811,55.549630601414506,61.05434763175502
2013-04-21 05:00:00,52.285976765941705,55.549630851547946,61.05391761587324
2013-04-21 06:00:00,51.546610201084235,54.012860739093895,52.69534734366974
2013-04-21 07:00:00,51.54660999090493,51.133899626373136,50.7331171562144
2013-04-21 08:00:00,51.54660979857451,45.02264562802827,46.19250837929063
2013-04-21 09:00:00,51.54660943865858,45.02264489414206,46.192507615875506
2013-04-21 10:00:00,51.546609238016515,45.02264468465614,46.19250752240686
2013-04-21 11:00:00,51.54660940804097,45.022644608734524,46.19250751453343
2013-04-21 12:00:00,51.54660974423607,45.022644761187436,46.19250776844184
2013-04-21 13:00:00,51.54660989177978,45.0226453157637,46.19250856154735
2013-04-21 14:00:00,51.5466099442585,45.0226479917834,46.389110332001714
2013-04-21 15:00:00,51.54661001802405,47.20965449221832,54.02661920287303
2013-04-21 16:00:00,51.73548729944895,55.08957290082516,60.36823410035732
2013-04-21 17:00:00,52.5571814790536,55.54963044622281,61.423752908649995
2013-04-21 18:00:00,53.10825588156088,55.54963216006874,61.42797179453574
2013-04-21 19:00:00,52.48340437838971,55.5496311604484,61.359987336031644
2013-04-21 20:00:00,52.46664664397327,55.549630520668686,61.42118807570751
2013-04-21 21:00:00,52.338303616542966,55.549630286665504,61.3421634554859
2013-04-21 22:00:00,51.546618223235036,55.54962850967638,61.17094447281674
2013-04-21 23:00:00,51.546610615846035,55.549626898238756,61.25636334492378
2013-04-22 00:00:00,51.54661032447324,55.503665627661235,61.495123318352896
2013-04-22 01:00:00,51.54661020118989,55.54724408243065,61.53758850973614
2013-04-22 02:00:00,51.54661027394063,55.54962982846732,61.73222628742261
2013-04-22 03:00:00,51.54661085268144,55.54962990218256,61.731054008747634
2013-04-22 04:00:00,51.77735326044371,55.549630052745925,61.73105709292448
2013-04-22 05:00:00,52.478928616304074,55.54963015767356,61.77659918375341
2013-04-22 06:00:00,24.881281578756802,27.652415020717335,35.608022087813936
2013-04-22 07:00:00,22.81601094511265,25.42347378024227,34.09956033916661
2013-04-22 08:00:00,21.701388531510474,23.886768949925738,32.988427217214195
2013-04-22 09:00:00,18.79916652033807,21.953349151567565,32.39748356580229
2013-04-22 10:00:00,13.276079237800214,14.168186149861821,31.59157857278315
2013-04-22 11:00:00,13.276075619632362,9.619692681141998,29.62052061041382
2013-04-22 12:00:00,13.276068833656918,10.343523287782215,29.55496191134518
2013-04-22 13:00:00,13.276075920583999,13.358895354121607,30.250075844355308
2013-04-22 14:00:00,13.27607597901698,19.07461274448033,30.397766236143433
2013-04-22 15:00:00,13.276076820912593,19.074615217397195,30.76867671923931
2013-04-22 16:00:00,14.865350752869507,21.953420870826015,32.86262015399757
2013-04-22 17:00:00,15.40745555199916,25.83984748342937,34.8275965729051
2013-04-22 18:00:00,15.40745538781881,25.840300473383582,34.84689973749364
2013-04-22 19:00:00,15.407454110358845,25.840300450895153,34.82760321456321
2013-04-22 20:00:00,13.731129937971765,25.840299891668185,34.82759964929148
2013-04-22 21:00:00,13.276075887784867,25.840293802046766,34.346976356477015
2013-04-22 22:00:00,13.276072287449193,23.814537831709444,32.091806123053566
2013-04-22 23:00:00,13.27606633471882,23.90227484846936,32.09179731544353
2013-04-23 00:00:00,13.276057899859087,24.301615023950845,32.080414202714024
2013-04-23 01:00:00,13.27602050377261,24.30162331262533,31.777483975881566
2013-04-23 02:00:00,13.276063535149557,24.487624763915115,31.761537315519057
2013-04-23 03:00:00,13.276067590391413,24.402591688507293,31.26612525212311
2013-04-23 04:00:00,13.276071315398099,24.402593891116457,31.26520197149781
2013-04-23 05:00:00,13.276074776816014,24.402594179919227,30.302806997020213
2013-04-23 06:00:00,4.325904555432218,23.303490465100985,13.47010582718215
2013-04-23 07:00:00,4.3259066441334895,13.990528677414954,13.474786591039761
2013-04-23 08:00:00,4.325905745408539,12.215110678075384,13.428086343682118
2013-04-23 09:00:00,4.327240253091737,6.8379886656531115,13.356970444704075
2013-04-23 10:00:00,4.346249842915415,6.84984521292553,13.368808035022354
2013-04-23 11:00:00,4.334011116366339,6.837988989483985,13.357025355773759
2013-04-23 12:00:00,4.327374237069545,6.83798783272359,13.356969040171066
2013-04-23 13:00:00,4.335866668016627,6.837988256669774,13.366738789359475
2013-04-23 14:00:00,4.346309873697245,6.849852232069899,13.401201872196708
2013-04-23 15:00:00,7.717040545463683,11.127067994030387,15.992414113888882
2013-04-23 16:00:00,23.412905980849594,25.745027132228177,31.688166619504173
2013-04-23 17:00:00,42.54879096519896,45.119653262019995,47.01877232172826
2013-04-23 18:00:00,49.82336094101401,52.35668877808196,50.57844206284425
2013-04-23 19:00:00,51.54659963272175,52.5782073717492,51.50113215798331
2013-04-23 20:00:00,51.53961599407705,52.57820823048985,51.51501883574878
2013-04-23 21:00:00,51.53963333897217,52.57821155981301,52.578477249918336
2013-04-23 22:00:00,51.54656577820062,52.5897109582062,53.64897366636367
2013-04-23 23:00:00,51.54660672432606,52.58972829908019,53.642951508399484
2013-04-24 00:00:00,51.54660536130069,52.58973080086395,53.95276799296026
2013-04-24 01:00:00,51.546592374820165,52.589724974408696,54.03068444983366
2013-04-24 02:00:00,51.546608909596635,52.58973237521114,54.17960660323617
2013-04-24 03:00:00,51.546609621155454,52.589733312671825,54.17960863781561
2013-04-24 04:00:00,51.5466097452114,52.58973360724255,54.179609679650824
2013-04-24 05:00:00,51.54660975054339,52.58973068695579,54.179609730034464
2013-04-24 06:00:00,10.653064426760832,15.679348574861077,15.47554655505007
2013-04-24 07:00:00,9.42501977535456,13.73649322719178,15.450913215711594
2013-04-24 08:00:00,4.348610486529081,12.636277901925617,13.380135833440765
2013-04-24 09:00:00,4.32590413267045,6.825758200109149,13.323900787123
2013-04-24 10:00:00,4.325904097836094,6.827011803324029,13.323891395280612
2013-04-24 11:00:00,4.325903981477553,6.824028035707685,13.323895197419333
2013-04-24 12:00:00,4.325903961387091,6.824031909936699,13.323894496346837
2013-04-24 13:00:00,4.325904040923707,6.825072108631303,13.323957144902014
2013-04-24 14:00:00,4.3259043806211315,6.835402933892901,13.324729249183857
2013-04-24 15:00:00,4.325904744230691,13.82941117572144,13.603856561069218
2013-04-24 16:00:00,9.795142192048864,45.29404029236879,31.499722603535318
2013-04-24 17:00:00,30.093186622628018,52.57820703651261,43.91068987656413
2013-04-24 18:00:00,36.33610606841891,54.25273384651021,50.393498648027446
2013-04-24 19:00:00,47.06411807875543,52.578207423262995,54.79284321228965
2013-04-24 20:00:00,51.54660978568483,53.46673173125444,57.780135340210514
2013-04-24 21:00:00,52.14859654138547,56.52440651275167,60.39447126346927
2013-04-24 22:00:00,55.57240726765929,59.3389314384722,62.332354275505466
2013-04-24 23:00:00,57.12108864812215,60.57139881996487,63.35004286100339
2013-04-25 00:00:00,57.12110229142071,60.57141190212947,63.39198353389837
2013-04-25 01:00:00,57.121103005947376,60.57141283253175,63.391993141880384
2013-04-25 02:00:00,57.1211030795297,60.57141304800227,63.39199390688268
2013-04-25 03:00:00,57.121102687694375,60.57141313433756,63.39199442814722
2013-04-25 04:00:00,57.12110199616859,60.571413013341825,63.39201031637845
2013-04-25 05:00:00,57.12109879750068,60.57141102748304,63.39201024316872
2013-04-25 06:00:00,51.54660951882404,52.009687707860536,44.755572328659134
2013-04-25 07:00:00,50.59748301004583,51.101615933353855,44.326040171681726
2013-04-25 08:00:00,50.04482689828027,47.95616697886091,41.494010439002174
2013-04-25 09:00:00,41.77967880575237,42.66522715793391,39.68109873009415
2013-04-25 10:00:00,41.77967828121052,42.665226798445346,39.48975711361837
2013-04-25 11:00:00,41.7796776718214,42.66522664339381,39.48975460433755
2013-04-25 12:00:00,39.85826773797724,41.15467718447506,39.489753676992976
2013-04-25 13:00:00,30.048635905188146,31.894821601648353,37.65248340941365
2013-04-25 14:00:00,41.779673647980715,42.66522499775543,39.64216553494539
2013-04-25 15:00:00,41.779677439715364,43.85844163802895,51.214651388569536
2013-04-25 16:00:00,48.04278289963994,50.574781963302954,58.94037124085505
2013-04-25 17:00:00,51.54660883489634,53.30983540596857,61.66711289891594
2013-04-25 18:00:00,51.54660970612668,55.54963008095662,61.88936920650047
2013-04-25 19:00:00,51.54660974383598,55.54963002730108,61.46687494489189
2013-04-25 20:00:00,51.546609844092394,55.54963012636634,61.43423246478845
2013-04-25 21:00:00,51.546609960340454,55.54962995874911,61.25090411898946
2013-04-25 22:00:00,51.54660984575164,55.54962943404064,61.180031238328105
2013-04-25 23:00:00,51.54660992538962,55.549629557372086,61.28002154145944
2013-04-26 00:00:00,51.54660994454127,55.54962953380729,61.29711325468877
2013-04-26 01:00:00,51.546609991512284,55.5496297464008,60.9443230148194
2013-04-26 02:00:00,51.54661003643121,55.549629445444964,61.03791343568964
2013-04-26 03:00:00,51.546610475274,55.549627130541424,61.12355276521982
2013-04-26 04:00:00,51.54661409714289,55.549628311768814,62.17561748145955
2013-04-26 05:00:00,53.0647577908476,55.54962849058215,61.902143312785874
2013-04-26 06:00:00,51.546619920978856,53.20403926409844,59.60997131132168
2013-04-26 07:00:00,51.546615522730754,53.20403649890217,57.565210530397856
2013-04-26 08:00:00,51.54661082814302,53.20402810601641,57.47317079415124
2013-04-26 09:00:00,51.54661075392706,53.20402685272197,57.47317076579859
2013-04-26 10:00:00,51.54661018360808,53.20402664235573,57.473170800828925
2013-04-26 11:00:00,51.546610071806946,53.204026400342116,57.47317118589533
2013-04-26 12:00:00,51.54661005963117,53.20402637947616,57.473173742952476
2013-04-26 13:00:00,51.5466100339703,53.204026576065985,57.74334030610761
2013-04-26 14:00:00,51.54660994767818,53.20402660998022,59.94357538106287
2013-04-26 15:00:00,51.54660993750015,53.204026785952905,60.78241511951344
2013-04-26 16:00:00,51.5466099613226,53.20402711846695,61.51061822754723
2013-04-26 17:00:00,51.54661065056624,53.204038459521385,62.39270080308892
2013-04-26 18:00:00,53.08514125765364,54.96589901719787,63.07267006086938
2013-04-26 19:00:00,53.71091804813241,55.549630747948996,63.06371885318763
2013-04-26 20:00:00,53.8626396802358,55.54963202621141,63.107626168511175
2013-04-26 21:00:00,53.862647667266344,55.5496317214497,62.85982524561372
2013-04-26 22:00:00,53.52344385756363,55.54963164910026,62.90394829325998
2013-04-26 23:00:00,53.81036604516137,55.54963065950514,63.03521378445927
2013-04-27 00:00:00,53.86133595301856,55.54963063363327,63.11939075453118
2013-04-27 01:00:00,53.86258506634838,55.549630574600826,63.11960889510298
2013-04-27 02:00:00,53.86259936371098,55.54963061756517,63.119616081053756
2013-04-27 03:00:00,53.86264514868644,55.54963068985565,63.119630424565464
2013-04-27 04:00:00,53.862646675012584,55.549630613580064,63.12017005529597
2013-04-27 05:00:00,53.86264389201617,55.549630341364505,63.1179386485517
2013-04-27 06:00:00,51.58348518963288,54.45378854849045,61.78536330808736
2013-04-27 07:00:00,51.546609886239104,52.178200271235525,61.3293187563098
2013-04-27 08:00:00,51.54660976722279,48.973185277356265,60.56020933470356
2013-04-27 09:00:00,51.546609681047755,48.973184897431224,60.56020897773724
2013-04-27 10:00:00,51.54660971260463,51.13387131924898,60.560209539445204
2013-04-27 11:00:00,51.546609666149514,48.9731854900636,60.560208703826156
2013-04-27 12:00:00,51.54660950193275,48.9731852365195,60.560208648868816
2013-04-27 13:00:00,51.54660910396801,48.97318538720697,60.560208597455436
2013-04-27 14:00:00,51.54660885654627,48.97318565340433,60.679711078672376
2013-04-27 15:00:00,51.546608832072586,48.97318586568038,60.66342508269238
2013-04-27 16:00:00,51.54660881403425,48.97318709123371,60.63306688800126
2013-04-27 17:00:00,51.54660961944749,52.43045799416615,61.20538249251901
2013-04-27 18:00:00,51.54660978286878,54.8259432419396,61.29971936453165
2013-04-27 19:00:00,51.54660976827557,54.818680063863894,61.30828281411518
2013-04-27 20:00:00,51.54660978882501,54.81869124558669,61.30827791977001
2013-04-27 21:00:00,51.54660995857891,54.82705720685243,61.29495178640282
2013-04-27 22:00:00,51.61136474938792,54.91002276212775,61.301839092022256
2013-04-27 23:00:00,52.08723204310644,55.447612918262934,61.61266519432966
2013-04-28 00:00:00,52.194293818674645,55.54965609745156,61.71728350802942
2013-04-28 01:00:00,52.49788448312563,55.54963057907558,62.09397983485398
2013-04-28 02:00:00,53.01768994522245,55.54963070370938,62.769045288110284
2013-04-28 03:00:00,53.19418247490294,55.549630657239334,63.07855454141489
2013-04-28 04:00:00,53.19417165280596,55.549630446539,63.078556012016584
2013-04-28 05:00:00,52.25729663927065,55.549630173357215,61.970023121478
2013-04-28 06:00:00,28.281230255732172,30.674256411148527,40.06198351597441
2013-04-28 07:00:00,26.843613560113077,26.21322266991965,38.28064443996122
2013-04-28 08:00:00,24.347389250823632,26.098922471796506,35.655575206003924
2013-04-28 09:00:00,22.53937259755372,24.960734026719518,34.61679344430877
2013-04-28 10:00:00,22.53936380764845,24.960731259119925,34.516325419861495
2013-04-28 11:00:00,22.539363372030014,24.96072252953589,34.486729060307795
2013-04-28 12:00:00,22.539348169470625,24.960713189343647,34.48672908572226
2013-04-28 13:00:00,22.539362696623556,24.96073160414581,34.486729494359096
2013-04-28 14:00:00,22.539363385223393,25.183652378122726,34.44277470318815
2013-04-28 15:00:00,22.8254310187156,25.62747393344424,34.522582496206475
2013-04-28 16:00:00,25.026807952458974,26.781535644008393,37.069548040687536
2013-04-28 17:00:00,26.843612588756475,28.896622786497744,38.887860937973066
2013-04-28 18:00:00,26.84361318731202,31.024112729706836,38.90313686448041
2013-04-28 19:00:00,26.843613089158886,31.02410347906783,38.90298144868524
2013-04-28 20:00:00,26.843612749664413,28.896665376810763,38.90290124885236
2013-04-28 21:00:00,26.843611578835468,28.896674166292076,38.36797138055332
2013-04-28 22:00:00,24.207961447440162,28.636191142497193,36.36997159135306
2013-04-28 23:00:00,22.539363980141776,26.582307257268983,35.32563571061026
2013-04-29 00:00:00,22.539363211373885,26.69375703038227,35.29576256017276
2013-04-29 01:00:00,22.53935887313128,26.69418645985693,35.2959113834927
2013-04-29 02:00:00,13.276073137066131,26.69415593031819,35.29591471595433
2013-04-29 03:00:00,10.70347890437336,26.69418483373627,35.29591979412925
2013-04-29 04:00:00,10.287638351172863,26.694205793959675,35.295921708858145
2013-04-29 05:00:00,4.335876956362363,26.40758065521452,35.034334983718075
2013-04-29 06:00:00,4.335866873974155,12.199675369166474,24.327670353631085
2013-04-29 07:00:00,4.325906333185191,6.837988712506198,22.009387603483464
2013-04-29 08:00:00,4.325921877306976,6.83798779708134,21.84078092021298
2013-04-29 09:00:00,4.325907047666567,6.83798750932127,21.828967752988483
2013-04-29 10:00:00,4.335876888941845,6.837987302763594,21.826673840620323
2013-04-29 11:00:00,4.32590446710771,6.837981837432304,21.515575522883047
2013-04-29 12:00:00,4.325904163522119,6.837988797320186,18.96094187755833
2013-04-29 13:00:00,4.32590411010568,6.860514526427442,19.463991776193296
2013-04-29 14:00:00,4.325904263492395,6.837999718732866,20.44078886826155
2013-04-29 15:00:00,4.325904624193675,6.838010966001525,21.843688722352738
2013-04-29 16:00:00,5.625352802694824,11.499605948807776,24.255218448066017
2013-04-29 17:00:00,21.190531174789843,29.588891650428224,36.668054712413
2013-04-29 18:00:00,30.208209484606225,46.659472153996916,43.30383032100016
2013-04-29 19:00:00,30.20306664367765,46.65949565943747,43.33994409452653
2013-04-29 20:00:00,29.62074747310705,48.39098984644089,43.33680425250214
2013-04-29 21:00:00,29.42207839853464,48.39098937100435,43.33680689797976
2013-04-29 22:00:00,29.36943134341072,48.504620209234744,43.2572324135036
2013-04-29 23:00:00,29.36943249705096,48.50428667132422,43.257259081370094
2013-04-30 00:00:00,29.36943589781192,49.163953927188246,43.26138254011054
2013-04-30 01:00:00,29.469304889512895,50.348173910681,43.32158814766482
2013-04-30 02:00:00,33.03561247186841,50.34124703354236,43.687368271443106
2013-04-30 03:00:00,38.33515044407676,50.30157476678532,45.731870489764084
2013-04-30 04:00:00,46.13612769252202,50.29290478390131,49.8955242106511
2013-04-30 05:00:00,49.12850668575469,50.94491356606906,50.51879460063489
2013-04-30 06:00:00,48.391859873037994,49.82152401876334,49.65377506910465
2013-04-30 07:00:00,43.389663955699,45.30015022163188,45.097942091393506
2013-04-30 08:00:00,40.590132930405545,41.62766321268883,44.51997176877837
2013-04-30 09:00:00,40.59013066247581,41.62766054535351,44.51997103788736
2013-04-30 10:00:00,40.59013008582301,41.49582591160559,44.5199714438875
2013-04-30 11:00:00,40.59013021189998,41.49576900015627,44.51997175348759
2013-04-30 12:00:00,40.59013032861556,41.495756933131716,44.608003907321574
2013-04-30 13:00:00,40.59013088259004,41.55914151891908,45.0162216748581
2013-04-30 14:00:00,40.59880585289734,43.75393571078335,48.91641181827405
2013-04-30 15:00:00,47.76095118378216,50.29290769688909,55.81739996323278
2013-04-30 16:00:00,51.54660916339223,52.57821188091168,58.885252941388494
2013-04-30 17:00:00,51.54660962851557,55.54754206082653,60.99862062135327
2013-04-30 18:00:00,51.546609735094925,55.5496305528268,62.23818587641373
2013-04-30 19:00:00,51.546609715708506,55.54963031486611,62.23818641135635
2013-04-30 20:00:00,51.54660970087183,55.549630041134606,62.23804018134717
2013-04-30 21:00:00,51.54660974769828,55.54963035237374,62.23818953717473
2013-04-30 22:00:00,51.54660977720862,55.549630467818375,62.292136946298406
2013-04-30 23:00:00,51.54660981393296,55.54963048129994,62.291464087073884
2013-05-01 00:00:00,51.54660993660828,55.549630590207244,62.52267270887801
2013-05-01 01:00:00,51.546610158177145,55.54963065056181,62.79179039142318
2013-05-01 02:00:00,51.5466105021034,55.5496306568628,62.81681834696557
2013-05-01 03:00:00,51.54661926639957,55.54963052595265,62.84445578700966
2013-05-01 04:00:00,51.54661420843516,55.549630335387036,62.88432251474889
2013-05-01 05:00:00,51.546611350606305,55.54963022391745,61.52544298884406
2013-05-01 06:00:00,51.546609626795394,52.57821008459099,61.68832901358447
2013-05-01 07:00:00,51.546609370768465,49.09730521415966,55.848350976021614
2013-05-01 08:00:00,51.02653673857191,45.88199662536836,55.38826506493055
2013-05-01 09:00:00,51.02653641003817,45.88199549841562,55.388264508836905
2013-05-01 10:00:00,51.02653639326092,45.88199524825451,55.388264480282956
2013-05-01 11:00:00,51.026536529901996,45.881994686030424,55.38826449632391
2013-05-01 12:00:00,51.026536571279664,45.88199480781083,55.38826471363854
2013-05-01 13:00:00,51.02653685851344,45.881995918265446,55.38826543228449
2013-05-01 14:00:00,51.02654041376066,47.290016327845294,55.43801915091897
2013-05-01 15:00:00,51.54660946728601,52.57819935238794,59.66713205557605
2013-05-01 16:00:00,51.546609647386646,53.2040238182623,61.311895118386154
2013-05-01 17:00:00,51.54660986745818,55.10670394287885,63.56502053065495
2013-05-01 18:00:00,51.54660976483838,55.30225199897079,63.630616802216075
2013-05-01 19:00:00,51.54660969166412,55.088220996362594,63.586686717203264
2013-05-01 20:00:00,51.54660966811918,54.94062828123677,63.36627400949599
2013-05-01 21:00:00,51.54660972599645,55.38554942372693,63.64771361591984
2013-05-01 22:00:00,51.54660978175953,55.54962207292219,63.68346122005726
2013-05-01 23:00:00,51.54660989469107,55.5496241638708,63.68345745336925
2013-05-02 00:00:00,51.5466101205401,55.54962303656407,63.6834572739563
2013-05-02 01:00:00,51.54660989484375,55.54962590066191,63.683460226584465
2013-05-02 02:00:00,51.546609813005055,55.54962782938205,63.683540433627414
2013-05-02 03:00:00,51.54660978802354,55.549630473753524,63.68350222586945
2013-05-02 04:00:00,51.54660977134158,55.54963194760836,63.683610390689786
2013-05-02 05:00:00,51.5466096932322,55.549670041716396,63.67925073834794
2013-05-02 06:00:00,51.54660957727793,54.897328350019976,61.15947572959835
2013-05-02 07:00:00,51.54660456961926,54.55825055582626,60.72469486845864
2013-05-02 08:00:00,50.14995097759623,52.57820495819553,60.44605775650928
2013-05-02 09:00:00,50.149950246285954,52.57820491852239,60.44605719994071
2013-05-02 10:00:00,50.14995206907342,52.57820936713506,60.66503440671917
2013-05-02 11:00:00,50.14995011314726,52.578202335577046,60.44605699183613
2013-05-02 12:00:00,50.14995016658946,52.578202231156794,60.446057104644645
2013-05-02 13:00:00,50.14995033480078,52.57820170783576,60.44605734730571
2013-05-02 14:00:00,50.14995067647891,52.57820083029388,60.4460577283912
2013-05-02 15:00:00,50.14995154994578,52.578201909759,60.57096873756276
2013-05-02 16:00:00,50.324927517729826,52.57820849755126,60.77084714792587
2013-05-02 17:00:00,51.10496091022305,52.87754060245503,61.858058431889816
2013-05-02 18:00:00,51.54660933264295,55.42269989197452,62.28973359230528
2013-05-02 19:00:00,51.54660924819601,54.71752297417119,61.830159695210064
2013-05-02 20:00:00,51.546609199706886,54.099185907150286,61.79729909812998
2013-05-02 21:00:00,51.5466094317838,54.000703507577455,61.81504519932567
2013-05-02 22:00:00,51.54660951207605,53.88634325997745,61.59925704262129
2013-05-02 23:00:00,51.54660961334328,53.88656820589844,61.599255406125145
2013-05-03 00:00:00,51.5466098123064,55.370175687242494,61.59117986263171
2013-05-03 01:00:00,52.07241584810569,55.432548237436876,61.537456683323775
2013-05-03 02:00:00,52.187459447656096,55.54962819501543,61.54536757148376
2013-05-03 03:00:00,52.358433695823024,55.549630762421344,61.89613056186149
2013-05-03 04:00:00,53.55132078235594,55.54963106383792,62.821941785406366
2013-05-03 05:00:00,53.570374612509454,55.5496314286967,63.27585140765457
2013-05-03 06:00:00,51.54660966933266,52.20888495600096,61.28918581036448
2013-05-03 07:00:00,51.54660950865244,41.37289255482062,60.244486722345954
2013-05-03 08:00:00,51.54660922559801,37.80801882911415,60.24448592371707
2013-05-03 09:00:00,51.546608406318526,35.93381078421497,60.24448570609458
2013-05-03 10:00:00,51.546605615278644,31.95066849909209,60.24448511975142
2013-05-03 11:00:00,50.909774819885584,29.37187640848,60.24448355085833
2013-05-03 12:00:00,51.546608782666546,32.89920462048882,60.24448568910656
2013-05-03 13:00:00,51.54660910254059,37.80799880846499,60.244486441882785
2013-05-03 14:00:00,51.54660924686702,41.37289152807334,60.24450075740664
2013-05-03 15:00:00,51.546609381193875,41.372911586520885,60.24451703706549
2013-05-03 16:00:00,51.54660951026701,46.42633681655887,61.48254121392952
2013-05-03 17:00:00,51.54660967608068,55.476915572993875,63.849246075996355
2013-05-03 18:00:00,51.5466098574322,55.74580201013465,64.2203703053205
2013-05-03 19:00:00,51.546609639390105,55.72296860438742,63.938118352334875
2013-05-03 20:00:00,51.546609532960204,55.54973198786024,63.626765398047255
2013-05-03 21:00:00,51.54660946715453,55.476913027322325,63.579477371662264
2013-05-03 22:00:00,51.54660916938374,53.19243447736571,61.95588185725112
2013-05-03 23:00:00,51.28721708006963,52.94921809927568,61.78108171546337
2013-05-04 00:00:00,50.90963928706041,52.57832056254644,61.491584110560574
2013-05-04 01:00:00,50.90963856211718,52.57831924586225,61.491588060105705
2013-05-04 02:00:00,50.909638395085715,52.57831736795332,61.49158800755113
2013-05-04 03:00:00,50.90963825816805,52.57831695529963,61.49158761017935
2013-05-04 04:00:00,50.90963801572924,52.578306088404474,61.49156969685331
2013-05-04 05:00:00,50.90963793330674,52.57832031944535,61.37659648198622
2013-05-04 06:00:00,8.658045970143412,11.242559481145449,18.392007179581842
2013-05-04 07:00:00,7.999708947485889,10.15126876168813,17.91896196570849
2013-05-04 08:00:00,6.069793716883137,6.837988788550865,17.6138566062451
2013-05-04 09:00:00,4.325909458672335,6.837988194878891,17.107967669941367
2013-05-04 10:00:00,4.325904947869908,6.837987690469704,16.995620077927292
2013-05-04 11:00:00,4.325904391750843,6.837987349739333,16.99561625497617
2013-05-04 12:00:00,4.325904271583241,6.837987304186863,16.930559114151198
2013-05-04 13:00:00,4.325904284196423,6.837987635926389,16.96065888595811
2013-05-04 14:00:00,4.325905194917723,6.837988438161137,17.082795408018768
2013-05-04 15:00:00,4.344911605293219,6.84523851185355,16.971436645801155
2013-05-04 16:00:00,9.729162133561289,14.183395269385827,26.689087449979542
2013-05-04 17:00:00,28.318788816789155,32.4065276062368,42.14161880801802
2013-05-04 18:00:00,37.61718153405814,45.2139113184499,51.43183059232789
2013-05-04 19:00:00,41.0130801443047,50.80711701035344,56.17277314486351
2013-05-04 20:00:00,42.54878631958369,52.57820624332791,57.00991048309249
2013-05-04 21:00:00,44.98549551541183,52.57820740551597,58.522450448439436
2013-05-04 22:00:00,50.20942714491931,53.53626155695194,59.11242564084286
2013-05-04 23:00:00,50.789246387101514,54.1264380574155,59.44299334630814
2013-05-05 00:00:00,50.789250320418276,54.12644117480839,59.442994736355566
2013-05-05 01:00:00,50.789256497635336,54.12644314976322,59.44299540820573
2013-05-05 02:00:00,51.546608444107,54.126444005502776,59.442995776782375
2013-05-05 03:00:00,51.54660914156639,54.126444322009476,59.44299591601655
2013-05-05 04:00:00,51.546609344851575,54.12644451921493,59.442995978888646
2013-05-05 05:00:00,51.54660945123438,54.12644435627169,59.42500554912445
2013-05-05 06:00:00,17.84532503297445,18.7332632891802,24.923780076588322
2013-05-05 07:00:00,17.03725883454406,17.595306963858846,23.245028637612904
2013-05-05 08:00:00,14.596220740145124,16.44616870883347,22.69197635387403
2013-05-05 09:00:00,14.596219925503888,16.446168037409105,22.691976092933455
2013-05-05 10:00:00,14.596220240229918,16.446167775009116,22.69197620048761
2013-05-05 11:00:00,14.59621991006631,16.446167480361723,22.691976253081172
2013-05-05 12:00:00,14.596220025526119,16.44616779717511,22.69197659652187
2013-05-05 13:00:00,14.596220443474714,16.44616845693247,22.691978366734453
2013-05-05 14:00:00,14.596239021564472,16.446183717087962,22.890431788159685
2013-05-05 15:00:00,34.75141685924996,34.62011331649437,41.071473608186594
2013-05-05 16:00:00,51.54660937120417,52.57820791251599,58.87098849068619
2013-05-05 17:00:00,51.54660978231176,55.54962693101314,62.754467008512194
2013-05-05 18:00:00,52.75123744042664,55.64684625135288,64.25441825969101
2013-05-05 19:00:00,53.1556900567037,55.62012405148482,64.24427583710005
2013-05-05 20:00:00,53.0853104870931,55.54963506191666,64.21791641388914
2013-05-05 21:00:00,53.085175056384124,55.54963238617812,64.18627207685854
2013-05-05 22:00:00,51.54661043243983,55.54963129208599,63.98335420871044
2013-05-05 23:00:00,51.54660994559361,55.54963119957286,63.68452252623269
2013-05-06 00:00:00,51.54660973848562,55.54963112997213,63.675109148900646
2013-05-06 01:00:00,51.54660968805316,55.549631079867055,63.67508661360609
2013-05-06 02:00:00,51.546609718092625,55.54963140277259,63.67411902296555
2013-05-06 03:00:00,51.54660977349139,55.5496328847677,63.84025338650146
2013-05-06 04:00:00,51.54660991041077,55.87576437917585,64.27479296506898
2013-05-06 05:00:00,51.54661111444691,56.405455096090506,64.08148359958956
2013-05-06 06:00:00,51.54660961042522,54.89732799759206,59.963244831308856
2013-05-06 07:00:00,51.54660912099095,52.50050776166684,56.68274715076578
2013-05-06 08:00:00,51.54660848068161,51.078720736345716,56.158170381537765
2013-05-06 09:00:00,51.54660832457831,51.07872011259205,56.15816990302155
2013-05-06 10:00:00,51.54660846239901,51.07871986545889,56.158169984976816
2013-05-06 11:00:00,51.54660871030355,51.07871997651411,56.15817013543625
2013-05-06 12:00:00,51.54660939694111,51.0787206945305,56.1581706857161
2013-05-06 13:00:00,51.54660953964359,51.07872304821845,56.293490396595104
2013-05-06 14:00:00,51.54660969871995,52.57800914346002,57.349168015139334
2013-05-06 15:00:00,51.54660979441394,52.57821480578036,58.9851900864787
2013-05-06 16:00:00,52.53261389809696,55.54963062166513,61.44224051142785
2013-05-06 17:00:00,54.884290531931995,56.482663084965466,65.55927926130097
2013-05-06 18:00:00,59.2522974468208,62.740682542403974,67.57634662649279
2013-05-06 19:00:00,59.252294607758465,62.74068093176936,66.86724873888369
2013-05-06 20:00:00,59.12577515366138,62.61190237062739,66.74957024284724
2013-05-06 21:00:00,57.24994946552739,60.70256352062033,65.03394338621696
2013-05-06 22:00:00,54.01855454562137,57.10569954039393,62.72296811867339
2013-05-06 23:00:00,55.624595175876784,57.81024618805678,64.51246906897633
2013-05-07 00:00:00,58.99372115494265,61.90337450325303,66.88135249285142
2013-05-07 01:00:00,59.25229882220417,62.740683493540445,67.55761858222378
2013-05-07 02:00:00,59.25229749156764,62.740682557470066,67.77590391672653
2013-05-07 03:00:00,59.252293743581504,62.74068219152923,67.80419916940407
2013-05-07 04:00:00,56.601457073664584,62.74067420179195,67.80461549143126
2013-05-07 05:00:00,54.60330203970063,62.74065958433694,67.71876773998635
2013-05-07 06:00:00,51.54660978887708,54.89733172587054,61.36887457938396
2013-05-07 07:00:00,51.546609222043045,52.82132518758989,60.45339880865354
2013-05-07 08:00:00,50.597488325363855,52.10796152070289,58.28194590276877
2013-05-07 09:00:00,48.05564304349077,50.110308504928426,57.64043016074364
2013-05-07 10:00:00,47.90692340396915,49.628727050519856,57.640426736487115
2013-05-07 11:00:00,47.90692329146296,49.62872654838269,57.6341308783739
2013-05-07 12:00:00,47.906923491640256,49.62872717867198,57.63413050078512
2013-05-07 13:00:00,47.9069238706262,49.62872776261112,57.63412993804719
2013-05-07 14:00:00,47.90692435106561,49.62872819537853,57.68892053965167
2013-05-07 15:00:00,48.05564132506391,50.11031175315742,57.777039146337074
2013-05-07 16:00:00,49.80917501158928,53.12885809412869,58.538684130482935
2013-05-07 17:00:00,50.59748953284441,55.137067510151866,61.411496936100676
2013-05-07 18:00:00,50.59748768524279,55.13741914097021,61.41184143353511
2013-05-07 19:00:00,50.328898917641546,54.66589351320768,60.85804033284898
2013-05-07 20:00:00,50.26965496106239,53.59758889936745,59.37283448156084
2013-05-07 21:00:00,49.950771837953106,53.272985126869926,59.06490277453025
2013-05-07 22:00:00,48.17939198498698,50.51104025389921,57.925253431125455
2013-05-07 23:00:00,48.256051161437675,50.511048300214284,58.06565826989507
2013-05-08 00:00:00,48.26065475749756,50.511047084651864,58.07656841531856
2013-05-08 01:00:00,48.27212950908953,50.542685862743056,58.0752526838948
2013-05-08 02:00:00,48.38860247769033,50.66947631663973,58.15604957724054
2013-05-08 03:00:00,51.2144499795329,53.11154689137297,61.31803856298604
2013-05-08 04:00:00,51.08689762305168,52.752444578807044,61.34487384564212
2013-05-08 05:00:00,51.54660299014042,51.903468816945335,59.732901698759086
2013-05-08 06:00:00,15.49487532848109,17.169386277288346,23.027591364969453
2013-05-08 07:00:00,13.346889107000887,15.180139771971435,21.843636064145876
2013-05-08 08:00:00,13.346887094364565,15.180122516048144,21.432213045763667
2013-05-08 09:00:00,13.346886841046832,15.180114691701633,21.432212368867482
2013-05-08 10:00:00,13.346886875405431,15.18011955181239,21.432211902018295
2013-05-08 11:00:00,13.346886564295524,15.180110873579734,21.43220906067935
2013-05-08 12:00:00,13.346880813267322,15.180121460339336,21.432212481279123
2013-05-08 13:00:00,13.276063584543603,15.180122521380621,21.43221438268337
2013-05-08 14:00:00,13.146523322573856,15.611779362594127,21.836366091592566
2013-05-08 15:00:00,20.107429614255537,22.321005017960424,30.865888569622427
2013-05-08 16:00:00,29.185276818420057,32.335273077931035,43.361531498564915
2013-05-08 17:00:00,34.727252405136696,38.34938583021529,50.3595243559479
2013-05-08 18:00:00,34.7272679346156,38.34944191382598,50.35952515489911
2013-05-08 19:00:00,34.72726797163334,38.349441956919875,50.359523827493646
2013-05-08 20:00:00,34.72725215748735,38.34938498486336,50.33446284095175
2013-05-08 21:00:00,34.713066618814736,38.30202653187838,49.38765687022686
2013-05-08 22:00:00,34.726883160547885,38.34939287039457,50.35914828035492
2013-05-08 23:00:00,34.7272499736607,38.34938669925819,50.34951311665483
2013-05-09 00:00:00,33.197570936920926,37.00803383569502,48.87596162794649
2013-05-09 01:00:00,31.849905035410917,35.59894226290369,47.67381306407733
2013-05-09 02:00:00,28.92512733930116,32.98697457445249,47.385724076051794
2013-05-09 03:00:00,28.925125907640815,32.97955154787138,47.38114233162972
2013-05-09 04:00:00,28.925127353397762,32.63757658889202,47.29113140779294
2013-05-09 05:00:00,28.927108979089905,32.33528397923435,46.06245240669157
2013-05-09 06:00:00,11.211713827152352,13.568636293994267,30.408978838179635
2013-05-09 07:00:00,10.220889268559112,12.2628219012309,28.0745727723547
2013-05-09 08:00:00,9.877525750781357,7.685488512346487,28.019812715390305
2013-05-09 09:00:00,9.877524673670456,7.685444256819978,28.019809704049656
2013-05-09 10:00:00,9.877525467679094,7.685455662203255,28.028107891357408
2013-05-09 11:00:00,9.877525386316002,7.738026447647538,28.121665166311857
2013-05-09 12:00:00,9.877525362603077,7.735957703533083,28.189375587750995
2013-05-09 13:00:00,9.877527164526686,8.165691876386976,28.318666618039003
2013-05-09 14:00:00,9.880116018216363,8.552527663176098,28.38607647735104
2013-05-09 15:00:00,9.881415346398246,11.198713091837355,37.326378716848325
2013-05-09 16:00:00,10.711693005428417,14.945511349430436,48.31499258325837
2013-05-09 17:00:00,12.241553379188899,16.00705516952399,54.262351673943925
2013-05-09 18:00:00,12.241553964229396,16.880619480070898,55.38231530159678
2013-05-09 19:00:00,12.241554177146291,16.880619957928715,55.38231576333924
2013-05-09 20:00:00,12.241554098094984,16.88062000750793,55.38231568611113
2013-05-09 21:00:00,12.241553894501312,16.88061995778505,55.382314985632554
2013-05-09 22:00:00,12.241553423129933,16.880616683849894,55.38231414459781
2013-05-09 23:00:00,10.71170033722592,16.180643571697047,55.36158352487342
2013-05-10 00:00:00,10.711695662639311,16.180635526037104,55.359869150474424
2013-05-10 01:00:00,10.711695065113329,16.180577037473626,54.365722262887466
2013-05-10 02:00:00,10.711693729780663,15.59875592438687,53.378917248861434
2013-05-10 03:00:00,10.711691134504449,15.585470967848721,53.35856961991868
2013-05-10 04:00:00,9.480404972857833,14.945530509809677,52.13759648193682
2013-05-10 05:00:00,7.627510409589501,14.524188567140333,49.9344204472333
2013-05-10 06:00:00,7.6272435060247235,12.989450494012058,20.380978923626582
2013-05-10 07:00:00,4.3259041857212726,6.837991629918286,19.262251693064048
2013-05-10 08:00:00,4.325904047744702,6.8379881303836205,17.214036429639766
2013-05-10 09:00:00,4.325904023700879,6.837988366754396,17.112987890026158
2013-05-10 10:00:00,4.325904068452577,6.838004033219788,16.8140806462463
2013-05-10 11:00:00,4.325904022424459,6.8379913765177776,16.80846547175989
2013-05-10 12:00:00,4.325904039981458,6.837991175661109,16.828087665751976
2013-05-10 13:00:00,4.325904080574294,6.8381160529679,17.218686026622485
2013-05-10 14:00:00,4.3259041768191935,6.838005857945321,17.698749744775764
2013-05-10 15:00:00,4.3259046571779916,6.837994432556708,18.56856034318346
2013-05-10 16:00:00,4.335865891308298,11.417788153432639,25.75030092844755
2013-05-10 17:00:00,9.915178809006502,14.874088004317288,33.29847797667571
2013-05-10 18:00:00,11.126817660438848,15.870688918967483,34.39703988436318
2013-05-10 19:00:00,14.254243580399226,17.26075905353817,34.59796393606929
2013-05-10 20:00:00,16.598172229934843,19.10645859662781,35.372676146735124
2013-05-10 21:00:00,16.61289133359367,19.106461345269707,35.36654664499376
2013-05-10 22:00:00,16.60533518674253,19.10644585234118,38.70518914089602
2013-05-10 23:00:00,16.50349799250983,19.106452056180014,38.848975107237926
2013-05-11 00:00:00,16.613019192692242,19.106455235139535,38.857550491583936
2013-05-11 01:00:00,16.615067183835414,19.10645536835702,38.89804542355499
2013-05-11 02:00:00,16.615069798868934,19.106455662030925,40.21340546945744
2013-05-11 03:00:00,16.615070423160365,19.106455000643336,40.40147338025235
2013-05-11 04:00:00,16.61507072254784,19.10642828819943,40.40154859545434
2013-05-11 05:00:00,16.615071025135244,19.10645065761348,40.33641189086714
2013-05-11 06:00:00,15.352649063698081,16.64510356818503,36.79560187182714
2013-05-11 07:00:00,13.276062759308079,14.853220026127378,34.28451981634228
2013-05-11 08:00:00,13.450411777989292,14.849529396067933,34.28451904073867
2013-05-11 09:00:00,15.352645993067725,14.754761460751588,34.28451913453754
2013-05-11 10:00:00,15.352646246059106,14.754759500553826,34.28452131444874
2013-05-11 11:00:00,13.231683924781741,14.754755946325286,34.28591072992501
2013-05-11 12:00:00,13.231683272843767,14.556594672834336,34.8770490751045
2013-05-11 13:00:00,13.231682396109193,14.100395592391749,35.86984380019465
2013-05-11 14:00:00,13.231680106568085,14.107660829414698,35.527791233274456
2013-05-11 15:00:00,11.890857957122282,12.912675374962536,35.89288601556312
2013-05-11 16:00:00,13.231682988740967,11.306723047233733,37.79920470940062
2013-05-11 17:00:00,13.231684336692052,14.717601576610551,40.259923817997894
2013-05-11 18:00:00,13.278148880968978,14.754759015057383,40.83863180450338
2013-05-11 19:00:00,13.276070260088087,14.754761437450075,40.83863207978122
2013-05-11 20:00:00,13.297027058801664,14.754763043257146,40.83863133003571
2013-05-11 21:00:00,13.473716013715524,14.754764284994138,40.70411563795036
2013-05-11 22:00:00,13.231683412502495,14.77215176614606,38.6988915397881
2013-05-11 23:00:00,13.231684097421798,14.784893029301646,38.70395475488133
2013-05-12 00:00:00,13.23168671461669,14.754763014102283,39.19914698835923
2013-05-12 01:00:00,17.481379466883105,14.754764560171221,39.79295267772848
2013-05-12 02:00:00,18.48522960219888,14.754766523625452,39.85680315428594
2013-05-12 03:00:00,22.048803199183144,14.944442856702468,39.92875811749236
2013-05-12 04:00:00,22.048816958540243,15.326736731135883,39.97257179967781
2013-05-12 05:00:00,22.060451473766317,15.326737902007144,39.78663720719064
2013-05-12 06:00:00,15.407443576947657,16.340373486762793,32.70186724810032
2013-05-12 07:00:00,15.407443064949245,14.754762488720727,32.22097751996013
2013-05-12 08:00:00,13.276066797064846,14.75476185248847,31.639722332114076
2013-05-12 09:00:00,13.276066472808196,14.754762645951251,31.63972154761644
2013-05-12 10:00:00,13.276066340870699,14.754762700659963,31.639732726938234
2013-05-12 11:00:00,13.276066239492486,14.754761987533042,31.808437307010735
2013-05-12 12:00:00,13.27606638998623,14.754762224821,31.808438519175965
2013-05-12 13:00:00,13.276066397387506,14.754762948430276,31.808577272410638
2013-05-12 14:00:00,13.276066452616995,14.754763202813669,32.17461437987008
2013-05-12 15:00:00,13.276074981778713,14.754764365647013,32.51259468181577
2013-05-12 16:00:00,15.407442184942944,14.754765016163564,35.704970925744135
2013-05-12 17:00:00,15.407443725636561,16.96420865551584,40.163022647007
2013-05-12 18:00:00,15.4074437962451,17.152576741404687,40.200873354631575
2013-05-12 19:00:00,15.407443816513222,17.152659573080687,40.20087333242988
2013-05-12 20:00:00,15.407443753733066,17.15267150384812,40.20087593057384
2013-05-12 21:00:00,15.407443105275213,17.152670735929803,40.20087568725866
2013-05-12 22:00:00,14.523397494858397,16.74807530271394,39.69579710917397
2013-05-12 23:00:00,13.276067325006004,16.07556737406967,39.69579831982467
2013-05-13 00:00:00,13.276066806693219,16.075559160105136,39.32823619028199
2013-05-13 01:00:00,13.276066579322755,15.284012165995096,37.25048743932014
2013-05-13 02:00:00,13.276066457250963,15.165904080069634,37.23283833011279
2013-05-13 03:00:00,13.276066477866639,15.302196074952048,37.21840755890525
2013-05-13 04:00:00,13.276066578353436,15.447739577888784,37.22349396295864
2013-05-13 05:00:00,13.276066649701765,15.733176468124887,35.31439023890218
2013-05-13 06:00:00,8.086688283138743,10.752601951003815,17.372914377623047
2013-05-13 07:00:00,4.3375634120486595,6.918230466409228,14.380443503950094
2013-05-13 08:00:00,4.337567224528785,6.8379880560696655,14.35194159734501
2013-05-13 09:00:00,4.758443808633305,6.837988061354802,14.132233298302374
2013-05-13 10:00:00,4.9627082620145515,6.918219945080335,14.394627590822845
2013-05-13 11:00:00,4.6808165188718895,6.837988351254217,14.355550063681855
2013-05-13 12:00:00,4.367930520380689,6.837988111294406,14.468628392557589
2013-05-13 13:00:00,10.004684846537092,6.918235818863018,18.782476777550823
2013-05-13 14:00:00,10.006010419287193,9.77626508484704,23.91165047125363
2013-05-13 15:00:00,11.513194317127901,13.61636469745465,29.02534052574886
2013-05-13 16:00:00,11.513207051923741,15.119372977605588,32.11743437231938
2013-05-13 17:00:00,13.231057092893568,16.2500906232603,36.87055616859307
2013-05-13 18:00:00,13.231059114203692,17.087745973473695,37.56408665625598
2013-05-13 19:00:00,13.231057646872326,17.087797528102243,37.564964349695565
2013-05-13 20:00:00,11.922204503162778,16.500924320530963,37.58773006801555
2013-05-13 21:00:00,11.513197125365176,16.310462567865166,37.66555223009461
2013-05-13 22:00:00,11.51319535078144,16.310440953774073,37.72331682921671
2013-05-13 23:00:00,11.513195298434987,16.14508104050536,38.51507478603409
2013-05-14 00:00:00,11.513196222229913,16.250092485206554,37.96324498765878
2013-05-14 01:00:00,11.513198693290235,16.250095667590585,37.963245359132664
2013-05-14 02:00:00,11.657915366241918,16.324979525925414,38.32648713186914
2013-05-14 03:00:00,18.093887522879747,20.668893741961192,38.03250954609149
2013-05-14 04:00:00,18.0938951331354,21.206513698109205,38.242113469449365
2013-05-14 05:00:00,18.09389540833564,21.206514208438115,37.01644719698768
2013-05-14 06:00:00,16.137021837936516,18.645499683584333,27.231529911196084
2013-05-14 07:00:00,15.452091330092987,18.27126045607756,25.965267946301164
2013-05-14 08:00:00,15.451379604929144,17.95169911422736,25.36847882329734
2013-05-14 09:00:00,14.215787371995628,17.718414222717072,25.215136789404227
2013-05-14 10:00:00,15.45209114363805,17.956382823644446,25.233101217325334
2013-05-14 11:00:00,15.452091671219161,17.95587271037676,25.233242587557218
2013-05-14 12:00:00,15.742655115171548,18.426765022063584,25.803094274843133
2013-05-14 13:00:00,18.47619726305861,21.236114011656138,27.59417706009259
2013-05-14 14:00:00,29.844360589289526,33.4666014815478,34.17694195838649
2013-05-14 15:00:00,35.18062356587369,38.23896340401014,43.44265839246976
2013-05-14 16:00:00,35.86213290954243,39.671287210311164,47.94945796723457
2013-05-14 17:00:00,35.86215206339347,40.236150966205656,50.47319138480452
2013-05-14 18:00:00,35.86223715897298,40.23615168555807,50.47339132259159
2013-05-14 19:00:00,37.7117489162687,40.23615191357953,50.606641306174474
2013-05-14 20:00:00,35.86213914394447,40.236149740289676,50.45737321378582
2013-05-14 21:00:00,35.862132165262814,40.2361451164557,50.45375263427912
2013-05-14 22:00:00,34.4457955862436,37.21825705258894,50.155806239191435
2013-05-14 23:00:00,29.844364442317374,32.66658991068596,46.70499666178823
2013-05-15 00:00:00,29.84436089555794,33.50198214416258,46.26719759280103
2013-05-15 01:00:00,29.844362028543326,33.28108785846324,45.303003504098264
2013-05-15 02:00:00,29.689598770834436,33.3401494537136,44.095608308900005
2013-05-15 03:00:00,29.279481504343817,32.46537667744481,43.864295008694526
2013-05-15 04:00:00,29.473940811764137,33.114666347013355,43.74339128470139
2013-05-15 05:00:00,27.157752418754292,27.88621378324751,40.61282467383221
2013-05-15 06:00:00,6.830108179239778,9.920627343219074,15.47978335463737
2013-05-15 07:00:00,6.287185570701177,9.284678484026253,15.115476896133412
2013-05-15 08:00:00,5.2560615525307615,8.909377964396992,15.047330499620928
2013-05-15 09:00:00,4.70501828197934,7.706540574202573,14.115494656970494
2013-05-15 10:00:00,5.443293218921502,8.038869731739442,14.921303118416441
2013-05-15 11:00:00,4.335869976868832,7.685901814067688,14.96022181152697
2013-05-15 12:00:00,4.335865173386917,7.686341332212663,14.964651126990306
2013-05-15 13:00:00,4.9151652587323005,7.72176526879165,15.635943557252947
2013-05-15 14:00:00,5.057352827867294,7.557246714093139,16.42950292025563
2013-05-15 15:00:00,5.067428059418714,7.567320389478602,20.566738388909744
2013-05-15 16:00:00,12.911810351802664,18.742644291702238,34.18234684536368
2013-05-15 17:00:00,45.87754935508302,51.05248802656406,58.39570659962852
2013-05-15 18:00:00,51.54660870819982,56.54612656840479,62.20767988347692
2013-05-15 19:00:00,51.54661338338369,56.933618798363824,62.53450113357437
2013-05-15 20:00:00,51.54661631523792,56.91382179642156,62.517799774879286
2013-05-15 21:00:00,51.546626178923376,56.93361250036057,62.53447950112736
2013-05-15 22:00:00,51.914123110339396,56.933620739376224,62.68094300758282
2013-05-15 23:00:00,52.37654462006926,56.93362204411352,62.74774777202385
2013-05-16 00:00:00,52.376547867782435,58.25007022427465,63.31181464643709
2013-05-16 01:00:00,56.79120525936642,60.23567530565765,64.9842719923261
2013-05-16 02:00:00,58.94068439691902,62.423501199518924,66.18940120488337
2013-05-16 03:00:00,63.67963162809513,67.24710999490777,68.69900455993265
2013-05-16 04:00:00,63.6796360253389,67.24711507038744,68.69901153004913
2013-05-16 05:00:00,63.679626882601205,67.24710608692695,68.06653225590357
2013-05-16 06:00:00,55.46297707320046,58.883665318160055,57.72304575995231
2013-05-16 07:00:00,53.082622898443965,56.4607762434849,56.524371915856804
2013-05-16 08:00:00,53.90166810658457,56.460771842582204,56.00795587290856
2013-05-16 09:00:00,53.90166880323927,56.460768920160405,55.077622747141085
2013-05-16 10:00:00,52.37654893665207,56.46076861766032,54.69249783986658
2013-05-16 11:00:00,52.37654882279694,56.46076916274406,54.847227569475045
2013-05-16 12:00:00,52.376548800975606,56.460769290708214,54.84724005117792
2013-05-16 13:00:00,52.37654878959279,56.46077023458639,54.847240196792555
2013-05-16 14:00:00,52.37654872483895,56.46076970144071,54.84724039337509
2013-05-16 15:00:00,52.37654819603909,56.460769826111104,54.84725005105344
2013-05-16 16:00:00,52.37654451341328,56.46076936104994,55.92922856092753
2013-05-16 17:00:00,52.37654419778063,56.46077024400782,56.24289775608518
2013-05-16 18:00:00,52.37654424973948,56.460771413480515,57.20971890671222
2013-05-16 19:00:00,52.37654386930028,56.46077467561969,55.16845280264146
2013-05-16 20:00:00,52.37654429484146,56.46077559702471,55.17674154756043
2013-05-16 21:00:00,52.3765446057122,56.46077798840861,54.91942684604795
2013-05-16 22:00:00,52.37654493089653,56.46079131643265,55.17673495833259
2013-05-16 23:00:00,52.37654580642427,56.880101275180465,55.378186578400545
2013-05-17 00:00:00,52.376548908970584,56.88010378915507,55.378339364866044
2013-05-17 01:00:00,52.376549148082894,56.880143740324726,55.52632934466867
2013-05-17 02:00:00,52.37654924504585,57.20504621072563,55.815507134063466
2013-05-17 03:00:00,52.37654929994717,56.88010555011775,55.537360091374275
2013-05-17 04:00:00,52.376549327941696,56.88010490174008,55.55958962410726
2013-05-17 05:00:00,52.37654933866337,56.88010367881586,55.452525235528604
2013-05-17 06:00:00,52.376549361342725,56.71274152644834,54.60353742244638
2013-05-17 07:00:00,52.376549442006514,56.71273836918985,52.936529558414136
2013-05-17 08:00:00,52.376549514950675,56.71273790173035,52.9365288863959
2013-05-17 09:00:00,52.37654955952591,56.71273805478394,52.93652870712162
2013-05-17 10:00:00,52.37654964779431,56.71273764533558,52.93652865102741
2013-05-17 11:00:00,52.37654967738472,56.71273735133519,52.9365294059849
2013-05-17 12:00:00,52.37654976618014,56.712737341675606,52.936530150014
2013-05-17 13:00:00,52.37654983323046,56.7127381747427,53.39260156697615
2013-05-17 14:00:00,52.376550258512204,56.71273851198403,56.302739068012606
2013-05-17 15:00:00,52.376550294378724,56.712738426510015,59.425814829283695
2013-05-17 16:00:00,52.37655050441061,56.71273912764234,60.40071943648306
2013-05-17 17:00:00,53.2089912601055,56.933499947876,60.62200374793764
2013-05-17 18:00:00,53.84041386013842,56.93362165708915,60.82792907808775
2013-05-17 19:00:00,53.99307330571883,56.933621948677555,60.95172342644051
2013-05-17 20:00:00,53.990985436059546,56.93362212796947,60.9505316096816
2013-05-17 21:00:00,53.84097141302154,56.93362233726309,60.82838050691249
2013-05-17 22:00:00,53.54715797586169,56.933621065825804,57.88162276732474
2013-05-17 23:00:00,53.33015761130564,56.71274770112893,57.86502720919395
2013-05-18 00:00:00,52.37655650112461,56.712740402688894,57.779699539116315
2013-05-18 01:00:00,52.376551382441534,56.7127403257163,57.776748417388916
2013-05-18 02:00:00,52.37655065546129,56.71273997152633,57.77675300522569
2013-05-18 03:00:00,52.3765503690563,56.71273969713236,57.7965254273284
2013-05-18 04:00:00,52.376550285192735,56.71273975648782,57.85690938592843
2013-05-18 05:00:00,52.376550260918286,56.7127399393587,57.588029211341244
2013-05-18 06:00:00,52.37654999633069,53.878411051583626,36.34415057748412
2013-05-18 07:00:00,52.3765500365716,53.878410628113,36.276910920997835
2013-05-18 08:00:00,52.37655010799384,53.87840921121622,35.47170944561947
2013-05-18 09:00:00,52.37655017770041,53.878409119195766,35.47170773622508
2013-05-18 10:00:00,52.37655032675781,53.87840928767697,35.47170785601616
2013-05-18 11:00:00,52.37655039120529,53.87840891180278,35.471707734473576
2013-05-18 12:00:00,52.37655039244415,53.87840873699267,35.51723406094935
2013-05-18 13:00:00,52.3765503957148,53.878408671532966,35.63815960981405
2013-05-18 14:00:00,52.37655044203148,53.87840873825398,36.44750104679854
2013-05-18 15:00:00,52.37655049857797,53.87840917549731,44.00134088887034
2013-05-18 16:00:00,52.37655057590912,53.87840972008149,57.9764574135409
2013-05-18 17:00:00,52.376550844702685,56.46452143868231,61.69869333622306
2013-05-18 18:00:00,53.49031838880182,59.22008930019817,65.22245820417582
2013-05-18 19:00:00,54.16802603244173,59.941926581123255,65.22245862189352
2013-05-18 20:00:00,55.29202140332605,60.19760717759887,65.22245996755902
2013-05-18 21:00:00,56.753864361712616,60.197615868857525,65.21309843205921
2013-05-18 22:00:00,56.754007050209985,60.19775786034565,65.22251256173588
2013-05-18 23:00:00,57.49075079790291,60.947657203812724,65.3469604048222
2013-05-19 00:00:00,58.569047734905176,61.84253713575849,65.49715092940444
2013-05-19 01:00:00,59.0031236922983,62.39008301815434,65.60388706981306
2013-05-19 02:00:00,59.376274892455484,62.83279073042905,65.90321704727454
2013-05-19 03:00:00,60.53080095356229,64.042023241837,66.17259433486028
2013-05-19 04:00:00,61.140274755568875,64.66238559436289,66.29351446540097
2013-05-19 05:00:00,58.36992871426829,61.842545072751804,65.43332950108096
2013-05-19 06:00:00,52.37655092260753,53.87841101093538,58.48557245135059
2013-05-19 07:00:00,52.37655068420987,52.803756926734906,57.18874640026241
2013-05-19 08:00:00,52.37655064357316,52.80374461273445,57.18874375276858
2013-05-19 09:00:00,52.37655061273382,52.80374375495472,57.188743662487134
2013-05-19 10:00:00,52.37655054524164,52.80374365531644,57.188743948318724
2013-05-19 11:00:00,52.37655046674396,52.80374336008525,57.188746323311534
2013-05-19 12:00:00,52.37655038339544,52.80374391069276,58.048470986553866
2013-05-19 13:00:00,52.376550372736496,52.80374549233305,58.311699365578754
2013-05-19 14:00:00,52.376550341118694,52.803757853605575,60.27518809849353
2013-05-19 15:00:00,52.37655059233452,53.87840930338021,61.091269748696654
2013-05-19 16:00:00,52.37655077084974,54.0569187032343,61.87790832998707
2013-05-19 17:00:00,52.37655103179869,56.61897255732251,63.89621434485517
2013-05-19 18:00:00,52.37655230275218,57.438484766624256,64.89822540348433
2013-05-19 19:00:00,52.37656052200533,57.51004992634206,64.84896672849824
2013-05-19 20:00:00,52.37655330780057,57.248892303783606,64.71887903672199
2013-05-19 21:00:00,54.1680190923167,56.933622957066106,63.92888181093028
2013-05-19 22:00:00,54.16802848948392,56.93362318031167,64.37283913782136
2013-05-19 23:00:00,54.16802719347586,56.93362252966622,64.37276589761599
2013-05-20 00:00:00,54.16802511715684,56.933622442853704,64.37259229065675
2013-05-20 01:00:00,54.16794928924316,56.933622415718304,63.928788230102285
2013-05-20 02:00:00,52.37655146127263,56.93362248393085,63.92875527013502
2013-05-20 03:00:00,52.376551158285736,56.933622513390105,63.92859085630156
2013-05-20 04:00:00,52.376551122850564,56.93362259807306,63.92874232908188
2013-05-20 05:00:00,52.37655115698123,56.767668941108866,62.058542850903855
2013-05-20 06:00:00,52.376551116007896,56.62882962944647,59.59379616827881
2013-05-20 07:00:00,52.37655112009655,56.61898170588729,58.70341028183673
2013-05-20 08:00:00,52.37655117686886,56.61898094595347,58.70340986713476
2013-05-20 09:00:00,52.376551297453474,56.618981269568934,58.70340987262714
2013-05-20 10:00:00,52.376553606016515,56.61898160925902,58.70341006767135
2013-05-20 11:00:00,52.37655220723928,56.618980933669306,58.703409995661936
2013-05-20 12:00:00,52.37655187582889,56.618979432294765,58.70341005215843
2013-05-20 13:00:00,52.37655177274369,56.61897916470326,58.70341078186794
2013-05-20 14:00:00,52.3765512718322,56.61897906778847,58.70341661208692
2013-05-20 15:00:00,52.37655126994455,56.61897890114854,59.614624768125715
2013-05-20 16:00:00,52.37655139761289,56.61897920168717,61.07164104979325
2013-05-20 17:00:00,52.376551409303,56.63494758363167,63.89914848679945
2013-05-20 18:00:00,52.37655251210173,56.97270912353774,65.09915704575906
2013-05-20 19:00:00,52.37655221182947,57.06118342888516,65.13296499646327
2013-05-20 20:00:00,52.37655236995902,56.96711227535164,65.09736754176602
2013-05-20 21:00:00,52.376551206264224,56.93362239280167,65.08468658541987
2013-05-20 22:00:00,52.37655114601098,56.93362276103203,64.78099084149558
2013-05-20 23:00:00,52.37655110633011,56.93362174615429,64.78097183015193
2013-05-21 00:00:00,52.37655108619064,56.63494839696631,64.56567489047035
2013-05-21 01:00:00,52.37655108252429,56.61898055041512,64.56301092434727
2013-05-21 02:00:00,52.37655108942203,56.61898044105422,64.56301192265792
2013-05-21 03:00:00,52.37655109970919,56.63421559962596,64.57158969321125
2013-05-21 04:00:00,52.37655108701904,56.618981181154254,64.9332519178606
2013-05-21 05:00:00,52.376551104125596,56.61897919157086,63.18268008735016
2013-05-21 06:00:00,48.44496712487039,53.582818926301044,61.205755374606355
2013-05-21 07:00:00,48.27379416312868,51.5660345154747,57.41661670194717
2013-05-21 08:00:00,46.67846043510893,50.80599036371673,56.77139083793754
2013-05-21 09:00:00,46.78233778431225,50.80599025112937,56.76029618377766
2013-05-21 10:00:00,46.787121242924634,50.805990340949066,56.781405065913674
2013-05-21 11:00:00,46.67845068126527,50.805989952177214,56.75979348069442
2013-05-21 12:00:00,46.678421741131686,50.80599004789731,56.78136305171218
2013-05-21 13:00:00,46.35349034298914,50.80599015106654,56.90722026554903
2013-05-21 14:00:00,46.30997641598498,50.80599032714288,57.05209491596157
2013-05-21 15:00:00,47.480474480475046,50.805990623106126,58.09360197552358
2013-05-21 16:00:00,48.444960196970676,52.530832442671965,59.60277847459568
2013-05-21 17:00:00,47.55570981037603,53.56964319595433,61.16050703659537
2013-05-21 18:00:00,47.400069907234894,53.87840884877933,61.62792954162186
2013-05-21 19:00:00,44.60488100351515,53.878408449479195,61.471091935273314
2013-05-21 20:00:00,40.0364624418777,53.878408127765624,61.35545282222509
2013-05-21 21:00:00,40.03645965681232,53.304370791304876,60.80323660635438
2013-05-21 22:00:00,40.03645914226826,50.96481403228512,56.63418231402578
2013-05-21 23:00:00,40.03645904779702,50.806383079339085,56.45252393431871
2013-05-22 00:00:00,40.03645904643212,50.805994489853376,56.45250473661511
2013-05-22 01:00:00,40.0364589732113,50.80599333476708,56.44370508011554
2013-05-22 02:00:00,40.0364588517954,50.80599207080223,56.44370433226059
2013-05-22 03:00:00,40.03645879601641,50.80599246986762,56.376003927552674
2013-05-22 04:00:00,40.036456906800666,50.805994284695345,55.78046775723145
2013-05-22 05:00:00,38.85271035870023,50.805992974674965,54.731672410626146
2013-05-22 06:00:00,9.771535255537874,20.073569686731535,20.231165677657074
2013-05-22 07:00:00,4.325904660911892,16.863854783463886,18.560031735860708
2013-05-22 08:00:00,4.325904120888438,16.862520098884367,18.554213072449798
2013-05-22 09:00:00,4.325904069388372,16.862518516141876,18.55886504049191
2013-05-22 10:00:00,4.325904182246336,16.863854173527827,18.554289106460573
2013-05-22 11:00:00,4.32590419021397,16.86251845503188,18.543151006192193
2013-05-22 12:00:00,4.325904146185691,16.86251822149986,18.554245032838566
2013-05-22 13:00:00,4.325904150446331,16.86251872385086,18.304866424222766
2013-05-22 14:00:00,4.3259041270968694,16.19799650331398,18.16229210263723
2013-05-22 15:00:00,4.325904201702356,16.860253699868807,17.52435403173298
2013-05-22 16:00:00,4.335861429304645,17.53179929005497,18.832111389465325
2013-05-22 17:00:00,10.303892966167538,17.531823446488644,21.36779513360824
2013-05-22 18:00:00,15.63700701052127,19.893747856701907,21.923654793618475
2013-05-22 19:00:00,16.805770282507442,20.073513966985956,22.018166141357497
2013-05-22 20:00:00,17.693817951087222,20.07351519939231,22.42363403409945
2013-05-22 21:00:00,17.691864874632923,20.0735153737806,22.419337922502223
2013-05-22 22:00:00,17.445785543261916,19.93654693377317,24.772521924208323
2013-05-22 23:00:00,16.73963557666678,19.884257878884515,25.03310498319826
2013-05-23 00:00:00,16.57207735381914,19.89373482651161,25.670935535336092
2013-05-23 01:00:00,16.23590825230887,19.21824178112079,25.787046583637647
2013-05-23 02:00:00,16.235908733332717,19.218217763257478,26.136591423245683
2013-05-23 03:00:00,16.235913810960422,19.26777463538555,26.299536183927685
2013-05-23 04:00:00,16.51152628694304,19.465363524936194,26.5709964483081
2013-05-23 05:00:00,16.685389005997074,19.66670940457479,26.57691778043598
2013-05-23 06:00:00,16.36592493169562,17.531833221427373,26.071918335566906
2013-05-23 07:00:00,16.365921314825894,17.531827304823025,25.992839237956705
2013-05-23 08:00:00,16.365928301649166,17.531758695730833,25.991224780226666
2013-05-23 09:00:00,16.36593698160776,17.331139773356536,26.07333746546013
2013-05-23 10:00:00,16.36592728209866,17.331106521430918,26.167927994091585
2013-05-23 11:00:00,16.365927874567877,17.331106844455785,26.215091690462224
2013-05-23 12:00:00,16.627830551583592,17.531818497007357,27.605248963971363
2013-05-23 13:00:00,26.2864593189691,17.531818096898775,38.94017085430174
2013-05-23 14:00:00,28.61601746131915,18.439136624982417,42.818208126930614
2013-05-23 15:00:00,36.513154876671486,22.197927613818237,56.64899411747714
2013-05-23 16:00:00,45.858319480518695,44.233829485727114,59.841710991371876
2013-05-23 17:00:00,47.795669374059685,46.99797478400704,61.29176451020418
2013-05-23 18:00:00,50.84619473585133,52.515994941557764,62.72099771405462
2013-05-23 19:00:00,52.37654622686447,54.01928294143892,63.145672424641546
2013-05-23 20:00:00,52.30409250573092,53.94810990154285,62.83862053629056
2013-05-23 21:00:00,52.270734948950306,53.91534217195924,62.74420616953046
2013-05-23 22:00:00,52.124112661532365,53.77131400405561,62.327324219990295
2013-05-23 23:00:00,51.95981798176223,53.60992995893122,62.230031502280205
2013-05-24 00:00:00,50.84619827548355,53.594628303238636,62.271858318562735
2013-05-24 01:00:00,50.84619504208605,53.633252621104674,62.400813218945444
2013-05-24 02:00:00,50.84625945765352,54.290891594997674,62.74891057651967
2013-05-24 03:00:00,51.705410894413625,54.68002128822542,63.04971890894824
2013-05-24 04:00:00,52.3765500802273,54.68003515581904,63.27671643851325
2013-05-24 05:00:00,52.37655030452593,54.50489502502542,62.91415673474069
2013-05-24 06:00:00,48.12450937725612,49.13019250557528,59.95351517519159
2013-05-24 07:00:00,47.93620690004674,42.70270054884925,59.65149145277659
2013-05-24 08:00:00,47.93620676863299,42.70269973460775,59.65149105922344
2013-05-24 09:00:00,47.93620697629408,42.702697955485604,59.651491138187176
2013-05-24 10:00:00,47.93620725694759,42.70268828838955,59.65149123512581
2013-05-24 11:00:00,47.93622304986786,42.70268607940935,59.65149128399802
2013-05-24 12:00:00,50.8461959841408,42.70269276879269,59.78089786765653
2013-05-24 13:00:00,52.37655099484338,42.70269904381789,59.78098177069575
2013-05-24 14:00:00,52.37655145453107,42.70270755397655,59.88870645715153
2013-05-24 15:00:00,52.376551523221735,51.14455580412972,60.05114414891936
2013-05-24 16:00:00,52.37655162237543,52.631510634452596,60.97793416186597
2013-05-24 17:00:00,52.376551670019126,54.85879553384794,62.81420473672324
2013-05-24 18:00:00,52.376551679676055,56.103517488535246,63.62165868618844
2013-05-24 19:00:00,52.376551611197584,55.047733176201206,63.257595268110386
2013-05-24 20:00:00,52.37655159990515,54.61159223508746,62.979390522144676
2013-05-24 21:00:00,52.37655164001529,56.456413091193966,63.201308794877804
2013-05-24 22:00:00,52.376551687471036,56.93362212284862,62.96141702766202
2013-05-24 23:00:00,52.3765516725241,56.93362226812279,62.947316084609206
2013-05-25 00:00:00,52.376551650025824,56.93362244874129,62.290602090581025
2013-05-25 01:00:00,52.37655163812331,56.933622288220946,62.26144238394114
2013-05-25 02:00:00,52.376551606108144,56.93362184421456,62.261438473007566
2013-05-25 03:00:00,52.37655158496081,56.93361925003377,62.26143416872252
2013-05-25 04:00:00,52.37655157706155,56.933605652570904,62.26142240237696
2013-05-25 05:00:00,52.37655126664047,55.501311823892365,60.82854998849157
2013-05-25 06:00:00,22.807548413925282,26.318171016533526,33.94828386733031
2013-05-25 07:00:00,20.326895314612578,22.58994641215015,30.523913591339372
2013-05-25 08:00:00,18.935466171154506,22.589945945361613,30.502869209701835
2013-05-25 09:00:00,18.933957200849218,22.589945740974265,30.43586492890848
2013-05-25 10:00:00,18.933956185271988,22.589945410881803,30.31616194031931
2013-05-25 11:00:00,18.933955547291564,22.58994517774778,30.302994132783667
2013-05-25 12:00:00,18.933957024179534,22.589946471784085,30.167905535861436
2013-05-25 13:00:00,18.933956887599727,22.589948460447893,30.163980212699713
2013-05-25 14:00:00,18.93395679938534,22.589952183979698,30.311517334757255
2013-05-25 15:00:00,18.93395771714099,23.41032116808673,30.84889385638911
2013-05-25 16:00:00,19.96651158670377,25.39559137498449,32.56247714496873
2013-05-25 17:00:00,22.39249380277196,28.997608501073724,35.462934831481284
2013-05-25 18:00:00,22.39249482467171,33.20270707065558,35.53742916350684
2013-05-25 19:00:00,22.39249503385028,33.20537083702917,35.5374287381008
2013-05-25 20:00:00,22.392494393260712,33.225324262815235,35.53742879850463
2013-05-25 21:00:00,22.392494642612398,33.22532659591221,35.537428641714456
2013-05-25 22:00:00,22.39248950804172,32.18042216917006,34.5983811574021
2013-05-25 23:00:00,22.198409625387946,32.38316616933665,34.5275548371258
2013-05-26 00:00:00,21.528921640973255,33.22516136108847,34.01416307242886
2013-05-26 01:00:00,21.51881428126512,33.22532283558464,33.870100062629646
2013-05-26 02:00:00,20.574321933346706,33.22532595009966,33.16498774649462
2013-05-26 03:00:00,19.00761994068528,33.2253272943272,32.64675844726737
2013-05-26 04:00:00,19.00759503885776,33.22532738571344,32.64675356667784
2013-05-26 05:00:00,18.93395869681378,32.730757537839054,31.901036327909686
2013-05-26 06:00:00,7.772160409801492,21.803019129277835,18.712637690716356
2013-05-26 07:00:00,4.367654542813372,22.12241480494305,17.672084139410984
2013-05-26 08:00:00,4.325904323332663,21.80301702727263,17.36330743641627
2013-05-26 09:00:00,4.325904240787016,21.80301702549197,16.002427120568523
2013-05-26 10:00:00,4.325904248857298,21.8030158428378,16.059381930905573
2013-05-26 11:00:00,4.3259042566070445,21.803012471716663,16.068681244708067
2013-05-26 12:00:00,4.325904484216676,9.727259669161642,16.129696074144597
2013-05-26 13:00:00,4.3259044530062125,9.584434716716228,16.50126612240312
2013-05-26 14:00:00,4.325904845516444,21.803013948289784,17.624224168687366
2013-05-26 15:00:00,6.6349484426854355,21.803019120272374,20.458977999997444
2013-05-26 16:00:00,10.437881301735953,21.803057253317608,35.1322314451854
2013-05-26 17:00:00,13.276064109230191,45.32689617111146,43.527676869818535
2013-05-26 18:00:00,27.90199430415166,53.7717951947313,48.888882680706324
2013-05-26 19:00:00,27.97447918942525,53.87840699488119,48.93611337085957
2013-05-26 20:00:00,28.044158800914044,53.87840870337034,49.00278397277072
2013-05-26 21:00:00,34.79158412856965,53.878406564184544,52.79735961836583
2013-05-26 22:00:00,37.31708817305216,52.506483295068605,53.38482706651628
2013-05-26 23:00:00,48.200081096197344,53.87840669449788,56.791717766245775
2013-05-27 00:00:00,50.84619338440077,53.87840889018028,58.31007788317287
2013-05-27 01:00:00,52.376547731917924,53.878409094895346,58.52799879624417
2013-05-27 02:00:00,52.376551957318,53.8784091613053,58.79249453989855
2013-05-27 03:00:00,52.376552087442974,53.878409102306065,58.877172848362136
2013-05-27 04:00:00,52.37655217316082,53.87840929253065,59.058275374834714
2013-05-27 05:00:00,52.37655217811087,53.87840887293534,59.248612897823286
2013-05-27 06:00:00,52.376551724503805,27.78422529927432,55.574036867398696
2013-05-27 07:00:00,48.41343525323332,15.490022323577744,50.790189801635655
2013-05-27 08:00:00,48.41343297457078,14.290489015532192,50.09183461089186
2013-05-27 09:00:00,48.413433342400644,6.837991537972566,50.09183421469187
2013-05-27 10:00:00,48.413433681787374,6.8379876426017,50.29649798603378
2013-05-27 11:00:00,48.41343391459428,6.83798732196955,50.29651899601967
2013-05-27 12:00:00,48.413434758867055,6.837987315654747,50.479493405282916
2013-05-27 13:00:00,48.41344054816168,6.837987514734587,50.594417408246606
2013-05-27 14:00:00,48.413452031657,6.837989294568607,52.081850531984394
2013-05-27 15:00:00,50.84619701444734,15.35483671570082,56.10776193957029
2013-05-27 16:00:00,52.376552323650884,27.935200392855005,58.43218182250416
2013-05-27 17:00:00,52.376552492991834,53.6989426278154,61.794213569629484
2013-05-27 18:00:00,52.37655264650642,55.56841273105137,63.58910401773376
2013-05-27 19:00:00,52.376553139236016,55.802979249161794,64.06003504664844
2013-05-27 20:00:00,52.37655290680652,56.9336187712763,64.0600348433891
2013-05-27 21:00:00,52.376552776199546,56.93361993017912,64.06003501185008
2013-05-27 22:00:00,52.3765532624194,56.93362168468383,64.06002319079242
2013-05-27 23:00:00,52.37655282566847,56.93362059291388,64.06003541856983
2013-05-28 00:00:00,52.37655267806774,56.93362184156307,64.05999022619189
2013-05-28 01:00:00,52.37655262795686,56.933621935840634,64.05998915028395
2013-05-28 02:00:00,52.376552564365696,56.93362168975466,64.05998547770301
2013-05-28 03:00:00,52.37655252822975,56.933620430211064,64.05996469052987
2013-05-28 04:00:00,52.3765525185413,56.933619573309684,64.06001032891926
2013-05-28 05:00:00,52.37655259582835,54.345144852698326,62.66735153545687
2013-05-28 06:00:00,38.67085721503897,41.790335819515036,51.81138971948818
2013-05-28 07:00:00,34.02269886353582,36.59837013511424,49.34698030581151
2013-05-28 08:00:00,32.11943214966668,35.123087251899605,47.674786040271805
2013-05-28 09:00:00,32.11943186750031,35.12308471688326,47.67478553279075
2013-05-28 10:00:00,32.119431593608795,35.12308456662298,47.67478560984698
2013-05-28 11:00:00,32.11943118559938,35.123086497482504,47.67478567457999
2013-05-28 12:00:00,32.11943142251446,35.14617775262947,47.6747858541005
2013-05-28 13:00:00,32.11943294859446,35.32275608392611,47.70695862992108
2013-05-28 14:00:00,32.18766709487004,45.385353103234834,48.476262249542444
2013-05-28 15:00:00,47.81682512524906,52.77366577145888,55.01468876123298
2013-05-28 16:00:00,51.2472529501884,54.592634076672184,60.308732757700945
2013-05-28 17:00:00,51.46819017061142,54.81751434252371,60.73573351896948
2013-05-28 18:00:00,52.37089168412887,55.736341022742295,61.26338304859004
2013-05-28 19:00:00,51.46824123180416,55.10295506699504,60.82574076727512
2013-05-28 20:00:00,51.46812245926006,55.10295423530455,60.82572145365779
2013-05-28 21:00:00,51.4681226877063,55.10295365884282,60.82572170929316
2013-05-28 22:00:00,51.7486217030961,55.10295357234632,60.8639473424708
2013-05-28 23:00:00,51.74861197476282,55.10294215496131,60.863937936019184
2013-05-29 00:00:00,52.3765491971798,55.102954670251606,60.82571272686977
2013-05-29 01:00:00,52.3765526995611,55.102955414300666,60.82571306356411
2013-05-29 02:00:00,52.37655295113705,55.10295510137031,60.825708675643824
2013-05-29 03:00:00,52.376552932425035,55.10295767354758,60.82571349083661
2013-05-29 04:00:00,52.37655284633476,55.404069925253154,60.9389897504133
2013-05-29 05:00:00,51.97884116215353,55.304106067447705,60.98839522566542
2013-05-29 06:00:00,51.710975235860055,54.592673509111435,58.416989924561456
2013-05-29 07:00:00,52.376551131258466,54.59266910261499,58.27160282109738
2013-05-29 08:00:00,51.46818555437201,54.59266289994912,58.27159822930564
2013-05-29 09:00:00,51.46812435529199,54.59266273253361,58.271598323048885
2013-05-29 10:00:00,52.37655143868354,54.59266716943907,58.21631295871775
2013-05-29 11:00:00,51.468133743891386,54.592663191978986,58.27159931381281
2013-05-29 12:00:00,51.46812425842268,54.59266313731938,58.27159900506164
2013-05-29 13:00:00,51.468124057037016,54.592663364513555,58.271599151482555
2013-05-29 14:00:00,51.46812377093642,54.592665109211254,58.271599572316795
2013-05-29 15:00:00,51.468123953151036,54.592675076474706,59.090893149734804
2013-05-29 16:00:00,51.74862130454203,55.10295193495968,60.30210474235961
2013-05-29 17:00:00,52.37655323205297,56.254143802756744,62.24910123091629
2013-05-29 18:00:00,52.376553352663294,56.93362291525159,63.073349478909144
2013-05-29 19:00:00,52.37655343831825,56.933623262028476,63.07336401754231
2013-05-29 20:00:00,52.376553500706834,56.933623286423554,63.0733630439559
2013-05-29 21:00:00,52.37655353337972,56.93362285573531,63.07335683311996
2013-05-29 22:00:00,52.376553618556876,56.93362208576566,63.07335769170854
2013-05-29 23:00:00,52.37655619616908,56.933604828000995,63.073367722609454
2013-05-30 00:00:00,54.168027062466315,56.933604355599314,63.2159944831436
2013-05-30 01:00:00,54.470391689895514,56.933605200110904,63.32957474824148
2013-05-30 02:00:00,54.483559366118456,56.93360682155799,63.34988997100846
2013-05-30 03:00:00,54.523104920604005,56.93360896687885,63.41081063647673
2013-05-30 04:00:00,54.52310819353237,56.933612930973524,63.410817903756175
2013-05-30 05:00:00,54.35013323937679,56.933622952533256,63.17525529379421
2013-05-30 06:00:00,54.168018226732784,55.37890758200777,59.68090778002843
2013-05-30 07:00:00,52.37655380443487,53.87841492428545,56.68898105134956
2013-05-30 08:00:00,52.376553669760604,53.87841319844692,56.1788730462061
2013-05-30 09:00:00,52.376553591756675,53.87841277116739,56.01513139267459
2013-05-30 10:00:00,52.37655367045779,53.878418415462534,56.03187253741084
2013-05-30 11:00:00,52.376553610236755,53.878414398353,56.01509949077327
2013-05-30 12:00:00,52.37655357890313,53.87841314917277,56.015094413627665
2013-05-30 13:00:00,52.376553589673854,53.878413306394435,56.01509697075066
2013-05-30 14:00:00,52.3765535873808,53.878410886664696,55.93399382396756
2013-05-30 15:00:00,52.37655359562286,53.75328383682002,57.335669616209586
2013-05-30 16:00:00,52.37655358397939,54.56481777977899,60.195609559026714
2013-05-30 17:00:00,52.3765535296222,55.23404008538678,60.639357446555536
2013-05-30 18:00:00,52.376553592469115,55.74210117417721,60.79714061359187
2013-05-30 19:00:00,52.37655357330916,55.74210089425601,60.624654727898516
2013-05-30 20:00:00,52.37655346852425,55.09076227304692,58.933169994927916
2013-05-30 21:00:00,52.37655216386699,53.87841602473806,56.914829943836835
2013-05-30 22:00:00,50.58263032227346,53.878415604635094,54.02339937114419
2013-05-30 23:00:00,50.582598728351684,53.87841123946889,54.02339681125202
2013-05-31 00:00:00,50.58259226415114,53.878410566285694,54.023396700656434
2013-05-31 01:00:00,50.58259183844137,53.878410244280545,54.02339706627476
2013-05-31 02:00:00,50.58259168475518,53.878409294012954,54.023288152194624
2013-05-31 03:00:00,50.582591613098295,53.878408203457184,45.839336363305435
2013-05-31 04:00:00,50.58259021178347,53.87840852257733,46.04205737802559
2013-05-31 05:00:00,48.801835784138454,53.267108213361794,53.203958492391436
2013-05-31 06:00:00,8.274575652901405,14.803095435175113,25.032300062676264
2013-05-31 07:00:00,7.4984449857644115,14.803094247366522,24.91366717072019
2013-05-31 08:00:00,7.451241952853527,13.262770384449293,24.68679831196242
2013-05-31 09:00:00,4.325905719696434,13.262713190039225,23.22878926597291
2013-05-31 10:00:00,4.325904461041885,13.261440181832114,23.243380648575332
2013-05-31 11:00:00,4.32590414478043,13.261429841628027,23.18737149467153
2013-05-31 12:00:00,4.325904078400568,13.045825866731281,23.540383993723324
2013-05-31 13:00:00,4.325904071782102,12.479968706844435,24.389581334390215
2013-05-31 14:00:00,4.325904110428147,12.48705307613116,24.809404957008514
2013-05-31 15:00:00,4.325904182746203,13.261432224724349,30.153052209632136
2013-05-31 16:00:00,4.325904504138328,13.261433887570956,32.84060711233048
2013-05-31 17:00:00,4.325912690052297,15.170156595975799,35.40895623775719
2013-05-31 18:00:00,7.505161322797144,15.486097566568478,35.60466843721435
2013-05-31 19:00:00,7.77995824577917,15.735203358547146,35.762154688885964
2013-05-31 20:00:00,11.826383525889288,15.793029722384524,35.80264257429805
2013-05-31 21:00:00,13.276070132729757,17.157916489443934,36.57804791491986
2013-05-31 22:00:00,13.617710707398931,17.157942003549636,36.57805875365411
2013-05-31 23:00:00,13.61771071622594,17.157945089709635,36.57805919554738
2013-06-01 00:00:00,13.617707226707775,17.157946556610234,36.57805915085574
2013-06-01 01:00:00,13.61770995242312,17.157947188865798,36.57805845491179
2013-06-01 02:00:00,13.617710547800971,17.15794745545918,36.57805701622117
2013-06-01 03:00:00,13.617711048499444,17.15794742106621,36.57805767670227
2013-06-01 04:00:00,13.617711401620422,17.157946546804595,36.578051214628786
2013-06-01 05:00:00,13.276062897962607,16.526515557608633,35.31559924409521
2013-06-01 06:00:00,10.393134219005361,15.38169036179751,21.024938608902858
2013-06-01 07:00:00,10.489107834332941,15.149351666985721,20.98791994703292
2013-06-01 08:00:00,10.479896954675041,13.731402198306728,20.89877141093774
2013-06-01 09:00:00,9.902905272351944,13.731397367692129,20.491369534997144
2013-06-01 10:00:00,9.898625313358,13.731397088531512,20.483068935536114
2013-06-01 11:00:00,9.898623448945614,13.731396080463888,20.48125733488781
2013-06-01 12:00:00,9.898623335947104,13.731394832592194,20.481256569594365
2013-06-01 13:00:00,9.898623384795172,13.731394251084883,20.481256758743505
2013-06-01 14:00:00,9.898623054186226,13.731390883729553,20.243998361461482
2013-06-01 15:00:00,9.898622249372636,13.731397964917997,19.994074923717353
2013-06-01 16:00:00,9.898622230496322,14.105239503376781,20.490706014916274
2013-06-01 17:00:00,9.898621629125984,17.91265246458757,20.776203113715084
2013-06-01 18:00:00,9.898623900582361,19.723331416863267,20.17074021300079
2013-06-01 19:00:00,10.55523707390784,20.237983834265087,20.3189203937911
2013-06-01 20:00:00,10.555607356329483,22.20031167281606,19.89258201041668
2013-06-01 21:00:00,11.416417866550185,22.465454013384058,20.016639306330458
2013-06-01 22:00:00,11.653452672104837,22.55575383222851,20.001000092479778
2013-06-01 23:00:00,11.326639900693845,22.779145227841564,19.775516129451475
2013-06-02 00:00:00,11.338882202067065,22.779146452693993,19.015303502339986
2013-06-02 01:00:00,11.338932830057756,22.77914690457888,18.9984102633169
2013-06-02 02:00:00,11.33895697023841,22.779146564352317,18.99841563948042
2013-06-02 03:00:00,11.34001350636167,22.779143898214304,18.825312001488957
2013-06-02 04:00:00,12.048398576375329,22.779144312714163,18.825083044779113
2013-06-02 05:00:00,12.048399290107819,22.779144601737798,18.755008900008903
2013-06-02 06:00:00,7.535193250723955,6.868138148614245,14.079161001788034
2013-06-02 07:00:00,7.53519119887218,6.86727506094133,14.022931583902581
2013-06-02 08:00:00,7.535190878528901,6.835418445500429,14.01302226221256
2013-06-02 09:00:00,7.535190755646417,6.835414505934319,14.013021865305317
2013-06-02 10:00:00,7.535191269524392,6.835413415436816,14.013022195330048
2013-06-02 11:00:00,7.53521339174195,6.835413951117752,14.013021789489596
2013-06-02 12:00:00,7.5352371737413,6.835419036060736,14.013022636726385
2013-06-02 13:00:00,7.537421836820778,6.83575553455612,14.01302797674413
2013-06-02 14:00:00,7.538199389175561,6.836549718583751,14.013168479164595
2013-06-02 15:00:00,7.538956639617881,9.221585393975138,14.846164234471315
2013-06-02 16:00:00,12.214527077237241,16.575615849469926,17.409821649161913
2013-06-02 17:00:00,15.846545260824392,19.68166157515888,19.332784284315373
2013-06-02 18:00:00,19.39106924204078,26.640487862230238,19.83953308365924
2013-06-02 19:00:00,19.26053161532304,30.200937026279778,20.00614860406569
2013-06-02 20:00:00,18.95414678037745,29.72372654947606,19.941174820632686
2013-06-02 21:00:00,21.4871371201095,31.096746159499432,21.172817306647126
2013-06-02 22:00:00,21.53268023626176,31.22389953824724,21.374532165615584
2013-06-02 23:00:00,21.562938851162702,31.318838840663986,21.473404461286407
2013-06-03 00:00:00,21.562942203675654,31.318843148864467,21.46769497861386
2013-06-03 01:00:00,21.56294310162376,31.318843596919024,21.44540371711347
2013-06-03 02:00:00,21.562943182578397,31.31884557226916,21.445416133095172
2013-06-03 03:00:00,21.562941602953302,31.318846014937645,21.44592130560902
2013-06-03 04:00:00,21.56293832853387,31.31884614566282,21.44592402758762
2013-06-03 05:00:00,20.116719685401883,31.318832937712063,21.421909087687894
2013-06-03 06:00:00,8.41639165299177,18.517930697642186,17.75545563805799
2013-06-03 07:00:00,7.641369613234271,17.734386958133747,17.199503969894636
2013-06-03 08:00:00,7.640513418027595,17.726261154847126,17.199514160180406
2013-06-03 09:00:00,7.6413693357159165,17.200808544765454,17.197556116770954
2013-06-03 10:00:00,7.641370472039309,17.20080714900172,17.199324229844084
2013-06-03 11:00:00,7.641370297939893,17.20080467761216,17.197606796739304
2013-06-03 12:00:00,7.641370263103571,17.20078896564616,17.197617680104855
2013-06-03 13:00:00,7.641370564646006,10.54617611872289,17.200225889298494
2013-06-03 14:00:00,7.64137117047921,10.54753464853387,17.2017322147052
2013-06-03 15:00:00,7.641375620284036,17.200797872861227,17.392612592142207
2013-06-03 16:00:00,12.143162786055086,15.490078735397693,22.00326210841011
2013-06-03 17:00:00,13.955593858940887,17.458697173461665,23.795354379935777
2013-06-03 18:00:00,17.03426657077511,20.59617900613459,26.509489299456256
2013-06-03 19:00:00,17.129136566584084,21.916007115094917,26.621385347243475
2013-06-03 20:00:00,16.948547502698602,21.916000255717673,26.514282550578763
2013-06-03 21:00:00,16.963643069367848,21.681057567491685,26.524386198486173
2013-06-03 22:00:00,17.48950755821715,21.222782410493096,26.758803429155257
2013-06-03 23:00:00,17.72722326740924,21.384492344554353,26.75880325192798
2013-06-04 00:00:00,18.37258851115054,21.91603868849589,26.758805580690467
2013-06-04 01:00:00,18.372590140940268,21.91606038252253,26.75880630390333
2013-06-04 02:00:00,18.372589809765078,21.91606482044712,26.758809325139616
2013-06-04 03:00:00,18.3725896632119,21.91606551705609,26.758810619657858
2013-06-04 04:00:00,18.372590530224528,21.916065919687057,26.75881060795605
2013-06-04 05:00:00,18.37259048073047,21.916063273549092,26.756419859155884
2013-06-04 06:00:00,12.773027539723763,15.542703256864591,22.285781907582447
2013-06-04 07:00:00,12.7730272568276,15.490034748929519,21.88845181810624
2013-06-04 08:00:00,11.170808118615572,14.135648334312581,20.9705631567899
2013-06-04 09:00:00,11.14218945804419,13.861802381246914,20.97056201060039
2013-06-04 10:00:00,11.136344321243671,13.552725408002193,20.97056225312599
2013-06-04 11:00:00,11.116797380845124,13.489425386942427,20.96889373526376
2013-06-04 12:00:00,11.142152453190896,13.489425608463161,20.9690932779476
2013-06-04 13:00:00,11.142188583474136,13.489429526649719,20.97056220266862
2013-06-04 14:00:00,11.142192053129722,13.578062133341756,21.001811224715038
2013-06-04 15:00:00,12.250141810121068,14.602721112938267,22.021447714673258
2013-06-04 16:00:00,29.160087426392053,31.21359031847175,41.0068154389636
2013-06-04 17:00:00,49.66042710185907,52.301535983981495,60.31233262324293
2013-06-04 18:00:00,53.84152412441648,58.90438375155274,67.05512670358736
2013-06-04 19:00:00,54.504442144320535,60.00263496849766,67.27870552956895
2013-06-04 20:00:00,56.06599874791369,61.61320015125891,67.3199611414801
2013-06-04 21:00:00,56.906242674958726,62.077552589633925,67.50113234380063
2013-06-04 22:00:00,58.00442334324958,62.61170814717275,67.77087323979731
2013-06-04 23:00:00,58.00442648131267,63.003467939906116,68.06972387497554
2013-06-05 00:00:00,58.004427307410985,63.003660270241696,68.06990738673298
2013-06-05 01:00:00,58.00442774409268,63.003676199543136,68.06992261169744
2013-06-05 02:00:00,58.004428138556456,63.00367758002123,68.06992825004176
2013-06-05 03:00:00,58.00443225662096,63.003677877529256,68.06994657983964
2013-06-05 04:00:00,59.758186143112255,63.003678230215,68.5047487388498
2013-06-05 05:00:00,59.7581840392788,63.00367849879896,68.23131757544557
2013-06-05 06:00:00,58.00442812945106,59.58096726729161,57.66620596966778
2013-06-05 07:00:00,58.00442799805274,56.789612868259155,53.50911363996431
2013-06-05 08:00:00,57.04267707801854,52.30531039892061,52.179251878936725
2013-06-05 09:00:00,57.04267022859954,52.30530896714191,52.1792511211794
2013-06-05 10:00:00,57.042670213618386,52.30530879349864,52.179251046837024
2013-06-05 11:00:00,57.042670234353274,52.30530885139824,52.17925113919667
2013-06-05 12:00:00,57.04267044553645,52.305309168500656,52.17925139486551
2013-06-05 13:00:00,57.04267118254264,52.30531022612357,52.18144490627462
2013-06-05 14:00:00,57.04267700116012,53.033583985482,52.721698644673104
2013-06-05 15:00:00,58.00442840317949,53.424605269112234,56.78051032517686
2013-06-05 16:00:00,58.00442855618889,59.580965985445616,63.028185285768515
2013-06-05 17:00:00,58.00442876438282,59.58098389121302,67.00008752187203
2013-06-05 18:00:00,58.004429628806854,63.00367691872165,68.50322120128199
2013-06-05 19:00:00,58.004428988908614,63.00367792758277,68.50289904647478
2013-06-05 20:00:00,58.004428840225266,63.003677292203506,68.1040865163152
2013-06-05 21:00:00,58.00442886650799,63.00367046746457,68.07105647328645
2013-06-05 22:00:00,58.004428920964,63.003665001408166,68.01101547776416
2013-06-05 23:00:00,58.00442901201826,63.00367540212828,68.01114587895671
2013-06-06 00:00:00,58.00442905726416,63.00367774622592,68.10407460424375
2013-06-06 01:00:00,58.00442948510756,63.00367810282758,68.3733478679073
2013-06-06 02:00:00,58.00443190761663,63.00367809753048,68.50320563756465
2013-06-06 03:00:00,58.004432040425336,63.00367799719088,68.50322591503603
2013-06-06 04:00:00,58.76720213284262,63.003678622001445,68.60492771243364
2013-06-06 05:00:00,58.87221074473436,63.0036750448719,67.98786462185319
2013-06-06 06:00:00,58.00442663705262,46.445719992727916,49.15151011178873
2013-06-06 07:00:00,58.00442350758755,46.4448628362168,46.873477045785094
2013-06-06 08:00:00,54.4055428337565,38.89326063426559,43.837791569202246
2013-06-06 09:00:00,47.779622123585156,38.89325988772063,43.48176625559532
2013-06-06 10:00:00,47.77962188993602,38.89325943435115,43.481766197319594
2013-06-06 11:00:00,47.779621830492026,38.893259056938675,43.481766234983255
2013-06-06 12:00:00,47.77962191388412,38.8932594247122,43.48176657313979
2013-06-06 13:00:00,47.77962207451334,38.89326023755079,43.481774272735144
2013-06-06 14:00:00,47.779622292495766,38.893262551761254,43.705550099235474
2013-06-06 15:00:00,47.779623393689896,46.51244000362267,53.73856201814104
2013-06-06 16:00:00,52.28243931917502,53.10970987890606,60.215586578827306
2013-06-06 17:00:00,57.042307939202814,59.58096880461582,66.51222909246374
2013-06-06 18:00:00,58.00442870367894,61.28333414920223,67.41822352785553
2013-06-06 19:00:00,58.00442880035605,61.2833843517558,67.40615513891488
2013-06-06 20:00:00,58.00442760481747,61.28333949130749,67.38408276585456
2013-06-06 21:00:00,58.00442761831799,61.28337846694882,67.37013122063534
2013-06-06 22:00:00,58.004428847830425,61.28339092031712,67.37012948626985
2013-06-06 23:00:00,58.00442878862047,61.28335361114925,67.37010678281213
2013-06-07 00:00:00,58.00442898042231,61.28337635109905,67.3710149564927
2013-06-07 01:00:00,58.00442910145668,61.283350480907,67.54624502353025
2013-06-07 02:00:00,58.00442917371066,61.283463413244434,67.5637341198327
2013-06-07 03:00:00,58.00442923672164,61.2833933965433,67.56379142785669
2013-06-07 04:00:00,58.00442929427619,61.28334257772046,67.5637211265642
2013-06-07 05:00:00,58.004429295126585,61.28350432629088,67.09211571357878
2013-06-07 06:00:00,27.505667302160727,29.882792235147612,45.375244286342635
2013-06-07 07:00:00,25.702713988374054,27.283682523881872,41.04863860696021
2013-06-07 08:00:00,23.07017708376137,25.47728696786998,40.157997366042636
2013-06-07 09:00:00,23.070176625574323,25.47728646597957,40.15799727199651
2013-06-07 10:00:00,23.070176644125592,25.477284972392873,40.15799729815497
2013-06-07 11:00:00,23.07017658239771,25.477279877387694,40.15799738550349
2013-06-07 12:00:00,23.070176695820585,25.476110179781823,40.15799763259402
2013-06-07 13:00:00,23.07017699043569,25.47728722663466,40.15909762214817
2013-06-07 14:00:00,23.070382478147327,25.478009869293093,40.16040180576231
2013-06-07 15:00:00,26.626648095283162,29.53217306102469,43.54039084021029
2013-06-07 16:00:00,46.54937535463354,49.53067944365249,58.20602846390402
2013-06-07 17:00:00,54.405558152028355,56.94226871446081,66.55477427189706
2013-06-07 18:00:00,56.06599980065712,60.61946343523853,67.4880677129379
2013-06-07 19:00:00,54.48334587845265,59.97197167232788,67.60042983614227
2013-06-07 20:00:00,54.03806679670923,59.5809686678934,67.59905611871065
2013-06-07 21:00:00,55.60574163699383,60.973940604554315,67.60040288273724
2013-06-07 22:00:00,57.042314992969565,61.108014426457146,67.43308874362364
2013-06-07 23:00:00,58.00442882511949,61.13263687967331,67.44557759545077
2013-06-08 00:00:00,58.0044293633376,61.132638226535605,67.44557828181749
2013-06-08 01:00:00,58.00442950224293,61.13264091215518,67.44558044574512
2013-06-08 02:00:00,58.0044295432377,61.1326416802366,67.44557957938048
2013-06-08 03:00:00,58.004429637435706,61.13264383139668,67.28891470712814
2013-06-08 04:00:00,58.00442972511652,61.13292796931809,67.2905794100196
2013-06-08 05:00:00,58.004429753216144,61.132925870428465,67.09073205038588
2013-06-08 06:00:00,20.34025370699117,21.59772298242283,29.117163181914925
2013-06-08 07:00:00,18.13432202117284,19.685292741424757,27.35340442038265
2013-06-08 08:00:00,17.271642793915905,18.76443065316939,27.08605294958845
2013-06-08 09:00:00,17.271642264075354,18.764430002898344,27.086052004278887
2013-06-08 10:00:00,17.27164234993407,18.764429684072788,27.086053155993454
2013-06-08 11:00:00,17.271642274290443,18.764429491055502,27.08605330545371
2013-06-08 12:00:00,17.27164225770859,18.764429690691507,27.086053589620633
2013-06-08 13:00:00,17.27164236238167,18.76443006683016,27.086196199222833
2013-06-08 14:00:00,17.271642581712932,18.764431417424266,27.291183932074567
2013-06-08 15:00:00,17.271644196502056,19.535391838654416,28.09097228538241
2013-06-08 16:00:00,31.49477526484662,35.75928435493353,44.44433913540074
2013-06-08 17:00:00,47.605527476405186,53.70096781743359,59.83310558475056
2013-06-08 18:00:00,52.5596347207387,58.775626804063364,65.95989734195847
2013-06-08 19:00:00,54.094618377066865,60.54797919540188,66.68728128466059
2013-06-08 20:00:00,54.4834147442146,60.872509303636605,66.96967108523322
2013-06-08 21:00:00,55.78914888405771,61.47082157186142,67.13015390486682
2013-06-08 22:00:00,58.00443055709223,61.470823253186495,67.02655668002917
2013-06-08 23:00:00,58.00443073721176,61.470820192627144,67.13015157857015
2013-06-09 00:00:00,58.004430872281056,61.47081871724784,67.13015319432807
2013-06-09 01:00:00,58.004430974521874,61.47082451028881,67.13015382481045
2013-06-09 02:00:00,58.00443107539407,61.470825834695276,67.1301541447972
2013-06-09 03:00:00,58.00443117494642,61.47082679025338,67.13015494018569
2013-06-09 04:00:00,58.004431227899175,61.47082915229126,66.91957937155559
2013-06-09 05:00:00,58.00443082811308,60.59926495116822,66.21849320548706
2013-06-09 06:00:00,56.15421400194239,59.58096460630517,63.49074515673233
2013-06-09 07:00:00,52.20597651544333,52.97128943136369,57.79497045192749
2013-06-09 08:00:00,52.20596297994397,51.10910298039647,57.29240968626797
2013-06-09 09:00:00,52.20596277433985,51.10910187643668,57.29240775895733
2013-06-09 10:00:00,52.20596323287233,51.109101933181435,57.292407772867485
2013-06-09 11:00:00,52.205962893415744,51.10910176694779,57.29240794970314
2013-06-09 12:00:00,52.20596304787826,51.109101830372154,57.29240912750497
2013-06-09 13:00:00,52.2059637148222,51.109103231982104,57.29241851767354
2013-06-09 14:00:00,52.20596649293043,53.32156683635266,59.63398584806453
2013-06-09 15:00:00,56.06600167194435,59.49744803918425,64.42369084277438
2013-06-09 16:00:00,58.00443476115638,60.13593982495529,67.19557652658989
2013-06-09 17:00:00,58.006240515357824,60.22110223368162,67.69015218079711
2013-06-09 18:00:00,58.00625434512721,60.4724641681549,68.52515763398732
2013-06-09 19:00:00,58.00625562600812,60.539062452312024,68.52697449322243
2013-06-09 20:00:00,58.00625618523516,60.53903702571323,68.52696398988816
2013-06-09 21:00:00,58.0062566973986,60.53904854327476,68.53890993714204
2013-06-09 22:00:00,58.00625701953886,60.53903179885863,68.53889400802076
2013-06-09 23:00:00,58.0062574242524,60.53908401766931,68.53889362754276
2013-06-10 00:00:00,58.00625772415496,63.0106980886042,68.97023668334504
2013-06-10 01:00:00,58.00625793266585,63.010814310199734,69.96584445426997
2013-06-10 02:00:00,58.00625805821084,63.010816287394846,69.96586356113585
2013-06-10 03:00:00,58.00625818700855,63.634457743920024,69.97228151573718
2013-06-10 04:00:00,58.00627935828094,64.34359287168755,70.31570530285195
2013-06-10 05:00:00,59.75818162209966,64.50799154889313,70.6435118853179
2013-06-10 06:00:00,59.75818777853545,63.03819688803894,69.10000888841252
2013-06-10 07:00:00,58.006308081428685,60.13609691768595,67.64200667954533
2013-06-10 08:00:00,58.0062619471202,60.13594781143745,67.31370798439741
2013-06-10 09:00:00,58.00625870351528,60.135947922336356,67.31370575846125
2013-06-10 10:00:00,58.006258464480034,60.1359477025442,67.31370462986092
2013-06-10 11:00:00,58.00625834251016,60.135946853270354,67.31370443639233
2013-06-10 12:00:00,58.00625834481211,60.13594632693054,67.3137045647294
2013-06-10 13:00:00,58.00625838797573,60.13594617030108,67.31370495830943
2013-06-10 14:00:00,58.00625845971774,60.13594612574492,67.31370526250522
2013-06-10 15:00:00,58.00625865607844,60.135947056694704,67.37276251828081
2013-06-10 16:00:00,58.0310593383393,60.13594774799448,67.84379997072473
2013-06-10 17:00:00,60.55178358428256,62.697076649503884,70.71330848011837
2013-06-10 18:00:00,68.47239042362328,69.83038534067241,78.23509083714431
2013-06-10 19:00:00,70.35279092675653,71.67752076562503,78.81022289063284
2013-06-10 20:00:00,70.35279271906812,71.67752226424183,78.81020280902538
2013-06-10 21:00:00,70.35279660754348,71.67752487487664,78.81020483063426
2013-06-10 22:00:00,70.35279680908369,71.6775240845967,78.8102035525565
2013-06-10 23:00:00,70.35279845698527,71.67752497247558,78.81020562848725
2013-06-11 00:00:00,70.35279968211383,71.67752531712004,78.810209078838
2013-06-11 01:00:00,70.35279889433856,71.67752499892998,78.81020909354723
2013-06-11 02:00:00,70.35279826923653,71.67752455915993,78.81020752302256
2013-06-11 03:00:00,70.35279860506952,71.67752448845334,78.8102084918561
2013-06-11 04:00:00,70.35280237149685,71.67752471176813,78.8102136477732
2013-06-11 05:00:00,66.2091031878429,67.607134352353,75.74408359013006
2013-06-11 06:00:00,59.05274794467318,62.537564809199495,66.79146556120386
2013-06-11 07:00:00,58.006258432672546,59.56051327433735,65.9234833015566
2013-06-11 08:00:00,58.00625835901957,59.33331641161371,65.9234806202062
2013-06-11 09:00:00,68.23451976980522,69.5941199950391,77.90906385272895
2013-06-11 10:00:00,58.006258464749465,61.263223627160556,66.35127874314749
2013-06-11 11:00:00,58.00625824751786,55.153249309679424,65.83266730067335
2013-06-11 12:00:00,58.00625821363885,57.64150824907175,65.84795212244732
2013-06-11 13:00:00,58.00625822625786,57.64151271140172,65.90322787222557
2013-06-11 14:00:00,58.00625825452269,57.64151327379844,65.92348078116741
2013-06-11 15:00:00,58.006258300517636,57.641515287788735,65.96675145668591
2013-06-11 16:00:00,58.0062583429668,57.84313920463751,66.04211792000511
2013-06-11 17:00:00,58.00625853540797,60.38837686368289,68.03130087368115
2013-06-11 18:00:00,58.006258908789746,62.74007015567403,71.35776359369581
2013-06-11 19:00:00,58.006258660908266,62.94749409919456,71.53652808488718
2013-06-11 20:00:00,58.00625841269767,62.740071674111505,71.35777338186081
2013-06-11 21:00:00,58.006258322941115,61.49829793544906,70.08190084115923
2013-06-11 22:00:00,57.84784411137153,60.38837968586216,68.69044173293635
2013-06-11 23:00:00,56.065999522946974,57.643489484852154,68.10770740440638
2013-06-12 00:00:00,56.0659988395865,57.643466083742226,68.1077033817639
2013-06-12 01:00:00,56.065998758983426,57.64346526559763,68.10925110522851
2013-06-12 02:00:00,56.06599868216799,57.64346479322707,68.13691412685206
2013-06-12 03:00:00,56.06599872502196,57.64346503635018,68.18334814991604
2013-06-12 04:00:00,56.0659987728484,57.64346558855098,68.18586080830026
2013-06-12 05:00:00,56.0659860719741,57.643415769057526,67.26382084145106
2013-06-12 06:00:00,8.229957249874793,10.918226870357815,19.02143348183826
2013-06-12 07:00:00,7.72207456451194,10.141568555418363,18.56181630751704
2013-06-12 08:00:00,7.1366559420455165,9.67612048906749,17.870353552070107
2013-06-12 09:00:00,6.95733550917954,9.225837801453242,17.83212728856263
2013-06-12 10:00:00,7.10075702319882,9.636180980795015,17.83811731223654
2013-06-12 11:00:00,4.337563786123435,7.4744735662074735,17.783571059062346
2013-06-12 12:00:00,6.4413631691283815,8.58904735246868,17.41026056611813
2013-06-12 13:00:00,6.796917169294215,9.010936467166086,17.643060872904478
2013-06-12 14:00:00,6.95126588262551,9.205928852581184,17.765211465268553
2013-06-12 15:00:00,7.725264549608426,10.270476097612008,18.408613122053392
2013-06-12 16:00:00,8.569402907450396,13.4019743624969,23.18438216153524
2013-06-12 17:00:00,8.569406099021931,13.745056212553214,25.509227597599917
2013-06-12 18:00:00,8.569406330839975,13.725882960148743,25.511409905175874
2013-06-12 19:00:00,8.569406313489898,13.725889127388083,25.511410086894685
2013-06-12 20:00:00,8.569406144672321,13.725909540761679,25.511410124655114
2013-06-12 21:00:00,8.569404565165875,13.725917858086692,25.511404557250195
2013-06-12 22:00:00,7.737256153556591,13.359382387664763,25.498042505216553
2013-06-12 23:00:00,7.737253659175319,13.359383662423442,25.456650857809656
2013-06-13 00:00:00,7.737255829179103,13.359249290853011,24.52161551373053
2013-06-13 01:00:00,7.737256335978939,13.35924829516189,24.52161389764781
2013-06-13 02:00:00,7.73725628237448,13.35925153369464,24.52163194329553
2013-06-13 03:00:00,7.737256410724488,13.725918562846932,23.730082479427978
2013-06-13 04:00:00,7.73725670809806,13.725908398792663,23.717390225411272
2013-06-13 05:00:00,7.7372565801049085,14.007891550720675,23.31081232764157
2013-06-13 06:00:00,4.325904494992191,8.026875148790682,13.35772353427389
2013-06-13 07:00:00,4.325904128345353,6.840640793426521,13.329622454043683
2013-06-13 08:00:00,4.3259040178496155,6.836224141654837,13.328193886129137
2013-06-13 09:00:00,4.325904543083743,8.983048313529553,13.351929134943585
2013-06-13 10:00:00,4.325904233345805,6.835910291954453,13.324764313288163
2013-06-13 11:00:00,4.3259042990122945,6.835441554994435,13.324732962722276
2013-06-13 12:00:00,4.3259041763549675,6.835400225524296,13.32825289398045
2013-06-13 13:00:00,4.32590411505605,6.836823311098733,13.32931572798782
2013-06-13 14:00:00,4.325904188727507,6.836796742738154,13.32959277984565
2013-06-13 15:00:00,4.325904100921994,6.837987814619878,13.336158096994703
2013-06-13 16:00:00,4.325904521206178,9.565470120441645,17.32194998313718
2013-06-13 17:00:00,4.325906723732123,10.630199305175319,19.168075444695866
2013-06-13 18:00:00,4.338659994403537,10.740807496031774,19.52268234806192
2013-06-13 19:00:00,6.553521612422332,10.827937109009675,19.540666946509383
2013-06-13 20:00:00,5.992189885711186,10.82793538692552,19.54066461639718
2013-06-13 21:00:00,5.628825860218446,10.740863557374498,19.454012729447875
2013-06-13 22:00:00,5.601981891678969,10.740811399150592,19.37644372695776
2013-06-13 23:00:00,5.5761379982014425,10.968797347213748,19.32216314271656
2013-06-14 00:00:00,5.63680056724731,11.000643199369868,19.34503539482854
2013-06-14 01:00:00,7.743670215306185,13.249674904388577,18.983042390799362
2013-06-14 02:00:00,7.743706586940441,15.208252026963258,18.98234132934351
2013-06-14 03:00:00,7.754114750201731,15.208254313226975,18.9830363912629
2013-06-14 04:00:00,7.754920088675078,15.208255101099633,19.315626791864396
2013-06-14 05:00:00,7.755725520244278,15.20825532602035,19.15532833646924
2013-06-14 06:00:00,4.344546527438393,14.80177652028778,13.72947708042248
2013-06-14 07:00:00,4.373675079818489,8.996419096528872,13.607963261462737
2013-06-14 08:00:00,4.325904504653486,8.996407435036678,13.36563506826808
2013-06-14 09:00:00,4.325904445240652,6.835281565916653,13.330684133276716
2013-06-14 10:00:00,5.687130534211479,8.99641878176187,13.892656545626895
2013-06-14 11:00:00,5.591093409692142,8.802929158742643,13.881217505012943
2013-06-14 12:00:00,4.830410399671626,7.314246387652683,13.80033610840212
2013-06-14 13:00:00,4.886267099131788,7.417025324143463,13.865156911542242
2013-06-14 14:00:00,7.6229375287898575,10.127360745558834,16.73164632447091
2013-06-14 15:00:00,7.910840507590383,11.27979123566474,18.442740159129514
2013-06-14 16:00:00,16.27201508240442,17.436852846865072,27.61841521249513
2013-06-14 17:00:00,31.0957312238791,33.11492867966783,41.36670964507579
2013-06-14 18:00:00,37.40447101373993,39.312062391963025,48.49173978191607
2013-06-14 19:00:00,37.404471070760096,39.312066326966274,48.95231698105049
2013-06-14 20:00:00,37.40447095180224,39.31206635510722,49.62425755454107
2013-06-14 21:00:00,37.40447070401535,39.31206616804036,49.62425890391927
2013-06-14 22:00:00,37.40447012743,39.312065280117906,49.62425777992857
2013-06-14 23:00:00,37.40446190316739,39.312061117921644,49.62425741432328
2013-06-15 00:00:00,34.66994792516207,36.870631670938245,49.624251042569206
2013-06-15 01:00:00,33.095018562673225,33.11501422294521,49.38454991179329
2013-06-15 02:00:00,31.093658986172322,33.11500346916515,47.2770919756425
2013-06-15 03:00:00,31.093658097432105,33.11500576219097,45.81873383152188
2013-06-15 04:00:00,31.093657655432136,33.115003245050026,45.78211427559386
2013-06-15 05:00:00,30.106767836268784,33.113042839525704,42.732303309068286
2013-06-15 06:00:00,4.372414163039539,6.870541670200694,13.384632548640568
2013-06-15 07:00:00,4.336632978406444,6.837237013616838,13.340467999834509
2013-06-15 08:00:00,4.325903940406678,6.825758790017839,13.325921424374178
2013-06-15 09:00:00,4.3259038626183095,6.825758505802572,13.325853447774044
2013-06-15 10:00:00,4.3259039627569615,6.825758864770184,13.325858321004995
2013-06-15 11:00:00,4.325902893405208,6.825757036477032,13.32585528410302
2013-06-15 12:00:00,4.3258206722136165,6.825757173906608,13.325843707699264
2013-06-15 13:00:00,4.3258228245721755,6.825758232645807,13.325845371847958
2013-06-15 14:00:00,4.325899647039024,6.82575873445468,13.32585841454355
2013-06-15 15:00:00,4.325903905095687,6.828096134009065,13.329051403314487
2013-06-15 16:00:00,4.325904010025023,6.849476037355546,13.632743445129918
2013-06-15 17:00:00,4.325904283892661,7.477202063545246,17.79046381229325
2013-06-15 18:00:00,4.325909270153348,12.63270042069137,20.767475534965
2013-06-15 19:00:00,6.511607267792046,13.022568689992463,20.99907793207737
2013-06-15 20:00:00,7.060566349498755,13.022485494639199,21.20983029275448
2013-06-15 21:00:00,6.669254696751188,13.022484588431814,21.209831667610043
2013-06-15 22:00:00,6.669261380286291,13.022235663702272,21.209669702804526
2013-06-15 23:00:00,6.66927392850377,13.02247533271823,21.209826052719986
2013-06-16 00:00:00,6.680954225800831,12.868943471018227,21.127111544773097
2013-06-16 01:00:00,7.5351818057760624,12.632738156670943,20.809343487304425
2013-06-16 02:00:00,7.792141430583456,12.869014222929293,21.127158238499717
2013-06-16 03:00:00,7.79214188607129,13.371008858970377,21.209825100848946
2013-06-16 04:00:00,7.79214202257829,14.025319779123333,21.20982319286379
2013-06-16 05:00:00,7.792141728065121,14.025320885606067,20.721651147489876
2013-06-16 06:00:00,4.325904580904545,14.025319093446996,13.340111971790906
2013-06-16 07:00:00,4.32590407850768,12.632726849567973,13.329589428698773
2013-06-16 08:00:00,4.325904054994628,12.632728290458545,13.325732535081949
2013-06-16 09:00:00,4.325904073476305,12.211921831469414,13.32561652959066
2013-06-16 10:00:00,4.325904115931222,12.632730747602256,13.32595989852655
2013-06-16 11:00:00,4.325904038884617,12.632735511459973,13.325732671890734
2013-06-16 12:00:00,4.325904239856503,13.338659774927452,13.32573125912255
2013-06-16 13:00:00,4.328667864417236,15.727982251688227,13.324462672400884
2013-06-16 14:00:00,4.414391513992241,15.72798669313112,13.32469599285093
2013-06-16 15:00:00,7.802761848804227,61.50087465915479,13.3283623962883
2013-06-16 16:00:00,29.21918730862005,63.136634200476806,22.210541012102304
2013-06-16 17:00:00,58.006263180747695,63.1366383437266,44.90304139949814
2013-06-16 18:00:00,58.03416207024482,65.3427619440929,62.977248225074675
2013-06-16 19:00:00,60.38475389348855,63.89337578023074,67.6248036177703
2013-06-16 20:00:00,60.38487567949688,63.89356778307588,67.63732038311187
2013-06-16 21:00:00,61.8084336154242,65.34248345565251,68.80440710924474
2013-06-16 22:00:00,61.808712386163926,65.3427655504731,68.80453186150214
2013-06-16 23:00:00,61.80873523994645,65.34278584430274,68.80453790922806
2013-06-17 00:00:00,61.808746711189464,65.34279275149798,68.804541235211
2013-06-17 01:00:00,61.80874230691686,65.3427935427629,68.80454264174735
2013-06-17 02:00:00,61.80873971224912,65.34279291825396,68.80454369037965
2013-06-17 03:00:00,61.80873452353352,65.34278771008955,68.80454370036416
2013-06-17 04:00:00,61.808730761696886,65.34278331637591,68.80454377467103
2013-06-17 05:00:00,59.75818406904253,63.13663893033069,68.6906910083017
2013-06-17 06:00:00,58.03416504178298,61.50101450483558,42.82318428260386
2013-06-17 07:00:00,58.034163267307925,61.50090412720722,39.88714999768581
2013-06-17 08:00:00,58.03416314757044,61.50090506240474,38.76935717834775
2013-06-17 09:00:00,58.03416301429283,61.50090427709681,38.769356841836995
2013-06-17 10:00:00,58.03416301431098,61.50090725496629,38.76935659021487
2013-06-17 11:00:00,58.03416327491833,63.1366172426318,38.76935643778346
2013-06-17 12:00:00,58.03416335896665,61.50090357459935,38.76935709247257
2013-06-17 13:00:00,58.03416338782914,60.697682962941954,39.53382139714391
2013-06-17 14:00:00,58.03416317756158,61.50078278590664,40.714679419685304
2013-06-17 15:00:00,58.034161841161676,61.50080456666339,53.40484687758724
2013-06-17 16:00:00,58.03416216139456,61.50090407570053,64.69367982572433
2013-06-17 17:00:00,58.03416335324462,63.136624707564394,68.01795547075147
2013-06-17 18:00:00,58.03416348783815,64.85779031453501,69.93346393929171
2013-06-17 19:00:00,58.03416355628376,64.85779852506012,69.93346184010679
2013-06-17 20:00:00,58.03416357138199,64.85779397362882,69.93342700008289
2013-06-17 21:00:00,58.034163567739384,64.85779862783576,69.93345819518333
2013-06-17 22:00:00,58.0341635659601,63.136647129852506,68.9320025527996
2013-06-17 23:00:00,58.03416363094719,63.13663013883141,68.84722122455858
2013-06-18 00:00:00,58.034163708662085,63.136632078425535,68.92101115504552
2013-06-18 01:00:00,58.034163750078996,64.85779292949267,69.93345601327054
2013-06-18 02:00:00,58.03416377579436,64.85782423517013,69.9334674192076
2013-06-18 03:00:00,58.03416382279036,64.85782365695661,69.9334687831922
2013-06-18 04:00:00,58.03416383588804,64.857823223985,69.93346802029338
2013-06-18 05:00:00,58.03416382547333,64.25422044977087,69.45420588094443
2013-06-18 06:00:00,48.511293571885666,58.60824282097717,46.62676964235306
2013-06-18 07:00:00,40.12552224532273,48.857459549708025,43.608794429457916
2013-06-18 08:00:00,40.09018530695211,48.74490370187179,41.96382716988667
2013-06-18 09:00:00,40.09018508460812,48.74490121279217,41.96378217428769
2013-06-18 10:00:00,40.09018510984009,48.74489109137866,41.963781959951305
2013-06-18 11:00:00,40.09018498977656,48.7449032456925,41.963781923241854
2013-06-18 12:00:00,40.09018519550384,48.74490436040165,41.96378215499548
2013-06-18 13:00:00,40.09018731854195,48.7449163484673,41.96378266460434
2013-06-18 14:00:00,56.06600141521231,63.13663180582947,42.437879582383154
2013-06-18 15:00:00,58.034162271388595,63.13663900178659,58.444828573523154
2013-06-18 16:00:00,58.03416365213225,63.13663935654522,63.936962762991875
2013-06-18 17:00:00,59.75818220524293,63.255604685660444,68.13817455110912
2013-06-18 18:00:00,61.654185148563464,65.20694811024346,69.31607880702897
2013-06-18 19:00:00,63.31356882532452,70.51207433154612,69.34985461923942
2013-06-18 20:00:00,64.05632502219859,72.36324540458432,68.99101723119225
2013-06-18 21:00:00,63.879550627943615,72.34233872608488,68.79347129843173
2013-06-18 22:00:00,61.819038469844045,66.90980992290149,68.54463523273455
2013-06-18 23:00:00,61.3685626931547,64.89477247934136,68.59431818199324
2013-06-19 00:00:00,60.26153560295881,63.76795062862131,68.37470172264901
2013-06-19 01:00:00,61.36855633047929,64.89474785339728,68.59434573598091
2013-06-19 02:00:00,61.67644804175906,65.2081406980037,68.77191221514978
2013-06-19 03:00:00,61.676448391175306,65.20814101955291,68.77191168607611
2013-06-19 04:00:00,61.6791475114728,65.21088786880458,68.6324456579413
2013-06-19 05:00:00,61.67645529945619,65.20814815532766,68.0123326829275
2013-06-19 06:00:00,60.59537409188535,64.10774700527342,51.952852662240424
2013-06-19 07:00:00,59.75818617430311,63.136639871889784,49.615976665029244
2013-06-19 08:00:00,58.03416443092211,63.13663688410013,48.56862361685537
2013-06-19 09:00:00,58.034163848399,63.13663639637036,47.65392123997648
2013-06-19 10:00:00,58.03416386495982,63.13663658615455,47.653920990845485
2013-06-19 11:00:00,58.034163766359356,63.13663709105245,47.653921005558175
2013-06-19 12:00:00,58.03416370475521,63.13663933740098,47.65392142453675
2013-06-19 13:00:00,58.03416381902361,63.13663970128208,47.653923131782726
2013-06-19 14:00:00,58.03416396979755,63.13663729433141,49.05929221594791
2013-06-19 15:00:00,58.53905494556311,63.13663003379001,63.61750140729384
2013-06-19 16:00:00,59.183395808328925,63.136637041865995,66.19342139904832
2013-06-19 17:00:00,59.75817845492443,63.25559973700588,68.30922398298547
2013-06-19 18:00:00,59.75818224290281,64.31031901432998,69.36170773399324
2013-06-19 19:00:00,58.03419041180094,64.33512899484992,68.67848338070797
2013-06-19 20:00:00,58.034166697704265,63.13667472931553,68.65639793074476
2013-06-19 21:00:00,58.0341655278877,63.136737431893266,68.57746427797771
2013-06-19 22:00:00,59.75819096998145,64.33401593308076,69.39856178992706
2013-06-19 23:00:00,58.03416594254164,64.33402754028617,69.40463441382639
2013-06-20 00:00:00,58.03416432452597,64.31542641338733,69.39003248394017
2013-06-20 01:00:00,58.03416412716112,64.33401198801567,69.42389998925033
2013-06-20 02:00:00,58.03416409179719,63.48731061886093,68.8626819738515
2013-06-20 03:00:00,58.034164120390784,64.33403711250709,69.40526953346186
2013-06-20 04:00:00,58.03416416027207,64.3351571745294,69.40570117613244
2013-06-20 05:00:00,58.034164192702356,63.136658463981604,68.80748840096636
2013-06-20 06:00:00,58.03416411896271,63.13664275098539,63.15953580915979
2013-06-20 07:00:00,58.03416409975094,63.136640348529966,62.68806599895106
2013-06-20 08:00:00,58.034164086801006,63.136639199380554,58.04689071619223
2013-06-20 09:00:00,58.034164053750175,63.13663940514921,58.046886482569285
2013-06-20 10:00:00,58.03416409576061,63.13663767133649,58.046886118891244
2013-06-20 11:00:00,58.03416416501964,63.13663205223533,58.04688606482855
2013-06-20 12:00:00,58.03416428385937,63.13662351296955,58.04688621268168
2013-06-20 13:00:00,58.03416422005151,61.50078138995222,58.04688740336289
2013-06-20 14:00:00,58.03416418503274,61.50078175042259,61.943588930330414
2013-06-20 15:00:00,58.03416418250888,63.13662765160818,65.34512263150398
2013-06-20 16:00:00,58.03416417842355,63.136632387673416,66.98348191992757
2013-06-20 17:00:00,58.03416421787295,63.57644864230501,68.92542018074163
2013-06-20 18:00:00,58.0341642632818,63.98591246487128,69.26936976119276
2013-06-20 19:00:00,58.03416433704988,63.13665964027173,68.62295672030116
2013-06-20 20:00:00,58.03416514490851,63.13664736065823,68.44330482848696
2013-06-20 21:00:00,59.64131817057295,63.13665347508608,68.87427482577381
2013-06-20 22:00:00,58.03416549759521,64.53218809474222,69.50034329630263
2013-06-20 23:00:00,59.75812855697872,64.38848674484098,69.43461874335887
2013-06-21 00:00:00,60.59535255759862,64.38848910516074,69.43462447891586
2013-06-21 01:00:00,60.48497907719991,63.13784924993813,69.43464098136752
2013-06-21 02:00:00,60.48460673557325,63.136641190514766,69.43464091981197
2013-06-21 03:00:00,60.483290120012164,63.13664096635031,69.4327082463392
2013-06-21 04:00:00,59.641338812223125,63.136641131573725,68.87432235248816
2013-06-21 05:00:00,58.607384807622196,63.13663208821882,67.32827544194897
2013-06-21 06:00:00,16.126761800582994,19.5273349487561,17.930282529712223
2013-06-21 07:00:00,15.408821908450008,17.08938315324584,17.358186555624854
2013-06-21 08:00:00,15.407474274080823,17.089382247355097,16.829108660185895
2013-06-21 09:00:00,15.407471367855305,17.0893790094638,16.05975331857089
2013-06-21 10:00:00,13.276068553161068,16.554871791413845,16.82910511539277
2013-06-21 11:00:00,6.162039116762601,16.338135673123766,16.138062568536874
2013-06-21 12:00:00,4.325909925817527,15.227376630537206,14.837767989607293
2013-06-21 13:00:00,4.325904678287133,16.33812918478203,15.227038097390068
2013-06-21 14:00:00,4.325904474475838,17.089380678678154,14.808573101595888
2013-06-21 15:00:00,4.325904336114845,17.089382719877936,15.199605311423543
2013-06-21 16:00:00,5.26490687401294,17.089386768913343,16.022583687520417
2013-06-21 17:00:00,12.233955948824962,19.527352071864005,21.02601529630428
2013-06-21 18:00:00,14.12534501113668,19.527353285518814,22.889052842668953
2013-06-21 19:00:00,15.407242683852452,19.52735380002605,22.92321167946249
2013-06-21 20:00:00,15.407472420812564,19.5273540339453,23.896036119650066
2013-06-21 21:00:00,15.407472839405045,19.527354000348975,23.99857384598416
2013-06-21 22:00:00,15.407471444173726,18.6364297822973,23.998570995077955
2013-06-21 23:00:00,13.41646216850372,16.702651201891186,23.182966126292527
2013-06-22 00:00:00,13.276116623085262,16.70262865338581,23.162447464703007
2013-06-22 01:00:00,13.276090576086123,16.70262423739316,23.16239921033663
2013-06-22 02:00:00,13.276090208997392,16.702624034163474,23.161690527091558
2013-06-22 03:00:00,13.276090637375887,16.384532121429757,23.145243321748815
2013-06-22 04:00:00,13.276090403926482,16.27502335961979,23.23738450328635
2013-06-22 05:00:00,12.811783263167015,15.693066415639851,22.78855603760956
2013-06-22 06:00:00,4.325904331734859,6.83800480411598,13.338858012254567
2013-06-22 07:00:00,4.325904058056717,6.827119239142754,13.331746553159599
2013-06-22 08:00:00,4.325904042280312,6.827072808292655,13.331709687063878
2013-06-22 09:00:00,4.325903995660729,6.827005768277462,13.331652489269402
2013-06-22 10:00:00,4.325904828491122,6.827104760811193,13.331711118166663
2013-06-22 11:00:00,4.3259039612466,6.827089902482873,13.331707788204513
2013-06-22 12:00:00,4.325904016135614,6.827093928267383,13.331706732846854
2013-06-22 13:00:00,4.325904039802641,6.82709714836049,13.33170666052557
2013-06-22 14:00:00,4.325903754632743,6.828509358625566,13.327851095118268
2013-06-22 15:00:00,4.325904092724682,6.831707251717111,13.332653805108647
2013-06-22 16:00:00,4.325904176416265,7.923737064454931,16.32520049851745
2013-06-22 17:00:00,4.325904352873557,7.635420893348058,18.448293212468286
2013-06-22 18:00:00,4.325906343289228,7.924099327996574,18.490303935307224
2013-06-22 19:00:00,5.043252205883919,7.924105586510025,18.49030102957567
2013-06-22 20:00:00,5.309035055693207,8.153046574699276,18.490276381947723
2013-06-22 21:00:00,5.309421932773624,8.153387680650525,18.488957505264068
2013-06-22 22:00:00,5.309036737878725,8.153054745145663,18.27093846858528
2013-06-22 23:00:00,5.309396306710546,8.153064952647798,18.271296176109416
2013-06-23 00:00:00,5.30951633316033,8.15338741067853,18.325921915996936
2013-06-23 01:00:00,5.550788258268343,8.153389640449971,18.325929508103567
2013-06-23 02:00:00,5.309399934518622,8.153391297907582,18.490296212480033
2013-06-23 03:00:00,5.309400160878595,8.153390695910877,18.490296319278762
2013-06-23 04:00:00,5.309399052534886,8.153390361817063,18.49029697237964
2013-06-23 05:00:00,5.309396137197006,7.924097616127803,18.19246498105837
2013-06-23 06:00:00,4.325904220311903,6.835264121773573,13.353667137470048
2013-06-23 07:00:00,4.325904200456547,6.825762238593017,13.338983000476192
2013-06-23 08:00:00,4.325904036180235,6.825764767121424,13.338952903449869
2013-06-23 09:00:00,4.3259040048990185,6.825759898000749,13.338929547957152
2013-06-23 10:00:00,4.325904506328254,6.825871031885719,13.339442576523181
2013-06-23 11:00:00,4.325904300809979,6.825873418495081,13.33893305205177
2013-06-23 12:00:00,4.325904024807716,6.82578344757922,13.338918718210534
2013-06-23 13:00:00,4.325903925637924,6.825761111285374,13.338922765248256
2013-06-23 14:00:00,4.325904179690997,6.825760453412338,13.338917297528143
2013-06-23 15:00:00,4.325904149046487,6.825760071972817,13.841615893098613
2013-06-23 16:00:00,4.325906720187283,6.837986136048656,16.65604203382908
2013-06-23 17:00:00,7.944219628863433,11.066333307463125,33.1447760282891
2013-06-23 18:00:00,7.945070502204873,12.885672400957773,38.120319653382566
2013-06-23 19:00:00,7.950095123470486,13.009123846573306,39.06752979315227
2013-06-23 20:00:00,8.832139441147941,13.436164384313107,39.06121690018039
2013-06-23 21:00:00,8.83215717405449,13.428016966157498,38.9695670986503
2013-06-23 22:00:00,7.9500880821513915,13.436154493073413,37.2276184503282
2013-06-23 23:00:00,7.950088848088281,13.436158938411413,37.31581187375731
2013-06-24 00:00:00,7.950174236589152,13.436246486373634,37.256858918299955
2013-06-24 01:00:00,8.155128882607976,13.619241647144424,37.7529883181693
2013-06-24 02:00:00,12.772289083391993,14.798435043456337,37.511057166682576
2013-06-24 03:00:00,13.276068407573394,16.17850733003702,37.465219480812436
2013-06-24 04:00:00,16.072771245358933,18.61563113583108,38.80874820319918
2013-06-24 05:00:00,16.072973557167767,17.76621304566592,37.8110120386619
2013-06-24 06:00:00,16.072973273739986,17.628482976164275,36.45895819721669
2013-06-24 07:00:00,16.07297318944432,17.628465274500307,36.05134659040142
2013-06-24 08:00:00,16.072974306329293,17.62847050989042,36.15158989943755
2013-06-24 09:00:00,31.48825978088049,34.00806399448903,45.919593889158996
2013-06-24 10:00:00,27.80326621891804,32.6595338182219,44.309412373667676
2013-06-24 11:00:00,27.80326596734405,31.627236381738086,44.30941264775825
2013-06-24 12:00:00,27.80326709082785,31.62723295760648,44.3094153524985
2013-06-24 13:00:00,27.952689535581953,31.685277090557523,44.3946880258883
2013-06-24 14:00:00,28.286028562977112,32.039184671349815,44.731341570274886
2013-06-24 15:00:00,41.07083383603533,46.191553975720836,55.24601942690379
2013-06-24 16:00:00,47.803711676746836,59.93378599841685,62.567141489353865
2013-06-24 17:00:00,56.065980408101225,63.13664095812317,66.66926987356099
2013-06-24 18:00:00,58.03416155051601,63.13664601311922,66.67979901590449
2013-06-24 19:00:00,58.03416388387908,63.1366469217771,66.6798009843529
2013-06-24 20:00:00,58.03416400680116,63.136648426303054,66.67980023348663
2013-06-24 21:00:00,58.03416403600025,63.13664867008718,66.67979477388738
2013-06-24 22:00:00,58.03416408512758,63.136647888740114,66.67979502646989
2013-06-24 23:00:00,58.03416406932601,63.13664711891708,66.67979439664805
2013-06-25 00:00:00,58.034164033297316,63.136648174777164,66.67979397245473
2013-06-25 01:00:00,58.03416400825475,63.13664786315836,66.67979453708334
2013-06-25 02:00:00,58.034164020588904,63.136647882234,66.6797950030255
2013-06-25 03:00:00,58.03416404038192,63.13664796026136,66.6797949501035
2013-06-25 04:00:00,58.03416403932241,63.13666897025229,66.67978839124005
2013-06-25 05:00:00,58.03416404164629,63.13664320206989,66.44168240211143
2013-06-25 06:00:00,46.81930000030706,63.13664205504135,44.8356298612605
2013-06-25 07:00:00,44.51398806047571,59.93378649319139,43.60148990114111
2013-06-25 08:00:00,42.16205461575183,59.93378154650415,41.140225198508816
2013-06-25 09:00:00,42.16205447002492,59.9337813393675,40.641716576621825
2013-06-25 10:00:00,42.16205468555548,59.93378195379984,40.41930499588817
2013-06-25 11:00:00,42.16205455402278,59.933782060590104,39.74355318571942
2013-06-25 12:00:00,42.16205454678624,59.933782154921914,39.30692512954198
2013-06-25 13:00:00,42.16205459351905,59.933782145304974,39.24630160341663
2013-06-25 14:00:00,42.16205459424769,59.93378224823863,39.246512850057606
2013-06-25 15:00:00,42.162054761514746,59.933782936260315,39.24588629372085
2013-06-25 16:00:00,42.16205579863999,59.93378435978039,39.41930554855368
2013-06-25 17:00:00,43.18283547542144,63.1366352478543,40.050937218910875
2013-06-25 18:00:00,47.8037114212722,63.13664311315253,42.97680479218463
2013-06-25 19:00:00,58.034157321685655,66.9322422997456,41.61120220092271
2013-06-25 20:00:00,58.03416377440474,67.44978668089159,41.67413716341592
2013-06-25 21:00:00,58.03416390662548,67.21630963949156,41.240645367611506
2013-06-25 22:00:00,58.03416389462126,67.07760444546874,40.23864033509236
2013-06-25 23:00:00,58.03416393098566,67.07760250977822,40.23863221423203
2013-06-26 00:00:00,58.034163927694145,67.07759907365032,40.23865363778903
2013-06-26 01:00:00,58.03416381405226,66.78852649745276,40.23856247816364
2013-06-26 02:00:00,58.03416367917412,66.7885011554502,40.23865726266611
2013-06-26 03:00:00,58.03416348914437,66.78849554058516,40.303798981771095
2013-06-26 04:00:00,58.03416352125919,66.78849610355775,40.58041953900144
2013-06-26 05:00:00,58.034162574244284,63.13664344653418,39.84527663799298
2013-06-26 06:00:00,50.54113916048487,63.13664150186385,21.538279938179834
2013-06-26 07:00:00,41.83116617172336,56.39026002575754,21.309715314983713
2013-06-26 08:00:00,41.831166000734484,56.39025739297408,21.319483849471013
2013-06-26 09:00:00,41.83116585753496,53.002401512625056,21.27603561508916
2013-06-26 10:00:00,41.83116757876754,56.39025819656939,21.320498823317635
2013-06-26 11:00:00,41.83116716066567,56.390260605509255,21.32050011369359
2013-06-26 12:00:00,41.831166769056516,56.39026385209368,21.32609683401257
2013-06-26 13:00:00,41.83116732382367,56.390264725176934,21.32773742595409
2013-06-26 14:00:00,41.831166880663154,56.39026805681611,21.329935755638488
2013-06-26 15:00:00,41.83116670306218,56.39027546948256,21.712829275761536
2013-06-26 16:00:00,41.831166788960935,56.390392798858244,27.039017872167257
2013-06-26 17:00:00,41.83116817440222,63.1366391163546,32.7073558942556
2013-06-26 18:00:00,41.831169624005646,63.13664266508211,40.01687416804067
2013-06-26 19:00:00,43.40478540133828,63.13664296347936,45.988964227012254
2013-06-26 20:00:00,41.8311686808703,63.136642916728036,48.436973203794246
2013-06-26 21:00:00,41.83116873389349,63.13664290069927,49.338643055542725
2013-06-26 22:00:00,41.83116767807441,63.13664279024674,49.45459950434271
2013-06-26 23:00:00,41.83116875028021,63.136642669805454,50.07775467353037
2013-06-27 00:00:00,42.00848830138738,63.1366425144864,50.35808103575302
2013-06-27 01:00:00,48.87218659878301,63.13664213196836,56.59386415922207
2013-06-27 02:00:00,50.660654759154475,63.13664185032046,58.6155907153983
2013-06-27 03:00:00,50.66065462856875,63.136641823142824,58.61560035155225
2013-06-27 04:00:00,50.660654471484186,63.136642223392855,58.6308789432901
2013-06-27 05:00:00,50.660651214643465,63.136638691935815,58.81003244603193
2013-06-27 06:00:00,41.48388168861515,45.831941039203755,50.650036804127765
2013-06-27 07:00:00,41.48386796279446,45.83193724319513,50.426307284066176
2013-06-27 08:00:00,41.48386764664585,45.831936318596505,50.2351511933916
2013-06-27 09:00:00,41.48386759440947,45.8319335866037,50.23515124242239
2013-06-27 10:00:00,41.48386776792375,45.83193737786142,50.23515281513846
2013-06-27 11:00:00,41.4838676311543,45.83193766133827,50.235153270779215
2013-06-27 12:00:00,41.48386789335743,45.831937495908406,50.273774834935075
2013-06-27 13:00:00,41.483868234222335,45.83193820657597,50.63204270589503
2013-06-27 14:00:00,41.483870105480776,45.831938518371174,51.26666249543762
2013-06-27 15:00:00,46.209519116305685,49.57013712172018,55.91927106744031
2013-06-27 16:00:00,48.91897104284738,52.41291479662188,58.45883523684939
2013-06-27 17:00:00,56.06599463430766,60.938756706082074,66.54641493102287
2013-06-27 18:00:00,56.06602456900318,63.13663935506054,66.92667934629245
2013-06-27 19:00:00,56.06603059931797,63.13664244454024,66.9266803829213
2013-06-27 20:00:00,56.06600179047498,63.13664275995292,66.9266799744473
2013-06-27 21:00:00,56.06597378689971,63.136642974665136,66.89113101187075
2013-06-27 22:00:00,49.81384311177179,63.13664313315999,64.15298513340436
2013-06-27 23:00:00,52.83716239897513,63.13664314361944,64.34961186760259
2013-06-28 00:00:00,52.85954725912986,63.136643121076474,64.38470835529547
2013-06-28 01:00:00,52.86040259154957,63.13664307639988,64.38560742762036
2013-06-28 02:00:00,53.46312815804909,63.13664304368881,64.38567300075046
2013-06-28 03:00:00,56.06601531208555,63.13664292711748,64.61823079905984
2013-06-28 04:00:00,56.066027030967064,63.13664304281144,64.61823802841518
2013-06-28 05:00:00,50.830804686715865,63.13664293583116,59.89373987616535
2013-06-28 06:00:00,24.240818812358533,32.40709469389178,33.28386213208727
2013-06-28 07:00:00,24.240817173744382,26.764062387145792,32.55627772464061
2013-06-28 08:00:00,24.24081745788681,26.76405782250916,32.52972506363024
2013-06-28 09:00:00,24.240817654973288,26.764054814349937,32.52972430717229
2013-06-28 10:00:00,24.24081857242792,26.764058512296703,32.5563950322053
2013-06-28 11:00:00,24.24081833343856,26.76405379264121,32.5563945390579
2013-06-28 12:00:00,24.24081798713167,26.286129550255644,32.55644177379695
2013-06-28 13:00:00,24.240818223230043,25.74407496061179,32.69597777110872
2013-06-28 14:00:00,24.24081799624119,25.74407934641238,32.8061021193916
2013-06-28 15:00:00,24.240818109622328,25.891638556352312,33.241134383669795
2013-06-28 16:00:00,24.240820804082777,27.520013500993016,37.561845040558886
2013-06-28 17:00:00,28.944168327776946,31.001417099036956,44.54832593756422
2013-06-28 18:00:00,28.944173908213656,32.40707926624855,46.846726736129526
2013-06-28 19:00:00,28.944174075924607,32.407080266746355,46.92674496912602
2013-06-28 20:00:00,28.94417390320115,32.407080107755085,46.926745249519136
2013-06-28 21:00:00,28.944171641451696,32.407079287830555,46.92674496639203
2013-06-28 22:00:00,25.01526192898787,27.521986181958482,44.995238244377624
2013-06-28 23:00:00,24.24082555331411,27.521975124635205,44.649993291871894
2013-06-29 00:00:00,24.240818511914,27.5219747813779,44.30472744112613
2013-06-29 01:00:00,24.240818503548574,27.521973220938346,44.35935855386656
2013-06-29 02:00:00,24.240818355812554,27.521975350205864,44.65082180943848
2013-06-29 03:00:00,24.240818317635934,27.60227136380073,44.48224164820592
2013-06-29 04:00:00,24.240818159298737,27.602274902564265,44.48227624151284
2013-06-29 05:00:00,24.24081827978016,27.6431117138463,44.75631272683031
2013-06-29 06:00:00,8.974011312865546,22.591619927130047,22.979101181640427
2013-06-29 07:00:00,8.06498813048773,22.591612647987255,22.509146528970227
2013-06-29 08:00:00,8.06498790247813,22.591612154441354,21.43790328512974
2013-06-29 09:00:00,8.064987912334889,22.591614451863478,20.827675033946583
2013-06-29 10:00:00,8.064987958488999,22.591666900723684,20.872501593982637
2013-06-29 11:00:00,8.064988111538941,22.591657622828436,20.860507204393564
2013-06-29 12:00:00,8.064988358919077,22.591656983132612,20.79574181521956
2013-06-29 13:00:00,8.064991609993166,22.591665482495173,19.455710940599197
2013-06-29 14:00:00,8.065869677098691,22.591710494270735,19.14813743443294
2013-06-29 15:00:00,8.319478433802614,22.73308336450632,19.288207992214538
2013-06-29 16:00:00,11.109294324853519,23.133498324707862,19.625710604870335
2013-06-29 17:00:00,26.454128552098517,50.829961199356376,27.294807800951364
2013-06-29 18:00:00,58.034162251402705,63.13664362604922,31.07318998456948
2013-06-29 19:00:00,58.03416401123606,63.13664826374887,34.34855670908361
2013-06-29 20:00:00,58.034164201172494,63.13664802736574,36.61186562140344
2013-06-29 21:00:00,58.03416425387203,63.136648739068676,37.150390282170505
2013-06-29 22:00:00,58.03416416246829,63.136648506162274,37.14820638128966
2013-06-29 23:00:00,58.03416398704535,63.136647589493705,37.14818318645184
2013-06-30 00:00:00,58.03416273638277,63.13664619362352,37.14818658865452
2013-06-30 01:00:00,50.359251453250515,63.136644445315625,37.483632869837535
2013-06-30 02:00:00,47.8037115206819,63.13664382797825,37.536068765115886
2013-06-30 03:00:00,47.8037105888625,63.13664377487163,37.536068856366875
2013-06-30 04:00:00,47.80371055968889,63.13664385065974,37.5360689315649
2013-06-30 05:00:00,47.80371044458844,63.136643626214024,37.50311212169734
2013-06-30 06:00:00,9.000065724550918,13.097722027065462,16.71952762653064
2013-06-30 07:00:00,8.086090804723662,10.032399672440803,15.939674453880881
2013-06-30 08:00:00,8.08609025333124,10.012622224944073,15.907523756980371
2013-06-30 09:00:00,7.847311126946259,9.637788447176334,15.91117399962504
2013-06-30 10:00:00,8.086090569560222,9.851355266781818,16.011761475234284
2013-06-30 11:00:00,8.086090566971258,9.802133495700014,16.097495240360725
2013-06-30 12:00:00,8.086090581806495,9.801936015760447,16.09708578454941
2013-06-30 13:00:00,8.086092091108936,9.896350327837633,16.268870419897716
2013-06-30 14:00:00,8.08697242060368,9.917262064675741,16.364749084680483
2013-06-30 15:00:00,8.087864583255186,10.340614194827719,17.115711849810033
2013-06-30 16:00:00,14.39336464627032,15.380780859347357,23.042935957932343
2013-06-30 17:00:00,46.6926352480543,44.56406181184546,53.046728505070895
2013-06-30 18:00:00,56.066006282736566,53.93052217617516,62.72049162721709
2013-06-30 19:00:00,56.06600653003764,53.9305252645927,62.72049747077508
2013-06-30 20:00:00,56.066005033939234,53.930525140899775,62.720498338635714
2013-06-30 21:00:00,56.06600023550036,53.93052446369461,62.720498459837934
2013-06-30 22:00:00,56.06590108567107,53.930481189699336,62.72048919719088
2013-06-30 23:00:00,50.15320265717297,51.4398838149943,62.20938921538289
2013-07-01 00:00:00,48.814711560773624,50.520443105492106,61.633105489830875
2013-07-01 01:00:00,51.25414058889814,52.91673383369475,62.3186309347297
2013-07-01 02:00:00,49.81400322218021,54.32440768376556,62.72049870465648
2013-07-01 03:00:00,49.95977409572378,55.85840542340824,62.72049939018799
2013-07-01 04:00:00,52.02264579384417,56.28108802241796,62.72050009795217
2013-07-01 05:00:00,52.90609251375562,56.2810893801682,62.68983307233973
2013-07-01 06:00:00,21.905965672637564,28.33556135154798,31.225839652548153
2013-07-01 07:00:00,21.8551784541983,24.367874019801807,28.620627813104576
2013-07-01 08:00:00,21.85517825064268,24.22369555174442,28.586458610404726
2013-07-01 09:00:00,21.855178003483978,24.22369498950324,28.585799792694488
2013-07-01 10:00:00,21.85518068057397,24.223695029565604,28.586458583108488
2013-07-01 11:00:00,21.855179406771946,24.223694577513868,28.586458375496683
2013-07-01 12:00:00,21.855179342316504,24.223693704128813,28.58645851068305
2013-07-01 13:00:00,21.85518029085409,24.223694367505203,28.58645926213307
2013-07-01 14:00:00,22.88108187675022,24.223719804811562,28.712703986494702
2013-07-01 15:00:00,46.2098682596695,27.40325857194399,33.68794466984769
2013-07-01 16:00:00,58.034178256146284,58.576134393993016,62.26025208155684
2013-07-01 17:00:00,62.09659224576778,64.90731219566341,69.51607370314854
2013-07-01 18:00:00,63.94411970760031,66.85294375457018,73.75607780806584
2013-07-01 19:00:00,64.43583655443892,66.891966208807,74.04467643793596
2013-07-01 20:00:00,64.4358090884919,66.89193507236067,74.04467744684564
2013-07-01 21:00:00,64.43581244528984,66.89193593670242,74.04467762795572
2013-07-01 22:00:00,64.43585096193195,66.8990612297657,74.04467795897055
2013-07-01 23:00:00,63.94412493769367,66.8956422593957,74.0446780160204
2013-07-02 00:00:00,63.94412173486243,66.89906548627705,74.0446774379615
2013-07-02 01:00:00,63.944121601126184,66.89906723365462,74.04467618987185
2013-07-02 02:00:00,63.9441227260313,66.89906744281582,74.04467606806496
2013-07-02 03:00:00,63.94412390775483,66.89906756611947,74.04467721580109
2013-07-02 04:00:00,64.43585113939884,66.89906787190176,74.04467800123764
2013-07-02 05:00:00,64.43585161357379,66.89906734625954,73.4392682689611
2013-07-02 06:00:00,62.09659914763131,45.8263533389555,47.483538175643865
2013-07-02 07:00:00,62.09659901388466,42.4408656223647,43.80331405080794
2013-07-02 08:00:00,62.096579136720685,36.50859154038906,41.010271264594174
2013-07-02 09:00:00,52.2058594806412,36.5085882567516,40.84292037955708
2013-07-02 10:00:00,52.20585937787351,35.65001182407252,40.84292013784389
2013-07-02 11:00:00,52.20585934120508,34.18447229913152,40.842920108179435
2013-07-02 12:00:00,52.20585926929845,34.18446720116542,40.842920300966526
2013-07-02 13:00:00,52.20585918014004,34.18446493992966,40.84292057921988
2013-07-02 14:00:00,52.205859097411995,34.18446706678348,40.88548088175333
2013-07-02 15:00:00,52.20585929954251,35.59532465348639,42.227230683340636
2013-07-02 16:00:00,59.974610379979644,53.27115009238193,62.043542142657934
2013-07-02 17:00:00,62.096599385525565,62.171574329471795,70.37685101848514
2013-07-02 18:00:00,62.096599510114096,63.56728701087903,73.30342969771526
2013-07-02 19:00:00,62.09659960544513,63.56740804563104,73.30353064494571
2013-07-02 20:00:00,61.260072866368986,62.74564724957685,72.82357687788493
2013-07-02 21:00:00,54.483295475598304,56.08876794569831,68.19308801041326
2013-07-02 22:00:00,52.2058627457189,54.67100108668882,64.14985382324427
2013-07-02 23:00:00,52.20586017123046,54.6710001700077,63.927465048509255
2013-07-03 00:00:00,52.2058601964241,54.671000613414165,63.23688837953048
2013-07-03 01:00:00,52.20586018303406,55.16998705518594,63.23440092227962
2013-07-03 02:00:00,52.20586200270049,55.75099398930203,63.2344031564372
2013-07-03 03:00:00,54.44265257172089,60.43675898355431,63.7188742320557
2013-07-03 04:00:00,56.8574861135235,63.19718996355884,64.37112004764961
2013-07-03 05:00:00,58.950490478165136,63.197191498511216,65.59030262319409
2013-07-03 06:00:00,61.65714944334617,63.19719229411025,66.81727456666303
2013-07-03 07:00:00,62.096586735290124,63.197191779745125,67.26223021208688
2013-07-03 08:00:00,62.09660339528892,63.197191357369334,67.26246413679199
2013-07-03 09:00:00,62.25087060269635,63.19719181048529,67.67225279120916
2013-07-03 10:00:00,62.8791762017999,64.06836007676576,67.98694656761437
2013-07-03 11:00:00,62.87924376904104,63.906442472456774,68.00850840138561
2013-07-03 12:00:00,62.92977750779119,63.90644211694759,67.9907269374462
2013-07-03 13:00:00,62.92978006211685,63.906442916391825,67.98968522690417
2013-07-03 14:00:00,62.92978095225525,63.90644386557011,68.32349309717596
2013-07-03 15:00:00,62.92978136912698,63.90644890061317,69.65655441171542
2013-07-03 16:00:00,62.929785185942976,66.89192411509768,71.61194710934788
2013-07-03 17:00:00,64.32709471171638,66.93366855650763,72.8482692157486
2013-07-03 18:00:00,64.78272044271041,66.9336799161562,74.46714250262865
2013-07-03 19:00:00,64.78272382585001,66.93368061370852,74.62016447173649
2013-07-03 20:00:00,64.78272506439627,66.93368109690505,74.62153579711212
2013-07-03 21:00:00,64.78272735499998,66.93368116983599,74.59534403366492
2013-07-03 22:00:00,64.9500902325369,66.93368087471943,74.59534962609793
2013-07-03 23:00:00,64.78272435415965,66.93368094366845,74.62082593431127
2013-07-04 00:00:00,64.49521010641452,66.93368083329513,74.67687815010773
2013-07-04 01:00:00,64.47758321462021,66.93368084980668,74.6768825613266
2013-07-04 02:00:00,63.409270603333844,66.93368077355252,74.67688170174358
2013-07-04 03:00:00,64.47758654911324,66.93368102778648,74.67687610824495
2013-07-04 04:00:00,64.78271869977921,66.93368130546304,74.82098720078024
2013-07-04 05:00:00,64.66980370197999,66.9336804055542,74.30185917121877
2013-07-04 06:00:00,54.483332201287105,57.88651676468709,67.81098371210838
2013-07-04 07:00:00,50.27401564587473,46.53051894198441,60.66783480458331
2013-07-04 08:00:00,50.2740109434421,46.530514849669956,59.39131229930742
2013-07-04 09:00:00,41.51798761796574,39.74087981079602,58.94014420989955
2013-07-04 10:00:00,41.517986908868714,39.74085137018801,58.940144096338635
2013-07-04 11:00:00,38.370543933152206,36.91429579050157,58.92239389228757
2013-07-04 12:00:00,37.842291362753045,35.15057249604554,58.94014271093617
2013-07-04 13:00:00,38.19318802167731,36.32214260116649,58.94014367622953
2013-07-04 14:00:00,38.375667148191,36.931404959574394,58.94014411549032
2013-07-04 15:00:00,38.4601262134615,37.21339594395265,58.99053737528748
2013-07-04 16:00:00,41.517986957438914,45.70769125459425,60.40190044743474
2013-07-04 17:00:00,48.40931418838156,48.8424212189464,67.0333209508899
2013-07-04 18:00:00,60.7576527733307,63.15567779516728,72.68697187976495
2013-07-04 19:00:00,62.92978253325081,66.81982064802098,73.64922861186643
2013-07-04 20:00:00,62.929783411388975,66.93367921757488,73.61972124520862
2013-07-04 21:00:00,62.92978435838032,66.93368513365209,73.61968508608832
2013-07-04 22:00:00,63.196520405279536,67.42186612226665,73.7427340848844
2013-07-04 23:00:00,63.19652778860829,67.42816708626866,73.73404045124468
2013-07-05 00:00:00,63.19652947116192,67.86429633441743,73.93121006615655
2013-07-05 01:00:00,63.196531267228046,67.91256703931005,74.50394595987449
2013-07-05 02:00:00,64.78272110388635,67.9125688958134,74.3648449083994
2013-07-05 03:00:00,64.78272495965352,67.91256954170848,74.36045954154253
2013-07-05 04:00:00,65.45719611791728,67.91257045826134,74.78307500448257
2013-07-05 05:00:00,64.7827230050601,67.91257222024049,73.38620699315597
2013-07-05 06:00:00,64.01154330012508,67.58495152469901,71.44155402077487
2013-07-05 07:00:00,63.19653061115025,64.19266504551906,65.44569679707318
2013-07-05 08:00:00,63.19653065126523,64.19265948431172,64.97644997702294
2013-07-05 09:00:00,63.196530546616415,63.155686007639446,64.9764484634578
2013-07-05 10:00:00,63.19653060751188,63.155685023535824,64.9764483259617
2013-07-05 11:00:00,63.19653066009926,63.15568367349172,64.97643905403358
2013-07-05 12:00:00,63.19653071809192,63.15568361489393,64.97643845256115
2013-07-05 13:00:00,63.19653077669145,63.15568367707536,64.97643814763487
2013-07-05 14:00:00,63.196530878496155,63.155686428146424,64.97643928024378
2013-07-05 15:00:00,63.196531008260735,63.15569251744424,65.12453231051168
2013-07-05 16:00:00,63.196531147994094,63.15569609495638,66.37050284778248
2013-07-05 17:00:00,63.19653250254631,66.74196047372686,71.48072918235083
2013-07-05 18:00:00,66.49047874124179,67.92680381772799,74.68666473419754
2013-07-05 19:00:00,67.89979721630178,70.35336824492919,74.72475926391601
2013-07-05 20:00:00,67.30193616791617,70.35333899418583,74.72469848347521
2013-07-05 21:00:00,66.48607961974272,67.9125725975888,74.68666338156608
2013-07-05 22:00:00,66.48605934861138,67.91257216711823,74.68665399567487
2013-07-05 23:00:00,66.48604263613834,67.91257207247108,74.6866473456949
2013-07-06 00:00:00,66.1536138972337,67.91257200337633,75.11692163051232
2013-07-06 01:00:00,66.0790437488028,67.91257189421766,75.11613711409508
2013-07-06 02:00:00,65.45720370160274,67.91257192571082,75.11613625128582
2013-07-06 03:00:00,65.45720264012363,67.91257201852612,75.11613798898644
2013-07-06 04:00:00,65.4572141335636,67.91257224303926,75.11614885275203
2013-07-06 05:00:00,64.78272565220644,67.9125713026484,73.58855415988413
2013-07-06 06:00:00,63.196531582524955,63.699123410723516,52.44194157042537
2013-07-06 07:00:00,63.19653145300183,63.15568746183078,47.54023752733449
2013-07-06 08:00:00,63.196530840231574,52.868518685933694,44.5942712922577
2013-07-06 09:00:00,63.1965216414823,52.86851810291802,44.594270723818404
2013-07-06 10:00:00,63.19652106008179,52.86851802234426,44.59427075220538
2013-07-06 11:00:00,63.19652091832583,52.86851805240656,44.594270783385504
2013-07-06 12:00:00,63.19652091963709,52.868518183444735,44.59427095408011
2013-07-06 13:00:00,63.19652096430976,52.868518488532146,44.59427167131379
2013-07-06 14:00:00,63.19652107375698,52.86851937313142,44.79148473127121
2013-07-06 15:00:00,63.19652167908449,53.26615052812252,48.069458496207034
2013-07-06 16:00:00,63.196531652548934,62.02678778762642,65.44214655331795
2013-07-06 17:00:00,63.19653179176022,66.20072773547832,71.47100053883901
2013-07-06 18:00:00,63.196532199637005,66.95171495378088,71.86140495626432
2013-07-06 19:00:00,63.19653221937155,66.95171760071806,71.86140637556383
2013-07-06 20:00:00,63.1965321008909,66.95171519596506,71.86140463990252
2013-07-06 21:00:00,63.19653221336322,66.95171366138351,71.86140359467949
2013-07-06 22:00:00,63.19653203769218,66.95170505474685,71.86139655247483
2013-07-06 23:00:00,63.19653230960506,66.95171303338961,71.86140386919172
2013-07-07 00:00:00,63.1965434704905,66.95171622157967,71.86140650874958
2013-07-07 01:00:00,63.38943765873118,66.9517324080867,71.86141213747653
2013-07-07 02:00:00,63.3894498458417,66.95173451152507,71.86141292783867
2013-07-07 03:00:00,63.444156365286844,66.95173484141961,71.8614137841409
2013-07-07 04:00:00,63.475591804050325,66.95173516921453,71.86141388677692
2013-07-07 05:00:00,63.475491809137985,66.95173496739882,71.62827099054977
2013-07-07 06:00:00,63.19653210599608,37.24788252587622,42.09763625357504
2013-07-07 07:00:00,63.19653206643225,35.43018842845609,38.78261818625953
2013-07-07 08:00:00,63.19653192600076,29.970686137333058,36.50412964305516
2013-07-07 09:00:00,63.19587135147736,29.970679915561988,36.504129139475985
2013-07-07 10:00:00,63.19587048038376,29.970679505803414,36.50412904828278
2013-07-07 11:00:00,63.19587042182886,29.970679048878775,36.50412903156791
2013-07-07 12:00:00,63.195870461908754,29.97067866304467,36.504129139682284
2013-07-07 13:00:00,63.19587058677095,29.970679149418313,36.50412950319968
2013-07-07 14:00:00,63.195870902732786,29.970679904439056,36.50413491595146
2013-07-07 15:00:00,63.19587241787186,37.0556645003044,42.256684601663316
2013-07-07 16:00:00,63.196532297885454,57.4761415063374,61.39534056614106
2013-07-07 17:00:00,63.19653250759123,64.19266330256495,71.13125888829441
2013-07-07 18:00:00,63.196532654503656,66.6743924987277,71.43728122019048
2013-07-07 19:00:00,63.196532558445426,66.6743943092796,71.4372825145315
2013-07-07 20:00:00,63.19653249039335,66.67439324254224,71.43728216875209
2013-07-07 21:00:00,63.19653250085459,66.6743930162659,71.43728186901716
2013-07-07 22:00:00,63.19653253306426,66.67439319453781,71.43728163695161
2013-07-07 23:00:00,63.19653257129222,66.67439364703914,71.43728200424967
2013-07-08 00:00:00,63.19653261420534,66.67439406063227,71.43728244787961
2013-07-08 01:00:00,63.19653264347648,66.67439489256016,71.43728334006234
2013-07-08 02:00:00,63.19653267211787,66.67439620405608,71.4372849167204
2013-07-08 03:00:00,63.19653270163793,66.67439715085166,71.43728585554726
2013-07-08 04:00:00,63.19653273663943,66.67439740618259,71.43728670711543
2013-07-08 05:00:00,63.19653276010527,66.67439111072558,71.43728176145467
2013-07-08 06:00:00,25.301233417954112,26.174798663279173,33.62328113181236
2013-07-08 07:00:00,24.823819087534336,26.172391659320514,31.922798555994262
2013-07-08 08:00:00,21.288880026375285,22.471864959872207,30.140569789203624
2013-07-08 09:00:00,21.28887914109212,22.47186395496815,30.140568906782086
2013-07-08 10:00:00,21.28887901911014,22.471862625095305,30.14051724347007
2013-07-08 11:00:00,21.288878904637148,22.471861011416014,30.14007219209413
2013-07-08 12:00:00,21.288878618938092,22.47186088637612,30.140569243309933
2013-07-08 13:00:00,21.28887775407234,22.47186153452308,30.140570270439945
2013-07-08 14:00:00,21.288878866212364,22.471863987300004,30.954509337802833
2013-07-08 15:00:00,21.56684120803624,23.0255959405495,36.27450936751116
2013-07-08 16:00:00,51.17785219494766,52.094916817421776,58.165878703548586
2013-07-08 17:00:00,63.19653162712826,64.19266338608274,69.66479869373744
2013-07-08 18:00:00,63.19653298903766,66.73573875977463,71.27748088726565
2013-07-08 19:00:00,63.19653298542422,66.73574825174505,71.2774830182129
2013-07-08 20:00:00,63.196532835744044,66.7357452115946,71.277481399896
2013-07-08 21:00:00,63.19653295007014,66.73574576082255,71.27748083075149
2013-07-08 22:00:00,63.19653313150003,66.73575565707736,71.27747222002137
2013-07-08 23:00:00,63.19653321794929,66.73575639039004,71.27747381282265
2013-07-09 00:00:00,63.19653330624911,66.73580840191133,71.27750310014439
2013-07-09 01:00:00,63.19653338459208,66.73581286863735,71.27750604482031
2013-07-09 02:00:00,63.19653350424517,66.73581383505712,71.27750711516815
2013-07-09 03:00:00,63.19653360303542,66.73581425471737,71.27750770632964
2013-07-09 04:00:00,63.19653394898236,66.73581463608699,71.27750834726376
2013-07-09 05:00:00,63.19653392343285,66.73581449942515,71.27749813806759
2013-07-09 06:00:00,63.19653348700757,58.40996779155083,62.50689536913962
2013-07-09 07:00:00,63.19653333315272,55.918331840059324,58.15528148925444
2013-07-09 08:00:00,55.62411969340836,48.58430270224689,53.05592619523925
2013-07-09 09:00:00,63.196533489150085,58.3812042183127,62.25058770253754
2013-07-09 10:00:00,51.99454836824529,48.58430054934918,52.97523446540727
2013-07-09 11:00:00,51.99454832549215,48.584299823187564,52.97523424502896
2013-07-09 12:00:00,51.99454814564113,48.58429883007089,52.975234432387026
2013-07-09 13:00:00,51.994548249180866,48.584300355304876,52.97523459545227
2013-07-09 14:00:00,51.99454844700378,48.58430150012609,53.02927351238658
2013-07-09 15:00:00,51.9945736567982,48.68550240664537,54.91542209008559
2013-07-09 16:00:00,63.196533052457646,57.625541074711606,60.84867094827919
2013-07-09 17:00:00,63.196533729674705,64.19266478954397,68.2587498159004
2013-07-09 18:00:00,63.19653376048529,64.19271929041132,68.25886588295704
2013-07-09 19:00:00,63.19653376710327,64.19272008972916,68.25629113793609
2013-07-09 20:00:00,63.19653361282697,64.19271932795681,67.87764155543138
2013-07-09 21:00:00,63.19653350050606,64.19271250020637,67.87763132789728
2013-07-09 22:00:00,63.196533340247484,64.19266491477467,66.0162373788328
2013-07-09 23:00:00,61.650614853746454,64.19266493893153,65.99665052044949
2013-07-10 00:00:00,60.435489774174826,64.19266488732576,65.99663737571099
2013-07-10 01:00:00,58.48885604712077,64.19266498288677,64.38237987946694
2013-07-10 02:00:00,58.19296680570558,64.19266489772167,63.873655360278875
2013-07-10 03:00:00,58.17204735228837,64.19266388477678,63.51483161202433
2013-07-10 04:00:00,53.66387677270105,64.19266368155078,63.50770074975339
2013-07-10 05:00:00,51.99455122800173,64.1926628520693,59.82454693832168
2013-07-10 06:00:00,8.514445573971482,16.041253121554682,17.70910981859961
2013-07-10 07:00:00,8.403048398373627,14.265642475116355,17.207102668462067
2013-07-10 08:00:00,8.403046867956785,11.56674022774482,17.044596659794514
2013-07-10 09:00:00,8.140161367287645,10.715425369999481,17.010937638825546
2013-07-10 10:00:00,8.403048195497046,11.3570796514045,17.074834733927023
2013-07-10 11:00:00,8.403048607217784,11.566498212194306,17.105680448531686
2013-07-10 12:00:00,8.403048831634138,11.566705875701684,17.106262788775958
2013-07-10 13:00:00,8.403049489859635,11.566720919792036,17.07320386281784
2013-07-10 14:00:00,8.403050148909395,14.26562546236718,17.174966096241967
2013-07-10 15:00:00,8.57498620042968,14.2795000606308,17.797915883193916
2013-07-10 16:00:00,22.50001800829908,32.615563131853506,34.95921878105945
2013-07-10 17:00:00,36.491183497312306,45.43151622527414,52.60188855693135
2013-07-10 18:00:00,49.73670034040697,56.00876218289095,62.68445315903346
2013-07-10 19:00:00,54.649018616597914,61.32817993656187,66.65017881583181
2013-07-10 20:00:00,57.2942755491919,64.19265757702566,68.82961724712833
2013-07-10 21:00:00,57.2942806981102,64.19266104557003,69.12332785423526
2013-07-10 22:00:00,60.75765520981053,64.21183126572254,68.99903502139547
2013-07-10 23:00:00,61.65061725051425,64.79074695638361,69.45579608643972
2013-07-11 00:00:00,63.19653421138186,65.2810135298482,69.55137335083613
2013-07-11 01:00:00,63.19653478291109,65.28164622611138,69.55149888673742
2013-07-11 02:00:00,63.19653528472658,65.28164818518442,69.55151617756803
2013-07-11 03:00:00,63.19653570438757,65.28164987183385,69.55151950786838
2013-07-11 04:00:00,63.196536104267885,65.28166761694143,69.60301394430228
2013-07-11 05:00:00,63.19653642956934,65.28165351779359,69.59256861836191
2013-07-11 06:00:00,63.19653654326416,64.19266669332298,64.39821488392407
2013-07-11 07:00:00,63.19653671435448,64.19266766330824,56.45087833608192
2013-07-11 08:00:00,63.196536834725805,62.716095180010996,56.45087399549284
2013-07-11 09:00:00,63.196536871227785,56.00877305256357,56.39783058532448
2013-07-11 10:00:00,63.19653838885634,56.00877151397454,56.35450085016682
2013-07-11 11:00:00,63.196539395237586,56.00877093992938,56.397830925004556
2013-07-11 12:00:00,63.1965408637296,56.008770671846506,56.39783089026441
2013-07-11 13:00:00,63.19654274818212,56.00877092690803,56.39783134553296
2013-07-11 14:00:00,63.19654587673565,56.00877154673228,56.43115963273696
2013-07-11 15:00:00,63.196577250022635,56.00877601676187,56.73423001040194
2013-07-11 16:00:00,63.26788267351449,64.19261730153646,66.24808008463559
2013-07-11 17:00:00,63.26788893172959,65.68369858593529,70.19219386755394
2013-07-11 18:00:00,63.267890408900996,66.95172903528685,72.55087812706698
2013-07-11 19:00:00,63.2678909895977,67.91490282879,72.92916762030337
2013-07-11 20:00:00,63.26789124069819,67.91491550523378,72.92917153462211
2013-07-11 21:00:00,63.267891511890554,67.91494079979259,72.9291785035896
2013-07-11 22:00:00,63.26789178234833,67.84476150928555,72.9716284402443
2013-07-11 23:00:00,63.2678919327016,68.11361635093736,73.12594945458687
2013-07-12 00:00:00,63.2678922180049,69.64114742788628,73.89960646048796
2013-07-12 01:00:00,63.26789309863469,69.64126393268599,73.8997266057496
2013-07-12 02:00:00,63.26791662547791,69.71078825499002,73.96810655589134
2013-07-12 03:00:00,64.7827245751191,71.29193450768604,74.44599283420341
2013-07-12 04:00:00,64.26055007545006,70.7907553394647,74.44599358067315
2013-07-12 05:00:00,63.26789292737168,69.65954243987163,73.96830788935843
2013-07-12 06:00:00,63.267892359652976,64.19488797584292,55.04380329513098
2013-07-12 07:00:00,63.267892393321915,64.19481329882282,53.16065199006428
2013-07-12 08:00:00,63.26789244631051,64.19481144768424,53.122535724185155
2013-07-12 09:00:00,63.26789252147149,64.19481074831357,53.122535306340595
2013-07-12 10:00:00,63.26789275893821,64.19481039107579,53.122535257965716
2013-07-12 11:00:00,63.26789285611392,64.19481006775547,53.1225351771569
2013-07-12 12:00:00,63.267892883514726,64.19480998851265,53.122535259372334
2013-07-12 13:00:00,63.26789287002153,64.19481039119545,53.12253561582063
2013-07-12 14:00:00,63.267892853123755,64.19481133647626,53.160653842043324
2013-07-12 15:00:00,63.26789286079583,64.19481423910547,57.07008650021255
2013-07-12 16:00:00,63.2678929033003,65.62100948028805,68.47518028517655
2013-07-12 17:00:00,63.26789329439949,66.240312330431,71.42559552257303
2013-07-12 18:00:00,65.8794264552847,68.3344875754515,74.98983125367529
2013-07-12 19:00:00,75.66138303505961,79.4429170195564,79.72683244401193
2013-07-12 20:00:00,75.66139864702366,79.44293228696209,79.72683197226905
2013-07-12 21:00:00,75.661403250823,79.44293641524467,79.72591974414243
2013-07-12 22:00:00,75.6614085623896,79.44293758905701,79.72667253308795
2013-07-12 23:00:00,75.66140662045864,79.44293712119769,79.72642926674276
2013-07-13 00:00:00,75.6614067994232,79.44293746155998,79.72642418648944
2013-07-13 01:00:00,75.66140546097958,79.44293698983638,79.72642376125508
2013-07-13 02:00:00,75.6614019801109,79.44293362539584,79.72642241646756
2013-07-13 03:00:00,75.66140178741402,79.44293264724737,79.7264215996808
2013-07-13 04:00:00,75.66141190065221,79.44293617329518,79.72642386850583
2013-07-13 05:00:00,67.23490182143249,70.865891540266,74.898965986993
2013-07-13 06:00:00,63.26789479175975,66.37906873026203,46.73550760482138
2013-07-13 07:00:00,63.267893236852345,64.19481275014175,45.52127721062831
2013-07-13 08:00:00,63.26789309766712,63.22394126267335,42.27032180371462
2013-07-13 09:00:00,63.26789300244531,56.293041479314525,40.32620598275359
2013-07-13 10:00:00,63.267892831997884,56.293040255094624,40.3262058051606
2013-07-13 11:00:00,63.267892608711755,56.29303976651934,40.326205694791916
2013-07-13 12:00:00,63.267892632668385,56.29303958892049,40.32620569237697
2013-07-13 13:00:00,63.26789278983829,56.293039702925654,40.32620581412009
2013-07-13 14:00:00,63.26789299313488,56.293040105518614,40.353479240961626
2013-07-13 15:00:00,63.26789320410073,56.293040937088364,43.10690742872653
2013-07-13 16:00:00,63.26789332885624,56.29304444773709,56.30765389431638
2013-07-13 17:00:00,63.26789354312001,64.1948145177124,66.12588989203593
2013-07-13 18:00:00,64.34655595107056,67.92592898416193,67.8375511989983
2013-07-13 19:00:00,64.34660471416503,67.92599635603516,67.83756266170303
2013-07-13 20:00:00,64.34660445879138,67.92599868395024,67.83755796468395
2013-07-13 21:00:00,64.34658538668967,67.92598527930238,67.83755715244902
2013-07-13 22:00:00,64.3466696056567,67.92606444411163,67.83757665724815
2013-07-13 23:00:00,64.34668689713237,67.92607996083275,67.83757814240569
2013-07-14 00:00:00,64.34668729467055,67.92608003997265,67.83757814037894
2013-07-14 01:00:00,64.34667835259148,67.92607971620521,66.24837302652686
2013-07-14 02:00:00,64.34658839298038,67.92607906424995,66.02046948463216
2013-07-14 03:00:00,63.26789635520002,67.66841542357903,65.97025863998034
2013-07-14 04:00:00,63.26789422364887,67.36633797582422,65.91111726286626
2013-07-14 05:00:00,63.267894044289775,65.27578554167813,64.8635166260875
2013-07-14 06:00:00,63.267893786654724,34.381992869106696,18.166475406318135
2013-07-14 07:00:00,63.26789380669259,34.381987305249666,17.225515733762737
2013-07-14 08:00:00,63.267893795198106,29.121640926992097,17.22314207242068
2013-07-14 09:00:00,63.26789375565098,29.121638886937127,17.22314126199698
2013-07-14 10:00:00,63.267893779584966,29.121638460620904,17.22314120216787
2013-07-14 11:00:00,63.267893717578644,29.121638255079933,17.22314108595197
2013-07-14 12:00:00,63.26789357151902,29.121638522179417,17.22314136256554
2013-07-14 13:00:00,63.26789371999911,29.121639207177033,17.22314166374842
2013-07-14 14:00:00,63.267893913024736,29.121641969332792,17.223166571241762
2013-07-14 15:00:00,63.267894013273114,36.491717320900285,17.296017150066405
2013-07-14 16:00:00,63.26789408887521,64.19481297644725,44.95203876953455
2013-07-14 17:00:00,63.26789437582969,64.19492570875494,59.59326856157174
2013-07-14 18:00:00,66.69809832278924,67.91486339749343,69.07156915029564
2013-07-14 19:00:00,68.62660018119355,67.92716668345687,69.78486457167666
2013-07-14 20:00:00,65.54528947571164,67.91499364276314,70.94205363514811
2013-07-14 21:00:00,65.55065583912263,67.9148646106586,71.35500074134553
2013-07-14 22:00:00,65.55078668632214,67.91486577195333,71.35783483837358
2013-07-14 23:00:00,65.545222278689,67.91486465881151,72.18481440386746
2013-07-15 00:00:00,65.54509593064354,67.91486424693264,72.18500148906828
2013-07-15 01:00:00,65.5450946092396,67.91486420236892,72.1850020926603
2013-07-15 02:00:00,65.54509277688197,67.91486423544697,72.18500180695467
2013-07-15 03:00:00,65.54509501753418,67.9148650038463,72.18500216198814
2013-07-15 04:00:00,65.54523150242916,67.91498831770593,72.18500273047773
2013-07-15 05:00:00,65.66836074003774,67.92716899461853,72.01459626328746
2013-07-15 06:00:00,63.267894464445575,63.40323528771356,41.24899290723035
2013-07-15 07:00:00,63.26789426706061,60.31629777696634,36.62615061088901
2013-07-15 08:00:00,63.267894151555076,52.62884895219064,35.93438618714639
2013-07-15 09:00:00,63.26789389016916,52.62884718840209,35.934385915607294
2013-07-15 10:00:00,63.2678937716478,52.62884665185172,35.93438574028499
2013-07-15 11:00:00,63.267893735384405,52.628845926067854,35.934385782064055
2013-07-15 12:00:00,63.267893803470436,52.62884617233021,35.93438576350376
2013-07-15 13:00:00,63.26789393907518,52.628847033667824,35.93438614946517
2013-07-15 14:00:00,63.267894125030026,52.62884852951612,35.93439238559918
2013-07-15 15:00:00,63.26789431321572,54.43025073902368,37.21685912527157
2013-07-15 16:00:00,63.26789452677667,64.19480609683983,59.34256991976978
2013-07-15 17:00:00,63.26789485529351,64.83400321269879,69.33968981922246
2013-07-15 18:00:00,66.53490547875974,67.92716985050754,73.88008076686585
2013-07-15 19:00:00,68.87477383104569,69.73794696220784,74.78722302645583
2013-07-15 20:00:00,69.34581123299864,69.70094559466742,74.73209818079523
2013-07-15 21:00:00,68.74302490867218,69.56208847476576,74.75166261737667
2013-07-15 22:00:00,68.30411905122548,69.66508660415437,74.790676680922
2013-07-15 23:00:00,68.1992544209809,69.56208206959329,74.87753435236955
2013-07-16 00:00:00,68.0262748055137,69.59386038660044,75.02542054317844
2013-07-16 01:00:00,68.06663521074786,69.70209843256043,75.03094061839302
2013-07-16 02:00:00,68.24274931947119,70.15474315945572,75.04145620114937
2013-07-16 03:00:00,68.19444541253122,70.30432714105825,75.01411218185528
2013-07-16 04:00:00,68.54815488465692,71.08622182007407,75.04468291071804
2013-07-16 05:00:00,68.72912880097783,72.79912911911464,75.06120084665022
2013-07-16 06:00:00,63.26789493413394,64.88424968946894,41.41933807257654
2013-07-16 07:00:00,63.267894770229674,63.22396547302512,39.63467519710794
2013-07-16 08:00:00,63.26789467303488,60.43901538145589,38.47014386003552
2013-07-16 09:00:00,63.26789462855528,60.439014293628276,38.47014346161913
2013-07-16 10:00:00,63.26789462795969,60.43901414007408,38.47014342501558
2013-07-16 11:00:00,63.267894648418604,60.43901406827814,38.47014315561903
2013-07-16 12:00:00,63.267894706463075,60.43901418410482,38.47014356537268
2013-07-16 13:00:00,63.26789477945404,60.43901475316676,38.47014740556345
2013-07-16 14:00:00,63.267894855541556,60.43902085113362,41.601782304494606
2013-07-16 15:00:00,63.26789495243492,64.03029743786406,55.54275673178108
2013-07-16 16:00:00,63.26789548063951,64.32780482861696,68.04351793605052
2013-07-16 17:00:00,65.37293479466143,67.6703412084541,73.59300493046874
2013-07-16 18:00:00,68.03011031251432,69.61334866430393,75.79859010963033
2013-07-16 19:00:00,68.24704124988915,70.31444210849402,75.94032469233699
2013-07-16 20:00:00,68.20873359325816,70.19040321412326,75.91530508585612
2013-07-16 21:00:00,68.20872509828298,70.19038580140035,75.20836129882059
2013-07-16 22:00:00,67.8593563749136,70.19040566270907,74.83126976234028
2013-07-16 23:00:00,68.23985907401546,70.29122633606012,75.20835374539598
2013-07-17 00:00:00,68.26199861419728,70.36289268486988,75.95009146218422
2013-07-17 01:00:00,68.35861852382526,70.67575422105159,76.0131875774534
2013-07-17 02:00:00,69.13450488836668,72.79913211935194,76.04787537370852
2013-07-17 03:00:00,70.55208619557587,73.00370917579916,76.0877521108706
2013-07-17 04:00:00,73.5074908894917,75.95692560074629,76.66339757174546
2013-07-17 05:00:00,72.23658910045783,75.95691545978224,76.66339295910494
2013-07-17 06:00:00,64.49201025642203,67.91487799442721,66.73039142329682
2013-07-17 07:00:00,63.267895442734506,64.19481599532502,61.798340226969394
2013-07-17 08:00:00,63.267895165618626,64.1948149596052,58.39640771374864
2013-07-17 09:00:00,63.26789513854107,64.19481169959737,58.39640731193711
2013-07-17 10:00:00,63.26789513163056,64.19481147225325,58.396407399079756
2013-07-17 11:00:00,63.26789511770892,64.19481114524247,58.3964074055503
2013-07-17 12:00:00,63.26789513065735,64.19481091899077,58.39640756099916
2013-07-17 13:00:00,63.2678951527591,64.19481147304846,58.396409315330175
2013-07-17 14:00:00,63.267895189528915,64.19481245540373,59.750851846874845
2013-07-17 15:00:00,63.26789523252987,64.19481392574004,63.85321616292104
2013-07-17 16:00:00,63.26789554735784,64.77712818022218,70.19684173997369
2013-07-17 17:00:00,64.78272919148803,66.20604578189489,73.95021989616998
2013-07-17 18:00:00,66.53452647917204,67.9268043332332,74.3929337159736
2013-07-17 19:00:00,66.9432570352521,68.3283048730604,74.47532605739873
2013-07-17 20:00:00,66.73219479126755,68.3220053617061,74.41481290983968
2013-07-17 21:00:00,66.02852622366213,67.93431656465788,74.24584366059139
2013-07-17 22:00:00,66.08324438335364,68.04476378961367,74.25179923166526
2013-07-17 23:00:00,66.41982831422906,68.32203076308214,74.32442403495334
2013-07-18 00:00:00,66.41998029641302,68.32203347766246,74.3244697799036
2013-07-18 01:00:00,66.41998107903555,68.32200489889813,74.32447468150377
2013-07-18 02:00:00,66.98139858391605,68.45175256186775,74.47533303967174
2013-07-18 03:00:00,66.98140889866612,68.45176444710008,75.01978202754465
2013-07-18 04:00:00,66.98702687308952,68.46995372034118,75.02345180880255
2013-07-18 05:00:00,67.27084308808195,69.39468427774139,75.20894597218349
2013-07-18 06:00:00,63.267895262361215,55.96996684297676,46.17151427337442
2013-07-18 07:00:00,63.26789515106572,55.96911178747335,45.056037770572445
2013-07-18 08:00:00,63.26789198441647,46.60790087387302,39.84161719343895
2013-07-18 09:00:00,58.80075237175185,46.60789976579554,39.841615411110546
2013-07-18 10:00:00,58.80075220478468,46.60789863395888,39.8416164259184
2013-07-18 11:00:00,58.80075214672287,46.60789684941936,39.841615618402166
2013-07-18 12:00:00,58.800752142756735,46.60789817606263,39.84161417581991
2013-07-18 13:00:00,58.80075219222483,46.60789916830517,39.71996226160295
2013-07-18 14:00:00,58.80075232080795,46.607900771719784,39.42267243495739
2013-07-18 15:00:00,58.800752527922704,47.12709768328533,42.02913190202934
2013-07-18 16:00:00,58.80075308663054,55.14356780255585,57.47966981299408
2013-07-18 17:00:00,63.26789506838601,64.19481559087184,67.60253935451284
2013-07-18 18:00:00,63.26789522869883,64.66127741155961,67.66173795493921
2013-07-18 19:00:00,63.26789517717367,64.66152668878543,67.66176294250069
2013-07-18 20:00:00,63.26789517153267,64.6614848625241,67.64965757070759
2013-07-18 21:00:00,63.26789523455327,64.66151958027041,67.66175949637646
2013-07-18 22:00:00,63.26789533023647,64.44890766428391,67.57434211168358
2013-07-18 23:00:00,63.2678953717976,64.44890783685216,67.57434211715562
2013-07-19 00:00:00,63.26789539733334,64.44890359902243,67.57434188479233
2013-07-19 01:00:00,63.267895424539006,64.44890799637852,67.57434189749894
2013-07-19 02:00:00,63.26789544037985,64.44890585951327,67.57433757724955
2013-07-19 03:00:00,63.26789544731076,64.44892150573389,67.15772510033653
2013-07-19 04:00:00,63.26789543823554,64.58887719421583,66.9198671963603
2013-07-19 05:00:00,63.26789547379079,64.38725894949293,64.61789526806722
2013-07-19 06:00:00,30.847271961862077,16.530896779300264,17.49590541388114
2013-07-19 07:00:00,25.78232878723582,16.53088747761791,16.802809917753308
2013-07-19 08:00:00,25.782327504759564,14.662246540030903,16.227578857471087
2013-07-19 09:00:00,25.782327252567825,14.662245424499122,13.327996906830757
2013-07-19 10:00:00,25.782327580098695,14.662241348727907,13.32706881454149
2013-07-19 11:00:00,25.78232767745975,10.976259891121845,16.167679232949332
2013-07-19 12:00:00,25.782327892644993,10.97625322753673,16.625321567841958
2013-07-19 13:00:00,25.782327955316802,14.662239098990089,16.76615022923798
2013-07-19 14:00:00,25.782327924148596,14.662246696497704,17.38859217242716
2013-07-19 15:00:00,25.782328243685857,15.799015439608738,21.85335384784665
2013-07-19 16:00:00,48.85315556621986,50.282827296289085,54.53359914121915
2013-07-19 17:00:00,57.507947146327176,59.012364328386795,64.67225314259817
2013-07-19 18:00:00,61.521180172793464,64.19315668132455,70.85404529669029
2013-07-19 19:00:00,61.52117989883698,64.19284534376501,71.08915784838028
2013-07-19 20:00:00,61.52124966516048,64.19284147531839,70.9545478288012
2013-07-19 21:00:00,61.65109210163879,64.19315705557737,71.61282437110467
2013-07-19 22:00:00,62.28281254392737,64.19481882655391,71.76560734228231
2013-07-19 23:00:00,62.87002657866934,65.38021086102854,71.82965449170669
2013-07-20 00:00:00,63.267895069526666,66.25627688184561,71.90710405737534
2013-07-20 01:00:00,63.26789548145356,66.2562600003384,71.90711501429224
2013-07-20 02:00:00,63.267895564459174,66.25627649846989,71.90712089781026
2013-07-20 03:00:00,63.26789558585697,66.2563443877322,71.90713254300363
2013-07-20 04:00:00,63.26789556823483,66.25635046373614,72.11287641736523
2013-07-20 05:00:00,63.267895534568424,66.2563485082274,72.11149002456274
2013-07-20 06:00:00,63.267893818154995,64.19481417222784,49.08391046364836
2013-07-20 07:00:00,61.52118748725284,61.552800723062276,47.33387823105367
2013-07-20 08:00:00,61.52117848111673,60.497638484269515,44.380701351255304
2013-07-20 09:00:00,61.521178467087786,56.079561301995696,43.013337148517316
2013-07-20 10:00:00,61.521179296700716,56.07955939381124,43.01333600881223
2013-07-20 11:00:00,61.52117913045453,56.0795585686124,43.013335586497746
2013-07-20 12:00:00,61.5211792697107,56.07955841112775,43.013335689392235
2013-07-20 13:00:00,61.521179545099336,56.07955845739414,43.013336017555645
2013-07-20 14:00:00,61.52117986253917,56.07955862115021,43.04436208594841
2013-07-20 15:00:00,61.52126044229005,56.07955889988929,48.70868238661582
2013-07-20 16:00:00,63.26788654680989,60.179159740943504,65.41635402681476
2013-07-20 17:00:00,63.26789560876804,64.59179903059213,71.87093008233452
2013-07-20 18:00:00,63.26789579347893,66.25631523977121,72.48938459778493
2013-07-20 19:00:00,63.26789580447784,66.25634490940843,72.48938743929914
2013-07-20 20:00:00,63.26789575769849,66.25633498986676,72.48938437084723
2013-07-20 21:00:00,63.267895741852804,66.25632748385121,72.48937908868515
2013-07-20 22:00:00,63.267895760327015,66.25633332339478,72.48937794711077
2013-07-20 23:00:00,63.26789583857827,66.25635936291573,72.48938670388931
2013-07-21 00:00:00,63.267895976300665,66.25636078657946,72.48938912468184
2013-07-21 01:00:00,63.26789627154858,66.2563616906903,72.48939055430561
2013-07-21 02:00:00,63.267896416744655,66.25635840621914,72.48939136280434
2013-07-21 03:00:00,63.26789612438503,66.25635105303773,72.48939164583298
2013-07-21 04:00:00,63.26789595483415,66.25635413717853,72.48939191966689
2013-07-21 05:00:00,63.267895940750726,66.25636493510473,72.48938990599815
2013-07-21 06:00:00,63.26789530494659,56.09943787300618,38.55761038945683
2013-07-21 07:00:00,61.52126279069219,56.09858017715965,38.18000881210237
2013-07-21 08:00:00,61.521182192878015,46.71277068186565,35.33850748572021
2013-07-21 09:00:00,61.52118183086661,46.71277010072809,35.338507077327215
2013-07-21 10:00:00,61.52118195212919,46.71276988067315,35.33850691704786
2013-07-21 11:00:00,61.52118202449886,46.71276980623543,35.338506931599184
2013-07-21 12:00:00,61.52118224247241,46.712769925425505,35.338507184261935
2013-07-21 13:00:00,61.52118300693748,46.71277033517096,35.33850778171421
2013-07-21 14:00:00,61.521251601639236,46.71277264029362,36.49892745665018
2013-07-21 15:00:00,63.26788622495646,56.01293940988599,50.445700844693036
2013-07-21 16:00:00,63.267895728714585,64.19481446130078,67.97042959747839
2013-07-21 17:00:00,63.267895955847095,64.99625150699354,72.21519195295171
2013-07-21 18:00:00,63.267896218446985,67.91486148958444,75.20626914684202
2013-07-21 19:00:00,63.26789601928722,67.91489160332704,75.11399078163154
2013-07-21 20:00:00,63.267895957083255,67.914865274082,75.11390271026795
2013-07-21 21:00:00,63.26789596823023,67.91486840244279,75.11367561982883
2013-07-21 22:00:00,63.26789608476286,67.92680274304274,74.90878949830815
2013-07-21 23:00:00,63.26789625996759,67.92680396657701,75.11823095893467
2013-07-22 00:00:00,63.267896300172225,68.31951245677232,75.24492702713162
2013-07-22 01:00:00,63.267897503131614,68.47820175993337,75.30822325792852
2013-07-22 02:00:00,65.6005138631981,68.55248146324178,75.35339240514182
2013-07-22 03:00:00,67.31879048088588,69.14016505020784,75.72082994620702
2013-07-22 04:00:00,67.31863713623706,69.13961909211673,75.7208321083067
2013-07-22 05:00:00,67.29605632067346,69.12034065650899,75.70744661408459
2013-07-22 06:00:00,63.267896199686405,66.828013077079,56.71944532016504
2013-07-22 07:00:00,63.26789601616903,63.223968842793255,53.81149933279215
2013-07-22 08:00:00,63.26789560611874,62.026147190570285,51.23590128269025
2013-07-22 09:00:00,63.26789395127284,62.026145297783586,51.235900736340156
2013-07-22 10:00:00,63.26789309045923,62.02614497839231,51.23590055292901
2013-07-22 11:00:00,63.26789314617468,62.02614496007523,51.23590052878652
2013-07-22 12:00:00,63.26789327078913,62.02614526169536,51.23590079112336
2013-07-22 13:00:00,63.26789356191313,62.026145969584306,51.23590142880904
2013-07-22 14:00:00,63.26789453056619,62.02615364011673,52.17408325978687
2013-07-22 15:00:00,63.26789591282731,64.06670634557271,64.93714866818162
2013-07-22 16:00:00,63.2678960712614,64.55428913795079,69.68971555165389
2013-07-22 17:00:00,63.267896439517024,65.49765781836541,72.53633601302984
2013-07-22 18:00:00,63.26789666500159,67.92680180557909,74.27299157753976
2013-07-22 19:00:00,63.26789656542661,67.91487422770489,73.94894667049124
2013-07-22 20:00:00,63.267896488732134,67.91486477760563,73.92885612765295
2013-07-22 21:00:00,63.26789645187521,67.91486418409839,73.92884674219057
2013-07-22 22:00:00,63.26789619941852,67.91486485056691,73.81157692390718
2013-07-22 23:00:00,63.26789624262716,67.91486460444416,73.83463675877574
2013-07-23 00:00:00,63.26789626851348,67.91486485262425,74.26290197224647
2013-07-23 01:00:00,63.26789629132091,67.91486769301744,74.2628933361428
2013-07-23 02:00:00,63.26789630264039,68.32827404978262,74.2627182237908
2013-07-23 03:00:00,63.267896369783365,69.63534975898911,74.33042579110885
2013-07-23 04:00:00,63.26789644151674,70.60905429344118,74.52011002625362
2013-07-23 05:00:00,63.267896378290544,70.81072840865865,74.11409611765562
2013-07-23 06:00:00,63.26789611432877,66.82798371922273,64.87538251205147
2013-07-23 07:00:00,63.26789593907223,64.19480978047979,59.10646200946794
2013-07-23 08:00:00,63.26788994862295,64.06670449323107,58.95599862801804
2013-07-23 09:00:00,63.2678893556232,64.06670353600849,58.955998381001464
2013-07-23 10:00:00,63.267888906248054,64.06670315813118,58.95599821317314
2013-07-23 11:00:00,63.26788922844026,64.0667033870895,58.95599843803698
2013-07-23 12:00:00,63.2678894797622,64.06670385450342,58.95599885101839
2013-07-23 13:00:00,63.26788980569133,64.06670484783666,58.956097009445934
2013-07-23 14:00:00,63.26789161927327,64.19481501441038,67.24424620073337
2013-07-23 15:00:00,63.26789353173562,64.88587332980427,68.97498832583979
2013-07-23 16:00:00,63.26789604687502,65.63120920106246,71.27989186896853
2013-07-23 17:00:00,63.26789626192914,67.3734381097886,72.89596699279069
2013-07-23 18:00:00,63.26789635035214,67.91486605481086,74.36101270414852
2013-07-23 19:00:00,63.267896388194984,68.27062261311559,73.38866961771913
2013-07-23 20:00:00,63.267896407239334,69.37809107126002,73.49756652818617
2013-07-23 21:00:00,63.26789645303217,68.2312671326695,73.43322744473308
2013-07-23 22:00:00,63.26789627070468,67.92680335737873,73.30550193375028
2013-07-23 23:00:00,63.26789628630117,67.91487136098272,73.39297805799792
2013-07-24 00:00:00,63.267896294989704,67.92680008105101,73.38306683951512
2013-07-24 01:00:00,63.267896338681474,67.92679689016678,73.40962929095072
2013-07-24 02:00:00,63.26789638901723,67.91485037376968,73.47838888022171
2013-07-24 03:00:00,63.26789643848018,67.91486196402217,73.61893173047355
2013-07-24 04:00:00,63.26789650321482,67.91489196624516,73.6482816907344
2013-07-24 05:00:00,63.267896470614915,67.92680528384369,73.41183820018088
2013-07-24 06:00:00,63.2678963599796,65.80092306788741,70.62895869817932
2013-07-24 07:00:00,63.26789637485482,65.06908804627014,69.67836943319527
2013-07-24 08:00:00,63.26789638263047,65.06908600161121,69.03870465965396
2013-07-24 09:00:00,63.26789634336682,65.06897818903522,69.0387044069471
2013-07-24 10:00:00,63.26789634023881,65.06895954882266,69.03870455402249
2013-07-24 11:00:00,63.267896357338124,65.06895865608215,69.03870965634954
2013-07-24 12:00:00,63.26789636959212,64.9642692226811,69.03871166096954
2013-07-24 13:00:00,63.267896349783435,65.06883713306615,69.82823566849316
2013-07-24 14:00:00,63.2678963803707,64.61765486071455,71.30144667982621
2013-07-24 15:00:00,63.26789647158476,65.06896359832693,72.65598490162313
2013-07-24 16:00:00,63.26789783609087,66.0094315212839,74.26893188208926
2013-07-24 17:00:00,65.60050817310183,67.90457290063405,75.7156568969088
2013-07-24 18:00:00,69.69476259807071,70.63257334210375,80.47257813687828
2013-07-24 19:00:00,81.12810627116095,82.26222079111564,89.39047704612099
2013-07-24 20:00:00,81.12810913623026,82.26222280032017,89.3904773529835
2013-07-24 21:00:00,81.12808880721495,82.26220251238644,88.51101201503805
2013-07-24 22:00:00,81.12811950807486,82.26222421360444,89.61633704813589
2013-07-24 23:00:00,81.12811724949,82.26222553820348,89.61637783106659
2013-07-25 00:00:00,81.12811818877333,82.26222601493141,89.62165963373893
2013-07-25 01:00:00,81.12811687313733,82.26222579759997,89.62168472247919
2013-07-25 02:00:00,81.12811886837122,82.26222586966463,89.62168613873783
2013-07-25 03:00:00,81.12811956823656,82.26222554791488,89.62168676590608
2013-07-25 04:00:00,81.12811993673189,82.26222587623901,89.62168749322548
2013-07-25 05:00:00,81.12811425470944,82.26222460984744,89.45613671508913
2013-07-25 06:00:00,64.3356691029967,67.91486482005425,72.11996562005909
2013-07-25 07:00:00,63.26789664512352,65.0751690872728,69.92343238210294
2013-07-25 08:00:00,63.26789648561134,64.75614192266877,69.81280249881854
2013-07-25 09:00:00,63.267896465140105,64.75614083385358,69.81280233648663
2013-07-25 10:00:00,63.267896479594896,64.75614083324953,69.81280237238327
2013-07-25 11:00:00,63.26789646816526,64.75614067563495,69.8128024698739
2013-07-25 12:00:00,63.267896495872584,64.75614049202164,69.81280284008422
2013-07-25 13:00:00,63.267896575338284,64.75614070801566,69.81281340822905
2013-07-25 14:00:00,63.2678966846029,64.75615096645558,70.876190257091
2013-07-25 15:00:00,63.267897518351035,65.07515886130241,71.49716233533732
2013-07-25 16:00:00,66.1413628559517,67.54063948898276,75.41800753552627
2013-07-25 17:00:00,70.54642156947192,71.8677215546359,81.30540935055083
2013-07-25 18:00:00,86.11157334890909,85.86598281201755,95.48224734968036
2013-07-25 19:00:00,86.11157396352317,85.8659842085135,95.4822479850516
2013-07-25 20:00:00,86.11157372130785,85.86598426956829,95.4822478876701
2013-07-25 21:00:00,86.11146855856177,85.8659832438397,95.48224729885746
2013-07-25 22:00:00,84.79673990830395,85.8659635543089,95.48223570378939
2013-07-25 23:00:00,79.92566376093909,85.86598052600166,95.22329816897403
2013-07-26 00:00:00,79.92565924027822,85.86598072296559,95.22329880874882
2013-07-26 01:00:00,81.85383932685689,85.86598169070656,95.48223674349057
2013-07-26 02:00:00,81.85396469181133,85.8659734376563,95.48224237081448
2013-07-26 03:00:00,79.8638641443954,84.0891064513907,95.48224119085049
2013-07-26 04:00:00,79.86385324181133,84.08894468171637,95.48222265015792
2013-07-26 05:00:00,75.13283753510731,82.27424398941598,91.50087569865119
2013-07-26 06:00:00,63.45027409387563,67.91486585552491,72.249526118523
2013-07-26 07:00:00,63.45027443287832,67.91486424069696,70.72651873639175
2013-07-26 08:00:00,63.45027460356831,67.91486408003114,69.54296432527947
2013-07-26 09:00:00,63.450274952257764,67.32989734205911,69.54296407550454
2013-07-26 10:00:00,63.4502748033973,67.32988384415928,69.54296393021977
2013-07-26 11:00:00,63.45027520364678,65.4892750405044,69.54296405414028
2013-07-26 12:00:00,63.450275327536104,65.48926416749178,69.54296323478273
2013-07-26 13:00:00,63.45027556785815,65.48926399653081,69.54296643868507
2013-07-26 14:00:00,63.45028954310614,65.4892791433983,70.75618963803224
2013-07-26 15:00:00,65.45949945316796,67.3298838244739,72.18566589612554
2013-07-26 16:00:00,67.48715238472904,68.86257563819896,76.66434956966175
2013-07-26 17:00:00,183.13226679294328,182.4618954123779,188.24405950349671
2013-07-26 18:00:00,225.10624888609968,223.69335078732053,228.23071839665897
2013-07-26 19:00:00,225.10626034708076,223.69336298405136,228.2307213057859
2013-07-26 20:00:00,225.106260760028,223.6933630695775,228.23072094354998
2013-07-26 21:00:00,225.1062613473949,223.69336286926037,228.2307197377049
2013-07-26 22:00:00,225.1062597711813,223.69336263350854,228.23072099915578
2013-07-26 23:00:00,225.1062583147024,223.6933626057098,228.23072101924964
2013-07-27 00:00:00,225.10625632504357,223.69336267541334,228.230721685356
2013-07-27 01:00:00,225.1062562327218,223.69336271557742,228.2307232019333
2013-07-27 02:00:00,225.10625577033477,223.69336239271846,228.23072362485755
2013-07-27 03:00:00,225.10625606493335,223.69336189956252,228.23072408353642
2013-07-27 04:00:00,225.1062565388439,223.6933618727792,228.23072427267036
2013-07-27 05:00:00,220.14275334357473,219.81516402714354,224.4027898527531
2013-07-27 06:00:00,67.5696297878145,71.20722813884471,58.14763890241347
2013-07-27 07:00:00,63.26789650420272,64.19481712618635,54.4226099134287
2013-07-27 08:00:00,63.26789642844284,64.19481498017551,53.28157373725554
2013-07-27 09:00:00,63.267896424606235,64.19437245427658,53.28160941473278
2013-07-27 10:00:00,63.267895629041035,62.137414967092454,53.1527993032155
2013-07-27 11:00:00,61.52125795765099,58.95008191394801,52.53151975872353
2013-07-27 12:00:00,58.80073544229222,58.950041844927824,52.53151187860049
2013-07-27 13:00:00,58.80073340486791,58.95004044797929,52.53151226262978
2013-07-27 14:00:00,58.800735488218045,58.950040287371195,52.729424691760094
2013-07-27 15:00:00,58.800757177209455,58.95008239180743,62.997917154341366
2013-07-27 16:00:00,63.26789581104764,64.19436841087222,69.35984963816439
2013-07-27 17:00:00,63.26789645720304,65.48645152717616,72.47302690030435
2013-07-27 18:00:00,63.267896891919555,67.91438836542811,72.66319985628463
2013-07-27 19:00:00,63.26789668933485,67.91438832342745,72.59372868075705
2013-07-27 20:00:00,63.26789650497554,65.64953962971175,72.39740271000703
2013-07-27 21:00:00,63.26789631123308,65.64938853836372,72.3973873948741
2013-07-27 22:00:00,63.267896387459,65.69182832072354,72.37159475099796
2013-07-27 23:00:00,63.26789581666051,65.62998353749296,72.38556554740924
2013-07-28 00:00:00,63.111297390265385,65.31623141081262,72.36870590454663
2013-07-28 01:00:00,61.652332510346895,64.25246246909794,72.3581862051414
2013-07-28 02:00:00,58.80073883902709,63.96228067056455,72.19662071436923
2013-07-28 03:00:00,58.80073302238152,60.80181882883814,70.33707108696339
2013-07-28 04:00:00,58.800725566112426,60.58784809550954,69.91446583315971
2013-07-28 05:00:00,54.483310318676054,59.527046275581526,68.4106365150588
2013-07-28 06:00:00,8.288622162043087,11.208051240110116,17.41639192879914
2013-07-28 07:00:00,6.84718202073765,9.541264614939939,16.69821484701502
2013-07-28 08:00:00,4.3259485097212,9.163188761251009,16.184761605634424
2013-07-28 09:00:00,4.337576082867355,8.648033731040782,15.801693728534168
2013-07-28 10:00:00,6.738054248729107,9.188152741790407,16.062624828582813
2013-07-28 11:00:00,5.280802841719884,7.818820362229669,14.491351143814246
2013-07-28 12:00:00,5.638250100117716,8.192564919615405,15.03207422637252
2013-07-28 13:00:00,6.8049254720857135,9.253835051444923,16.231027701514016
2013-07-28 14:00:00,8.347685806508704,10.533504408961118,17.324393151383696
2013-07-28 15:00:00,11.615610745972756,13.506822344246997,21.487021319066773
2013-07-28 16:00:00,38.17139873912901,31.70321942801226,55.96092024469506
2013-07-28 17:00:00,54.65953516556199,56.21397655585534,70.78193259133282
2013-07-28 18:00:00,62.99326504345215,64.44823622230504,72.61906659067823
2013-07-28 19:00:00,62.993320993652084,64.44824472385173,72.61912372890046
2013-07-28 20:00:00,62.99332204534583,64.44824543798345,72.61912572693575
2013-07-28 21:00:00,62.99332174631726,64.44824401118875,72.61912950837991
2013-07-28 22:00:00,62.99332098484593,64.44824304492582,72.61913472289984
2013-07-28 23:00:00,62.9933140871019,64.44823511508915,72.61913266468807
2013-07-29 00:00:00,62.99325929378351,64.44821843203869,72.6191203747969
2013-07-29 01:00:00,61.521258678162624,63.96264305046212,72.334263233683
2013-07-29 02:00:00,55.82766889969407,57.85515777271473,71.63179793986735
2013-07-29 03:00:00,54.99952070048439,57.46260266297888,71.36748611249904
2013-07-29 04:00:00,57.49118135614783,61.24461020688442,72.36132287310046
2013-07-29 05:00:00,57.718527230470144,63.648951158813205,72.43764146876329
2013-07-29 06:00:00,32.14380869625557,36.387166290441044,69.92251599306466
2013-07-29 07:00:00,26.83252295495459,25.71169708683698,67.40904438807742
2013-07-29 08:00:00,26.83252253825964,23.426687062053524,67.40904327432521
2013-07-29 09:00:00,26.8325224956394,23.426686682892893,67.40904316360057
2013-07-29 10:00:00,26.83252289842665,23.426686899869765,67.40904308590665
2013-07-29 11:00:00,26.83252276710299,23.407816505591978,67.4090432032684
2013-07-29 12:00:00,26.83252275999556,23.407817755806132,67.40904362464364
2013-07-29 13:00:00,26.832523014111175,23.407817658070304,67.42460867499985
2013-07-29 14:00:00,26.8325234120547,23.43272064748383,67.4394285456257
2013-07-29 15:00:00,26.832524060152554,23.42668862283451,68.29097732180584
2013-07-29 16:00:00,26.985457300150085,24.834247820254717,71.6250359508001
2013-07-29 17:00:00,48.08145895941491,45.50704341942381,71.57516838901095
2013-07-29 18:00:00,58.377060608309016,63.21664732871419,72.37051053573214
2013-07-29 19:00:00,58.37706062552434,63.27781542719579,72.36974979683367
2013-07-29 20:00:00,58.37705949774607,63.277815401255424,72.36973978709693
2013-07-29 21:00:00,58.20761861185257,63.27781541877741,72.13757420720039
2013-07-29 22:00:00,57.29962847062032,63.2778054493927,71.8586122943602
2013-07-29 23:00:00,57.16660130692002,63.11673138475999,71.78186758526606
2013-07-30 00:00:00,57.2056057757188,63.216005682884244,71.6260759087266
2013-07-30 01:00:00,57.23201922397829,62.8176228269796,71.19882801894468
2013-07-30 02:00:00,55.72179955350907,61.95104246077739,70.25726908277896
2013-07-30 03:00:00,54.79161328361372,61.2431724181063,69.96390020976482
2013-07-30 04:00:00,55.79965771743389,61.9510329255303,70.48316228492507
2013-07-30 05:00:00,55.77052404495954,62.0439074605257,70.16559552417948
2013-07-30 06:00:00,12.528247285946296,16.02457275010532,22.277280671330786
2013-07-30 07:00:00,11.064013497209467,15.986426759174512,20.652513612679552
2013-07-30 08:00:00,10.737219224220537,15.986411438216367,20.551895765249938
2013-07-30 09:00:00,10.687703310030702,15.98639953398509,20.531541732305367
2013-07-30 10:00:00,11.064022941846122,15.986412614386241,20.55189334591609
2013-07-30 11:00:00,11.064024068784722,15.986420554953352,20.55188862188784
2013-07-30 12:00:00,11.35272907727854,15.986416417214771,20.55188446041867
2013-07-30 13:00:00,11.397290696995107,15.98642137668795,20.466729645966755
2013-07-30 14:00:00,11.576248337246499,15.885633496308,20.57807026529315
2013-07-30 15:00:00,11.654965662852419,15.764305471529335,20.812173013883314
2013-07-30 16:00:00,26.568577508774112,30.920614302937903,36.360895734076024
2013-07-30 17:00:00,50.73432452946081,56.35999535251405,60.93985388519909
2013-07-30 18:00:00,61.652067899760276,64.19436520974858,70.58613118363067
2013-07-30 19:00:00,61.65222871472113,64.19436606641712,70.58613533396687
2013-07-30 20:00:00,61.65222920010608,64.19436597531896,70.58613614936259
2013-07-30 21:00:00,61.65222914199569,64.19436561452443,70.58613613147678
2013-07-30 22:00:00,61.65222130913348,64.19434889884585,70.5861316269582
2013-07-30 23:00:00,61.61251211219297,64.19427452276372,70.56494556384217
2013-07-31 00:00:00,61.65221873966504,64.19427440585318,70.50811618448557
2013-07-31 01:00:00,61.65221712221359,64.19427319537839,70.50811674024085
2013-07-31 02:00:00,61.65221762914847,64.19427345908666,70.50811553923161
2013-07-31 03:00:00,61.65221760440776,64.19427410387655,70.5081153324615
2013-07-31 04:00:00,61.652224607566076,64.19427917508479,70.50811719604513
2013-07-31 05:00:00,61.65221559197029,64.19428202768115,70.42924803127599
2013-07-31 06:00:00,38.137674341975426,39.38923502751014,44.12544824980396
2013-07-31 07:00:00,32.63521316209236,34.16478051273812,38.937558017034874
2013-07-31 08:00:00,32.635212595858505,33.916318822701335,38.67634246136122
2013-07-31 09:00:00,32.63521095699623,33.9163155559247,38.676372979308624
2013-07-31 10:00:00,32.635213253733625,34.16481255687125,38.67638335961469
2013-07-31 11:00:00,32.63521315596567,34.164811753327314,38.676343397979096
2013-07-31 12:00:00,32.63521346213816,33.91633007600767,38.676340756424544
2013-07-31 13:00:00,32.635213921189504,34.16481276631127,38.6763415225916
2013-07-31 14:00:00,32.72941427021467,34.211858940086316,38.676368459324415
2013-07-31 15:00:00,42.54018227026384,43.45780491413218,39.18637919196393
2013-07-31 16:00:00,61.6522192075791,58.28674388805938,62.126230962498035
2013-07-31 17:00:00,63.26789640360345,64.96004792881664,72.22533376504465
2013-07-31 18:00:00,65.40096797562411,67.91399004025722,73.58513282720993
2013-07-31 19:00:00,65.51007994144075,67.91438586187593,73.96288472099143
2013-07-31 20:00:00,65.5100802883568,67.91438552812399,74.31547288114986
2013-07-31 21:00:00,65.45899567146681,67.91436329499011,74.31548550244176
2013-07-31 22:00:00,63.26789667369864,67.91400931348034,74.31549487304643
2013-07-31 23:00:00,63.26789648061678,67.91399935871344,74.31549423308626
2013-08-01 00:00:00,63.267896406096064,67.9139742580233,74.31549447555568
2013-08-01 01:00:00,63.26789634184622,67.9139567121724,74.31548764753244
2013-08-01 02:00:00,63.26789624188039,67.15078151334323,74.31548862023998
2013-08-01 03:00:00,63.26789616102524,67.14358044399468,74.31548924079176
2013-08-01 04:00:00,63.26789621901562,67.14351286124241,74.31549802378889
2013-08-01 05:00:00,63.267896215462066,67.91381848108422,74.31547630290483
2013-08-01 06:00:00,17.110231971216688,18.61679203655401,35.233637633062344
2013-08-01 07:00:00,15.729380289593689,17.341106856382012,32.65937614191734
2013-08-01 08:00:00,14.655325360753988,16.349880638276986,32.38914083504945
2013-08-01 09:00:00,14.6553238770681,15.771384929773145,32.38914036183964
2013-08-01 10:00:00,14.655324945654158,15.771383626254726,32.38914047512536
2013-08-01 11:00:00,14.65532503455842,15.379009909008685,32.38914044295167
2013-08-01 12:00:00,14.655325170811523,13.234358565401468,32.389140512424376
2013-08-01 13:00:00,14.65532525843923,13.85371542182348,32.386854165957125
2013-08-01 14:00:00,14.65532670529543,15.771306129185207,32.47151023773989
2013-08-01 15:00:00,30.587273073916254,15.771384768727987,39.65372959642577
2013-08-01 16:00:00,61.52125805547065,16.169815177370303,66.26727245044313
2013-08-01 17:00:00,61.94125567787335,52.69805129693394,72.76085541545743
2013-08-01 18:00:00,61.941253602671665,62.89584735278025,72.86137134627356
2013-08-01 19:00:00,61.521256952407555,62.895846505646404,72.86136742283351
2013-08-01 20:00:00,57.49989952818548,60.39011680804087,72.80682837159449
2013-08-01 21:00:00,55.89380945461904,58.56237198323993,72.45707989955561
2013-08-01 22:00:00,53.92816511923544,59.6863966082943,71.07847842705301
2013-08-01 23:00:00,54.16619697300121,60.543806314751976,71.12134464079094
2013-08-02 00:00:00,54.25431178689791,60.553590950162985,71.40690996141966
2013-08-02 01:00:00,55.14472826338933,62.404712386773724,72.38100179964182
2013-08-02 02:00:00,55.01614814779398,62.89583794466202,72.38106238415365
2013-08-02 03:00:00,55.01616478435471,62.895842642052884,72.4570389044486
2013-08-02 04:00:00,55.83305477397817,62.89583676880831,72.64505938214194
2013-08-02 05:00:00,58.71953637645914,62.89582399707264,72.7696690178983
2013-08-02 06:00:00,11.382463682345204,15.605419134445755,19.7415633346824
2013-08-02 07:00:00,10.269354408749365,13.392539073151818,18.861347174920038
2013-08-02 08:00:00,10.265312653491542,12.769460433052599,18.321515841210278
2013-08-02 09:00:00,10.269354530653764,12.69735473514345,18.321508825922535
2013-08-02 10:00:00,10.269355235207886,12.697353989232472,18.244525645784805
2013-08-02 11:00:00,10.361196217804427,12.697353446373622,18.19160470342625
2013-08-02 12:00:00,11.16937676154064,12.035269875956743,18.0934240108119
2013-08-02 13:00:00,11.169382230140425,12.229131908125584,18.222055868850585
2013-08-02 14:00:00,11.337100948226073,12.490835018178476,18.475367330346465
2013-08-02 15:00:00,63.26788873956991,14.101760379018813,21.70418563947248
2013-08-02 16:00:00,63.26789594456766,31.41725441405435,60.35276494389004
2013-08-02 17:00:00,63.26789563639995,57.155447756751315,69.85086936610332
2013-08-02 18:00:00,63.26789538792844,61.73135983366552,70.08261466870975
2013-08-02 19:00:00,63.267894678325476,61.73135995582447,69.84135436991681
2013-08-02 20:00:00,63.26789163044242,61.730730034361315,69.52299605510144
2013-08-02 21:00:00,59.65107581878252,60.3552936184591,65.66240884210654
2013-08-02 22:00:00,60.233347436671544,60.01535914204236,63.95387849042738
2013-08-02 23:00:00,60.18917279525597,60.2719886245977,63.95383794015539
2013-08-03 00:00:00,60.87419168968258,58.247603091069635,64.48686486174259
2013-08-03 01:00:00,59.40414920498367,58.247599787151685,65.18015560698048
2013-08-03 02:00:00,52.22962477422736,53.790957415527686,62.388164507337294
2013-08-03 03:00:00,52.04303150581127,53.69147070964783,62.09020922648452
2013-08-03 04:00:00,49.582466109617656,51.274628500293474,59.88703328636034
2013-08-03 05:00:00,49.5810256849847,51.27463234475074,59.342043937275896
2013-08-03 06:00:00,4.379793027744443,6.879736793120201,13.369631454809333
2013-08-03 07:00:00,4.334871496790781,6.833451389854754,13.343130892204037
2013-08-03 08:00:00,4.325904673148672,6.82895279423201,13.338672427721638
2013-08-03 09:00:00,4.325904231830932,6.828905113814503,13.338656975682309
2013-08-03 10:00:00,4.325904661994019,6.82895401468103,13.341181121246219
2013-08-03 11:00:00,4.325904103602311,6.828955382285606,13.341047389570358
2013-08-03 12:00:00,4.32590410268493,6.825992805644343,13.343602050283158
2013-08-03 13:00:00,4.3259040738245265,6.828949905667481,13.341004377200141
2013-08-03 14:00:00,4.325904154734338,6.8297772543312405,13.342390401788329
2013-08-03 15:00:00,4.32590440417216,6.837987795085681,14.717811269649797
2013-08-03 16:00:00,8.881087495694985,13.430636707124961,20.423676049806666
2013-08-03 17:00:00,42.31959125469647,46.545899604682674,57.800510314150436
2013-08-03 18:00:00,62.007932655424504,65.37901290990312,72.33948497764344
2013-08-03 19:00:00,63.267895612222716,65.37901483703669,72.55547973566037
2013-08-03 20:00:00,63.267896253719584,65.3790165165511,72.55548238198655
2013-08-03 21:00:00,63.267896300765486,65.37901609372751,72.55548285821871
2013-08-03 22:00:00,63.26789627780055,65.37901386523095,72.55548344237769
2013-08-03 23:00:00,63.26789616584413,65.37901328718189,72.55548382255073
2013-08-04 00:00:00,63.26789610320309,65.37901319535158,72.55548406974526
2013-08-04 01:00:00,63.26789616549705,65.37901442095279,72.55548447384929
2013-08-04 02:00:00,63.26789619789014,65.37901579016696,72.55548475117563
2013-08-04 03:00:00,63.267896303173366,65.37901676994863,72.55548480776118
2013-08-04 04:00:00,63.267896375413,65.37901678858174,72.55548463071162
2013-08-04 05:00:00,63.26789643388744,65.37901793536928,72.54014301706395
2013-08-04 06:00:00,23.167631082138737,25.586400995786754,41.79402248512793
2013-08-04 07:00:00,19.636611220862935,21.14527856968825,37.54419338204236
2013-08-04 08:00:00,19.56181652863709,21.083125884866675,35.57802107794443
2013-08-04 09:00:00,19.561816022768063,21.083125439028088,35.57802078013573
2013-08-04 10:00:00,19.56181663678062,21.08312575430304,35.57802111275683
2013-08-04 11:00:00,19.561816606350124,21.083125526112312,35.59039317939982
2013-08-04 12:00:00,19.56181668856941,21.083125663274608,35.6358107229194
2013-08-04 13:00:00,19.56181721124317,21.083125956752525,35.63583362921724
2013-08-04 14:00:00,19.56182810469111,21.083127330395136,35.728573264506466
2013-08-04 15:00:00,28.51119694717434,22.005811477750967,40.454890439042025
2013-08-04 16:00:00,61.52124885800949,55.892635252893854,68.95422217701018
2013-08-04 17:00:00,63.267896461725805,64.71795911671924,73.46797832986522
2013-08-04 18:00:00,63.26789658730996,67.69341083484328,75.16827218548973
2013-08-04 19:00:00,63.26789656611912,67.69341907187084,75.16827183294052
2013-08-04 20:00:00,63.26789652009202,67.6934193529494,75.16827085145636
2013-08-04 21:00:00,63.267896492099275,67.69341900848586,75.16826622422131
2013-08-04 22:00:00,63.26789644967035,67.69341855763523,75.16827041475328
2013-08-04 23:00:00,63.267896423696214,67.69341877268934,75.16825299037272
2013-08-05 00:00:00,63.26789642843453,67.6934174104334,75.15496255875344
2013-08-05 01:00:00,63.2678964328152,67.69341514739253,74.1652567184142
2013-08-05 02:00:00,63.2678964504177,67.69340231855013,74.1382636315558
2013-08-05 03:00:00,63.26789645546512,67.69339909846768,74.13826038235311
2013-08-05 04:00:00,63.26789647325311,67.69337630340907,74.13826311113304
2013-08-05 05:00:00,63.267896558138126,67.69338272996104,74.25066526059886
2013-08-05 06:00:00,50.696622919203726,24.68947966645775,33.94611844466702
2013-08-05 07:00:00,50.69661898296611,22.423981387441785,32.06885079591248
2013-08-05 08:00:00,41.86030245815853,20.526820974405783,30.353573644925632
2013-08-05 09:00:00,41.8603018814735,20.52681999553468,29.453870769509635
2013-08-05 10:00:00,41.86030189477159,20.526819896502918,29.453869924946474
2013-08-05 11:00:00,41.86030179797954,16.55174831888317,29.436091565340547
2013-08-05 12:00:00,41.86030174710554,16.551857713266955,29.444302451058853
2013-08-05 13:00:00,41.86030171194963,20.526819722566984,29.453871141228447
2013-08-05 14:00:00,41.86030165470415,20.52684720202535,29.541438013368385
2013-08-05 15:00:00,41.86030189347851,22.976997038489483,39.32597209756096
2013-08-05 16:00:00,55.0313921434815,58.44436792549175,62.76151033399609
2013-08-05 17:00:00,63.26789182723881,64.88422335847304,70.23714542519502
2013-08-05 18:00:00,63.267896161065984,64.88423602264282,70.2367342654551
2013-08-05 19:00:00,63.26789641942029,64.88422395656946,69.29582030021261
2013-08-05 20:00:00,63.26789641050065,64.54644063587156,67.23505334375324
2013-08-05 21:00:00,63.26789643261283,64.47203828164362,65.7745923543751
2013-08-05 22:00:00,63.26789545989175,64.01604225785383,65.55852115464184
2013-08-05 23:00:00,60.101511543981175,62.59380205173851,65.5769426316249
2013-08-06 00:00:00,60.00311219967928,62.54396115140413,65.55320959471295
2013-08-06 01:00:00,54.24129615061469,62.59381963197875,66.57992337727117
2013-08-06 02:00:00,52.04303509835073,62.543967305810625,66.62314548502225
2013-08-06 03:00:00,52.043034492783136,64.12005746547717,66.39068951622178
2013-08-06 04:00:00,52.20584806739099,66.29159089957619,67.31842625857401
2013-08-06 05:00:00,52.043036625529716,67.07494430946852,66.15450668421319
2013-08-06 06:00:00,9.068122075464974,64.19436957694585,18.214517336835478
2013-08-06 07:00:00,8.573062000030017,58.44438365778049,17.874736465257385
2013-08-06 08:00:00,8.007340225466669,58.444379909934725,16.907410032756022
2013-08-06 09:00:00,6.57476835973635,58.444378211913886,15.485664806567858
2013-08-06 10:00:00,13.27606669536463,58.44434939057081,17.43776936281904
2013-08-06 11:00:00,24.599186189888538,58.44437884381709,17.486069416001584
2013-08-06 12:00:00,26.816490563771925,58.444382489591135,17.635107256683888
2013-08-06 13:00:00,63.26789031396846,61.72753848149391,18.014809821237748
2013-08-06 14:00:00,63.26789629012579,64.19435478498332,31.554466435087484
2013-08-06 15:00:00,63.26789643831124,64.1943696757075,61.17826500529976
2013-08-06 16:00:00,63.26789659305238,66.03171364634355,70.69186085457551
2013-08-06 17:00:00,65.12550898558202,66.8280318159558,73.38927168140634
2013-08-06 18:00:00,76.362558659853,80.15658709473527,80.47553594558889
2013-08-06 19:00:00,77.1257440550986,80.93221725862087,81.19142185714455
2013-08-06 20:00:00,77.12455521699712,80.93221870333241,81.19618371176375
2013-08-06 21:00:00,77.12454336268368,80.93221381717727,81.35048957241861
2013-08-06 22:00:00,76.98132794766134,80.78643954466615,81.2947551394738
2013-08-06 23:00:00,76.9793487286449,80.78441389407234,81.29334777799639
2013-08-07 00:00:00,76.35091080903055,79.5083481801987,80.92481422943516
2013-08-07 01:00:00,76.9793517291301,80.78443040628754,81.3216622242665
2013-08-07 02:00:00,76.97932577222626,80.78440394427307,81.31794813771259
2013-08-07 03:00:00,76.81895438228769,80.62116738070144,81.31328229103511
2013-08-07 04:00:00,74.53385858639943,76.42406598541007,80.99967565045758
2013-08-07 05:00:00,72.56824909333737,75.12178457100867,79.54770304239042
2013-08-07 06:00:00,63.26789701220068,66.82802316582858,74.07939193147959
2013-08-07 07:00:00,63.26789660693741,66.82802145263675,73.61951485907777
2013-08-07 08:00:00,63.26789654863283,66.82801816936917,72.43754274624388
2013-08-07 09:00:00,63.267896524362236,66.82802018045619,70.01904487846718
2013-08-07 10:00:00,63.2678965519159,66.82802175927371,70.0190446136412
2013-08-07 11:00:00,63.26789652470656,66.8280214271186,70.0190443853237
2013-08-07 12:00:00,63.26789651340521,66.82802002478645,70.01904453832272
2013-08-07 13:00:00,63.26789649995151,66.82801851697164,70.01904522449088
2013-08-07 14:00:00,63.26789614618234,66.82801835214262,70.79250393822326
2013-08-07 15:00:00,63.26789556746857,66.8280183020533,71.14876748551963
2013-08-07 16:00:00,63.267895851103454,66.828023164523,72.38610649427793
2013-08-07 17:00:00,63.26789582204041,66.82802708460383,73.84407742716724
2013-08-07 18:00:00,63.26789632092461,68.32973431484993,74.03882549876532
2013-08-07 19:00:00,63.26789653337537,67.9929653134615,73.97318652441659
2013-08-07 20:00:00,63.26789655020054,67.97613758914045,73.96350852750918
2013-08-07 21:00:00,63.26789658989921,68.5358002705343,73.63340030945085
2013-08-07 22:00:00,63.2678965745595,74.23016329534067,73.45337499051321
2013-08-07 23:00:00,63.267896568069375,74.23016241735901,73.45341024225871
2013-08-08 00:00:00,63.26789661724903,74.23016156239372,73.50078608230143
2013-08-08 01:00:00,63.267896634671246,69.50411344379127,73.60811114019103
2013-08-08 02:00:00,63.26789661064929,68.53031145156112,73.31057010214577
2013-08-08 03:00:00,63.26789660263926,69.06036060746874,73.66655685916167
2013-08-08 04:00:00,63.26789664702151,68.45461083580082,73.72196589859824
2013-08-08 05:00:00,63.267896752950826,74.23015903982069,73.35926398524742
2013-08-08 06:00:00,63.2678966785921,66.0749911013559,73.17610267069358
2013-08-08 07:00:00,63.26789630423206,64.42656714768603,69.71805898424016
2013-08-08 08:00:00,63.26789166629699,64.19437174912402,69.36055338949863
2013-08-08 09:00:00,63.2678915881149,64.19437146373623,69.28224882897786
2013-08-08 10:00:00,63.2678917045595,64.19437146010522,69.28224802977267
2013-08-08 11:00:00,63.267891701578534,64.19437108228419,69.2822477498242
2013-08-08 12:00:00,63.26789183704406,64.19437092958539,69.28224768843563
2013-08-08 13:00:00,63.26789221851042,64.1943713124775,69.28224788292653
2013-08-08 14:00:00,63.26789601353197,64.1943714726257,69.42032885870886
2013-08-08 15:00:00,63.26789651915569,64.1943718971649,69.47817081032336
2013-08-08 16:00:00,63.26789662428478,64.55937337881183,70.65837493313332
2013-08-08 17:00:00,65.45900123599723,67.45773448990671,73.43552098278032
2013-08-08 18:00:00,66.31247742749301,67.91439269770791,74.03481069362344
2013-08-08 19:00:00,66.5218962244084,67.91439564671894,74.20852482780332
2013-08-08 20:00:00,66.52190563528022,67.9144046050225,74.18846622577314
2013-08-08 21:00:00,66.52189778766459,67.91439738034073,74.1883676998536
2013-08-08 22:00:00,66.52189312920066,67.91439325764706,74.32677559269756
2013-08-08 23:00:00,66.02961603849374,67.914391271873,74.06465484613854
2013-08-09 00:00:00,65.45905484092546,67.91439084849732,74.1273041172512
2013-08-09 01:00:00,63.26789719461429,67.91439112537067,74.3267878641398
2013-08-09 02:00:00,63.267896718113086,67.91439121312632,74.69091231486432
2013-08-09 03:00:00,63.26789663869442,67.91439131984305,74.8176360836431
2013-08-09 04:00:00,63.26789659213854,67.91439174036256,75.1479142311298
2013-08-09 05:00:00,63.26789659415611,67.91439187553,75.23904288809602
2013-08-09 06:00:00,62.66244962708947,64.19437087795143,72.38250199924892
2013-08-09 07:00:00,54.38758529532608,55.99474375931426,66.15626120938742
2013-08-09 08:00:00,51.55262205045304,50.918687039674126,65.53917946602895
2013-08-09 09:00:00,51.552621362824055,50.918590329889724,65.53917800477602
2013-08-09 10:00:00,51.55262111044854,50.91852179641538,65.53917844062461
2013-08-09 11:00:00,51.551992134970185,50.916482278173575,65.53917855076884
2013-08-09 12:00:00,51.55262173867554,50.91858700848623,65.53904300634484
2013-08-09 13:00:00,51.55265325825859,50.918622702936474,65.53917890764536
2013-08-09 14:00:00,55.151535430548094,52.53310464788693,65.71253258006406
2013-08-09 15:00:00,57.58364970564154,52.533113311043266,67.45675451796662
2013-08-09 16:00:00,63.26789559304562,56.282880148437116,71.63745190370992
2013-08-09 17:00:00,63.267896688817274,67.91429039748732,75.98304793440361
2013-08-09 18:00:00,64.347878910335,67.91437010948444,76.08899341745408
2013-08-09 19:00:00,65.60045744044253,67.9143918978515,76.18595529060498
2013-08-09 20:00:00,65.60050439007654,67.91439221696159,76.18595462018682
2013-08-09 21:00:00,65.60050104886258,67.91439209162964,76.18595207987325
2013-08-09 22:00:00,63.267896798888515,67.91437751097341,76.07831950105086
2013-08-09 23:00:00,63.267896616598165,67.91435593815127,75.72002179134242
2013-08-10 00:00:00,63.26789656532537,67.91427589855014,75.54570592125677
2013-08-10 01:00:00,63.26789653551782,67.9142871905563,75.54432379002803
2013-08-10 02:00:00,63.267896548084124,67.91429319199904,75.54321960514426
2013-08-10 03:00:00,63.26789657634028,67.91437351000592,75.54327418871449
2013-08-10 04:00:00,63.26789658662584,67.91437979318786,75.54370952089096
2013-08-10 05:00:00,63.26789660551084,67.91437084680238,74.84052382312574
2013-08-10 06:00:00,33.487985272664574,60.900260923294766,48.210434120246525
2013-08-10 07:00:00,33.48798410505659,50.601843577706035,45.97472479353632
2013-08-10 08:00:00,31.742641823262094,50.60184155911773,42.33958082893109
2013-08-10 09:00:00,26.507583391365895,50.601840195184465,41.731344623393476
2013-08-10 10:00:00,26.5075830912818,50.60184143336859,41.30048219462506
2013-08-10 11:00:00,26.507547237591183,50.60184171314083,41.30467074631963
2013-08-10 12:00:00,24.294963048490864,50.60184245707602,41.30466767385369
2013-08-10 13:00:00,21.945129731804002,50.601842488148606,41.30466399332794
2013-08-10 14:00:00,19.525840598671145,50.60184290184736,40.36113121117309
2013-08-10 15:00:00,24.541825317816407,50.60184299278218,42.782297763676986
2013-08-10 16:00:00,27.147214664541526,50.60185496402093,49.5058003302967
2013-08-10 17:00:00,52.89959225110442,63.773594578212595,69.4841604060645
2013-08-10 18:00:00,63.267857830014385,66.82797958683037,72.32766033303638
2013-08-10 19:00:00,63.267896431870824,66.82801864901606,72.32768503354215
2013-08-10 20:00:00,63.267896630249616,66.82802113138659,72.32768750260723
2013-08-10 21:00:00,63.26789671636377,66.8280216064209,72.32767913867488
2013-08-10 22:00:00,63.26789653149916,66.82801938772745,72.30632386933864
2013-08-10 23:00:00,63.267896432166744,66.82801990641981,72.19792250555709
2013-08-11 00:00:00,63.26789622465398,66.82802110196211,72.1954491553333
2013-08-11 01:00:00,63.26789642045679,66.82802147473085,72.19778826569453
2013-08-11 02:00:00,63.26789641280574,66.82802137374487,72.1947385075495
2013-08-11 03:00:00,63.26789638614099,66.82802086977787,72.19473532510627
2013-08-11 04:00:00,63.26789640630835,66.8280196285062,72.19473384832632
2013-08-11 05:00:00,63.26789647029922,66.82801559455872,72.03509484133174
2013-08-11 06:00:00,10.275565914640698,14.172923324263653,18.19619883152912
2013-08-11 07:00:00,9.428937988178102,11.560572657589582,17.62231394347479
2013-08-11 08:00:00,9.083608983970459,11.23623011648531,17.156559038085305
2013-08-11 09:00:00,7.728053556872142,10.295936094471383,16.511223144576828
2013-08-11 10:00:00,7.722867470303655,10.290665098675435,16.510852677078184
2013-08-11 11:00:00,7.499643616573462,10.11628371683653,16.41534008329679
2013-08-11 12:00:00,5.206291359291592,7.724659090918017,14.302100844317327
2013-08-11 13:00:00,4.33586328786023,6.841780075483482,13.35055442639262
2013-08-11 14:00:00,5.179774525389103,7.723429750747324,14.3092095566479
2013-08-11 15:00:00,7.773320368583498,10.271238088975846,16.78004600711962
2013-08-11 16:00:00,10.569057962433916,14.230820239340934,20.5852515251845
2013-08-11 17:00:00,39.82953655166698,43.94228175041377,53.16783104216782
2013-08-11 18:00:00,58.31797354565879,62.469846613675884,67.43471457843982
2013-08-11 19:00:00,58.317976095726074,62.46990256123112,67.4347264804751
2013-08-11 20:00:00,58.317975894884306,63.25268161641657,67.43472838693175
2013-08-11 21:00:00,58.277003728317716,63.676932412647645,67.43472560650252
2013-08-11 22:00:00,54.483333105118795,62.46991394783899,67.43358864949528
2013-08-11 23:00:00,58.27679296964682,63.253758185130295,67.43468775757103
2013-08-12 00:00:00,58.276827322175,63.676942286369126,67.43469241675938
2013-08-12 01:00:00,58.27690050967429,63.67694787382993,67.43470037841243
2013-08-12 02:00:00,58.27693177691073,63.676946337061636,67.43471085502874
2013-08-12 03:00:00,58.27698931339634,63.676947198576414,67.43472542589569
2013-08-12 04:00:00,58.276995501413204,63.676948245693836,67.43472726916096
2013-08-12 05:00:00,58.27699450190161,63.67694855691175,67.43472432918209
2013-08-12 06:00:00,12.271626646752967,17.40864890643644,20.44530979923818
2013-08-12 07:00:00,10.73605675116293,15.373230422186438,19.205980258766022
2013-08-12 08:00:00,10.736055780116919,14.683969051413353,19.036483443050354
2013-08-12 09:00:00,10.736055271040255,14.18979620309184,18.949542372580346
2013-08-12 10:00:00,10.736055784000005,14.189796002202078,19.019465994223395
2013-08-12 11:00:00,10.736055590001076,14.1897946505487,19.01946538951143
2013-08-12 12:00:00,10.736055077594482,14.130580763108178,19.04661688822223
2013-08-12 13:00:00,10.671969470641269,13.922987723732042,19.08274406690546
2013-08-12 14:00:00,10.562521580090525,13.466017701445573,19.31209838191432
2013-08-12 15:00:00,11.200467038457752,14.189796801060428,20.809680584559736
2013-08-12 16:00:00,26.798674374986398,28.93889834848259,39.41199748848917
2013-08-12 17:00:00,51.09402566441374,53.55995917267421,64.83119414880183
2013-08-12 18:00:00,62.03621658467883,63.53260012083024,71.91491974590686
2013-08-12 19:00:00,62.03621781755273,63.53260094033932,71.91492049931436
2013-08-12 20:00:00,62.03621786450866,63.53259967982096,71.91492075048662
2013-08-12 21:00:00,62.03621721663285,63.5325984989134,71.91492050368643
2013-08-12 22:00:00,62.03621588716393,63.53259529462839,71.9149194775634
2013-08-12 23:00:00,58.78976253769631,63.49739172370309,71.91491594672564
2013-08-13 00:00:00,57.64664392737344,62.62759589375386,71.54763954950376
2013-08-13 01:00:00,57.337784796112274,63.53253174807247,71.13157873884592
2013-08-13 02:00:00,54.4834555842814,63.07917452682372,69.64094087058623
2013-08-13 03:00:00,53.7365225907444,63.03915736914965,69.61313894476419
2013-08-13 04:00:00,56.292624703127956,63.50682363219772,69.93814751786535
2013-08-13 05:00:00,58.61831755493077,63.532603293612965,69.5696959813907
2013-08-13 06:00:00,9.136193760951208,35.46971957951426,19.365541242796336
2013-08-13 07:00:00,9.136192206013117,30.00270114460638,18.555549947930263
2013-08-13 08:00:00,9.136189438646717,30.002699439277563,18.06738947091089
2013-08-13 09:00:00,6.282821094792511,30.002698247737765,18.070575548960008
2013-08-13 10:00:00,4.3358657850627695,30.002699402588867,17.043654663723554
2013-08-13 11:00:00,4.3259044309746715,30.002698720817325,17.715234923423186
2013-08-13 12:00:00,4.325904283292198,30.002697903538227,16.9574567538217
2013-08-13 13:00:00,4.325904825366851,30.00269840532887,17.18529618722019
2013-08-13 14:00:00,4.335868293446178,30.00270037288514,18.01057779933207
2013-08-13 15:00:00,7.7036416726151735,30.00271375227483,18.60004341812484
2013-08-13 16:00:00,13.276066642837492,64.19435374559107,35.151328891855584
2013-08-13 17:00:00,38.37690756536711,64.1943756695075,52.64919143776489
2013-08-13 18:00:00,58.14317352610993,64.19437634957883,59.85564723188677
2013-08-13 19:00:00,60.99236425765518,64.19437639236162,61.78609513736242
2013-08-13 20:00:00,62.49265190276237,64.19437715036703,61.73130930684359
2013-08-13 21:00:00,63.144324432897626,64.58759233129712,61.69931436376766
2013-08-13 22:00:00,58.87933674044596,64.19437648204757,61.76459839615206
2013-08-13 23:00:00,58.87933813289404,64.19437660867166,59.85369612054974
2013-08-14 00:00:00,58.87934108010434,64.19437664440812,59.853677661803914
2013-08-14 01:00:00,61.65232538070171,64.19437674784506,59.84813622702169
2013-08-14 02:00:00,63.13774345978793,64.4892708069135,59.86157705152965
2013-08-14 03:00:00,63.267896479969124,64.89764020333914,61.727612628244835
2013-08-14 04:00:00,63.2678966534338,64.89763450383236,61.74992288779444
2013-08-14 05:00:00,63.26789671145811,64.89763178856188,61.73883905980546
2013-08-14 06:00:00,63.267896689056435,64.1943772614173,30.933582567143937
2013-08-14 07:00:00,63.2678966122857,63.38424651470879,29.08433245978131
2013-08-14 08:00:00,63.267896410451876,63.38417919476393,29.081849815881796
2013-08-14 09:00:00,63.2678962062601,63.38417927392091,29.08135928130269
2013-08-14 10:00:00,63.26789663285626,63.384178509693555,29.08433287428761
2013-08-14 11:00:00,63.26789642739188,63.38417790855313,29.084333486144466
2013-08-14 12:00:00,63.267896401732784,63.38417809445576,29.084638495593573
2013-08-14 13:00:00,63.26789590222585,63.38423831557209,29.085768143570853
2013-08-14 14:00:00,63.26789618618648,63.84865244514509,31.320860180004892
2013-08-14 15:00:00,63.26789646161158,64.19434273307205,33.8814613012969
2013-08-14 16:00:00,63.26789682763365,64.19435360511545,60.59023330674807
2013-08-14 17:00:00,63.2679097788424,65.58370316291486,70.69101284152721
2013-08-14 18:00:00,65.78298994748471,67.91439764921513,73.76420988757152
2013-08-14 19:00:00,65.782990086092,67.91439783595226,73.82147953431254
2013-08-14 20:00:00,65.7829889099429,67.91439786019764,74.00619984018859
2013-08-14 21:00:00,65.52199202393052,67.91439790429764,74.12601300259234
2013-08-14 22:00:00,63.267903753033856,67.91439750643931,73.90422097249451
2013-08-14 23:00:00,63.267897145577635,67.91439743560079,73.90422274887868
2013-08-15 00:00:00,63.26789703458578,67.91438104575622,73.90421944199247
2013-08-15 01:00:00,63.26789699319087,67.91436329910144,73.90421667336075
2013-08-15 02:00:00,63.26789695680422,67.91436129062302,73.90422123646142
2013-08-15 03:00:00,63.2678969016592,67.91436027336988,73.90422279082371
2013-08-15 04:00:00,63.26789685870566,67.91435355702568,73.9042238432494
2013-08-15 05:00:00,63.267896836437124,67.89729637091622,73.82272628973132
2013-08-15 06:00:00,14.55010041766381,17.25831156828076,23.744946650040422
2013-08-15 07:00:00,12.588137637411723,15.270063009629984,22.046306752222385
2013-08-15 08:00:00,12.581618815886568,15.23037436627319,21.635809993787774
2013-08-15 09:00:00,12.58161859110103,15.230373440634498,21.63580898316492
2013-08-15 10:00:00,12.58161894663482,15.230373146707992,21.63580917616945
2013-08-15 11:00:00,12.581617857699698,15.230369409659174,21.63535508653781
2013-08-15 12:00:00,12.581612115664822,15.230370153258011,21.63580587304866
2013-08-15 13:00:00,12.581604749561876,15.230371990263665,21.63580961736735
2013-08-15 14:00:00,12.57586888026448,15.230374794384833,21.636898121255292
2013-08-15 15:00:00,13.046673738870588,15.678016261880883,23.517108972334015
2013-08-15 16:00:00,42.8764570838679,46.48179005370115,60.08271091635088
2013-08-15 17:00:00,52.986034947142144,55.240966679017134,70.65922322807725
2013-08-15 18:00:00,54.550362529104795,60.267420334978524,70.99764607603016
2013-08-15 19:00:00,54.55036252176626,60.26742082053097,70.99764602394288
2013-08-15 20:00:00,54.550361246941286,60.26742074218406,70.58232470628238
2013-08-15 21:00:00,54.55032763826644,60.26742045298096,70.35579617604675
2013-08-15 22:00:00,53.74332124299562,59.24342984195614,69.83768001911156
2013-08-15 23:00:00,49.814047121822355,57.60140901969177,68.08690555491019
2013-08-16 00:00:00,52.06206614098344,57.59884972699987,68.08405761285181
2013-08-16 01:00:00,49.81403811058361,57.69332591081245,68.17956478995724
2013-08-16 02:00:00,52.22996598930334,59.26266734292582,69.94666393269708
2013-08-16 03:00:00,53.043089516389585,59.55705017223251,70.1654477013929
2013-08-16 04:00:00,54.54976185661592,60.2674181353714,70.4344386120144
2013-08-16 05:00:00,54.55035323446323,60.267420621864986,70.37928645413275
2013-08-16 06:00:00,9.217850540516878,17.30683621441409,18.451594466624442
2013-08-16 07:00:00,9.217846130462565,15.2907657667379,17.893263611766283
2013-08-16 08:00:00,9.217845617605372,15.290763153656131,17.29181806145704
2013-08-16 09:00:00,7.511891944747171,10.240705413270387,16.835843030632027
2013-08-16 10:00:00,6.494675418396632,9.06781544259364,15.538911250230173
2013-08-16 11:00:00,4.326813965268698,6.856337357878186,13.35184086898268
2013-08-16 12:00:00,4.335870239491953,7.364468232811451,13.792282724185768
2013-08-16 13:00:00,4.888294698661403,15.290764599482245,14.503313035163217
2013-08-16 14:00:00,9.223566349212302,15.29866221195472,16.6980588064408
2013-08-16 15:00:00,20.703114038029764,40.616153789622146,26.05305666782433
2013-08-16 16:00:00,54.82335148590683,58.23261417293023,62.685382738717905
2013-08-16 17:00:00,63.267897246312074,66.0476801099053,71.90639516887519
2013-08-16 18:00:00,63.267897435752374,67.66106655188509,72.61505245201353
2013-08-16 19:00:00,63.267897694227436,67.66108146277136,72.6150431019663
2013-08-16 20:00:00,65.32770654972342,67.91439901456037,73.20453733107934
2013-08-16 21:00:00,65.94987030571885,67.91440019191957,73.70500845009813
2013-08-16 22:00:00,65.95611265646862,67.9144007720799,73.88443294513333
2013-08-16 23:00:00,65.95611254188286,67.91440067480627,73.88443881739249
2013-08-17 00:00:00,65.95611176775817,67.91440087941932,73.88444023863596
2013-08-17 01:00:00,65.9561139918441,67.91440134998271,73.88426817677217
2013-08-17 02:00:00,65.95611354319585,67.91440146386768,73.88376630403738
2013-08-17 03:00:00,65.9561110488513,67.91440155698498,73.88376052520726
2013-08-17 04:00:00,65.95609944371775,67.91440184136724,73.88376858338712
2013-08-17 05:00:00,65.95611296471273,67.91440108793518,73.8760370250812
2013-08-17 06:00:00,17.31061148804842,18.800392897238652,30.846820998498366
2013-08-17 07:00:00,16.45320816784723,17.850794669323278,28.478081935919494
2013-08-17 08:00:00,15.714627356421882,16.643675142842497,27.796261398331374
2013-08-17 09:00:00,14.179850957493922,15.911092037826448,27.24580090208082
2013-08-17 10:00:00,13.276066042887901,15.514581823831207,27.250764282021983
2013-08-17 11:00:00,11.519896616145466,11.449953600906277,27.053717883278736
2013-08-17 12:00:00,8.159707620864726,6.8379882071136535,26.348240931374043
2013-08-17 13:00:00,8.15965422359188,6.837987709591178,26.347990741043304
2013-08-17 14:00:00,8.399237450824295,7.542103481360168,26.674126769905115
2013-08-17 15:00:00,13.276058184518622,15.514627228458465,28.547089728469146
2013-08-17 16:00:00,13.276060258541051,16.656992194168843,43.96595899601787
2013-08-17 17:00:00,15.407434766162439,18.99354236712982,47.43079014474046
2013-08-17 18:00:00,15.40743521850656,18.993548807530672,47.43079117611598
2013-08-17 19:00:00,15.407435223959311,18.993549386758644,47.430790871477775
2013-08-17 20:00:00,15.40743510142115,18.993549552099,47.430790393163754
2013-08-17 21:00:00,15.407434292337658,18.99354911432968,46.80618403200319
2013-08-17 22:00:00,13.276060035931295,16.93915229973468,44.24624716608488
2013-08-17 23:00:00,13.276059785474626,16.89224505127381,42.43687162262617
2013-08-18 00:00:00,13.276059427436294,16.939144328012,42.22849617256126
2013-08-18 01:00:00,13.276059103591383,16.93914291859048,42.228494766806065
2013-08-18 02:00:00,13.276058126033863,16.93914168178902,42.228494547184454
2013-08-18 03:00:00,13.276058672353031,16.93644533055413,42.21043909162278
2013-08-18 04:00:00,13.27605899233691,18.163114948762633,42.435150239269326
2013-08-18 05:00:00,13.27605702009355,18.163116343024992,42.03864246962035
2013-08-18 06:00:00,4.335867869681448,17.226505738612964,24.540676496727905
2013-08-18 07:00:00,4.32591473900546,15.988783906314598,23.636442696776037
2013-08-18 08:00:00,4.3358700348779475,17.455176236503796,25.871528509382514
2013-08-18 09:00:00,9.273028371481182,17.45517512786586,25.882386829768784
2013-08-18 10:00:00,9.522957723356402,18.163117573909332,26.02860389483836
2013-08-18 11:00:00,9.275358838878782,16.656982499620582,24.437216765413172
2013-08-18 12:00:00,4.325904537724966,6.825761901020333,13.333884676872032
2013-08-18 13:00:00,7.04505756866611,6.838271334585153,17.80800957872749
2013-08-18 14:00:00,10.059386217557865,10.156218400786003,21.515612077209852
2013-08-18 15:00:00,14.361048338459106,16.656998627868667,24.59061760484021
2013-08-18 16:00:00,31.628403136863792,32.710466697588615,40.2612970834857
2013-08-18 17:00:00,63.267897657568994,64.35102990458813,72.71641912223944
2013-08-18 18:00:00,63.26789794313236,65.0019831720282,73.29673049206785
2013-08-18 19:00:00,63.267898130278695,66.7184257785778,73.88421250890717
2013-08-18 20:00:00,63.26798624898758,67.41211410772358,74.30287826839175
2013-08-18 21:00:00,65.45903993226585,66.87036338466736,74.51765049737124
2013-08-18 22:00:00,65.60045726691412,67.00926241823001,75.12993342391877
2013-08-18 23:00:00,65.60050335129006,67.00931237644062,75.14355282500406
2013-08-19 00:00:00,66.38853277308709,67.783403061093,75.56049134837784
2013-08-19 01:00:00,66.46139542543193,67.91440351291924,75.57487619163987
2013-08-19 02:00:00,66.52190311743503,67.91440427353135,76.17268113982188
2013-08-19 03:00:00,66.52190439335301,67.9144051043829,76.17265710165505
2013-08-19 04:00:00,66.52190646288255,67.91440705961195,76.21720721228685
2013-08-19 05:00:00,66.52190402631894,67.9144065862403,76.2243110126001
2013-08-19 06:00:00,65.4590456491697,66.87035879491488,75.01177017996034
2013-08-19 07:00:00,63.267898085147436,64.19438461501701,72.88301120360077
2013-08-19 08:00:00,63.26789808242206,63.95329677579042,72.52286491258523
2013-08-19 09:00:00,63.267898057616016,63.95329602976159,72.52286406278539
2013-08-19 10:00:00,63.267898043768454,63.953296163632146,72.5228635990416
2013-08-19 11:00:00,63.267897863061286,63.953296282028404,72.52286337740739
2013-08-19 12:00:00,63.267897385096624,63.95329618849189,72.52286334554105
2013-08-19 13:00:00,63.26789692796038,63.95329531113809,72.52286329896988
2013-08-19 14:00:00,63.267896879450234,63.95329576921887,72.52286364230872
2013-08-19 15:00:00,63.267897170873304,63.9532986630919,72.60967118357273
2013-08-19 16:00:00,63.26789788644701,64.27891426742298,73.82659653687074
2013-08-19 17:00:00,63.267898255046916,65.05341595412854,74.362397051569
2013-08-19 18:00:00,63.26790108798856,67.91440476263037,74.92152054858245
2013-08-19 19:00:00,65.60050264216176,67.91440560576696,74.97575702341548
2013-08-19 20:00:00,65.90739641574102,67.91440535654439,75.04404763655853
2013-08-19 21:00:00,65.60050627283121,67.91440537460753,74.83779881229079
2013-08-19 22:00:00,63.26789953201492,67.91440542330047,73.8841313192046
2013-08-19 23:00:00,63.26789871401589,67.91440550083414,73.88647567565157
2013-08-20 00:00:00,63.267899055131515,67.91440561738557,73.91584266132557
2013-08-20 01:00:00,63.267899929339514,67.91440572847225,74.76136924051269
2013-08-20 02:00:00,63.26790105702301,67.91440585836449,74.76885680383151
2013-08-20 03:00:00,65.45903535145884,67.91440633364178,75.74140372160251
2013-08-20 04:00:00,65.60050220842358,67.96490324854605,75.78844468867598
2013-08-20 05:00:00,66.4014035560085,68.85607773513526,76.33508306184997
2013-08-20 06:00:00,64.45051313311184,67.91637272899276,71.25686367964911
2013-08-20 07:00:00,63.26789862555636,66.47402594118498,70.6066194990528
2013-08-20 08:00:00,63.2678985127908,66.1306002304468,70.6066185567598
2013-08-20 09:00:00,63.26789852396868,66.13059971787304,70.60661859137497
2013-08-20 10:00:00,63.26789857020125,66.13059958379623,70.60661883864735
2013-08-20 11:00:00,63.26789856515384,66.13059948731276,70.60661877200926
2013-08-20 12:00:00,63.26789856769326,66.13060000994776,70.60661890373936
2013-08-20 13:00:00,63.26789856688016,66.13060003209003,70.60661907282518
2013-08-20 14:00:00,63.26789857161291,66.13060035138768,70.6066194070876
2013-08-20 15:00:00,63.26789858418221,66.130601027062,70.7141014831082
2013-08-20 16:00:00,63.26789882331753,66.13060280408227,71.7813519663338
2013-08-20 17:00:00,66.39307049815535,67.78786065261608,76.08106999669835
2013-08-20 18:00:00,68.3295715679884,69.69009532579653,77.25267149968148
2013-08-20 19:00:00,69.77526731355091,71.11021378617532,77.70232968463064
2013-08-20 20:00:00,68.5988511990415,69.9546096465035,77.0144610289207
2013-08-20 21:00:00,67.48079207795497,68.85633034889779,76.75831836964717
2013-08-20 22:00:00,66.0772882146135,67.91440880449456,76.13046072037703
2013-08-20 23:00:00,65.60048907707295,67.91440743056609,76.13035556849856
2013-08-21 00:00:00,65.45903989847872,67.91440703733161,76.08272082606818
2013-08-21 01:00:00,65.45903661331013,67.91440713086298,76.08273001742708
2013-08-21 02:00:00,63.26790147250395,67.9144073191532,76.151201032953
2013-08-21 03:00:00,63.26789961805578,67.91440736568268,76.12189730522942
2013-08-21 04:00:00,63.26789939356947,67.91440766695962,76.14893283755214
2013-08-21 05:00:00,63.267899396880225,67.9144078581405,76.16517662846236
2013-08-21 06:00:00,63.267898345293005,64.19438399768906,65.82409810014867
2013-08-21 07:00:00,63.060010926424745,64.19365243285428,64.3608480082787
2013-08-21 08:00:00,52.863578889625224,53.26968092158158,58.039411504034014
2013-08-21 09:00:00,52.86357868864954,53.269677083968844,58.03941126068162
2013-08-21 10:00:00,52.863578662427855,53.26967651057221,58.03941128535098
2013-08-21 11:00:00,52.86357874971226,53.26967611247629,58.03941131234615
2013-08-21 12:00:00,52.86357917804139,53.26967621041811,58.039411339534865
2013-08-21 13:00:00,52.86358225655696,53.26967697737584,58.039411991593894
2013-08-21 14:00:00,54.66185388057006,53.269684652637494,59.01003094834334
2013-08-21 15:00:00,63.26789864028844,64.19426842059332,69.4458398123277
2013-08-21 16:00:00,65.34324387977809,66.75659720763717,75.31342219310065
2013-08-21 17:00:00,124.01839467539526,131.9684466394421,139.5279631037613
2013-08-21 18:00:00,160.6790977438061,162.0509005447022,168.5315911056199
2013-08-21 19:00:00,162.35369965982113,162.05091942771486,168.53159550616266
2013-08-21 20:00:00,162.3537105706402,162.05094032721033,168.53159858648183
2013-08-21 21:00:00,162.35369910782737,162.0509165652582,168.53159829119116
2013-08-21 22:00:00,162.92353905304628,163.8961514659363,168.53160244034018
2013-08-21 23:00:00,162.92354890606038,163.89618764701913,168.5316018488598
2013-08-22 00:00:00,162.92355238491,163.8962019679752,168.53160223456683
2013-08-22 01:00:00,162.9235524076282,163.8962026914652,168.53160318387722
2013-08-22 02:00:00,162.92355237020763,163.89620292933293,168.5316041282616
2013-08-22 03:00:00,162.92355319861758,163.89620312327446,168.53160472110332
2013-08-22 04:00:00,162.9235539796302,163.89620329451827,168.5316052295204
2013-08-22 05:00:00,162.92355434595189,163.89620347832218,168.53160552877839
2013-08-22 06:00:00,74.91339610311613,77.68169594944523,65.31426492265444
2013-08-22 07:00:00,64.28218924973103,64.19440074483009,61.043622951986386
2013-08-22 08:00:00,64.28218871818827,64.19438899436638,58.43004354439407
2013-08-22 09:00:00,64.2821886382571,64.1943884803561,58.430043324942446
2013-08-22 10:00:00,64.28218866701103,64.19438837993086,58.430043224633046
2013-08-22 11:00:00,64.28218883905579,64.19438850391539,58.43004325156061
2013-08-22 12:00:00,64.28218926088799,64.1943889535693,58.43004333116574
2013-08-22 13:00:00,64.28219042242114,64.19438988949975,58.43004435675428
2013-08-22 14:00:00,64.28219444521747,64.19441201145041,60.887500681420825
2013-08-22 15:00:00,64.33521957359925,67.91440833642662,70.89157566010724
2013-08-22 16:00:00,66.24142485208901,67.91440985088808,74.48574293268923
2013-08-22 17:00:00,76.16137255729404,77.38334582404173,84.68753700562534
2013-08-22 18:00:00,78.37796038834408,81.12930436899808,84.68753973556002
2013-08-22 19:00:00,77.31818963752768,81.12930458146405,84.68753886813003
2013-08-22 20:00:00,71.71121338380914,73.01191099793564,80.3941326490344
2013-08-22 21:00:00,66.73820988598641,68.12688224426425,75.83667613925185
2013-08-22 22:00:00,65.9353857571266,67.91441183033115,75.08336563223067
2013-08-22 23:00:00,65.93534841083789,67.91441024417605,75.08332780790973
2013-08-23 00:00:00,65.93435455554167,67.91440989920518,75.08228678139655
2013-08-23 01:00:00,66.00842076708938,67.91441019186759,75.1639270939931
2013-08-23 02:00:00,66.52191189669838,67.91441159345423,75.70912651858151
2013-08-23 03:00:00,66.84822249394271,68.23494888120193,75.90256034753578
2013-08-23 04:00:00,67.83496983984824,69.20424005378396,76.49348754027461
2013-08-23 05:00:00,67.88949226413936,69.25779751726061,76.48283780315847
2013-08-23 06:00:00,63.26789977025928,66.19122437462565,70.62448234504957
2013-08-23 07:00:00,63.26789889345217,64.17600868435412,68.45775406784838
2013-08-23 08:00:00,63.26789857680073,57.28671579097674,61.621361005889916
2013-08-23 09:00:00,56.199877156738104,54.8878113548233,60.52711174716544
2013-08-23 10:00:00,54.94465445949425,54.88781119115848,60.52711173114997
2013-08-23 11:00:00,54.14521140333837,54.88781039537534,60.527111494005545
2013-08-23 12:00:00,54.14521099714892,54.88781057245053,60.52711162349801
2013-08-23 13:00:00,54.14521096328689,54.88781100259331,60.527111640124296
2013-08-23 14:00:00,54.145211085947686,54.887812244720166,60.53735145772706
2013-08-23 15:00:00,54.14521145959721,56.665519966077284,61.4731087405651
2013-08-23 16:00:00,61.521253586865456,64.19438885496757,71.57920975900511
2013-08-23 17:00:00,63.26789841632461,66.15798086394321,72.43354777534049
2013-08-23 18:00:00,63.26789842745227,67.13512128964105,72.43354841942813
2013-08-23 19:00:00,61.65209011159373,66.29731404949183,71.77418047865532
2013-08-23 20:00:00,58.774071305151885,64.19440510277009,70.85274364464729
2013-08-23 21:00:00,54.483401583896686,64.19438806231985,70.40189498426379
2013-08-23 22:00:00,54.14521182992543,64.19438994118173,69.54492840192269
2013-08-23 23:00:00,54.14521137292039,64.19438981277614,68.76872679922651
2013-08-24 00:00:00,54.145211280782085,64.1943897569329,69.11335271957422
2013-08-24 01:00:00,54.14521140070984,64.19438933289199,69.66284539496702
2013-08-24 02:00:00,54.14521173471137,64.19438942967315,70.4308910743958
2013-08-24 03:00:00,54.1452119853544,64.19438953777419,70.4470065473234
2013-08-24 04:00:00,54.14521138648225,64.1943897019214,70.44700901758621
2013-08-24 05:00:00,54.145211263285,64.19439007030688,70.13686697613173
2013-08-24 06:00:00,11.53090663195478,64.19439001846011,24.95489002986401
2013-08-24 07:00:00,11.53090664709443,64.19439019387768,23.8091863123638
2013-08-24 08:00:00,11.530905803437246,64.19439028526244,23.616055893814547
2013-08-24 09:00:00,11.530904608824947,64.19439003589716,23.61605583467868
2013-08-24 10:00:00,11.530906420896693,64.19438993161523,23.61605617002966
2013-08-24 11:00:00,11.530906878260577,64.19438984740334,23.616057342255946
2013-08-24 12:00:00,11.530910537847687,64.19438938254011,23.61606434647416
2013-08-24 13:00:00,11.944627755257848,64.19438991863005,23.72570553163365
2013-08-24 14:00:00,13.602008445320326,64.19438984749397,24.003280938159136
2013-08-24 15:00:00,31.438680600292138,64.19438972820276,40.74436733478178
2013-08-24 16:00:00,56.19035059487513,64.19439048944862,61.031316567845984
2013-08-24 17:00:00,60.680481855724636,64.1943921587512,67.10388562114575
2013-08-24 18:00:00,60.68048595993996,64.19439607456769,67.10388786028801
2013-08-24 19:00:00,60.68048632301983,64.19439230171767,66.65664758425415
2013-08-24 20:00:00,60.680487120895464,64.1943926024393,66.2307477465375
2013-08-24 21:00:00,60.68048722293341,64.19439219191585,65.81641152181392
2013-08-24 22:00:00,60.68048826798263,64.19439203034487,66.06067653114833
2013-08-24 23:00:00,60.680482771949144,64.19439179698126,66.13920898432463
2013-08-25 00:00:00,60.68048603261309,64.19439160115135,67.1020224432346
2013-08-25 01:00:00,60.68048831106506,64.19439288631516,67.10388510757458
2013-08-25 02:00:00,60.680490182213035,64.19439196298053,67.10388814969882
2013-08-25 03:00:00,60.68048970442019,64.19439055484911,67.10388849787473
2013-08-25 04:00:00,60.680487532315496,64.19438954248209,67.1038880437106
2013-08-25 05:00:00,60.68048630965477,64.19438941438378,67.0929768452609
2013-08-25 06:00:00,46.80935340325529,50.64213077631604,54.984544435156835
2013-08-25 07:00:00,38.71174753771627,42.29235763755017,49.430732642263976
2013-08-25 08:00:00,38.71161448137106,42.29235410556757,49.43072870723737
2013-08-25 09:00:00,38.711613793777666,42.29235383836476,49.430728318239346
2013-08-25 10:00:00,38.71161391778984,42.292354299136875,49.4307281503538
2013-08-25 11:00:00,38.711613836117095,42.29235410184944,49.43072823836366
2013-08-25 12:00:00,38.71161377866288,42.292354564938634,49.43073001551381
2013-08-25 13:00:00,38.71161392664517,42.29235513643107,49.45151280498631
2013-08-25 14:00:00,38.71161434219635,42.29235833544044,50.1002682683812
2013-08-25 15:00:00,38.71161678211838,43.85209121848446,52.10422341428738
2013-08-25 16:00:00,50.68359803188304,55.79075603003052,62.36658908646381
2013-08-25 17:00:00,61.11043696724479,65.11588336697724,69.73235246878058
2013-08-25 18:00:00,61.21346078009956,65.76290256391427,69.70614869837102
2013-08-25 19:00:00,60.17859629208406,64.44776005569176,68.85579146739063
2013-08-25 20:00:00,53.09469245538573,65.68967332143639,67.89500060313672
2013-08-25 21:00:00,52.39419886231585,66.18342804923664,67.7933772471555
2013-08-25 22:00:00,50.683524964906574,67.07728596058053,67.02535847882163
2013-08-25 23:00:00,53.63367270108741,65.28934310500289,68.56771410074502
2013-08-26 00:00:00,55.33934348325252,64.19967892274074,69.92403309336129
2013-08-26 01:00:00,60.51468605782662,64.96154912728744,70.4774327443692
2013-08-26 02:00:00,61.42982369264424,65.719069853576,70.61283504935535
2013-08-26 03:00:00,61.521245637796575,64.90134243859706,70.63397093938148
2013-08-26 04:00:00,61.52124923271395,64.9308275177186,70.63397284627153
2013-08-26 05:00:00,61.52125714474794,64.93080397509762,70.63397327780302
2013-08-26 06:00:00,60.61081984656543,64.19439223365548,68.80810440323256
2013-08-26 07:00:00,50.68351537199218,54.099894703722754,59.353505026717365
2013-08-26 08:00:00,50.68351430246917,54.099850838090816,59.35348841674385
2013-08-26 09:00:00,50.68351426150102,54.09984930013533,59.35348809430215
2013-08-26 10:00:00,50.683514472145234,54.09984918492549,59.35348801526748
2013-08-26 11:00:00,50.68351433155008,54.09984942833471,59.35348784987753
2013-08-26 12:00:00,50.68351434021288,54.099850296918646,59.353488191877204
2013-08-26 13:00:00,50.68351484742998,54.09985198940123,59.35348908716717
2013-08-26 14:00:00,50.683564063886045,54.099900527660765,59.35355542309302
2013-08-26 15:00:00,60.68037580365342,64.1942688591594,69.11130433021029
2013-08-26 16:00:00,63.26789816408867,66.2461114479193,72.43506836591165
2013-08-26 17:00:00,63.26789870606849,66.24726886700961,74.10131643070628
2013-08-26 18:00:00,63.267898703885265,67.91440647858903,74.2658662817728
2013-08-26 19:00:00,63.267898633283714,67.9144137935931,74.20756344875738
2013-08-26 20:00:00,63.267898545327206,67.91441486496566,73.98297239780666
2013-08-26 21:00:00,63.26789848081419,68.31196838248492,73.93139279968837
2013-08-26 22:00:00,63.26789856127114,68.3119700497307,73.9865293629717
2013-08-26 23:00:00,63.267898612866496,68.82419574647837,74.03376158352359
2013-08-27 00:00:00,63.26789869707098,69.08778377799443,74.11269149536119
2013-08-27 01:00:00,63.26789882399566,69.36397584375821,74.28009904875644
2013-08-27 02:00:00,63.26790040703591,69.91714153747746,74.86845930930089
2013-08-27 03:00:00,65.60049995540581,73.45179250758734,76.76962899857027
2013-08-27 04:00:00,77.12520527992885,80.21610406481159,84.11859234831695
2013-08-27 05:00:00,77.12525428616436,80.21610510895763,84.2023689107775
2013-08-27 06:00:00,65.60049937846252,69.12624462941022,74.12581944823424
2013-08-27 07:00:00,63.26789879530646,66.24610096505094,72.5090508802421
2013-08-27 08:00:00,63.26789867499207,65.28186190561046,72.51123768389708
2013-08-27 09:00:00,63.26789861538856,65.28186062992167,72.51123760962159
2013-08-27 10:00:00,63.267898584637855,65.2818597639016,72.51123770427294
2013-08-27 11:00:00,63.26789861736809,65.28185858639701,72.51123802887518
2013-08-27 12:00:00,63.26789867453792,65.2818588038198,72.51123914632439
2013-08-27 13:00:00,63.267898743379114,65.28186057355283,72.51165720515066
2013-08-27 14:00:00,63.26789883517701,65.28186244930455,72.61979901874527
2013-08-27 15:00:00,63.26790134589124,65.32338796758312,73.37542670946574
2013-08-27 16:00:00,65.45623132955846,66.86758601584174,75.04326281784036
2013-08-27 17:00:00,71.82361735363985,73.12232878871356,82.44724219401495
2013-08-27 18:00:00,77.0603423477856,80.11693531038628,87.62232683021902
2013-08-27 19:00:00,74.00600786204397,75.2661141338168,83.71902748626482
2013-08-27 20:00:00,69.95387157513711,70.38641391962418,80.33914840568276
2013-08-27 21:00:00,68.63743837909087,69.99249623329261,79.89489048660886
2013-08-27 22:00:00,68.0237557140932,69.58055485532108,78.07176209846736
2013-08-27 23:00:00,68.27592111251546,69.63740022822914,79.52516177063377
2013-08-28 00:00:00,72.56027266893899,73.84595604972249,84.02240272499145
2013-08-28 01:00:00,77.81183723827642,80.25810488577686,88.12692562331394
2013-08-28 02:00:00,79.26843783174839,81.71362291048192,88.69169359156169
2013-08-28 03:00:00,79.82738334156917,82.27215648748252,88.69169425829007
2013-08-28 04:00:00,79.82738950577513,82.27216263744894,88.69169457591238
2013-08-28 05:00:00,79.82738984975836,82.27216471873595,88.67864211433721
2013-08-28 06:00:00,75.13079616925519,78.90285111439081,80.74968921219244
2013-08-28 07:00:00,63.26789879858479,65.27076969272716,71.89300352181245
2013-08-28 08:00:00,63.26789868502393,65.27072025619483,71.89300137858763
2013-08-28 09:00:00,63.26789866577595,64.87055516070117,71.89300119843604
2013-08-28 10:00:00,63.26789869295573,65.27071534443661,71.89300136179078
2013-08-28 11:00:00,63.26789874632004,65.27072042827683,71.89300156938228
2013-08-28 12:00:00,63.267898759037166,65.2707209159136,71.89300173246949
2013-08-28 13:00:00,63.26789879654928,65.2707210796717,71.89300201988112
2013-08-28 14:00:00,63.26789892945909,65.27072209415502,71.8931743719604
2013-08-28 15:00:00,63.267900156920284,65.43302489402657,72.16428287529531
2013-08-28 16:00:00,65.60052468239118,67.90954991450401,75.60864623980535
2013-08-28 17:00:00,68.99513918636751,70.34387290314957,79.14730975002874
2013-08-28 18:00:00,80.00553981265614,82.27216253657414,87.13819728629568
2013-08-28 19:00:00,80.00553989022087,82.2721624796266,87.09087248744193
2013-08-28 20:00:00,80.00553979652945,82.272152498662,87.09087229363296
2013-08-28 21:00:00,80.00553563981518,82.2721296044252,87.09087099483568
2013-08-28 22:00:00,80.00553311615931,80.67515946283604,86.44799494427038
2013-08-28 23:00:00,79.51233338019206,80.6750284487533,86.44799476606562
2013-08-29 00:00:00,74.55145044385574,75.80190750684241,84.28646280666136
2013-08-29 01:00:00,71.02138172376797,72.33428887066795,80.66308124514521
2013-08-29 02:00:00,65.60053994642504,69.0769501920592,77.12162807916071
2013-08-29 03:00:00,65.60052586457658,68.96278370482479,77.11482691047536
2013-08-29 04:00:00,65.60052552694113,70.73008613572406,79.15892808004523
2013-08-29 05:00:00,65.60052645100465,70.3703915134196,79.23100292628668
2013-08-29 06:00:00,63.26789896202848,66.99030034049592,70.50565316144602
2013-08-29 07:00:00,63.26789828428891,64.19439740790592,65.44221165287284
2013-08-29 08:00:00,61.65227546203202,64.18779675114132,63.39669390052059
2013-08-29 09:00:00,60.89853310383505,63.70281046766628,63.39669352557485
2013-08-29 10:00:00,60.898532959447174,63.70280893867411,63.39669359645112
2013-08-29 11:00:00,60.89853298771831,63.70280538803877,63.39669373143506
2013-08-29 12:00:00,60.898533028997655,63.70280949867305,63.39669401037874
2013-08-29 13:00:00,60.89853317200285,63.70281080490966,63.39669505014546
2013-08-29 14:00:00,60.898536190420685,63.95601919341263,64.08257884632638
2013-08-29 15:00:00,63.166508023035206,64.19435108111912,67.6480903884119
2013-08-29 16:00:00,63.267898605987995,64.9591432529004,73.26233906398869
2013-08-29 17:00:00,63.26789960690403,67.9144179439084,76.2087130333145
2013-08-29 18:00:00,65.60051168792776,68.20001698002365,76.26667028938422
2013-08-29 19:00:00,65.7448643251695,68.20002283154541,76.25354985047616
2013-08-29 20:00:00,65.6004945742511,68.05575691400955,76.25194306091883
2013-08-29 21:00:00,65.45905066410887,67.91442051837869,76.19007236755428
2013-08-29 22:00:00,63.2678987827958,67.91441951699596,76.0770448749276
2013-08-29 23:00:00,63.267898703565116,67.91441941768116,76.06535180251585
2013-08-30 00:00:00,63.26789865962141,67.91441934426624,76.0687149611799
2013-08-30 01:00:00,63.26789866958351,67.91441956367697,76.06864028270927
2013-08-30 02:00:00,63.267898741738804,67.91441989882502,76.05476310770774
2013-08-30 03:00:00,63.26789904370152,67.9144202094219,76.00414829516825
2013-08-30 04:00:00,65.4609832645025,67.91634882516007,76.08324120661104
2013-08-30 05:00:00,65.60049471370175,67.91636274371949,76.0730163764923
2013-08-30 06:00:00,63.26789852537385,64.19436114079352,65.75414022324652
2013-08-30 07:00:00,63.26789789406229,55.63775235429941,61.54928865724031
2013-08-30 08:00:00,57.928167104062894,53.06955560671186,56.96802677020523
2013-08-30 09:00:00,57.92816436646,52.86751555824169,56.96799903406101
2013-08-30 10:00:00,57.928164486694705,51.90979681798878,56.967999029228906
2013-08-30 11:00:00,57.928164290068196,48.75400856154488,56.96799891431699
2013-08-30 12:00:00,57.92816417083104,48.754002822559514,56.967998364620804
2013-08-30 13:00:00,57.92816408537394,48.75400315644518,56.96799939971696
2013-08-30 14:00:00,57.928164031094234,48.754007928867466,57.202933579389686
2013-08-30 15:00:00,57.928164224775294,52.76741568239058,61.62780894792125
2013-08-30 16:00:00,61.52119693263791,53.06955319586153,71.18249779729253
2013-08-30 17:00:00,62.1061224449071,63.57673375791208,73.16890458575033
2013-08-30 18:00:00,62.10611819673663,63.57673342451457,73.168905490552
2013-08-30 19:00:00,62.00883748255363,63.380432815287435,73.15829881497235
2013-08-30 20:00:00,61.52124441541806,63.380580958788,73.12865201379397
2013-08-30 21:00:00,60.113908570325506,62.5732119719689,72.96296412642143
2013-08-30 22:00:00,57.928167379926315,63.94726698166123,73.09541904354072
2013-08-30 23:00:00,57.928166275551106,63.94727703257021,73.09553059628372
2013-08-31 00:00:00,57.9281654763783,63.94727860190021,73.09672307388594
2013-08-31 01:00:00,57.92816580247676,63.94727694541007,73.09673087305056
2013-08-31 02:00:00,57.92816719956949,63.947247475484815,73.0967530594315
2013-08-31 03:00:00,57.92817281248445,63.947278537138814,72.99575585671866
2013-08-31 04:00:00,61.427323902224245,63.94727494209701,72.99576104721507
2013-08-31 05:00:00,61.427339711643995,63.94727203980267,73.07003692879468
2013-08-31 06:00:00,10.930392168764875,18.227974461963374,20.286300573225468
2013-08-31 07:00:00,10.762995466509114,13.46261279517791,19.6638916275079
2013-08-31 08:00:00,9.649655329660266,12.47300025131613,18.671285067291198
2013-08-31 09:00:00,9.649654689490553,12.472998760236361,18.586158130695715
2013-08-31 10:00:00,9.649655035643937,12.472997707686407,18.44169868151983
2013-08-31 11:00:00,9.63702508331569,12.177444940140173,18.149324763145472
2013-08-31 12:00:00,9.270908360226088,12.116160307787194,18.154491054972805
2013-08-31 13:00:00,8.982499833955021,11.808967377222888,18.01966436818846
2013-08-31 14:00:00,9.328448564429305,12.1774421346853,18.089006771010897
2013-08-31 15:00:00,9.654628899745175,12.525204665259741,19.048359032054908
2013-08-31 16:00:00,9.72808705178092,16.071332525868346,22.606814646064443
2013-08-31 17:00:00,28.638253221543824,47.631303579814386,47.37240290511242
2013-08-31 18:00:00,33.0203251176404,57.233432345414386,48.9642633557103
2013-08-31 19:00:00,34.264889861286825,57.2334323532756,49.43034881815584
2013-08-31 20:00:00,39.694693529661635,57.233429482936415,50.538431220537326
2013-08-31 21:00:00,39.783074998064365,57.23342692262723,51.04348003602404
2013-08-31 22:00:00,39.7830770832636,57.23341228322738,51.043484861136555
2013-08-31 23:00:00,39.78307681508109,57.14404267609977,51.043484833911286
2013-09-01 00:00:00,39.783076677187516,56.63967571705898,51.0434818873046
2013-09-01 01:00:00,39.78307616101611,56.63941287839623,51.04351586332809
2013-09-01 02:00:00,39.783065477093565,56.63959944129695,51.043517863079245
2013-09-01 03:00:00,39.78307423987801,56.63962590417319,51.0435120295022
2013-09-01 04:00:00,39.7830573103913,56.639592764207976,50.80831449401822
2013-09-01 05:00:00,36.59636133418921,56.64080466693902,50.62482649467471
2013-09-01 06:00:00,9.673334628783774,14.782387309324168,17.584654095428434
2013-09-01 07:00:00,8.931347759000115,11.454821210090248,17.188043007821122
2013-09-01 08:00:00,8.052669585595769,10.734620211002495,16.5439582035322
2013-09-01 09:00:00,4.3259048327958896,8.961682464351886,15.582793573729907
2013-09-01 10:00:00,4.325904483266283,6.9630955236043395,13.535080200226801
2013-09-01 11:00:00,4.3259040842486876,6.837987017644494,13.343952025582466
2013-09-01 12:00:00,4.325904079674129,6.83798668445935,13.370189047491625
2013-09-01 13:00:00,4.325904072420563,6.837987705214556,13.373039361002103
2013-09-01 14:00:00,4.325904106279062,8.133085809501136,14.49124165768321
2013-09-01 15:00:00,4.3259047761075635,8.7549560789046,15.157945662058998
2013-09-01 16:00:00,7.972525217122719,12.996614051493518,18.537468984502567
2013-09-01 17:00:00,9.687090730240982,14.462263272843781,22.900148402773546
2013-09-01 18:00:00,9.695861506502164,14.782394730162135,23.122875348530727
2013-09-01 19:00:00,9.695867970471657,14.782394226593961,23.122837662762137
2013-09-01 20:00:00,10.161704295194347,14.782396377969011,23.122891587529253
2013-09-01 21:00:00,9.695876903763901,14.782388542357761,23.12283505829791
2013-09-01 22:00:00,9.69586273924704,14.553185341014895,23.078253957199024
2013-09-01 23:00:00,9.695861401020668,14.553039791230068,22.326173686517528
2013-09-02 00:00:00,9.695862437349714,14.552414955728393,23.014582508432927
2013-09-02 01:00:00,9.697115603390458,14.353594473199472,22.930611004123865
2013-09-02 02:00:00,9.698370912676554,14.53535911559296,21.630826216571478
2013-09-02 03:00:00,9.699626780350075,14.653514551440267,21.654034896443605
2013-09-02 04:00:00,9.700882650833151,14.782101767670675,21.67910058789124
2013-09-02 05:00:00,9.70213902518067,14.78219014970885,21.67911595125843
2013-09-02 06:00:00,4.3259048889431355,12.836404887475195,13.390260805198032
2013-09-02 07:00:00,4.32590431058562,10.242518320819116,13.374868260008114
2013-09-02 08:00:00,4.325904074631782,9.403980911184151,13.350764588172751
2013-09-02 09:00:00,4.3259040489902825,6.835399390592511,13.328176912115138
2013-09-02 10:00:00,4.325904095709328,6.82816775184429,13.326472096040005
2013-09-02 11:00:00,4.325904085750537,6.822721703701932,13.328184420255765
2013-09-02 12:00:00,4.325903963601702,6.82047036228622,13.34598197569322
2013-09-02 13:00:00,4.325903966841816,6.82047018817634,13.35563119019434
2013-09-02 14:00:00,4.325904015032985,6.825460480882778,13.36708928438853
2013-09-02 15:00:00,4.325904056544764,6.846927586750429,13.463368221137285
2013-09-02 16:00:00,8.505505645179595,11.360597454359926,17.515753257548884
2013-09-02 17:00:00,13.276101239343994,61.64517151123623,33.931184200183054
2013-09-02 18:00:00,28.05872162549019,67.91442403537589,36.27582693181007
2013-09-02 19:00:00,28.668019381042267,67.9144248681581,36.269359238515854
2013-09-02 20:00:00,28.541649503484376,67.91442494751908,37.0039438826438
2013-09-02 21:00:00,28.52692836956275,67.91442483625191,37.14064468028617
2013-09-02 22:00:00,29.182623743756764,67.91442429969767,37.969415325093955
2013-09-02 23:00:00,29.70982065445308,67.91442480486941,40.45885022878139
2013-09-03 00:00:00,29.96149753661935,67.91442500526126,40.594208555343194
2013-09-03 01:00:00,40.319538217869464,67.91442503672953,55.00830042372557
2013-09-03 02:00:00,57.80806653735721,67.06810106857395,66.9672110295652
2013-09-03 03:00:00,63.2678958966969,66.1150843131575,69.677600553115
2013-09-03 04:00:00,63.2678982925962,66.93186997751096,70.4040766764512
2013-09-03 05:00:00,63.267899173221,66.93186693724573,71.439106696609
2013-09-03 06:00:00,63.267898473207495,65.10396463657813,63.85358350852013
2013-09-03 07:00:00,63.26789836015007,64.19440223334642,61.99382162304915
2013-09-03 08:00:00,63.26789828553133,62.798239039224484,60.31777529674864
2013-09-03 09:00:00,63.267898288578614,62.79823723993745,60.31778296716096
2013-09-03 10:00:00,63.26789831757521,62.79823711081457,60.67932024012647
2013-09-03 11:00:00,63.26789834294162,62.79823729222548,60.67932067877681
2013-09-03 12:00:00,63.26789838296893,62.798238005741,60.67932113894176
2013-09-03 13:00:00,63.267898497670465,62.798255261400016,60.67932738408636
2013-09-03 14:00:00,63.26790034470809,64.19440406075059,61.70953628999485
2013-09-03 15:00:00,63.68645915108022,65.31370209539746,70.43580907825442
2013-09-03 16:00:00,67.1301177282456,68.5118552585297,75.3183435974433
2013-09-03 17:00:00,78.27727691558263,79.46181741374077,83.90200474516942
2013-09-03 18:00:00,83.01413207151911,86.63889040995721,88.77420632726626
2013-09-03 19:00:00,83.01413242812335,86.63889052750903,88.74930779144134
2013-09-03 20:00:00,83.0141323399381,86.63889069316335,88.72671691943913
2013-09-03 21:00:00,83.01413162026044,86.63889056653683,88.74002970367835
2013-09-03 22:00:00,82.79842652653343,85.94384696365651,88.83332311273355
2013-09-03 23:00:00,82.29509912561849,84.31400009125312,89.0021662990024
2013-09-04 00:00:00,81.14478380331983,82.27859118803393,88.85381968104203
2013-09-04 01:00:00,81.45634213357167,82.58462582614334,89.19294275703609
2013-09-04 02:00:00,81.67993846163772,82.80427671713231,89.36907212598985
2013-09-04 03:00:00,81.89310624432568,83.0136838895646,89.53698342044135
2013-09-04 04:00:00,81.89583916400312,83.0211072976395,89.53736070981553
2013-09-04 05:00:00,82.29509876845513,84.31398043012817,89.53736395670289
2013-09-04 06:00:00,71.86606664325856,71.45022891353385,64.6867804821154
2013-09-04 07:00:00,63.26789858851677,64.19440485537532,62.305645700471544
2013-09-04 08:00:00,63.26789824801433,63.223943211843945,59.41140536118747
2013-09-04 09:00:00,63.26789819452804,63.223940310209,59.41140479890667
2013-09-04 10:00:00,63.26789807108985,63.22393991359827,59.41140473938679
2013-09-04 11:00:00,63.26789788138157,63.22393978595265,59.41140471492567
2013-09-04 12:00:00,63.26789792931901,63.22393996163166,59.41140469120372
2013-09-04 13:00:00,63.26789813974705,63.22394058580139,59.411405306741926
2013-09-04 14:00:00,63.26789819823465,63.22394366984955,59.73153692873208
2013-09-04 15:00:00,63.26789825390363,63.507817640138626,67.98244521349916
2013-09-04 16:00:00,63.267898579099906,64.98388261537575,74.63695847006537
2013-09-04 17:00:00,63.267898656003695,67.91442755509468,76.14738815702104
2013-09-04 18:00:00,63.26789836461031,67.91442779326398,76.1473749725676
2013-09-04 19:00:00,63.26789825065244,67.91442734642024,75.93599015537941
2013-09-04 20:00:00,63.267898108739914,67.91442698686956,75.68240790889776
2013-09-04 21:00:00,63.26789780049833,67.91442597480884,75.07541218475532
2013-09-04 22:00:00,63.26789752722148,67.91442597928977,74.55433691434929
2013-09-04 23:00:00,63.26789751068478,67.9144253474333,74.55411077733157
2013-09-05 00:00:00,63.26789754511228,66.87685687469232,74.2179900243896
2013-09-05 01:00:00,63.26789759356246,66.77232902236948,74.21840896178055
2013-09-05 02:00:00,63.267897641033215,66.7837459843215,74.21837773596756
2013-09-05 03:00:00,63.26789768490896,67.44500617751982,74.39922347565964
2013-09-05 04:00:00,63.26789773275869,67.61830278060778,74.40925472001216
2013-09-05 05:00:00,63.26789776285743,67.91442372197812,74.46301784053418
2013-09-05 06:00:00,20.6394562420304,23.58488754815769,31.90886353697303
2013-09-05 07:00:00,17.51399843214847,20.49786587523436,29.765222889262766
2013-09-05 08:00:00,17.513996867543916,20.375985210256257,27.930052795520943
2013-09-05 09:00:00,17.51399649239879,20.37598330584721,27.93005153662648
2013-09-05 10:00:00,17.51399698247298,20.20214701092553,27.726189275948272
2013-09-05 11:00:00,17.513997074395736,20.202048290285116,27.84168221548055
2013-09-05 12:00:00,17.513997404909645,20.368597787948822,27.730216773520304
2013-09-05 13:00:00,17.51399879253817,20.37598549411857,27.635969000812114
2013-09-05 14:00:00,18.687415565795337,20.986395611698875,27.916697541578237
2013-09-05 15:00:00,54.11831316477965,64.19440461756838,56.21618052884188
2013-09-05 16:00:00,63.26789774024403,64.5453220714334,67.23145038897216
2013-09-05 17:00:00,63.26789835014289,65.08589380380495,68.88259689147681
2013-09-05 18:00:00,63.267898439590184,65.08589481935957,68.67241165651208
2013-09-05 19:00:00,63.26789845605372,65.08589066324127,66.51084159644056
2013-09-05 20:00:00,63.2678983004449,65.0858868457955,65.30267998362552
2013-09-05 21:00:00,63.26789826327899,65.08587608851644,65.30252384715621
2013-09-05 22:00:00,63.26789829996735,65.07941573802886,65.27919494584681
2013-09-05 23:00:00,63.26789828247805,65.07971634766123,66.21844868936067
2013-09-06 00:00:00,63.267898253242244,65.08099990854622,67.20875255410583
2013-09-06 01:00:00,63.267898281869094,65.04689500620697,67.27314197010507
2013-09-06 02:00:00,63.267898216670744,65.04688633873387,67.27314302871379
2013-09-06 03:00:00,63.26789811405466,65.0839145884127,67.29634869765734
2013-09-06 04:00:00,63.26789809766774,65.0858781036583,67.3126379057243
2013-09-06 05:00:00,63.267898003305014,65.0858804309706,67.27521488150084
2013-09-06 06:00:00,60.31647499326238,64.19440730927451,19.11283048109439
2013-09-06 07:00:00,60.31647278075667,64.19440104426583,18.4821055541921
2013-09-06 08:00:00,60.31647283041898,64.19437986777251,17.747535851155714
2013-09-06 09:00:00,60.31647285930514,58.861682462418685,16.797945294596246
2013-09-06 10:00:00,60.316473706402384,64.1943845160283,16.552123975670124
2013-09-06 11:00:00,60.3164745415072,64.19440200171086,15.44445190022708
2013-09-06 12:00:00,63.26789402708116,64.19440265916387,17.074340696468152
2013-09-06 13:00:00,63.267897975527816,64.19440165358459,17.48540630931401
2013-09-06 14:00:00,63.26789789391702,64.19439608451879,18.851098878143866
2013-09-06 15:00:00,63.267896830231365,64.19440718648264,56.115822765494585
2013-09-06 16:00:00,63.267898178109434,64.7186884571727,66.8670995557466
2013-09-06 17:00:00,63.267898961720135,67.33983455767923,70.26184019983938
2013-09-06 18:00:00,64.1430237272128,67.91442968144167,70.9212677378562
2013-09-06 19:00:00,65.41894671294696,67.91443014260877,71.39517425371692
2013-09-06 20:00:00,66.30695517959717,67.91443062220664,71.54033908154307
2013-09-06 21:00:00,65.60930870154637,67.91443048109231,71.48094447680246
2013-09-06 22:00:00,66.52193004680149,67.9144308713014,71.99778955626854
2013-09-06 23:00:00,65.4590150180412,67.91443050368967,72.28227429743309
2013-09-07 00:00:00,63.26792710153513,67.9144298965136,72.30371792288703
2013-09-07 01:00:00,63.267898791168896,67.91443022766666,73.15824739435287
2013-09-07 02:00:00,63.26789977807996,67.9144303257004,73.60216584050592
2013-09-07 03:00:00,63.2679026584508,67.91443037331248,73.81020539530637
2013-09-07 04:00:00,63.26789937055362,67.91443093477294,73.87808564214164
2013-09-07 05:00:00,63.26790007162836,67.9144307732913,73.87808790397516
2013-09-07 06:00:00,64.3856018790307,67.91442501914425,53.519701221556296
2013-09-07 07:00:00,63.26789835007733,61.58394123405773,50.82575431960614
2013-09-07 08:00:00,63.26789827742246,60.75350971181733,48.59119001660316
2013-09-07 09:00:00,63.26789829882206,60.75350871156533,48.59118777353415
2013-09-07 10:00:00,63.26789832876174,60.753502692445835,48.591187273642234
2013-09-07 11:00:00,63.26789831201653,60.7535095105043,48.59118709249314
2013-09-07 12:00:00,63.26789832189544,60.753510120162474,48.59118764172957
2013-09-07 13:00:00,63.267898330743215,60.75350937562206,48.59118860251856
2013-09-07 14:00:00,63.26789830987044,60.75351081612497,49.66717212938618
2013-09-07 15:00:00,63.267898359712284,64.62051543673023,67.09617919399578
2013-09-07 16:00:00,63.267898822693425,67.30570566482334,73.95761139190132
2013-09-07 17:00:00,63.267900390145165,67.91443141807075,74.58811352570443
2013-09-07 18:00:00,64.85351462034751,67.91443202401169,74.60350016552967
2013-09-07 19:00:00,65.45906646346879,67.91444049518064,74.15497299851647
2013-09-07 20:00:00,65.45911516826474,67.91443222197489,74.15497246964351
2013-09-07 21:00:00,65.60048149427352,67.91443159735557,73.82482183624502
2013-09-07 22:00:00,65.60048444740636,67.91443147552589,73.6372741998447
2013-09-07 23:00:00,65.86641328285012,67.91443169064974,73.6489366828252
2013-09-08 00:00:00,65.86991818699339,67.92145485056857,73.64932622126122
2013-09-08 01:00:00,65.86981926269705,67.92139431881236,73.6491989801087
2013-09-08 02:00:00,66.0084412828307,67.91443352618752,73.61245258000966
2013-09-08 03:00:00,65.76082246803541,67.91709159578221,73.54056393783063
2013-09-08 04:00:00,65.71961286063957,67.91444913427122,73.5380602316594
2013-09-08 05:00:00,65.66320183239174,67.91443265329858,73.5022871784353
2013-09-08 06:00:00,63.26789854838157,64.56522863171442,63.77919662523668
2013-09-08 07:00:00,63.26789843007634,63.84590349235009,59.7874171421089
2013-09-08 08:00:00,63.26789826037109,63.58240542111493,59.787413640006264
2013-09-08 09:00:00,63.267898207280304,63.582404501389135,59.78741225188142
2013-09-08 10:00:00,63.267898181294555,63.58240445729396,59.787412717698125
2013-09-08 11:00:00,63.267898127546026,63.58240500568091,59.787411065998164
2013-09-08 12:00:00,63.267898153851185,63.58240645323575,59.79473754553283
2013-09-08 13:00:00,63.267898252188225,63.58240948510708,60.405671963806
2013-09-08 14:00:00,63.26789830861413,64.19436357727423,65.16163889180542
2013-09-08 15:00:00,63.267898355742176,64.96523489288313,67.56405832114521
2013-09-08 16:00:00,63.26789857706962,66.49502050653992,70.77862106952794
2013-09-08 17:00:00,64.57046262480897,67.91443224086767,72.67906400702353
2013-09-08 18:00:00,65.69230036528886,68.1285091520932,73.43550005631921
2013-09-08 19:00:00,66.61080532270336,68.12850788642525,75.08160115191332
2013-09-08 20:00:00,66.5812073840657,67.97271830376069,75.27193308383465
2013-09-08 21:00:00,65.6004829591344,67.91443974785525,75.53109383935023
2013-09-08 22:00:00,66.5247224549481,67.9171782288015,75.64295899777214
2013-09-08 23:00:00,65.94080099748251,67.936521875595,75.82761588928652
2013-09-09 00:00:00,66.72997428057998,68.11879405429454,75.81780024638388
2013-09-09 01:00:00,66.83461852175631,68.22158458972572,75.90481236835929
2013-09-09 02:00:00,69.63172683623698,70.9692129139623,76.88436974284893
2013-09-09 03:00:00,75.94626309210902,79.56137183228113,80.98511136081518
2013-09-09 04:00:00,76.0235057710366,79.81150832620712,81.4257313944891
2013-09-09 05:00:00,76.02350633782244,79.81150926266812,81.20454265208977
2013-09-09 06:00:00,74.76019813517614,78.52563215154049,80.1250405932395
2013-09-09 07:00:00,63.26789837969293,64.8779915250254,70.13521993552264
2013-09-09 08:00:00,63.26789830192141,64.19441089653378,69.09286453890084
2013-09-09 09:00:00,63.267898266420445,64.19441052955547,69.09286400760057
2013-09-09 10:00:00,63.267898240325714,64.19441082371604,69.0932663618539
2013-09-09 11:00:00,63.267898252883214,64.87798513039141,69.0932662633665
2013-09-09 12:00:00,63.267898246781115,64.87799378422802,69.09326634791434
2013-09-09 13:00:00,63.2678982887499,65.21064845523603,69.09326658318732
2013-09-09 14:00:00,63.267898330172095,66.09526053114101,69.05820566900212
2013-09-09 15:00:00,63.26789860983039,66.09522072282654,69.68518102728507
2013-09-09 16:00:00,65.8564716223746,67.91443302594159,73.80568493203376
2013-09-09 17:00:00,70.21214602896161,70.82824248041241,76.33368369826643
2013-09-09 18:00:00,76.59365227963175,70.93386608938879,76.41897490829726
2013-09-09 19:00:00,69.55173162025568,70.22249046360821,76.09089393728753
2013-09-09 20:00:00,66.52200142379212,67.91443476880558,75.41537554507194
2013-09-09 21:00:00,66.52193611262359,67.9144337239472,75.4145382673868
2013-09-09 22:00:00,65.60049170941954,67.13275228441233,74.80036780925774
2013-09-09 23:00:00,63.891738734938706,66.06329586740864,73.95786678880158
2013-09-10 00:00:00,63.26789849817296,65.31555933901012,73.51158352279596
2013-09-10 01:00:00,63.26789834713491,65.21065055946788,73.49542856211941
2013-09-10 02:00:00,63.267898290153624,65.21065062615695,73.61666363474603
2013-09-10 03:00:00,63.26789824660887,65.21065092097088,73.7507367889851
2013-09-10 04:00:00,63.26789821158566,65.21065102574775,74.03199083974404
2013-09-10 05:00:00,63.26789820214273,65.21065085403232,74.17880851605683
2013-09-10 06:00:00,61.776384719486096,61.65432657146549,72.63687858434928
2013-09-10 07:00:00,51.04809811305768,49.60402683745343,69.09966618239433
2013-09-10 08:00:00,51.04808968346257,49.393968946577814,69.0996659193995
2013-09-10 09:00:00,51.04808924204103,49.39396438020064,69.09966600885902
2013-09-10 10:00:00,51.04808955031356,49.393968891151715,69.09966574500778
2013-09-10 11:00:00,51.04808906878145,49.39394305532139,69.09966624469389
2013-09-10 12:00:00,51.04808904985641,49.393940162923215,69.09966637977165
2013-09-10 13:00:00,51.04808911433493,49.390603338680904,69.10310576315597
2013-09-10 14:00:00,51.0480894469686,44.153952007640825,69.92488985515487
2013-09-10 15:00:00,51.048089715833534,49.393944908213,70.17748706638913
2013-09-10 16:00:00,51.10626441458385,49.39393902709675,70.96534982872512
2013-09-10 17:00:00,54.12019794244087,49.393970624914786,74.10921622614491
2013-09-10 18:00:00,51.0480913642971,49.39397037744722,72.79297869339293
2013-09-10 19:00:00,51.04809123696452,49.39397337432503,72.42545119960299
2013-09-10 20:00:00,51.04809171869885,49.39397133339898,72.42543352168236
2013-09-10 21:00:00,51.04809249848308,49.39396925177786,72.42543290575438
2013-09-10 22:00:00,51.048094472139155,49.3939695523779,72.42543666012348
2013-09-10 23:00:00,51.04809237585127,49.393970155178096,72.42543606380029
2013-09-11 00:00:00,51.0480925468112,49.39397108599353,72.42543558776833
2013-09-11 01:00:00,51.04809456393321,49.39397190790724,72.4254345896568
2013-09-11 02:00:00,51.04810694825117,49.39397391112142,72.42543472672108
2013-09-11 03:00:00,51.04814055896586,49.393988731773774,72.42544195201026
2013-09-11 04:00:00,55.46069602756612,56.63004236242881,73.08365491287347
2013-09-11 05:00:00,60.53491606328448,61.443556638863086,73.4167644320009
2013-09-11 06:00:00,60.641763673430376,62.13880112364987,72.35919439133842
2013-09-11 07:00:00,54.02249428839014,60.6190532500479,71.69209752906686
2013-09-11 08:00:00,54.022490947788334,60.61905103871598,71.69209700614206
2013-09-11 09:00:00,54.02249100344262,60.61905218994073,71.69209754083057
2013-09-11 10:00:00,54.02249148751416,60.619052787457264,71.69209813719341
2013-09-11 11:00:00,54.02249233040952,60.61915233979143,71.69211749347016
2013-09-11 12:00:00,54.022492550487954,61.32263534866445,71.73557889846911
2013-09-11 13:00:00,54.022492590625085,63.85549283917783,71.85100642489022
2013-09-11 14:00:00,54.54266295441781,64.19441219655475,72.9150301959727
2013-09-11 15:00:00,57.200375382066674,64.43411882059318,74.75841487542117
2013-09-11 16:00:00,61.521231262657324,67.32769015894685,76.92677500539311
2013-09-11 17:00:00,61.652354336521235,67.91443591390951,77.56736471453327
2013-09-11 18:00:00,63.267893527094735,67.9202694343413,77.61569443821558
2013-09-11 19:00:00,63.26789744567909,68.12236031925731,77.61907734851474
2013-09-11 20:00:00,63.26789782243614,68.12305680789919,77.4896446367445
2013-09-11 21:00:00,63.26789793267781,68.73486366432383,77.8337279617476
2013-09-11 22:00:00,63.267897856027574,68.81032592169726,77.95622838343087
2013-09-11 23:00:00,63.26789795100947,69.0931256761821,78.17147134838959
2013-09-12 00:00:00,63.26789802047197,69.23943348973667,78.32829808849444
2013-09-12 01:00:00,63.26789805664605,69.79473191263986,78.92194264532759
2013-09-12 02:00:00,63.267898105040516,70.13282038619735,79.25600124745341
2013-09-12 03:00:00,63.267898494713,70.95409659200429,79.89237738274792
2013-09-12 04:00:00,72.28807793951643,82.28089489391834,91.06785213210503
2013-09-12 05:00:00,75.52260005593374,82.28091406835422,91.19179769259827
2013-09-12 06:00:00,77.00385997561715,82.2809132504424,89.80683881389206
2013-09-12 07:00:00,65.60048172247575,68.05575106006812,77.35707319172656
2013-09-12 08:00:00,65.60047995700526,68.05574646936424,77.35707055342786
2013-09-12 09:00:00,65.60048007661622,68.05574633599124,77.35707051168191
2013-09-12 10:00:00,65.60048026596716,68.05574003503855,77.35707040834583
2013-09-12 11:00:00,65.600480423327,68.05572933792789,77.3570704879909
2013-09-12 12:00:00,65.60048094351622,68.05571629326066,77.357070922603
2013-09-12 13:00:00,65.60048454387014,68.05564347164464,77.35707965196744
2013-09-12 14:00:00,67.50331412213596,68.21668878195254,78.5384849370362
2013-09-12 15:00:00,81.13586191501032,82.26983699838672,92.80951662903767
2013-09-12 16:00:00,181.78393598387896,181.13741917671788,194.6991341244142
2013-09-12 17:00:00,222.62102825996865,217.09766962050583,231.58315965859194
2013-09-12 18:00:00,223.44184837053663,217.09767480692489,231.58316097185286
2013-09-12 19:00:00,223.44185103427614,217.0976750483619,231.58316098738948
2013-09-12 20:00:00,223.4418518832001,217.0976751838374,231.57657441999118
2013-09-12 21:00:00,223.44185142274833,217.0976750048923,231.5765730322388
2013-09-12 22:00:00,219.49855185448854,217.09760863814606,231.57653419962827
2013-09-12 23:00:00,218.16484255483806,216.87473194911638,230.9836468760308
2013-09-13 00:00:00,218.1648245801265,216.87472428089774,231.38887397910182
2013-09-13 01:00:00,214.081198428349,212.86334817144555,229.95594865132304
2013-09-13 02:00:00,200.05653672477644,211.47240960153985,225.5692650054189
2013-09-13 03:00:00,202.57844225570716,214.10926527535653,228.38636139074657
2013-09-13 04:00:00,205.22329806559722,216.8746743345352,231.3034975234125
2013-09-13 05:00:00,205.22336538271594,216.87474069733378,231.30355640326766
2013-09-13 06:00:00,63.267899036291695,67.91443801271984,76.16394678931641
2013-09-13 07:00:00,63.267897912536405,67.91442174331401,73.59325842796349
2013-09-13 08:00:00,63.267897786238535,67.91441942503369,73.58157960828414
2013-09-13 09:00:00,63.267897357203495,67.91440750351305,73.58157902524356
2013-09-13 10:00:00,63.26789721004745,67.91441873200148,73.58157885326071
2013-09-13 11:00:00,63.26789732288073,67.91442100699248,73.58157878243938
2013-09-13 12:00:00,63.2678975081741,67.91442151647782,73.5815788137576
2013-09-13 13:00:00,63.267897643826956,67.91442272844353,73.58157902881929
2013-09-13 14:00:00,63.267897724209575,67.91443596154383,73.58157945257727
2013-09-13 15:00:00,63.26789782374553,67.91442550878119,73.66238171424042
2013-09-13 16:00:00,63.26789790771656,67.91443621759682,75.06629192727742
2013-09-13 17:00:00,63.26789815264072,68.4755097390591,77.0547741259156
2013-09-13 18:00:00,63.267898412264316,68.48401097410172,76.13375407822316
2013-09-13 19:00:00,63.26789831592842,68.2137873218882,75.98751701357038
2013-09-13 20:00:00,63.26789829166439,67.91444488098799,75.57883577631358
2013-09-13 21:00:00,63.26789872009786,67.91443495942876,75.05813791799751
2013-09-13 22:00:00,63.267900245632084,67.91442283489694,75.00994479170616
2013-09-13 23:00:00,65.37649039293673,67.91442250512986,74.91124871025956
2013-09-14 00:00:00,65.45905563346737,67.91442302144748,74.93842820105021
2013-09-14 01:00:00,63.2679056046343,67.91442304937065,74.81805908111096
2013-09-14 02:00:00,63.26789870511405,67.91442244353136,74.72587313728407
2013-09-14 03:00:00,63.267898050552176,67.91442174959933,74.74164390570225
2013-09-14 04:00:00,63.2678978876782,67.91442005217114,74.73139459470669
2013-09-14 05:00:00,63.26789781862055,67.91439334864309,74.7729329327485
2013-09-14 06:00:00,57.48257361409003,64.1944136567558,71.1783757880665
2013-09-14 07:00:00,48.53961185579139,55.12092214883421,61.925401759237204
2013-09-14 08:00:00,47.35692213314529,55.12091711360492,61.20981605834336
2013-09-14 09:00:00,47.356921909625214,55.120916887341636,61.20981438571851
2013-09-14 10:00:00,47.3569218298779,55.120918483807756,61.209814683206254
2013-09-14 11:00:00,47.35692171315092,55.120917864944104,61.20981379453679
2013-09-14 12:00:00,47.35692157722548,55.12092041285773,61.20981472574117
2013-09-14 13:00:00,47.35692120490756,55.335147489080185,61.23875145662063
2013-09-14 14:00:00,47.35692143672695,55.33515552697479,61.266785375163344
2013-09-14 15:00:00,47.356922155313356,55.438349430288454,62.81757162054251
2013-09-14 16:00:00,47.35692298296346,62.73381713588576,70.55154191433347
2013-09-14 17:00:00,49.8141978894466,64.86942152977373,71.70663020022877
2013-09-14 18:00:00,54.9408246459744,64.32572465012187,71.33803981099119
2013-09-14 19:00:00,54.940956579387084,64.3259481595272,71.33805921554533
2013-09-14 20:00:00,59.65184043431487,65.27454043069424,71.8669898799791
2013-09-14 21:00:00,59.290155883123546,65.11198035405282,71.75615555360022
2013-09-14 22:00:00,59.68232251902287,64.19441684465015,70.91640092727933
2013-09-14 23:00:00,59.980160701826264,64.68975678085643,70.99764913607937
2013-09-15 00:00:00,59.70228642765449,64.19441636544907,70.76972779376504
2013-09-15 01:00:00,60.43962256515614,64.19441707546902,70.412367010323
2013-09-15 02:00:00,61.65236052735124,64.19491614660909,71.14513970699728
2013-09-15 03:00:00,63.26789565737925,66.74433744445093,72.07499844429871
2013-09-15 04:00:00,63.26789635586785,66.74434846011481,72.10427208508509
2013-09-15 05:00:00,63.267896508528935,66.744355782478,72.37118038065141
2013-09-15 06:00:00,12.890211248072312,17.038920039108113,26.460221593031946
2013-09-15 07:00:00,11.846880504965217,14.684191632752206,25.37246110624367
2013-09-15 08:00:00,11.523454107494024,14.346024451155635,25.231979896563004
2013-09-15 09:00:00,10.130036738730812,13.183909084014413,24.84551449904807
2013-09-15 10:00:00,10.130036255020267,13.16447299919411,24.753933479190607
2013-09-15 11:00:00,10.130035890625976,13.164470247380763,24.513465700440797
2013-09-15 12:00:00,10.130034844211107,13.164469494288221,24.688483052155043
2013-09-15 13:00:00,10.130033392313685,13.164469783944055,24.7095666030335
2013-09-15 14:00:00,6.805243465287999,13.164470158334463,25.0015686706042
2013-09-15 15:00:00,10.130035255571386,13.164473872111266,28.193294704173297
2013-09-15 16:00:00,10.130035787056663,14.684187833647883,30.202399930092113
2013-09-15 17:00:00,10.13003602274814,14.527452106730673,31.947768119533308
2013-09-15 18:00:00,10.130034111422738,14.527425184872975,31.9622302997876
2013-09-15 19:00:00,4.3375615282865585,13.16446205072403,31.701111929632205
2013-09-15 20:00:00,4.325904742570545,11.340332659408961,31.136973296087824
2013-09-15 21:00:00,4.325904184991206,6.83810772004376,29.07673359037783
2013-09-15 22:00:00,4.325904157479153,6.837989557542086,28.118200730252994
2013-09-15 23:00:00,4.325904151715471,6.8379874311258995,28.11819776337122
2013-09-16 00:00:00,4.32590415099049,6.837987370534735,28.118194072255935
2013-09-16 01:00:00,4.325904285137174,6.837987423043772,28.118155525056196
2013-09-16 02:00:00,4.325912100973873,6.8379876439488685,28.116660828011007
2013-09-16 03:00:00,4.3427224099028265,6.837988387674671,28.119329267603725
2013-09-16 04:00:00,4.351584463641317,6.847250168165359,28.121158120978265
2013-09-16 05:00:00,10.140880619553293,12.900422705290174,29.232485004601642
2013-09-16 06:00:00,4.365137903248707,6.861426681915867,23.148902374813293
2013-09-16 07:00:00,4.325904679624921,6.837987757070278,22.098118910415273
2013-09-16 08:00:00,4.3259041367529,6.835402067628019,21.22347422159233
2013-09-16 09:00:00,4.325904006160838,6.825762703958712,18.160671998048883
2013-09-16 10:00:00,4.325904104993785,6.832956724521032,19.533103914013154
2013-09-16 11:00:00,4.325904044051049,6.832967919176239,22.205255547778762
2013-09-16 12:00:00,4.32590404880963,6.832968298296974,22.66831452206516
2013-09-16 13:00:00,4.325904120598966,6.83539012356935,23.00191180108148
2013-09-16 14:00:00,4.325904455501807,6.835441073609879,23.10374237474027
2013-09-16 15:00:00,4.3259056338988255,6.837989963946839,28.70968281889119
2013-09-16 16:00:00,11.54961142674078,15.166551123525556,37.42669348158073
2013-09-16 17:00:00,13.27606338728149,16.746658345526313,42.94567524093169
2013-09-16 18:00:00,13.276063815800299,16.746674004370036,43.34177598008336
2013-09-16 19:00:00,13.276063902633226,16.746668597654605,43.23966277961246
2013-09-16 20:00:00,13.276063918925018,16.74666710790911,43.18986515944167
2013-09-16 21:00:00,13.276063763575674,16.746666837469725,43.137357810334564
2013-09-16 22:00:00,13.05429494485649,16.746665732321695,42.54432374121861
2013-09-16 23:00:00,11.549650036145607,16.746670182324586,42.54777774024032
2013-09-17 00:00:00,11.549649330804879,16.746708419317017,42.051618152237026
2013-09-17 01:00:00,11.549649224277768,16.746711634258567,40.05110294725328
2013-09-17 02:00:00,11.549649142434902,16.746710424518238,40.05110550828816
2013-09-17 03:00:00,11.549649073547862,16.746711362110112,40.05561975966365
2013-09-17 04:00:00,11.549649105274693,16.74670606615105,40.12677469148008
2013-09-17 05:00:00,11.549649329692915,16.746701177962443,37.307927443389765
2013-09-17 06:00:00,10.180363445900706,13.564158755306117,20.889213550945193
2013-09-17 07:00:00,7.402304969985469,10.806088044633093,19.65751629091148
2013-09-17 08:00:00,4.325904207397651,10.543567235312475,15.689390331322508
2013-09-17 09:00:00,4.325904186616695,8.197799395294417,15.603452833918208
2013-09-17 10:00:00,4.325905299967782,10.139041684975595,18.446040925206184
2013-09-17 11:00:00,5.057855140818916,10.546198692600322,17.521665237261434
2013-09-17 12:00:00,7.014727914884604,10.546200182288104,17.941170906667367
2013-09-17 13:00:00,9.84649521716526,15.096376676454557,19.58488585829509
2013-09-17 14:00:00,10.185842346897605,16.435938727279275,20.735360591169908
2013-09-17 15:00:00,12.699955481875712,47.09067250331597,24.3624943002536
2013-09-17 16:00:00,52.969990232147865,64.19441336697709,64.25167137116583
2013-09-17 17:00:00,57.77386818223987,64.19967862800759,71.72852680814734
2013-09-17 18:00:00,61.52123416351883,64.19967843150295,72.05073202582732
2013-09-17 19:00:00,63.26789338577173,64.27087282119666,72.89838452598154
2013-09-17 20:00:00,63.26789725830772,65.55377234738211,72.953594404694
2013-09-17 21:00:00,63.26789739197534,65.5450725593802,72.95359254340771
2013-09-17 22:00:00,63.26789800674461,64.71797233094726,73.09921030854368
2013-09-17 23:00:00,63.483725802138025,66.0590956087359,73.37442271647555
2013-09-18 00:00:00,63.2678991074499,67.19039085440197,73.59548653684614
2013-09-18 01:00:00,63.26789791124243,67.1903937086297,73.59560669751174
2013-09-18 02:00:00,63.26789781428922,67.19040184765612,73.81937523409482
2013-09-18 03:00:00,63.267897672037336,67.35590185119548,74.67291937096678
2013-09-18 04:00:00,63.2679685909826,67.91443944152091,75.30943589038715
2013-09-18 05:00:00,65.60047422033706,67.91444048303927,75.91778940083928
2013-09-18 06:00:00,65.60049137444116,67.91443954093836,75.88223433626023
2013-09-18 07:00:00,63.26789753352527,64.1996808243787,72.85685905736068
2013-09-18 08:00:00,63.26789747652286,64.1616343452948,72.78289218611185
2013-09-18 09:00:00,63.26789744008098,64.16163556298169,72.78289106961425
2013-09-18 10:00:00,63.267897323336655,64.16163542212932,72.78289102417992
2013-09-18 11:00:00,63.26789728567049,64.16163544272068,72.78289113891054
2013-09-18 12:00:00,63.26789719657675,64.16163534071693,72.78289174608304
2013-09-18 13:00:00,63.267888364830625,64.16163481594589,72.78620182831791
2013-09-18 14:00:00,63.26788824518097,64.16163457819995,72.86803991139715
2013-09-18 15:00:00,63.26788813819039,64.20762164288209,73.19025396137958
2013-09-18 16:00:00,63.267888607729134,64.20765267683994,74.93416706926813
2013-09-18 17:00:00,63.267896913021644,67.83696697776932,76.35507824248798
2013-09-18 18:00:00,63.26789713946937,65.53451824903898,76.05819813293189
2013-09-18 19:00:00,63.26789704057163,65.67290715287575,75.85379237898779
2013-09-18 20:00:00,63.26789716358549,65.35301916882325,74.44654860281744
2013-09-18 21:00:00,63.26789720115368,65.41240519093715,74.17373585292445
2013-09-18 22:00:00,63.2678889601142,65.46458650245985,74.18961702901346
2013-09-18 23:00:00,63.267888816390524,65.30624333616072,74.15174621078644
2013-09-19 00:00:00,63.267888912195275,64.93912559408953,74.00760466793189
2013-09-19 01:00:00,63.26789004693892,64.88461234989413,73.95223111917862
2013-09-19 02:00:00,63.267896893767755,64.90004209304387,73.95539562782679
2013-09-19 03:00:00,63.26789715130033,65.15916472565442,74.15072140865375
2013-09-19 04:00:00,63.26789721205319,65.85524053662893,74.43814853683632
2013-09-19 05:00:00,63.26789730302707,67.34370609670182,75.64837702510944
2013-09-19 06:00:00,63.2678973155974,67.68590571815147,71.86151403317349
2013-09-19 07:00:00,57.51150001412402,57.95991979548748,66.57879079094741
2013-09-19 08:00:00,57.51149614684309,57.12882068782348,66.57879002713814
2013-09-19 09:00:00,57.51149692332286,56.315262104096234,66.5787871925698
2013-09-19 10:00:00,61.52122342574334,57.95989194924131,66.57878976814453
2013-09-19 11:00:00,57.51149605370412,52.62877317029408,66.57879067051763
2013-09-19 12:00:00,57.51149493560005,57.95991483389602,66.57879104778405
2013-09-19 13:00:00,57.51146610205074,57.95992093351579,66.57880931321654
2013-09-19 14:00:00,57.51149416928423,57.959926190271545,66.68713929637403
2013-09-19 15:00:00,57.51149555678498,58.86486922015531,68.62324542415425
2013-09-19 16:00:00,57.51149667536465,60.00586562034128,73.25281419236026
2013-09-19 17:00:00,57.51150074303087,60.00589514903332,73.319212813862
2013-09-19 18:00:00,57.51149950585261,60.00586360681851,73.24809656551676
2013-09-19 19:00:00,57.511498598421056,60.00586358801236,73.24046951983992
2013-09-19 20:00:00,57.51149855484718,60.005867394292665,73.24045021312881
2013-09-19 21:00:00,57.511500169836495,60.005874497808435,73.24044858232006
2013-09-19 22:00:00,61.52122433869283,63.53553220581455,73.24044639184883
2013-09-19 23:00:00,62.064176255040984,63.535548618679115,73.24045169945595
2013-09-20 00:00:00,62.98826338867038,64.52388591564349,73.60774107778617
2013-09-20 01:00:00,63.267896814805894,64.80901021289169,73.62091375353367
2013-09-20 02:00:00,63.267897110019305,65.21063440054687,73.60254327680265
2013-09-20 03:00:00,63.26789715778125,65.21064156611716,73.84086527435899
2013-09-20 04:00:00,63.26789721628071,66.38962638237537,74.28537961774882
2013-09-20 05:00:00,63.26789724589995,67.19227857013438,74.9865871059132
2013-09-20 06:00:00,63.26789723858061,65.45360060968581,73.69225710270716
2013-09-20 07:00:00,63.267896935162604,65.45359811335157,73.59274281373338
2013-09-20 08:00:00,63.26789665761851,65.45359510704121,73.47693423432106
2013-09-20 09:00:00,63.26789680579095,65.453596257777,73.47693713699695
2013-09-20 10:00:00,63.26789710939569,65.45360072701092,73.47693521258522
2013-09-20 11:00:00,63.26789686143643,65.45360084787207,73.47693409067669
2013-09-20 12:00:00,63.26789672722543,65.45360075541953,73.47693412498872
2013-09-20 13:00:00,63.26789691106705,65.45360116573349,73.4769344410014
2013-09-20 14:00:00,63.26789696526639,65.45360284301037,73.4769360756002
2013-09-20 15:00:00,63.267897127985414,65.45360552502507,73.77037789813238
2013-09-20 16:00:00,63.267897257356026,66.8280171775558,74.57376984494627
2013-09-20 17:00:00,63.26789761854039,69.29987692423491,75.97513289728063
2013-09-20 18:00:00,63.78616416585916,70.187424321972,76.28612807772095
2013-09-20 19:00:00,67.20010711136976,70.37506786531934,76.06980178983319
2013-09-20 20:00:00,67.6703690543833,70.37512261255746,75.87907583935431
2013-09-20 21:00:00,68.29953377793288,70.75280679180486,76.34047134858257
2013-09-20 22:00:00,66.97063972095168,69.29517966022847,75.61456705789453
2013-09-20 23:00:00,66.39821195512334,67.92266545950226,75.51662872409965
2013-09-21 00:00:00,65.6004697373612,67.92147032240473,75.42039646013701
2013-09-21 01:00:00,63.267899985771095,67.92146850728662,75.33259492412378
2013-09-21 02:00:00,63.26789966237733,67.92146836421223,75.33258310918467
2013-09-21 03:00:00,63.91365884227791,67.91444110387455,75.33231930941027
2013-09-21 04:00:00,64.72759236849092,67.91444088435433,75.33243629402548
2013-09-21 05:00:00,65.29740957693117,67.9144412230889,75.39046296211968
2013-09-21 06:00:00,65.45907699532599,67.91444095454419,75.03119491323216
2013-09-21 07:00:00,63.85875472870701,67.91444028043767,71.27410891005344
2013-09-21 08:00:00,63.26789732250229,66.82801903713715,70.44435951820643
2013-09-21 09:00:00,63.26789728518717,66.82801855546357,70.33967971484496
2013-09-21 10:00:00,63.26789722230161,66.82801901523146,70.33968030721941
2013-09-21 11:00:00,63.26789717195297,66.82801923269359,70.33967886060329
2013-09-21 12:00:00,63.26789712231083,66.82801910708477,70.33967881785898
2013-09-21 13:00:00,63.26789700466724,66.82801887457224,70.3396789234147
2013-09-21 14:00:00,63.267896908266394,66.82801872710635,70.34826929999748
2013-09-21 15:00:00,63.26789711067602,66.828018447296,70.94482777566819
2013-09-21 16:00:00,63.267897212928624,66.82802188460583,74.25470135882426
2013-09-21 17:00:00,63.267897223818885,67.91444089760543,75.57390069665878
2013-09-21 18:00:00,63.26789722213681,67.9144410557462,75.2020838841252
2013-09-21 19:00:00,63.26789723758391,67.91444105845625,74.21780031369725
2013-09-21 20:00:00,63.267897200054385,67.91444058137704,73.18891333365008
2013-09-21 21:00:00,63.267897158321745,67.91443945881474,72.86732250880358
2013-09-21 22:00:00,63.2678970859695,67.91441765748715,72.80826116776204
2013-09-21 23:00:00,63.26789702717239,67.37946187588791,72.47207644048972
2013-09-22 00:00:00,63.267897057505955,67.37945038191381,72.47205709875125
2013-09-22 01:00:00,63.267896971773844,67.50003946806494,72.43496996606547
2013-09-22 02:00:00,63.26789684324775,67.68218907397174,72.46862989992117
2013-09-22 03:00:00,63.26789666522015,67.68218666547729,72.46861864583076
2013-09-22 04:00:00,63.26789641944127,67.68220071284648,72.46861948343407
2013-09-22 05:00:00,63.26789625360374,67.28642262891667,72.16331931446665
2013-09-22 06:00:00,11.796066112709354,64.1944191497964,21.625911137275214
2013-09-22 07:00:00,10.350854816598545,64.19441756253683,20.95304458226068
2013-09-22 08:00:00,10.350851067833808,64.19441702502458,20.213030907073616
2013-09-22 09:00:00,10.35085062576604,64.19441698437103,20.16241512016956
2013-09-22 10:00:00,10.350844619403563,64.19441699397252,19.813983087498542
2013-09-22 11:00:00,8.832779102753907,64.19441706197973,19.977446076730832
2013-09-22 12:00:00,8.867268647311263,64.1944172105773,19.975665286414
2013-09-22 13:00:00,8.986732734462894,64.19441769467262,20.01109832609923
2013-09-22 14:00:00,10.07383017410682,64.19441935654869,20.39479115624285
2013-09-22 15:00:00,13.731329063925113,65.55500062492463,27.31518368837518
2013-09-22 16:00:00,47.88126205073017,67.91444011565086,44.783948291906086
2013-09-22 17:00:00,63.26789351206476,67.7267438057107,48.99150264620528
2013-09-22 18:00:00,63.267896794267244,66.19190058973999,48.959836765646806
2013-09-22 19:00:00,63.26789693482086,66.19184285630544,48.8081111551872
2013-09-22 20:00:00,63.26789700736473,66.19181487215482,48.772135968594284
2013-09-22 21:00:00,63.267897033952096,66.19181283397344,48.70585187229822
2013-09-22 22:00:00,63.26789704687606,65.5929472528119,48.211148495418065
2013-09-22 23:00:00,63.267897066264084,65.59290705721627,48.211141415766484
2013-09-23 00:00:00,63.26789712331815,65.5929051825687,48.70578760218369
2013-09-23 01:00:00,63.26789718659206,65.5929093378121,48.80836584841524
2013-09-23 02:00:00,63.267897241305405,66.64678107589374,49.013999665127535
2013-09-23 03:00:00,63.26789729860914,68.13216537843951,49.536425750326295
2013-09-23 04:00:00,63.26789865321103,68.1308719519733,49.543012328844256
2013-09-23 05:00:00,63.267897604420284,68.1744352481701,49.53013766766346
2013-09-23 06:00:00,63.26789713898533,69.58671967411128,30.264393006281423
2013-09-23 07:00:00,63.26789709319343,64.19442147210079,28.905774004126265
2013-09-23 08:00:00,63.26789707358745,64.1944199270608,27.659407720472174
2013-09-23 09:00:00,63.267897098523335,64.19441930142419,27.01286098355533
2013-09-23 10:00:00,63.26789709811018,64.19441896007059,23.896549279068125
2013-09-23 11:00:00,63.267897124203614,64.19441873629417,23.460768166950174
2013-09-23 12:00:00,63.267897154614104,64.19441856917894,23.466125292343733
2013-09-23 13:00:00,63.26789716763487,64.19441841232128,27.66221669214741
2013-09-23 14:00:00,63.26789722122133,64.19441850131288,30.426792334837003
2013-09-23 15:00:00,63.26789743798584,64.19442019458624,50.6476224009947
2013-09-23 16:00:00,65.46824222065277,66.00897792414762,69.15165673564344
2013-09-23 17:00:00,73.40224708742214,72.79553022645888,74.98056148484915
2013-09-23 18:00:00,71.57830053140837,73.0208193240533,75.45406923065235
2013-09-23 19:00:00,69.14195516185339,71.04271083763028,75.00844186955855
2013-09-23 20:00:00,68.14321621878004,70.98198106827655,75.03430884651603
2013-09-23 21:00:00,68.08583186484495,70.77060973868934,75.03431149014418
2013-09-23 22:00:00,68.55210274578062,71.00514020135144,75.50989988238253
2013-09-23 23:00:00,69.30808419458202,71.04270859923419,76.34804170202746
2013-09-24 00:00:00,69.20221549725935,71.04273405171105,76.52618745475048
2013-09-24 01:00:00,70.16615779243122,72.10829736853555,76.67349313093992
2013-09-24 02:00:00,74.20288800772035,74.21997917578956,78.11459456276937
2013-09-24 03:00:00,76.50547036232489,74.22214718997368,78.27115662215601
2013-09-24 04:00:00,80.00547474813021,79.92103226029498,79.34312694228544
2013-09-24 05:00:00,80.00547799331211,79.92103580245738,79.349956984431
2013-09-24 06:00:00,80.00547577330073,77.68291693975935,75.24906379053492
2013-09-24 07:00:00,65.60047844841594,66.00895574756552,69.47486540183834
2013-09-24 08:00:00,65.60047520352224,64.1953905152003,66.98825759515648
2013-09-24 09:00:00,65.6004751296834,64.1953893763221,66.988257437663
2013-09-24 10:00:00,65.60047504379881,64.1944215648494,66.98825730267815
2013-09-24 11:00:00,65.60047506652643,64.19442002049968,66.98825656080672
2013-09-24 12:00:00,65.60047526352965,64.19442108374504,66.98582941967187
2013-09-24 13:00:00,65.6004756353168,64.19538988312526,67.11282731945015
2013-09-24 14:00:00,65.6004772125643,65.35689092194336,68.6107170981872
2013-09-24 15:00:00,68.19467450352883,67.93763226750694,72.4099723524299
2013-09-24 16:00:00,171.64130869346343,176.94099945448014,166.29528563353875
2013-09-24 17:00:00,210.68105992221155,216.87472355762478,198.81235301794175
2013-09-24 18:00:00,210.68105914156618,216.8747226973074,198.81248235942644
2013-09-24 19:00:00,210.68105458178425,216.87471870474303,198.95698233462613
2013-09-24 20:00:00,210.6810213287333,216.874685745855,198.95709947631727
2013-09-24 21:00:00,210.51383392201708,216.70451084434407,199.03804698728658
2013-09-24 22:00:00,206.10950480492974,212.22150174821567,197.48604138477285
2013-09-24 23:00:00,206.10949122488853,212.22148830969067,199.20239425556213
2013-09-25 00:00:00,204.62425911252217,210.70972275830732,198.04122405090428
2013-09-25 01:00:00,206.47667902725755,212.59523584766387,199.39720775541093
2013-09-25 02:00:00,208.10008708256586,214.24764717228928,200.52505839128955
2013-09-25 03:00:00,210.68104082339016,216.87470915285348,201.77018766684066
2013-09-25 04:00:00,210.6810600999171,216.8747213855216,201.8404951759814
2013-09-25 05:00:00,210.68106069511293,216.87472298015797,201.84049762997927
2013-09-25 06:00:00,77.12575317932723,81.81809658923753,83.20521856815279
2013-09-25 07:00:00,70.01403767967979,69.91617696548697,73.78513092728491
2013-09-25 08:00:00,65.60047859992987,66.9724934761559,71.92018595168648
2013-09-25 09:00:00,65.60046797209367,66.97249239854165,71.92018554012374
2013-09-25 10:00:00,63.26790241512508,65.68086923071337,71.92018501438251
2013-09-25 11:00:00,63.26789781560188,64.98454865216576,71.9201852309691
2013-09-25 12:00:00,63.2678979230802,64.9151997388094,71.92018571155236
2013-09-25 13:00:00,63.267903237150506,65.7719457170798,71.92018644909463
2013-09-25 14:00:00,65.4590499556079,67.54488520901295,72.4794902750216
2013-09-25 15:00:00,65.45907563391302,67.85976053321387,73.81391514332884
2013-09-25 16:00:00,68.72113199113399,71.26182517235554,76.54220078210227
2013-09-25 17:00:00,77.1257488449055,81.9815878996139,85.458127604395
2013-09-25 18:00:00,65.60047530919877,71.28353338090028,76.24015400499334
2013-09-25 19:00:00,63.267897355768234,67.91632251782966,74.80700899649023
2013-09-25 20:00:00,63.26789706383717,67.91444201824604,74.44862740787751
2013-09-25 21:00:00,63.267896975147124,67.9144416782684,74.33184770202412
2013-09-25 22:00:00,63.26789690204402,67.91444086851006,74.31142578937028
2013-09-25 23:00:00,63.26789684106001,67.88052214009362,74.2592207198809
2013-09-26 00:00:00,63.26789679182792,67.85976015594174,73.91368416511116
2013-09-26 01:00:00,63.267896760810544,67.88870295283489,73.87283826858909
2013-09-26 02:00:00,63.267896731941434,67.8886897231978,73.87284042545276
2013-09-26 03:00:00,63.26789675094395,67.85977464988498,73.89493950697526
2013-09-26 04:00:00,63.26789676198754,67.91444038976552,74.55691194554723
2013-09-26 05:00:00,63.267896746605714,67.91444110030478,74.56259515337773
2013-09-26 06:00:00,63.26789183398316,67.91444033192855,73.59251813282704
2013-09-26 07:00:00,63.26788540903721,67.25138582365418,73.39366539823875
2013-09-26 08:00:00,63.26788992488752,67.25138309336826,73.3651211056046
2013-09-26 09:00:00,63.26789137397007,66.81609841888043,73.33800389376589
2013-09-26 10:00:00,63.26789663053577,66.77577766519778,73.36512180522493
2013-09-26 11:00:00,63.26789683509399,66.49699741181298,73.39991998064843
2013-09-26 12:00:00,63.26789698127793,66.49688091726497,73.44834713799527
2013-09-26 13:00:00,63.26789897462919,65.8748193341549,73.53028483367224
2013-09-26 14:00:00,65.63116306304154,67.91443925491838,74.95335899232899
2013-09-26 15:00:00,65.63115832127586,67.91444028648728,74.68567201201598
2013-09-26 16:00:00,67.60481488832446,68.97815770666158,76.50174538557803
2013-09-26 17:00:00,79.70960344922834,82.27416886946033,84.66336523126188
2013-09-26 18:00:00,77.67961073762918,78.87472693519577,83.35330396971196
2013-09-26 19:00:00,72.42819917345054,73.71621747943058,79.08514165721967
2013-09-26 20:00:00,72.23202489700587,73.52351220671663,78.91326773301822
2013-09-26 21:00:00,70.1732216974491,71.50113108908913,77.6933031199584
2013-09-26 22:00:00,67.66024283573708,69.69505677583317,76.6056379524986
2013-09-26 23:00:00,68.33866629700157,69.69903276816159,76.59483984438587
2013-09-27 00:00:00,70.25631138222494,71.58274977279281,77.73698524745787
2013-09-27 01:00:00,72.0862229757117,73.38028836366928,78.8202926848832
2013-09-27 02:00:00,72.42120982449937,73.70934811643978,79.08453664066431
2013-09-27 03:00:00,73.71500788738997,74.9802490626156,80.23627969723593
2013-09-27 04:00:00,78.72242829156349,79.38534112879302,84.78441642611901
2013-09-27 05:00:00,79.70965285136893,82.27421260378983,85.57244650973877
2013-09-27 06:00:00,72.52060546454504,73.8069858659836,79.19318862570688
2013-09-27 07:00:00,63.430379939152665,66.03102079277322,72.80742222742397
2013-09-27 08:00:00,63.26789667357231,64.99272497423527,72.26026944563593
2013-09-27 09:00:00,63.267896558871676,64.63249264172649,72.25873563475935
2013-09-27 10:00:00,63.26789650304102,64.63248810699751,72.2602688856031
2013-09-27 11:00:00,63.26789647636723,64.19443497224667,72.26026911578062
2013-09-27 12:00:00,63.26789648646666,64.63246751921032,72.26026924253723
2013-09-27 13:00:00,63.26789652027387,64.63168398857916,72.26026994076524
2013-09-27 14:00:00,63.267896567957095,64.9918008355447,72.27589742342012
2013-09-27 15:00:00,63.26789689546331,65.13194290459263,73.3246150426272
2013-09-27 16:00:00,67.811746869321,69.18142818062273,77.95537151693756
2013-09-27 17:00:00,77.12575087473184,77.38647553385348,86.05547400035148
2013-09-27 18:00:00,75.00174877014653,76.24425573294917,85.233716980903
2013-09-27 19:00:00,71.50731034715523,74.36357851073925,82.29067076033668
2013-09-27 20:00:00,67.9660770663268,70.88109248103457,78.89061231238325
2013-09-27 21:00:00,64.58463002528195,67.91444299218595,78.68844833044288
2013-09-27 22:00:00,63.268477825578344,67.91444154818487,77.94141582838684
2013-09-27 23:00:00,63.267913963745514,67.91444151175834,77.94089208099125
2013-09-28 00:00:00,63.26789900379705,67.9144413985267,77.94087837904077
2013-09-28 01:00:00,63.267898702292584,67.91444141063349,77.94087916172067
2013-09-28 02:00:00,63.26789861447727,67.91444106422657,77.94087943382289
2013-09-28 03:00:00,63.2679071324133,67.91444079631377,77.94093460609635
2013-09-28 04:00:00,63.28886146519659,67.91444067951304,78.0749735737962
2013-09-28 05:00:00,63.26791328140701,67.91444038312645,78.01606423613926
2013-09-28 06:00:00,45.03223621117464,48.59420924174535,64.77733318303399
2013-09-28 07:00:00,32.30446247561399,38.880983574604656,59.988869631177096
2013-09-28 08:00:00,30.62907755922743,33.84115668101848,56.31926172393515
2013-09-28 09:00:00,30.629069172160126,33.841154599330835,56.315248175381974
2013-09-28 10:00:00,25.34859508153163,33.2751782359046,56.30484398031985
2013-09-28 11:00:00,25.34859358894657,33.052064860375225,56.315247508104704
2013-09-28 12:00:00,25.348593498965176,33.12857950240379,56.315235498168235
2013-09-28 13:00:00,25.348593512488897,33.84115404725023,56.30872717595511
2013-09-28 14:00:00,25.34859397263922,33.841154704684584,57.0500200841691
2013-09-28 15:00:00,25.34859472758355,33.84115717002072,62.21900694043408
2013-09-28 16:00:00,30.311797027693306,39.57089619895315,66.81583280044413
2013-09-28 17:00:00,30.31179702605173,40.20854792460061,66.75724491934614
2013-09-28 18:00:00,25.35010375521664,37.10046036378836,66.63854072818093
2013-09-28 19:00:00,21.735524343083785,34.27951701781461,65.30712545186005
2013-09-28 20:00:00,21.735521940074022,33.922357573542484,62.69866233092592
2013-09-28 21:00:00,21.73552129986609,33.92646829893323,62.713414534977936
2013-09-28 22:00:00,21.73552069684268,33.84151550513131,61.743512226344535
2013-09-28 23:00:00,21.735520951607704,33.841154110417904,61.815825593370775
2013-09-29 00:00:00,21.73552078007989,33.84115318568064,62.106081992984606
2013-09-29 01:00:00,21.735520626202206,33.841153836064265,62.18399993926635
2013-09-29 02:00:00,21.73552036923206,33.84115312631714,62.28977547196422
2013-09-29 03:00:00,21.73551646510353,33.84115439167184,62.38498063995108
2013-09-29 04:00:00,20.473500083861932,33.84115397619495,62.457977199465056
2013-09-29 05:00:00,20.063564184256464,33.841152478844364,62.2434750219374
2013-09-29 06:00:00,4.3259061559455105,13.486735890376364,39.132623701668614
2013-09-29 07:00:00,4.325904134641701,11.907557517552227,35.227872971960224
2013-09-29 08:00:00,4.32590409893537,11.085120576591326,34.087058739566785
2013-09-29 09:00:00,4.325903983621094,6.837989267561476,32.1701582341922
2013-09-29 10:00:00,4.325904007066489,6.837990869121477,32.765232546767564
2013-09-29 11:00:00,4.325903979966638,6.837987742313574,32.164282710191515
2013-09-29 12:00:00,4.325903981174721,6.8379871886582375,32.16283106048177
2013-09-29 13:00:00,4.325904000985044,6.8379866531493745,32.13016403194364
2013-09-29 14:00:00,4.32590406184015,8.09834868941008,33.701516746402696
2013-09-29 15:00:00,4.325904306315446,11.089103733033227,41.106915794007776
2013-09-29 16:00:00,10.596072097354057,30.587088851737118,51.24889053704115
2013-09-29 17:00:00,10.597536531670062,47.26218652819706,52.14040549016214
2013-09-29 18:00:00,10.598999346788807,43.51059107636837,50.933888949743675
2013-09-29 19:00:00,10.600462479207916,43.93728735302025,52.138280459860006
2013-09-29 20:00:00,10.60192631544501,44.39309246469469,52.059705729176144
2013-09-29 21:00:00,10.603390341042974,44.393093749743045,52.059990775697834
2013-09-29 22:00:00,10.604853505508938,44.39309244347207,52.06022735413806
2013-09-29 23:00:00,10.606320542571805,44.39309382261354,54.64878997695566
2013-09-30 00:00:00,10.607786292739153,44.39309717512825,58.078289761433275
2013-09-30 01:00:00,10.609252355446728,44.99505899498497,59.51170024627871
2013-09-30 02:00:00,10.61071828862567,47.262298076395496,59.80048306790948
2013-09-30 03:00:00,10.612184296429952,47.26231259537458,59.957252043071726
2013-09-30 04:00:00,10.613657076075885,47.262313334284045,60.1355807632124
2013-09-30 05:00:00,12.10604348983301,47.26231354876079,60.28265899962648
2013-09-30 06:00:00,12.106047396092034,38.674773650936054,57.044594798492334
2013-09-30 07:00:00,10.618048238743892,32.59948701984699,48.76738843104472
2013-09-30 08:00:00,4.325913320771236,31.964998877143614,48.73409700686921
2013-09-30 09:00:00,4.32590454150056,31.96499733442584,48.63816674297347
2013-09-30 10:00:00,4.325905036470452,31.964996990330143,48.7340620919024
2013-09-30 11:00:00,4.325905193826266,31.964997055985993,48.754078650942084
2013-09-30 12:00:00,4.325905527370494,31.96499708339694,48.75407977651368
2013-09-30 13:00:00,4.325906596308184,31.96499788150954,48.75558666235498
2013-09-30 14:00:00,10.628328140673638,31.96500139420107,51.296961303868514
2013-09-30 15:00:00,10.629806730592495,34.72616653992814,54.19792060440077
2013-09-30 16:00:00,30.626167730050614,55.85365074946719,66.12208630175559
2013-09-30 17:00:00,30.62617345304536,56.7315041745815,66.20476223408414
2013-09-30 18:00:00,29.851641912338398,56.73149345699426,66.04680395739241
2013-09-30 19:00:00,25.609142225919197,56.540002370299035,66.47212875568007
2013-09-30 20:00:00,25.60324214529262,56.61866275802157,66.53261107375445
2013-09-30 21:00:00,25.603250482258183,56.731498947554726,66.620013596481
2013-09-30 22:00:00,25.603241855565074,54.89060410083361,65.42142582688622
2013-09-30 23:00:00,29.844089020652408,56.598314755789374,66.63756960559856
2013-10-01 00:00:00,30.62617623442685,56.73150211328752,66.71344392298047
2013-10-01 01:00:00,30.626176138399877,56.73150471051238,66.93958244493486
2013-10-01 02:00:00,30.626172254834373,56.73150555027189,66.93958916688051
2013-10-01 03:00:00,30.626149142373613,56.73150545166361,66.93961171944376
2013-10-01 04:00:00,30.62617524975596,56.73150248574848,66.93964042071244
2013-10-01 05:00:00,30.62617729754697,56.598949538414274,66.93964074223545
2013-10-01 06:00:00,12.173195043202087,18.85689278491231,50.180349099957965
2013-10-01 07:00:00,10.656325213244711,15.95437311142894,44.377893627390776
2013-10-01 08:00:00,10.656324805727966,11.135152566841867,43.15284269168774
2013-10-01 09:00:00,4.337562096549462,6.837989660725127,43.152841245764606
2013-10-01 10:00:00,4.3375611435813815,6.837987387373937,42.27222019022879
2013-10-01 11:00:00,4.327731104136168,6.837987244105764,41.32556862177266
2013-10-01 12:00:00,4.337577237708442,6.837987740160389,42.27222171666999
2013-10-01 13:00:00,10.656325236668739,11.135146497024031,43.15518549142932
2013-10-01 14:00:00,10.656323078250082,11.136169068753311,45.19605297904501
2013-10-01 15:00:00,10.677025974002877,26.998772706644946,52.97194486156574
2013-10-01 16:00:00,12.19875493426903,31.763580389849963,58.23089650628482
2013-10-01 17:00:00,12.198755123633497,31.763582121772938,58.230983284267836
2013-10-01 18:00:00,10.678468392648826,31.763581264798862,57.87571052519644
2013-10-01 19:00:00,10.677029838395757,31.763576298205244,57.74245346501842
2013-10-01 20:00:00,10.67702956478407,31.495074684538224,57.15936531562215
2013-10-01 21:00:00,10.67702945657063,27.03362421388213,54.7310900129841
2013-10-01 22:00:00,10.677029128653139,26.998778683771956,53.877782958762786
2013-10-01 23:00:00,10.677031006607834,26.99878047093949,54.29270930980618
2013-10-02 00:00:00,10.678512984917663,31.169780737881023,56.47248751466422
2013-10-02 01:00:00,10.679995385555271,31.479069165067333,57.39067465978192
2013-10-02 02:00:00,10.681477568881785,31.627856180248603,58.096113398305974
2013-10-02 03:00:00,10.682959480735443,31.763561618487625,58.2299473298555
2013-10-02 04:00:00,10.684442216577478,31.76355066806486,58.23085639430714
2013-10-02 05:00:00,10.68592537972047,31.76354673041567,58.03113617580485
2013-10-02 06:00:00,9.351478377702136,13.75875083803001,21.860377154286674
2013-10-02 07:00:00,4.954592290998534,11.52797260402566,20.190981539335684
2013-10-02 08:00:00,4.3259058558122865,10.895072268039456,19.133937109222586
2013-10-02 09:00:00,4.32590409368869,8.349213523561135,15.056237866380382
2013-10-02 10:00:00,4.325904074166341,7.233882391362282,13.703406033072916
2013-10-02 11:00:00,4.325904056495458,7.170112996933895,13.835165086403132
2013-10-02 12:00:00,4.325904069924515,7.305041190698822,14.391067953659338
2013-10-02 13:00:00,4.325904088181702,9.830499131615468,18.144275206845897
2013-10-02 14:00:00,4.325904685200181,10.72795301320955,19.25693425844714
2013-10-02 15:00:00,9.53548563831831,14.24825117595417,24.007956472045663
2013-10-02 16:00:00,10.7022773927517,15.894685393843243,32.59799011330181
2013-10-02 17:00:00,10.705183110612232,16.019786615062095,32.583304749086466
2013-10-02 18:00:00,10.705238226970287,16.014029121323784,32.113325764049904
2013-10-02 19:00:00,10.706725705248344,15.364648512226069,31.994055773095965
2013-10-02 20:00:00,10.708213547631512,14.747254572329465,31.915743233094673
2013-10-02 21:00:00,10.709702632007303,14.343773141518998,31.837539256145327
2013-10-02 22:00:00,10.711189199292583,14.343721091252956,29.828255281294304
2013-10-02 23:00:00,10.712681126081002,14.348865168211873,29.90523839452687
2013-10-03 00:00:00,10.71417180838062,14.375229846148695,31.73650621770299
2013-10-03 01:00:00,10.715662013821284,14.74726553779149,31.86785982222184
2013-10-03 02:00:00,10.717152517387266,15.490121559915401,32.08971909968314
2013-10-03 03:00:00,10.718643769787494,16.01978609543141,32.19931415913811
2013-10-03 04:00:00,10.720135239906927,16.019786956727955,32.14431649893706
2013-10-03 05:00:00,10.721626849277275,16.019787115233395,31.96626915512278
2013-10-03 06:00:00,4.897492040498557,15.772663275275102,14.45740391639729
2013-10-03 07:00:00,4.325905501542729,11.886734065217514,14.351766862330917
2013-10-03 08:00:00,4.325904401455103,7.513337416968107,14.106426767531328
2013-10-03 09:00:00,4.325904140591151,6.989821337083499,13.454755037437737
2013-10-03 10:00:00,4.325904180231595,6.83961414400157,13.326803330148746
2013-10-03 11:00:00,4.325904095059579,6.839602312364113,13.326795043818247
2013-10-03 12:00:00,4.325904101010535,7.023937298795882,13.486688954500089
2013-10-03 13:00:00,4.3259041190869825,7.513338681192414,14.160963695071688
2013-10-03 14:00:00,4.3259041621546395,7.680980718716295,14.472848160988235
2013-10-03 15:00:00,4.325906146623157,6.8500576505772495,15.229996792346228
2013-10-03 16:00:00,4.335857707997559,11.585561653441253,27.174346538693342
2013-10-03 17:00:00,4.32590737524024,11.542040465434594,27.183767831363333
2013-10-03 18:00:00,4.325905256402465,11.580933155040675,27.186583084949213
2013-10-03 19:00:00,4.325908478569875,11.582162405418151,27.17247209382278
2013-10-03 20:00:00,4.3358665754929575,11.762761006015069,27.20715040761592
2013-10-03 21:00:00,4.335870064326801,13.822117565017274,27.646401234671277
2013-10-03 22:00:00,10.742547312699864,15.208259254484954,27.840441259794915
2013-10-03 23:00:00,10.74289176639644,15.697505600390816,27.935806849279864
2013-10-04 00:00:00,10.750025610232466,15.69751044707964,27.93583690940914
2013-10-04 01:00:00,10.751527725871831,15.697511320745681,27.941057378762544
2013-10-04 02:00:00,10.753026357442003,15.697512097028538,27.9410775503043
2013-10-04 03:00:00,10.754522050936401,15.697510380777585,27.941115865598206
2013-10-04 04:00:00,10.756020181961638,15.697510550247598,27.94115263637905
2013-10-04 05:00:00,10.75752296548798,15.697514155162406,27.941198628342846
2013-10-04 06:00:00,10.759021988946682,15.327603879519437,21.68681666622944
2013-10-04 07:00:00,4.335866090508577,13.201694306401626,20.481445970590794
2013-10-04 08:00:00,4.3259047908396795,12.794137904001381,19.05588133369529
2013-10-04 09:00:00,4.3259043981089995,13.201692429332148,19.003800963050853
2013-10-04 10:00:00,4.335867962877962,13.201709152279903,18.94976216350354
2013-10-04 11:00:00,4.335866466749741,13.201699290662605,18.711454874755816
2013-10-04 12:00:00,4.335866137015562,13.201699704017779,18.83755475032468
2013-10-04 13:00:00,4.3358667264951185,13.434005098540837,21.39971271167832
2013-10-04 14:00:00,10.289971232174853,17.30714169634671,26.05191845321953
2013-10-04 15:00:00,11.640403213734299,34.23017999605461,42.307925766151875
2013-10-04 16:00:00,33.921963533083556,61.69599865361995,62.87662539975531
2013-10-04 17:00:00,33.921967791096904,61.86733211069826,63.05956464894114
2013-10-04 18:00:00,33.921968708992594,64.09694093923842,63.08045840358796
2013-10-04 19:00:00,33.921969491406806,64.0969420450073,63.08608529536245
2013-10-04 20:00:00,33.921971375275575,64.26996305575372,63.1303142651333
2013-10-04 21:00:00,36.88376202064771,64.60746248420617,64.13382709332488
2013-10-04 22:00:00,48.31305994454181,64.09694410375388,66.25282018376662
2013-10-04 23:00:00,55.425404716405644,64.14251329456748,66.52795730905733
2013-10-05 00:00:00,55.71103036785816,64.53120052380491,66.8101719599153
2013-10-05 01:00:00,60.344127487285796,64.60754848294359,68.4086777137063
2013-10-05 02:00:00,60.344206148183474,64.6075485877424,68.86085793547173
2013-10-05 03:00:00,60.344206311000896,64.60754860150853,69.17034894210578
2013-10-05 04:00:00,60.344206399338695,64.60754865330058,69.46247941897678
2013-10-05 05:00:00,60.344206427926096,64.60754882649668,70.1374632036766
2013-10-05 06:00:00,60.34420646145319,64.60754989082923,70.02446484613245
2013-10-05 07:00:00,60.34420638727534,64.09694456227075,69.35480577281263
2013-10-05 08:00:00,60.34420636472639,64.09694260493586,69.49213257405097
2013-10-05 09:00:00,60.34420636915891,64.09694455113008,70.36598663127769
2013-10-05 10:00:00,60.3442063455995,64.09694550384395,70.48045146530019
2013-10-05 11:00:00,60.34420639527429,64.09694520958296,70.784190080002
2013-10-05 12:00:00,60.34420650626601,64.09694560209407,72.22056124647925
2013-10-05 13:00:00,60.344206586866264,64.09694715222612,72.29355422579683
2013-10-05 14:00:00,60.34420680702708,64.09695029981742,72.39934981005725
2013-10-05 15:00:00,60.34420788013509,64.60754910685563,72.74839337305025
2013-10-05 16:00:00,63.024373351895015,66.69047783479041,74.85556400855518
2013-10-05 17:00:00,63.02437522602936,68.10990086463514,75.5365996737218
2013-10-05 18:00:00,63.02437451540434,67.78186314604267,75.1532404347968
2013-10-05 19:00:00,63.02437724520583,67.65753808405675,75.18426614163795
2013-10-05 20:00:00,65.201931747695,67.65748932990367,75.20223440181674
2013-10-05 21:00:00,66.2603661048991,67.65749702260719,75.15150362616497
2013-10-05 22:00:00,66.26038839714853,67.65751459040743,74.93440041258779
2013-10-05 23:00:00,66.2603697562969,67.65749613472376,74.45489957933175
2013-10-06 00:00:00,65.59201704501633,67.00096704026832,74.2288251009539
2013-10-06 01:00:00,65.60964645486635,67.01828503167964,74.25937869133061
2013-10-06 02:00:00,64.61272316829128,66.0389987112712,74.19647177060186
2013-10-06 03:00:00,64.62515690990219,66.05121300768843,74.22105387225935
2013-10-06 04:00:00,65.10391178587577,66.52149787616302,74.48663236791066
2013-10-06 05:00:00,65.9518802070052,67.35446478341902,75.23552086438407
2013-10-06 06:00:00,66.26037163216824,67.6574986756819,74.51359756864284
2013-10-06 07:00:00,62.73506194054552,64.41871296458744,72.14874848466435
2013-10-06 08:00:00,62.04552474725224,64.09694651309789,72.12486429560921
2013-10-06 09:00:00,60.344206578217246,64.09694598448456,72.12486425539646
2013-10-06 10:00:00,60.34420634860924,64.0969451983089,72.12486398074287
2013-10-06 11:00:00,60.34420639920405,64.09694581729568,72.12486398553511
2013-10-06 12:00:00,60.34420637657401,64.09694607985413,72.12486415614114
2013-10-06 13:00:00,60.344206367672655,64.09694757597599,72.12486977777455
2013-10-06 14:00:00,60.34420644293786,64.0969612140532,72.20901525446618
2013-10-06 15:00:00,60.344206535184014,64.60754754276785,73.10075272820414
2013-10-06 16:00:00,60.34420736766497,66.83237363754542,76.01629849235388
2013-10-06 17:00:00,60.34421043116736,67.65749922831519,76.10943544002659
2013-10-06 18:00:00,60.604132977127136,67.64610366445258,76.0194131158587
2013-10-06 19:00:00,60.344210162684895,66.63365684995995,74.9572419097036
2013-10-06 20:00:00,60.34420672413281,65.59173176620048,74.25391443767366
2013-10-06 21:00:00,60.344206326422196,64.60755212468938,73.13340047206219
2013-10-06 22:00:00,60.3442062056848,64.60754937312738,72.89814252433105
2013-10-06 23:00:00,60.34420616244694,64.60754931870434,72.89692783096817
2013-10-07 00:00:00,60.344206139859196,64.60754927468508,72.89692470090264
2013-10-07 01:00:00,60.34420614046922,64.60754931147657,72.89692820568997
2013-10-07 02:00:00,60.34420615865012,64.6075493781326,72.89567151195088
2013-10-07 03:00:00,60.34420620130051,64.60754970422624,73.09733635513987
2013-10-07 04:00:00,60.344206311607984,64.87412242827806,73.62614046178716
2013-10-07 05:00:00,60.34420677744182,66.08769498774458,74.48986541953894
2013-10-07 06:00:00,60.34420646809294,64.95495855734629,72.84902170182141
2013-10-07 07:00:00,60.3442060286067,64.41636857327381,69.85389430533637
2013-10-07 08:00:00,60.34420539622434,63.010716921659764,69.75525228658138
2013-10-07 09:00:00,60.34420438296333,63.01059397359967,69.75440652069241
2013-10-07 10:00:00,60.34420430513493,63.01069179239123,69.75434291269148
2013-10-07 11:00:00,60.34420453266048,63.01071302401513,69.75435212307407
2013-10-07 12:00:00,60.344205354625245,63.01071773523603,69.75525134543496
2013-10-07 13:00:00,60.3442057385626,63.010721595631324,69.7576715405411
2013-10-07 14:00:00,60.34420592092229,64.37094855218004,69.89120134701326
2013-10-07 15:00:00,60.34420614332479,64.6075426161543,71.23949624590138
2013-10-07 16:00:00,60.34420771771545,66.95442140464435,76.46320417229491
2013-10-07 17:00:00,60.3442126528633,67.6574854897192,76.6259084233705
2013-10-07 18:00:00,60.48846231439033,67.6574626075843,76.37841700667447
2013-10-07 19:00:00,60.344211576470904,67.46473101154432,76.28534873147545
2013-10-07 20:00:00,60.34420785264109,67.46475813961152,75.83016983241625
2013-10-07 21:00:00,60.34420656547564,66.6046160098024,75.08166976912459
2013-10-07 22:00:00,60.344205942184644,64.60755474998476,73.12067977510776
2013-10-07 23:00:00,60.34420590991557,64.60755497504549,73.59507307086399
2013-10-08 00:00:00,60.34420589345446,64.60756670619924,73.59511039299355
2013-10-08 01:00:00,60.34420587225938,64.60765001366921,73.69033888049997
2013-10-08 02:00:00,60.34420585736426,65.61916482195782,74.38360989948679
2013-10-08 03:00:00,60.34420582167879,66.4470739444787,75.19627620299599
2013-10-08 04:00:00,60.344205756326716,66.9544103293045,75.87664084641509
2013-10-08 05:00:00,60.344205705201325,66.95440961822813,76.08045486509816
2013-10-08 06:00:00,60.34420566824842,65.23406778971356,73.35749488257306
2013-10-08 07:00:00,60.34420554537124,64.60754899805092,69.997742099241
2013-10-08 08:00:00,60.34420539003447,64.6075454929199,69.95733793623045
2013-10-08 09:00:00,60.34420507029569,64.60754405881552,69.95733421744517
2013-10-08 10:00:00,60.34420515722638,64.58150891951398,69.95733386913449
2013-10-08 11:00:00,60.34420489318327,64.58150644760526,69.95733357929282
2013-10-08 12:00:00,60.34420350592808,64.60753990835231,69.95733437303507
2013-10-08 13:00:00,60.344204246673655,64.60754473941591,69.95733474575995
2013-10-08 14:00:00,60.344204988038975,64.60754667748249,70.01761395475108
2013-10-08 15:00:00,60.34420520859476,64.60754685238875,71.24243754732568
2013-10-08 16:00:00,60.344205337582856,64.6075532709467,74.14669890341355
2013-10-08 17:00:00,60.34420567096769,64.70517251646413,74.4030492264717
2013-10-08 18:00:00,60.34420645607085,64.85214114637738,73.46842874018974
2013-10-08 19:00:00,60.344205482282455,64.6075505279901,73.17767146846887
2013-10-08 20:00:00,60.34420514551511,64.60754860618697,71.85817617983176
2013-10-08 21:00:00,60.34420499509217,64.60754846123875,71.69950995259967
2013-10-08 22:00:00,60.34420483780821,64.60754819627851,71.41315364460709
2013-10-08 23:00:00,60.34420470485001,64.60754811675602,71.4131579628642
2013-10-09 00:00:00,60.34420456413515,64.60754812860726,71.41316760532261
2013-10-09 01:00:00,60.34420439004476,64.60754806977853,71.41320637137264
2013-10-09 02:00:00,60.34420426816821,64.60754808802494,71.4133203182027
2013-10-09 03:00:00,60.34420413572561,64.60754807861572,72.22946178343514
2013-10-09 04:00:00,60.34420380554822,64.60754855647664,72.82190568739423
2013-10-09 05:00:00,60.34420314541186,64.60754816450662,73.41795415699355
2013-10-09 06:00:00,59.11579954293494,64.60754707701452,71.64213844183749
2013-10-09 07:00:00,56.0076564638386,58.363320144655745,69.30132437117538
2013-10-09 08:00:00,51.82173621711274,55.107865475985534,68.67499283623984
2013-10-09 09:00:00,49.81433410466291,55.10786291741313,68.24029518619844
2013-10-09 10:00:00,49.49921855960486,55.10786385150624,67.58687655069399
2013-10-09 11:00:00,49.26570511385588,55.107863614973056,67.61589623279009
2013-10-09 12:00:00,49.265704455480595,55.10786161045954,67.70683064517726
2013-10-09 13:00:00,49.26570429422889,54.29188349231981,67.70685581072567
2013-10-09 14:00:00,49.26570401951122,55.10752835617261,67.70685552860002
2013-10-09 15:00:00,49.26570430297148,55.10785747505612,67.70684779095072
2013-10-09 16:00:00,49.265704739046775,55.10786465350141,68.56532508355593
2013-10-09 17:00:00,49.265705274672655,55.10786502950589,68.59497898609705
2013-10-09 18:00:00,49.2657047443765,55.107864736150546,68.05037958954753
2013-10-09 19:00:00,49.265704431755644,55.10786373178301,67.73068217339672
2013-10-09 20:00:00,49.26570441976751,55.10786018453541,67.73068228644357
2013-10-09 21:00:00,49.26570563876772,55.10785497692095,68.04813169553898
2013-10-09 22:00:00,49.26573886328228,55.10783970640448,68.0959007377778
2013-10-09 23:00:00,50.956658622698036,53.9265901304711,68.65543287086047
2013-10-10 00:00:00,52.95598115931041,55.1078658313525,70.45079706973588
2013-10-10 01:00:00,54.23216618352515,55.79631608230821,71.17502574542985
2013-10-10 02:00:00,54.20732813990035,55.7829335970123,71.16832003351477
2013-10-10 03:00:00,54.4836637238694,55.918553888580206,71.25973486596723
2013-10-10 04:00:00,55.1014807109026,56.21759274086955,71.7068703649557
2013-10-10 05:00:00,55.537465214559106,56.67461276878569,71.76020645563308
2013-10-10 06:00:00,55.76933365516149,57.26824461694602,71.68514304100349
2013-10-10 07:00:00,49.9453885116701,50.550190991932695,69.84974820826257
2013-10-10 08:00:00,45.96919891815772,37.27437223968992,69.87907206734073
2013-10-10 09:00:00,45.9691985111378,37.035645547188906,69.87907717065487
2013-10-10 10:00:00,45.96919866370429,35.403396347273,69.87218761839303
2013-10-10 11:00:00,45.969198858753415,37.27435832800249,69.87220145856084
2013-10-10 12:00:00,45.96919890200678,37.27436797825098,69.87220024001074
2013-10-10 13:00:00,45.969199244666534,37.1689871937394,69.87712163176789
2013-10-10 14:00:00,46.47450729321725,37.734101099423114,70.46743454803493
2013-10-10 15:00:00,54.64506306422312,53.19936663190934,72.29700957637908
2013-10-10 16:00:00,59.11579358681203,62.09286068052906,74.98958487068394
2013-10-10 17:00:00,59.115793574712704,62.725967533725196,74.68925403480863
2013-10-10 18:00:00,59.115793429345246,64.10758151371489,73.60757038885562
2013-10-10 19:00:00,59.11579286289296,64.10756026675271,73.44052560574323
2013-10-10 20:00:00,59.11579284322895,62.093215250152355,71.81813701930258
2013-10-10 21:00:00,59.11578839180699,61.58548839419851,70.90884493820377
2013-10-10 22:00:00,56.703612728009006,61.585478879521915,70.90871568795387
2013-10-10 23:00:00,51.978786340775045,59.52964474983345,70.1347899116944
2013-10-11 00:00:00,51.21574553775625,59.90940409675238,70.01533688241202
2013-10-11 01:00:00,48.80196986531079,57.754122594410504,70.01531935243837
2013-10-11 02:00:00,48.80197438671111,53.19937657785296,68.66894933792622
2013-10-11 03:00:00,49.53387338042993,53.19937344544783,68.6660637167227
2013-10-11 04:00:00,50.427506158541355,53.35769084190785,68.59286264042055
2013-10-11 05:00:00,51.43812159370634,55.53417670207391,67.65034022404741
2013-10-11 06:00:00,43.96129031193297,48.26240288002195,49.70780604895445
2013-10-11 07:00:00,43.50481376327004,48.262401396192146,48.306194708291194
2013-10-11 08:00:00,42.000770581493626,48.26240106763986,47.62024084346806
2013-10-11 09:00:00,42.00076465449745,48.26240109740762,47.68852707437216
2013-10-11 10:00:00,42.00076454123091,48.26240679548225,47.29905780957879
2013-10-11 11:00:00,42.000764475277265,48.26245402195963,47.690753621028
2013-10-11 12:00:00,42.00076441101241,48.262410357533895,46.81704686552942
2013-10-11 13:00:00,42.00076446150287,48.26241914157269,46.75459151425058
2013-10-11 14:00:00,42.000764653946455,50.4710890652743,47.689751821592644
2013-10-11 15:00:00,42.00076471333469,50.47110245059089,48.25503177858324
2013-10-11 16:00:00,42.000764696750686,50.47110375629346,50.76211294070853
2013-10-11 17:00:00,42.000764387527525,50.471107528973945,49.86718018463136
2013-10-11 18:00:00,42.00076460735964,50.471104358083906,49.685256674600005
2013-10-11 19:00:00,42.00076472934071,50.47110379429566,50.248707353777895
2013-10-11 20:00:00,42.00076464654284,50.471104371478006,49.85110354701935
2013-10-11 21:00:00,42.00076442863168,50.47110438235664,49.69401656161421
2013-10-11 22:00:00,42.00076480595926,50.47110383708424,49.8810634100406
2013-10-11 23:00:00,42.00076532758719,50.47110338307584,49.7715796499752
2013-10-12 00:00:00,42.00077057916451,50.47110191242737,53.02960271928266
2013-10-12 01:00:00,44.02514041001052,50.47101426387698,54.955088294576065
2013-10-12 02:00:00,44.546698820259465,49.55266800542698,57.57516046961171
2013-10-12 03:00:00,46.73627491213749,50.79860770019903,59.4806942982568
2013-10-12 04:00:00,52.18445744790361,53.58626120738779,62.354914263504305
2013-10-12 05:00:00,55.46531130981418,57.05340334598108,64.28231754405283
2013-10-12 06:00:00,59.114216759501126,59.386303397663184,64.47770431848438
2013-10-12 07:00:00,53.87788245018047,50.471106750933544,56.531906521885524
2013-10-12 08:00:00,52.93549943270836,50.47108782792043,56.16935026754053
2013-10-12 09:00:00,48.77374325381585,50.47107058637698,56.15964845473214
2013-10-12 10:00:00,48.69468504374196,50.69355632991267,56.73063833335008
2013-10-12 11:00:00,48.67983129328226,50.72059050593103,56.70506554300141
2013-10-12 12:00:00,48.67983097682657,50.843252554738655,56.342499031654945
2013-10-12 13:00:00,48.947208342112496,51.50243472953285,56.289174304226044
2013-10-12 14:00:00,50.96474416507192,52.97775056479166,56.59950601393346
2013-10-12 15:00:00,59.11579169643537,59.61517692977017,59.67048699786654
2013-10-12 16:00:00,59.11579300039118,63.150275323695396,65.28456731901714
2013-10-12 17:00:00,59.11579275142143,63.150279238613294,65.57727032035088
2013-10-12 18:00:00,59.11578919299077,63.15011635844675,65.76906435870785
2013-10-12 19:00:00,59.11578799516124,63.150130426641056,65.76907936042613
2013-10-12 20:00:00,59.115787590076884,63.150277801430036,65.78156257964307
2013-10-12 21:00:00,59.11578968324499,63.14914951787546,65.89444093965501
2013-10-12 22:00:00,59.09460962333208,63.109146169958734,66.87529940233394
2013-10-12 23:00:00,59.1144980054946,63.15027564768393,67.2114439733556
2013-10-13 00:00:00,59.11579277921113,63.09815080810907,67.58422036710616
2013-10-13 01:00:00,59.115792178387494,61.696038801309086,67.91459192250689
2013-10-13 02:00:00,57.10980058666822,59.571320307121056,67.84730786930982
2013-10-13 03:00:00,50.6948765341943,57.33648406496789,66.92865146376299
2013-10-13 04:00:00,48.67982956954332,53.78506773331674,65.0568818913767
2013-10-13 05:00:00,48.67982835485156,53.57911588483479,65.71682250223763
2013-10-13 06:00:00,11.096065984077487,52.36417908076909,63.77644357938696
2013-10-13 07:00:00,11.096059894656337,43.567448039212096,57.82743301219101
2013-10-13 08:00:00,4.325906705317462,43.56744626336622,57.14726839772874
2013-10-13 09:00:00,4.325904634193639,43.56744605836376,57.24465822874295
2013-10-13 10:00:00,4.325904972152475,43.56744653367875,57.46471668486933
2013-10-13 11:00:00,4.325905385837249,46.9330030031812,58.82997956904024
2013-10-13 12:00:00,4.325904337583018,46.94053818668206,58.510920299878244
2013-10-13 13:00:00,4.325904497559038,46.94053975014157,58.51092330038305
2013-10-13 14:00:00,4.325908141406807,47.192733283244266,59.14555200102168
2013-10-13 15:00:00,11.105531683402674,54.2483825868226,68.18267652955137
2013-10-13 16:00:00,11.107122496482837,60.990866634108684,71.9197796626984
2013-10-13 17:00:00,11.10870418039719,61.038030011971,71.92799159162873
2013-10-13 18:00:00,11.110286466499067,61.038037568072056,71.92964948102806
2013-10-13 19:00:00,11.111868361258534,61.0380434994038,71.9296499623009
2013-10-13 20:00:00,11.113450623942898,61.03805597765171,71.77680342489128
2013-10-13 21:00:00,11.115033667901308,61.03807310859435,71.77588414304202
2013-10-13 22:00:00,11.599908379740452,61.038281217915824,71.77657227698681
2013-10-13 23:00:00,12.19937104854905,61.03829607276754,71.7765753646331
2013-10-14 00:00:00,13.27607272811115,61.038304643090015,71.78027184186973
2013-10-14 01:00:00,30.210381648428807,61.03843315502556,71.8005498022448
2013-10-14 02:00:00,30.57909519314105,61.46356397078529,71.89098504678222
2013-10-14 03:00:00,41.50454173856445,61.750561674975,71.99218100435593
2013-10-14 04:00:00,54.4836839892867,62.028940121091566,72.13609554988805
2013-10-14 05:00:00,56.985936314124466,62.028944492490155,72.31066708798484
2013-10-14 06:00:00,56.50027395812739,62.080407690973814,71.83935495322788
2013-10-14 07:00:00,56.0322925737856,61.5504257556987,70.52193483424684
2013-10-14 08:00:00,56.03229274781207,61.5189277565005,70.5219327664488
2013-10-14 09:00:00,56.03229348222024,61.485699680471996,70.52190283338965
2013-10-14 10:00:00,56.032293920762974,61.53569495620884,70.48302583827366
2013-10-14 11:00:00,56.04006001939,61.47042401640141,70.60076571816843
2013-10-14 12:00:00,56.04006236574702,61.45820669193766,70.52193224773818
2013-10-14 13:00:00,57.478852278340725,61.61378965877276,70.5219341949336
2013-10-14 14:00:00,59.115775178501714,62.40183468524312,71.33662309178087
2013-10-14 15:00:00,59.115792434555225,63.86611535452242,72.76472773943944
2013-10-14 16:00:00,59.11579293075411,64.57961105151853,74.45680518189373
2013-10-14 17:00:00,59.115792890061776,64.5796143748123,74.34231195982086
2013-10-14 18:00:00,59.115792813299066,64.57961139830279,73.8040977359508
2013-10-14 19:00:00,59.115792498753805,64.25408997352032,73.4458225027276
2013-10-14 20:00:00,59.11579238187765,63.95560258899599,72.47519328405171
2013-10-14 21:00:00,59.11579255694499,63.86611992071549,72.20865092501569
2013-10-14 22:00:00,59.11579281756055,63.86615025062498,72.20528718484786
2013-10-14 23:00:00,59.11579288547713,63.86715540316348,72.20528788751214
2013-10-15 00:00:00,59.11579292230538,63.8671461978134,72.2053079811949
2013-10-15 01:00:00,59.11579299219917,63.86713989906737,72.20029175350192
2013-10-15 02:00:00,59.115793028985095,63.866126365537184,72.09212321955387
2013-10-15 03:00:00,59.11579299810274,63.86612002514687,72.59230081803199
2013-10-15 04:00:00,59.11579296551768,63.8661196708335,72.92450425907231
2013-10-15 05:00:00,59.11579297334544,63.866119147780736,73.03229681441616
2013-10-15 06:00:00,59.115793041898456,63.866115382638554,72.40509973164383
2013-10-15 07:00:00,59.115792989586424,62.95636215573886,71.65733977998379
2013-10-15 08:00:00,59.11579293994911,62.956361111757985,71.65202241892962
2013-10-15 09:00:00,59.11579299466015,63.45632851529912,71.93965659383834
2013-10-15 10:00:00,59.115793136009145,63.86611069579064,72.1152404355954
2013-10-15 11:00:00,59.115793562633755,63.86611874046223,72.16772978215351
2013-10-15 12:00:00,59.115793238517625,63.866114638650444,72.16785726475588
2013-10-15 13:00:00,59.11579311921706,63.86612550678906,72.47225415480189
2013-10-15 14:00:00,59.115793211817824,64.32798691605896,73.44825281862889
2013-10-15 15:00:00,59.11579386984306,64.57578923328184,74.93687450901393
2013-10-15 16:00:00,59.11580066478518,64.57579135171909,76.29858616889112
2013-10-15 17:00:00,59.11579959369002,64.57579336541237,76.28957711434337
2013-10-15 18:00:00,59.11579510453276,64.57579090761602,76.00674322189845
2013-10-15 19:00:00,59.115793221653405,64.57579021031486,75.07427124221468
2013-10-15 20:00:00,59.11579298310189,64.57578994017065,74.78802475482004
2013-10-15 21:00:00,59.1157929289326,64.57578804471585,74.67986591132576
2013-10-15 22:00:00,59.115792947366955,64.32799000166952,74.2385823776923
2013-10-15 23:00:00,59.11579285310316,64.32798838467758,73.80230377554211
2013-10-16 00:00:00,59.11579280379965,64.32799038585539,73.78475127723546
2013-10-16 01:00:00,59.11579282842757,64.5757897173182,73.79821072297581
2013-10-16 02:00:00,59.11579341993775,65.59684492474761,74.16635743479611
2013-10-16 03:00:00,59.48875410262566,65.60970755500213,74.48179859046314
2013-10-16 04:00:00,63.02436536809599,67.38695770593264,75.4922431145059
2013-10-16 05:00:00,65.57860599218425,67.88561800199193,77.58373565551679
2013-10-16 06:00:00,62.06510580290598,67.19135110810433,76.86517486521738
2013-10-16 07:00:00,59.11579997761239,63.45127518753151,72.59764184809248
2013-10-16 08:00:00,59.115797328823724,62.71997008406747,72.02626104073944
2013-10-16 09:00:00,59.1157943829822,62.71997521874748,72.02626243938371
2013-10-16 10:00:00,59.11579766472938,63.06062096402191,72.15517587566814
2013-10-16 11:00:00,59.11579906899305,62.98336648627226,72.13933300331855
2013-10-16 12:00:00,59.11579956517012,63.1852128935478,72.18076519793415
2013-10-16 13:00:00,59.115799508579656,63.19287584337228,72.18234593881195
2013-10-16 14:00:00,59.115794462225466,63.826830131917646,73.00637611807345
2013-10-16 15:00:00,59.11579288024377,62.719976533440786,77.15258109338049
2013-10-16 16:00:00,59.115792159143574,62.71997401259772,79.90590732808275
2013-10-16 17:00:00,59.115791709748194,62.71996971216724,79.06588412938414
2013-10-16 18:00:00,59.115790864412425,62.71996897895097,75.13773538898865
2013-10-16 19:00:00,56.40410105882026,62.36168898651336,72.74779740204977
2013-10-16 20:00:00,32.56026853903857,42.11439186120133,71.97468264636292
2013-10-16 21:00:00,32.56025090600338,48.95123289046906,71.93483866690076
2013-10-16 22:00:00,32.56025045009284,42.12308120411544,71.93451422684161
2013-10-16 23:00:00,32.56024994087282,43.116573717112374,71.51031110942554
2013-10-17 00:00:00,32.56024886370776,41.20982701590491,70.97797212604812
2013-10-17 01:00:00,19.942431227421693,35.32633995447406,70.48160603346285
2013-10-17 02:00:00,13.276066292789366,32.041646629279604,70.47885607335856
2013-10-17 03:00:00,9.031352955504925,30.07153537594518,70.45368708795854
2013-10-17 04:00:00,8.72008231800133,29.9911584816127,70.4471551596499
2013-10-17 05:00:00,4.325918824012368,27.904988345703575,69.55025129626979
2013-10-17 06:00:00,11.25088578239411,19.859504802554113,36.62605737463184
2013-10-17 07:00:00,4.3259046844678135,19.52038605500902,32.43895149914447
2013-10-17 08:00:00,4.325904282660544,14.144163848119478,31.358760591448828
2013-10-17 09:00:00,4.325904272508705,13.053425536179397,28.50790822255796
2013-10-17 10:00:00,4.32590429159101,13.560225059603592,28.576590213856484
2013-10-17 11:00:00,4.325904343936892,23.328241565017592,28.686781002555392
2013-10-17 12:00:00,4.325904319602328,23.669253449989228,28.692362581222973
2013-10-17 13:00:00,4.32590426692585,40.17564868667215,29.17617217149803
2013-10-17 14:00:00,4.32590432421423,43.57763892674171,31.038012424755053
2013-10-17 15:00:00,4.663426551443347,61.05753078717568,40.75709561211885
2013-10-17 16:00:00,29.19758929674725,62.71996862499752,47.51333342067247
2013-10-17 17:00:00,40.763604406984456,64.31918951287577,48.52072883499469
2013-10-17 18:00:00,41.03958804696973,64.57543512698368,48.14539432105461
2013-10-17 19:00:00,43.774558928141936,64.89464136256302,45.707861443729534
2013-10-17 20:00:00,48.82262966387257,64.31922744096615,43.05400755212335
2013-10-17 21:00:00,58.57421418875537,63.25848212842375,45.61179050266089
2013-10-17 22:00:00,59.1157882617989,63.82607407798412,46.03908315159896
2013-10-17 23:00:00,59.11578845278711,63.82536992674659,45.95563329247169
2013-10-18 00:00:00,59.115788516135865,63.82337261909045,47.01136775634621
2013-10-18 01:00:00,59.11578860002725,63.861845544414166,47.90105081957497
2013-10-18 02:00:00,59.185496623836514,63.94928657493148,55.80651402175973
2013-10-18 03:00:00,59.115788947352875,63.338292957055515,63.20129879437225
2013-10-18 04:00:00,59.29209287260934,63.67901513406396,66.39018481800133
2013-10-18 05:00:00,59.2920938769936,64.31920959030286,67.71375400913637
2013-10-18 06:00:00,59.29209700304353,63.949101155985474,67.59841917404316
2013-10-18 07:00:00,59.292076578056914,59.42012641818299,62.44883674637635
2013-10-18 08:00:00,59.115788009872766,57.93773581280129,61.36758135050336
2013-10-18 09:00:00,59.115787807837975,56.29372535427426,61.290835366997094
2013-10-18 10:00:00,59.115787601567355,54.43906416086705,61.52161271164017
2013-10-18 11:00:00,59.11578744898965,54.43906954468912,61.84959555428709
2013-10-18 12:00:00,59.11578723141408,54.0771372151368,61.785986181117586
2013-10-18 13:00:00,59.1157869655467,54.43906292892413,62.351701771684894
2013-10-18 14:00:00,59.1157868133011,56.27684076818085,64.70444411380369
2013-10-18 15:00:00,59.11578680757684,62.023476644284244,70.64363289373551
2013-10-18 16:00:00,59.29209299342477,64.31915126769987,74.17238730446579
2013-10-18 17:00:00,59.29209213890671,64.03739586365718,73.87715247027387
2013-10-18 18:00:00,57.996175171230234,62.07681960766456,71.94725126822914
2013-10-18 19:00:00,55.38432307086012,58.45772628183724,70.30132169182365
2013-10-18 20:00:00,52.54725286302141,54.43906247104442,68.95699414179514
2013-10-18 21:00:00,49.81444589946197,52.465531096501536,68.26964713965428
2013-10-18 22:00:00,48.82263161195913,51.74013557968887,66.68718131978774
2013-10-18 23:00:00,48.82263131658218,51.74013576463315,66.34781272687533
2013-10-19 00:00:00,48.822631129549144,51.74013453423724,66.1412533387266
2013-10-19 01:00:00,48.822630623307546,51.74012994631009,66.00753181302414
2013-10-19 02:00:00,48.822624177423215,51.74009997347649,66.01244191061619
2013-10-19 03:00:00,48.82263160428488,51.74015240026529,66.05790346773053
2013-10-19 04:00:00,48.8226318248286,51.74544910785896,66.05856809627619
2013-10-19 05:00:00,48.82263135799227,51.73163809699207,65.99849433506967
2013-10-19 06:00:00,31.34160547488939,36.40467817223224,45.77795529123289
2013-10-19 07:00:00,27.81393315349087,32.26917340998925,42.08474694830391
2013-10-19 08:00:00,27.68451555006447,30.77681420934737,39.44382137350218
2013-10-19 09:00:00,27.813931839261294,30.801976671135684,39.6932103093544
2013-10-19 10:00:00,27.81393363703706,30.740676044518178,39.554790903157745
2013-10-19 11:00:00,27.813934288404077,30.696944761207156,39.612156009194265
2013-10-19 12:00:00,27.813936248103566,30.607765733687177,39.41620421232839
2013-10-19 13:00:00,28.035735001203435,30.950231632632804,39.884800310955185
2013-10-19 14:00:00,32.79087328809737,34.78008074727564,44.62002756629847
2013-10-19 15:00:00,35.645546723192204,35.614089978700505,51.871606379609524
2013-10-19 16:00:00,35.64561158488028,36.997269179990255,52.406364337170764
2013-10-19 17:00:00,35.6456116481701,37.77285698483046,52.0422567054458
2013-10-19 18:00:00,35.64561151417379,37.179735701698235,51.224692088576205
2013-10-19 19:00:00,35.508220865137616,36.129909700282596,51.240312403048584
2013-10-19 20:00:00,31.373416765599934,33.85386490736829,51.37747919780041
2013-10-19 21:00:00,29.668982383047986,32.307121452178116,49.488757382598024
2013-10-19 22:00:00,29.668982503876908,32.30508157008815,49.169151033881185
2013-10-19 23:00:00,29.6689832162788,32.31298979664092,49.85718582287939
2013-10-20 00:00:00,29.668993612084073,32.38823715189032,50.39679383560471
2013-10-20 01:00:00,29.668985905956866,32.38550096795275,50.37875021388835
2013-10-20 02:00:00,29.66898558847432,32.386089343210614,50.36935994877592
2013-10-20 03:00:00,29.668984820175858,32.41601835346766,50.59075735201702
2013-10-20 04:00:00,32.08338097176082,33.673237670599725,50.34964061183399
2013-10-20 05:00:00,33.318332509316505,34.33944497793396,51.31743065497994
2013-10-20 06:00:00,13.057999888804112,20.453188309370866,49.01725388329837
2013-10-20 07:00:00,11.480459707079294,18.438982205951852,46.83496906483854
2013-10-20 08:00:00,11.373017473092764,18.43897124982301,46.47936341143542
2013-10-20 09:00:00,11.373016856839262,18.43519141882914,46.28945626576461
2013-10-20 10:00:00,11.373017182979655,18.39370364647531,47.69371030851558
2013-10-20 11:00:00,11.373016885079082,18.39002931718545,46.80963476949692
2013-10-20 12:00:00,11.373016042361563,18.3901921396297,47.45033441417328
2013-10-20 13:00:00,11.373012972153958,17.504594020236226,50.09782605419672
2013-10-20 14:00:00,11.37465917468172,18.438977278324302,54.32511231513468
2013-10-20 15:00:00,11.389456869460194,18.828942903894017,56.57211884842755
2013-10-20 16:00:00,13.078297614861146,19.725157049793253,56.60001509768725
2013-10-20 17:00:00,13.078298049705666,19.72513359084285,56.288807242421946
2013-10-20 18:00:00,13.078297560022722,18.43898593223536,56.242670780029215
2013-10-20 19:00:00,12.648298214425228,18.43897472403225,56.02364028042161
2013-10-20 20:00:00,11.389458934105988,18.43897540903515,55.99193803931133
2013-10-20 21:00:00,11.389457462799196,18.438977038981406,53.749740661574585
2013-10-20 22:00:00,11.305752855143485,18.438978983241178,53.55073495475996
2013-10-20 23:00:00,11.38946002536252,18.478092182764218,53.51112267082001
2013-10-21 00:00:00,11.391106445105864,18.438985911689283,53.51111945947627
2013-10-21 01:00:00,11.39275427464407,19.924969506723478,51.571586429252534
2013-10-21 02:00:00,11.394402497796483,20.19557084716068,49.39248465786858
2013-10-21 03:00:00,11.396053074420836,21.082490624077217,49.535717535440284
2013-10-21 04:00:00,11.424117353677328,21.082491782942732,49.86670322137749
2013-10-21 05:00:00,11.42438877206434,21.082492604886614,49.92241856608317
2013-10-21 06:00:00,13.12108214840445,19.00489151660684,43.895498068793216
2013-10-21 07:00:00,13.12107682054788,14.0733784672036,37.21717274400313
2013-10-21 08:00:00,11.424115048239482,13.156916172158798,35.25795505313868
2013-10-21 09:00:00,11.42411451174234,12.810776206389377,31.444792563092854
2013-10-21 10:00:00,13.121072933844037,11.649459708539677,38.5792661411325
2013-10-21 11:00:00,11.424115454222108,11.64946275819247,40.13714135716771
2013-10-21 12:00:00,11.424114788588923,14.025841078128721,40.451293987644945
2013-10-21 13:00:00,11.424115031214793,15.366658210728783,41.932087071926006
2013-10-21 14:00:00,11.424115065728632,16.444278513639574,51.35401168279017
2013-10-21 15:00:00,11.424115248091512,16.47037361130314,55.467766131853764
2013-10-21 16:00:00,11.424115736591126,16.470379058030147,55.61775847449827
2013-10-21 17:00:00,11.424115469625473,16.47037983879207,55.35741955354285
2013-10-21 18:00:00,11.42411509499533,16.382807052796327,55.34640246938615
2013-10-21 19:00:00,11.424114150419353,16.361867067706996,55.34833100173356
2013-10-21 20:00:00,11.424114180580265,16.351399449133105,55.2054507068351
2013-10-21 21:00:00,11.425768941971754,16.012190637730164,51.84764194201534
2013-10-21 22:00:00,11.427425786412025,16.064228275703847,50.11887747989467
2013-10-21 23:00:00,11.429081422667235,16.064978440916818,48.04671150414915
2013-10-22 00:00:00,11.43073734320298,16.065719069964295,48.02452375432721
2013-10-22 01:00:00,11.432393261942417,16.066449954831302,48.022193372768875
2013-10-22 02:00:00,11.434048810451854,16.067169218559975,48.021960783400736
2013-10-22 03:00:00,11.435705822792919,16.05396411649557,48.118216479138276
2013-10-22 04:00:00,11.437362977276479,16.04614686122158,49.783474493616005
2013-10-22 05:00:00,11.439020139249763,16.01709777385997,49.91609801305813
2013-10-22 06:00:00,9.771730930701112,13.780041696058221,22.63587718481128
2013-10-22 07:00:00,4.337561663965201,6.8379896041153145,18.522552150049762
2013-10-22 08:00:00,4.325904096319961,6.825758397938176,17.568551911441737
2013-10-22 09:00:00,4.325904030391662,6.8257581391106275,14.37658639738426
2013-10-22 10:00:00,4.32590405176986,6.8257712985699035,14.261872671701598
2013-10-22 11:00:00,4.325904068126146,6.82575879028317,13.461590684221807
2013-10-22 12:00:00,4.325904058811793,6.831477648601982,13.462264996927154
2013-10-22 13:00:00,4.325904256858083,6.848590210584185,16.767688300897582
2013-10-22 14:00:00,4.325907611290484,7.473895415916656,19.41199129762318
2013-10-22 15:00:00,4.325906102263391,8.562982963432349,21.64358000100046
2013-10-22 16:00:00,4.912985195628015,12.212143209561166,26.266173456612755
2013-10-22 17:00:00,5.361366994856719,12.212179819273715,25.91457342975125
2013-10-22 18:00:00,6.892570196601814,12.88502018094237,25.53574272710577
2013-10-22 19:00:00,5.43824404958704,12.212177663686077,25.385331674214786
2013-10-22 20:00:00,5.438222103480201,12.21216794162968,25.370216779619348
2013-10-22 21:00:00,4.815304557368296,11.941563194782251,25.39189125454712
2013-10-22 22:00:00,4.335155851165537,11.71416814304208,25.26802005700207
2013-10-22 23:00:00,8.84970653235635,13.773061892528327,27.58897886518359
2013-10-23 00:00:00,9.170636237106766,12.885043307214527,28.12379849169068
2013-10-23 01:00:00,10.126142145269926,12.885019530937061,28.415733375296483
2013-10-23 02:00:00,9.1706423944436,12.212241730662857,28.295281742338304
2013-10-23 03:00:00,9.170642782617822,12.885019057489764,28.471600303673704
2013-10-23 04:00:00,8.870977731300211,11.690150559110219,29.715602329001044
2013-10-23 05:00:00,4.325908449632826,11.400335841219134,29.912495530756154
2013-10-23 06:00:00,4.325905463768447,6.849479673186154,25.08962719644546
2013-10-23 07:00:00,4.325904187117226,6.8379875101841945,24.02758038848917
2013-10-23 08:00:00,4.32590401384752,6.825759083655335,23.84639231715937
2013-10-23 09:00:00,4.325903960661155,6.832960630226068,23.70272900214971
2013-10-23 10:00:00,4.325904111828931,6.832971800720182,23.721469936736398
2013-10-23 11:00:00,4.325904055463326,6.832966594283224,23.85443182018441
2013-10-23 12:00:00,4.325904014863632,6.832962594132143,23.626920758367895
2013-10-23 13:00:00,4.3259039967864945,6.832953941835076,24.768412634521283
2013-10-23 14:00:00,4.32590401196425,6.832955467798885,27.57806373439459
2013-10-23 15:00:00,4.325904114768003,6.835395629997697,30.489719745631078
2013-10-23 16:00:00,4.325904288215179,6.847224082926684,30.938985070032487
2013-10-23 17:00:00,4.325904667394633,11.704917565386511,31.881479204518477
2013-10-23 18:00:00,4.325906059707415,15.079311487572435,32.53921862515672
2013-10-23 19:00:00,4.33586485398533,16.07139090384034,32.72540813958527
2013-10-23 20:00:00,4.335868780506904,24.86863413458848,34.40455137676637
2013-10-23 21:00:00,11.505636245764077,42.51019341975366,34.36539104430466
2013-10-23 22:00:00,11.507310999818161,42.51020153008203,34.36380267184451
2013-10-23 23:00:00,11.50899074338771,52.608766695210406,35.99353911031789
2013-10-24 00:00:00,13.276066555434795,52.60883138098336,39.698223920044164
2013-10-24 01:00:00,29.20918853527088,52.778377102230294,41.37416049706746
2013-10-24 02:00:00,29.29523617350889,56.56691128729938,42.5982518576382
2013-10-24 03:00:00,29.29523971721702,56.569144003345954,43.055985064116435
2013-10-24 04:00:00,29.295240588804695,58.39505480660337,44.756181971636344
2013-10-24 05:00:00,29.295241293215017,59.42508518825812,45.092553625359535
2013-10-24 06:00:00,29.295240981696523,59.42508609275313,44.6739824857052
2013-10-24 07:00:00,28.890152489039718,59.42508282357457,40.709515949598526
2013-10-24 08:00:00,24.5896259678963,59.40787974621854,40.12722770154097
2013-10-24 09:00:00,24.525181437906568,53.79630936405135,35.28645631786817
2013-10-24 10:00:00,23.801065610519228,53.796309562320346,34.515655860313856
2013-10-24 11:00:00,23.558284963131094,53.79630950290067,34.40085165264548
2013-10-24 12:00:00,24.525183437210554,53.79631385862589,36.505594979607544
2013-10-24 13:00:00,29.497710951684326,53.79631279289811,42.9126720735707
2013-10-24 14:00:00,45.97509082042175,53.79631086823008,53.33470135732759
2013-10-24 15:00:00,55.384317908206505,58.80359485538308,63.92155426415722
2013-10-24 16:00:00,55.384318317715845,59.425086472897334,66.02739419018698
2013-10-24 17:00:00,55.3843186255522,59.42508633649193,66.15633914957726
2013-10-24 18:00:00,55.776593422787144,59.42508568220154,66.1574832842438
2013-10-24 19:00:00,55.77659381638326,59.42502625738936,66.48810019744138
2013-10-24 20:00:00,55.77659379592717,58.239143714560385,66.68215866842192
2013-10-24 21:00:00,55.77659004370759,55.338307019602055,67.15414510059625
2013-10-24 22:00:00,55.38431828180376,54.06804453920989,67.21318840974031
2013-10-24 23:00:00,55.38431819216364,54.068034528533175,67.20509851640145
2013-10-25 00:00:00,55.384318107618256,54.06803757084447,67.20457414418713
2013-10-25 01:00:00,55.38431777905344,53.79631739288918,67.20201529210827
2013-10-25 02:00:00,54.48372434962733,53.79631166499799,66.985484662497
2013-10-25 03:00:00,49.271342096107524,49.83110429877418,65.79171898346871
2013-10-25 04:00:00,45.97507860296051,44.15661205804737,66.35049877357436
2013-10-25 05:00:00,45.975073686782146,43.14874634249952,66.06323483254853
2013-10-25 06:00:00,13.276066942876827,16.3825760072588,42.68572890579603
2013-10-25 07:00:00,11.569498953479721,15.129287769506686,38.76861087015754
2013-10-25 08:00:00,11.56949809721757,15.150607682692081,37.46512340739342
2013-10-25 09:00:00,9.679956291324752,12.418492321992783,33.57110877832635
2013-10-25 10:00:00,11.29516059426731,13.142662152409455,33.77885799432354
2013-10-25 11:00:00,10.370890973707777,13.140914594506313,33.27401008031872
2013-10-25 12:00:00,11.57118172171187,14.454076089987149,34.96166440785992
2013-10-25 13:00:00,11.572873508137786,14.75904236269853,34.66869661983456
2013-10-25 14:00:00,11.574563175624306,15.190163466113404,34.29509944870487
2013-10-25 15:00:00,11.576253039382678,14.862060776227075,37.41041682780628
2013-10-25 16:00:00,11.577945089503634,15.266936927582606,38.83357384894292
2013-10-25 17:00:00,11.579632699749641,15.26693398763609,38.731333887639224
2013-10-25 18:00:00,11.581322541061777,15.26692278727024,38.7398733213549
2013-10-25 19:00:00,11.583007473935234,14.765674076205206,34.16513234176199
2013-10-25 20:00:00,11.569495048485116,14.759049650713141,34.30618162590037
2013-10-25 21:00:00,10.937257782779895,14.759043640431862,34.30655532312955
2013-10-25 22:00:00,10.691586232931089,14.75904225450406,34.78008415972572
2013-10-25 23:00:00,10.691632654452,14.75904311458607,35.18606656304475
2013-10-26 00:00:00,10.691830992199264,14.759043237649983,35.402913994802034
2013-10-26 01:00:00,11.569496878833085,15.193237334413698,35.65792369800761
2013-10-26 02:00:00,9.273512703912804,14.759041488550963,35.50106941028971
2013-10-26 03:00:00,10.691564202074591,14.759040785738225,35.133760888815104
2013-10-26 04:00:00,10.438382569905286,14.759033350052025,35.36830422990141
2013-10-26 05:00:00,10.038942246319943,14.454835289431125,35.368286286100314
2013-10-26 06:00:00,5.60118182715203,11.774843570774351,18.30378406773852
2013-10-26 07:00:00,4.335867055683661,10.809926135573734,17.859357014661448
2013-10-26 08:00:00,4.325904407030404,9.622183990549045,16.89495460718612
2013-10-26 09:00:00,4.3259040831329205,6.958535148325026,13.430635038738094
2013-10-26 10:00:00,4.3259040806245315,6.837985499182702,13.330519134026972
2013-10-26 11:00:00,4.3259040227303815,6.825764593869616,13.328163876145833
2013-10-26 12:00:00,4.325904048993587,6.837988162881192,13.368964030154268
2013-10-26 13:00:00,4.325904043628129,6.837989856009652,15.339190423436573
2013-10-26 14:00:00,4.325904080678431,6.837988154821966,15.982622197178872
2013-10-26 15:00:00,4.325904357217813,6.837988138792698,17.594641191882022
2013-10-26 16:00:00,4.325905875408498,6.852152650105344,18.418090672272847
2013-10-26 17:00:00,4.325905988639037,6.852182058163958,18.338848033274537
2013-10-26 18:00:00,4.325914716627993,6.852411697830772,18.338890650206192
2013-10-26 19:00:00,4.335959574170185,6.852415937353578,18.338871836605044
2013-10-26 20:00:00,4.336034853663957,6.860509507639165,18.31517612835527
2013-10-26 21:00:00,4.3358707605611,6.860503860705665,18.315175396504248
2013-10-26 22:00:00,4.3361092934266185,10.165203996634588,18.952609448163194
2013-10-26 23:00:00,4.325906051778146,10.165203731000235,19.472246390795732
2013-10-27 00:00:00,4.325904737638968,8.443047928601139,18.869365813295897
2013-10-27 01:00:00,4.3259045690466715,6.848758824389756,18.338138589072457
2013-10-27 02:00:00,4.325904263093114,6.840767551268872,18.3317806028425
2013-10-27 03:00:00,4.325904195164783,6.837987263074802,18.319299509994586
2013-10-27 04:00:00,4.325904174964363,6.837986618777928,18.314205620978047
2013-10-27 05:00:00,4.325904159375149,6.837985309033711,18.313016676161862
2013-10-27 06:00:00,4.3259041604852335,6.8379653831638265,17.72277606031754
2013-10-27 07:00:00,4.325904064345647,6.826163466767394,13.919659227395842
2013-10-27 08:00:00,4.325904060149035,6.825758950973295,13.407165042328748
2013-10-27 09:00:00,4.3259040184594175,6.825758846931372,13.40432041445019
2013-10-27 10:00:00,4.3259039925537,6.825758408906154,13.40765453675117
2013-10-27 11:00:00,4.325903979030618,6.825758290514299,13.40637945584423
2013-10-27 12:00:00,4.325903995206109,6.8257582575764975,13.881639405654434
2013-10-27 13:00:00,4.325903897072494,6.825758508444828,14.097500989074254
2013-10-27 14:00:00,4.3259039608125756,6.825765744929171,15.512804474840632
2013-10-27 15:00:00,4.325904116879752,6.835401540163436,16.97033637057057
2013-10-27 16:00:00,4.325904158222404,6.83636537727111,18.414117555189414
2013-10-27 17:00:00,4.32590415680403,6.836358034293954,18.414128506945985
2013-10-27 18:00:00,4.325904163101674,6.836357505669831,18.402703286593546
2013-10-27 19:00:00,4.32590416236292,6.836358762645888,18.4027027821171
2013-10-27 20:00:00,4.325904160453824,6.836361845640933,18.4017181828738
2013-10-27 21:00:00,4.325904193066628,6.836365196019249,18.401565607872744
2013-10-27 22:00:00,4.325904234662605,6.847493087615996,18.40482463171078
2013-10-27 23:00:00,4.325904322228947,11.490688961995392,19.32536952461871
2013-10-28 00:00:00,4.3259043289611885,11.499441523966702,19.314049348620586
2013-10-28 01:00:00,4.3259043419005785,12.96566164980493,19.61310929756871
2013-10-28 02:00:00,4.325904343140254,13.62235967939296,19.74705577736795
2013-10-28 03:00:00,4.325904343238988,14.01525723265411,19.745204512754086
2013-10-28 04:00:00,4.335866946117515,14.0154740062619,19.74530525491627
2013-10-28 05:00:00,11.681754997137617,14.800069229316904,19.976623377199992
2013-10-28 06:00:00,12.133423667196205,15.289171560953696,20.071960407151384
2013-10-28 07:00:00,11.686902761193569,15.515609015911766,17.804850233209677
2013-10-28 08:00:00,10.088730600536373,11.775151237671519,18.094402092994212
2013-10-28 09:00:00,9.353480305715014,11.456895265126416,16.663441568229608
2013-10-28 10:00:00,4.335604977400131,6.828195451454907,13.333628387355244
2013-10-28 11:00:00,4.325905585064133,6.825758567073943,13.326918276681969
2013-10-28 12:00:00,4.3259040438132494,6.837986214176278,13.377326776997641
2013-10-28 13:00:00,4.325903995560344,6.837986994428964,13.391288178845821
2013-10-28 14:00:00,4.325904061722865,6.825769655107119,15.455791218430173
2013-10-28 15:00:00,4.3259042077042285,6.83540887610904,20.714042476812985
2013-10-28 16:00:00,4.3259041594224525,6.837978287817474,22.14293118088294
2013-10-28 17:00:00,4.325904139299794,6.837981741499783,20.95381592258709
2013-10-28 18:00:00,4.325904161386305,6.837981284347201,20.37166940266161
2013-10-28 19:00:00,4.325904137343475,6.8379849405481385,20.371610885429895
2013-10-28 20:00:00,4.325904147345842,6.837986997859469,20.371654448133363
2013-10-28 21:00:00,4.325904152905314,6.837987105850672,20.371655491308232
2013-10-28 22:00:00,4.3259041686063595,6.837987403993766,20.371655763257838
2013-10-28 23:00:00,4.325904176253088,6.837987377396355,20.371655566236097
2013-10-29 00:00:00,4.3259041888806635,6.837987588930676,20.36443603393793
2013-10-29 01:00:00,4.325904188521623,6.837987590818132,20.366004777532737
2013-10-29 02:00:00,4.325904170683662,6.837987709066887,20.36204523801395
2013-10-29 03:00:00,4.3259041653446815,6.837987689082458,20.36016256662907
2013-10-29 04:00:00,4.325904214052331,6.849475045964704,20.3548396298253
2013-10-29 05:00:00,4.325904204878084,6.858179370307359,20.382398509273916
2013-10-29 06:00:00,4.325904280721439,11.089901999868157,21.31285989153119
2013-10-29 07:00:00,4.32590419906255,11.151300867277527,20.350002808967076
2013-10-29 08:00:00,4.325903952432791,6.825764506502706,18.716140276977836
2013-10-29 09:00:00,4.325903952314539,6.825758607201762,17.866634616816967
2013-10-29 10:00:00,4.32590394445887,6.8257599046235065,15.157367435942332
2013-10-29 11:00:00,4.325903958049644,6.8257592405055805,15.157642011058151
2013-10-29 12:00:00,4.325903991572179,6.8257589757845425,15.701882224971172
2013-10-29 13:00:00,4.325904031516751,6.825773171070124,18.38058807377424
2013-10-29 14:00:00,4.3259041852022975,6.835503626625217,19.049061574705362
2013-10-29 15:00:00,4.325904336165346,6.837988010253573,25.467245132135623
2013-10-29 16:00:00,4.335870126999852,19.600810583086506,30.893779248372084
2013-10-29 17:00:00,11.743714111305557,24.738561089268824,32.25120273559288
2013-10-29 18:00:00,12.50350703809529,27.811175633869162,35.494538091693
2013-10-29 19:00:00,13.904917099224694,27.81117997572228,35.8103546047791
2013-10-29 20:00:00,14.037690939171554,27.811183093659935,35.80905245293301
2013-10-29 21:00:00,14.054572529813822,27.8111854969403,35.80926951938232
2013-10-29 22:00:00,14.05456720665001,27.81118445051868,35.81547183665277
2013-10-29 23:00:00,13.392423681311403,27.81118803483384,35.81590942299669
2013-10-30 00:00:00,13.394553812766926,27.811188685117553,35.82112426446848
2013-10-30 01:00:00,13.39665651821834,28.26419540464008,36.07367989010619
2013-10-30 02:00:00,13.398775643139157,33.845217570759985,36.184622813149986
2013-10-30 03:00:00,13.93384441898624,34.030468260613944,36.28808610753394
2013-10-30 04:00:00,14.054630873160274,34.03047008316533,36.623288719770855
2013-10-30 05:00:00,14.054631507286828,34.03047142818159,36.734892092954496
2013-10-30 06:00:00,14.054631982928036,34.03047173535124,36.73490003487825
2013-10-30 07:00:00,11.773152042088054,18.484371054484917,24.716598639946078
2013-10-30 08:00:00,10.958745151514488,13.755576621969215,21.7528132837015
2013-10-30 09:00:00,10.214637730722767,13.121446836764061,18.492739034111906
2013-10-30 10:00:00,9.06898153077579,11.901097070609868,17.907423361218903
2013-10-30 11:00:00,9.185118323187506,11.901095402722675,18.045810718727594
2013-10-30 12:00:00,10.080927649021646,12.83773620752111,18.703358549196416
2013-10-30 13:00:00,10.352325090692435,13.12150268577455,20.248113988226937
2013-10-30 14:00:00,12.232619784177016,15.418803896753904,24.197505016340884
2013-10-30 15:00:00,13.603548066449545,23.96058812692302,36.08619105516974
2013-10-30 16:00:00,13.603548443332993,27.133870759396167,39.98167447562075
2013-10-30 17:00:00,13.60354845397054,27.13386317429449,39.98177158610341
2013-10-30 18:00:00,13.60354839590174,26.527952818129595,39.857224416292915
2013-10-30 19:00:00,13.60354818665872,25.385490262432228,39.61332069816769
2013-10-30 20:00:00,13.603547346464449,24.412054225337684,39.359854873977255
2013-10-30 21:00:00,12.955723018164637,24.13688299951639,39.23183158705952
2013-10-30 22:00:00,11.814911323969,23.249285150854178,37.80218799579577
2013-10-30 23:00:00,11.814911446010335,23.249285028730508,37.805541532833345
2013-10-31 00:00:00,11.814911383645818,23.249285039860666,37.80553905810731
2013-10-31 01:00:00,11.814911338906828,24.136880209208666,38.107340953192995
2013-10-31 02:00:00,11.81491108981762,27.301161371992077,38.32861484933579
2013-10-31 03:00:00,11.814910422851508,28.227569664000573,38.45538538084818
2013-10-31 04:00:00,11.814907564114817,28.22796950109059,38.569208598599005
2013-10-31 05:00:00,11.814909014226412,28.227969856260554,38.60285751994558
2013-10-31 06:00:00,11.814911035396662,28.22796998725453,38.602861135155145
2013-10-31 07:00:00,8.093642771182951,18.54667742885987,22.671035876261172
2013-10-31 08:00:00,11.814908884375717,14.934444643712975,21.439836192720307
2013-10-31 09:00:00,11.365551854521648,14.435139803118862,21.01551739011572
2013-10-31 10:00:00,11.185291758503038,13.992438329282656,21.12303365881167
2013-10-31 11:00:00,10.58710606758934,13.366995329788484,20.49091505847371
2013-10-31 12:00:00,10.587114784754736,13.366997529455492,20.680340980861192
2013-10-31 13:00:00,11.085665052453233,13.811473909287695,21.900168377535913
2013-10-31 14:00:00,11.316192067506336,14.129308378419633,22.52912378702947
2013-10-31 15:00:00,10.862407188047484,15.004994014411551,34.5038502310694
2013-10-31 16:00:00,10.862406391973654,15.004999665233576,35.39462425418297
2013-10-31 17:00:00,10.862389732671932,15.004998647232815,35.244802770868205
2013-10-31 18:00:00,4.325919979371055,15.004995801915724,34.77796814828198
2013-10-31 19:00:00,4.325911526251856,14.12934378117832,33.860436120969304
2013-10-31 20:00:00,4.325909024605011,14.129350669256386,33.36237201340599
2013-10-31 21:00:00,4.326733466432377,15.008770505563355,33.563592470102726
2013-10-31 22:00:00,11.31619247615769,15.010685907337274,34.631435855959765
2013-10-31 23:00:00,11.834083445073754,15.01259666879124,34.32635451751859
2013-11-01 00:00:00,11.839375384824695,15.017597758700482,34.34131523090174
2013-11-01 01:00:00,11.84112805258139,15.470105830797042,34.48644112901038
2013-11-01 02:00:00,11.842879437861482,21.010225263852952,36.024439811832046
2013-11-01 03:00:00,11.844631121783182,27.071278668045373,37.40757828626304
2013-11-01 04:00:00,11.84638905282323,27.48994283566871,37.65241038029486
2013-11-01 05:00:00,11.853386431062317,37.55212580450167,37.465989111812206
2013-11-01 06:00:00,11.853386934735413,47.62470539718642,37.329067939870114
2013-11-01 07:00:00,11.853385897148424,49.81545130450583,32.201929055378386
2013-11-01 08:00:00,4.3358709550517025,49.81544723075753,28.50504546839048
2013-11-01 09:00:00,7.7617240134930485,49.8154484367284,27.713980350697945
2013-11-01 10:00:00,10.148007083609848,49.815454864499756,27.479324355849478
2013-11-01 11:00:00,7.600508407663592,49.81545767967691,25.9580616045099
2013-11-01 12:00:00,9.92726075401697,49.8154600240113,27.85849552994737
2013-11-01 13:00:00,13.276068518084376,51.59135076959086,32.495885280991075
2013-11-01 14:00:00,48.19438521524038,52.08590609511705,57.499266894422774
2013-11-01 15:00:00,54.39197315222692,56.973837389460485,63.90270834498012
2013-11-01 16:00:00,55.38430531131502,56.973839326632046,65.56394832605052
2013-11-01 17:00:00,55.31672326982795,56.973853054676724,65.62155570992036
2013-11-01 18:00:00,55.38431857860327,56.97384684051495,65.74883069788288
2013-11-01 19:00:00,55.38431861872619,56.97384722527306,65.90876964173081
2013-11-01 20:00:00,55.38431840880075,56.97384649873355,66.09413272759885
2013-11-01 21:00:00,55.3843180993286,56.97384684469381,66.14701416252089
2013-11-01 22:00:00,55.384316790992834,56.97384806792884,66.14696550361947
2013-11-01 23:00:00,55.384306347088895,56.97384264555399,66.14696455858845
2013-11-02 00:00:00,55.38431866596141,56.97384450082858,66.1501712289046
2013-11-02 01:00:00,55.38431888872771,56.973873244426315,66.15014900849715
2013-11-02 02:00:00,55.38431912738596,56.97392697521822,66.17774569316637
2013-11-02 03:00:00,55.38433662586293,56.97386419726294,66.22675571738945
2013-11-02 04:00:00,57.11681792114242,58.67569506533221,66.58452207590106
2013-11-02 05:00:00,57.85277083775115,59.39862920801528,66.72768600360375
2013-11-02 06:00:00,58.37191184788777,59.90858546564641,66.9827691391471
2013-11-02 07:00:00,55.38431957506785,23.95957747326248,63.030339384494575
2013-11-02 08:00:00,55.38431940831266,19.84328933112802,62.23574117754806
2013-11-02 09:00:00,55.38431951171611,22.919854235495627,62.220831304874444
2013-11-02 10:00:00,55.38431961146863,19.84328024015808,62.26734247309002
2013-11-02 11:00:00,55.384319429424586,19.843274930153108,62.26924211251737
2013-11-02 12:00:00,55.38431918299837,18.88803601020399,62.28108917298008
2013-11-02 13:00:00,55.38431904016738,17.35331023161911,62.33723890292715
2013-11-02 14:00:00,55.38431853251151,18.888031366557016,62.422267836735024
2013-11-02 15:00:00,50.65966999463995,19.943275219180553,64.9109388816405
2013-11-02 16:00:00,45.65733523029052,22.92721922308394,65.49258079456247
2013-11-02 17:00:00,34.84865211050067,22.927216762323418,64.41101903669589
2013-11-02 18:00:00,11.929179874116,19.84327579946245,64.38452471384113
2013-11-02 19:00:00,11.929156182216058,19.84326616054887,61.03268905814692
2013-11-02 20:00:00,4.325906892460307,15.477217876371572,59.37945885646663
2013-11-02 21:00:00,4.32590475525185,15.420947315518077,57.52216909576234
2013-11-02 22:00:00,4.325904281820543,7.960862324820557,42.669805430514096
2013-11-02 23:00:00,4.3259042908076655,6.837987716472295,41.44910339042591
2013-11-03 00:00:00,4.325904151130612,6.83798776435979,40.820615073993984
2013-11-03 01:00:00,4.32590413619892,6.837987630023934,40.81797019151076
2013-11-03 02:00:00,4.325904133011325,6.837987540926537,40.81796558887066
2013-11-03 03:00:00,4.325904131992386,6.837987290455823,40.78077222302068
2013-11-03 04:00:00,4.325904136023627,6.83798737292902,40.7731779244247
2013-11-03 05:00:00,4.325904144274459,6.837987319591979,40.773160279948144
2013-11-03 06:00:00,4.325904147577579,6.837987210916134,40.32656624402983
2013-11-03 07:00:00,4.325904133923739,6.837981617598159,21.75607798599684
2013-11-03 08:00:00,4.325904030642188,6.832973230177142,21.838692598870967
2013-11-03 09:00:00,4.3259038875878595,6.832860714584307,21.83866164754299
2013-11-03 10:00:00,4.325903883463355,6.82576043459806,20.834545914309736
2013-11-03 11:00:00,4.325903926860631,6.827838147792581,15.027994265979967
2013-11-03 12:00:00,4.325903937060986,6.8278369325998565,15.004662509498619
2013-11-03 13:00:00,4.325904015058878,6.832961979216515,15.02363840499036
2013-11-03 14:00:00,4.325904076334011,6.832969394440677,17.066946478960787
2013-11-03 15:00:00,4.3259041402667595,6.837987244890311,26.099394852564572
2013-11-03 16:00:00,4.325904280555049,13.480258019653416,29.35496226215607
2013-11-03 17:00:00,4.3259044497174415,22.91247023808171,31.194818694026388
2013-11-03 18:00:00,4.325904489353992,23.009978388692577,31.169966554318975
2013-11-03 19:00:00,4.325904580867471,23.009980245910935,31.20754921464841
2013-11-03 20:00:00,4.325904603439572,23.009979537958753,31.227718311875094
2013-11-03 21:00:00,4.325904623843622,23.009980051169986,31.22771933501646
2013-11-03 22:00:00,4.325904514182825,23.009980141665505,31.22771345899246
2013-11-03 23:00:00,4.325905372753226,23.009980266745902,31.227716489430335
2013-11-04 00:00:00,11.966455346609646,23.009981587958062,31.207553793187557
2013-11-04 01:00:00,13.276065514139027,23.25424410925525,31.193500996611533
2013-11-04 02:00:00,32.53073583116464,35.54173795708607,33.6504096566052
2013-11-04 03:00:00,42.09171079991602,45.27351438342271,36.449721890518674
2013-11-04 04:00:00,47.21754841272319,47.45967355295261,38.07199022303777
2013-11-04 05:00:00,47.21754940434851,48.068012599484675,40.804317879349625
2013-11-04 06:00:00,47.217550167135165,47.795607415267625,41.4263519732382
2013-11-04 07:00:00,46.9822733718031,46.807512806052046,40.23703093131834
2013-11-04 08:00:00,39.34505492060915,41.218316931672135,39.29596132807076
2013-11-04 09:00:00,39.018754074903846,40.161684364530586,46.033125720291274
2013-11-04 10:00:00,39.23918491712208,41.1143206042681,48.07284750120273
2013-11-04 11:00:00,39.04225330544862,41.10313489075841,48.46726772885453
2013-11-04 12:00:00,39.04223916736591,41.21831702758534,49.2506543833817
2013-11-04 13:00:00,39.0421436645038,41.81065649872596,52.060073867638216
2013-11-04 14:00:00,39.258928747118844,43.41291061765581,55.04010955595141
2013-11-04 15:00:00,45.39564871836081,53.03357370181837,60.77031734800269
2013-11-04 16:00:00,48.29363079723516,56.21903074274739,62.03456856779952
2013-11-04 17:00:00,48.462916192390274,56.21903308628751,61.998956290198834
2013-11-04 18:00:00,48.4628787357827,56.21903312465926,62.041365664010264
2013-11-04 19:00:00,48.462872580052945,56.21903264297198,62.041314665274236
2013-11-04 20:00:00,48.468506932552295,56.21903313962402,62.041280587604824
2013-11-04 21:00:00,48.48536172133951,56.219033187315574,61.86717645329296
2013-11-04 22:00:00,41.245499628585904,56.21903327984333,61.730683977567715
2013-11-04 23:00:00,41.24550190006683,56.21903424595456,56.9956177028987
2013-11-05 00:00:00,41.49599436637811,56.219033492076775,56.21787307283442
2013-11-05 01:00:00,41.50869999430197,56.21903343169633,56.244499909327516
2013-11-05 02:00:00,41.86754820947064,56.21903343920722,56.34245227607504
2013-11-05 03:00:00,46.319060905776624,56.219033178134154,57.65039641225703
2013-11-05 04:00:00,48.331559612449944,56.21903285098041,58.47553139123462
2013-11-05 05:00:00,49.31060765593161,56.219033502940334,58.716111856754885
2013-11-05 06:00:00,49.93759739714602,56.2190334075253,58.71614080052277
2013-11-05 07:00:00,46.35958685771978,49.91047299420096,52.72450697580147
2013-11-05 08:00:00,37.06540388394255,38.978998128380184,44.45365064482402
2013-11-05 09:00:00,35.33324040632161,37.81076955802199,43.19465010580511
2013-11-05 10:00:00,37.06540630300793,38.978997995538265,45.61980634098604
2013-11-05 11:00:00,37.30100964931237,38.978998916023315,46.87791168663373
2013-11-05 12:00:00,38.34748185082486,39.20184540607143,51.46935308834172
2013-11-05 13:00:00,38.347494531610955,36.62745772728532,53.552715966438555
2013-11-05 14:00:00,43.39073812315686,41.03193519335187,61.055684048283645
2013-11-05 15:00:00,50.023535197512764,43.5590884186352,68.20984793198127
2013-11-05 16:00:00,50.02353677174098,43.55908857373039,68.85124147908242
2013-11-05 17:00:00,50.02353693292357,43.790351751591515,68.91361608219533
2013-11-05 18:00:00,50.023537006348725,43.55909743597387,68.46215246132768
2013-11-05 19:00:00,50.02353678895952,41.013973262381754,67.1121130177112
2013-11-05 20:00:00,50.02353512630476,41.866818687484596,66.85116824404452
2013-11-05 21:00:00,42.90641872197002,40.656389947266334,65.77088953542113
2013-11-05 22:00:00,41.315101763771196,40.17425839615521,67.58389802161936
2013-11-05 23:00:00,30.364477301034977,35.1929160885205,67.58390463474133
2013-11-06 00:00:00,25.724440949812205,32.84572973307443,66.33181350086195
2013-11-06 01:00:00,22.659665592734754,32.84571668415589,64.23473861634419
2013-11-06 02:00:00,13.276133347317757,33.66482754484571,63.39414695122244
2013-11-06 03:00:00,31.605838891900092,35.90799059610697,59.311734241528264
2013-11-06 04:00:00,38.57985974295527,43.33692706079438,61.68229612318907
2013-11-06 05:00:00,41.31510217202952,46.44342381162613,62.542696278334546
2013-11-06 06:00:00,42.95264206035027,50.285427000060665,63.690446433269564
2013-11-06 07:00:00,45.6679229907307,52.98471392529437,57.94722805727458
2013-11-06 08:00:00,47.306792416388795,54.933005258812344,65.51055461734414
2013-11-06 09:00:00,48.63890448699982,54.99415771985976,65.79635179966296
2013-11-06 10:00:00,48.638910290768045,54.933007552512564,63.55967295340814
2013-11-06 11:00:00,49.66537600253935,55.93152951202099,63.94828995456296
2013-11-06 12:00:00,49.841197375491674,56.21903390964752,65.04687941339365
2013-11-06 13:00:00,50.610065277019324,56.64392525432727,65.83127515037093
2013-11-06 14:00:00,53.68286143826801,57.07174667169387,66.1684965149478
2013-11-06 15:00:00,55.38432141832305,57.45893636744562,68.87151954178691
2013-11-06 16:00:00,55.38432168288839,58.66974008335515,69.46292061701008
2013-11-06 17:00:00,55.384321874041,58.288911996131546,69.43439286480618
2013-11-06 18:00:00,55.38432185933014,58.26897777687914,69.50932183487971
2013-11-06 19:00:00,55.384321807564234,58.266059005945976,69.50858697955894
2013-11-06 20:00:00,55.38432180802517,58.118828626359544,69.4016278029843
2013-11-06 21:00:00,55.384321687160124,58.113136518180625,69.39880874237718
2013-11-06 22:00:00,55.384321894765485,58.049095410807155,69.36668740589921
2013-11-06 23:00:00,55.38432079170494,57.69998795831529,69.3652472200448
2013-11-07 00:00:00,54.27921619179639,56.742817799088726,69.13348966619631
2013-11-07 01:00:00,49.91008366572101,55.095126777134425,67.75343014567885
2013-11-07 02:00:00,49.665381562095085,53.69914718744782,65.98410113944644
2013-11-07 03:00:00,49.665380797258486,53.704818111505176,65.92765284882795
2013-11-07 04:00:00,49.13410937192206,53.69914530615297,66.24866802246795
2013-11-07 05:00:00,48.49598252353124,53.699146006356955,66.3214315455463
2013-11-07 06:00:00,49.66538115027604,56.07530179603933,66.6143672560212
2013-11-07 07:00:00,49.814499015507636,56.21903346488919,63.00242433380767
2013-11-07 08:00:00,49.665382792414256,52.629899866873686,59.31121712192678
2013-11-07 09:00:00,49.665383565860104,52.29521677504654,58.825518792071186
2013-11-07 10:00:00,49.665384915179686,52.98245786147125,58.78731338874273
2013-11-07 11:00:00,49.66538536966568,52.39572909189029,58.89072302351199
2013-11-07 12:00:00,49.66538670328547,52.01364774542118,59.04373784916089
2013-11-07 13:00:00,50.01302596607005,52.27509406840731,59.40387746093518
2013-11-07 14:00:00,54.21648425339668,56.846283939209115,64.55600628120631
2013-11-07 15:00:00,56.09201522712482,60.935137174055626,70.1629008640564
2013-11-07 16:00:00,58.11160812732445,63.680887433162425,71.75056827645638
2013-11-07 17:00:00,58.11161069735292,63.68089600114004,71.86297747650725
2013-11-07 18:00:00,58.111611542949504,63.680897451863515,71.8789657924723
2013-11-07 19:00:00,58.11161190457442,63.68089762298682,71.90913210988472
2013-11-07 20:00:00,58.11161220296649,63.680897921253276,71.88999122726818
2013-11-07 21:00:00,58.111612459088924,63.68089835598526,71.7962649848824
2013-11-07 22:00:00,58.11161266169138,63.68089886331791,71.78418990538513
2013-11-07 23:00:00,58.1116128544587,63.68089937360928,71.79331132438791
2013-11-08 00:00:00,58.111612964517555,63.6809006650509,71.85718134579703
2013-11-08 01:00:00,58.11161313070104,63.6809030371322,71.94043789051047
2013-11-08 02:00:00,58.11161325736486,64.07541595443283,72.0091692146304
2013-11-08 03:00:00,58.11161356354341,64.49133586946326,72.23212784927962
2013-11-08 04:00:00,58.11161405798609,66.85669162704355,72.30089687885473
2013-11-08 05:00:00,58.111614396204416,67.30766832571108,72.5282414906027
2013-11-08 06:00:00,58.11161461004232,67.30767018356602,72.54921655927721
2013-11-08 07:00:00,58.11161481272046,66.76201425545382,71.65335054583093
2013-11-08 08:00:00,55.26594533393447,64.4253118629161,69.46333196728776
2013-11-08 09:00:00,54.895122157364256,63.77895717269011,69.40640315228305
2013-11-08 10:00:00,54.89512184263188,63.724067477931285,69.45129147613555
2013-11-08 11:00:00,54.89512362477473,63.81277243025758,69.45282650747221
2013-11-08 12:00:00,54.8951266954431,63.812814859455514,69.44991123583107
2013-11-08 13:00:00,59.97596458966065,64.72549649236876,71.25994094001
2013-11-08 14:00:00,61.97146291530353,65.37731452686616,73.467081448397
2013-11-08 15:00:00,61.971464061067415,67.30768295718356,75.06021795562152
2013-11-08 16:00:00,61.97147169261605,67.44706931702878,75.22679742324928
2013-11-08 17:00:00,64.28357714458832,67.3077615543836,75.06908110339101
2013-11-08 18:00:00,64.82347261591583,66.24602317244609,74.37568872160426
2013-11-08 19:00:00,64.822118356133,66.24468976734761,74.37487765459976
2013-11-08 20:00:00,63.56425652593728,65.00907823913916,73.8303545493553
2013-11-08 21:00:00,62.25330873614637,63.72406328227821,73.12819671271437
2013-11-08 22:00:00,61.97146522501971,63.724062117363445,73.08949285449951
2013-11-08 23:00:00,61.971464751119186,63.72405954769121,72.87564411733221
2013-11-09 00:00:00,61.97146461585995,63.444463197191965,72.58131734787877
2013-11-09 01:00:00,59.70962958149639,61.88292006501531,69.43884461598282
2013-11-09 02:00:00,54.895122777527405,60.92038011998257,68.79520641653649
2013-11-09 03:00:00,54.895119569107386,60.92038065957833,58.59747345536521
2013-11-09 04:00:00,13.276067657669277,62.84886033593314,58.51558595075453
2013-11-09 05:00:00,4.325990693966418,60.92038183300576,58.09464869760999
2013-11-09 06:00:00,13.276058911843574,60.920381321497146,57.99560223642877
2013-11-09 07:00:00,8.759754573752584,39.6484571745696,30.729833172392823
2013-11-09 08:00:00,4.3259041861076035,33.387469894779414,27.140294182265514
2013-11-09 09:00:00,4.325904129957668,15.290778926579495,27.351346922917337
2013-11-09 10:00:00,4.325904172729298,14.702130705039856,26.944075962722778
2013-11-09 11:00:00,4.325904136343303,12.41973811972582,17.9841001521729
2013-11-09 12:00:00,4.325904138149319,14.673788645822473,15.892499219786764
2013-11-09 13:00:00,4.325904457734559,33.38747362729238,17.868378904639926
2013-11-09 14:00:00,4.335867887805886,50.80454309669081,24.708264829999706
2013-11-09 15:00:00,15.546313663161243,57.31232092348138,46.33771698430186
2013-11-09 16:00:00,50.99292745867315,63.62438233350457,54.16401946986734
2013-11-09 17:00:00,57.12510681590811,63.624385871239156,58.16225623599342
2013-11-09 18:00:00,60.504404503385985,63.62438705718773,65.40220292337375
2013-11-09 19:00:00,60.504410258364075,63.62438714604427,65.6381031769558
2013-11-09 20:00:00,60.63980132222918,63.624387050078326,68.65778604773321
2013-11-09 21:00:00,61.08275400810621,63.62438694859557,69.73593117499965
2013-11-09 22:00:00,61.96540357539773,63.624389180475475,71.59281015416573
2013-11-09 23:00:00,61.971465926317066,63.62438881562265,72.0993962913554
2013-11-10 00:00:00,61.97146614119302,63.62439078151313,72.19326555864086
2013-11-10 01:00:00,61.97146626726288,66.47500471955678,73.02206226455289
2013-11-10 02:00:00,61.97146638216189,67.09344288569726,73.31473240476582
2013-11-10 03:00:00,61.971466454963576,67.09176142090476,73.3048537755404
2013-11-10 04:00:00,61.97146661028762,66.63327600956183,73.32881293117784
2013-11-10 05:00:00,61.971466704229194,67.09177685724215,73.70492714827492
2013-11-10 06:00:00,61.97146668070636,67.0917658497668,74.17846720597124
2013-11-10 07:00:00,61.90124131005179,64.42940975828951,72.9072668591793
2013-11-10 08:00:00,54.83477442832473,53.46004438568204,72.15171696692177
2013-11-10 09:00:00,50.93604342713803,42.96018432639599,71.79554583074845
2013-11-10 10:00:00,50.93604303034843,50.435508474923026,71.79555033937466
2013-11-10 11:00:00,50.93604262068404,50.43551474941813,71.79559288746732
2013-11-10 12:00:00,50.93604230442878,49.8316105617334,72.26310294255715
2013-11-10 13:00:00,50.93604362950189,52.011437553039144,72.36275895317263
2013-11-10 14:00:00,51.21030681306807,60.90735953974027,73.05364398151012
2013-11-10 15:00:00,58.701424612315705,63.67436207979806,73.98355865329978
2013-11-10 16:00:00,58.70145569511758,67.18220105223598,74.27408362858428
2013-11-10 17:00:00,58.73807002517846,67.18221422287877,74.8228860605043
2013-11-10 18:00:00,58.738134538754565,67.36086644178278,74.87815273749767
2013-11-10 19:00:00,60.05235319193775,67.36087181559274,74.71189801582882
2013-11-10 20:00:00,61.97147158841988,67.3608722843348,74.8316937222419
2013-11-10 21:00:00,63.02739715361981,67.36087243460602,74.99801502412488
2013-11-10 22:00:00,63.027398926091834,67.36087252639537,75.03127822910095
2013-11-10 23:00:00,63.02740327570056,67.36087258612457,75.02916311086548
2013-11-11 00:00:00,64.7422301723947,67.3608724027655,75.43103764569187
2013-11-11 01:00:00,65.60049468187306,67.71884136658659,75.69422170775786
2013-11-11 02:00:00,69.1938263748038,70.5390587128162,77.0827387278534
2013-11-11 03:00:00,71.53345117300229,73.04575595283863,79.00785731350815
2013-11-11 04:00:00,71.53345136454314,73.77008239861705,85.31101327128405
2013-11-11 05:00:00,70.097964470077,70.53904478870598,86.41081829343389
2013-11-11 06:00:00,63.02740007305105,70.53900939689015,86.639210002157
2013-11-11 07:00:00,59.266907359557834,55.88230390547116,77.38660603828447
2013-11-11 08:00:00,53.33016193480443,46.53689413656335,74.18245599553677
2013-11-11 09:00:00,48.80223179108504,46.32444582465304,73.94570901250785
2013-11-11 10:00:00,48.802231761937904,45.791426174747585,72.6514771249901
2013-11-11 11:00:00,48.80223213596049,45.69998631614074,72.9234108020475
2013-11-11 12:00:00,48.802233016496714,45.11529675431338,74.04598341864644
2013-11-11 13:00:00,52.07512352622675,46.53690832775554,74.2434752090534
2013-11-11 14:00:00,52.624077167798085,55.088906460067435,74.29533525421515
2013-11-11 15:00:00,56.34913136352875,64.61426230974345,76.40410519461066
2013-11-11 16:00:00,52.206410079239674,65.71591923341921,77.38449231833407
2013-11-11 17:00:00,48.802231049998575,64.67164679153856,76.88955538589882
2013-11-11 18:00:00,13.276072871812076,64.67164535972101,76.86000792174376
2013-11-11 19:00:00,4.335872391634507,64.671645217205,75.85508756671106
2013-11-11 20:00:00,4.335870623027818,64.67165776766835,74.45986968358217
2013-11-11 21:00:00,4.335868799927877,64.7387360072478,74.40960019585194
2013-11-11 22:00:00,4.335868841623175,64.67814451729029,73.93242733326362
2013-11-11 23:00:00,4.335876927555239,64.6716554010052,73.93148482080232
2013-11-12 00:00:00,4.335889309763571,64.6716470433939,73.92551649325736
2013-11-12 01:00:00,13.276070182774035,64.671647911267,73.91871047160201
2013-11-12 02:00:00,48.80223154761569,64.6716478660188,73.93016370208515
2013-11-12 03:00:00,48.80224076900732,64.67164945182574,74.06115307229389
2013-11-12 04:00:00,58.41266797572547,64.67165780062814,74.92425883381895
2013-11-12 05:00:00,61.163331392251166,66.25361191192684,75.58180164877332
2013-11-12 06:00:00,63.02740396837755,67.0802250158992,75.85825186756168
2013-11-12 07:00:00,63.02742533810487,67.08022254099757,72.0124433895441
2013-11-12 08:00:00,63.02742865617137,65.71940453739458,69.78238864972343
2013-11-12 09:00:00,63.18292015890875,66.93033653713913,69.61072785740915
2013-11-12 10:00:00,63.18337668223982,67.08022477902301,70.84317144804412
2013-11-12 11:00:00,63.18337756054717,67.08023052311272,70.90142953078511
2013-11-12 12:00:00,63.183377985870614,67.39349660501365,72.09922332844492
2013-11-12 13:00:00,63.1833783300212,67.39349861632671,73.67535476907689
2013-11-12 14:00:00,63.18337854994066,67.3935357548648,77.2177970263633
2013-11-12 15:00:00,63.183378807538226,74.0240584469844,95.40588905863866
2013-11-12 16:00:00,63.18337892740841,78.73934319694355,98.28624538904081
2013-11-12 17:00:00,63.18337900672994,79.81215090392942,98.92404680011319
2013-11-12 18:00:00,63.18337906194578,79.8123999969567,99.400260896721
2013-11-12 19:00:00,63.1833790779558,75.02628651114408,96.67677256507174
2013-11-12 20:00:00,63.18337898985255,73.46092346832519,93.30593190595283
2013-11-12 21:00:00,63.183373067389724,67.3935669145058,90.1662105451312
2013-11-12 22:00:00,63.18337278497782,67.3935467404965,90.16909730531508
2013-11-12 23:00:00,63.183373334962425,67.39353598316507,90.166325629855
2013-11-13 00:00:00,63.18337315212942,67.39353592158928,90.16630800034862
2013-11-13 01:00:00,63.183373478911896,67.39353723884625,90.16630906169874
2013-11-13 02:00:00,63.18337342520269,67.3935378701618,90.1663224121404
2013-11-13 03:00:00,63.183380689581554,68.04046760489564,90.23931696953458
2013-11-13 04:00:00,63.183383716619225,71.50604585612818,90.61182619053564
2013-11-13 05:00:00,63.183389103552365,72.67840107019651,90.9611158454463
2013-11-13 06:00:00,63.18339067147509,72.84779302511228,91.0602577626743
2013-11-13 07:00:00,63.18339130318808,72.79120118978769,90.87555540862783
2013-11-13 08:00:00,63.1833913909566,67.19882062509721,87.47722901107622
2013-11-13 09:00:00,63.18339178685123,67.19881841163688,86.89891908769712
2013-11-13 10:00:00,63.18339221326572,67.19881806395627,86.2942518391034
2013-11-13 11:00:00,63.18339251566542,67.19881793652398,86.30019070625089
2013-11-13 12:00:00,63.18339277859932,67.19881910648112,86.57958525525582
2013-11-13 13:00:00,63.18339305390998,67.19882100269686,87.24693523713053
2013-11-13 14:00:00,63.18339349891539,69.4171145814726,92.716274619345
2013-11-13 15:00:00,63.18339764705412,86.44587098893116,106.82076919327011
2013-11-13 16:00:00,63.183393820578885,87.23894956983766,107.21073121356596
2013-11-13 17:00:00,63.183393779409435,87.084834511775,107.18273999768786
2013-11-13 18:00:00,63.18339369396077,87.19338722256397,107.08686661828995
2013-11-13 19:00:00,63.18339369016918,87.2389595926777,107.09621435375446
2013-11-13 20:00:00,63.183393686276354,87.08483312085094,107.06478255238707
2013-11-13 21:00:00,63.183393635207295,86.06372186169547,106.42432290071734
2013-11-13 22:00:00,63.18339349249092,77.6149231442447,101.73818188000449
2013-11-13 23:00:00,63.18339032203227,77.07872241966413,101.50683494734196
2013-11-14 00:00:00,63.18337380511906,77.07871874497059,101.50746004443789
2013-11-14 01:00:00,63.18337344396228,77.07871852425441,101.44871868305039
2013-11-14 02:00:00,63.18337295901539,77.07871747514523,101.4487186710518
2013-11-14 03:00:00,63.18336907752846,77.07871651701397,100.46370369391538
2013-11-14 04:00:00,63.18336628869322,77.07871614970279,103.84299557133815
2013-11-14 05:00:00,63.18332831647199,77.07871586573098,104.09561460766943
2013-11-14 06:00:00,55.62478976125902,77.0787156169466,104.08253271560194
2013-11-14 07:00:00,55.62478174912662,75.33708205915217,102.67887578732903
2013-11-14 08:00:00,55.62478089025379,64.95352248770223,93.52270716448254
2013-11-14 09:00:00,61.81719640532862,64.95352541549533,93.80535422287775
2013-11-14 10:00:00,63.183396468075294,64.57760987819516,94.58220050637797
2013-11-14 11:00:00,64.54506900226582,62.315792250498845,96.00802288186861
2013-11-14 12:00:00,65.60050214854168,44.047888663804486,103.52644388280159
2013-11-14 13:00:00,66.12086911710274,44.83634059777856,113.78069560523393
2013-11-14 14:00:00,66.12093452431643,74.53222915827601,140.50672420742026
2013-11-14 15:00:00,66.12093678270297,75.33711003980756,152.6791137620902
2013-11-14 16:00:00,66.12093763872821,91.19869661944288,158.54226477347177
2013-11-14 17:00:00,66.12093816881212,91.43806401661182,160.26989053754534
2013-11-14 18:00:00,66.12093859191218,91.1987092082972,162.12846725378995
2013-11-14 19:00:00,66.12093901774726,75.33708828031811,162.34991989186423
2013-11-14 20:00:00,66.12093954760108,75.33705115166916,161.95766272022522
2013-11-14 21:00:00,66.120940173249,70.09165331608499,162.87049084134577
2013-11-14 22:00:00,66.12094128846321,70.09178973974137,155.94030482522206
2013-11-14 23:00:00,66.12094311579453,70.09165649011729,157.38708261705608
2013-11-15 00:00:00,66.12095006750104,70.09164725609608,159.09457135833884
2013-11-15 01:00:00,66.12409148169937,70.0916470481766,160.942030197999
2013-11-15 02:00:00,66.12411859978992,75.33619215582644,162.6100360684429
2013-11-15 03:00:00,66.12412434244285,75.33708260681472,164.26535420447416
2013-11-15 04:00:00,66.12412862903754,75.33708296361331,165.91487448263211
2013-11-15 05:00:00,66.12413049591434,75.33708329381454,167.96993222736188
2013-11-15 06:00:00,66.12413118350443,75.33708279702873,168.00681317788911
2013-11-15 07:00:00,66.12413154536564,75.33708271163651,163.4859138467122
2013-11-15 08:00:00,66.1241315441741,70.0916527941984,146.77745086795446
2013-11-15 09:00:00,66.12413185942425,70.09165309527934,139.81320660466312
2013-11-15 10:00:00,66.12413289698578,70.09165502572695,138.26331039032567
2013-11-15 11:00:00,66.12413686292606,70.09165880826815,138.68379429893199
2013-11-15 12:00:00,67.69804893371146,70.1578141515155,142.7718881951948
2013-11-15 13:00:00,68.64069325547942,70.59537915945585,144.14868510150086
2013-11-15 14:00:00,80.65197043595381,76.36830042775237,148.45241752592992
2013-11-15 15:00:00,80.65197512032235,78.9169383005647,164.8828129485927
2013-11-15 16:00:00,80.65197519861302,102.53083819333654,164.89687948414021
2013-11-15 17:00:00,80.65197518455342,102.53106327871892,164.90051887408492
2013-11-15 18:00:00,80.65197509610341,102.53107359627658,163.7997440943205
2013-11-15 19:00:00,80.65197481891514,102.57692648055351,158.9027846421983
2013-11-15 20:00:00,80.6519741183173,123.8665489456363,145.1148034968068
2013-11-15 21:00:00,80.65193729034422,125.01077028551518,142.34870570234304
2013-11-15 22:00:00,66.12414821320337,125.010777787067,141.4666211758249
2013-11-15 23:00:00,66.1241368418233,125.01076978540567,141.02704381764082
2013-11-16 00:00:00,66.12413659947153,125.01076961340915,141.02702556927179
2013-11-16 01:00:00,66.12413644343707,125.01076780316652,141.02702552809387
2013-11-16 02:00:00,66.12413610678955,125.01076447748527,141.03958689931468
2013-11-16 03:00:00,66.12413514403113,125.0107638968425,139.40089253061635
2013-11-16 04:00:00,66.12413571020845,125.01076773828655,139.40089347731575
2013-11-16 05:00:00,66.12413560132099,125.01076707927432,139.40093100336287
2013-11-16 06:00:00,66.12413387702928,125.01076920880588,139.404232981993
2013-11-16 07:00:00,66.12413314529113,102.5310742739163,115.92194280783825
2013-11-16 08:00:00,66.12413316201516,86.91781678951776,105.83171555168772
2013-11-16 09:00:00,66.12413322462601,86.91779154190027,105.93160788756526
2013-11-16 10:00:00,66.12413326463502,82.52671409136369,102.55623476479433
2013-11-16 11:00:00,66.12413331676582,82.19294522475374,103.16806999475813
2013-11-16 12:00:00,66.12413337699094,82.11013248236696,103.64238304185083
2013-11-16 13:00:00,66.12413342935761,80.75863739813539,103.63426693860839
2013-11-16 14:00:00,66.12413349497055,102.53106534895542,114.57170774993084
2013-11-16 15:00:00,66.12413362165505,107.78584216014181,117.26447591097055
2013-11-16 16:00:00,66.124133682845,107.78586398717212,117.1195346246867
2013-11-16 17:00:00,66.12413375476314,107.78586863472482,117.11953520351238
2013-11-16 18:00:00,66.12413383881851,107.78587122382501,117.11953757773125
2013-11-16 19:00:00,66.12413394554154,107.7858727814786,117.12915430102038
2013-11-16 20:00:00,66.12413428295494,107.7858747958339,117.12918813421658
2013-11-16 21:00:00,66.12413535205567,107.78589148581685,120.87408893030394
2013-11-16 22:00:00,66.12414006860674,108.33453452515162,121.56005698900104
2013-11-16 23:00:00,68.40166974510585,108.33622010348874,121.56226591497327
2013-11-17 00:00:00,91.63500359933452,109.36352095899677,122.24561050131811
2013-11-17 01:00:00,100.8623845209984,111.94343444364269,126.02784547311867
2013-11-17 02:00:00,111.75848911992861,121.9997477208647,131.9575503110114
2013-11-17 03:00:00,121.80886880372971,127.78004693525766,135.25376109304358
2013-11-17 04:00:00,132.52389881604853,140.98080759061196,140.93008055782008
2013-11-17 05:00:00,135.3636373319227,143.427459595551,142.1863346077748
2013-11-17 06:00:00,143.5913956868172,148.5865126573163,144.35415302157168
2013-11-17 07:00:00,149.9975153906102,155.10708009283812,146.81622353143348
2013-11-17 08:00:00,148.63023709205493,150.54603002644822,147.39787560150089
2013-11-17 09:00:00,150.6416132455467,150.54601858122493,150.04887716625836
2013-11-17 10:00:00,155.22823970476216,155.0515040340105,159.59051943041464
2013-11-17 11:00:00,155.2282653138714,155.05152979586822,160.31183419687392
2013-11-17 12:00:00,155.2284182322989,155.05167959702345,161.25794881136673
2013-11-17 13:00:00,158.10179593498168,157.87422733315645,165.5343581981234
2013-11-17 14:00:00,170.77864196227208,170.32682016342713,182.6411731072971
2013-11-17 15:00:00,179.92050215307302,179.306955768012,192.43032308585632
2013-11-17 16:00:00,179.92052517704738,179.30697828578747,192.4210406921009
2013-11-17 17:00:00,179.79928348172595,179.18788063598114,192.37571013603872
2013-11-17 18:00:00,179.7992728135478,179.18787091435112,192.37569924479385
2013-11-17 19:00:00,179.79925655823624,179.18785662294047,192.3756877989934
2013-11-17 20:00:00,179.79920978730397,179.18781128373183,192.3756626217912
2013-11-17 21:00:00,174.7041423974207,176.4325823997443,190.24686154877156
2013-11-17 22:00:00,152.66045814750146,155.0515393598359,169.11837058513535
2013-11-17 23:00:00,152.66045788213023,155.05153458000638,164.61911894924896
2013-11-18 00:00:00,152.66045795807355,155.05153468675928,164.99601528119442
2013-11-18 01:00:00,152.66045822542563,155.0515342009756,164.56400573853125
2013-11-18 02:00:00,152.66045843912764,155.05153385108093,164.28763736507895
2013-11-18 03:00:00,152.66046016100344,155.05153388383064,164.3399067261534
2013-11-18 04:00:00,153.24406092410678,155.05159893158205,164.3414115713755
2013-11-18 05:00:00,155.64447860727805,157.24779738716444,166.22150591904298
2013-11-18 06:00:00,161.84841910055073,162.10502806319835,170.09354123819358
2013-11-18 07:00:00,138.36341223839062,155.05153366502068,150.4549580711398
2013-11-18 08:00:00,135.8509344165071,134.6738627721565,138.99005372449264
2013-11-18 09:00:00,135.85093454463365,134.6738762276822,138.21167324603593
2013-11-18 10:00:00,135.85090840128453,134.67387154308585,138.03905553051504
2013-11-18 11:00:00,126.95356985998598,134.67385926479938,138.03904941953166
2013-11-18 12:00:00,129.20638810153457,134.6738584896918,138.05027586345324
2013-11-18 13:00:00,131.22923807688687,134.88112312551942,138.0843379029149
2013-11-18 14:00:00,133.12441794904262,138.35600138547647,142.21507049656464
2013-11-18 15:00:00,135.8509346249652,144.34032752029478,147.48308713197403
2013-11-18 16:00:00,135.85093423712965,144.34032718107701,147.40722117701233
2013-11-18 17:00:00,135.3429184633767,143.8091567340955,146.8952046250995
2013-11-18 18:00:00,126.60584156076952,134.6738576395855,141.1742617723879
2013-11-18 19:00:00,110.83528952441249,134.67385335099564,139.63427655166012
2013-11-18 20:00:00,68.68782242795076,134.67385287369063,139.59703215565918
2013-11-18 21:00:00,68.14201508996808,134.67385321489732,139.64433710820234
2013-11-18 22:00:00,68.14201255863169,134.67385342561178,139.65200378913832
2013-11-18 23:00:00,68.14201238074952,134.67385348358772,139.65990085392454
2013-11-19 00:00:00,68.14201250626797,134.67385365371257,139.6598962762126
2013-11-19 01:00:00,68.14200976903773,134.67385364838384,139.65980378257728
2013-11-19 02:00:00,67.85336059492947,134.67385345932894,139.8205016017499
2013-11-19 03:00:00,67.8533582128258,134.67385320557455,139.82049169846005
2013-11-19 04:00:00,67.85335825185366,134.67385304167078,140.7505493315213
2013-11-19 05:00:00,67.85335804819998,134.6738530829491,141.45617282579238
2013-11-19 06:00:00,67.85335631396939,134.67385264766577,141.55926953490314
2013-11-19 07:00:00,66.12414133111005,88.12469614419025,139.94247705278855
2013-11-19 08:00:00,66.12414141144173,72.65323416349129,139.94247137870116
2013-11-19 09:00:00,66.12414148974537,72.65323247831677,139.87267474180402
2013-11-19 10:00:00,66.12414162540853,72.65322991354985,139.7628857120837
2013-11-19 11:00:00,66.12414169053406,72.65322847616955,139.7603412640518
2013-11-19 12:00:00,66.12414172385115,70.83260478617949,142.0230801707829
2013-11-19 13:00:00,66.12414169887212,69.23025699767136,144.16691768836245
2013-11-19 14:00:00,66.12414174248714,71.25577185604645,144.80945743583564
2013-11-19 15:00:00,66.12414185354712,71.80507073330423,144.95525486661893
2013-11-19 16:00:00,66.12414191273315,72.653218306213,144.9445600250994
2013-11-19 17:00:00,66.12414202463444,72.6532247350836,144.94281567860804
2013-11-19 18:00:00,66.12414221815996,71.7407606648108,144.94281427095405
2013-11-19 19:00:00,66.12414247255893,71.74233753007532,144.81873876380152
2013-11-19 20:00:00,66.12414386039299,71.74233800041306,144.8187129752984
2013-11-19 21:00:00,66.21333989974984,71.77798814759956,144.80667610122464
2013-11-19 22:00:00,80.65194022765623,78.23427575624078,144.80903443946872
2013-11-19 23:00:00,68.20535479627455,72.6532355061977,144.806230082856
2013-11-20 00:00:00,67.85335859621527,72.65320846708562,144.80622986850557
2013-11-20 01:00:00,66.12414365406248,72.65323055741358,144.80623092912037
2013-11-20 02:00:00,66.12414348853646,72.65323240000811,144.8063025163586
2013-11-20 03:00:00,66.12414360529425,72.65323306552887,144.81044720701436
2013-11-20 04:00:00,66.12414327601685,72.65323325611836,144.81371759260662
2013-11-20 05:00:00,66.12414321965794,72.6532338084317,145.2904723248877
2013-11-20 06:00:00,66.12414324858732,72.65323575403598,145.7302520157618
2013-11-20 07:00:00,66.12414401081863,72.65327639758573,145.921222059147
2013-11-20 08:00:00,66.12408631625487,69.84020846630564,138.41401420008603
2013-11-20 09:00:00,65.4825290607363,65.63794241058639,138.6105837578626
2013-11-20 10:00:00,65.48252844610735,65.6967871928688,138.60539266300128
2013-11-20 11:00:00,65.48252894336484,64.99993333717619,138.77719971047463
2013-11-20 12:00:00,65.48252908888018,51.10730057975135,141.60737183157903
2013-11-20 13:00:00,65.4825293122498,51.15602420115039,142.230256880261
2013-11-20 14:00:00,65.48253009484252,51.526006034971886,143.6370708921497
2013-11-20 15:00:00,66.12414523058126,53.608834988255666,145.78189775741927
2013-11-20 16:00:00,66.12414538674251,53.886551954956715,143.85825432578065
2013-11-20 17:00:00,66.12414472900099,54.10251637475562,143.74814404688198
2013-11-20 18:00:00,65.48253133725555,53.608245024104534,142.41179334817647
2013-11-20 19:00:00,65.48253001616504,53.60884428804982,142.19788308796498
2013-11-20 20:00:00,65.48253000099346,63.256190541144335,141.45234347111295
2013-11-20 21:00:00,65.48253029513067,68.01217708111518,141.17298412099518
2013-11-20 22:00:00,65.4825302232929,69.6168305228742,140.78786388105942
2013-11-20 23:00:00,65.48253010055478,72.65323257148484,140.7878270352255
2013-11-21 00:00:00,65.48253007635192,72.65979249919087,140.78790563836023
2013-11-21 01:00:00,65.48253000516738,73.44730498929712,140.78795612154633
2013-11-21 02:00:00,65.48253011426691,88.33455910607859,140.8022929586559
2013-11-21 03:00:00,65.48253050059658,88.33461487238397,140.82044290579373
2013-11-21 04:00:00,65.48253243422946,88.33461636357195,140.82667979412867
2013-11-21 05:00:00,66.1241434452147,88.33461537388135,146.1482041241795
2013-11-21 06:00:00,66.12414791614091,88.334616687758,149.29326977855771
2013-11-21 07:00:00,66.12414824917211,88.33461702175157,146.75515548871465
2013-11-21 08:00:00,66.1241474282927,72.82327113561831,136.6878161456545
2013-11-21 09:00:00,66.12414665793914,72.82326819594648,135.68422197780748
2013-11-21 10:00:00,66.12414697807084,72.1832036409021,135.8394772128249
2013-11-21 11:00:00,66.12414738376316,71.2549864900518,135.73328470035975
2013-11-21 12:00:00,66.12414921047775,70.82214167251215,135.95766009100006
2013-11-21 13:00:00,66.12414967105514,71.91254419843041,138.35954074663786
2013-11-21 14:00:00,66.12414991021801,72.82326902840876,141.68333216801875
2013-11-21 15:00:00,66.12415013604857,77.22419025048892,143.5752018169928
2013-11-21 16:00:00,66.12415027590417,74.45802248706015,143.02882618628814
2013-11-21 17:00:00,66.12415040711687,72.82327000623496,138.1681734919865
2013-11-21 18:00:00,66.12415051667938,72.82326879543761,136.76638735298877
2013-11-21 19:00:00,66.12415061969509,72.8232701915113,135.90018584229696
2013-11-21 20:00:00,66.1241507397078,72.82326890179972,135.83259519422765
2013-11-21 21:00:00,66.12415085153768,72.82327077570481,135.81606190312226
2013-11-21 22:00:00,66.12415093960584,72.82327182060587,135.81605985089837
2013-11-21 23:00:00,66.12415105109937,72.82326863026974,135.81605984280176
2013-11-22 00:00:00,66.12415115633117,72.82326000855583,135.81606015288952
2013-11-22 01:00:00,66.12415126562975,72.74400829795535,135.81606154621417
2013-11-22 02:00:00,66.12415136938341,71.96066657811946,135.81207293148972
2013-11-22 03:00:00,66.12415147387212,71.96063827129628,135.81207251854178
2013-11-22 04:00:00,66.12415156542842,71.96064171876228,135.81207253996246
2013-11-22 05:00:00,66.12415172870078,72.82325758580629,135.82165857526167
2013-11-22 06:00:00,66.1241519011928,72.82069916325146,135.82086862240226
2013-11-22 07:00:00,66.12415207640605,71.68088581900635,135.18596139153442
2013-11-22 08:00:00,66.12415219139785,70.90629950807876,133.64114282690895
2013-11-22 09:00:00,66.12415229754914,70.90472962846508,133.6164445344958
2013-11-22 10:00:00,66.12415238044923,71.02267421980682,133.7388224598805
2013-11-22 11:00:00,66.1241522680376,70.99255395925896,133.98598829049885
2013-11-22 12:00:00,66.12415241716975,70.95690337912629,134.3031684029233
2013-11-22 13:00:00,66.12415247006385,70.9568441952949,134.29995390100154
2013-11-22 14:00:00,66.12415289535487,71.00218598023552,135.28416640951966
2013-11-22 15:00:00,66.12415315968242,71.0392698480929,135.82015703460576
2013-11-22 16:00:00,66.12415329937431,71.01582153101525,135.94821182965492
2013-11-22 17:00:00,66.1241534456617,71.01562760039158,135.91188114646124
2013-11-22 18:00:00,66.12415361011192,71.01559786144172,135.91146705602605
2013-11-22 19:00:00,66.12415376702188,71.0260971468703,135.77799560344232
2013-11-22 20:00:00,66.12415394453308,71.03927798247308,135.64549116032023
2013-11-22 21:00:00,66.12415411728344,71.03931482663792,135.64627355386165
2013-11-22 22:00:00,66.12415480456474,72.82327196131837,138.52005668649068
2013-11-22 23:00:00,66.1241551740314,72.82327097075279,138.67359955992674
2013-11-23 00:00:00,66.12415996334947,72.82327184293105,139.28302901839763
2013-11-23 01:00:00,68.14200469575381,72.82327615652565,140.00478317692415
2013-11-23 02:00:00,69.14023852318019,73.009983724626,140.5360394634872
2013-11-23 03:00:00,79.51142817193013,77.66172276029795,140.41265894261548
2013-11-23 04:00:00,80.65199787660046,78.16512814049351,140.3836488467406
2013-11-23 05:00:00,80.65199891420612,78.1654307093133,140.38364113988595
2013-11-23 06:00:00,80.65199913135334,79.16701955060506,140.8977270584983
2013-11-23 07:00:00,70.5996561626926,73.5204636193274,134.4479718263069
2013-11-23 08:00:00,70.85005875900337,73.5204562892748,128.81082747846816
2013-11-23 09:00:00,70.2790513536,73.16384825340701,128.71526582387324
2013-11-23 10:00:00,70.2963029987111,73.52046321456582,128.5640933323946
2013-11-23 11:00:00,70.40981341482455,73.52046181615468,128.48014344815627
2013-11-23 12:00:00,71.54292214344099,73.52046632969804,128.4218073298631
2013-11-23 13:00:00,72.74069701744082,73.52049201326484,128.44096723298404
2013-11-23 14:00:00,80.65199514588029,77.31473424277058,129.57381473760196
2013-11-23 15:00:00,80.65199935068833,81.82778839902399,131.13374430817095
2013-11-23 16:00:00,80.15169047454658,82.5325091870347,131.68003012449532
2013-11-23 17:00:00,69.09821546777192,73.5910583594906,130.64262462364272
2013-11-23 18:00:00,67.85335935160835,73.52046370203145,129.91314850360504
2013-11-23 19:00:00,66.12416024655954,73.52046376086295,129.79019220783988
2013-11-23 20:00:00,66.12415858811684,73.52046452917848,129.1421627687313
2013-11-23 21:00:00,66.12415798747678,73.520465286285,128.67413062947824
2013-11-23 22:00:00,66.12415793080002,73.52047139184643,128.4784545149339
2013-11-23 23:00:00,66.12415791050279,73.52046998892612,128.42180847981362
2013-11-24 00:00:00,66.12415792244121,73.52046680992514,128.4218042136949
2013-11-24 01:00:00,66.12415795643152,73.5204664134173,128.42179484967957
2013-11-24 02:00:00,66.12415801364494,73.52046594015324,128.4217945179486
2013-11-24 03:00:00,66.12415808856831,73.52046561532124,128.42179354806532
2013-11-24 04:00:00,66.12415818472729,73.52046571067932,128.42179348091994
2013-11-24 05:00:00,66.12415826829292,73.52046608096192,128.4217700964098
2013-11-24 06:00:00,66.12415834786314,73.52046919543973,115.54390394296556
2013-11-24 07:00:00,64.49424830667964,74.20715600044149,85.63871207093862
2013-11-24 08:00:00,64.16914716287366,73.54114843702382,85.11258244338593
2013-11-24 09:00:00,64.16914645818818,73.5411352912385,85.11256117373685
2013-11-24 10:00:00,64.16914637125741,73.52045733384178,85.1059580050332
2013-11-24 11:00:00,64.16914373273988,73.28292249478808,84.99938557991604
2013-11-24 12:00:00,64.16914679214113,73.48091972948639,85.10573619600727
2013-11-24 13:00:00,64.16914749395382,73.54926214859158,85.13821010492627
2013-11-24 14:00:00,64.2071756676397,73.93219516988547,85.95353361463656
2013-11-24 15:00:00,65.25545403576282,75.50458152850766,87.29675792426971
2013-11-24 16:00:00,65.61552810900187,75.09877991402988,87.47266517477749
2013-11-24 17:00:00,66.1241313422765,75.50458859232289,88.25810964792437
2013-11-24 18:00:00,66.12412897152834,75.50458604455858,88.25821123027694
2013-11-24 19:00:00,66.12416133373424,75.5045927260823,88.49881393996402
2013-11-24 20:00:00,66.12416147383898,75.50459674773936,88.5911525211786
2013-11-24 21:00:00,66.12416211687933,75.50935981245863,88.15634443520725
2013-11-24 22:00:00,66.1241624576421,75.56305458157931,88.04455198903996
2013-11-24 23:00:00,66.12416262026889,75.56322661413377,88.06331707486355
2013-11-25 00:00:00,66.12416277421293,75.5645187146504,88.23633905223566
2013-11-25 01:00:00,66.12416289260598,75.56394468535467,88.44780599392644
2013-11-25 02:00:00,66.12416033786616,75.56305039857652,88.4552144229941
2013-11-25 03:00:00,66.1241627817589,75.56305323066118,88.42906494932664
2013-11-25 04:00:00,66.12416344845235,75.92125815948931,89.09948498561593
2013-11-25 05:00:00,66.124163801457,76.60937371518675,89.4321193119986
2013-11-25 06:00:00,66.12416407118894,78.90385593340297,90.580651240923
2013-11-25 07:00:00,66.124164266378,80.55202112601523,89.93694068715037
2013-11-25 08:00:00,66.12413004689151,75.92128524423671,83.78053445231481
2013-11-25 09:00:00,66.12412909289269,73.74977127284879,82.00585560688474
2013-11-25 10:00:00,66.12412979213745,73.52044498448231,80.64264662861737
2013-11-25 11:00:00,66.12412948672095,71.50955123363875,79.04099435028164
2013-11-25 12:00:00,66.1241288965446,70.5954374520418,83.5075478047382
2013-11-25 13:00:00,66.12412903427827,75.92101174889287,85.09168584293118
2013-11-25 14:00:00,66.1241653124549,78.63683245173924,88.56894097124277
2013-11-25 15:00:00,66.1241661479718,80.39308276689538,110.63744183475349
2013-11-25 16:00:00,66.1241663701904,80.39309024998464,110.60871383083222
2013-11-25 17:00:00,66.12416654904189,80.3930706263509,110.6087238611901
2013-11-25 18:00:00,66.1241666981538,80.39300317217264,110.60872360535737
2013-11-25 19:00:00,66.12416685368105,80.39308483100278,110.60872017391195
2013-11-25 20:00:00,66.12416698169271,80.39309537290782,110.608719913831
2013-11-25 21:00:00,66.12416710530466,80.39309902394135,110.6099301339539
2013-11-25 22:00:00,66.12416720865043,80.3931017107112,110.60872399901749
2013-11-25 23:00:00,66.12416730683951,80.39312226432554,110.61013288445363
2013-11-26 00:00:00,66.12416741545728,80.4997028337876,110.64468999261838
2013-11-26 01:00:00,66.12416752979256,81.32430368022423,111.27341190626274
2013-11-26 02:00:00,66.12416786292835,98.30284188423137,112.75850556030304
2013-11-26 03:00:00,66.12416887847795,99.33398316114257,117.42705681426327
2013-11-26 04:00:00,66.12417053003041,100.75643092098248,120.5956242590882
2013-11-26 05:00:00,77.05904222347685,102.50701860583256,126.71677895995823
2013-11-26 06:00:00,99.90503152839767,121.08090780155666,128.43856236410915
2013-11-26 07:00:00,95.15399593392462,121.27462026503528,128.45775522639303
2013-11-26 08:00:00,95.15399089468693,101.90779441447759,108.30657003348873
2013-11-26 09:00:00,95.15399120105333,98.68665856512987,104.80078143161356
2013-11-26 10:00:00,95.15399159627577,98.78994378286204,104.88843201432533
2013-11-26 11:00:00,95.15399284544807,98.46428295716909,105.08203371521752
2013-11-26 12:00:00,95.15401960019507,101.90779446379122,108.40936621975986
2013-11-26 13:00:00,100.80568084397335,107.69770416401192,116.3070252201028
2013-11-26 14:00:00,115.68008973837088,123.09252330298506,132.5923059383522
2013-11-26 15:00:00,116.4913033509278,124.09847748973603,135.51963549314118
2013-11-26 16:00:00,116.4913033427332,125.58184371994753,135.74791549367154
2013-11-26 17:00:00,116.49130318271772,124.40614466721527,135.9214043672551
2013-11-26 18:00:00,116.491302994335,124.09835392269098,135.94128133357654
2013-11-26 19:00:00,116.49130306635222,124.09834388703328,135.94128319944122
2013-11-26 20:00:00,116.49130313364029,124.0983375396868,135.94127879946856
2013-11-26 21:00:00,116.4913031163382,124.09830283528731,135.9412522803242
2013-11-26 22:00:00,111.60871686949336,118.99315403327931,129.94442008160857
2013-11-26 23:00:00,108.24645406847418,115.79528475025377,126.66953447109096
2013-11-27 00:00:00,95.15399313753116,109.7000556451233,123.47261696484028
2013-11-27 01:00:00,95.15399245646105,107.69771526155981,121.83444639698311
2013-11-27 02:00:00,95.15399129448558,107.6977147703592,120.0896854584781
2013-11-27 03:00:00,67.7369120205519,107.69771519601322,120.08965126090916
2013-11-27 04:00:00,66.12417379098224,107.69771299791378,120.08965862586216
2013-11-27 05:00:00,66.12417419514732,107.6977129893328,120.12750386182312
2013-11-27 06:00:00,71.9453125047096,107.69771413135518,120.6071287416257
2013-11-27 07:00:00,66.124196913852,106.3362283000338,99.45818739414536
2013-11-27 08:00:00,66.12418356856935,77.95479645399112,81.1446664640803
2013-11-27 09:00:00,66.124174438669,75.0084325486829,70.27157628689694
2013-11-27 10:00:00,66.12417516573952,74.10235293570162,66.03007750647595
2013-11-27 11:00:00,66.12417522447714,72.14410719088984,64.04328314357518
2013-11-27 12:00:00,66.12417529479289,74.07272605810132,68.76915202774033
2013-11-27 13:00:00,66.12417534525787,74.1023552711349,72.24490015822226
2013-11-27 14:00:00,66.12417595734043,81.63503732100946,88.68058656923857
2013-11-27 15:00:00,66.12418451619074,111.61051604244628,104.80867533237038
2013-11-27 16:00:00,75.31388680365274,111.61051792497962,102.77562377020016
2013-11-27 17:00:00,80.652023217566,111.61051849828942,102.75365309245214
2013-11-27 18:00:00,80.652023677397,111.61051869569377,102.79168821055681
2013-11-27 19:00:00,80.65202300158327,111.61051863798946,102.88654213275387
2013-11-27 20:00:00,80.65202084156793,111.61051901426272,99.23073812521164
2013-11-27 21:00:00,80.6520184249683,111.61051881148184,99.19728770659228
2013-11-27 22:00:00,66.12419003968945,111.61052047380588,99.1972699702041
2013-11-27 23:00:00,66.12418041134087,111.61052061060258,99.19726541276613
2013-11-28 00:00:00,66.12417779991348,111.61051994228264,99.19726561964752
2013-11-28 01:00:00,66.12417744050481,111.61052010804484,99.19726827611704
2013-11-28 02:00:00,66.1241774527376,111.61052371771945,99.19726406071604
2013-11-28 03:00:00,66.1241775040807,112.77164476540624,99.42358840713793
2013-11-28 04:00:00,66.12417762415167,121.00065928087793,101.02758587630579
2013-11-28 05:00:00,66.1241776360405,123.89539261115608,101.58872180708516
2013-11-28 06:00:00,66.12417766723263,124.7717230367583,101.77091234456371
2013-11-28 07:00:00,66.12417738696143,129.01063093385238,99.45887745348146
2013-11-28 08:00:00,66.12417748691888,122.02158684441153,93.90678174972238
2013-11-28 09:00:00,66.12417755960765,126.47923106188207,94.53893407524433
2013-11-28 10:00:00,66.12417762742125,112.94114378521002,93.56644196193325
2013-11-28 11:00:00,66.12417767418692,118.03892547075591,94.09262502689995
2013-11-28 12:00:00,66.12417771622161,120.62659075820203,95.25216534166029
2013-11-28 13:00:00,66.12417777132632,127.41660239370572,96.25728571531253
2013-11-28 14:00:00,66.12417782746445,127.82995350607351,99.36869085245472
2013-11-28 15:00:00,66.12417788064249,129.4682401658646,99.10300339528341
2013-11-28 16:00:00,66.12417792568459,129.46824282877472,95.36012936398801
2013-11-28 17:00:00,66.12417797097666,129.46824198962557,97.07329175685354
2013-11-28 18:00:00,66.12417803009262,129.46824170419774,99.09342155168427
2013-11-28 19:00:00,66.12417813073357,129.4682409113858,99.87383231295902
2013-11-28 20:00:00,66.12417822058637,129.4682378112404,99.75432903132757
2013-11-28 21:00:00,66.12417833357361,129.46823407825025,99.74824468271196
2013-11-28 22:00:00,66.1241787328734,126.43176455263028,102.80386343271991
2013-11-28 23:00:00,66.12417839261785,118.0389228038961,104.98140038164941
2013-11-29 00:00:00,66.1241781792149,118.03892350781818,109.48683011558624
2013-11-29 01:00:00,66.12417815008946,118.03892358296231,110.24053626766343
2013-11-29 02:00:00,66.12417811008885,118.03892377879089,111.35124476778341
2013-11-29 03:00:00,66.12417812060212,118.03892478178287,112.70748131125939
2013-11-29 04:00:00,66.1241781256614,118.03892717293682,112.70746080089059
2013-11-29 05:00:00,66.12417811748622,118.03892700358092,112.68579267534497
2013-11-29 06:00:00,66.12417806429926,118.03892379564893,112.68590477822782
2013-11-29 07:00:00,21.23652572026322,63.916658275978364,92.02424571840524
2013-11-29 08:00:00,17.99762385850849,53.044757669915086,79.19561595561348
2013-11-29 09:00:00,17.997619319425997,53.04471678227357,72.58885214835242
2013-11-29 10:00:00,4.337613462874753,44.20645218396011,65.47809147229788
2013-11-29 11:00:00,4.325904785759882,22.254015812986893,60.353571875265
2013-11-29 12:00:00,4.325904212943623,6.8379900032236085,64.24999799520148
2013-11-29 13:00:00,4.325904167917561,6.837988432699673,64.89710832394597
2013-11-29 14:00:00,4.325904148641236,6.837988246353384,69.94405056696762
2013-11-29 15:00:00,4.325904192150861,6.837988046856743,69.9338742975361
2013-11-29 16:00:00,4.32590421883182,6.837987931148157,70.1010822434127
2013-11-29 17:00:00,4.325904286765902,6.83798812636564,69.94087952808805
2013-11-29 18:00:00,4.32590439213783,6.837988221235184,69.73375653552496
2013-11-29 19:00:00,4.325904399615582,6.837988675105714,69.43409111770772
2013-11-29 20:00:00,4.325904490928604,6.837990916525334,69.47739643755652
2013-11-29 21:00:00,4.325904745474702,9.544569007169502,70.09737627979605
2013-11-29 22:00:00,4.325940732750086,24.07247108718774,73.12651213269089
2013-11-29 23:00:00,13.276060345631379,30.056483079323797,74.51577243252223
2013-11-30 00:00:00,18.007152564065034,35.59174036928787,75.65283143070977
2013-11-30 01:00:00,18.010334571761486,34.72422870008771,75.60784368703823
2013-11-30 02:00:00,20.346868928216534,36.24368015582954,77.02735309174702
2013-11-30 03:00:00,46.609662422941376,53.04473263611909,83.43386923971764
2013-11-30 04:00:00,47.16226461632031,53.04474058077915,83.88007506609082
2013-11-30 05:00:00,48.535200912505616,53.044754744248564,85.5787546016956
2013-11-30 06:00:00,58.07711613964677,62.688091817296566,93.86926971885708
2013-11-30 07:00:00,61.77062820611325,65.9839527895699,86.61908501325603
2013-11-30 08:00:00,61.77062803101984,65.98398033685186,83.21405549024294
2013-11-30 09:00:00,61.7706317072365,65.98398619029057,83.21408431852878
2013-11-30 10:00:00,63.20495198304903,68.53090628196405,83.07865743671348
2013-11-30 11:00:00,64.82071132135701,70.59539146396749,85.15786356835532
2013-11-30 12:00:00,66.12090388968807,70.59539864400317,85.9348800710518
2013-11-30 13:00:00,66.12418358406885,74.0842289834533,90.87714904943576
2013-11-30 14:00:00,66.1241839686904,74.08425095145999,91.55997416649429
2013-11-30 15:00:00,66.12418418818076,81.91346677638307,98.24342367487503
2013-11-30 16:00:00,66.12418432004546,84.5726723592759,98.7508437642827
2013-11-30 17:00:00,66.12418445259735,85.64780398692632,98.83018656109238
2013-11-30 18:00:00,66.1241845322204,81.9136989222981,97.05500993595489
2013-11-30 19:00:00,66.12418460547971,79.99277262203444,93.15561109413889
2013-11-30 20:00:00,66.1241847208387,78.79141356903064,91.42119028875518
2013-11-30 21:00:00,66.12418485885213,79.33747893037481,90.0419107670561
2013-11-30 22:00:00,66.12418495365279,75.8637536158456,86.8801824586444
2013-11-30 23:00:00,66.12418504490948,75.83426276873647,86.84520867040725
2013-12-01 00:00:00,66.1241851496351,75.83427540175596,86.99291052510286
2013-12-01 01:00:00,66.1241852282415,75.74418756888124,86.90730595677795
2013-12-01 02:00:00,66.1241852997844,75.74417869941855,86.90362314064029
2013-12-01 03:00:00,66.12418536938333,75.7440858542122,86.8752010133
2013-12-01 04:00:00,66.12418543494552,75.74407449435695,85.20320803308773
2013-12-01 05:00:00,66.12418551968366,75.63498797134913,85.45090631063587
2013-12-01 06:00:00,66.12418561914164,74.08423856646915,82.77293143248662
2013-12-01 07:00:00,66.12418576114018,72.07482354474836,71.06316324831076
2013-12-01 08:00:00,66.1241854104405,72.07481686899393,59.65843045930749
2013-12-01 09:00:00,66.1241835801372,70.59539709590165,59.3144717229061
2013-12-01 10:00:00,66.1241837670007,70.59539592667892,54.17581808746998
2013-12-01 11:00:00,66.12418424769592,70.59539568311668,53.14400096374171
2013-12-01 12:00:00,66.12418524700539,72.0748077120869,55.21173480090739
2013-12-01 13:00:00,66.12418654666264,76.45673677297555,57.65402928252515
2013-12-01 14:00:00,66.12418674752635,112.94546828029625,80.09548926546559
2013-12-01 15:00:00,66.1241868971578,130.4649159731823,93.59113632178003
2013-12-01 16:00:00,66.12418697515872,130.46491656495738,95.28587426545764
2013-12-01 17:00:00,66.1241870225633,130.46491819370286,95.78385222665257
2013-12-01 18:00:00,66.12418707990868,130.4649185067123,102.77850823373245
2013-12-01 19:00:00,66.12418716019579,130.46491876048418,111.18777512473775
2013-12-01 20:00:00,66.1241872367995,130.4649191808847,111.6386648783257
2013-12-01 21:00:00,66.12418731340978,130.46491926529296,125.44260819966551
2013-12-01 22:00:00,66.12418735504751,130.46492164171985,128.76569356999326
2013-12-01 23:00:00,66.12418764947225,130.46492939456303,131.0891007831281
2013-12-02 00:00:00,66.12419058633138,132.51003094404768,132.41539822248373
2013-12-02 01:00:00,73.44920128469877,134.37732149568308,134.426740627865
2013-12-02 02:00:00,127.88591160956754,136.01227091705888,143.94500279078343
2013-12-02 03:00:00,137.82067994391892,146.39985457532546,154.87989877859474
2013-12-02 04:00:00,153.2594210684118,155.6500663637969,165.49772348541012
2013-12-02 05:00:00,160.38747217410275,160.11973155377416,168.41991118409442
2013-12-02 06:00:00,164.9809553937709,164.32730783407624,170.1307050959733
2013-12-02 07:00:00,164.98095709880067,164.3273060119143,170.20399321799175
2013-12-02 08:00:00,140.22013205302898,142.6203856861425,142.38708823297918
2013-12-02 09:00:00,134.4306134862445,134.37734779239273,138.58446239118697
2013-12-02 10:00:00,134.43061311740826,134.37734573699257,138.2671787661338
2013-12-02 11:00:00,134.43061310789474,134.3773454097158,138.36998494500025
2013-12-02 12:00:00,134.43061346500977,134.37734616061175,138.7399588296607
2013-12-02 13:00:00,134.4306158502236,134.6217868125278,140.47308366789954
2013-12-02 14:00:00,147.72375586343404,147.67977812182423,152.41399407804548
2013-12-02 15:00:00,179.57659939806067,180.03080367810506,182.05274612109667
2013-12-02 16:00:00,179.5765996987789,180.0308035890176,182.03623003366522
2013-12-02 17:00:00,179.57659938075884,180.0308027563989,181.77275338169653
2013-12-02 18:00:00,179.5765954581869,180.0308023970042,181.78950649509724
2013-12-02 19:00:00,179.51617170834163,180.03080292499385,181.06936596980233
2013-12-02 20:00:00,164.70477061510968,169.65412657961798,167.00581921867243
2013-12-02 21:00:00,154.03149221102183,153.87593523596422,159.69158188089133
2013-12-02 22:00:00,146.25308404988215,147.67977991155124,154.10419390851558
2013-12-02 23:00:00,146.25308345165823,147.67977997417495,152.72504446729175
2013-12-03 00:00:00,146.25308346418615,147.6797793226988,152.75807208001015
2013-12-03 01:00:00,146.25308364068349,147.67977928854108,152.75807243098313
2013-12-03 02:00:00,146.25308389048172,147.67978436180317,153.16880170922343
2013-12-03 03:00:00,146.25308451213033,147.79334904788368,153.37907164147768
2013-12-03 04:00:00,146.25309073634293,148.09778061976394,154.75818258635005
2013-12-03 05:00:00,149.6920765927181,149.61329904103587,156.20788327063693
2013-12-03 06:00:00,151.48343423058068,152.0589173222639,157.54462041676572
2013-12-03 07:00:00,80.65204465466702,134.2687151868316,130.0814502120362
2013-12-03 08:00:00,80.65204373162682,99.75350902875469,106.7361800324366
2013-12-03 09:00:00,78.3857561482247,85.58354419790703,92.78023255206745
2013-12-03 10:00:00,66.12419318779968,73.73087535858178,79.5955141898767
2013-12-03 11:00:00,66.124193111729,74.03714565332201,81.02133805735369
2013-12-03 12:00:00,66.12419376621855,74.98214535147999,83.13769037277447
2013-12-03 13:00:00,66.98900277263215,95.2324240317108,104.88919526457786
2013-12-03 14:00:00,72.17108242555604,111.53052703915596,123.19800818737446
2013-12-03 15:00:00,78.23948586496275,121.23596071107137,130.95632509176136
2013-12-03 16:00:00,78.23948894100972,121.40455929904513,130.78781961048765
2013-12-03 17:00:00,70.57071341230937,120.73043281339292,130.6013943151489
2013-12-03 18:00:00,69.37885256435615,120.73027860147684,130.66611377847423
2013-12-03 19:00:00,69.24629159379127,119.78530010374993,130.5565975338313
2013-12-03 20:00:00,66.12419330922279,119.44855267179275,130.0291932068793
2013-12-03 21:00:00,66.12419252120023,117.26699356265856,128.97273660704846
2013-12-03 22:00:00,66.12419187129024,107.89986108514798,120.05243125717396
2013-12-03 23:00:00,66.1241914223747,106.78011255472452,118.9738860392092
2013-12-04 00:00:00,66.12419082257409,106.78009266713686,118.05096788765681
2013-12-04 01:00:00,66.124189905068,105.16255805341298,117.3687743563274
2013-12-04 02:00:00,66.1241884901464,103.91306791472178,114.89405610928023
2013-12-04 03:00:00,66.12418660455648,103.9130443688352,112.8499200996048
2013-12-04 04:00:00,66.12418389097918,103.73169377221313,112.22180789820848
2013-12-04 05:00:00,66.12417922027713,103.7311729179334,112.64631596252585
2013-12-04 06:00:00,66.12413554624341,99.75321659220033,112.98002219758668
2013-12-04 07:00:00,32.509627933611426,70.59539248130461,78.46261354118428
2013-12-04 08:00:00,28.76067386643508,63.380560179734175,62.18305103797116
2013-12-04 09:00:00,28.760672946799307,63.380552876617855,45.107130051094686
2013-12-04 10:00:00,23.297818728430602,61.14790095044846,38.332417922915596
2013-12-04 11:00:00,26.377175545492545,52.61100587864203,41.860560664301524
2013-12-04 12:00:00,28.760673641814936,53.79995116327092,51.64007591705221
2013-12-04 13:00:00,28.760674782555824,53.79994800858334,62.72157511587966
2013-12-04 14:00:00,28.76068039251227,63.10784853974833,73.47285070605763
2013-12-04 15:00:00,34.52423733206099,63.380559224744445,75.33466956538486
2013-12-04 16:00:00,34.52424170077512,63.380559682827936,75.34956738968816
2013-12-04 17:00:00,34.52424156574151,63.38055939308988,75.34952393137863
2013-12-04 18:00:00,34.52424160428996,63.3805594349877,75.33471796139963
2013-12-04 19:00:00,34.52424124059212,63.380559226401175,75.3350455838602
2013-12-04 20:00:00,29.48048459593081,63.380559048655954,75.32707208602488
2013-12-04 21:00:00,28.760679039017628,63.38055907462234,75.33029637653361
2013-12-04 22:00:00,28.760677703685374,63.38054598014813,75.33027703228494
2013-12-04 23:00:00,28.760674273143785,63.23039698376631,72.89306299234822
2013-12-05 00:00:00,28.760674019660897,60.91018937511559,71.26454906438981
2013-12-05 01:00:00,28.76067395149191,60.91015174266248,70.38865585738911
2013-12-05 02:00:00,28.76067335842288,60.910142176398026,69.74383951369056
2013-12-05 03:00:00,27.771696658075438,60.76032992880958,69.90809825153514
2013-12-05 04:00:00,13.276061021480999,54.9276620748375,69.08268616256058
2013-12-05 05:00:00,4.335867231363833,55.169209732384545,69.5777430237531
2013-12-05 06:00:00,4.325908118661455,55.20856244782384,70.02763386615074
2013-12-05 07:00:00,4.325906343475168,33.97222893221709,55.71065923432143
2013-12-05 08:00:00,4.325907315895316,32.97139915418616,42.91708335842708
2013-12-05 09:00:00,4.336217899861279,20.162139284126507,21.975481281149534
2013-12-05 10:00:00,28.7606755999661,30.821178654588344,27.58859172526487
2013-12-05 11:00:00,30.174222689244314,32.209680112742944,30.298351817782027
2013-12-05 12:00:00,48.80240674476463,37.69007837865138,44.84738128716406
2013-12-05 13:00:00,48.80241181842562,37.690079099918584,52.4226542083427
2013-12-05 14:00:00,48.8024121337981,37.69007882523447,59.51000007954235
2013-12-05 15:00:00,48.80241230542137,37.69012031254846,61.84131240653439
2013-12-05 16:00:00,48.80241198786803,37.6900820998945,61.828448218799515
2013-12-05 17:00:00,48.80241173560093,37.69007827397668,61.56059349763783
2013-12-05 18:00:00,48.80241173544143,37.69007319642168,61.21318010900601
2013-12-05 19:00:00,48.80241157102938,37.69007808471457,59.71033916613411
2013-12-05 20:00:00,48.80241054651003,37.69007871172057,59.92430147556258
2013-12-05 21:00:00,37.6500602891668,37.690035529941994,56.82007362681391
2013-12-05 22:00:00,24.528650410892055,37.69007441859413,58.66460890028552
2013-12-05 23:00:00,4.337540245269791,28.83494760325416,60.187943767387154
2013-12-06 00:00:00,4.337565610708936,28.834112949259904,58.410292638648464
2013-12-06 01:00:00,33.849868899223125,37.69006748035639,57.561157602565295
2013-12-06 02:00:00,33.91844039702154,37.69007748826297,56.8928859905995
2013-12-06 03:00:00,4.349087859513072,28.838454580294727,57.515902898804
2013-12-06 04:00:00,4.325904780500098,28.828547087215995,53.969795066607645
2013-12-06 05:00:00,4.3259043913677475,16.071339671732403,49.537913727406455
2013-12-06 06:00:00,4.325904430136878,19.2989884872937,50.2235698527895
2013-12-06 07:00:00,4.325904446276922,23.417330029005036,47.252049125784765
2013-12-06 08:00:00,4.325904231822026,22.609645599075016,31.91353247441365
2013-12-06 09:00:00,4.32590415544777,9.296727500267401,17.208182449716166
2013-12-06 10:00:00,4.325904188894367,15.490037463970905,17.99603613373701
2013-12-06 11:00:00,4.325904164454332,16.89535002303944,16.78226207367319
2013-12-06 12:00:00,4.3259041735228205,18.37585418836887,22.502532981852973
2013-12-06 13:00:00,4.325904196827618,32.54568946558612,41.0561181622829
2013-12-06 14:00:00,4.325904236962753,47.4456167082473,50.20002369134114
2013-12-06 15:00:00,4.325904374295524,64.22685388123996,55.64562064926114
2013-12-06 16:00:00,4.325904438980279,64.22686212691106,55.78480261968759
2013-12-06 17:00:00,4.325904693722631,64.22686258512553,55.64220128487219
2013-12-06 18:00:00,4.325905673701127,64.22686337589803,55.645628191500364
2013-12-06 19:00:00,4.335862698032641,64.2268669185807,55.64562188390663
2013-12-06 20:00:00,4.335866392464216,64.22687982142104,55.64560389962559
2013-12-06 21:00:00,4.335868976299235,64.2268831157219,55.688769188436176
2013-12-06 22:00:00,18.544986009707454,64.22688238227693,55.68841502336802
2013-12-06 23:00:00,18.548293675143963,64.22688482497395,55.688414678372915
2013-12-07 00:00:00,18.55159939055014,64.22688630771907,55.68841477487957
2013-12-07 01:00:00,18.554903708281778,64.2269356040384,55.688423626493794
2013-12-07 02:00:00,18.55821267461262,64.9524437303672,55.81939017245466
2013-12-07 03:00:00,58.88827109465885,67.32496342798838,56.29228599371778
2013-12-07 04:00:00,61.684783329935314,67.94897571742551,56.87531743941296
2013-12-07 05:00:00,63.55183080566301,67.94897620521418,57.04701922724434
2013-12-07 06:00:00,63.551832128411654,67.94897623172106,57.04702115018153
2013-12-07 07:00:00,63.55183225353532,67.94897577960556,60.63915794371527
2013-12-07 08:00:00,63.55183231366634,67.32491925523163,57.79997229416336
2013-12-07 09:00:00,63.55183233687128,67.32491963529247,58.29704879587113
2013-12-07 10:00:00,63.55183233226634,67.32491894917487,70.46038962329578
2013-12-07 11:00:00,63.55183223036454,67.3249094258341,72.0814412383872
2013-12-07 12:00:00,63.55183217367285,67.32489429118552,73.60188934534638
2013-12-07 13:00:00,63.55183217044077,67.32431593410698,75.84954851124263
2013-12-07 14:00:00,63.551832266299684,67.94897618891319,79.5857001205068
2013-12-07 15:00:00,63.551832312732245,68.63749415722083,86.90283476997077
2013-12-07 16:00:00,63.55183227235917,72.67396905144489,89.18275312205756
2013-12-07 17:00:00,63.55183222110776,72.64843987434507,89.02949363903018
2013-12-07 18:00:00,63.551832176109706,72.645922115401,89.18111374171373
2013-12-07 19:00:00,63.55183213078354,72.64842723932206,89.29822074296325
2013-12-07 20:00:00,63.551832082253014,72.62464101395108,89.82182216330662
2013-12-07 21:00:00,63.55183196634391,72.71191790602714,89.84271840161551
2013-12-07 22:00:00,63.425137149810446,72.64837957076871,89.70804247871845
2013-12-07 23:00:00,60.921845121903345,67.62402091738838,86.94055587293232
2013-12-08 00:00:00,54.484142415165245,68.39140306943203,83.38496974771121
2013-12-08 01:00:00,54.48413351259764,68.39139908637529,82.70621102068016
2013-12-08 02:00:00,54.484133425660474,68.39140231721895,82.72124273596124
2013-12-08 03:00:00,54.48413290912746,67.61703900277196,82.51044433991666
2013-12-08 04:00:00,54.48413236457241,67.6170355591993,82.51073743768683
2013-12-08 05:00:00,54.48413222379555,68.08733163180212,81.3408346714643
2013-12-08 06:00:00,54.48413203203535,67.61703163092963,78.13764755275113
2013-12-08 07:00:00,18.664382596084266,34.74312837296469,60.503212005486006
2013-12-08 08:00:00,15.86656037407365,33.322983798569766,48.7669755749352
2013-12-08 09:00:00,4.3375588075395575,28.889789884928366,44.0711243841957
2013-12-08 10:00:00,4.335932393065823,28.889790225832893,42.233535309370644
2013-12-08 11:00:00,4.325904685454608,13.01247517029051,38.959907935302255
2013-12-08 12:00:00,4.32590418608427,6.838010220149859,38.00514183252528
2013-12-08 13:00:00,4.325904155345004,6.8602209507560445,39.49069644998621
2013-12-08 14:00:00,4.325904230600989,6.83799977431869,45.39122007562316
2013-12-08 15:00:00,4.3259042483174515,6.8604126869342315,53.493060377985366
2013-12-08 16:00:00,4.325904200869957,6.84720795224402,53.68877993380551
2013-12-08 17:00:00,4.325904187633507,6.8379972509154205,53.68875141545292
2013-12-08 18:00:00,4.32590418655619,6.8379963218397775,53.68875089239245
2013-12-08 19:00:00,4.325904193788292,6.8379949436569545,53.68874932505117
2013-12-08 20:00:00,4.325904200960064,6.837992357286905,53.56623380171437
2013-12-08 21:00:00,4.325904355144764,6.837992691972309,55.18835882528999
2013-12-08 22:00:00,4.32590439911246,6.837989864941521,56.69187647112238
2013-12-08 23:00:00,4.325904337365054,6.848592145362059,57.287461711628616
2013-12-09 00:00:00,4.325904700224472,6.849474733259215,59.249099496639865
2013-12-09 01:00:00,4.325904703691002,6.849476985495196,59.32832133129168
2013-12-09 02:00:00,4.325904775895411,16.071351056198747,61.59960645585547
2013-12-09 03:00:00,4.325905646029216,17.711726205179172,63.68502044774191
2013-12-09 04:00:00,4.325905504234777,20.639044803117198,65.12265292385605
2013-12-09 05:00:00,4.325907126614512,27.495400007771288,67.76898090746124
2013-12-09 06:00:00,13.27606722793545,55.358668104068414,73.79082799367039
2013-12-09 07:00:00,18.73447959141494,56.77353393177167,74.28600192256188
2013-12-09 08:00:00,18.73783426598721,56.77422894019827,66.77939024789431
2013-12-09 09:00:00,18.741182800273467,56.77422851624367,53.79299056055587
2013-12-09 10:00:00,33.94012217533675,56.774228275112606,57.880598801112995
2013-12-09 11:00:00,45.89892212821044,56.774228059696526,63.07339026400863
2013-12-09 12:00:00,53.18973881103657,59.93620352985934,70.25984929946779
2013-12-09 13:00:00,61.68376024676677,67.94897487603212,85.78144930971895
2013-12-09 14:00:00,63.551830899214956,73.94797503487722,98.51438017327055
2013-12-09 15:00:00,63.551831740765415,108.3619345746625,117.35166037091257
2013-12-09 16:00:00,63.551831752002336,110.50737436188875,125.14072467795327
2013-12-09 17:00:00,63.55183178821516,110.50737264650805,126.15949622657196
2013-12-09 18:00:00,63.55183180819299,111.65350199994461,127.03916712400165
2013-12-09 19:00:00,63.55183180407766,112.44171615417174,127.53448111466933
2013-12-09 20:00:00,63.551831818409234,112.52987268104604,127.69494679497645
2013-12-09 21:00:00,63.55183183858338,113.11284327431726,128.37964697417198
2013-12-09 22:00:00,63.55183237877631,114.28464567768661,128.87985223207266
2013-12-09 23:00:00,63.55183214023673,114.28450323395896,130.13516511813538
2013-12-10 00:00:00,63.551831969290525,114.28449986012718,131.1551310883084
2013-12-10 01:00:00,63.55183187348485,114.1602588671304,131.12677595038434
2013-12-10 02:00:00,63.55183183021257,112.96346071946452,130.79823813098992
2013-12-10 03:00:00,63.551831777069886,112.747328277604,131.13104523164534
2013-12-10 04:00:00,63.55183175231919,112.795316758655,132.0836749594782
2013-12-10 05:00:00,63.551831734186706,113.38851682062361,132.88869925330434
2013-12-10 06:00:00,63.55183173227171,114.3800806723353,133.58298549024633
2013-12-10 07:00:00,63.551831731799396,106.93435201836161,132.5857282702286
2013-12-10 08:00:00,63.55183170157106,96.24780430455107,112.96384878959904
2013-12-10 09:00:00,63.55183131440532,70.90337273382588,100.2697342089681
2013-12-10 10:00:00,63.55183061569971,67.94897611698461,88.3759301811655
2013-12-10 11:00:00,63.55183065527488,67.9489759001018,92.35036535346146
2013-12-10 12:00:00,63.55183065194953,70.6289809865562,106.02215401202258
2013-12-10 13:00:00,63.551831504816484,77.15961794475922,115.15491264596272
2013-12-10 14:00:00,63.5518316810191,87.88905803903005,138.09421302412662
2013-12-10 15:00:00,63.55183182251259,128.14473594750936,143.8524921830155
2013-12-10 16:00:00,63.55183176376262,125.59466898993895,141.48518976587246
2013-12-10 17:00:00,63.55183167096853,123.71832619237219,140.31712904735477
2013-12-10 18:00:00,63.551831685752894,123.71829081829594,140.3186404469956
2013-12-10 19:00:00,63.55183166490494,123.71829020879062,140.31924913042454
2013-12-10 20:00:00,63.55183166732238,123.71828887345596,140.258766312833
2013-12-10 21:00:00,63.55183163821657,123.71828772294944,140.28101748564674
2013-12-10 22:00:00,63.55183165110238,123.71828833767908,140.07754658966437
2013-12-10 23:00:00,63.55183163419063,123.71828844900094,140.07752410307134
2013-12-11 00:00:00,63.55183164617739,123.71828779004922,140.07753331778233
2013-12-11 01:00:00,63.55183171827775,123.718292706466,140.11751809249208
2013-12-11 02:00:00,63.551832492894285,123.71828952152165,140.5672757304536
2013-12-11 03:00:00,63.551839757604924,123.71828839627382,141.83526281709462
2013-12-11 04:00:00,65.60045842650037,123.71828472893088,143.60796821199514
2013-12-11 05:00:00,65.60045857994983,123.7182903150583,144.45488270956932
2013-12-11 06:00:00,65.60046123402834,123.71829922771876,145.5858859898562
2013-12-11 07:00:00,69.4559723473106,102.02697601880556,146.22106971557213
2013-12-11 08:00:00,65.6004593581223,83.91408126010275,138.4392437824442
2013-12-11 09:00:00,63.55183147280399,67.94899069275152,137.05640364472498
2013-12-11 10:00:00,63.55183140088029,67.94897631299847,135.93601938604044
2013-12-11 11:00:00,63.55183130889818,67.94897607180823,135.93347015333003
2013-12-11 12:00:00,63.551831241858075,67.94897909288439,137.40853694819566
2013-12-11 13:00:00,63.55183122836979,73.09420147260099,141.605088850013
2013-12-11 14:00:00,63.55183126208682,83.91408019128332,149.3285950486644
2013-12-11 15:00:00,63.55183135951881,99.14267481809821,150.67506824287648
2013-12-11 16:00:00,63.551831212437406,98.95048721386503,150.77583686022527
2013-12-11 17:00:00,63.551831030055126,98.77787132546737,151.1122375832802
2013-12-11 18:00:00,63.551830875504564,98.77782942619147,150.64957222414824
2013-12-11 19:00:00,63.55183061890855,96.968548236022,148.28057785811666
2013-12-11 20:00:00,63.55183025683666,96.37810451825224,147.25560790008979
2013-12-11 21:00:00,63.551829826458615,91.58843596357154,143.89253963672735
2013-12-11 22:00:00,63.55182941607504,92.4766624272565,144.02911334172774
2013-12-11 23:00:00,63.55182897281199,91.58837974064501,142.88278135676222
2013-12-12 00:00:00,63.551828586396056,91.58837699726946,142.8827765325508
2013-12-12 01:00:00,63.55182822408459,91.58837653900751,142.88277642604453
2013-12-12 02:00:00,63.551827832127366,91.58837587429598,142.88277733520022
2013-12-12 03:00:00,63.551827325195774,91.58837519281745,142.88282997092855
2013-12-12 04:00:00,63.55182660943268,91.58837500881533,143.57737715902795
2013-12-12 05:00:00,63.551825499962355,91.5883751048954,144.3173121090485
2013-12-12 06:00:00,63.551823156122886,91.58837429666131,144.2311295458944
2013-12-12 07:00:00,62.35731853615355,91.58837303895893,133.71530297974593
2013-12-12 08:00:00,62.357315467686796,91.58837324971478,123.34677592808262
2013-12-12 09:00:00,62.35731115141488,74.20862601818035,108.84206937794127
2013-12-12 10:00:00,62.35731437141713,91.5883744132435,126.38571179195183
2013-12-12 11:00:00,62.35731113259869,72.07347072277717,106.44830937003383
2013-12-12 12:00:00,62.357311214150954,72.78529860638686,112.14416198442359
2013-12-12 13:00:00,62.35731183114262,77.42869649124165,115.51348614803742
2013-12-12 14:00:00,62.35731341769753,91.58837557395243,120.64091753106658
2013-12-12 15:00:00,62.357313512414315,99.28733627327533,122.57307059211095
2013-12-12 16:00:00,62.3573133521255,98.77778575381245,122.44930005757989
2013-12-12 17:00:00,62.35731318519254,91.58837732665327,116.01038141374906
2013-12-12 18:00:00,62.35731302540932,91.5883944518449,116.02719264279109
2013-12-12 19:00:00,62.3573128852843,91.58838869507557,116.04763455640558
2013-12-12 20:00:00,62.357312693185285,91.58765320711862,116.04748052278772
2013-12-12 21:00:00,62.357312566661115,91.58838864369395,116.04763207303894
2013-12-12 22:00:00,62.35731274892746,91.58838436723512,116.04791646564368
2013-12-12 23:00:00,62.35731267842549,91.58837357721352,116.04763223990594
2013-12-13 00:00:00,62.35731260364083,91.58837717287221,116.0476283516808
2013-12-13 01:00:00,62.357312565052396,91.58837931117691,116.04763344553587
2013-12-13 02:00:00,62.357312521259615,91.58839019331002,116.0479243271594
2013-12-13 03:00:00,62.35731245448699,92.58057528686845,120.55361195292775
2013-12-13 04:00:00,62.3573123538465,93.64488760016614,122.2031504512082
2013-12-13 05:00:00,62.35731226715138,98.77777257113414,126.61549641466955
2013-12-13 06:00:00,62.35731218741301,98.77777684961517,129.69527736245263
2013-12-13 07:00:00,62.35731212167507,90.51133871177204,130.01076432786084
2013-12-13 08:00:00,62.35731197131996,90.51133190614655,114.80772938604231
2013-12-13 09:00:00,62.35731127390458,70.48982215076848,106.92758599693869
2013-12-13 10:00:00,62.3573104997746,64.38693017265614,106.8937589902421
2013-12-13 11:00:00,62.357309896048065,63.03636958546588,105.87802382919769
2013-12-13 12:00:00,62.35730975465976,63.61773889249642,110.2284865237925
2013-12-13 13:00:00,62.35731073711069,69.02812258259307,118.78859696402138
2013-12-13 14:00:00,62.357311371957486,74.58641485270434,132.6947672997903
2013-12-13 15:00:00,62.357311376654735,81.79166070056105,133.64312847162097
2013-12-13 16:00:00,62.35731128975884,76.57435202342661,133.4008563741041
2013-12-13 17:00:00,62.35731116709078,75.69403762644757,133.26709993156763
2013-12-13 18:00:00,62.35731104638684,75.66468921206248,133.173554740428
2013-12-13 19:00:00,62.357310895115596,74.70392592512482,133.10221111355767
2013-12-13 20:00:00,62.35731071236268,74.7056692683606,132.93657850310817
2013-12-13 21:00:00,62.35731043524303,74.58641452310286,124.27007972154476
2013-12-13 22:00:00,62.35731066539336,74.58641319738959,125.60957845663168
2013-12-13 23:00:00,62.35731028701157,74.58641220566581,123.80215820206386
2013-12-14 00:00:00,62.35730988789897,74.5864128075225,123.80215596442912
2013-12-14 01:00:00,62.35730987078502,74.58641083830942,123.8015865678884
2013-12-14 02:00:00,62.35731011668748,74.58641140207193,123.8021501896052
2013-12-14 03:00:00,62.35731038261253,74.58641222843622,123.74390196903325
2013-12-14 04:00:00,62.35731039390079,74.58641246246584,121.65312316384805
2013-12-14 05:00:00,62.35731035291496,74.58641286822547,121.64087384518538
2013-12-14 06:00:00,62.35731028195103,74.58641675606569,124.19831952667201
2013-12-14 07:00:00,49.05616203050727,35.0536643500522,94.62275071263285
2013-12-14 08:00:00,49.05616200411067,35.05366235417848,86.50436883463344
2013-12-14 09:00:00,49.056161810073434,29.66570820018451,82.48108488649038
2013-12-14 10:00:00,49.0561618106296,29.66569870959711,82.48108187636163
2013-12-14 11:00:00,49.056161348334314,29.66569537967821,82.48109798108005
2013-12-14 12:00:00,46.130413300975114,29.665695662685103,85.32124543579855
2013-12-14 13:00:00,48.442698738862994,29.66569596802672,88.31798686813718
2013-12-14 14:00:00,49.0561491088302,30.525224839721282,91.10601516246646
2013-12-14 15:00:00,49.05616164829822,35.05366446459904,93.29878457880287
2013-12-14 16:00:00,49.056160813350196,35.053664441097354,93.29882111655783
2013-12-14 17:00:00,40.53153085957713,35.053642094887635,90.4453312858136
2013-12-14 18:00:00,19.21759066599556,29.665694444485307,87.73281874237738
2013-12-14 19:00:00,4.337564171631202,22.7285232798759,85.06902145568048
2013-12-14 20:00:00,4.325904891665795,18.827768503391933,82.76744989997975
2013-12-14 21:00:00,4.325904400856223,6.837988402258528,66.66976695081826
2013-12-14 22:00:00,4.325904147769287,6.837987294790568,64.25742168998393
2013-12-14 23:00:00,4.325904132874857,6.837987221822112,64.25499847530646
2013-12-15 00:00:00,4.325904130457495,6.837987258932125,64.25499652796343
2013-12-15 01:00:00,4.325904128865087,6.837987317174887,64.2549951648493
2013-12-15 02:00:00,4.325904150919548,6.8379873658591395,64.25490249261487
2013-12-15 03:00:00,4.325904131077381,6.8379875176825875,64.2549667795198
2013-12-15 04:00:00,4.325904196508263,6.849473747963898,63.08540795009008
2013-12-15 05:00:00,4.325904181632607,9.109855916054633,57.859326544155245
2013-12-15 06:00:00,4.325904333122541,20.228509440575838,59.848331427328795
2013-12-15 07:00:00,4.325904428480225,23.41314262011644,41.306242522529494
2013-12-15 08:00:00,4.325904748227925,20.2347429623493,39.24893145095825
2013-12-15 09:00:00,4.325905519497437,6.849471345260835,30.772458462082184
2013-12-15 10:00:00,9.155306480234952,11.869934846739556,20.250252032452405
2013-12-15 11:00:00,7.87365006573547,10.529856857882262,20.278492954674253
2013-12-15 12:00:00,11.958261200896477,14.800638920486364,32.9400875381519
2013-12-15 13:00:00,19.24527887684426,26.635623690548524,42.55877983646711
2013-12-15 14:00:00,19.248744306517505,28.228097027492183,48.80110870043915
2013-12-15 15:00:00,19.25220925135403,28.850239286157883,57.594475683648334
2013-12-15 16:00:00,17.085334044832887,27.441107192362303,56.9011094182531
2013-12-15 17:00:00,13.276063847863394,24.963900567338808,56.78032500842567
2013-12-15 18:00:00,4.325905954432504,19.143531725519352,55.276861597657664
2013-12-15 19:00:00,4.32590430486634,6.83798853181848,49.73775309509768
2013-12-15 20:00:00,4.325904225673389,6.837988043982152,49.73774965040003
2013-12-15 21:00:00,4.325904188208981,6.837987752298616,49.735438053310055
2013-12-15 22:00:00,4.325904159566155,6.83798784160872,49.55585696582424
2013-12-15 23:00:00,4.325904164801927,6.8379877343325015,49.36390798905119
2013-12-16 00:00:00,4.325904172736156,6.83798769803178,49.36392990115607
2013-12-16 01:00:00,4.32590416634636,6.837987701755704,44.299887205040385
2013-12-16 02:00:00,4.325904161652324,6.8379877203727295,43.863225322076055
2013-12-16 03:00:00,4.32590415278623,6.837987740713635,44.016537088577444
2013-12-16 04:00:00,4.325904160419445,6.837987702065022,44.0695369785683
2013-12-16 05:00:00,4.325904168628987,6.83798773609428,44.43903681267018
2013-12-16 06:00:00,4.32590416259953,6.837987767933662,44.520989962312505
2013-12-16 07:00:00,4.325904175524104,6.837987612903298,35.84260906456621
2013-12-16 08:00:00,4.325904193378297,6.837985067603971,18.93524399437458
2013-12-16 09:00:00,4.325903907766393,6.825758495137738,13.333106628761348
2013-12-16 10:00:00,4.325903960810596,6.825758119114433,13.32899188997505
2013-12-16 11:00:00,4.32590392350939,6.825757933160063,13.32912500541096
2013-12-16 12:00:00,4.325904006176777,6.825758447335824,13.33310199119011
2013-12-16 13:00:00,4.325904118989687,7.8161922083759885,13.908268585029417
2013-12-16 14:00:00,4.325904437943424,29.033513651926228,37.32551377575944
2013-12-16 15:00:00,4.3259060163084335,57.444599831631265,57.97352441626652
2013-12-16 16:00:00,4.3259050925608795,60.3465852991029,58.539181708393045
2013-12-16 17:00:00,4.335865654260367,60.34661996745996,58.53918639379874
2013-12-16 18:00:00,19.34608041254138,61.540059778126434,58.66926858754015
2013-12-16 19:00:00,54.844714993314874,61.540096407175284,58.7718183047322
2013-12-16 20:00:00,61.516805978389,65.08904846661302,60.06729738616706
2013-12-16 21:00:00,62.357307944382804,65.08906317230546,62.048021420522055
2013-12-16 22:00:00,62.3573093950228,65.08906370443364,79.66854833978336
2013-12-16 23:00:00,62.35730942079666,65.08906365151948,79.69942928448837
2013-12-17 00:00:00,62.35730955161465,65.08906352489755,82.0841739542933
2013-12-17 01:00:00,62.357309514777626,65.08906348813437,83.51288719174694
2013-12-17 02:00:00,62.357309531429316,65.08906357073182,83.64823378241957
2013-12-17 03:00:00,62.357309500074265,65.08906382995251,84.09412385250884
2013-12-17 04:00:00,62.35730947768585,65.08906734142195,83.63953100173109
2013-12-17 05:00:00,62.35730953009587,65.49923326416307,84.27814849048036
2013-12-17 06:00:00,62.35731180500139,68.66583899085826,84.7123906779374
2013-12-17 07:00:00,64.75630766284861,70.36107385148047,83.60646594726062
2013-12-17 08:00:00,65.43737613933162,68.94828661146401,76.17986652168932
2013-12-17 09:00:00,63.95873559240192,65.39657853197627,73.5363946401738
2013-12-17 10:00:00,63.95873693721222,65.39657903018336,73.3787773788499
2013-12-17 11:00:00,63.95873458538705,65.39657384633779,73.37667348538966
2013-12-17 12:00:00,69.11778174655166,70.18905289810752,77.56005447066322
2013-12-17 13:00:00,79.5349407747464,78.7705921260365,82.48470631924899
2013-12-17 14:00:00,122.69846294163764,112.70468777682134,137.01459138253878
2013-12-17 15:00:00,122.69846733773912,112.70468814342118,152.2011091571011
2013-12-17 16:00:00,122.69847136833734,112.70468818361621,151.86106059246106
2013-12-17 17:00:00,122.69846696247505,112.70468800099253,152.03321429139032
2013-12-17 18:00:00,122.69846436854485,112.70468809773841,152.32481940657541
2013-12-17 19:00:00,122.69846389665355,112.7046879140396,152.51348130641065
2013-12-17 20:00:00,122.69846271191744,112.70468767836164,152.52460801795453
2013-12-17 21:00:00,80.0534198755227,92.56302548786505,151.651348157067
2013-12-17 22:00:00,62.35731073759748,77.25670295048077,151.15745908375536
2013-12-17 23:00:00,62.35730936241545,77.17943615718787,149.96885691134975
2013-12-18 00:00:00,62.35730923845301,68.36989838943859,137.7720770457207
2013-12-18 01:00:00,62.35730914382217,68.14880515809783,135.774289570057
2013-12-18 02:00:00,62.357309040956714,68.148860323925,135.86277195307002
2013-12-18 03:00:00,62.3573088095497,68.1488834002166,135.2692236697801
2013-12-18 04:00:00,62.357307826277406,68.12119275790596,132.2906672912725
2013-12-18 05:00:00,61.49286199950219,65.16979073435468,113.78188923054489
2013-12-18 06:00:00,61.24078982054245,65.11928580476004,113.53695053244168
2013-12-18 07:00:00,18.74311095107727,30.125879411239353,90.79025422817844
2013-12-18 08:00:00,13.276076704129096,28.722452429381043,75.7307004969126
2013-12-18 09:00:00,4.337568583182604,23.566151834029363,66.9434273344954
2013-12-18 10:00:00,19.493305856825298,28.430110827191122,64.66756453985532
2013-12-18 11:00:00,13.276071597113269,24.448311148998954,63.84264062410157
2013-12-18 12:00:00,13.276062967196122,23.56614420338305,68.57511517108972
2013-12-18 13:00:00,13.276064960598866,25.415098381069637,78.8516778711261
2013-12-18 14:00:00,19.50035355945834,29.16450644416348,81.79291126703467
2013-12-18 15:00:00,19.518365629245583,30.125849689336132,87.89015231014103
2013-12-18 16:00:00,19.514457153531676,26.583214726885657,87.79368513502753
2013-12-18 17:00:00,19.514451518280804,24.99708285357721,86.95350809778026
2013-12-18 18:00:00,4.3375612856375705,13.058409248076163,82.1631673100768
2013-12-18 19:00:00,4.3259053777555225,13.378444860512019,82.17403616651555
2013-12-18 20:00:00,4.325904522207763,6.8379896347065054,79.42710456151609
2013-12-18 21:00:00,4.325904324018055,6.837987742556978,78.51735583411076
2013-12-18 22:00:00,4.325904289229455,6.83798749956367,77.69695576686517
2013-12-18 23:00:00,4.325904267906146,6.837987089533345,73.80127638738091
2013-12-19 00:00:00,4.3259041753262135,6.837986711355115,73.38605793997509
2013-12-19 01:00:00,4.325904135961745,6.837986235873318,73.23622705478637
2013-12-19 02:00:00,4.325904131147935,6.83798582859363,71.5900581261871
2013-12-19 03:00:00,4.325904128949859,6.83798550511306,70.78721373359772
2013-12-19 04:00:00,4.325904122412597,6.837986519412207,70.20946190536223
2013-12-19 05:00:00,4.325904124778524,6.837987079647021,64.33257565228355
2013-12-19 06:00:00,4.325904210070937,6.837993139312748,64.3325906765444
2013-12-19 07:00:00,4.325904375736124,15.490035139767484,66.01905845495185
2013-12-19 08:00:00,4.325905323538782,17.632085945501803,61.14120543424471
2013-12-19 09:00:00,4.325904468113675,6.837987721849869,49.773341607932984
2013-12-19 10:00:00,4.334658758819743,6.837988315910382,48.777509907606785
2013-12-19 11:00:00,4.334622210041021,6.837987499953014,46.54424408919055
2013-12-19 12:00:00,4.325910116624263,6.837987866708335,49.669017917472324
2013-12-19 13:00:00,17.357911364395964,20.446403707907955,59.50568318543149
2013-12-19 14:00:00,42.08810568933383,52.317021681673324,89.00069068048259
2013-12-19 15:00:00,50.97785955429005,62.82544278504719,95.31976315781036
2013-12-19 16:00:00,50.97785963018365,63.020681555923005,97.3366790275902
2013-12-19 17:00:00,50.977859659841634,63.020682392856244,97.56201100735986
2013-12-19 18:00:00,50.97785961080162,62.87244687471389,97.92713524370751
2013-12-19 19:00:00,50.97785952060499,62.82545147009745,97.58713299721029
2013-12-19 20:00:00,50.977859260701166,60.352801574029684,97.07879879606745
2013-12-19 21:00:00,50.97785908357677,60.55500637698954,97.3447204535058
2013-12-19 22:00:00,50.08243290334084,58.991758815795976,97.38788787974383
2013-12-19 23:00:00,42.08810548932206,54.1867180750682,96.74560505744873
2013-12-20 00:00:00,42.08810282565703,53.170802308824605,97.36548370066222
2013-12-20 01:00:00,40.7782544773881,52.318984466814456,97.59948111029719
2013-12-20 02:00:00,40.77824969911452,52.318982502241894,97.70296658302607
2013-12-20 03:00:00,40.778180915668024,52.31897021344086,97.10768915226294
2013-12-20 04:00:00,40.778248670007414,52.31897923873265,95.44967339518043
2013-12-20 05:00:00,40.778272303554466,52.31898905720371,95.42644034095653
2013-12-20 06:00:00,42.08808588960634,53.170745733612264,95.79229001380608
2013-12-20 07:00:00,19.659751234912516,30.53985126933704,81.81347263865158
2013-12-20 08:00:00,19.65974696623273,28.46827580926884,78.29887927601587
2013-12-20 09:00:00,4.325904591645587,6.837987673207967,66.40984817784124
2013-12-20 10:00:00,4.32590435452448,6.837928499328988,60.455742881997175
2013-12-20 11:00:00,4.325904137892513,6.832971157440685,60.268559418841434
2013-12-20 12:00:00,4.32590416476211,6.835401925717054,61.0381296670372
2013-12-20 13:00:00,4.325904156387569,6.837987393072884,66.54717174901357
2013-12-20 14:00:00,4.325904293384463,6.837988719751663,69.23543788594715
2013-12-20 15:00:00,4.325920381595374,12.265921266128444,70.48155088407775
2013-12-20 16:00:00,4.337556545637359,12.398932535751516,70.47608706513704
2013-12-20 17:00:00,4.32590456975088,6.862941226904378,69.29910799611434
2013-12-20 18:00:00,4.325904376891419,6.8605125516978305,69.28804557219243
2013-12-20 19:00:00,4.325904219778745,6.837991642750242,69.28340434423173
2013-12-20 20:00:00,4.325904161281007,6.837988464669019,63.916686753356764
2013-12-20 21:00:00,4.325904141719511,6.837988090074315,63.916665023151104
2013-12-20 22:00:00,4.325904134265136,6.837987746391937,63.91490582881094
2013-12-20 23:00:00,4.32590412223304,6.837987598562266,63.91490170257363
2013-12-21 00:00:00,4.325904119624126,6.8379875855131385,63.914901065159754
2013-12-21 01:00:00,4.325904118685579,6.837987629712887,63.91490111518451
2013-12-21 02:00:00,4.32590411801816,6.837987610854447,63.91490115890021
2013-12-21 03:00:00,4.325904117901297,6.837987596957766,63.91490111299829
2013-12-21 04:00:00,4.325904117203424,6.837987578351197,63.914900827080935
2013-12-21 05:00:00,4.325904115818263,6.837987546172646,63.91490045215821
2013-12-21 06:00:00,4.325904112376192,6.837987462868568,63.91489998630122
2013-12-21 07:00:00,4.325904121412508,6.8379872828264086,36.43592895463071
2013-12-21 08:00:00,4.325904145357691,6.83547442757105,31.837387751982014
2013-12-21 09:00:00,4.325904121411787,6.833002612823614,27.796432007940574
2013-12-21 10:00:00,4.3259037931452475,6.825759925372349,20.465150292986554
2013-12-21 11:00:00,4.325903819680318,6.82575894257792,19.9287100888716
2013-12-21 12:00:00,4.325903945917438,6.825795563724872,19.691381026481828
2013-12-21 13:00:00,4.325904111959306,6.83540027918239,31.333760826706126
2013-12-21 14:00:00,4.325904101785569,6.837928675876519,32.57990709025937
2013-12-21 15:00:00,4.325904114231127,6.837987251040245,34.67579436904178
2013-12-21 16:00:00,4.325904127790039,6.837987112276701,34.675795709037345
2013-12-21 17:00:00,4.3259041305472445,6.837987014952624,34.6757979382478
2013-12-21 18:00:00,4.325904118054605,6.837986848149671,34.6757931096143
2013-12-21 19:00:00,4.325904187610145,6.837983560165816,34.67579387176705
2013-12-21 20:00:00,4.325904127848341,6.8359864984828365,34.67517840097848
2013-12-21 21:00:00,4.325904299267137,6.835455855269729,34.67501681597464
2013-12-21 22:00:00,4.325904144381058,6.835446018134705,34.67499635555692
2013-12-21 23:00:00,4.3259041488321754,6.835476477562409,33.511108184749006
2013-12-22 00:00:00,4.325904146892659,6.835424529422255,33.51109479067288
2013-12-22 01:00:00,4.3259041467420385,6.835427048569776,33.51109476467751
2013-12-22 02:00:00,4.3259041468202515,6.835442269012678,33.51109795085924
2013-12-22 03:00:00,4.325904148809442,6.835463986093238,33.51110254493541
2013-12-22 04:00:00,4.325904151265668,6.835564395720627,33.511125961455235
2013-12-22 05:00:00,4.325904158834911,6.837986205250058,33.51165046215788
2013-12-22 06:00:00,4.325904163641058,6.837986837522154,33.51894489354822
2013-12-22 07:00:00,4.325904151334425,6.837986968580659,29.803190852546138
2013-12-22 08:00:00,4.325904173872795,6.835454346341593,26.935280566995424
2013-12-22 09:00:00,4.325904114837366,6.835400111723023,24.86692148112059
2013-12-22 10:00:00,4.325904031529223,6.825763582310374,14.9889109792127
2013-12-22 11:00:00,4.325903854742964,6.825766706738956,14.999157010064774
2013-12-22 12:00:00,4.325904055955367,6.832964417540044,16.35766802455276
2013-12-22 13:00:00,4.325904081147515,6.832960498152655,26.26176633968211
2013-12-22 14:00:00,4.325904125376945,6.835402441494773,27.46596222566744
2013-12-22 15:00:00,4.3259041468724675,6.8354541002045845,29.53408105762918
2013-12-22 16:00:00,4.325904150130903,6.835486841898454,29.688536271574293
2013-12-22 17:00:00,4.325904184685952,6.835495093451551,29.689255961088314
2013-12-22 18:00:00,4.3259042134552566,6.837977448644349,29.689722739438466
2013-12-22 19:00:00,4.325904246154489,6.83798526639887,29.689298276830293
2013-12-22 20:00:00,4.325904240135426,6.837986851907584,29.689273046476508
2013-12-22 21:00:00,4.325904196266726,6.837986972081658,29.552475034051113
2013-12-22 22:00:00,4.325904265111696,6.837987662454745,28.51666071307649
2013-12-22 23:00:00,4.325904275927014,6.837987831958875,28.51628770290933
2013-12-23 00:00:00,4.3259042910728835,6.837987916471355,28.518128642577764
2013-12-23 01:00:00,4.325904365283877,6.8379878902649684,28.518129904711635
2013-12-23 02:00:00,4.325904594687307,6.837988168699502,28.51813306396891
2013-12-23 03:00:00,4.32590548181474,6.837988646939548,28.658758911172445
2013-12-23 04:00:00,4.3358640265721275,6.837988638235716,29.225875425887484
2013-12-23 05:00:00,4.335866037405683,6.8379895468829295,29.505343300759762
2013-12-23 06:00:00,4.335865947878642,6.8379936852566345,29.668889165305373
2013-12-23 07:00:00,4.325907044196189,6.83877621557188,28.528009827508725
2013-12-23 08:00:00,4.325904765696917,6.83798827532462,26.48783288535067
2013-12-23 09:00:00,4.325904110838239,6.835400085376609,13.80262065580272
2013-12-23 10:00:00,4.325904057093005,6.82575916370219,14.287226064958741
2013-12-23 11:00:00,4.325904026755098,6.825760286428669,13.391993068531667
2013-12-23 12:00:00,4.325904158867361,6.825759572491381,13.49745775439558
2013-12-23 13:00:00,4.32590409723324,6.8379870935515665,13.338346912560871
2013-12-23 14:00:00,4.325904104979049,6.8379868932877566,27.718650657825002
2013-12-23 15:00:00,4.325904172594391,6.837987616028527,30.695757888471242
2013-12-23 16:00:00,12.33907949490353,14.690083848468323,31.890834261872
2013-12-23 17:00:00,19.9581257515018,18.176135796641287,33.757746328404366
2013-12-23 18:00:00,20.69371477060591,18.512700067292183,33.93835935180561
2013-12-23 19:00:00,23.284463893758392,19.69806596456955,37.006144782475914
2013-12-23 20:00:00,23.654467515526104,19.867372071329463,36.9476281328052
2013-12-23 21:00:00,19.958134544893927,18.17614165997874,36.416262763856096
2013-12-23 22:00:00,4.335878719225956,11.05780358202627,28.76974586867812
2013-12-23 23:00:00,4.325904422914508,6.837987824640915,27.48390252948723
2013-12-24 00:00:00,4.337565334090508,6.83799434824915,27.48513886271455
2013-12-24 01:00:00,18.443514458371457,17.487867811201152,30.468540174162747
2013-12-24 02:00:00,19.972671642975484,18.31965608368978,30.83099399226873
2013-12-24 03:00:00,23.71076774843539,19.893138116624915,31.700211885532376
2013-12-24 04:00:00,23.710769614243894,19.893138173157226,31.668657576126478
2013-12-24 05:00:00,23.710770298979934,19.89313869704587,33.903886681499635
2013-12-24 06:00:00,23.710651985419915,19.893084947998567,33.9032614513281
2013-12-24 07:00:00,20.00176094745771,18.238303937074097,31.592133061556737
2013-12-24 08:00:00,4.350896343971335,6.846541142485529,24.054959000817377
2013-12-24 09:00:00,4.325904170330252,6.837987887780169,13.590871268795057
2013-12-24 10:00:00,4.325904028622117,6.836334661860266,13.672110476851495
2013-12-24 11:00:00,4.3259040482865,6.836332329585665,13.376383455967332
2013-12-24 12:00:00,4.325904053511899,6.836332701192743,13.551274465826626
2013-12-24 13:00:00,4.325904085122269,6.837967974584017,16.23270275719826
2013-12-24 14:00:00,4.325904087604516,6.837974222947739,27.154550650489945
2013-12-24 15:00:00,4.32590408715501,6.837986217965893,31.551893374613847
2013-12-24 16:00:00,4.325904093709667,6.8379867819753395,31.561206127705397
2013-12-24 17:00:00,4.3259041148192585,6.837987285015566,31.55853066401852
2013-12-24 18:00:00,4.325904424335053,6.8379873016436035,31.558611719247295
2013-12-24 19:00:00,4.329021578889149,6.837988105888443,31.557953292359187
2013-12-24 20:00:00,4.33586647840302,6.837990492915453,31.560091062871905
2013-12-24 21:00:00,4.349840472147796,6.845428141932103,31.564546632687623
2013-12-24 22:00:00,12.568987360302685,15.439202823937642,33.3232232269166
2013-12-24 23:00:00,12.5690473871399,15.439262284207521,33.32323406726124
2013-12-25 00:00:00,13.276066789823691,15.820661562850841,33.51186548057113
2013-12-25 01:00:00,13.27606992768489,15.820663702536224,33.51186522433555
2013-12-25 02:00:00,12.569062548278911,15.43927839365026,33.33118801347763
2013-12-25 03:00:00,13.276064199150493,15.789038090378863,36.68243291822124
2013-12-25 04:00:00,13.173654084772487,15.771391844357273,36.7699454498252
2013-12-25 05:00:00,12.75643235225483,15.771395394333137,36.80685503949243
2013-12-25 06:00:00,13.059498479746928,16.071339912926213,37.22517752463233
2013-12-25 07:00:00,12.71965354946813,21.93718369527657,36.9847999146665
2013-12-25 08:00:00,13.27606438872467,21.93718258791214,36.58106475165791
2013-12-25 09:00:00,4.325904683853723,16.071333040139784,35.33172664425937
2013-12-25 10:00:00,4.325904417613389,6.849377041824541,32.22729799306918
2013-12-25 11:00:00,4.325914227154692,16.071334857716792,37.17154394102012
2013-12-25 12:00:00,4.3259106373355065,23.895799560518732,41.13974772075095
2013-12-25 13:00:00,4.3358850168193666,54.43120936784156,60.07389331747568
2013-12-25 14:00:00,20.104008819302784,65.08905901843356,72.9304075900395
2013-12-25 15:00:00,58.99999901196204,65.5083487894357,76.74630796088469
2013-12-25 16:00:00,61.656785744487806,65.50834877309575,77.19058101286994
2013-12-25 17:00:00,61.94711271649794,65.50834922939787,79.08713678325424
2013-12-25 18:00:00,62.2095367045298,65.5293713571494,79.57584346868238
2013-12-25 19:00:00,62.35730843589144,65.5546525690563,81.30858706255998
2013-12-25 20:00:00,62.35730851549833,65.62824644973804,82.13919955002126
2013-12-25 21:00:00,62.35730858476393,66.09316047475194,83.09409950738225
2013-12-25 22:00:00,62.357308622368386,66.33445162398915,84.84736056051125
2013-12-25 23:00:00,62.35730881051862,70.23677564439647,85.44538094400285
2013-12-26 00:00:00,64.36008609497978,70.7988111024135,85.69673068248683
2013-12-26 01:00:00,69.66331122499776,73.30427322126963,85.33724116778401
2013-12-26 02:00:00,70.50944710567256,72.9851924566302,85.3684934245255
2013-12-26 03:00:00,71.32371989327262,73.5761440945917,85.88778042336835
2013-12-26 04:00:00,73.20255218505781,76.80227281667452,86.79152451959693
2013-12-26 05:00:00,74.35874409910228,78.50247960686747,87.51051654045877
2013-12-26 06:00:00,75.13672805071987,79.30384890222555,88.46815012555254
2013-12-26 07:00:00,69.30258341402022,76.80227595090213,88.43257010062175
2013-12-26 08:00:00,69.30258326637214,76.92623961945463,88.09008033310998
2013-12-26 09:00:00,67.85889012413298,65.52183611837481,85.03753806679701
2013-12-26 10:00:00,65.57011893976667,65.08906758010583,85.01887306017234
2013-12-26 11:00:00,65.5701696917392,65.08906320464884,84.96490712681577
2013-12-26 12:00:00,65.57009412470872,65.08906354227383,84.96438785560517
2013-12-26 13:00:00,65.57010101627866,65.08906390708222,84.98376168692891
2013-12-26 14:00:00,65.57009797078945,65.7497584762893,86.63134604542967
2013-12-26 15:00:00,65.57009343205127,73.34514519590469,88.23605013587479
2013-12-26 16:00:00,62.631609458148866,70.84593958536384,88.42052109333295
2013-12-26 17:00:00,62.35730926213429,70.56589126375225,88.4344757289774
2013-12-26 18:00:00,62.357308771867864,69.59940928430264,88.65120580514984
2013-12-26 19:00:00,62.35730869075576,65.08906752235112,89.35816229989263
2013-12-26 20:00:00,62.357308534569334,65.08906895980272,89.35605354055885
2013-12-26 21:00:00,62.357307677890915,65.08906333931206,84.87708162257394
2013-12-26 22:00:00,58.90360015179331,54.49742725492126,81.79660063127851
2013-12-26 23:00:00,56.931129019963514,48.76079144116146,81.2626601070148
2013-12-27 00:00:00,55.365927948803986,43.53484059391492,81.41867126417127
2013-12-27 01:00:00,53.92065117951818,42.75355380883313,80.88148636436725
2013-12-27 02:00:00,4.337562071530357,19.551601331073087,80.37284844322154
2013-12-27 03:00:00,4.325904458734062,19.50426219842515,80.22292479214408
2013-12-27 04:00:00,4.325904236590282,6.837996881137025,58.83669792883399
2013-12-27 05:00:00,4.325904222302423,6.837987527419847,56.48840094674187
2013-12-27 06:00:00,4.325904182719299,6.837987490227118,53.88901947737225
2013-12-27 07:00:00,4.337551528869555,6.837987554988795,31.541311619412184
2013-12-27 08:00:00,4.345584790847799,6.837997373515371,25.150549236563847
2013-12-27 09:00:00,4.326633805306164,6.835404705686597,13.329071225949386
2013-12-27 10:00:00,4.325904511676875,6.835402694496643,13.329063006322832
2013-12-27 11:00:00,4.325904134742901,6.835447859583853,13.328940572939363
2013-12-27 12:00:00,4.325904172926197,6.835403757340268,13.331289234881686
2013-12-27 13:00:00,4.334747620893759,6.8379872126582955,17.446414963333066
2013-12-27 14:00:00,4.33465363497832,6.8379871300001,25.27390888326398
2013-12-27 15:00:00,4.325904148644047,6.837986786562468,30.85127633173431
2013-12-27 16:00:00,4.325904163210538,6.837986929185658,30.851277915355
2013-12-27 17:00:00,4.325904178857074,6.837986988449639,30.87359277140981
2013-12-27 18:00:00,4.3259042106982735,6.837987094021666,30.87359653093221
2013-12-27 19:00:00,4.3259042241740335,6.837986852418807,30.873589690071483
2013-12-27 20:00:00,4.325904278856479,6.837987066221069,30.87356143112781
2013-12-27 21:00:00,4.325904510641438,6.83798734447165,30.70894376073042
2013-12-27 22:00:00,4.334648935552876,6.837987658947002,30.65077823774007
2013-12-27 23:00:00,4.335864941523262,6.837987792633751,30.650701573280664
2013-12-28 00:00:00,4.335866121979839,6.837987923135417,30.650695254838226
2013-12-28 01:00:00,4.335866640153361,6.837988111325545,30.65069607114914
2013-12-28 02:00:00,4.337563844274536,6.837988724872269,30.651240039259037
2013-12-28 03:00:00,12.5808812035371,15.451642703389245,32.420456508309464
2013-12-28 04:00:00,20.33276076696146,26.05293476742472,34.596678499730174
2013-12-28 05:00:00,20.336497947156275,26.054840728612348,35.36752377529103
2013-12-28 06:00:00,20.34021230400888,26.072624810810417,37.6741692145204
2013-12-28 07:00:00,20.343936360525557,26.178927929715876,39.2188686734127
2013-12-28 08:00:00,20.347656846278365,29.510537487548675,36.09827127307784
2013-12-28 09:00:00,15.683218702886201,21.23208404177973,27.706264688170364
2013-12-28 10:00:00,4.325909057572342,16.186995206475398,23.017225458420132
2013-12-28 11:00:00,4.325904911238104,15.395466830375545,21.889060108707305
2013-12-28 12:00:00,4.325904674479804,21.150379194256978,30.618322103530872
2013-12-28 13:00:00,20.366224499444066,31.40828423056166,41.468741802902045
2013-12-28 14:00:00,43.60433836967885,48.94476003388455,56.41301180744154
2013-12-28 15:00:00,51.097875020509846,57.52208972854481,65.31057783187558
2013-12-28 16:00:00,53.084914306146615,58.78817235278042,65.73259774551939
2013-12-28 17:00:00,53.1498669860587,58.85733154796837,66.4091144817505
2013-12-28 18:00:00,53.304130906251366,58.857397696121325,67.0168685568237
2013-12-28 19:00:00,52.65434013118994,58.85739734421138,67.35052267872048
2013-12-28 20:00:00,52.654560331579624,58.85739683140798,67.36564692576628
2013-12-28 21:00:00,53.06985957011761,58.85738633828967,67.39637927367977
2013-12-28 22:00:00,53.304128677667755,58.7509733022564,66.66629468818927
2013-12-28 23:00:00,53.304132409716054,58.85737787858842,66.42580745061969
2013-12-29 00:00:00,53.30412861099079,58.723188776566346,66.5112957946909
2013-12-29 01:00:00,51.98221110954697,57.546131275062436,65.9818817790816
2013-12-29 02:00:00,50.93401916526367,56.49694693980976,65.03980875054037
2013-12-29 03:00:00,51.19991074771353,56.34795767850041,64.43676454531108
2013-12-29 04:00:00,51.19991710320248,56.36199093298994,64.44888592787494
2013-12-29 05:00:00,51.137844217862096,56.30508102730151,64.48030812166444
2013-12-29 06:00:00,50.94477125428531,55.56415404536651,63.14955088970539
2013-12-29 07:00:00,24.26680801522483,39.41971259967448,51.77209226502903
2013-12-29 08:00:00,22.59162509163295,32.48570495168197,45.760654500504906
2013-12-29 09:00:00,20.45215109439656,30.23382061297969,41.95960600655586
2013-12-29 10:00:00,17.78581171903596,29.76779489238995,41.52142592521634
2013-12-29 11:00:00,13.276063314406567,27.75298442786192,38.711901467851455
2013-12-29 12:00:00,13.27608184743903,27.751122741518973,40.12856858911245
2013-12-29 13:00:00,19.44487238092693,29.76779153436364,42.54971806023931
2013-12-29 14:00:00,20.460489745011024,31.369611497112217,46.80987226170663
2013-12-29 15:00:00,23.46682812742229,34.747155090046235,50.85778562386548
2013-12-29 16:00:00,23.461869301146336,34.747147365147946,51.047898447757866
2013-12-29 17:00:00,23.538901632510548,33.88026655876037,50.7071085737518
2013-12-29 18:00:00,20.50469163307654,32.41108975756961,49.77655696839254
2013-12-29 19:00:00,20.50465899806086,31.74156693751046,49.49914245869045
2013-12-29 20:00:00,20.50465933361223,31.625895221145512,45.10882186956316
2013-12-29 21:00:00,20.73722228260255,31.62589512064365,45.11104957009979
2013-12-29 22:00:00,20.504656356215317,31.625893319381564,48.82898741028213
2013-12-29 23:00:00,20.5046561543893,31.62589360886676,48.80360461775957
2013-12-30 00:00:00,20.504655876249565,31.625892153106772,48.804679106343364
2013-12-30 01:00:00,20.504655853463248,31.625886887001364,48.807067489367505
2013-12-30 02:00:00,20.50465604490565,31.112560183215113,49.845927927600535
2013-12-30 03:00:00,20.5046683088657,25.773433793790247,49.111297431520384
2013-12-30 04:00:00,13.276066356677358,22.198136153651284,48.90653549766375
2013-12-30 05:00:00,5.643319502329317,16.907441606148154,49.3215132893831
2013-12-30 06:00:00,4.325913417450762,14.148541979391284,48.736688263795756
2013-12-30 07:00:00,4.325905773306403,10.224209142047869,42.18637242231136
2013-12-30 08:00:00,4.325904497728316,6.848598621798437,31.454845501503392
2013-12-30 09:00:00,4.325904035183469,6.825761320320663,17.336467059015675
2013-12-30 10:00:00,4.32590404393785,6.825813333155315,13.975385106788982
2013-12-30 11:00:00,4.32590405246871,6.8257594344085035,14.52221788090068
2013-12-30 12:00:00,4.325904060451726,6.825763647642174,13.7962326317009
2013-12-30 13:00:00,4.325904135031176,6.837363961665774,17.329131406688077
2013-12-30 14:00:00,4.325904129195124,6.837987347617238,35.54505560093434
2013-12-30 15:00:00,4.325904242598282,6.83798884399589,40.821255583353015
2013-12-30 16:00:00,4.3375664753793295,6.837989070582131,39.852004140797106
2013-12-30 17:00:00,16.701727499479396,20.23609461922767,41.67591343652295
2013-12-30 18:00:00,4.325904342912325,19.15449437955842,41.54586197927883
2013-12-30 19:00:00,4.325904353488128,21.44235202402515,41.99215295832066
2013-12-30 20:00:00,4.32590440562079,22.013593552831498,42.02290736683571
2013-12-30 21:00:00,4.325904615263629,22.41448369641953,41.9814390683899
2013-12-30 22:00:00,4.335864731505735,22.418091558857743,41.98566301164645
2013-12-30 23:00:00,4.3358690216362925,21.779145476501142,41.84279695672063
2013-12-31 00:00:00,12.308768138998992,22.500965756577756,41.878514122834034
2013-12-31 01:00:00,18.952176470311663,25.786701780756516,42.44020632948453
2013-12-31 02:00:00,19.943653146630133,25.908359551826546,48.36896384721284
2013-12-31 03:00:00,20.564866748081833,26.215609431803042,49.21122968878903
2013-12-31 04:00:00,20.60258706475866,26.2988521654686,50.65731972069824
2013-12-31 05:00:00,20.60639002629464,24.71609871259898,50.97742944032681
2013-12-31 06:00:00,20.610169419430576,24.322294710110633,50.98001972160967
2013-12-31 07:00:00,19.45477256910394,21.76693745330169,48.95234845383424
2013-12-31 08:00:00,18.244003368882137,21.168632618304667,44.52857482106694
2013-12-31 09:00:00,4.325904499838139,6.83799107039022,16.539891053236722
2013-12-31 10:00:00,4.325904380230415,6.837985321075154,13.348632591952716
2013-12-31 11:00:00,4.325904249407645,6.837988022483592,13.606388014995382
2013-12-31 12:00:00,4.325904324663357,6.837995150619305,18.88216489792891
2013-12-31 13:00:00,4.325904612151021,13.212800016264428,32.255671194310615
2013-12-31 14:00:00,12.983881918240158,17.07327081088941,41.90059258377813
2013-12-31 15:00:00,18.78933841233046,22.490625842603574,48.703930940730146
2013-12-31 16:00:00,13.786431718515274,22.490654017541587,48.298853264766784
2013-12-31 17:00:00,13.276069752738174,21.826426569561846,47.763088532640005
2013-12-31 18:00:00,12.736555157311141,21.475506334149358,47.428141082307
2013-12-31 19:00:00,4.325904825991339,6.848602535770676,41.00835485665445
2013-12-31 20:00:00,4.32590443629989,6.8379896055346485,40.64354143001326
2013-12-31 21:00:00,4.325904595611411,6.837991108305489,40.64351949048321
2013-12-31 22:00:00,4.33757379272906,16.013558223351765,42.635314589882746
2013-12-31 23:00:00,12.196185912253476,17.7993194294185,44.96534068926026
